paper_uid,author_seq,name_key,affil_source,affil_best,toyota_org,toyota_core,n_toyota_orgs,sectors,is_university,is_company,is_government,is_hospital,is_toyota
025329be2f96,1,murata|k,scopus,University of Tsukuba,,False,0,university,True,False,False,False,False
025329be2f96,2,shigemori|y,scopus,"IMRA Japan Co., Ltd.",IMRA Japan,True,1,company,False,True,False,False,True
025329be2f96,3,tsujimura|s,scopus,University of Tsukuba,,False,0,university,True,False,False,False,False
070b47e118ec,1,chandrasekharam|m,scopus,Indian Institute of Chemical Technology,,False,0,other,False,False,False,False,False
070b47e118ec,2,rajkumar|g,scopus,"IMRA Japan Co., Ltd.",IMRA Japan,True,1,company,False,True,False,False,True
070b47e118ec,3,rao|c,scopus,Indian Institute of Chemical Technology,,False,0,other,False,False,False,False,False
070b47e118ec,4,reddy|p,scopus,"IMRA Japan Co., Ltd.",IMRA Japan,True,1,company,False,True,False,False,True
070b47e118ec,5,kantam|m,scopus,Indian Institute of Chemical Technology,,False,0,other,False,False,False,False,False
0cb5ea330cbb,1,sayed|m,scopus,The Graduate University for Advanced Studies,,False,0,university,True,False,False,False,False
0cb5ea330cbb,2,uno|h,scopus,The Graduate University for Advanced Studies,,False,0,university,True,False,False,False,False
0cb5ea330cbb,3,harada|k,scopus,Kyushu University,,False,0,university,True,False,False,False,False
0cb5ea330cbb,4,tanaka|k,scopus,Kyushu University,,False,0,university,True,False,False,False,False
0cb5ea330cbb,5,kim|y,scopus,National Institutes of Natural Sciences - Institute for Molecular Science,,False,0,government,False,False,True,False,False
0cb5ea330cbb,6,nakaoki|y,scopus,"IMRA Japan Co., Ltd.",IMRA Japan,True,1,company,False,True,False,False,True
0cb5ea330cbb,7,okumura|k,scopus,"IMRA Japan Co., Ltd.",IMRA Japan,True,1,company,False,True,False,False,True
0cb5ea330cbb,8,tero|r,scopus,The Graduate University for Advanced Studies; National Institutes of Natural Sciences - Institute for Molecular Science,,False,0,university|government,True,False,True,False,False
0cb5ea330cbb,9,urisu|t,scopus,The Graduate University for Advanced Studies; National Institutes of Natural Sciences - Institute for Molecular Science,,False,0,university|government,True,False,True,False,False
12a9a39144c1,1,nakamura|t,scopus,Graduate School of Engineering,,False,0,university,True,False,False,False,False
12a9a39144c1,2,yoshikawa|m,scopus,"IMRA Japan Co., Ltd.",IMRA Japan,True,1,company,False,True,False,False,True
12a9a39144c1,3,terazawa|t,scopus,"IMRA Japan Co., Ltd.",IMRA Japan,True,1,company,False,True,False,False,True
12a9a39144c1,4,matsuki|k,scopus,Graduate School of Engineering,,False,0,university,True,False,False,False,False
12a9a39144c1,5,gao|y,scopus,Graduate School of Engineering,,False,0,university,True,False,False,False,False
12a9a39144c1,6,kiss|t,scopus,Kyushu University,,False,0,university,True,False,False,False,False
17e701b729d3,1,mitani|y,scopus,"National Institute of Advanced Industrial Science and Technology, Hokkaido",,False,0,government,False,False,True,False,False
17e701b729d3,2,suzuki|k,scopus,"IMRA Japan Co., Ltd.",IMRA Japan,True,1,company,False,True,False,False,True
17e701b729d3,3,kondo|k,scopus,"IMRA Japan Co., Ltd.",IMRA Japan,True,1,company,False,True,False,False,True
17e701b729d3,4,okumura|k,scopus,"IMRA Japan Co., Ltd.",IMRA Japan,True,1,company,False,True,False,False,True
17e701b729d3,5,tamura|t,scopus,"National Institute of Advanced Industrial Science and Technology, Hokkaido; Hokkaido University",,False,0,government|university,True,False,True,False,False
230c7d6c0e31,1,abubakr|e,scopus,The University of Electro-Communications; Faculty of Energy Engineering,,False,0,university|other,True,False,False,False,False
230c7d6c0e31,2,saito|s,scopus,"IMRA Japan Co., Ltd.",IMRA Japan,True,1,company,False,True,False,False,True
230c7d6c0e31,3,suzuki|h,scopus,"IMRA Japan Co., Ltd.",IMRA Japan,True,1,company,False,True,False,False,True
230c7d6c0e31,4,kan|t,scopus,The University of Electro-Communications,,False,0,university,True,False,False,False,False
2389d6e7b9fe,1,ogawa|j,scopus,Niigata University,,False,0,university,True,False,False,False,False
2389d6e7b9fe,2,fukui|s,scopus,Niigata University,,False,0,university,True,False,False,False,False
2389d6e7b9fe,3,nabeya|t,scopus,Niigata University,,False,0,university,True,False,False,False,False
2389d6e7b9fe,4,toshima|k,scopus,Niigata University,,False,0,university,True,False,False,False,False
2389d6e7b9fe,5,yanagi|y,scopus,"IMRA Japan Co., Ltd.",IMRA Japan,True,1,company,False,True,False,False,True
2389d6e7b9fe,6,kawashima|k,scopus,"IMRA Japan Co., Ltd.",IMRA Japan,True,1,company,False,True,False,False,True
2cfb4180b387,1,kawashima|k,scopus,"IMRA Japan Co., Ltd.; National Institute of Advanced Industrial Science and Technology",IMRA Japan,True,1,company|government,False,True,True,False,True
2cfb4180b387,2,ishida|s,scopus,National Institute of Advanced Industrial Science and Technology,,False,0,government,False,False,True,False,False
2cfb4180b387,3,fujihisa|h,scopus,National Institute of Advanced Industrial Science and Technology,,False,0,government,False,False,True,False,False
2cfb4180b387,4,gotoh|y,scopus,National Institute of Advanced Industrial Science and Technology,,False,0,government,False,False,True,False,False
2cfb4180b387,5,kihou|k,scopus,National Institute of Advanced Industrial Science and Technology,,False,0,government,False,False,True,False,False
2cfb4180b387,6,yoshida|y,scopus,National Institute of Advanced Industrial Science and Technology,,False,0,government,False,False,True,False,False
2cfb4180b387,7,eisaki|h,scopus,National Institute of Advanced Industrial Science and Technology,,False,0,government,False,False,True,False,False
2cfb4180b387,8,ogino|h,scopus,National Institute of Advanced Industrial Science and Technology,,False,0,government,False,False,True,False,False
2cfb4180b387,9,iyo|a,scopus,National Institute of Advanced Industrial Science and Technology,,False,0,government,False,False,True,False,False
31784b84dcd9,1,kawashima|k,scopus,"IMRA Japan Co., Ltd.",IMRA Japan,True,1,company,False,True,False,False,True
31784b84dcd9,2,ninomiya|h,scopus,National Institute of Advanced Industrial Science and Technology,,False,0,government,False,False,True,False,False
31784b84dcd9,3,fujihisa|h,scopus,National Institute of Advanced Industrial Science and Technology,,False,0,government,False,False,True,False,False
31784b84dcd9,4,iyo|a,scopus,National Institute of Advanced Industrial Science and Technology,,False,0,government,False,False,True,False,False
35324f645852,1,katayama|s,openalex,"IMRA Japan Co., Ltd.  Sapporo Japan; IMRA Japan Co., Ltd., Sapporo, Japan",IMRA Japan,True,1,company,False,True,False,False,True
35324f645852,2,shiraishi|k,openalex,"AISIN AW Co., Ltd.  Anjou Japan; IMRA Japan Co., Ltd.  Sapporo Japan; AISIN AW Co., Ltd., Anjou, Japan; IMRA Japan Co., Ltd., Sapporo, Japan",アイシン|IMRA Japan,True,2,company,False,True,False,False,True
35324f645852,3,gorai|n,openalex,"AISIN AW Co., Ltd.  Anjou Japan; IMRA Japan Co., Ltd.  Sapporo Japan; AISIN AW Co., Ltd., Anjou, Japan; IMRA Japan Co., Ltd., Sapporo, Japan",アイシン|IMRA Japan,True,2,company,False,True,False,False,True
35324f645852,4,andou|m,openalex,"IMRA Japan Co., Ltd.  Sapporo Japan; IMRA Japan Co., Ltd., Sapporo, Japan",IMRA Japan,True,1,company,False,True,False,False,True
3624008ea75c,1,iyo|a,scopus,National Institute of Advanced Industrial Science and Technology,,False,0,government,False,False,True,False,False
3624008ea75c,2,fujihisa|h,scopus,National Institute of Advanced Industrial Science and Technology,,False,0,government,False,False,True,False,False
3624008ea75c,3,gotoh|y,scopus,National Institute of Advanced Industrial Science and Technology,,False,0,government,False,False,True,False,False
3624008ea75c,4,ishida|s,scopus,National Institute of Advanced Industrial Science and Technology,,False,0,government,False,False,True,False,False
3624008ea75c,5,ninomiya|h,scopus,National Institute of Advanced Industrial Science and Technology,,False,0,government,False,False,True,False,False
3624008ea75c,6,yoshida|y,scopus,National Institute of Advanced Industrial Science and Technology,,False,0,government,False,False,True,False,False
3624008ea75c,7,eisaki|h,scopus,National Institute of Advanced Industrial Science and Technology,,False,0,government,False,False,True,False,False
3624008ea75c,8,hirose|h,scopus,National Institute for Materials Science,,False,0,government,False,False,True,False,False
3624008ea75c,9,terashima|t,scopus,National Institute for Materials Science,,False,0,government,False,False,True,False,False
3624008ea75c,10,kawashima|k,scopus,"National Institute of Advanced Industrial Science and Technology; IMRA Japan Co., Ltd.",IMRA Japan,True,1,government|company,False,True,True,False,True
369182d11651,1,koshinuma|t,scopus,Tokyo University of Science; National Institute of Advanced Industrial Science and Technology,,False,0,university|government,True,False,True,False,False
369182d11651,2,ninomiya|h,scopus,National Institute of Advanced Industrial Science and Technology,,False,0,government,False,False,True,False,False
369182d11651,3,hase|i,scopus,National Institute of Advanced Industrial Science and Technology,,False,0,government,False,False,True,False,False
369182d11651,4,fujihisa|h,scopus,National Institute of Advanced Industrial Science and Technology,,False,0,government,False,False,True,False,False
369182d11651,5,gotoh|y,scopus,National Institute of Advanced Industrial Science and Technology,,False,0,government,False,False,True,False,False
369182d11651,6,kawashima|k,scopus,"National Institute of Advanced Industrial Science and Technology; IMRA Japan Co., Ltd.",IMRA Japan,True,1,government|company,False,True,True,False,True
369182d11651,7,ishida|s,scopus,National Institute of Advanced Industrial Science and Technology,,False,0,government,False,False,True,False,False
369182d11651,8,yoshida|y,scopus,National Institute of Advanced Industrial Science and Technology,,False,0,government,False,False,True,False,False
369182d11651,9,eisaki|h,scopus,National Institute of Advanced Industrial Science and Technology,,False,0,government,False,False,True,False,False
369182d11651,10,nishio|t,scopus,Tokyo University of Science; National Institute of Advanced Industrial Science and Technology,,False,0,university|government,True,False,True,False,False
369182d11651,11,iyo|a,scopus,National Institute of Advanced Industrial Science and Technology,,False,0,government,False,False,True,False,False
399c62c60b72,1,chandrasekharam|m,scopus,Indian Institute of Chemical Technology,,False,0,other,False,False,False,False,False
399c62c60b72,2,rajkumar|g,scopus,"IMRA Japan Co., Ltd.",IMRA Japan,True,1,company,False,True,False,False,True
399c62c60b72,3,suresh|t,scopus,Indian Institute of Chemical Technology,,False,0,other,False,False,False,False,False
399c62c60b72,4,rao|c,scopus,Indian Institute of Chemical Technology,,False,0,other,False,False,False,False,False
399c62c60b72,5,reddy|p,scopus,"IMRA Japan Co., Ltd.",IMRA Japan,True,1,company,False,True,False,False,True
399c62c60b72,6,yum|j,scopus,École Polytechnique Fédérale de Lausanne,,False,0,university,True,False,False,False,False
399c62c60b72,7,nazeeruddin|m,scopus,École Polytechnique Fédérale de Lausanne,,False,0,university,True,False,False,False,False
399c62c60b72,8,graetzel|m,scopus,École Polytechnique Fédérale de Lausanne,,False,0,university,True,False,False,False,False
3a657746996c,1,chandrasekharam|m,openalex,"Inorganic and Physical Chemistry Division, Indian Institute of Chemical Technology (IICT), Uppal Road, Tarnaka, Hyderabad, 500 607, India; Indian Institute of Chemical Technology (IICT)",,False,0,other,False,False,False,False,False
3a657746996c,2,srinivasarao|c,openalex,"Inorganic and Physical Chemistry Division, Indian Institute of Chemical Technology (IICT), Uppal Road, Tarnaka, Hyderabad, 500 607, India; Indian Institute of Chemical Technology (IICT)",,False,0,other,False,False,False,False,False
3a657746996c,3,suresh|t,openalex,"Inorganic and Physical Chemistry Division, Indian Institute of Chemical Technology (IICT), Uppal Road, Tarnaka, Hyderabad, 500 607, India; Indian Institute of Chemical Technology (IICT)",,False,0,other,False,False,False,False,False
3a657746996c,4,reddy|m,scopus,Indian Institute of Chemical Technology,,False,0,other,False,False,False,False,False
3a657746996c,5,raghavender|m,openalex,"Aisin Cosmos R&D Co. Ltd, Nanomaterials Laboratory, IICT campus, Hyderabad, 500 607, India; Nanomaterials Laboratory",アイシン,False,1,company|other,False,True,False,False,True
3a657746996c,6,rajkumar|g,openalex,"Aisin Cosmos R&D Co. Ltd, Nanomaterials Laboratory, IICT campus, Hyderabad, 500 607, India; Nanomaterials Laboratory",アイシン,False,1,company|other,False,True,False,False,True
3a657746996c,7,srinivasu|m,openalex,"Aisin Cosmos R&D Co. Ltd, Nanomaterials Laboratory, IICT campus, Hyderabad, 500 607, India; Nanomaterials Laboratory",アイシン,False,1,company|other,False,True,False,False,True
3a657746996c,8,reddy|p,scopus,"IMRA Japan Co., Ltd.",IMRA Japan,True,1,company,False,True,False,False,True
3be7c4e77b95,1,suresh|t,scopus,Indian Institute of Chemical Technology,,False,0,other,False,False,False,False,False
3be7c4e77b95,2,rajkumar|g,scopus,"IMRA Japan Co., Ltd.",IMRA Japan,True,1,company,False,True,False,False,True
3be7c4e77b95,3,singh|s,scopus,Indian Institute of Chemical Technology,,False,0,other,False,False,False,False,False
3be7c4e77b95,4,reddy|p,scopus,"IMRA Japan Co., Ltd.",IMRA Japan,True,1,company,False,True,False,False,True
3be7c4e77b95,5,islam|a,scopus,National Institute for Materials Science,,False,0,government,False,False,True,False,False
3be7c4e77b95,6,han|l,scopus,National Institute for Materials Science,,False,0,government,False,False,True,False,False
3be7c4e77b95,7,chandrasekharam|m,scopus,Indian Institute of Chemical Technology,,False,0,other,False,False,False,False,False
3d700028390d,1,hara|k,,,,False,0,,False,False,False,False,False
3d700028390d,2,sato|t,openalex,"National Institute of Advanced Industrial Science and Technology, 1-1-1 Higashi, Tsukuba, Ibaraki 305-8565, Japan; National Institute of Advanced Industrial Science and Technology, 1‐1‐1 Higashi, Tsukuba, Ibaraki 305‐8565, Japan",,False,0,government,False,False,True,False,False
3d700028390d,3,katoh|r,openalex,"National Institute of Advanced Industrial Science and Technology, 1-1-1 Higashi, Tsukuba, Ibaraki 305-8565, Japan; National Institute of Advanced Industrial Science and Technology, 1‐1‐1 Higashi, Tsukuba, Ibaraki 305‐8565, Japan",,False,0,government,False,False,True,False,False
3d700028390d,4,furube|a,openalex,"National Institute of Advanced Industrial Science and Technology, 1-1-1 Higashi, Tsukuba, Ibaraki 305-8565, Japan; National Institute of Advanced Industrial Science and Technology, 1‐1‐1 Higashi, Tsukuba, Ibaraki 305‐8565, Japan",,False,0,government,False,False,True,False,False
3d700028390d,5,yoshihara|t,openalex,"National Institute of Advanced Industrial Science and Technology, 1-1-1 Higashi, Tsukuba, Ibaraki 305-8565, Japan; National Institute of Advanced Industrial Science and Technology, 1‐1‐1 Higashi, Tsukuba, Ibaraki 305‐8565, Japan",,False,0,government,False,False,True,False,False
3d700028390d,6,murai|m,openalex,"National Institute of Advanced Industrial Science and Technology, 1-1-1 Higashi, Tsukuba, Ibaraki 305-8565, Japan; National Institute of Advanced Industrial Science and Technology, 1‐1‐1 Higashi, Tsukuba, Ibaraki 305‐8565, Japan",,False,0,government,False,False,True,False,False
3d700028390d,7,kurashige|m,openalex,"National Institute of Advanced Industrial Science and Technology, 1-1-1 Higashi, Tsukuba, Ibaraki 305-8565, Japan; National Institute of Advanced Industrial Science and Technology, 1‐1‐1 Higashi, Tsukuba, Ibaraki 305‐8565, Japan",,False,0,government,False,False,True,False,False
3d700028390d,8,ito|s,openalex,"Hayashibara Biochemical Laboratories, Inc., 564-176 Fujita, Okayama 701-0221, Japan; Hayashibara Biochemical Laboratories, Inc., 564‐176 Fujita, Okayama 701‐0221, Japan",,False,0,company,False,True,False,False,False
3d700028390d,9,shinpo|a,openalex,"Hayashibara Biochemical Laboratories, Inc., 564-176 Fujita, Okayama 701-0221, Japan; Hayashibara Biochemical Laboratories, Inc., 564‐176 Fujita, Okayama 701‐0221, Japan",,False,0,company,False,True,False,False,False
3d700028390d,10,suga|s,openalex,"Hayashibara Biochemical Laboratories, Inc., 564-176 Fujita, Okayama 701-0221, Japan; Hayashibara Biochemical Laboratories, Inc., 564‐176 Fujita, Okayama 701‐0221, Japan",,False,0,company,False,True,False,False,False
3d700028390d,11,arakawa|h,openalex,"National Institute of Advanced Industrial Science and Technology, 1-1-1 Higashi, Tsukuba, Ibaraki 305-8565, Japan; National Institute of Advanced Industrial Science and Technology, 1‐1‐1 Higashi, Tsukuba, Ibaraki 305‐8565, Japan",,False,0,government,False,False,True,False,False
3ff1a2b6712e,1,mikawa|t,scopus,Riken; Yokohama City University; RIKEN SPring-8 Center,,False,0,government|university,True,False,True,False,False
3ff1a2b6712e,2,inoue|j,scopus,Riken; Yokohama City University,,False,0,government|university,True,False,True,False,False
3ff1a2b6712e,3,shigemori|y,scopus,"IMRA Japan Co., Ltd.",IMRA Japan,True,1,company,False,True,False,False,True
4501228b76d0,1,wang|x,openalex,"Department of Electronic Chemistry, Interdisciplinary Graduate School of Science and Engineering, Tokyo Institute of Technology, 4259-G1-5 Nagatsuta, Midori-ku, Yokohama 226-8502, Japan",,False,0,university,True,False,False,False,False
4501228b76d0,2,li|d,openalex,"Department of Electronic Chemistry, Interdisciplinary Graduate School of Science and Engineering, Tokyo Institute of Technology, 4259-G1-5 Nagatsuta, Midori-ku, Yokohama 226-8502, Japan",,False,0,university,True,False,False,False,False
4501228b76d0,3,watanabe|t,openalex,"2–1–5 Aisin Cosmos R &D Co., Ltd., Kazusa Incubation Center, Kazusakamatari, Kisarazu, Chiba, 292-0818, Japan",アイシン,False,1,company,False,True,False,False,True
4501228b76d0,4,shigemori|y,openalex,"2–1–5 Aisin Cosmos R &D Co., Ltd., Kazusa Incubation Center, Kazusakamatari, Kisarazu, Chiba, 292-0818, Japan",アイシン,False,1,company,False,True,False,False,True
4501228b76d0,5,mikawa|t,openalex,"Riken Spring-8 Center, Sayo-cho, Sayo-gun, Hyogo, 679-5148, Japan",,False,0,government,False,False,True,False,False
4501228b76d0,6,okajima|t,openalex,"Department of Electronic Chemistry, Interdisciplinary Graduate School of Science and Engineering, Tokyo Institute of Technology, 4259-G1-5 Nagatsuta, Midori-ku, Yokohama 226-8502, Japan",,False,0,university,True,False,False,False,False
4501228b76d0,7,mao|l,openalex,"Beijing National Laboratory for Molecular Science, Institute of Chemistry, Chinese Academy of Science, 2, Zhongguancun North First Street, Beijing, 100190, P.R. China",,False,0,government,False,False,True,False,False
4501228b76d0,8,ohsaka|t,openalex,"Department of Electronic Chemistry, Interdisciplinary Graduate School of Science and Engineering, Tokyo Institute of Technology, 4259-G1-5 Nagatsuta, Midori-ku, Yokohama 226-8502, Japan",,False,0,university,True,False,False,False,False
46de8cd4a6be,1,shigemori|y,scopus,"Kazusa DNA Research Institute; IMRA Japan Co., Ltd.",IMRA Japan,True,1,other|company,False,True,False,False,True
4878d337b081,1,suzuki|h,scopus,"IMRA Japan Co., Ltd.",IMRA Japan,True,1,company,False,True,False,False,True
4878d337b081,2,abubakr|e,scopus,The University of Electro-Communications; Faculty of Energy Engineering,,False,0,university|other,True,False,False,False,False
4878d337b081,3,saito|s,scopus,"IMRA Japan Co., Ltd.",IMRA Japan,True,1,company,False,True,False,False,True
4878d337b081,4,kan|t,scopus,The University of Electro-Communications,,False,0,university,True,False,False,False,False
4b5fbbf57346,1,reddy|p,scopus,"IMRA Japan Co., Ltd.",IMRA Japan,True,1,company,False,True,False,False,True
4b5fbbf57346,2,giribabu|l,scopus,Indian Institute of Chemical Technology,,False,0,other,False,False,False,False,False
4b5fbbf57346,3,lyness|c,scopus,École Polytechnique Fédérale de Lausanne,,False,0,university,True,False,False,False,False
4b5fbbf57346,4,snaith|h,scopus,École Polytechnique Fédérale de Lausanne,,False,0,university,True,False,False,False,False
4b5fbbf57346,5,vijaykumar|c,scopus,Indian Institute of Chemical Technology,,False,0,other,False,False,False,False,False
4b5fbbf57346,6,chandrasekharam|m,scopus,Indian Institute of Chemical Technology,,False,0,other,False,False,False,False,False
4b5fbbf57346,7,lakshmikantam|m,scopus,Indian Institute of Chemical Technology,,False,0,other,False,False,False,False,False
4b5fbbf57346,8,yum|j,scopus,École Polytechnique Fédérale de Lausanne,,False,0,university,True,False,False,False,False
4b5fbbf57346,9,kalyanasundaram|k,scopus,École Polytechnique Fédérale de Lausanne,,False,0,university,True,False,False,False,False
4b5fbbf57346,10,gr tzel|m,scopus,École Polytechnique Fédérale de Lausanne,,False,0,university,True,False,False,False,False
4b5fbbf57346,11,nazeeruddin|m,scopus,École Polytechnique Fédérale de Lausanne,,False,0,university,True,False,False,False,False
4e1bc421b023,1,kawashima|k,scopus,"IMRA Japan Co., Ltd.; National Institute of Advanced Industrial Science and Technology",IMRA Japan,True,1,company|government,False,True,True,False,True
4e1bc421b023,2,kinjo|t,scopus,National Institute of Advanced Industrial Science and Technology; Tokyo University of Science,,False,0,government|university,True,False,True,False,False
4e1bc421b023,3,nishio|t,scopus,National Institute of Advanced Industrial Science and Technology; Tokyo University of Science,,False,0,government|university,True,False,True,False,False
4e1bc421b023,4,ishida|s,scopus,National Institute of Advanced Industrial Science and Technology,,False,0,government,False,False,True,False,False
4e1bc421b023,5,fujihisa|h,scopus,National Institute of Advanced Industrial Science and Technology,,False,0,government,False,False,True,False,False
4e1bc421b023,6,gotoh|y,scopus,National Institute of Advanced Industrial Science and Technology,,False,0,government,False,False,True,False,False
4e1bc421b023,7,kihou|k,scopus,National Institute of Advanced Industrial Science and Technology,,False,0,government,False,False,True,False,False
4e1bc421b023,8,eisaki|h,scopus,National Institute of Advanced Industrial Science and Technology,,False,0,government,False,False,True,False,False
4e1bc421b023,9,yoshida|y,scopus,National Institute of Advanced Industrial Science and Technology,,False,0,government,False,False,True,False,False
4e1bc421b023,10,iyo|a,scopus,National Institute of Advanced Industrial Science and Technology,,False,0,government,False,False,True,False,False
54bf4613559e,1,abubakr|e,scopus,The University of Electro-Communications; Faculty of Energy Engineering,,False,0,university|other,True,False,False,False,False
54bf4613559e,2,abadi|a,scopus,The University of Electro-Communications,,False,0,university,True,False,False,False,False
54bf4613559e,3,saito|s,scopus,"IMRA Japan Co., Ltd.",IMRA Japan,True,1,company,False,True,False,False,True
54bf4613559e,4,suzuki|h,scopus,"IMRA Japan Co., Ltd.",IMRA Japan,True,1,company,False,True,False,False,True
54bf4613559e,5,kan|t,scopus,The University of Electro-Communications,,False,0,university,True,False,False,False,False
5503e4f7dfb2,1,giribabu|l,openalex,"Nanomaterials Laboratory, Inorganic and Physical Chemistry Division, Indian Institute of Chemical Technology, Hyderabad, India; INDIAN INSTITUTE OF CHEMICAL TECHNOLOGY",,False,0,other,False,False,False,False,False
5503e4f7dfb2,2,singh|v,scopus,Indian Institute of Chemical Technology,,False,0,other,False,False,False,False,False
5503e4f7dfb2,3,srinivasu|m,openalex,"Nanomaterials Laboratory, Inorganic and Physical Chemistry Division, Indian Institute of Chemical Technology, Hyderabad, India; INDIAN INSTITUTE OF CHEMICAL TECHNOLOGY",,False,0,other,False,False,False,False,False
5503e4f7dfb2,4,kumar|c,scopus,Indian Institute of Chemical Technology,,False,0,other,False,False,False,False,False
5503e4f7dfb2,5,reddy|v,scopus,"IMRA Japan Co., Ltd.",IMRA Japan,True,1,company,False,True,False,False,True
5503e4f7dfb2,6,soujnya|y,openalex,"Molecular Modelling Group, Indian Institute of Chemical Technology, Hyderabad, India; INDIAN INSTITUTE OF CHEMICAL TECHNOLOGY",,False,0,other,False,False,False,False,False
5503e4f7dfb2,7,reddy|p,scopus,"IMRA Japan Co., Ltd.",IMRA Japan,True,1,company,False,True,False,False,True
56ab75b62dd3,1,,,,,False,0,,False,False,False,False,False
58b63b16623f,1,iyo|a,scopus,National Institute of Advanced Industrial Science and Technology,,False,0,government,False,False,True,False,False
58b63b16623f,2,hase|i,scopus,National Institute of Advanced Industrial Science and Technology,,False,0,government,False,False,True,False,False
58b63b16623f,3,fujihisa|h,scopus,National Institute of Advanced Industrial Science and Technology,,False,0,government,False,False,True,False,False
58b63b16623f,4,gotoh|y,scopus,National Institute of Advanced Industrial Science and Technology,,False,0,government,False,False,True,False,False
58b63b16623f,5,takeshita|n,scopus,National Institute of Advanced Industrial Science and Technology,,False,0,government,False,False,True,False,False
58b63b16623f,6,ishida|s,scopus,National Institute of Advanced Industrial Science and Technology,,False,0,government,False,False,True,False,False
58b63b16623f,7,ninomiya|h,scopus,National Institute of Advanced Industrial Science and Technology,,False,0,government,False,False,True,False,False
58b63b16623f,8,yoshida|y,scopus,National Institute of Advanced Industrial Science and Technology,,False,0,government,False,False,True,False,False
58b63b16623f,9,eisaki|h,scopus,National Institute of Advanced Industrial Science and Technology,,False,0,government,False,False,True,False,False
58b63b16623f,10,kawashima|k,scopus,"National Institute of Advanced Industrial Science and Technology; IMRA Japan Co., Ltd.",IMRA Japan,True,1,government|company,False,True,True,False,True
59cf6843c915,1,ninomiya|h,scopus,National Institute of Advanced Industrial Science and Technology,,False,0,government,False,False,True,False,False
59cf6843c915,2,koshinuma|t,scopus,National Institute of Advanced Industrial Science and Technology; Tokyo University of Science,,False,0,government|university,True,False,True,False,False
59cf6843c915,3,nishio|t,scopus,National Institute of Advanced Industrial Science and Technology; Tokyo University of Science,,False,0,government|university,True,False,True,False,False
59cf6843c915,4,fujihisa|h,scopus,National Institute of Advanced Industrial Science and Technology,,False,0,government,False,False,True,False,False
59cf6843c915,5,kawashima|k,scopus,"National Institute of Advanced Industrial Science and Technology; IMRA Japan Co., Ltd.",IMRA Japan,True,1,government|company,False,True,True,False,True
59cf6843c915,6,hase|i,scopus,National Institute of Advanced Industrial Science and Technology,,False,0,government,False,False,True,False,False
59cf6843c915,7,ishida|s,scopus,National Institute of Advanced Industrial Science and Technology,,False,0,government,False,False,True,False,False
59cf6843c915,8,ogino|h,scopus,National Institute of Advanced Industrial Science and Technology,,False,0,government,False,False,True,False,False
59cf6843c915,9,iyo|a,scopus,National Institute of Advanced Industrial Science and Technology,,False,0,government,False,False,True,False,False
59cf6843c915,10,yoshida|y,scopus,National Institute of Advanced Industrial Science and Technology,,False,0,government,False,False,True,False,False
59cf6843c915,11,gotoh|y,scopus,National Institute of Advanced Industrial Science and Technology,,False,0,government,False,False,True,False,False
59cf6843c915,12,eisaki|h,scopus,National Institute of Advanced Industrial Science and Technology,,False,0,government,False,False,True,False,False
5be9396c98ab,1,chandrasekharam|m,openalex,"Author to whom any correspondence should be addressed; Inorganic and Physical Chemistry Division,Indian Institute of Chemical Technology, Uppal Road, Tarnaka, Hyderabad-500 607,India",,False,0,other,False,False,False,False,False
5be9396c98ab,2,rajkumar|g,openalex,"Aisin Cosmos R&D Co. Ltd,Indian Institute of Chemical Technology, Uppal Road, Tarnaka, Hyderabad-500 607,India",アイシン,False,1,company,False,True,False,False,True
5be9396c98ab,3,rao|c,openalex,"Inorganic and Physical Chemistry Division,Indian Institute of Chemical Technology, Uppal Road, Tarnaka, Hyderabad-500 607,India",,False,0,other,False,False,False,False,False
5be9396c98ab,4,suresh|t,openalex,"Inorganic and Physical Chemistry Division,Indian Institute of Chemical Technology, Uppal Road, Tarnaka, Hyderabad-500 607,India",,False,0,other,False,False,False,False,False
5be9396c98ab,5,reddy|p,openalex,"Aisin Cosmos R&D Co. Ltd,Indian Institute of Chemical Technology, Uppal Road, Tarnaka, Hyderabad-500 607,India",アイシン,False,1,company,False,True,False,False,True
5be9396c98ab,6,yum|j,openalex,"Laboratory of Photonics and Interfaces,Swiss Federal Institute of Technology (EPFL), Lausanne CH-1015,Switzerland",,False,0,university,True,False,False,False,False
5be9396c98ab,7,nazeeruddin|m,openalex,"Laboratory of Photonics and Interfaces,Swiss Federal Institute of Technology (EPFL), Lausanne CH-1015,Switzerland",,False,0,university,True,False,False,False,False
5be9396c98ab,8,graetzel|m,openalex,"Laboratory of Photonics and Interfaces,Swiss Federal Institute of Technology (EPFL), Lausanne CH-1015,Switzerland",,False,0,university,True,False,False,False,False
5d12aa09c7f9,1,giribabu|l,openalex,"Nanomaterials Laboratory, Inorganic & Physical Chemistry Division, Indian Institute of Chemical Technology, Hyderabad 500 007, India",,False,0,other,False,False,False,False,False
5d12aa09c7f9,2,singh|v,openalex,"Nanomaterials Laboratory, Inorganic & Physical Chemistry Division, Indian Institute of Chemical Technology, Hyderabad 500 007, India",,False,0,other,False,False,False,False,False
5d12aa09c7f9,3,kumar|c,scopus,Indian Institute of Chemical Technology,,False,0,other,False,False,False,False,False
5d12aa09c7f9,4,soujanya|y,openalex,"Molecular Modelling Group, Indian Institute of Chemical Technology, Hyderabad 500 607, India; Molecular Modelling Group, Indian Institute of Chemical Technology,Hyderabad 500-607,India",,False,0,other,False,False,False,False,False
5d12aa09c7f9,5,reddy|p,scopus,"IMRA Japan Co., Ltd.",IMRA Japan,True,1,company,False,True,False,False,True
5d12aa09c7f9,6,kantam|m,scopus,Indian Institute of Chemical Technology,,False,0,other,False,False,False,False,False
5ea500536453,1,iyo|a,scopus,National Institute of Advanced Industrial Science and Technology,,False,0,government,False,False,True,False,False
5ea500536453,2,ishida|s,scopus,National Institute of Advanced Industrial Science and Technology,,False,0,government,False,False,True,False,False
5ea500536453,3,fujihisa|h,scopus,National Institute of Advanced Industrial Science and Technology,,False,0,government,False,False,True,False,False
5ea500536453,4,gotoh|y,scopus,National Institute of Advanced Industrial Science and Technology,,False,0,government,False,False,True,False,False
5ea500536453,5,hase|i,scopus,National Institute of Advanced Industrial Science and Technology,,False,0,government,False,False,True,False,False
5ea500536453,6,yoshida|y,scopus,National Institute of Advanced Industrial Science and Technology,,False,0,government,False,False,True,False,False
5ea500536453,7,eisaki|h,scopus,National Institute of Advanced Industrial Science and Technology,,False,0,government,False,False,True,False,False
5ea500536453,8,kawashima|k,scopus,"National Institute of Advanced Industrial Science and Technology; IMRA Japan Co., Ltd.",IMRA Japan,True,1,government|company,False,True,True,False,True
620cfcc9aab5,1,iyo|a,scopus,National Institute of Advanced Industrial Science and Technology,,False,0,government,False,False,True,False,False
620cfcc9aab5,2,kawashima|k,scopus,"National Institute of Advanced Industrial Science and Technology; IMRA Japan Co., Ltd.",IMRA Japan,True,1,government|company,False,True,True,False,True
620cfcc9aab5,3,ishida|s,scopus,National Institute of Advanced Industrial Science and Technology,,False,0,government,False,False,True,False,False
620cfcc9aab5,4,fujihisa|h,scopus,National Institute of Advanced Industrial Science and Technology,,False,0,government,False,False,True,False,False
620cfcc9aab5,5,gotoh|y,scopus,National Institute of Advanced Industrial Science and Technology,,False,0,government,False,False,True,False,False
620cfcc9aab5,6,yoshida|y,scopus,National Institute of Advanced Industrial Science and Technology,,False,0,government,False,False,True,False,False
620cfcc9aab5,7,eisaki|h,scopus,National Institute of Advanced Industrial Science and Technology,,False,0,government,False,False,True,False,False
65d7ae4e565c,1,shigemori|y,scopus,"Kazusa DNA Research Institute; IMRA Japan Co., Ltd.",IMRA Japan,True,1,other|company,False,True,False,False,True
65d7ae4e565c,2,haruta|h,scopus,Res. Inst. Biomolec. Metrol. Co. Ltd,,False,0,company,False,True,False,False,False
65d7ae4e565c,3,okada|t,scopus,Res. Inst. Biomolec. Metrol. Co. Ltd,,False,0,company,False,True,False,False,False
65d7ae4e565c,4,oishi|m,scopus,Kazusa DNA Research Institute,,False,0,other,False,False,False,False,False
66640bfaa5c2,1,kato|n,openalex,"Japan; Nagakute-shi; Toyota Central Research and Development Laboratories, Inc; Toyota Central Research and Development Laboratories, Inc., Nagakute-shi, Aichi 480-1192, Japan",豊田中央研究所,True,1,other|company,False,True,False,False,True
66640bfaa5c2,2,moribe|s,openalex,"Japan; Nagakute-shi; Toyota Central Research and Development Laboratories, Inc; Toyota Central Research and Development Laboratories, Inc., Nagakute-shi, Aichi 480-1192, Japan",豊田中央研究所,True,1,other|company,False,True,False,False,True
66640bfaa5c2,3,shiozawa|m,openalex,"Japan; Nagakute-shi; Toyota Central Research and Development Laboratories, Inc; Toyota Central Research and Development Laboratories, Inc., Nagakute-shi, Aichi 480-1192, Japan",豊田中央研究所,True,1,other|company,False,True,False,False,True
66640bfaa5c2,4,suzuki|r,openalex,"Japan; Nagakute-shi; Toyota Central Research and Development Laboratories, Inc; Toyota Central Research and Development Laboratories, Inc., Nagakute-shi, Aichi 480-1192, Japan",豊田中央研究所,True,1,other|company,False,True,False,False,True
66640bfaa5c2,5,higuchi|k,openalex,"Japan; Nagakute-shi; Toyota Central Research and Development Laboratories, Inc; Toyota Central Research and Development Laboratories, Inc., Nagakute-shi, Aichi 480-1192, Japan",豊田中央研究所,True,1,other|company,False,True,False,False,True
66640bfaa5c2,6,suzuki|a,openalex,"AISIN Cosmos R&D Co.,Ltd; Japan; Kariya-shi; AISIN Cosmos R&D Co.,Ltd., Kariya-shi, Aichi 448-8650, Japan",アイシン,False,1,company|other,False,True,False,False,True
66640bfaa5c2,7,sreenivasu|m,openalex,"AISIN Cosmos R&D Co.,Ltd; Japan; Kariya-shi; AISIN Cosmos R&D Co.,Ltd., Kariya-shi, Aichi 448-8650, Japan",アイシン,False,1,company|other,False,True,False,False,True
66640bfaa5c2,8,tsuchimoto|k,openalex,"AISIN Cosmos R&D Co.,Ltd; Japan; Kariya-shi; AISIN Cosmos R&D Co.,Ltd., Kariya-shi, Aichi 448-8650, Japan",アイシン,False,1,company|other,False,True,False,False,True
66640bfaa5c2,9,tatematsu|k,openalex,"AISIN SEIKI Co., Ltd; Japan; Kariya-shi; AISIN SEIKI Co., Ltd., Kariya-shi, Aichi 448-8650, Japan",アイシン,False,1,company|other,False,True,False,False,True
66640bfaa5c2,10,mizumoto|k,openalex,"AISIN SEIKI Co., Ltd; Japan; Kariya-shi; AISIN SEIKI Co., Ltd., Kariya-shi, Aichi 448-8650, Japan",アイシン,False,1,company|other,False,True,False,False,True
66640bfaa5c2,11,doi|s,openalex,"AISIN SEIKI Co., Ltd; Japan; Kariya-shi; AISIN SEIKI Co., Ltd., Kariya-shi, Aichi 448-8650, Japan",アイシン,False,1,company|other,False,True,False,False,True
66640bfaa5c2,12,toyoda|t,openalex,"AISIN SEIKI Co., Ltd; Japan; Kariya-shi; AISIN SEIKI Co., Ltd., Kariya-shi, Aichi 448-8650, Japan",アイシン,False,1,company|other,False,True,False,False,True
6b50834cd8e3,1,imamura|c,scopus,"Toyota Central R&D Labs., Inc.",豊田中央研究所,True,1,company,False,True,False,False,True
6b50834cd8e3,2,shigemori|y,scopus,"IMRA Japan Co., Ltd.",IMRA Japan,True,1,company,False,True,False,False,True
6bc07324fa56,1,ishida|s,scopus,National Institute of Advanced Industrial Science and Technology,,False,0,government,False,False,True,False,False
6bc07324fa56,2,iyo|a,scopus,National Institute of Advanced Industrial Science and Technology,,False,0,government,False,False,True,False,False
6bc07324fa56,3,ogino|h,scopus,National Institute of Advanced Industrial Science and Technology,,False,0,government,False,False,True,False,False
6bc07324fa56,4,eisaki|h,scopus,National Institute of Advanced Industrial Science and Technology,,False,0,government,False,False,True,False,False
6bc07324fa56,5,takeshita|n,scopus,National Institute of Advanced Industrial Science and Technology,,False,0,government,False,False,True,False,False
6bc07324fa56,6,kawashima|k,scopus,"IMRA Japan Co., Ltd.",IMRA Japan,True,1,company,False,True,False,False,True
6bc07324fa56,7,yanagisawa|k,scopus,National Institute for Materials Science,,False,0,government,False,False,True,False,False
6bc07324fa56,8,kobayashi|y,scopus,National Institute for Materials Science,,False,0,government,False,False,True,False,False
6bc07324fa56,9,kimoto|k,scopus,National Institute for Materials Science,,False,0,government,False,False,True,False,False
6bc07324fa56,10,abe|h,scopus,National Institute for Materials Science,,False,0,government,False,False,True,False,False
6bc07324fa56,11,imai|m,scopus,National Institute for Materials Science,,False,0,government,False,False,True,False,False
6bc07324fa56,12,shimoyama|j,scopus,Aoyama Gakuin University,,False,0,university,True,False,False,False,False
6bc07324fa56,13,eisterer|m,scopus,TU Wien,,False,0,other,False,False,False,False,False
7000e6cffc55,1,oshita|m,scopus,The University of Electro-Communications,,False,0,university,True,False,False,False,False
7000e6cffc55,2,saito|s,scopus,"IMRA Japan Co., Ltd.",IMRA Japan,True,1,company,False,True,False,False,True
7000e6cffc55,3,kan|t,scopus,The University of Electro-Communications,,False,0,university,True,False,False,False,False
7092e633df0d,1,inoue|j,scopus,Yokohama City University,,False,0,university,True,False,False,False,True
7092e633df0d,2,shigemori|y,scopus,"IMRA Japan Co., Ltd.",IMRA Japan,True,1,company,False,True,False,False,True
7092e633df0d,3,mikawa|t,scopus,Riken Harima Institute; Riken Wako Insititute; Yokohama City University,,False,0,government|university,True,False,True,False,False
7115b529d2e8,1,shigemori|y,scopus,"Kazusa DNA Research Institute; IMRA Japan Co., Ltd.",IMRA Japan,True,1,other|company,False,True,False,False,True
74a274aea889,1,hase|i,openalex,"National Institute of Advanced Industrial Science and Technology (AIST), Tsukuba Central 2, 1-1-1 Umezono, Tsukuba, 305-8568 Japan; National Institute of Advanced Industrial Science and Technology (AIST), Tsukuba Central 2, 1-1-1 Umezono, Tsukuba, 305-8568, Japan",,False,0,government,False,False,True,False,False
74a274aea889,2,higashi|y,openalex,"National Institute of Advanced Industrial Science and Technology (AIST), Tsukuba Central 2, 1-1-1 Umezono, Tsukuba, 305-8568 Japan; National Institute of Advanced Industrial Science and Technology (AIST), Tsukuba Central 2, 1-1-1 Umezono, Tsukuba, 305-8568, Japan",,False,0,government,False,False,True,False,False
74a274aea889,3,eisaki|h,openalex,"National Institute of Advanced Industrial Science and Technology (AIST), Tsukuba Central 2, 1-1-1 Umezono, Tsukuba, 305-8568 Japan; National Institute of Advanced Industrial Science and Technology (AIST), Tsukuba Central 2, 1-1-1 Umezono, Tsukuba, 305-8568, Japan",,False,0,government,False,False,True,False,False
74a274aea889,4,kawashima|k,openalex,"IMRA-JAPAN Material R &D Co. Ltd., 2-1 Asahi-machi, Kariya, Aichi 448-0032 Japan; IMRA-JAPAN Material R &D Co. Ltd., 2-1 Asahi-machi, Kariya, Aichi, 448-0032, Japan",,False,0,company,False,True,False,False,True
75b7a62816c6,1,oshita|m,openalex,"The University of Electro-Communications,Japan; The University of Electro-Communications, Japan",,False,0,university,True,False,False,False,False
75b7a62816c6,2,saito|s,openalex,"IMRA JAPAN CO., LTD.,Japan; IMRA JAPAN CO., LTD., Japan",IMRA Japan,True,1,company,False,True,False,False,True
75b7a62816c6,3,kan|t,openalex,"The University of Electro-Communications,Japan; The University of Electro-Communications, Japan",,False,0,university,True,False,False,False,False
7d4d22b5226f,1,abubakr|e,scopus,The University of Electro-Communications; Faculty of Energy Engineering,,False,0,university|other,True,False,False,False,False
7d4d22b5226f,2,abadi|a,scopus,The University of Electro-Communications,,False,0,university,True,False,False,False,False
7d4d22b5226f,3,oshita|m,scopus,The University of Electro-Communications,,False,0,university,True,False,False,False,False
7d4d22b5226f,4,saito|s,scopus,"IMRA Japan Co., Ltd.",IMRA Japan,True,1,company,False,True,False,False,True
7d4d22b5226f,5,kan|t,scopus,The University of Electro-Communications,,False,0,university,True,False,False,False,False
7e70f9aa21b2,1,sugali|p,scopus,Tokyo University of Science; National Institute of Advanced Industrial Science and Technology,,False,0,university|government,True,False,True,False,False
7e70f9aa21b2,2,ishida|s,scopus,National Institute of Advanced Industrial Science and Technology,,False,0,government,False,False,True,False,False
7e70f9aa21b2,3,kimoto|k,scopus,National Institute for Materials Science,,False,0,government,False,False,True,False,False
7e70f9aa21b2,4,yanagisawa|k,scopus,National Institute for Materials Science,,False,0,government,False,False,True,False,False
7e70f9aa21b2,5,kamiya|y,scopus,"National Institute of Advanced Industrial Science and Technology; IMRA Japan Co., Ltd.",IMRA Japan,True,1,government|company,False,True,True,False,True
7e70f9aa21b2,6,tsuchiya|y,scopus,National Institute of Advanced Industrial Science and Technology,,False,0,government,False,False,True,False,False
7e70f9aa21b2,7,kawashima|k,scopus,"National Institute of Advanced Industrial Science and Technology; IMRA Japan Co., Ltd.",IMRA Japan,True,1,government|company,False,True,True,False,True
7e70f9aa21b2,8,yoshida|y,scopus,National Institute of Advanced Industrial Science and Technology,,False,0,government,False,False,True,False,False
7e70f9aa21b2,9,iyo|a,scopus,National Institute of Advanced Industrial Science and Technology,,False,0,government,False,False,True,False,False
7e70f9aa21b2,10,eisaki|h,scopus,National Institute of Advanced Industrial Science and Technology,,False,0,government,False,False,True,False,False
7e70f9aa21b2,11,nishio|t,scopus,Tokyo University of Science,,False,0,university,True,False,False,False,False
7e70f9aa21b2,12,ogino|h,scopus,National Institute of Advanced Industrial Science and Technology,,False,0,government,False,False,True,False,False
82de53fe58e5,1,iyo|a,scopus,National Institute of Advanced Industrial Science and Technology,,False,0,government,False,False,True,False,False
82de53fe58e5,2,hase|i,scopus,National Institute of Advanced Industrial Science and Technology,,False,0,government,False,False,True,False,False
82de53fe58e5,3,kawashima|k,scopus,"National Institute of Advanced Industrial Science and Technology; IMRA Japan Co., Ltd.",IMRA Japan,True,1,government|company,False,True,True,False,True
82de53fe58e5,4,ishida|s,scopus,National Institute of Advanced Industrial Science and Technology,,False,0,government,False,False,True,False,False
82de53fe58e5,5,kito|h,scopus,National Institute of Advanced Industrial Science and Technology,,False,0,government,False,False,True,False,False
82de53fe58e5,6,takeshita|n,scopus,National Institute of Advanced Industrial Science and Technology,,False,0,government,False,False,True,False,False
82de53fe58e5,7,oka|k,scopus,National Institute of Advanced Industrial Science and Technology,,False,0,government,False,False,True,False,False
82de53fe58e5,8,fujihisa|h,scopus,National Institute of Advanced Industrial Science and Technology,,False,0,government,False,False,True,False,False
82de53fe58e5,9,gotoh|y,scopus,National Institute of Advanced Industrial Science and Technology,,False,0,government,False,False,True,False,False
82de53fe58e5,10,yoshida|y,scopus,National Institute of Advanced Industrial Science and Technology,,False,0,government,False,False,True,False,False
82de53fe58e5,11,eisaki|h,scopus,National Institute of Advanced Industrial Science and Technology,,False,0,government,False,False,True,False,False
848bce5662d4,1,yamaoka|u,scopus,The University of Electro-Communications,,False,0,university,True,False,False,False,False
848bce5662d4,2,kaneda|y,scopus,The University of Electro-Communications,,False,0,university,True,False,False,False,False
848bce5662d4,3,oshita|m,scopus,The University of Electro-Communications,,False,0,university,True,False,False,False,False
848bce5662d4,4,saito|s,scopus,"IMRA Japan Co., Ltd.",IMRA Japan,True,1,company,False,True,False,False,True
848bce5662d4,5,kan|t,scopus,The University of Electro-Communications,,False,0,university,True,False,False,False,False
853b21f8f5a3,1,iyo|a,scopus,National Institute of Advanced Industrial Science and Technology,,False,0,government,False,False,True,False,False
853b21f8f5a3,2,kawashima|k,scopus,"National Institute of Advanced Industrial Science and Technology; IMRA Japan Co., Ltd.",IMRA Japan,True,1,government|company,False,True,True,False,True
853b21f8f5a3,3,kinjo|t,scopus,National Institute of Advanced Industrial Science and Technology; Tokyo University of Science,,False,0,government|university,True,False,True,False,False
853b21f8f5a3,4,nishio|t,scopus,National Institute of Advanced Industrial Science and Technology; Tokyo University of Science,,False,0,government|university,True,False,True,False,False
853b21f8f5a3,5,ishida|s,scopus,National Institute of Advanced Industrial Science and Technology,,False,0,government,False,False,True,False,False
853b21f8f5a3,6,fujihisa|h,scopus,National Institute of Advanced Industrial Science and Technology,,False,0,government,False,False,True,False,False
853b21f8f5a3,7,gotoh|y,scopus,National Institute of Advanced Industrial Science and Technology,,False,0,government,False,False,True,False,False
853b21f8f5a3,8,kihou|k,scopus,National Institute of Advanced Industrial Science and Technology,,False,0,government,False,False,True,False,False
853b21f8f5a3,9,eisaki|h,scopus,National Institute of Advanced Industrial Science and Technology,,False,0,government,False,False,True,False,False
853b21f8f5a3,10,yoshida|y,scopus,National Institute of Advanced Industrial Science and Technology,,False,0,government,False,False,True,False,False
8a2242a7cabb,1,chandrasekharam|m,scopus,Indian Institute of Chemical Technology,,False,0,other,False,False,False,False,False
8a2242a7cabb,2,rajkumar|g,scopus,"IMRA Japan Co., Ltd.",IMRA Japan,True,1,company,False,True,False,False,True
8a2242a7cabb,3,rao|c,openalex,"Inorganic & Physical Chemistry Division, Nanomaterials Laboratory, Indian Institute of Chemical Technology, Uppal Road, Tarnaka, Hyderabad 500607, India",,False,0,other,False,False,False,False,False
8a2242a7cabb,4,suresh|t,scopus,Indian Institute of Chemical Technology,,False,0,other,False,False,False,False,False
8a2242a7cabb,5,reddy|m,openalex,"Inorganic & Physical Chemistry Division, Nanomaterials Laboratory, Indian Institute of Chemical Technology, Uppal Road, Tarnaka, Hyderabad 500607, India",,False,0,other,False,False,False,False,False
8a2242a7cabb,6,reddy|p,openalex,"Aisin Cosmos R&D Co. Ltd, Nanomaterials Laboratory, Indian Institute of Chemical Technology, Uppal Road, Tarnaka, Hyderabad 500607, India",アイシン,False,1,company,False,True,False,False,True
8a2242a7cabb,7,soujanya|y,scopus,Indian Institute of Chemical Technology,,False,0,other,False,False,False,False,False
8a2242a7cabb,8,takeru|b,openalex,"Laboratory of Photonics and Interfaces, Swiss Federal Institute of Technology (EPFL), Lausanne CH-1015, Switzerland; Laboratory of Photonics and Interfaces,Swiss Federal Institute of Technology (EPFL), Lausanne CH-1015,Switzerland",,False,0,university,True,False,False,False,False
8a2242a7cabb,9,jun ho|y,scopus,École Polytechnique Fédérale de Lausanne,,False,0,university,True,False,False,False,False
8a2242a7cabb,10,nazeeruddin|m,scopus,École Polytechnique Fédérale de Lausanne,,False,0,university,True,False,False,False,False
8a2242a7cabb,11,graetzel|m,scopus,École Polytechnique Fédérale de Lausanne,,False,0,university,True,False,False,False,False
8a7d15106cd7,1,shigemori|y,scopus,"Kazusa DNA Research Institute; IMRA Japan Co., Ltd.",IMRA Japan,True,1,other|company,False,True,False,False,True
8d0baa6811a4,1,ushijima|e,scopus,"IMRA Japan Co., Ltd.",IMRA Japan,True,1,company,False,True,False,False,True
8d0baa6811a4,2,fujimoto|s,scopus,MEMS-CORE Co. Ltd.,,False,0,company,False,True,False,False,False
8d0baa6811a4,3,nakazato|k,scopus,Nagoya University,,False,0,university,True,False,False,False,False
8e123337385d,1,giribabu|l,scopus,Indian Institute of Chemical Technology,,False,0,other,False,False,False,False,False
8e123337385d,2,singh|v,scopus,Indian Institute of Chemical Technology,,False,0,other,False,False,False,False,False
8e123337385d,3,kumar|c,openalex,"Nanomaterials Laboratory, Inorganic & Physical Chemistry Division, Indian Institute of Chemical Technology,  Hyderabad 500607, India; Nanomaterials Laboratory, Inorganic and Physical Chemistry Division, Indian Institute of Chemical Technology, Hyderabad 500607, India",,False,0,other,False,False,False,False,False
8e123337385d,4,soujanya|y,scopus,Indian Institute of Chemical Technology,,False,0,other,False,False,False,False,False
8e123337385d,5,reddy|v,openalex,"Aisin Cosmos R&D Co. Ltd., HUDA Complex, Tarnaka, Hyderabad 500007, India",アイシン,False,1,company,False,True,False,False,True
8e123337385d,6,reddy|p,openalex,"Aisin Cosmos R&D Co. Ltd., HUDA Complex, Tarnaka, Hyderabad 500007, India",アイシン,False,1,company,False,True,False,False,True
91abded8809b,1,ninomiya|h,scopus,National Institute of Advanced Industrial Science and Technology,,False,0,government,False,False,True,False,False
91abded8809b,2,kawashima|k,scopus,"National Institute of Advanced Industrial Science and Technology; IMRA Japan Co., Ltd.",IMRA Japan,True,1,government|company,False,True,True,False,True
91abded8809b,3,fujihisa|h,scopus,National Institute of Advanced Industrial Science and Technology,,False,0,government,False,False,True,False,False
91abded8809b,4,ishida|s,scopus,National Institute of Advanced Industrial Science and Technology,,False,0,government,False,False,True,False,False
91abded8809b,5,ogino|h,scopus,National Institute of Advanced Industrial Science and Technology,,False,0,government,False,False,True,False,False
91abded8809b,6,yoshida|y,scopus,National Institute of Advanced Industrial Science and Technology,,False,0,government,False,False,True,False,False
91abded8809b,7,eisaki|h,scopus,National Institute of Advanced Industrial Science and Technology,,False,0,government,False,False,True,False,False
91abded8809b,8,gotoh|y,scopus,National Institute of Advanced Industrial Science and Technology,,False,0,government,False,False,True,False,False
91abded8809b,9,iyo|a,scopus,National Institute of Advanced Industrial Science and Technology,,False,0,government,False,False,True,False,False
931ba4a1bd27,1,ninomiya|h,openalex,"National Institute of Advanced Industrial Science and Technology Tsukuba Center Tsukuba Central, Tsukuba, JAPAN",,False,0,government,False,False,True,False,False
931ba4a1bd27,2,kawashima|k,openalex,"IMRA Japan Co., Ltd., Kariya, JAPAN",IMRA Japan,True,1,company,False,True,False,False,True
931ba4a1bd27,3,ishida|s,openalex,"National Institute of Advanced Industrial Science and Technology Tsukuba Center Tsukuba Central, Tsukuba, JAPAN",,False,0,government,False,False,True,False,False
931ba4a1bd27,4,ogino|h,openalex,"National Institute of Advanced Industrial Science and Technology Tsukuba Center Tsukuba Central, Tsukuba, JAPAN",,False,0,government,False,False,True,False,False
931ba4a1bd27,5,fujihisa|h,openalex,"National Institute of Advanced Industrial Science and Technology Tsukuba Center Tsukuba Central, Tsukuba, JAPAN",,False,0,government,False,False,True,False,False
931ba4a1bd27,6,gotoh|y,openalex,"National Institute of Advanced Industrial Science and Technology Tsukuba Center Tsukuba Central, Tsukuba, JAPAN",,False,0,government,False,False,True,False,False
931ba4a1bd27,7,yoshida|y,openalex,"National Institute of Advanced Industrial Science and Technology Tsukuba Center Tsukuba Central, Tsukuba, JAPAN",,False,0,government,False,False,True,False,False
931ba4a1bd27,8,iyo|a,openalex,"National Institute of Advanced Industrial Science and Technology Tsukuba Center Tsukuba Central, Tsukuba, JAPAN",,False,0,government,False,False,True,False,False
931ba4a1bd27,9,eisaki|h,openalex,"National Institute of Advanced Industrial Science and Technology Tsukuba Center Tsukuba Central, Tsukuba, JAPAN",,False,0,government,False,False,True,False,False
955d72de2df6,1,koshinuma|t,scopus,National Institute of Advanced Industrial Science and Technology; Tokyo University of Science,,False,0,government|university,True,False,True,False,False
955d72de2df6,2,fujihisa|h,scopus,National Institute of Advanced Industrial Science and Technology,,False,0,government,False,False,True,False,False
955d72de2df6,3,gotoh|y,scopus,National Institute of Advanced Industrial Science and Technology,,False,0,government,False,False,True,False,False
955d72de2df6,4,hase|i,scopus,National Institute of Advanced Industrial Science and Technology,,False,0,government,False,False,True,False,False
955d72de2df6,5,kawashima|k,scopus,National Institute of Advanced Industrial Science and Technology; Ltd.,,False,0,government|company,False,True,True,False,True
955d72de2df6,6,ishida|s,scopus,National Institute of Advanced Industrial Science and Technology,,False,0,government,False,False,True,False,False
955d72de2df6,7,eisaki|h,scopus,National Institute of Advanced Industrial Science and Technology,,False,0,government,False,False,True,False,False
955d72de2df6,8,ogino|h,scopus,National Institute of Advanced Industrial Science and Technology,,False,0,government,False,False,True,False,False
955d72de2df6,9,nishio|t,scopus,National Institute of Advanced Industrial Science and Technology; Tokyo University of Science,,False,0,government|university,True,False,True,False,False
955d72de2df6,10,iyo|a,scopus,National Institute of Advanced Industrial Science and Technology,,False,0,government,False,False,True,False,False
9b37f0f8cf85,1,iyo|a,scopus,National Institute of Advanced Industrial Science and Technology,,False,0,government,False,False,True,False,False
9b37f0f8cf85,2,fujihisa|h,scopus,National Institute of Advanced Industrial Science and Technology,,False,0,government,False,False,True,False,False
9b37f0f8cf85,3,gotoh|y,scopus,National Institute of Advanced Industrial Science and Technology,,False,0,government,False,False,True,False,False
9b37f0f8cf85,4,ishida|s,scopus,National Institute of Advanced Industrial Science and Technology,,False,0,government,False,False,True,False,False
9b37f0f8cf85,5,ninomiya|h,scopus,National Institute of Advanced Industrial Science and Technology,,False,0,government,False,False,True,False,False
9b37f0f8cf85,6,yoshida|y,scopus,National Institute of Advanced Industrial Science and Technology,,False,0,government,False,False,True,False,False
9b37f0f8cf85,7,eisaki|h,scopus,National Institute of Advanced Industrial Science and Technology,,False,0,government,False,False,True,False,False
9b37f0f8cf85,8,kawashima|k,scopus,"National Institute of Advanced Industrial Science and Technology; IMRA Japan Co., Ltd.",IMRA Japan,True,1,government|company,False,True,True,False,True
a00c47d2a0a7,1,mitani|y,openalex,"Research Institute of Genome-based Biofactory, National Institute of Advanced Industrial Science and Technology (AIST)",,False,0,government,False,False,True,False,False
a00c47d2a0a7,2,nakashima|n,openalex,"Research Institute of Genome-based Biofactory, National Institute of Advanced Industrial Science and Technology (AIST)",,False,0,government,False,False,True,False,False
a00c47d2a0a7,3,sallam|k,openalex,"Research Institute of Genome-based Biofactory, National Institute of Advanced Industrial Science and Technology (AIST)",,False,0,government,False,False,True,False,False
a00c47d2a0a7,4,toriyabe|t,openalex,"Laboratory of Molecular Environmental Microbiology, Graduate School of Agriculture, Hokkaido University; Research Institute of Genome-based Biofactory, National Institute of Advanced Industrial Science and Technology (AIST)",,False,0,university|government,True,False,True,False,False
a00c47d2a0a7,5,kondo|k,openalex,AISIN COSMOS R & D CO. LTD,アイシン,False,1,company,False,True,False,False,True
a00c47d2a0a7,6,tamura|t,openalex,"Laboratory of Molecular Environmental Microbiology, Graduate School of Agriculture, Hokkaido University; Research Institute of Genome-based Biofactory, National Institute of Advanced Industrial Science and Technology (AIST)",,False,0,university|government,True,False,True,False,False
a07af36ee29a,1,ishida|t,scopus,Graduate School of Human and Environmental Studies,,False,0,university,True,False,False,False,False
a07af36ee29a,2,ootsuki|d,scopus,Graduate School of Human and Environmental Studies,,False,0,university,True,False,False,False,False
a07af36ee29a,3,ishida|s,scopus,National Institute of Advanced Industrial Science and Technology,,False,0,government,False,False,True,False,False
a07af36ee29a,4,kitamura|m,scopus,"High Energy Accelerator Research Organization, Institute of Materials Structure Science",,False,0,government,False,False,True,False,False
a07af36ee29a,5,horiba|k,scopus,"High Energy Accelerator Research Organization, Institute of Materials Structure Science; National Institutes for Quantum Science and Technology",,False,0,government,False,False,True,False,False
a07af36ee29a,6,takagi|y,scopus,Japan Synchrotron Radiation Research Institute,,False,0,government,False,False,True,False,False
a07af36ee29a,7,yasui|a,scopus,Japan Synchrotron Radiation Research Institute,,False,0,government,False,False,True,False,False
a07af36ee29a,8,ikenaga|e,scopus,Japan Synchrotron Radiation Research Institute,,False,0,government,False,False,True,False,False
a07af36ee29a,9,kawashima|k,scopus,"National Institute of Advanced Industrial Science and Technology; IMRA Japan Co., Ltd.",IMRA Japan,True,1,government|company,False,True,True,False,True
a07af36ee29a,10,yanagi|y,scopus,"National Institute of Advanced Industrial Science and Technology; IMRA Japan Co., Ltd.",IMRA Japan,True,1,government|company,False,True,True,False,True
a07af36ee29a,11,iyo|a,scopus,National Institute of Advanced Industrial Science and Technology,,False,0,government,False,False,True,False,False
a07af36ee29a,12,eisaki|h,scopus,National Institute of Advanced Industrial Science and Technology,,False,0,government,False,False,True,False,False
a07af36ee29a,13,yoshida|t,scopus,Graduate School of Human and Environmental Studies,,False,0,university,True,False,False,False,False
a5678f00dcfb,1,iyo|a,scopus,National Institute of Advanced Industrial Science and Technology,,False,0,government,False,False,True,False,False
a5678f00dcfb,2,hase|i,scopus,National Institute of Advanced Industrial Science and Technology,,False,0,government,False,False,True,False,False
a5678f00dcfb,3,fujihisa|h,scopus,National Institute of Advanced Industrial Science and Technology,,False,0,government,False,False,True,False,False
a5678f00dcfb,4,gotoh|y,scopus,National Institute of Advanced Industrial Science and Technology,,False,0,government,False,False,True,False,False
a5678f00dcfb,5,takeshita|n,scopus,National Institute of Advanced Industrial Science and Technology,,False,0,government,False,False,True,False,False
a5678f00dcfb,6,ishida|s,scopus,National Institute of Advanced Industrial Science and Technology,,False,0,government,False,False,True,False,False
a5678f00dcfb,7,ninomiya|h,scopus,National Institute of Advanced Industrial Science and Technology,,False,0,government,False,False,True,False,False
a5678f00dcfb,8,yoshida|y,scopus,National Institute of Advanced Industrial Science and Technology,,False,0,government,False,False,True,False,False
a5678f00dcfb,9,eisaki|h,scopus,National Institute of Advanced Industrial Science and Technology,,False,0,government,False,False,True,False,False
a5678f00dcfb,10,hirose|h,scopus,National Institute for Materials Science,,False,0,government,False,False,True,False,False
a5678f00dcfb,11,terashima|t,scopus,National Institute for Materials Science,,False,0,government,False,False,True,False,False
a5678f00dcfb,12,kawashima|k,scopus,"National Institute of Advanced Industrial Science and Technology; IMRA Japan Co., Ltd.",IMRA Japan,True,1,government|company,False,True,True,False,True
a607b9af8630,1,takahashi|y,scopus,Hiroshima University,,False,0,university,True,False,False,False,False
a607b9af8630,2,kondo|k,scopus,"IMRA Japan Co., Ltd.",IMRA Japan,True,1,company,False,True,False,False,True
a607b9af8630,3,miyaji|a,scopus,Hiroshima University,,False,0,university,True,False,False,False,False
a607b9af8630,4,umeo|m,scopus,Hiroshima University,,False,0,university,True,False,False,False,False
a607b9af8630,5,honma|t,scopus,Japan Synchrotron Radiation Research Institute,,False,0,government,False,False,True,False,False
a607b9af8630,6,asaoka|s,scopus,Hiroshima University,,False,0,university,True,False,False,False,False
a6302d08bc70,1,ishida|s,scopus,National Institute of Advanced Industrial Science and Technology,,False,0,government,False,False,True,False,False
a6302d08bc70,2,kagerbauer|d,scopus,TU Wien,,False,0,other,False,False,False,False,False
a6302d08bc70,3,holleis|s,scopus,TU Wien,,False,0,other,False,False,False,False,False
a6302d08bc70,4,iida|k,scopus,Comprehensive Research Organization for Science and Society,,False,0,government,False,False,True,False,False
a6302d08bc70,5,munakata|k,scopus,Comprehensive Research Organization for Science and Society,,False,0,government,False,False,True,False,False
a6302d08bc70,6,nakao|a,scopus,Comprehensive Research Organization for Science and Society,,False,0,government,False,False,True,False,False
a6302d08bc70,7,iyo|a,scopus,National Institute of Advanced Industrial Science and Technology,,False,0,government,False,False,True,False,False
a6302d08bc70,8,ogino|h,scopus,National Institute of Advanced Industrial Science and Technology,,False,0,government,False,False,True,False,False
a6302d08bc70,9,kawashima|k,scopus,"IMRA Japan Co., Ltd.",IMRA Japan,True,1,company,False,True,False,False,True
a6302d08bc70,10,eisterer|m,scopus,TU Wien,,False,0,other,False,False,False,False,False
a6302d08bc70,11,eisaki|h,scopus,National Institute of Advanced Industrial Science and Technology,,False,0,government,False,False,True,False,False
a8042ac2cc4c,1,nakashima|y,scopus,"IMRA Japan Co., Ltd.",IMRA Japan,True,1,company,False,True,False,False,True
a8042ac2cc4c,2,mizoshita|n,scopus,"Toyota Central R&D Labs., Inc.",豊田中央研究所,True,1,company,False,True,False,False,True
a8042ac2cc4c,3,tanaka|h,scopus,"Toyota Central R&D Labs., Inc.",豊田中央研究所,True,1,company,False,True,False,False,True
a8042ac2cc4c,4,nakaoki|y,scopus,"IMRA Japan Co., Ltd.",IMRA Japan,True,1,company,False,True,False,False,True
a8cacb8a650c,1,chandrasekharam|m,scopus,Indian Institute of Chemical Technology,,False,0,other,False,False,False,False,False
a8cacb8a650c,2,rajkumar|g,scopus,"IMRA Japan Co., Ltd.",IMRA Japan,True,1,company,False,True,False,False,True
a8cacb8a650c,3,rao|c,scopus,Indian Institute of Chemical Technology,,False,0,other,False,False,False,False,False
a8cacb8a650c,4,suresh|t,scopus,Indian Institute of Chemical Technology,,False,0,other,False,False,False,False,False
a8cacb8a650c,5,reddy|p,scopus,"IMRA Japan Co., Ltd.",IMRA Japan,True,1,company,False,True,False,False,True
a91e05d6544d,1,ando|t,scopus,Hokkaido University,,False,0,university,True,False,False,False,False
a91e05d6544d,2,yokokura|s,scopus,Hokkaido University,,False,0,university,True,False,False,False,False
a91e05d6544d,3,waizumi|h,scopus,Hokkaido University,,False,0,university,True,False,False,False,False
a91e05d6544d,4,suzuki|h,scopus,"IMRA Japan Co., Ltd.",IMRA Japan,True,1,company,False,True,False,False,True
a91e05d6544d,5,kawashima|k,scopus,"IMRA Japan Co., Ltd.",IMRA Japan,True,1,company,False,True,False,False,True
a91e05d6544d,6,shimada|t,scopus,Hokkaido University,,False,0,university,True,False,False,False,False
ab48e902e881,1,ninomiya|h,scopus,National Institute of Advanced Industrial Science and Technology,,False,0,government,False,False,True,False,False
ab48e902e881,2,kawashima|k,scopus,"National Institute of Advanced Industrial Science and Technology; IMRA Japan Co., Ltd.; Aisin Corporation",IMRA Japan|アイシン,True,2,government|company,False,True,True,False,True
ab48e902e881,3,iyo|a,scopus,National Institute of Advanced Industrial Science and Technology,,False,0,government,False,False,True,False,False
ab48e902e881,4,fujihisa|h,scopus,National Institute of Advanced Industrial Science and Technology,,False,0,government,False,False,True,False,False
ab48e902e881,5,ishida|s,scopus,National Institute of Advanced Industrial Science and Technology,,False,0,government,False,False,True,False,False
ab48e902e881,6,ogino|h,scopus,National Institute of Advanced Industrial Science and Technology,,False,0,government,False,False,True,False,False
ab48e902e881,7,yoshida|y,scopus,National Institute of Advanced Industrial Science and Technology,,False,0,government,False,False,True,False,False
ab48e902e881,8,gotoh|y,scopus,National Institute of Advanced Industrial Science and Technology,,False,0,government,False,False,True,False,False
ab48e902e881,9,eisaki|h,scopus,National Institute of Advanced Industrial Science and Technology,,False,0,government,False,False,True,False,False
ad90d790c9d8,1,iyo|a,scopus,National Institute of Advanced Industrial Science and Technology,,False,0,government,False,False,True,False,False
ad90d790c9d8,2,fujihisa|h,scopus,National Institute of Advanced Industrial Science and Technology,,False,0,government,False,False,True,False,False
ad90d790c9d8,3,gotoh|y,scopus,National Institute of Advanced Industrial Science and Technology,,False,0,government,False,False,True,False,False
ad90d790c9d8,4,ishida|s,scopus,National Institute of Advanced Industrial Science and Technology,,False,0,government,False,False,True,False,False
ad90d790c9d8,5,eisaki|h,scopus,National Institute of Advanced Industrial Science and Technology,,False,0,government,False,False,True,False,False
ad90d790c9d8,6,ogino|h,scopus,National Institute of Advanced Industrial Science and Technology,,False,0,government,False,False,True,False,False
ad90d790c9d8,7,kawashima|k,scopus,"National Institute of Advanced Industrial Science and Technology; IMRA Japan Co., Ltd.",IMRA Japan,True,1,government|company,False,True,True,False,True
adce50423e8a,1,shigemori|y,openalex,"Aisin Cosmos R&amp;D Co. Ltd.,Chiba; Aisin Cosmos R&D Co. Ltd., Chiba, Chiba, Japan",アイシン,False,1,company,False,True,False,False,True
adce50423e8a,2,oishi|m,openalex,"Kazusa DNA Research Institute,Chiba,Japan",,False,0,other,False,False,False,False,False
b024e6ffda17,1,giribabu|l,scopus,Indian Institute of Chemical Technology,,False,0,other,False,False,False,False,False
b024e6ffda17,2,bessho|t,scopus,School of Basic Sciences,,False,0,other,False,False,False,False,False
b024e6ffda17,3,srinivasu|m,scopus,Indian Institute of Chemical Technology,,False,0,other,False,False,False,False,False
b024e6ffda17,4,vijaykumar|c,scopus,Indian Institute of Chemical Technology,,False,0,other,False,False,False,False,False
b024e6ffda17,5,soujanya|y,scopus,Indian Institute of Chemical Technology,,False,0,other,False,False,False,False,False
b024e6ffda17,6,reddy|v,scopus,"IMRA Japan Co., Ltd.",IMRA Japan,True,1,company,False,True,False,False,True
b024e6ffda17,7,reddy|p,scopus,"IMRA Japan Co., Ltd.",IMRA Japan,True,1,company,False,True,False,False,True
b024e6ffda17,8,yum|j,scopus,School of Basic Sciences,,False,0,other,False,False,False,False,False
b024e6ffda17,9,gr tzel|m,scopus,School of Basic Sciences,,False,0,other,False,False,False,False,False
b024e6ffda17,10,nazeeruddin|m,scopus,School of Basic Sciences,,False,0,other,False,False,False,False,False
b2782d95e10c,1,giribabu|l,scopus,Indian Institute of Chemical Technology,,False,0,other,False,False,False,False,False
b2782d95e10c,2,kumar|c,openalex,"Aisin Cosmos R&amp;D Co. Ltd., S. No. 8, Block D, Huda Complex, Tarnaka, Hyderabad 500007, India",アイシン,False,1,company,False,True,False,False,True
b2782d95e10c,3,reddy|p,openalex,"Aisin Cosmos R&amp;D Co. Ltd., S. No. 8, Block D, Huda Complex, Tarnaka, Hyderabad 500007, India",アイシン,False,1,company,False,True,False,False,True
b68c11ed7d50,1,chandrasekharam|m,scopus,Indian Institute of Chemical Technology,,False,0,other,False,False,False,False,False
b68c11ed7d50,2,rajkumar|g,scopus,"IMRA Japan Co., Ltd.",IMRA Japan,True,1,company,False,True,False,False,True
b68c11ed7d50,3,suresh|t,scopus,Indian Institute of Chemical Technology,,False,0,other,False,False,False,False,False
b68c11ed7d50,4,reddy|p,scopus,"IMRA Japan Co., Ltd.",IMRA Japan,True,1,company,False,True,False,False,True
b6c429dd1a94,1,iyo|a,scopus,National Institute of Advanced Industrial Science and Technology,,False,0,government,False,False,True,False,False
b6c429dd1a94,2,hase|i,scopus,National Institute of Advanced Industrial Science and Technology,,False,0,government,False,False,True,False,False
b6c429dd1a94,3,fujihisa|h,scopus,National Institute of Advanced Industrial Science and Technology,,False,0,government,False,False,True,False,False
b6c429dd1a94,4,gotoh|y,scopus,National Institute of Advanced Industrial Science and Technology,,False,0,government,False,False,True,False,False
b6c429dd1a94,5,ishida|s,scopus,National Institute of Advanced Industrial Science and Technology,,False,0,government,False,False,True,False,False
b6c429dd1a94,6,ninomiya|h,scopus,National Institute of Advanced Industrial Science and Technology,,False,0,government,False,False,True,False,False
b6c429dd1a94,7,yoshida|y,scopus,National Institute of Advanced Industrial Science and Technology,,False,0,government,False,False,True,False,False
b6c429dd1a94,8,eisaki|h,scopus,National Institute of Advanced Industrial Science and Technology,,False,0,government,False,False,True,False,False
b6c429dd1a94,9,hirose|h,scopus,National Institute for Materials Science,,False,0,government,False,False,True,False,False
b6c429dd1a94,10,terashima|t,scopus,National Institute for Materials Science,,False,0,government,False,False,True,False,False
b6c429dd1a94,11,kawashima|k,scopus,"National Institute of Advanced Industrial Science and Technology; IMRA Japan Co., Ltd.",IMRA Japan,True,1,government|company,False,True,True,False,True
bb9d728e9ad2,1,mitani|y,openalex,"Research Institute of Genome-based Biofactory, National Institute of Advanced Industrial Science and Technology (AIST), Tsukisamu-Higashi, Toyohira-ku, Sapporo 062-8517, Japan;",,False,0,government,False,False,True,False,False
bb9d728e9ad2,2,watanabe|t,openalex,"AISIN COSMOS R & D CO. LTD., Kazusaka-matari, Kisarazu, Chiba, 292-0818, Japan and",アイシン,False,1,company,False,True,False,False,True
bb9d728e9ad2,3,kondo|k,openalex,"AISIN COSMOS R & D CO. LTD., Kazusaka-matari, Kisarazu, Chiba, 292-0818, Japan and",アイシン,False,1,company,False,True,False,False,True
bb9d728e9ad2,4,tamura|t,openalex,"Laboratory of Molecular Environmental Microbiology, Graduate School of Agriculture, Hokkaido University, Kita-9, Nishi-9, Kita-ku, Sapporo 060-8589, Japan; Research Institute of Genome-based Biofactory, National Institute of Advanced Industrial Science and Technology (AIST), Tsukisamu-Higashi, Toyohira-ku, Sapporo 062-8517, Japan;; National Institute of Advanced Industrial Science and Techno",,False,0,university|government,True,False,True,False,False
bc536ccccd39,1,ushijima|e,scopus,"IMRA Japan Co., Ltd.",IMRA Japan,True,1,company,False,True,False,False,True
bc536ccccd39,2,fujimoto|s,scopus,MEMS-CORE Co. Ltd.,,False,0,company,False,True,False,False,False
bc536ccccd39,3,nakazato|k,scopus,Nagoya University,,False,0,university,True,False,False,False,False
c257d70b8717,1,ebara|s,scopus,"IMRA Japan Co., Ltd.",IMRA Japan,True,1,company,False,True,False,False,True
c257d70b8717,2,shigemori|y,scopus,"IMRA Japan Co., Ltd.",IMRA Japan,True,1,company,False,True,False,False,True
cefee6d1f84d,1,yamamoto|y,openalex,"Department of Mechanical Engineering and Intelligent Systems, Graduate School of Informatics and Engineering, The University of Electro-Communications, 1-5-1 Chofugaoka, Chofu, Tokyo 182-8585, Japan",,False,0,university,True,False,False,False,False
cefee6d1f84d,2,oshita|m,openalex,"Department of Mechanical Engineering and Intelligent Systems, Graduate School of Informatics and Engineering, The University of Electro-Communications, 1-5-1 Chofugaoka, Chofu, Tokyo 182-8585, Japan",,False,0,university,True,False,False,False,False
cefee6d1f84d,3,saito|s,openalex,"IMRA JAPAN CO., LTD., 2-36, Hachiken-cho, Kariya, Aichi 448-8650, Japan",IMRA Japan,True,1,company,False,True,False,False,True
cefee6d1f84d,4,kan|t,openalex,"Department of Mechanical Engineering and Intelligent Systems, Graduate School of Informatics and Engineering, The University of Electro-Communications, 1-5-1 Chofugaoka, Chofu, Tokyo 182-8585, Japan",,False,0,university,True,False,False,False,False
d7e466fe9b68,1,allison|g,scopus,"IMRA Japan Co., Ltd.",IMRA Japan,True,1,company,False,True,False,False,True
d7e466fe9b68,2,sana|a,scopus,"IMRA Japan Co., Ltd.",IMRA Japan,True,1,company,False,True,False,False,True
d7e466fe9b68,3,ogawa|y,scopus,"IMRA Japan Co., Ltd.",IMRA Japan,True,1,company,False,True,False,False,True
d7e466fe9b68,4,kato|h,scopus,"IMRA Japan Co., Ltd.",IMRA Japan,True,1,company,False,True,False,False,True
d7e466fe9b68,5,ueno|k,scopus,Hokkaido University,,False,0,university,True,False,False,False,False
d7e466fe9b68,6,misawa|h,scopus,Hokkaido University; National Yang Ming Chiao Tung University,,False,0,university,True,False,False,False,False
d7e466fe9b68,7,hayashi|k,scopus,"IMRA Japan Co., Ltd.",IMRA Japan,True,1,company,False,True,False,False,True
d7e466fe9b68,8,suzuki|h,scopus,"IMRA Japan Co., Ltd.",IMRA Japan,True,1,company,False,True,False,False,True
d8d23728bf47,1,kaneda|y,openalex,"The University of Electro-Communications,Japan; The University of Electro-Communications, Japan",,False,0,university,True,False,False,False,False
d8d23728bf47,2,oshita|m,openalex,"The University of Electro-Communications,Japan; The University of Electro-Communications, Japan",,False,0,university,True,False,False,False,False
d8d23728bf47,3,yamaoka|u,openalex,"The University of Electro-Communications,Japan; The University of Electro-Communications, Japan",,False,0,university,True,False,False,False,False
d8d23728bf47,4,saito|s,openalex,"IMRA Japan Co., Ltd.,Japan; IMRA Japan Co., Ltd., Japan",IMRA Japan,True,1,company,False,True,False,False,True
d8d23728bf47,5,kan|t,openalex,"The University of Electro-Communications,Japan; The University of Electro-Communications, Japan",,False,0,university,True,False,False,False,False
e165cf6e3e93,1,gao|p,openalex,CH-1951 Sion; Group for Molecular Engineering of Functional Materials; Institute of Chemical Sciences and Engineering; Rue de l'industrie 17; École Polytechnique Fédérale de Lausanne,,False,0,other|university,True,False,False,False,False
e165cf6e3e93,2,cho|k,openalex,CH-1951 Sion; Group for Molecular Engineering of Functional Materials; Institute of Chemical Sciences and Engineering; Rue de l'industrie 17; École Polytechnique Fédérale de Lausanne,,False,0,other|university,True,False,False,False,False
e165cf6e3e93,3,abate|a,openalex,CH-1015-Lausanne; Institute of Chemical Sciences and Engineering; Laboratory of Photomolecular Science; Switzerland; École Polytechnique Fédérale de Lausanne,,False,0,other|university,True,False,False,False,False
e165cf6e3e93,4,grancini|g,openalex,CH-1951 Sion; Group for Molecular Engineering of Functional Materials; Institute of Chemical Sciences and Engineering; Rue de l'industrie 17; École Polytechnique Fédérale de Lausanne,,False,0,other|university,True,False,False,False,False
e165cf6e3e93,5,reddy|p,openalex,"Aisin Cosmos R&D Co LTD; Hyderabad; India; Aisin Cosmos R&D Co LTD, Show room No 8, Block-D, HUDA Complex, Tarnaka, Hyderabad, India",アイシン,False,1,company|other,False,True,False,False,True
e165cf6e3e93,6,srivasu|m,openalex,"Aisin Cosmos R&D Co LTD; Hyderabad; India; Aisin Cosmos R&D Co LTD, Show room No 8, Block-D, HUDA Complex, Tarnaka, Hyderabad, India",アイシン,False,1,company|other,False,True,False,False,True
e165cf6e3e93,7,adachi|m,openalex,"Aisin Cosmos R&D Co LTD; Japan; Kariya City; Aisin Cosmos R&D Co LTD, 2-36, Hachiken-cho, Kariya City, Japan",アイシン,False,1,company|other,False,True,False,False,True
e165cf6e3e93,8,suzuki|a,openalex,"Aisin Cosmos R&D Co LTD; Japan; Kariya City; Aisin Cosmos R&D Co LTD, 2-36, Hachiken-cho, Kariya City, Japan",アイシン,False,1,company|other,False,True,False,False,True
e165cf6e3e93,9,tsuchimoto|k,openalex,"Aisin Cosmos R&D Co LTD; Japan; Kariya City; Aisin Cosmos R&D Co LTD, 2-36, Hachiken-cho, Kariya City, Japan",アイシン,False,1,company|other,False,True,False,False,True
e165cf6e3e93,10,gr tzel|m,openalex,CH-1015-Lausanne; Institute of Chemical Sciences and Engineering; Laboratory of Photomolecular Science; Switzerland; École Polytechnique Fédérale de Lausanne,,False,0,other|university,True,False,False,False,False
e165cf6e3e93,11,nazeeruddin|m,scopus,École Polytechnique Fédérale de Lausanne,,False,0,university,True,False,False,False,False
e17bcf32ce5e,1,kawashima|k,scopus,"IMRA Japan Co., Ltd.; National Institute of Advanced Industrial Science and Technology",IMRA Japan,True,1,company|government,False,True,True,False,True
e17bcf32ce5e,2,ishida|s,scopus,National Institute of Advanced Industrial Science and Technology,,False,0,government,False,False,True,False,False
e17bcf32ce5e,3,fujihisa|h,scopus,National Institute of Advanced Industrial Science and Technology,,False,0,government,False,False,True,False,False
e17bcf32ce5e,4,gotoh|y,scopus,National Institute of Advanced Industrial Science and Technology,,False,0,government,False,False,True,False,False
e17bcf32ce5e,5,yoshida|y,scopus,National Institute of Advanced Industrial Science and Technology,,False,0,government,False,False,True,False,False
e17bcf32ce5e,6,eisaki|h,scopus,National Institute of Advanced Industrial Science and Technology,,False,0,government,False,False,True,False,False
e17bcf32ce5e,7,ogino|h,scopus,National Institute of Advanced Industrial Science and Technology,,False,0,government,False,False,True,False,False
e17bcf32ce5e,8,iyo|a,scopus,National Institute of Advanced Industrial Science and Technology,,False,0,government,False,False,True,False,False
e2975bb03fa9,1,ninomiya|h,scopus,National Institute of Advanced Industrial Science and Technology,,False,0,government,False,False,True,False,False
e2975bb03fa9,2,oka|k,scopus,National Institute of Advanced Industrial Science and Technology,,False,0,government,False,False,True,False,False
e2975bb03fa9,3,hase|i,scopus,National Institute of Advanced Industrial Science and Technology,,False,0,government,False,False,True,False,False
e2975bb03fa9,4,kawashima|k,scopus,"National Institute of Advanced Industrial Science and Technology; IMRA Japan Co., Ltd.",IMRA Japan,True,1,government|company,False,True,True,False,True
e2975bb03fa9,5,fujihisa|h,scopus,National Institute of Advanced Industrial Science and Technology,,False,0,government,False,False,True,False,False
e2975bb03fa9,6,gotoh|y,scopus,National Institute of Advanced Industrial Science and Technology,,False,0,government,False,False,True,False,False
e2975bb03fa9,7,ishida|s,scopus,National Institute of Advanced Industrial Science and Technology,,False,0,government,False,False,True,False,False
e2975bb03fa9,8,ogino|h,scopus,National Institute of Advanced Industrial Science and Technology,,False,0,government,False,False,True,False,False
e2975bb03fa9,9,iyo|a,scopus,National Institute of Advanced Industrial Science and Technology,,False,0,government,False,False,True,False,False
e2975bb03fa9,10,yoshida|y,scopus,National Institute of Advanced Industrial Science and Technology,,False,0,government,False,False,True,False,False
e2975bb03fa9,11,eisaki|h,scopus,National Institute of Advanced Industrial Science and Technology,,False,0,government,False,False,True,False,False
e8fa643c1acd,1,lamura|g,openalex,"CNR-SPIN; CNR-SPIN, I-16152 Genova, Italy",,False,0,other,False,False,False,False,False
e8fa643c1acd,2,ninomiya|h,openalex,"National Institute of Advanced Industrial Science and Technology; National Institute of Advanced Industrial Science and Technology (AIST), Tsukuba 305-8568, Japan",,False,0,government,False,False,True,False,False
e8fa643c1acd,3,khasanov|r,openalex,"PSI; PSI Center for Neutron and Muon Sciences CNM, CH-5232 Villigen PSI, Switzerland",,False,0,other,False,False,False,False,False
e8fa643c1acd,4,kawashima|k,openalex,"IMRA; National Institute of Advanced Industrial Science and Technology; IMRA Japan Co., Ltd., Kariya 448-8650, Japan; National Institute of Advanced Industrial Science and Technology (AIST), Tsukuba 305-8568, Japan",IMRA Japan,True,1,other|government|company,False,True,True,False,True
e8fa643c1acd,5,takeshita|n,openalex,"National Institute of Advanced Industrial Science and Technology; National Institute of Advanced Industrial Science and Technology (AIST), Tsukuba 305-8568, Japan",,False,0,government,False,False,True,False,False
e8fa643c1acd,6,ogino|h,openalex,"National Institute of Advanced Industrial Science and Technology; National Institute of Advanced Industrial Science and Technology (AIST), Tsukuba 305-8568, Japan",,False,0,government,False,False,True,False,False
e8fa643c1acd,7,shiroka|t,openalex,"ETH Zürich; PSI; PSI Center for Neutron and Muon Sciences CNM, CH-5232 Villigen PSI, Switzerland",,False,0,other,False,False,False,False,False
e9ac119e8dae,1,shigemori|y,scopus,Kazusa DNA Research Institute,,False,0,other,False,False,False,False,False
ed3d3fcd7d15,1,niiyama|a,openalex,"Faculty of Pure and Applied Sciences, University of Tsukuba, 1-1-1 Tennodai, Tsukuba, Ibaraki, 305-8573, Japan",,False,0,university,True,False,False,False,False
ed3d3fcd7d15,2,murata|k,openalex,"Faculty of Pure and Applied Sciences, University of Tsukuba, 1-1-1 Tennodai, Tsukuba, Ibaraki, 305-8573, Japan",,False,0,university,True,False,False,False,False
ed3d3fcd7d15,3,shigemori|y,openalex,"Aisin Cosmos R&D Co., Ltd., 2-1-5 Kazusa-kamatari, Kisarazu, Chiba, 292-0818, Japan",アイシン,False,1,company,False,True,False,False,True
ed3d3fcd7d15,4,zebda|a,openalex,"UGA-Grenoble 1, CNRS, INSERM, TIMC-IMAG UMR 5525, Grenoble, 38000, France",,False,0,government,False,False,True,False,False
ed3d3fcd7d15,5,tsujimura|s,openalex,"Faculty of Pure and Applied Sciences, University of Tsukuba, 1-1-1 Tennodai, Tsukuba, Ibaraki, 305-8573, Japan",,False,0,university,True,False,False,False,False
eda00a147ef4,1,shigemori|y,scopus,"Kazusa DNA Research Institute; IMRA Japan Co., Ltd.",IMRA Japan,True,1,other|company,False,True,False,False,True
eda00a147ef4,2,oishi|m,scopus,Kazusa DNA Research Institute,,False,0,other,False,False,False,False,False
edb94f886caa,1,hoang|c,scopus,"IMRA Japan Co., Ltd.; Vietnamese Academy of Science and Technology Institute of Materials Science; Vietnam National University, Hanoi",IMRA Japan,True,1,company|other|university,True,True,False,False,True
edb94f886caa,2,hayashi|k,scopus,"IMRA Japan Co., Ltd.",IMRA Japan,True,1,company,False,True,False,False,True
edb94f886caa,3,ito|y,scopus,"IMRA Japan Co., Ltd.",IMRA Japan,True,1,company,False,True,False,False,True
edb94f886caa,4,gorai|n,scopus,"IMRA Japan Co., Ltd.",IMRA Japan,True,1,company,False,True,False,False,True
edb94f886caa,5,allison|g,scopus,"IMRA Japan Co., Ltd.",IMRA Japan,True,1,company,False,True,False,False,True
edb94f886caa,6,shi|x,scopus,Hokkaido University,,False,0,university,True,False,False,False,False
edb94f886caa,7,sun|q,scopus,Hokkaido University,,False,0,university,True,False,False,False,False
edb94f886caa,8,cheng|z,scopus,The University of Tokyo,,False,0,university,True,False,False,False,False
edb94f886caa,9,ueno|k,scopus,Hokkaido University,,False,0,university,True,False,False,False,False
edb94f886caa,10,goda|k,scopus,The University of Tokyo; UCLA Samueli School of Engineering,,False,0,university,True,False,False,False,False
edb94f886caa,11,misawa|h,scopus,Hokkaido University; National Chiao Tung University,,False,0,university,True,False,False,False,False
f093823fb012,1,takahashi|y,scopus,The University of Tokyo; Hiroshima University,,False,0,university,True,False,False,False,False
f093823fb012,2,kondo|k,scopus,"IMRA Japan Co., Ltd.",IMRA Japan,True,1,company,False,True,False,False,True
f093823fb012,3,miyaji|a,scopus,Hiroshima University,,False,0,university,True,False,False,False,False
f093823fb012,4,watanabe|y,scopus,The University of Tokyo,,False,0,university,True,False,False,False,False
f093823fb012,5,fan|q,scopus,The University of Tokyo,,False,0,university,True,False,False,False,False
f093823fb012,6,honma|t,scopus,Japan Synchrotron Radiation Research Institute,,False,0,government,False,False,True,False,False
f093823fb012,7,tanaka|k,scopus,Hiroshima University,,False,0,university,True,False,False,False,False
fe9a90b31b7e,1,iyo|a,openalex,"National Institute of Advanced Industrial Science and Technology (AIST), Tsukuba, Ibaraki 305-8568, Japan",,False,0,government,False,False,True,False,False
fe9a90b31b7e,2,fujihisa|h,openalex,"National Institute of Advanced Industrial Science and Technology (AIST), Tsukuba, Ibaraki 305-8568, Japan",,False,0,government,False,False,True,False,False
fe9a90b31b7e,3,gotoh|y,openalex,"National Institute of Advanced Industrial Science and Technology (AIST), Tsukuba, Ibaraki 305-8568, Japan",,False,0,government,False,False,True,False,False
fe9a90b31b7e,4,ishida|s,openalex,"National Institute of Advanced Industrial Science and Technology (AIST), Tsukuba, Ibaraki 305-8568, Japan",,False,0,government,False,False,True,False,False
fe9a90b31b7e,5,eisaki|h,openalex,"National Institute of Advanced Industrial Science and Technology (AIST), Tsukuba, Ibaraki 305-8568, Japan",,False,0,government,False,False,True,False,False
fe9a90b31b7e,6,ogino|h,openalex,"National Institute of Advanced Industrial Science and Technology (AIST), Tsukuba, Ibaraki 305-8568, Japan",,False,0,government,False,False,True,False,False
fe9a90b31b7e,7,kawashima|k,openalex,"IMRA JAPAN Co., Ltd, Kariya, Aichi 448-8650, Japan; National Institute of Advanced Industrial Science and Technology (AIST), Tsukuba, Ibaraki 305-8568, Japan",IMRA Japan,True,1,company|government,False,True,True,False,True
02f27c0dae41,1,galvanauskas|a,openalex,"Imra America Inc, Ann Arbor, MI, US; IMRA America Inc., Ann Arbor, MI, USA",IMRA America,True,1,company,False,True,False,False,True
02f27c0dae41,2,hariharan|a,openalex,"Imra America Inc, Ann Arbor, MI, US; IMRA America, Inc",IMRA America,True,1,company,False,True,False,False,True
02f27c0dae41,3,harter|d,openalex,"Imra America Inc, Ann Arbor, MI, US; IMRA America, Inc",IMRA America,True,1,company,False,True,False,False,True
02f27c0dae41,4,arbore|m,openalex,"Imra America Inc, Ann Arbor, MI, US; IMRA America, Inc",IMRA America,True,1,company,False,True,False,False,True
02f27c0dae41,5,fejer|m,openalex,"IMRA America, Inc",IMRA America,True,1,company,False,True,False,False,True
0497ac6b974f,1,yada|h,scopus,"IMRA America, Inc.",IMRA America,True,1,company,False,True,False,False,True
0497ac6b974f,2,ichikawa|y,scopus,"IMRA America, Inc.",IMRA America,True,1,company,False,True,False,False,True
055660bec4db,1,lloyd|s,scopus,Japan Advanced Institute of Science and Technology,,False,0,other,False,False,False,False,False
055660bec4db,2,higashimine|k,scopus,Japan Advanced Institute of Science and Technology,,False,0,other,False,False,False,False,False
055660bec4db,3,tanigawa|t,scopus,IMRA America Inc.,IMRA America,True,1,company,False,True,False,False,True
055660bec4db,4,murata|h,scopus,Japan Advanced Institute of Science and Technology,,False,0,other,False,False,False,False,False
067b01848054,1,lee|k,scopus,"IMRA America, Inc.",IMRA America,True,1,company,False,True,False,False,True
067b01848054,2,fermann|m,scopus,"IMRA America, Inc.",IMRA America,True,1,company,False,True,False,False,True
06a94e525622,1,peng|x,scopus,"IMRA America, Inc.",IMRA America,True,1,company,False,True,False,False,True
06a94e525622,2,dong|l,scopus,"IMRA America, Inc.",IMRA America,True,1,company,False,True,False,False,True
06e902a79421,1,imeshev|g,openalex,"IMRA America, Inc., 1044 Woodridge Ave., Ann Arbor, Michigan 48105, USA",IMRA America,True,1,company,False,True,False,False,True
06e902a79421,2,fermann|m,openalex,"IMRA America, Inc., 1044 Woodridge Ave., Ann Arbor, Michigan 48105, USA",IMRA America,True,1,company,False,True,False,False,True
0a4c5e96d285,1,shah|l,scopus,"IMRA America, Inc.",IMRA America,True,1,company,False,True,False,False,True
0a4c5e96d285,2,fermann|m,scopus,"IMRA America, Inc.",IMRA America,True,1,company,False,True,False,False,True
0a90cfe47e38,1,hartl|i,openalex,"IMRA America, Inc., 1044 Woodridge Ave., Ann Arbor, MI 48105, USA",IMRA America,True,1,company,False,True,False,False,True
0a90cfe47e38,2,imeshev|g,openalex,"IMRA America, Inc., 1044 Woodridge Ave., Ann Arbor, MI 48105, USA",IMRA America,True,1,company,False,True,False,False,True
0a90cfe47e38,3,fermann|m,openalex,"IMRA America, Inc., 1044 Woodridge Ave., Ann Arbor, MI 48105, USA",IMRA America,True,1,company,False,True,False,False,True
0a90cfe47e38,4,langrock|c,openalex,"E.L. Ginzton Laboratory, Stanford University,, Stanford CA, 94305, USA",,False,0,university,True,False,False,False,False
0a90cfe47e38,5,fejer|m,openalex,"E.L. Ginzton Laboratory, Stanford University,, Stanford CA, 94305, USA",,False,0,university,True,False,False,False,False
0a9c9daa822f,1,bovatsek|j,scopus,"IMRA America, Inc.",IMRA America,True,1,company,False,True,False,False,True
0a9c9daa822f,2,shah|l,scopus,"IMRA America, Inc.",IMRA America,True,1,company,False,True,False,False,True
0a9c9daa822f,3,arai|a,scopus,"IMRA America, Inc.",IMRA America,True,1,company,False,True,False,False,True
0a9c9daa822f,4,uehara|y,scopus,"IMRA America, Inc.",IMRA America,True,1,company,False,True,False,False,True
0abe40d14a0b,1,galvanauskas|b,openalex,"IMRA America, Inc., Ann Arbor, MI, USA; IMRA America Inc., Ann Arbor, MI, USA",IMRA America,True,1,company,False,True,False,False,True
0abe40d14a0b,2,fermann|m,openalex,"IMRA America, Inc., Ann Arbor, MI, USA; [IMRA America, Inc., Ann Arbor, MI, USA]",IMRA America,True,1,company,False,True,False,False,True
0abe40d14a0b,3,arbore|m,openalex,"E L Ginzton Laboratory, University of Stanford, Stanford, CA, USA; [E. L. Ginzton Laboratory, University of Stanford, Stanford, CA, USA]",,False,0,university,True,False,False,False,False
0abe40d14a0b,4,minelly|j,openalex,"Optoelectronics Research Centre, University of Southampton, Southampton, UK; Optoelectronics Research Centre, University of Southampton. Southampton, UK",,False,0,university,True,False,False,False,False
0abe40d14a0b,5,caplen|j,openalex,"Optoelectronics Research Centre, University of Southampton, Southampton, UK; Optoelectronics Research Centre, University of Southampton. Southampton, UK",,False,0,university,True,False,False,False,False
0abe40d14a0b,6,fejer|m,openalex,"E L Ginzton Laboratory, University of Stanford, Stanford, CA, USA; [E. L. Ginzton Laboratory, University of Stanford, Stanford, CA, USA]",,False,0,university,True,False,False,False,False
0abe40d14a0b,7,harter|d,openalex,"IMRA America, Inc., Ann Arbor, MI, USA; [IMRA America, Inc., Ann Arbor, MI, USA]",IMRA America,True,1,company,False,True,False,False,True
0b1b7a2daac9,1,imeshev|g,openalex,"IMRA America, Inc., Ann Arbor, Michigan, USA; IMRA America, Inc., Ann Arbor, MI, USA",IMRA America,True,1,company,False,True,False,False,True
0b1b7a2daac9,2,hartl|i,openalex,"IMRA America, Inc., Ann Arbor, Michigan; IMRA America, Inc., Ann Arbor, MI, USA",IMRA America,True,1,company,False,True,False,False,True
0b1b7a2daac9,3,fermann|m,openalex,"IMRA America, Inc., Ann Arbor, Michigan, USA; IMRA America, Inc., Ann Arbor, MI, USA",IMRA America,True,1,company,False,True,False,False,True
0b8be374c492,1,liu|b,openalex,"IMRA America, Inc. (United States)",IMRA America,True,1,company,False,True,False,False,True
0b8be374c492,2,hu|z,openalex,"IMRA America, Inc. (United States)",IMRA America,True,1,company,False,True,False,False,True
0b8be374c492,3,chen|y,openalex,Univ. of Michigan (United States),,False,0,university,True,False,False,False,False
0b8be374c492,4,sun|k,openalex,Univ. of Michigan (United States),,False,0,university,True,False,False,False,False
0b8be374c492,5,pan|x,openalex,Univ. of Michigan (United States),,False,0,university,True,False,False,False,False
0b8be374c492,6,che|y,openalex,"IMRA America, Inc. (United States)",IMRA America,True,1,company,False,True,False,False,True
0bfb72a23530,1,mclean|a,scopus,"University of Michigan, Ann Arbor",,False,0,university,True,False,False,False,False
0bfb72a23530,2,kanetidis|m,scopus,Aristotle University of Thessaloniki,,False,0,university,True,False,False,False,False
0bfb72a23530,3,gogineni|t,scopus,"University of Michigan, Ann Arbor",,False,0,university,True,False,False,False,False
0bfb72a23530,4,ukani|r,scopus,"University of Michigan, Ann Arbor",,False,0,university,True,False,False,False,False
0bfb72a23530,5,mclean|r,scopus,"University of Michigan, Ann Arbor",,False,0,university,True,False,False,False,False
0bfb72a23530,6,cooke|a,scopus,"University of Michigan, Ann Arbor",,False,0,university,True,False,False,False,False
0bfb72a23530,7,avinor|i,scopus,"University of Michigan, Ann Arbor",,False,0,university,True,False,False,False,False
0bfb72a23530,8,liu|b,scopus,"IMRA America, Inc.",IMRA America,True,1,company,False,True,False,False,True
0bfb72a23530,9,argyrakis|p,scopus,Aristotle University of Thessaloniki,,False,0,university,True,False,False,False,False
0bfb72a23530,10,qian|w,scopus,"University of Michigan, Ann Arbor; IMRA America, Inc.",IMRA America,True,1,university|company,True,True,False,False,True
0bfb72a23530,11,kopelman|r,scopus,"University of Michigan, Ann Arbor",,False,0,university,True,False,False,False,False
0c5047e5b1d5,1,liu|b,scopus,"IMRA America, Inc.",IMRA America,True,1,company,False,True,False,False,True
0c5047e5b1d5,2,hu|z,scopus,"IMRA America, Inc.",IMRA America,True,1,company,False,True,False,False,True
0c5047e5b1d5,3,che|y,scopus,"IMRA America, Inc.",IMRA America,True,1,company,False,True,False,False,True
0c5047e5b1d5,4,chen|y,scopus,"University of Michigan, Ann Arbor",,False,0,university,True,False,False,False,False
0c5047e5b1d5,5,pan|x,scopus,"University of Michigan, Ann Arbor",,False,0,university,True,False,False,False,False
0c5a9f4def54,1,maekawa|k,openalex,"Division of advanced electronics and optical science, Osaka University, 1-3 Machikaneyama, 560-8531 Toyonaka, Japan",,False,0,university,True,False,False,False,False
0c5a9f4def54,2,kawamoto|y,openalex,"Division of advanced electronics and optical science, Osaka University, 1-3 Machikaneyama, 560-8531 Toyonaka, Japan",,False,0,university,True,False,False,False,False
0c5a9f4def54,3,nakashita|t,openalex,"Division of advanced electronics and optical science, Osaka University, 1-3 Machikaneyama, 560-8531 Toyonaka, Japan",,False,0,university,True,False,False,False,False
0c5a9f4def54,4,yoshioka|t,openalex,"Division of advanced electronics and optical science, Osaka University, 1-3 Machikaneyama, 560-8531 Toyonaka, Japan",,False,0,university,True,False,False,False,False
0c5a9f4def54,5,hori|t,openalex,"IMRA America Inc., Japanese Branch Office, 2-1 Asahi-machi, 448-0032 Kariya, Aichi, Japan",IMRA America,True,1,company,False,True,False,False,True
0c5a9f4def54,6,heffernan|b,openalex,"IMRA America Inc., Boulder Research Labs, 1551 South Sunset St, Suite C, Longmont, Colorado 80501, USA",IMRA America,True,1,company,False,True,False,False,True
0c5a9f4def54,7,greenberg|j,openalex,"IMRA America Inc., Boulder Research Labs, 1551 South Sunset St, Suite C, Longmont, Colorado 80501, USA",IMRA America,True,1,company,False,True,False,False,True
0c5a9f4def54,8,amin|r,openalex,"IMRA America Inc., Boulder Research Labs, 1551 South Sunset St, Suite C, Longmont, Colorado 80501, USA",IMRA America,True,1,company,False,True,False,False,True
0c5a9f4def54,9,tanigawa|t,openalex,"IMRA America Inc., Japanese Branch Office, 2-1 Asahi-machi, 448-0032 Kariya, Aichi, Japan",IMRA America,True,1,company,False,True,False,False,True
0c5a9f4def54,10,rolland|a,openalex,"IMRA America Inc., Boulder Research Labs, 1551 South Sunset St, Suite C, Longmont, Colorado 80501, USA",IMRA America,True,1,company,False,True,False,False,True
0c5a9f4def54,11,nagatsuma|t,openalex,"Division of advanced electronics and optical science, Osaka University, 1-3 Machikaneyama, 560-8531 Toyonaka, Japan",,False,0,university,True,False,False,False,False
0d18f50d9e8f,1,pan|x,openalex,"Department of Materials Science and Engineering, University of Michigan, Ann Arbor, MI 48109-2136, USA; State Key Laboratory of Silicon Materials, Zhejiang University, Hangzhou 310027, People’s Republic of China",,False,0,university,True,False,False,False,False
0d18f50d9e8f,2,pan|x,openalex,"Department of Materials Science and Engineering, University of Michigan, Ann Arbor, MI 48109-2136, USA; State Key Laboratory of Silicon Materials, Zhejiang University, Hangzhou 310027, People’s Republic of China; Department of Materials Science and Engineering University of Michigan Ann Arbor, MI 48109‐2136 (USA)",,False,0,university,True,False,False,False,False
0d18f50d9e8f,3,guo|w,openalex,"Department of Materials Science and Engineering, University of Michigan, Ann Arbor, MI 48109-2136, USA; State Key Laboratory of Silicon Materials, Zhejiang University, Hangzhou 310027,#N#People’s Republic of China",,False,0,university,True,False,False,False,False
0d18f50d9e8f,4,ye|z,openalex,"State Key Laboratory of Silicon Materials, Zhejiang University, Hangzhou 310027, People’s Republic of China; Functional Materials Group, IMRA America, Inc., Ann Arbor, MI 48105, USA",IMRA America,True,1,university|company,True,True,False,False,True
0d18f50d9e8f,5,liu|b,openalex,"Functional Materials Group, IMRA America, Inc., Ann Arbor, MI 48105, USA",IMRA America,True,1,company,False,True,False,False,True
0d18f50d9e8f,6,che|y,openalex,"Functional Materials Group, IMRA America, Inc., Ann Arbor, MI 48105, USA; Department of Materials Science and Engineering University of Michigan Ann Arbor, MI 48109‐2136 (USA)",IMRA America,True,1,company|university,True,True,False,False,True
0d18f50d9e8f,7,nelson|c,openalex,"Department of Materials Science and Engineering, University of Michigan, Ann Arbor, MI 48109-2136, USA; Department of Materials Science and Engineering University of Michigan Ann Arbor, MI 48109‐2136 (USA)",,False,0,university,True,False,False,False,False
0d18f50d9e8f,8,zhang|y,openalex,"Department of Materials Science and Engineering, University of Michigan, Ann Arbor, MI 48109-2136, USA; Department of Materials Science and Engineering, Cornell University Ithaca, NY 14853‐1501 (USA)",,False,0,university,True,False,False,False,False
0d18f50d9e8f,9,tian|w,openalex,"Department of Materials Science and Engineering, Cornell University, Ithaca, NY 14853-1501, USA; Department of Materials Science and Engineering, Cornell University Ithaca, NY 14853‐1501 (USA)",,False,0,university,True,False,False,False,False
0d18f50d9e8f,10,schlom|d,openalex,"Department of Materials Science and Engineering, Cornell University, Ithaca, NY 14853-1501, USA; Department of Materials Science and Engineering University of Michigan Ann Arbor, MI 48109‐2136 (USA)",,False,0,university,True,False,False,False,False
0d18f50d9e8f,11,pan|x,openalex,"Department of Materials Science and Engineering, University of Michigan, Ann Arbor, MI 48109-2136, USA; State Key Laboratory of Silicon Materials, Zhejiang University, Hangzhou 310027, People’s Republic of China",,False,0,university,True,False,False,False,False
0d18f50d9e8f,12,pan|x,openalex,"Department of Materials Science and Engineering, University of Michigan, Ann Arbor, MI 48109-2136, USA; State Key Laboratory of Silicon Materials, Zhejiang University, Hangzhou 310027, People’s Republic of China",,False,0,university,True,False,False,False,False
0d97ca1f7ab2,1,sucha|g,openalex,"IMRA America, 1044 Woodridge Avenue, Ann Arbor, Michigan 48105 USA",IMRA America,True,1,company,False,True,False,False,True
0d97ca1f7ab2,2,hofer|m,openalex,"IMRA America, 1044 Woodridge Avenue, Ann Arbor, Michigan 48105 USA",IMRA America,True,1,company,False,True,False,False,True
0d97ca1f7ab2,3,fermann|m,openalex,"IMRA America, 1044 Woodridge Avenue, Ann Arbor, Michigan 48105 USA",IMRA America,True,1,company,False,True,False,False,True
0d97ca1f7ab2,4,haberl|f,openalex,"IMRA America, 1044 Woodridge Avenue, Ann Arbor, Michigan 48105 USA",IMRA America,True,1,company,False,True,False,False,True
0d97ca1f7ab2,5,harter|d,openalex,"IMRA America, 1044 Woodridge Avenue, Ann Arbor, Michigan 48105 USA",IMRA America,True,1,company,False,True,False,False,True
12694fc1f57c,1,lee|k,openalex,"IMRA America, Inc., 1044 Woodridge Avenue, Ann Arbor, Michigan 48105, USA",IMRA America,True,1,company,False,True,False,False,True
12694fc1f57c,2,mohr|c,openalex,"IMRA America, Inc., 1044 Woodridge Avenue, Ann Arbor, Michigan 48105, USA",IMRA America,True,1,company,False,True,False,False,True
12694fc1f57c,3,jiang|j,openalex,"IMRA America, Inc., 1044 Woodridge Avenue, Ann Arbor, Michigan 48105, USA",IMRA America,True,1,company,False,True,False,False,True
12694fc1f57c,4,schunemann|p,openalex,"BAE Systems, P. O. Box 868 Nashua, New Hampshire 03063, USA",,False,0,other,False,False,False,False,False
12694fc1f57c,5,vodopyanov|k,openalex,"CREOL, College of Optics and Photonics, Univ. Cent. Florida, Orlando, FL 32816, USA",,False,0,university,True,False,False,False,False
12694fc1f57c,6,fermann|m,openalex,"IMRA America, Inc., 1044 Woodridge Avenue, Ann Arbor, Michigan 48105, USA",IMRA America,True,1,company,False,True,False,False,True
13445895d10e,1,fermann|m,openalex,"IMRA America, Inc., Ann Arbor, MI, USA",IMRA America,True,1,company,False,True,False,False,True
13445895d10e,2,galvanauskas|a,openalex,"IMRA America, Inc., Ann Arbor, MI, USA",IMRA America,True,1,company,False,True,False,False,True
13445895d10e,3,stock|m,openalex,"IMRA America, Inc., Ann Arbor, MI, USA",IMRA America,True,1,company,False,True,False,False,True
13445895d10e,4,wong|k,openalex,"IMRA America, Inc., Ann Arbor, MI, USA",IMRA America,True,1,company,False,True,False,False,True
13445895d10e,5,harter|d,openalex,"IMRA America, Inc., Ann Arbor, MI, USA",IMRA America,True,1,company,False,True,False,False,True
13445895d10e,6,goldberg|l,openalex,"Naval Research Laboratory, Inc., Washington D.C., DC, USA",,False,0,company,False,True,False,False,False
158cacadff8b,1,birn|j,,,,False,0,,False,False,False,False,False
158cacadff8b,2,weise|k,,,,False,0,,False,False,False,False,False
17def8b212e1,1,dong|l,openalex,"IMRA America, Inc. (United States)",IMRA America,True,1,company,False,True,False,False,True
17def8b212e1,2,thomas|b,openalex,"IMRA America, Inc. (United States)",IMRA America,True,1,company,False,True,False,False,True
17def8b212e1,3,suzuki|s,openalex,"IMRA America, Inc. (United States)",IMRA America,True,1,company,False,True,False,False,True
17def8b212e1,4,fu|l,openalex,"IMRA America, Inc. (United States)",IMRA America,True,1,company,False,True,False,False,True
1994ec9fb1ec,1,fermann|m,openalex,"IMRA America, Inc., Ann Arbor, MI, USA; IMRA America, Ann Arbor, MI, USA",IMRA America,True,1,company,False,True,False,False,True
1994ec9fb1ec,2,galvanauskas|a,openalex,"IMRA America, Inc., Ann Arbor, MI, USA; IMRA America, Inc",IMRA America,True,1,company,False,True,False,False,True
1994ec9fb1ec,3,harter|d,openalex,"IMRA America, Inc",IMRA America,True,1,company,False,True,False,False,True
1994ec9fb1ec,4,minelly|j,openalex,"IMRA America, Inc., Ann Arbor, MI, USA; IMRA America, Inc",IMRA America,True,1,company,False,True,False,False,True
1994ec9fb1ec,5,caplen|j,openalex,"IMRA America, Inc., Ann Arbor, MI, USA; IMRA America, Inc",IMRA America,True,1,company,False,True,False,False,True
19cc7a568be8,1,flanigan|p,openalex,"Temple University Department of Chemistry, 1901 N 13th St, Philadelphia, PA 19122 USA; Temple University, Department of Chemistry, 1901 N. 13th St., Philadelphia, PA 19122, USA",,False,0,university,True,False,False,False,False
19cc7a568be8,2,shi|f,openalex,"Temple University Department of Chemistry, 1901 N 13th St, Philadelphia, PA 19122 USA; Temple University, Department of Chemistry, 1901 N. 13th St., Philadelphia, PA 19122, USA",,False,0,university,True,False,False,False,False
19cc7a568be8,3,archer|j,openalex,"Temple University Department of Chemistry, 1901 N 13th St, Philadelphia, PA 19122 USA; Temple University, Department of Chemistry, 1901 N. 13th St., Philadelphia, PA 19122, USA",,False,0,university,True,False,False,False,False
19cc7a568be8,4,mills|a,openalex,"IMRA America, Inc., 1044 Woodridge Ave., Ann Arbor, MI, 48105-9774 USA",IMRA America,True,1,company,False,True,False,False,True
19cc7a568be8,5,fermann|m,openalex,"IMRA America, Inc., 1044 Woodridge Ave., Ann Arbor, MI, 48105-9774 USA",IMRA America,True,1,company,False,True,False,False,True
19cc7a568be8,6,levis|r,openalex,"Temple University Department of Chemistry, 1901 N 13th St, Philadelphia, PA 19122 USA; Temple University, Department of Chemistry, 1901 N. 13th St., Philadelphia, PA 19122, USA",,False,0,university,True,False,False,False,False
1bba178fb9d5,1,galvanauskas|a,openalex,"Institute of Optical Research, S-100 44 Stockholm, Sweden; RISE ICT",,False,0,other,False,False,False,False,False
1bba178fb9d5,2,blixt|p,openalex,"Institute of Optical Research, S-100 44 Stockholm, Sweden; RISE ICT",,False,0,other,False,False,False,False,False
1bba178fb9d5,3,tellefsen|j,openalex,"Department of Physics II, Royal Institute of Technology, S-100 44 Stockholm, Sweden",,False,0,university,True,False,False,False,False
1d0ed5210dcd,1,zeng|y,openalex,"State Key Laboratory of Silicon Materials, Zhejiang University, Hangzhou 310027, People's Republic of China; State Key Laboratory of Silicon Materials, Zhejiang University, Hangzhou 310027,#N#People’s Republic of China",,False,0,university,True,False,False,False,False
1d0ed5210dcd,2,ye|z,openalex,"State Key Laboratory of Silicon Materials, Zhejiang University, Hangzhou 310027, People's Republic of China; State Key Laboratory of Silicon Materials, Zhejiang University, Hangzhou 310027,#N#People’s Republic of China",,False,0,university,True,False,False,False,False
1d0ed5210dcd,3,xu|w,openalex,"State Key Laboratory of Silicon Materials, Zhejiang University, Hangzhou 310027, People's Republic of China; State Key Laboratory of Silicon Materials, Zhejiang University, Hangzhou 310027,#N#People’s Republic of China",,False,0,university,True,False,False,False,False
1d0ed5210dcd,4,liu|b,openalex,"IMRA America, Inc., 1044 Woodridge Ave. Ann Arbor, Michigan, 48105, USA",IMRA America,True,1,company,False,True,False,False,True
1d0ed5210dcd,5,che|y,openalex,"IMRA America, Inc., 1044 Woodridge Ave. Ann Arbor, Michigan, 48105, USA",IMRA America,True,1,company,False,True,False,False,True
1d0ed5210dcd,6,zhu|l,openalex,"State Key Laboratory of Silicon Materials, Zhejiang University, Hangzhou 310027, People's Republic of China; State Key Laboratory of Silicon Materials, Zhejiang University, Hangzhou 310027,#N#People’s Republic of China",,False,0,university,True,False,False,False,False
1d0ed5210dcd,7,zhao|b,openalex,"State Key Laboratory of Silicon Materials, Zhejiang University, Hangzhou 310027, People's Republic of China; State Key Laboratory of Silicon Materials, Zhejiang University, Hangzhou 310027,#N#People’s Republic of China",,False,0,university,True,False,False,False,False
1d3310e699ac,1,allenic|a,openalex,"Department of Materials Science and Engineering, The University of Michigan, 2300 Hayward Street, Ann Arbor, Michigan 48109 (USA)",,False,0,university,True,False,False,False,False
1d3310e699ac,2,guo|w,openalex,"Department of Materials Science and Engineering, The University of Michigan, 2300 Hayward Street, Ann Arbor, Michigan 48109 (USA)",,False,0,university,True,False,False,False,False
1d3310e699ac,3,chen|y,openalex,"Department of Materials Science and Engineering, The University of Michigan, 2300 Hayward Street, Ann Arbor, Michigan 48109 (USA)",,False,0,university,True,False,False,False,False
1d3310e699ac,4,katz|m,openalex,"Department of Materials Science and Engineering, The University of Michigan, 2300 Hayward Street, Ann Arbor, Michigan 48109 (USA)",,False,0,university,True,False,False,False,False
1d3310e699ac,5,zhao|g,openalex,"Department of Materials Science and Engineering, The University of Michigan, 2300 Hayward Street, Ann Arbor, Michigan 48109 (USA)",,False,0,university,True,False,False,False,False
1d3310e699ac,6,che|y,openalex,"IMRA America Inc., 1044 Woodridge Avenue, Ann Arbor, Michigan 48105 (USA)",IMRA America,True,1,company,False,True,False,False,True
1d3310e699ac,7,hu|z,openalex,"IMRA America Inc., 1044 Woodridge Avenue, Ann Arbor, Michigan 48105 (USA)",IMRA America,True,1,company,False,True,False,False,True
1d3310e699ac,8,liu|b,openalex,"IMRA America Inc., 1044 Woodridge Avenue, Ann Arbor, Michigan 48105 (USA)",IMRA America,True,1,company,False,True,False,False,True
1d3310e699ac,9,zhang|s,openalex,"National Renewable Energy Laboratory, 1617 Cole Boulevard, Golden, Colorado 80401 (USA); National Renewable Energy Laboratory 1617 Cole Boulevard, Golden, Colorado 80401, USA",,False,0,other,False,False,False,False,False
1d3310e699ac,10,pan|x,openalex,"Department of Materials Science and Engineering, The University of Michigan, 2300 Hayward Street, Ann Arbor, Michigan 48109 (USA)",,False,0,university,True,False,False,False,False
1d9ade0397cb,1,lee|k,openalex,"IMRA America, Inc., 1044 Woodridge Avenue, Ann Arbor, Michigan, 48105, USA",IMRA America,True,1,company,False,True,False,False,True
1d9ade0397cb,2,hensley|c,openalex,"IMRA America, Inc., 1044 Woodridge Avenue, Ann Arbor, Michigan, 48105, USA",IMRA America,True,1,company,False,True,False,False,True
1d9ade0397cb,3,schunemann|p,openalex,"BAE Systems, P.O. Box 868 Nashua, New Hampshire 03063, USA",,False,0,other,False,False,False,False,False
1d9ade0397cb,4,fermann|m,openalex,"IMRA America, Inc., 1044 Woodridge Avenue, Ann Arbor, Michigan, 48105, USA",IMRA America,True,1,company,False,True,False,False,True
1e4ec0591b7c,1,hartl|i,scopus,"IMRA America, Inc.",IMRA America,True,1,company,False,True,False,False,True
1e4ec0591b7c,2,fermann|m,scopus,"IMRA America, Inc.",IMRA America,True,1,company,False,True,False,False,True
1f0abf73662a,1,imeshev|g,openalex,"E. L. Ginzton Laboratory, Stanford University , Stanford, California 94305; E.  L.  Ginzton Laboratory, Stanford University, Stanford, California 94305",,False,0,university,True,False,False,False,False
1f0abf73662a,2,fejer|m,openalex,"E. L. Ginzton Laboratory, Stanford University , Stanford, California 94305; E.  L.  Ginzton Laboratory, Stanford University, Stanford, California 94305",,False,0,university,True,False,False,False,False
1f0abf73662a,3,galvanauskas|a,openalex,"IMRA America, 1044 Woodridge Anenue, Ann Arbor, Michigan 48105",IMRA America,True,1,company,False,True,False,False,True
1f0abf73662a,4,harter|d,openalex,"IMRA America, 1044 Woodridge Anenue, Ann Arbor, Michigan 48105",IMRA America,True,1,company,False,True,False,False,True
1f5df93c67a1,1,galvanauskas|a,openalex,"Department of Physics, Royal Institute of Technology, S-10044 Stockholm, Sweden",,False,0,university,True,False,False,False,False
1f5df93c67a1,2,tellefsen|j,openalex,"Department of Physics, Royal Institute of Technology, S-10044 Stockholm, Sweden",,False,0,university,True,False,False,False,False
1f5df93c67a1,3,krotkus|a,openalex,"Semiconductor Physics Institute, Lithuanian Academy of Sciences, Gostauto 11, 2600 Vilnius, Lithuania",,False,0,other,False,False,False,False,False
1f5df93c67a1,4,berg|m,openalex,"Swedish Institute of Microelectronics, Box 1084, S-16241 Kista, Sweden",,False,0,other,False,False,False,False,False
1f5df93c67a1,5,broberg|b,openalex,"Swedish Institute of Microelectronics, Box 1084, S-16241 Kista, Sweden",,False,0,other,False,False,False,False,False
1f69ed8351f9,1,lee|y,openalex,"Center for Ultrafast Optical Science, The University of Michigan, Ann Arbor, Michigan 48109-2099",,False,0,university,True,False,False,False,False
1f69ed8351f9,2,meade|t,openalex,"Center for Ultrafast Optical Science, The University of Michigan, Ann Arbor, Michigan 48109-2099",,False,0,university,True,False,False,False,False
1f69ed8351f9,3,norris|t,openalex,"Center for Ultrafast Optical Science, The University of Michigan, Ann Arbor, Michigan 48109-2099",,False,0,university,True,False,False,False,False
1f69ed8351f9,4,galvanauskas|a,openalex,"IMRA America, 1044 Woodridge Avenue, Ann Arbor, Michigan 48105",IMRA America,True,1,company,False,True,False,False,True
1fa415734e17,1,suzuki|s,openalex,"IMRA America, Inc, Ann Arbor, Michigan 48105, USA. ssuzuki@imra.com; IMRA America, Inc., 1044 Woodridge Avenue, Ann Arbor, Michigan 48105, USA",IMRA America,True,1,company,False,True,False,False,True
1fa415734e17,2,mckay|h,openalex,"IMRA America, Inc., 1044 Woodridge Avenue, Ann Arbor, Michigan 48105, USA",IMRA America,True,1,company,False,True,False,False,True
1fa415734e17,3,peng|x,openalex,"currently at Raydiance Inc., 2199 South McDowell Boulevard Petaluma, California 94954, USA",,False,0,company,False,True,False,False,False
1fa415734e17,4,fu|l,openalex,"IMRA America, Inc., 1044 Woodridge Avenue, Ann Arbor, Michigan 48105, USA",IMRA America,True,1,company,False,True,False,False,True
1fa415734e17,5,dong|l,openalex,"IMRA America, Inc., 1044 Woodridge Avenue, Ann Arbor, Michigan 48105, USA",IMRA America,True,1,company,False,True,False,False,True
20ae4348c56e,1,dong|l,openalex,"IMRA America Inc., Ann Arbor, Michigan 48105, USA. ldong@imra.com; IMRA America Inc., Ann Arbor, Michigan 48105, USA",IMRA America,True,1,company,False,True,False,False,True
20ae4348c56e,2,mckay|h,openalex,IMRA America Inc,IMRA America,True,1,company,False,True,False,False,True
20ae4348c56e,3,fu|l,openalex,IMRA America Inc,IMRA America,True,1,company,False,True,False,False,True
20d2bc404bae,1,galvanauskas|a,openalex,"IMRA America, Inc., 1044 Woodridge Avenue, Ann Arbor, Michigan 48105–9774",IMRA America,True,1,company,False,True,False,False,True
20d2bc404bae,2,hariharan|a,openalex,"IMRA America, Inc., 1044 Woodridge Avenue, Ann Arbor, Michigan 48105–9774",IMRA America,True,1,company,False,True,False,False,True
20d2bc404bae,3,harter|d,openalex,"IMRA America, Inc., 1044 Woodridge Avenue, Ann Arbor, Michigan 48105–9774",IMRA America,True,1,company,False,True,False,False,True
20d2bc404bae,4,arbore|m,openalex,"E. L. Ginzton Laboratory, Stanford University, Stanford, California 94305-4085",,False,0,university,True,False,False,False,False
20d2bc404bae,5,fejer|m,openalex,"E. L. Ginzton Laboratory, Stanford University, Stanford, California 94305-4085",,False,0,university,True,False,False,False,False
236e80a16dd5,1,li|y,,,,False,0,,False,False,False,False,False
236e80a16dd5,2,kuse|n,,,,False,0,,False,False,False,False,False
236e80a16dd5,3,fermann|m,,,,False,0,,False,False,False,False,False
24b429e39b96,1,tian|c,openalex,Univ. of Michigan (United States),,False,0,university,True,False,False,False,False
24b429e39b96,2,qian|w,openalex,"IMRA America, Inc. (United States)",IMRA America,True,1,company,False,True,False,False,True
24b429e39b96,3,shao|x,openalex,Univ. of Michigan (United States),,False,0,university,True,False,False,False,False
24b429e39b96,4,xie|z,openalex,Univ. of Michigan (United States),,False,0,university,True,False,False,False,False
24b429e39b96,5,cheng|x,openalex,Univ. of Michigan (United States),,False,0,university,True,False,False,False,False
24b429e39b96,6,liu|s,openalex,Heilongjiang Univ. (China); Univ. of Michigan (United States),,False,0,university,True,False,False,False,False
24b429e39b96,7,cheng|q,openalex,Tongji Univ. (China),,False,0,university,True,False,False,False,False
24b429e39b96,8,liu|b,openalex,"IMRA America, Inc. (United States)",IMRA America,True,1,company,False,True,False,False,True
24b429e39b96,9,wang|x,openalex,Univ. of Michigan (United States),,False,0,university,True,False,False,False,False
27d541dbdac6,1,lee|k,scopus,"IMRA America, Inc.",IMRA America,True,1,company,False,True,False,False,True
27d541dbdac6,2,fermann|m,scopus,"IMRA America, Inc.",IMRA America,True,1,company,False,True,False,False,True
291f9a7a64b1,1,fermann|m,openalex,"IMRA America, Inc., Ann Arbor, MI, USA; IMRA America Inc., Ann Arbor, MI, USA",IMRA America,True,1,company,False,True,False,False,True
291f9a7a64b1,2,hartl|i,openalex,"IMRA America, Inc., Ann Arbor, MI, USA; IMRA America Inc., Ann Arbor, MI, USA",IMRA America,True,1,company,False,True,False,False,True
2afc3a28bf38,1,jiang|m,openalex,"IMRA America, Inc., 1044 Woodridge Avenue, Ann Arbor, Michigan 48105",IMRA America,True,1,company,False,True,False,False,True
2afc3a28bf38,2,sucha|g,openalex,"IMRA America, Inc., 1044 Woodridge Avenue, Ann Arbor, Michigan 48105",IMRA America,True,1,company,False,True,False,False,True
2afc3a28bf38,3,fermann|m,openalex,"IMRA America, Inc., 1044 Woodridge Avenue, Ann Arbor, Michigan 48105",IMRA America,True,1,company,False,True,False,False,True
2afc3a28bf38,4,jimenez|j,openalex,"IMRA America, Inc., 1044 Woodridge Avenue, Ann Arbor, Michigan 48105",IMRA America,True,1,company,False,True,False,False,True
2afc3a28bf38,5,harter|d,openalex,"IMRA America, Inc., 1044 Woodridge Avenue, Ann Arbor, Michigan 48105",IMRA America,True,1,company,False,True,False,False,True
2afc3a28bf38,6,dagenais|m,openalex,"University of Maryland, Baltimore, Maryland, 20742",,False,0,university,True,False,False,False,False
2afc3a28bf38,7,fox|s,openalex,"University of Maryland, Baltimore, Maryland, 20742",,False,0,university,True,False,False,False,False
2afc3a28bf38,8,hu|y,openalex,"University of Maryland, Baltimore, Maryland, 20742",,False,0,university,True,False,False,False,False
2c9a350e970a,1,tetsumoto|t,scopus,National Institute of Information and Communications Technology,,False,0,government,False,False,True,False,False
2c9a350e970a,2,rolland|a,scopus,IMRA America Inc.,IMRA America,True,1,company,False,True,False,False,True
2caafd6d935d,1,zhai|t,scopus,Department of Biomedical Engineering,,False,0,other,False,False,False,False,False
2caafd6d935d,2,qian|w,scopus,"IMRA America, Inc.",IMRA America,True,1,company,False,True,False,False,True
2caafd6d935d,3,paulus|y,scopus,Department of Biomedical Engineering; University of Michigan Medical School,,False,0,other|university,True,False,False,False,False
2caafd6d935d,4,wang|x,scopus,Department of Biomedical Engineering; University of Michigan Medical School,,False,0,other|university,True,False,False,False,False
2caafd6d935d,5,zhang|w,scopus,Department of Biomedical Engineering,,False,0,other,False,False,False,False,False
2cead05d5a90,1,jiang|j,openalex,"IMRA America, Inc., Ann Arbor, MI, USA",IMRA America,True,1,company,False,True,False,False,True
2cead05d5a90,2,ruehl|a,openalex,"IMRA America, Inc., Ann Arbor, MI, USA; Institute for Lasers, Life and Biophotonics, Vrije Universiteit Amsterdam, Amsterdam, Netherlands",IMRA America,True,1,company|university,True,True,False,False,True
2cead05d5a90,3,hartl|i,openalex,"IMRA America, Inc., Ann Arbor, MI, USA",IMRA America,True,1,company,False,True,False,False,True
2cead05d5a90,4,fermann|m,openalex,"IMRA America, Inc., Ann Arbor, MI, USA",IMRA America,True,1,company,False,True,False,False,True
2d1632708d1a,1,lee|k,openalex,"IMRA America, Inc., 1044 Woodridge Ave, Ann Arbor Michigan 48105, USA",IMRA America,True,1,company,False,True,False,False,True
2d1632708d1a,2,granzow|n,openalex,"Max Planck Institute for the Science of Light, Guenther-Scharowsky Str. 1, 91058 Erlangen, Germany",,False,0,government,False,False,True,False,False
2d1632708d1a,3,schmidt|m,openalex,"Max Planck Institute for the Science of Light, Guenther-Scharowsky Str. 1, 91058 Erlangen, Germany",,False,0,government,False,False,True,False,False
2d1632708d1a,4,chang|w,openalex,"Max Planck Institute for the Science of Light, Guenther-Scharowsky Str. 1, 91058 Erlangen, Germany",,False,0,government,False,False,True,False,False
2d1632708d1a,5,wang|l,openalex,"Max Planck Institute for the Science of Light, Guenther-Scharowsky Str. 1, 91058 Erlangen, Germany",,False,0,government,False,False,True,False,False
2d1632708d1a,6,coulombier|q,openalex,"Laboratoire PhLAM, CNRS/Université de Lille1, UMR8523, 59658 Villeneuve d’Ascq Cedex, France",,False,0,university,True,False,False,False,False
2d1632708d1a,7,trol s|j,openalex,"Université de Rennes I, Sciences Chimiques de Rennes, 35042 Rennes, France",,False,0,university,True,False,False,False,False
2d1632708d1a,8,toupin|p,openalex,"Université de Rennes I, Sciences Chimiques de Rennes, 35042 Rennes, France",,False,0,university,True,False,False,False,False
2d1632708d1a,9,leindecker|n,openalex,"IMRA America, Inc., 1044 Woodridge Ave, Ann Arbor Michigan 48105, USA",IMRA America,True,1,company,False,True,False,False,True
2d1632708d1a,10,wondraczek|l,openalex,"Otto Schott Institute, University of Jena,07743 Jena,Germany",,False,0,university,True,False,False,False,False
2d1632708d1a,11,fermann|m,openalex,"IMRA America, Inc., 1044 Woodridge Ave, Ann Arbor Michigan 48105, USA",IMRA America,True,1,company,False,True,False,False,True
2f17cd2c50e0,1,galvanauskas|a,openalex,"IMRA America, Inc., Ann Arbor, MI, USA; IMRA America Inc., Ann Arbor, MI, USA",IMRA America,True,1,company,False,True,False,False,True
2f17cd2c50e0,2,hariharan|a,openalex,"IMRA America, Inc., Ann Arbor, MI, USA; IMRA America, Inc",IMRA America,True,1,company,False,True,False,False,True
2f17cd2c50e0,3,raksi|f,openalex,"IMRA America, Inc., Ann Arbor, MI, USA; IMRA America, Inc",IMRA America,True,1,company,False,True,False,False,True
2f17cd2c50e0,4,wong|k,openalex,"IMRA America, Inc., Ann Arbor, MI, USA; IMRA America, Inc",IMRA America,True,1,company,False,True,False,False,True
2f17cd2c50e0,5,harter|d,openalex,"IMRA America, Inc., Ann Arbor, MI, USA; IMRA America, Inc",IMRA America,True,1,company,False,True,False,False,True
2f17cd2c50e0,6,imeshev|g,openalex,"IMRA America, Inc., Ann Arbor, MI, USA; IMRA America, Inc",IMRA America,True,1,company,False,True,False,False,True
2f17cd2c50e0,7,fejer|m,openalex,"IMRA America, Inc., Ann Arbor, MI, USA; IMRA America, Inc",IMRA America,True,1,company,False,True,False,False,True
2fdccb60f1e4,1,dong|l,openalex,"IMRA America, Inc., Ann Arbor, MI, USA; IMRA America Inc., Ann Arbor, MI",IMRA America,True,1,company,False,True,False,False,True
2fdccb60f1e4,2,mckay|h,openalex,"IMRA America, Inc., Ann Arbor, MI, USA; IMRA America Inc., Ann Arbor, MI",IMRA America,True,1,company,False,True,False,False,True
2fdccb60f1e4,3,marcinkevicius|a,openalex,"IMRA America, Inc., Ann Arbor, MI, USA; IMRA America Inc., Ann Arbor, MI",IMRA America,True,1,company,False,True,False,False,True
2fdccb60f1e4,4,fu|l,openalex,"IMRA America, Inc., Ann Arbor, MI, USA; IMRA America Inc., Ann Arbor, MI",IMRA America,True,1,company,False,True,False,False,True
2fdccb60f1e4,5,li|j,openalex,"IMRA America, Inc., Ann Arbor, MI, USA; IMRA America Inc., Ann Arbor, MI",IMRA America,True,1,company,False,True,False,False,True
2fdccb60f1e4,6,thomas|b,openalex,"IMRA America, Inc., Ann Arbor, MI, USA; IMRA America Inc., Ann Arbor, MI",IMRA America,True,1,company,False,True,False,False,True
2fdccb60f1e4,7,fermann|m,openalex,"IMRA America, Inc., Ann Arbor, MI, USA; IMRA America Inc., Ann Arbor, MI",IMRA America,True,1,company,False,True,False,False,True
318428835ed8,1,mcgrew|w,scopus,"IMRA America, Inc.",IMRA America,True,1,company,False,True,False,False,True
318428835ed8,2,greenberg|j,scopus,"IMRA America, Inc.",IMRA America,True,1,company,False,True,False,False,True
318428835ed8,3,nose|k,scopus,"IMRA America, Inc.",IMRA America,True,1,company,False,True,False,False,True
318428835ed8,4,heffernan|b,scopus,"IMRA America, Inc.",IMRA America,True,1,company,False,True,False,False,True
318428835ed8,5,rolland|a,scopus,"IMRA America, Inc.",IMRA America,True,1,company,False,True,False,False,True
330c974be7cd,1,li|y,openalex,"IMRA America, Inc., Boulder Research Laboratory, 1551 S. Sunset Street, Suite C, Longmont, CO 80501, USA",IMRA America,True,1,company,False,True,False,False,True
330c974be7cd,2,kuse|n,openalex,"Institute of Post LED Photonics, Tokushima University, 2-1, Minami-josanjima, Tokushima, Tokushima 770-8506, Japan",,False,0,university,True,False,False,False,False
330c974be7cd,3,rolland|a,openalex,"IMRA America, Inc., Boulder Research Laboratory, 1551 S. Sunset Street, Suite C, Longmont, CO 80501, USA",IMRA America,True,1,company,False,True,False,False,True
330c974be7cd,4,stepanenko|y,openalex,"Institute of Physical Chemistry , Polish Academy of Sciences , Kasprzaka 44/52, 01‐224 Warsaw, Poland",,False,0,other,False,False,False,False,False
330c974be7cd,5,radzewicz|c,openalex,"Institute of Experimental Physics, Faculty of Physics, University of Warsaw, Pasteura 5, 02-093, Warsaw, Poland",,False,0,university,True,False,False,False,False
330c974be7cd,6,fermann|m,openalex,"IMRA America, Inc., 1044 Woodridge Avenue, Ann Arbor, MI 48105, USA",IMRA America,True,1,company,False,True,False,False,True
331e86c52bd7,1,greenberg|j,openalex,"Boulder Research Lab at IMRA, America, Inc. , 1551 S. Sunset Street, Longmont, Colorado 80501, USA",IMRA America,True,1,company,False,True,False,False,True
331e86c52bd7,2,heffernan|b,openalex,"Boulder Research Lab at IMRA, America, Inc. , 1551 S. Sunset Street, Longmont, Colorado 80501, USA",IMRA America,True,1,company,False,True,False,False,True
331e86c52bd7,3,rolland|a,openalex,"Boulder Research Lab at IMRA, America, Inc. , 1551 S. Sunset Street, Longmont, Colorado 80501, USA",IMRA America,True,1,company,False,True,False,False,True
333dd0a7d26d,1,nguyen|v,scopus,University of Michigan Medical School,,False,0,university,True,False,False,False,False
333dd0a7d26d,2,qian|w,scopus,"IMRA America, Inc.",IMRA America,True,1,company,False,True,False,False,True
333dd0a7d26d,3,li|y,scopus,University of Michigan Medical School,,False,0,university,True,False,False,False,False
333dd0a7d26d,4,liu|b,scopus,"IMRA America, Inc.",IMRA America,True,1,company,False,True,False,False,True
333dd0a7d26d,5,aaberg|m,scopus,University of Michigan Medical School,,False,0,university,True,False,False,False,False
333dd0a7d26d,6,henry|j,scopus,University of Michigan Medical School,,False,0,university,True,False,False,False,False
333dd0a7d26d,7,zhang|w,scopus,"University of Michigan, Ann Arbor",,False,0,university,True,False,False,False,False
333dd0a7d26d,8,wang|x,scopus,"University of Michigan, Ann Arbor",,False,0,university,True,False,False,False,False
333dd0a7d26d,9,paulus|y,scopus,"University of Michigan Medical School; University of Michigan, Ann Arbor",,False,0,university,True,False,False,False,False
335ce5a33604,1,cho|g,openalex,"IMRA America, Inc., Ann Arbor, MI, USA",IMRA America,True,1,company,False,True,False,False,True
335ce5a33604,2,galvanauskas|a,openalex,"IMRA America, Inc., Ann Arbor, MI, USA; Imra America Inc, Ann Arbor, MI, US",IMRA America,True,1,company,False,True,False,False,True
335ce5a33604,3,fermann|m,,,,False,0,,False,False,False,False,False
335ce5a33604,4,stock|m,openalex,"IMRA America, Inc., Ann Arbor, MI, USA",IMRA America,True,1,company,False,True,False,False,True
335ce5a33604,5,harter|d,openalex,"IMRA America, Inc., Ann Arbor, MI, USA",IMRA America,True,1,company,False,True,False,False,True
34313b274d3e,1,imeshev|g,openalex,"E L . Ginzton Laboratory, University of Stanford, Stanford, CA, USA; [Edward L. Ginzton Lab., Stanford Univ., CA, USA]",,False,0,university,True,False,False,False,False
34313b274d3e,2,fejer|m,openalex,"E L . Ginzton Laboratory, University of Stanford, Stanford, CA, USA; E. L. Ginzton Laboratory, Stanford University, Stanford, California 94305, USA",,False,0,university,True,False,False,False,False
34313b274d3e,3,galvanauskas|a,openalex,"IMRA America, Inc., Ann Arbor, MI, USA; E. L. Ginzton Laboratory, Stanford University, Stanford, California 94305, USA",IMRA America,True,1,company|university,True,True,False,False,True
34313b274d3e,4,harter|d,openalex,"IMRA America, Inc., Ann Arbor, MI, USA; E. L. Ginzton Laboratory, Stanford University, Stanford, California 94305, USA",IMRA America,True,1,company|university,True,True,False,False,True
34968a6178b0,1,tani|f,scopus,Max Planck Institute for the Science of Light,,False,0,government,False,False,True,False,False
34968a6178b0,2,lampen|j,scopus,"IMRA America, Inc.",IMRA America,True,1,company,False,True,False,False,True
34968a6178b0,3,butryn|m,scopus,Max Planck Institute for the Science of Light,,False,0,government,False,False,True,False,False
34968a6178b0,4,frosz|m,scopus,Max Planck Institute for the Science of Light,,False,0,government,False,False,True,False,False
34968a6178b0,5,jiang|j,scopus,"IMRA America, Inc.",IMRA America,True,1,company,False,True,False,False,True
34968a6178b0,6,fermann|m,scopus,"IMRA America, Inc.",IMRA America,True,1,company,False,True,False,False,True
34968a6178b0,7,russell|p,scopus,Max Planck Institute for the Science of Light,,False,0,government,False,False,True,False,False
34cee59bdcd0,1,heffernan|b,scopus,IMRA America Inc.,IMRA America,True,1,company,False,True,False,False,True
34cee59bdcd0,2,greenberg|j,scopus,IMRA America Inc.,IMRA America,True,1,company,False,True,False,False,True
34cee59bdcd0,3,hori|t,scopus,"IMRA Japan Co., Ltd.",IMRA Japan,True,1,company,False,True,False,False,True
34cee59bdcd0,4,tanigawa|t,scopus,"IMRA Japan Co., Ltd.",IMRA Japan,True,1,company,False,True,False,False,True
34cee59bdcd0,5,rolland|a,scopus,IMRA America Inc.,IMRA America,True,1,company,False,True,False,False,True
34e230bda3cf,1,hartl|i,openalex,"IMRA America, Inc., Ann Arbor, MI",IMRA America,True,1,company,False,True,False,False,True
34e230bda3cf,2,shah|l,openalex,"IMRA America, Inc., Ann Arbor, MI, USA; IMRA America, Inc., Ann Arbor, MI",IMRA America,True,1,company,False,True,False,False,True
34e230bda3cf,3,liu|z,openalex,"IMRA America, Inc., Ann Arbor, MI, USA; IMRA America, Inc., Ann Arbor, MI",IMRA America,True,1,company,False,True,False,False,True
34e230bda3cf,4,imeshev|g,openalex,"IMRA America, Inc., Ann Arbor, MI, USA; IMRA America, Inc., Ann Arbor, MI",IMRA America,True,1,company,False,True,False,False,True
34e230bda3cf,5,cho|g,openalex,"IMRA America, Inc., Ann Arbor, MI, USA; IMRA America, Inc., Ann Arbor, MI",IMRA America,True,1,company,False,True,False,False,True
34e230bda3cf,6,fermann|m,openalex,"IMRA America, Inc., Ann Arbor, MI, USA; IMRA America, Inc., Ann Arbor, MI",IMRA America,True,1,company,False,True,False,False,True
3563aa99d4a4,1,galvanauskas|a,scopus,"IMRA America, Inc.",IMRA America,True,1,company,False,True,False,False,True
3563aa99d4a4,2,blixt|p,scopus,RISE Acreo AB,,False,0,other,False,False,False,False,False
3563aa99d4a4,3,tellefsen|j,scopus,The Royal Institute of Technology (KTH),,False,0,university,True,False,False,False,False
3563aa99d4a4,4,harter|d,scopus,"IMRA America, Inc.",IMRA America,True,1,company,False,True,False,False,True
3563aa99d4a4,5,fermann|m,scopus,"IMRA America, Inc.",IMRA America,True,1,company,False,True,False,False,True
36a623b61079,1,fermann|m,openalex,"IMRA America, 1044, Woodridge Av., Ann Arbor, MI 48105, USA",IMRA America,True,1,company,False,True,False,False,True
36a623b61079,2,hartl|i,openalex,"IMRA America, 1044, Woodridge Av., Ann Arbor, MI 48105, USA",IMRA America,True,1,company,False,True,False,False,True
38da33768dca,1,radic|s,openalex,"The Institute of Optics, University of Rochester, Rochester, NY, USA; [Inst. of Opt., Rochester Univ., NY, USA]",,False,0,university,True,False,False,False,False
38da33768dca,2,agrawal|g,openalex,"The Institute of Optics, University of Rochester, Rochester, NY, USA; [Inst. of Opt., Rochester Univ., NY, USA]",,False,0,university,True,False,False,False,False
38da33768dca,3,galvanauskas|a,openalex,"LMRA America, Inc., Ann Arbor, MI, USA; University of Rochester",,False,0,company|university,True,True,False,False,False
3974910d85ed,1,cing z|a,openalex,"JILA, National Institute of Standards and Technology, Boulder, Colorado 80309-0440, USA. acingoz@jila.colorado.edu",,False,0,government,False,False,True,False,False
3974910d85ed,2,yost|d,openalex,"JILA, National Institute of Standards and Technology and University of Colorado, Boulder, Colorado 80309-0440, USA",,False,0,university,True,False,False,False,False
3974910d85ed,3,allison|t,openalex,"JILA, National Institute of Standards and Technology and University of Colorado, Boulder, Colorado 80309-0440, USA",,False,0,university,True,False,False,False,False
3974910d85ed,4,ruehl|a,openalex,"IMRA America, Inc., 1044 Woodridge Avenue, Ann Arbor, Michigan 48105, USA",IMRA America,True,1,company,False,True,False,False,True
3974910d85ed,5,fermann|m,openalex,"IMRA America, Inc., 1044 Woodridge Avenue, Ann Arbor, Michigan 48105, USA",IMRA America,True,1,company,False,True,False,False,True
3974910d85ed,6,hartl|i,openalex,"IMRA America, Inc., 1044 Woodridge Avenue, Ann Arbor, Michigan 48105, USA",IMRA America,True,1,company,False,True,False,False,True
3974910d85ed,7,ye|j,openalex,"JILA, National Institute of Standards and Technology and University of Colorado, Boulder, Colorado 80309-0440, USA",,False,0,university,True,False,False,False,False
39dcba207806,1,zeng|y,openalex,"Zhejiang University State Key Laboratory of Silicon Materials, , Hangzhou 310027, People’s Republic of China",,False,0,university,True,False,False,False,False
39dcba207806,2,ye|z,openalex,"Zhejiang University State Key Laboratory of Silicon Materials, , Hangzhou 310027, People’s Republic of China",,False,0,university,True,False,False,False,False
39dcba207806,3,xu|w,openalex,"Zhejiang University State Key Laboratory of Silicon Materials, , Hangzhou 310027, People’s Republic of China",,False,0,university,True,False,False,False,False
39dcba207806,4,lu|j,openalex,"Zhejiang University State Key Laboratory of Silicon Materials, , Hangzhou 310027, People’s Republic of China",,False,0,university,True,False,False,False,False
39dcba207806,5,he|h,openalex,"Zhejiang University State Key Laboratory of Silicon Materials, , Hangzhou 310027, People’s Republic of China",,False,0,university,True,False,False,False,False
39dcba207806,6,zhu|l,openalex,"Zhejiang University State Key Laboratory of Silicon Materials, , Hangzhou 310027, People’s Republic of China",,False,0,university,True,False,False,False,False
39dcba207806,7,zhao|b,openalex,"Zhejiang University State Key Laboratory of Silicon Materials, , Hangzhou 310027, People’s Republic of China",,False,0,university,True,False,False,False,False
39dcba207806,8,che|y,openalex,"IMRA America, Inc. , 1044 Woodridge Avenue, Ann Arbor, Michigan 48105",IMRA America,True,1,company,False,True,False,False,True
39dcba207806,9,zhang|s,openalex,"National Renewable Energy Laboratory , Golden, Colorado 80401",,False,0,other,False,False,False,False,False
3a1314ed9858,1,ono|s,openalex,"Science University of Tokyo, Tokyo, Japan",,False,0,university,True,False,False,False,False
3a1314ed9858,2,tsukamoto|t,openalex,"Science University of Tokyo, Tokyo, Japan",,False,0,university,True,False,False,False,False
3a1314ed9858,3,suzuki|y,openalex,"Science University of Tokyo, Tokyo, Japan",,False,0,university,True,False,False,False,False
3a1314ed9858,4,ohtake|h,openalex,"Science University of Tokyo, Tokyo, Japan",,False,0,university,True,False,False,False,False
3a1314ed9858,5,sarukura|n,openalex,"Science University of Tokyo, Tokyo, Japan",,False,0,university,True,False,False,False,False
3a1314ed9858,6,nakanishi|a,openalex,"Sumitomo Special Metal Co., Ltd., Osaka, Japan",,False,0,company,False,True,False,False,False
3a1314ed9858,7,nishizawa|s,openalex,"Jasco Corporation, Hachioji, Ishikawa, Japan",,False,0,company,False,True,False,False,False
3a1314ed9858,8,stock|m,openalex,"JLO, Imra America, Inc., Kariya, Aichi, Japan",IMRA America,True,1,company,False,True,False,False,True
3a1314ed9858,9,yoshida|m,openalex,"JLO, Imra America, Inc., Kariya, Aichi, Japan",IMRA America,True,1,company,False,True,False,False,True
3a19c34d35e3,1,yada|h,scopus,"IMRA America, Inc.",IMRA America,True,1,company,False,True,False,False,True
3a19c34d35e3,2,ichikawa|y,scopus,"IMRA America, Inc.",IMRA America,True,1,company,False,True,False,False,True
3b23bbdfa0b5,1,mori|k,openalex,"Department of Chemistry, Faculty of Science, Gakushuin University, 1-5-1 Mejiro, Toshima-ku, Tokyo 171-8588, Japan",,False,0,university,True,False,False,False,False
3b23bbdfa0b5,2,ichikawa|y,openalex,"Department of Chemistry, Faculty of Science, Gakushuin University, 1-5-1 Mejiro, Toshima-ku, Tokyo 171-8588, Japan",,False,0,university,True,False,False,False,False
3b23bbdfa0b5,3,kobayashi|m,openalex,"Department of Chemistry, Faculty of Science, Gakushuin University, 1-5-1 Mejiro, Toshima-ku, Tokyo 171-8588, Japan",,False,0,university,True,False,False,False,False
3b23bbdfa0b5,4,shibata|y,openalex,"Department of Chemistry, Faculty of Science, Rikkyo University, 3-34-1 Nishi-Ikebukuro, Toshima-ku, Tokyo 171-8501, Japan",,False,0,university,True,False,False,False,False
3b23bbdfa0b5,5,yamanaka|m,openalex,"Department of Chemistry, Faculty of Science, Rikkyo University, 3-34-1 Nishi-Ikebukuro, Toshima-ku, Tokyo 171-8501, Japan",,False,0,university,True,False,False,False,False
3b23bbdfa0b5,6,akiyama|t,openalex,"Department of Chemistry, Faculty of Science, Gakushuin University, 1-5-1 Mejiro, Toshima-ku, Tokyo 171-8588, Japan",,False,0,university,True,False,False,False,False
3b39137bf1f5,1,hartl|i,openalex,"IMRA America, Inc., Ann Arbor, MI, USA; IMRA America Inc., Ann Arbor, MI, USA",IMRA America,True,1,company,False,True,False,False,True
3b39137bf1f5,2,dong|l,openalex,"IMRA America, Inc., Ann Arbor, MI, USA; IMRA America Inc., Ann Arbor, MI, USA",IMRA America,True,1,company,False,True,False,False,True
3b39137bf1f5,3,fermann|m,openalex,"IMRA America, Inc., Ann Arbor, MI, USA; IMRA America Inc., Ann Arbor, MI, USA",IMRA America,True,1,company,False,True,False,False,True
3b39137bf1f5,4,schibli|t,openalex,"IMRA America, Inc., Ann Arbor, MI, USA; National Institute of Advanced Industrial Science and Technology (AIST), 1-1-1 Umezono, Tsukuba, Ibaraki 305-8563, Japan",IMRA America,True,1,company|government,False,True,True,False,True
3b39137bf1f5,5,onae|a,openalex,"IMRA America, Inc., Ann Arbor, MI, USA; National Institute of Advanced Industrial Science and Technology (AIST), 1-1-1 Umezono, Tsukuba, Ibaraki 305-8563, Japan",IMRA America,True,1,company|government,False,True,True,False,True
3b39137bf1f5,6,hong|f,openalex,"IMRA America, Inc., Ann Arbor, MI, USA; National Institute of Advanced Industrial Science and Technology (AIST), 1-1-1 Umezono, Tsukuba, Ibaraki 305-8563, Japan",IMRA America,True,1,company|government,False,True,True,False,True
3b39137bf1f5,7,inaba|h,openalex,"IMRA America, Inc., Ann Arbor, MI, USA; National Institute of Advanced Industrial Science and Technology (AIST), 1-1-1 Umezono, Tsukuba, Ibaraki 305-8563, Japan",IMRA America,True,1,company|government,False,True,True,False,True
3b39137bf1f5,8,minoshima|k,openalex,"IMRA America, Inc., Ann Arbor, MI, USA; National Institute of Advanced Industrial Science and Technology (AIST), 1-1-1 Umezono, Tsukuba, Ibaraki 305-8563, Japan",IMRA America,True,1,company|government,False,True,True,False,True
3b39137bf1f5,9,matsumoto|h,openalex,"IMRA America, Inc., Ann Arbor, MI, USA; National Institute of Advanced Industrial Science and Technology (AIST), 1-1-1 Umezono, Tsukuba, Ibaraki 305-8563, Japan",IMRA America,True,1,company|government,False,True,True,False,True
3d136358ea7a,1,li|y,scopus,"IMRA America, Inc.",IMRA America,True,1,company,False,True,False,False,True
3d136358ea7a,2,yada|h,scopus,"IMRA America, Inc.",IMRA America,True,1,company,False,True,False,False,True
3d136358ea7a,3,ichikawa|y,scopus,"IMRA America, Inc.",IMRA America,True,1,company,False,True,False,False,True
417e8c913f31,1,hartl|i,openalex,"IMRA America, Inc., Ann Arbor, MI, USA; IMRA America, Inc., Ann Arbor",IMRA America,True,1,company,False,True,False,False,True
417e8c913f31,2,fermann|m,openalex,"IMRA America, Inc., Ann Arbor, MI, USA; IMRA America, Inc., Ann Arbor",IMRA America,True,1,company,False,True,False,False,True
429f55f122a0,1,pilot|e,,,,False,0,,False,False,False,False,False
42bfe10e2f8e,1,kuse|n,,,,False,0,,False,False,False,False,False
42bfe10e2f8e,2,lee|c,,,,False,0,,False,False,False,False,False
42bfe10e2f8e,3,jiang|j,,,,False,0,,False,False,False,False,False
42bfe10e2f8e,4,mohr|c,,,,False,0,,False,False,False,False,False
42bfe10e2f8e,5,schibli|t,,,,False,0,,False,False,False,False,False
42bfe10e2f8e,6,fermann|m,,,,False,0,,False,False,False,False,False
434aa41ab793,1,dong|l,scopus,"IMRA America, Inc.",IMRA America,True,1,company,False,True,False,False,True
434aa41ab793,2,peng|x,scopus,"IMRA America, Inc.",IMRA America,True,1,company,False,True,False,False,True
434aa41ab793,3,li|j,scopus,"IMRA America, Inc.",IMRA America,True,1,company,False,True,False,False,True
44ffaa074d12,1,dong|l,openalex,"IMRA America, Inc., Ann arbor, MI, USA; IMRA America, Inc., USA",IMRA America,True,1,company,False,True,False,False,True
44ffaa074d12,2,wong|w,openalex,"IMRA America, Inc., Ann arbor, MI, USA; IMRA America, Inc., USA",IMRA America,True,1,company,False,True,False,False,True
44ffaa074d12,3,peng|x,openalex,"IMRA America, Inc., Ann arbor, MI, USA; IMRA America, Inc., USA",IMRA America,True,1,company,False,True,False,False,True
454a8d3c4ac4,1,bolton|s,openalex,"Department of Physics, University of California, Berkeley, California 94720; and Materials Sciences Division, Lawrence Berkeley National Laboratory, Berkeley, California 94720; Department of Physics, University of California, Berkeley, California 94720; and Materials Sciences Division, Lawrence Berkeley National Laboratory, Berkeley, California 94720",,False,0,university|government,True,False,True,False,False
454a8d3c4ac4,2,bar ad|s,openalex,"Department of Physics, University of California, Berkeley, California 94720; and Materials Sciences Division, Lawrence Berkeley National Laboratory, Berkeley, California 94720; Department of Physics, University of California, Berkeley, California 94720; and Materials Sciences Division, Lawrence Berkeley National Laboratory, Berkeley, California 94720",,False,0,university|government,True,False,True,False,False
454a8d3c4ac4,3,sucha|g,openalex,"Department of Physics, University of California, Berkeley, California 94720; and Materials Sciences Division, Lawrence Berkeley National Laboratory, Berkeley, California 94720; Department of Physics, University of California, Berkeley, California 94720; and Materials Sciences Division, Lawrence Berkeley National Laboratory, Berkeley, California 94720",,False,0,university|government,True,False,True,False,False
454a8d3c4ac4,4,chemla|d,openalex,"Department of Physics, University of California, Berkeley, California 94720; and Materials Sciences Division, Lawrence Berkeley National Laboratory, Berkeley, California 94720; Department of Physics, University of California, Berkeley, California 94720; and Materials Sciences Division, Lawrence Berkeley National Laboratory, Berkeley, California 94720",,False,0,university|government,True,False,True,False,False
454a8d3c4ac4,5,sivco|d,openalex,"Bell Laboratories, Lucent Technologies, 700 Mountain Avenue, Murray Hill, New Jersey 07974",,False,0,other,False,False,False,False,False
454a8d3c4ac4,6,cho|a,openalex,"Bell Laboratories, Lucent Technologies, 700 Mountain Avenue, Murray Hill, New Jersey 07974",,False,0,other,False,False,False,False,False
45a375f852d7,1,hartl|i,openalex,"IMRA America, Inc., Ann Arbor, MI, USA; IMRA America, Inc., Ann Arbor, MI",IMRA America,True,1,company,False,True,False,False,True
45a375f852d7,2,fermann|m,openalex,"IMRA America, Inc., Ann Arbor, MI, USA; IMRA America, Inc., Ann Arbor, MI",IMRA America,True,1,company,False,True,False,False,True
45a375f852d7,3,langrock|c,openalex,"E. L. Ginzton Laboratory, University of Stanford, Stanford, CA, USA; E.L. Ginzton Laboratory, Stanford University, CA 94305, USA",,False,0,university,True,False,False,False,False
45a375f852d7,4,fejer|m,openalex,"E. L. Ginzton Laboratory, University of Stanford, Stanford, CA, USA; E.L. Ginzton Laboratory, Stanford University, CA 94305, USA",,False,0,university,True,False,False,False,False
45cb8c58b080,1,fletcher|l,openalex,Univ. of California/Davis (United States); Univ of California/Davis (United States),,False,0,university|other,True,False,False,False,False
45cb8c58b080,2,witcher|j,openalex,Univ. of California/Davis (United States); Univ of California/Davis (United States),,False,0,university|other,True,False,False,False,False
45cb8c58b080,3,reichman|w,openalex,Univ. of California/Davis (United States); Univ of California/Davis (United States),,False,0,university|other,True,False,False,False,False
45cb8c58b080,4,bovatsek|j,openalex,"IMRA America, Inc. (United States)",IMRA America,True,1,company,False,True,False,False,True
45cb8c58b080,5,arai|a,openalex,"IMRA America, Inc. (United States)",IMRA America,True,1,company,False,True,False,False,True
45cb8c58b080,6,krol|d,openalex,Univ. of California/Davis (United States); Univ of California/Davis (United States),,False,0,university|other,True,False,False,False,False
46954cfa4a96,1,peng|j,openalex,"IMRA America, Inc. (United States); IMRA America Inc., 1044 Woodridge Avenue, Ann Arbor, Michigan 48105",IMRA America,True,1,company,False,True,False,False,True
49c236ca1b97,1,cho|g,openalex,"IMRA America, Inc. (United States)",IMRA America,True,1,company,False,True,False,False,True
49c236ca1b97,2,liu|b,openalex,"IMRA America, Inc. (United States)",IMRA America,True,1,company,False,True,False,False,True
49c236ca1b97,3,shah|l,openalex,"IMRA America, Inc. (United States)",IMRA America,True,1,company,False,True,False,False,True
49c236ca1b97,4,liu|z,openalex,"IMRA America, Inc. (United States)",IMRA America,True,1,company,False,True,False,False,True
49c236ca1b97,5,che|y,openalex,"IMRA America, Inc. (United States)",IMRA America,True,1,company,False,True,False,False,True
49c236ca1b97,6,xu|j,openalex,"IMRA America, Inc. (United States)",IMRA America,True,1,company,False,True,False,False,True
4a3c6cd0a3b2,1,cing z|a,scopus,University of Colorado Boulder,,False,0,university,True,False,False,False,False
4a3c6cd0a3b2,2,yost|d,scopus,University of Colorado Boulder,,False,0,university,True,False,False,False,False
4a3c6cd0a3b2,3,allison|t,scopus,University of Colorado Boulder,,False,0,university,True,False,False,False,False
4a3c6cd0a3b2,4,ruehl|a,scopus,"IMRA America, Inc.; Vrije Universiteit Amsterdam",IMRA America,True,1,company|university,True,True,False,False,True
4a3c6cd0a3b2,5,fermann|m,scopus,"IMRA America, Inc.",IMRA America,True,1,company,False,True,False,False,True
4a3c6cd0a3b2,6,hartl|i,scopus,"IMRA America, Inc.",IMRA America,True,1,company,False,True,False,False,True
4a3c6cd0a3b2,7,ye|j,scopus,University of Colorado Boulder,,False,0,university,True,False,False,False,False
4a3ce8b7082c,1,lee|k,openalex,"IMRA America, Inc., 1044 Woodridge Avenue, Ann Arbor, Michigan 48105, USA",IMRA America,True,1,company,False,True,False,False,True
4a3ce8b7082c,2,mohr|c,openalex,"IMRA America, Inc., 1044 Woodridge Avenue, Ann Arbor, Michigan 48105, USA",IMRA America,True,1,company,False,True,False,False,True
4a3ce8b7082c,3,jiang|j,openalex,"IMRA America, Inc., 1044 Woodridge Avenue, Ann Arbor, Michigan 48105, USA",IMRA America,True,1,company,False,True,False,False,True
4a3ce8b7082c,4,schunemann|p,openalex,"BAE Systems, P.O. Box 868 Nashua, New Hampshire 03063, USA",,False,0,other,False,False,False,False,False
4a3ce8b7082c,5,vodopyanov|k,openalex,"CREOL, College of Optics and Photonics, Univ. Cent. Florida, Orlando, FL 32816, USA",,False,0,university,True,False,False,False,False
4a3ce8b7082c,6,fermann|m,openalex,"IMRA America, Inc., 1044 Woodridge Avenue, Ann Arbor, Michigan 48105, USA",IMRA America,True,1,company,False,True,False,False,True
4b2482f108bc,1,bovatsek|j,scopus,"IMRA America, Inc.",IMRA America,True,1,company,False,True,False,False,True
4b2482f108bc,2,arai|a,scopus,"IMRA America, Inc.",IMRA America,True,1,company,False,True,False,False,True
4b2482f108bc,3,yoshino|f,scopus,"IMRA America, Inc.",IMRA America,True,1,company,False,True,False,False,True
4b2482f108bc,4,uehara|y,scopus,"IMRA America, Inc.",IMRA America,True,1,company,False,True,False,False,True
4bc01f68fac4,1,fermann|m,openalex,"IMRA America, Inc., 1044 Woodridge Avenue, Ann Arbor, MI 48105, USA",IMRA America,True,1,company,False,True,False,False,True
4bc01f68fac4,2,sugden|k,openalex,"Aston University, Aston Triangle, Birmingham, B4 7ET, United Kingdom",,False,0,university,True,False,False,False,False
4bc01f68fac4,3,bennion|i,openalex,"Aston University, Aston Triangle, Birmingham, B4 7ET, United Kingdom",,False,0,university,True,False,False,False,False
4d6e53bf35e5,1,qian|w,openalex,IMRA America Inc. (United States),IMRA America,True,1,company,False,True,False,False,True
4d6e53bf35e5,2,curry|t,openalex,Univ. of Michigan (United States); University of Michigan. United States,,False,0,university,True,False,False,False,False
4d6e53bf35e5,3,che|y,openalex,IMRA America Inc. (United States),IMRA America,True,1,company,False,True,False,False,True
4d6e53bf35e5,4,kopelman|r,openalex,Univ. of Michigan (United States); University of Michigan. United States,,False,0,university,True,False,False,False,False
4ecb63be2ce0,1,guo|w,openalex,"University of Michigan Department of Materials Science and Engineering, , Ann Arbor, Michigan 48109",,False,0,university,True,False,False,False,False
4ecb63be2ce0,2,allenic|a,openalex,"University of Michigan Department of Materials Science and Engineering, , Ann Arbor, Michigan 48109",,False,0,university,True,False,False,False,False
4ecb63be2ce0,3,chen|y,openalex,"University of Michigan Department of Materials Science and Engineering, , Ann Arbor, Michigan 48109",,False,0,university,True,False,False,False,False
4ecb63be2ce0,4,pan|x,openalex,"University of Michigan Department of Materials Science and Engineering, , Ann Arbor, Michigan 48109",,False,0,university,True,False,False,False,False
4ecb63be2ce0,5,che|y,openalex,"IMRA America, Inc. Materials Research Group, , Ann Arbor, Michigan 48105",IMRA America,True,1,company,False,True,False,False,True
4ecb63be2ce0,6,hu|z,openalex,"IMRA America, Inc. Materials Research Group, , Ann Arbor, Michigan 48105",IMRA America,True,1,company,False,True,False,False,True
4ecb63be2ce0,7,liu|b,openalex,"IMRA America, Inc. Materials Research Group, , Ann Arbor, Michigan 48105",IMRA America,True,1,company,False,True,False,False,True
4f2527e82bc1,1,fermann|m,openalex,"IMRA America, Inc., 1044 Woodridge Avenue, Ann Arbor, Michigan 48105",IMRA America,True,1,company,False,True,False,False,True
4f2527e82bc1,2,galvanauskas|a,openalex,"IMRA America, Inc., 1044 Woodridge Avenue, Ann Arbor, Michigan 48105",IMRA America,True,1,company,False,True,False,False,True
4f2527e82bc1,3,harter|d,openalex,"IMRA America, Inc., 1044 Woodridge Avenue, Ann Arbor, Michigan 48105",IMRA America,True,1,company,False,True,False,False,True
4f9a58e500ea,1,jiang|j,openalex,"IMRA America, Inc., Ann Arbor, MI, USA",IMRA America,True,1,company,False,True,False,False,True
4f9a58e500ea,2,mohr|c,openalex,"IMRA America, Inc., Ann Arbor, MI, USA",IMRA America,True,1,company,False,True,False,False,True
4f9a58e500ea,3,bethge|j,openalex,"IMRA America, Inc., Ann Arbor, MI, USA",IMRA America,True,1,company,False,True,False,False,True
4f9a58e500ea,4,fermann|m,openalex,"IMRA America, Inc., Ann Arbor, MI, USA",IMRA America,True,1,company,False,True,False,False,True
4f9a58e500ea,5,hartl|i,openalex,"IMRA America, Inc., Ann Arbor, MI, USA",IMRA America,True,1,company,False,True,False,False,True
50f826f12bd5,1,shen|s,openalex,"School of Electrical &amp; Computer Engineering, Purdue University, 1285 EE Building, West Lafayette, IN 47907, USA",,False,0,university,True,False,False,False,False
50f826f12bd5,2,weiner|a,openalex,"School of Electrical &amp; Computer Engineering, Purdue University, 1285 EE Building, West Lafayette, IN 47907, USA",,False,0,university,True,False,False,False,False
50f826f12bd5,3,sucha|g,openalex,"IMRA America, Inc., 1044 Woodridge Ave., Ann Arbor, MI 48105, USA",IMRA America,True,1,company,False,True,False,False,True
50f826f12bd5,4,stock|m,openalex,"IMRA America, Inc., 1044 Woodridge Ave., Ann Arbor, MI 48105, USA",IMRA America,True,1,company,False,True,False,False,True
51146abb4b8e,1,langrock|c,openalex,"Edward L. Ginzton Laboratory, University of Stanford, Stanford, CA, USA; [Stanford Univ., Stanford]",,False,0,university,True,False,False,False,False
51146abb4b8e,2,fejer|m,openalex,"Edward L. Ginzton Laboratory, University of Stanford, Stanford, CA, USA; [Stanford Univ., Stanford]",,False,0,university,True,False,False,False,False
51146abb4b8e,3,hartl|i,openalex,"IMRA America, Inc., Ann Arbor, MI, USA; IMRA America, Inc., Ann Arbor, MI, U.S.A",IMRA America,True,1,company,False,True,False,False,True
51146abb4b8e,4,fermann|m,openalex,"IMRA America, Inc., Ann Arbor, MI, USA; IMRA America, Inc., Ann Arbor, MI, U.S.A",IMRA America,True,1,company,False,True,False,False,True
52bf401210dd,1,dong|l,openalex,"IMRA America, Inc. (United States)",IMRA America,True,1,company,False,True,False,False,True
531b7496f032,1,stock|h,openalex,"Institute for Molecular Science, Myodaiji, Okazaki, Aichi 444-8585, Japan",,False,0,other,False,False,False,False,False
531b7496f032,2,yoshida|m,scopus,National Institutes of Natural Sciences - Institute for Molecular Science,,False,0,government,False,False,True,False,False
531b7496f032,3,endert|h,scopus,National Institutes of Natural Sciences - Institute for Molecular Science,,False,0,government,False,False,True,False,False
537dd12c9e19,1,lee|k,openalex,"IMRA America, Inc., 1044 Woodridge Avenue, Ann Arbor, Michigan, 48105, USA",IMRA America,True,1,company,False,True,False,False,True
537dd12c9e19,2,hensley|c,openalex,"IMRA America, Inc., 1044 Woodridge Avenue, Ann Arbor, Michigan, 48105, USA",IMRA America,True,1,company,False,True,False,False,True
537dd12c9e19,3,schunemann|p,openalex,"BAE Systems, P.O. Box 868 Nashua, New Hampshire 03063, USA",,False,0,other,False,False,False,False,False
537dd12c9e19,4,fermann|m,openalex,"IMRA America, Inc., 1044 Woodridge Avenue, Ann Arbor, Michigan, 48105, USA",IMRA America,True,1,company,False,True,False,False,True
53d49e998f84,1,hofer|m,openalex,"Quantenelektronik und Lasertechnik, Technische Universitat Vienna, Vienna, Austria; Inst. fur Quantenelektronik und Lasertechnik, Tech. Univ. Wien, Austria",,False,0,university,True,False,False,False,False
53d49e998f84,2,ober|m,openalex,"Quantenelektronik und Lasertechnik, Technische Universitat Vienna, Vienna, Austria; Inst. fur Quantenelektronik und Lasertechnik, Tech. Univ. Wien, Austria",,False,0,university,True,False,False,False,False
53d49e998f84,3,hofer|r,openalex,"Quantenelektronik und Lasertechnik, Technische Universitat Vienna, Vienna, Austria; Inst. fur Quantenelektronik und Lasertechnik, Tech. Univ. Wien, Austria",,False,0,university,True,False,False,False,False
53d49e998f84,4,reider|g,openalex,"Quantenelektronik und Lasertechnik, Technische Universitat Vienna, Vienna, Austria; Inst. fur Quantenelektronik und Lasertechnik, Tech. Univ. Wien, Austria",,False,0,university,True,False,False,False,False
53d49e998f84,5,sugden|k,openalex,"Aston Triangle, Aston University, Birmingham, UK; Technische Universitaet Wien, Quantenelektronik und Lasertechnik, A-1040 Vienna, Austria/Europe, Gusshausstr. 27/3594",,False,0,university,True,False,False,False,False
53d49e998f84,6,bennion|i,openalex,"Aston Triangle, Aston University, Birmingham, UK; Technische Universitaet Wien, Quantenelektronik und Lasertechnik, A-1040 Vienna, Austria/Europe, Gusshausstr. 27/3594",,False,0,university,True,False,False,False,False
53d49e998f84,7,fermann|m,openalex,"IMRA America, Inc., Ann Arbor, MI, USA; Technische Universitaet Wien, Quantenelektronik und Lasertechnik, A-1040 Vienna, Austria/Europe, Gusshausstr. 27/3594",IMRA America,True,1,company|university,True,True,False,False,True
53d49e998f84,8,sucha|g,openalex,"IMRA America, Inc., Ann Arbor, MI, USA; Technische Universitaet Wien, Quantenelektronik und Lasertechnik, A-1040 Vienna, Austria/Europe, Gusshausstr. 27/3594",IMRA America,True,1,company|university,True,True,False,False,True
53d49e998f84,9,harter|d,openalex,"IMRA America, Inc., Ann Arbor, MI, USA; Technische Universitaet Wien, Quantenelektronik und Lasertechnik, A-1040 Vienna, Austria/Europe, Gusshausstr. 27/3594",IMRA America,True,1,company|university,True,True,False,False,True
53d49e998f84,10,mendonca|c,openalex,"AT and T Bell Laboratories, Inc., Holmdel, NJ, USA; Technische Universitaet Wien, Quantenelektronik und Lasertechnik, A-1040 Vienna, Austria/Europe, Gusshausstr. 27/3594",,False,0,company|university,True,True,False,False,False
53d49e998f84,11,chiu|t,openalex,"AT and T Bell Laboratories, Inc., Holmdel, NJ, USA; Technische Universitaet Wien, Quantenelektronik und Lasertechnik, A-1040 Vienna, Austria/Europe, Gusshausstr. 27/3594",,False,0,company|university,True,True,False,False,False
542cb02422fd,1,zeng|y,openalex,"Zhejiang University State Key Laboratory of Silicon Materials, , Hangzhou 310027, People’s Republic of China",,False,0,university,True,False,False,False,False
542cb02422fd,2,ye|z,openalex,"Zhejiang University State Key Laboratory of Silicon Materials, , Hangzhou 310027, People’s Republic of China",,False,0,university,True,False,False,False,False
542cb02422fd,3,lu|y,openalex,"Zhejiang University State Key Laboratory of Silicon Materials, , Hangzhou 310027, People’s Republic of China",,False,0,university,True,False,False,False,False
542cb02422fd,4,lu|j,openalex,"Zhejiang University State Key Laboratory of Silicon Materials, , Hangzhou 310027, People’s Republic of China",,False,0,university,True,False,False,False,False
542cb02422fd,5,sun|l,openalex,"Zhejiang University State Key Laboratory of Silicon Materials, , Hangzhou 310027, People’s Republic of China",,False,0,university,True,False,False,False,False
542cb02422fd,6,xu|w,openalex,"Zhejiang University State Key Laboratory of Silicon Materials, , Hangzhou 310027, People’s Republic of China",,False,0,university,True,False,False,False,False
542cb02422fd,7,zhu|l,openalex,"Zhejiang University State Key Laboratory of Silicon Materials, , Hangzhou 310027, People’s Republic of China",,False,0,university,True,False,False,False,False
542cb02422fd,8,zhao|b,openalex,"Zhejiang University State Key Laboratory of Silicon Materials, , Hangzhou 310027, People’s Republic of China",,False,0,university,True,False,False,False,False
542cb02422fd,9,che|y,openalex,"IMRA America, Inc. , 1044 Woodridge Ave., Ann Arbor, Michigan 48105",IMRA America,True,1,company,False,True,False,False,True
546fc4ad4ff2,1,fermann|m,openalex,"IMRA America, Ann Arbor, MI, USA",IMRA America,True,1,company,False,True,False,False,True
546fc4ad4ff2,2,thomsen|b,openalex,"IMRA America, Inc., Ann Arbor, MI, USA",IMRA America,True,1,company,False,True,False,False,True
546fc4ad4ff2,3,dudley|j,openalex,"IMRA America, Inc., Ann Arbor, MI, USA",IMRA America,True,1,company,False,True,False,False,True
546fc4ad4ff2,4,harvey|j,openalex,"IMRA America, Inc., Ann Arbor, MI, USA",IMRA America,True,1,company,False,True,False,False,True
55875b781991,1,phillips|c,openalex,"E. L. Ginzton Laboratory, Stanford University, 348 Via Pueblo Mall, Stanford California 94305, USA. chris.phillips@stanford.edu; E. L. Ginzton Laboratory, Stanford University, 348 Via Pueblo Mall, Stanford, California, 94305 USA",,False,0,university,True,False,False,False,False
55875b781991,2,jiang|j,openalex,"IMRA America, Inc., 1044 Woodridge Avenue, Ann Arbor, Michigan 48105-9774, USA",IMRA America,True,1,company,False,True,False,False,True
55875b781991,3,mohr|c,openalex,"IMRA America, Inc., 1044 Woodridge Avenue, Ann Arbor, Michigan 48105-9774, USA",IMRA America,True,1,company,False,True,False,False,True
55875b781991,4,lin|a,openalex,"Solid State Photonics Laboratory, Stanford University, Stanford, California 94305, USA",,False,0,university,True,False,False,False,False
55875b781991,5,langrock|c,openalex,"E. L. Ginzton Laboratory, Stanford University, 348 Via Pueblo Mall, Stanford California 94305, USA; E. L. Ginzton Laboratory, Stanford University, 348 Via Pueblo Mall, Stanford, California, 94305 USA",,False,0,university,True,False,False,False,False
55875b781991,6,snure|m,openalex,"Air Force Research Laboratory, Wright-Patterson Air Force Base, Ohio 45433, USA; Air Force Research Laboratory, Wright Patterson Air Force Base, Ohio 45433 USA",,False,0,other,False,False,False,False,False
55875b781991,7,bliss|d,openalex,"Air Force Research Laboratory, Wright-Patterson Air Force Base, Ohio 45433, USA; Air Force Research Laboratory, Wright Patterson Air Force Base, Ohio 45433 USA",,False,0,other,False,False,False,False,False
55875b781991,8,zhu|m,openalex,"Agilent Laboratories, Agilent Technologies, 5301 Stevens Creek Boulevard, Santa Clara, California 95051, USA",,False,0,other,False,False,False,False,False
55875b781991,9,hartl|i,openalex,"IMRA America, Inc., 1044 Woodridge Avenue, Ann Arbor, Michigan 48105-9774, USA",IMRA America,True,1,company,False,True,False,False,True
55875b781991,10,harris|j,openalex,"Solid State Photonics Laboratory, Stanford University, Stanford, California 94305, USA",,False,0,university,True,False,False,False,False
55875b781991,11,fermann|m,openalex,"IMRA America, Inc., 1044 Woodridge Avenue, Ann Arbor, Michigan 48105-9774, USA",IMRA America,True,1,company,False,True,False,False,True
55875b781991,12,fejer|m,openalex,"E. L. Ginzton Laboratory, Stanford University, 348 Via Pueblo Mall, Stanford California 94305, USA; E. L. Ginzton Laboratory, Stanford University, 348 Via Pueblo Mall, Stanford, California, 94305 USA",,False,0,university,True,False,False,False,False
565a9b51b57d,1,kersting|r,scopus,Ludwig-Maximilians-Universität München,,False,0,university,True,False,False,False,False
565a9b51b57d,2,chen|h,scopus,School of Science,,False,0,university,True,False,False,False,False
565a9b51b57d,3,karpowicz|n,scopus,School of Science,,False,0,university,True,False,False,False,False
565a9b51b57d,4,cho|g,scopus,IMRA America,IMRA America,True,1,company,False,True,False,False,True
57ce57f87bb1,1,sucha|g,openalex,"IMRA America, Ann Arbor, MI, USA",IMRA America,True,1,company,False,True,False,False,True
57ce57f87bb1,2,fermann|m,openalex,"IMRA America, 1044 Woodridge Ave., Ann Arbor, Michigan 48105",IMRA America,True,1,company,False,True,False,False,True
57ce57f87bb1,3,harter|d,openalex,"IMRA America, 1044 Woodridge Ave., Ann Arbor, Michigan 48105",IMRA America,True,1,company,False,True,False,False,True
582833eb0bb5,1,egbert|s,scopus,IMRA America Inc.,IMRA America,True,1,company,False,True,False,False,True
582833eb0bb5,2,greenberg|j,scopus,IMRA America Inc.,IMRA America,True,1,company,False,True,False,False,True
582833eb0bb5,3,heffernan|b,scopus,IMRA America Inc.,IMRA America,True,1,company,False,True,False,False,True
582833eb0bb5,4,mcgrew|w,scopus,IMRA America Inc.,IMRA America,True,1,company,False,True,False,False,True
582833eb0bb5,5,rolland|a,scopus,IMRA America Inc.,IMRA America,True,1,company,False,True,False,False,True
5a58ad5b2708,1,dong|l,scopus,"IMRA America, Inc.",IMRA America,True,1,company,False,True,False,False,True
5b15247f6f4b,1,ono|s,scopus,Tokyo University of Science,,False,0,university,True,False,False,False,False
5b15247f6f4b,2,tsukamoto|t,scopus,Tokyo University of Science,,False,0,university,True,False,False,False,False
5b15247f6f4b,3,sakai|m,scopus,National Institutes of Natural Sciences - Institute for Molecular Science,,False,0,government,False,False,True,False,False
5b15247f6f4b,4,liu|z,scopus,National Institutes of Natural Sciences - Institute for Molecular Science,,False,0,government,False,False,True,False,False
5b15247f6f4b,5,ohtake|h,scopus,National Institutes of Natural Sciences - Institute for Molecular Science,,False,0,government,False,False,True,False,False
5b15247f6f4b,6,sarukura|n,scopus,National Institutes of Natural Sciences - Institute for Molecular Science,,False,0,government,False,False,True,False,False
5b15247f6f4b,7,nishizawa|s,scopus,JASCO Corporation,,False,0,company,False,True,False,False,False
5b15247f6f4b,8,nakanishi|a,scopus,"Hitachi Metals, Ltd",,False,0,company,False,True,False,False,False
5b15247f6f4b,9,yoshida|m,scopus,"IMRA America, Inc.",IMRA America,True,1,company,False,True,False,False,True
5b3130c55658,1,yoshino|f,scopus,"IMRA America, Inc.",IMRA America,True,1,company,False,True,False,False,True
5d14dbf3ddcb,1,ure a|a,,,,False,0,,False,False,False,False,False
5d3193ae4d37,1,imeshev|g,openalex,"E. L. Ginzton Laboratory, Stanford University, Stanford, California 94305 USA; E. L. Ginzton Laboratory, Stanford University, Stanford, California 94305, USA",,False,0,university,True,False,False,False,False
5d3193ae4d37,2,arbore|m,openalex,"E. L. Ginzton Laboratory, Stanford University, Stanford, California 94305 USA; E. L. Ginzton Laboratory, Stanford University, Stanford, California 94305, USA",,False,0,university,True,False,False,False,False
5d3193ae4d37,3,fejer|m,openalex,"E. L. Ginzton Laboratory, Stanford University, Stanford, California 94305 USA; E. L. Ginzton Laboratory, Stanford University, Stanford, California 94305, USA",,False,0,university,True,False,False,False,False
5d3193ae4d37,4,galvanauskas|a,openalex,"IMRA America, 1044 Woodridge Avenue, Ann Arbor, Michigan 48105 USA",IMRA America,True,1,company,False,True,False,False,True
5d3193ae4d37,5,fermann|m,openalex,"IMRA America, 1044 Woodridge Avenue, Ann Arbor, Michigan 48105 USA",IMRA America,True,1,company,False,True,False,False,True
5d3193ae4d37,6,harter|d,openalex,"IMRA America, 1044 Woodridge Avenue, Ann Arbor, Michigan 48105 USA",IMRA America,True,1,company,False,True,False,False,True
5f3ff40000ba,1,hofer|m,openalex,"Abteilung Quantenelektronik und Lasertechnik, Technische Universitat Vienna, Vienna, Austria",,False,0,university,True,False,False,False,False
5f3ff40000ba,2,ober|m,openalex,"Abteilung Quantenelektronik und Lasertechnik, Technische Universitat Vienna, Vienna, Austria",,False,0,university,True,False,False,False,False
5f3ff40000ba,3,haberl|f,openalex,"Abteilung Quantenelektronik und Lasertechnik, Technische Universitat Vienna, Vienna, Austria",,False,0,university,True,False,False,False,False
5f3ff40000ba,4,fermann|m,openalex,"Abteilung Quantenelektronik und Lasertechnik, Technische Universitat Vienna, Vienna, Austria",,False,0,university,True,False,False,False,False
623cb5503b04,1,baradaran|n,scopus,Princeton University,,False,0,university,True,False,False,False,False
623cb5503b04,2,charczun|d,scopus,Princeton University,,False,0,university,True,False,False,False,False
623cb5503b04,3,nambiar|t,scopus,Princeton University,,False,0,university,True,False,False,False,False
623cb5503b04,4,zou|m,scopus,Princeton University,,False,0,university,True,False,False,False,False
623cb5503b04,5,lee|k,scopus,"IMRA America, Inc.",IMRA America,True,1,company,False,True,False,False,True
623cb5503b04,6,fermann|m,scopus,"IMRA America, Inc.",IMRA America,True,1,company,False,True,False,False,True
623cb5503b04,7,weichman|m,scopus,Princeton University,,False,0,university,True,False,False,False,False
62c9b2b2cc62,1,nguyen|v,openalex,"Department of Ophthalmology and Visual Sciences, University of Michigan, Ann Arbor, Michigan 48105, United States",,False,0,university,True,False,False,False,False
62c9b2b2cc62,2,karoukis|a,openalex,"Department of Ophthalmology and Visual Sciences, University of Michigan, Ann Arbor, Michigan 48105, United States",,False,0,university,True,False,False,False,False
62c9b2b2cc62,3,qian|w,openalex,"IMRA America Inc., Ann Arbor, Michigan 48105, United States",IMRA America,True,1,company,False,True,False,False,True
62c9b2b2cc62,4,chen|l,openalex,"Department of Ophthalmology and Visual Sciences, University of Michigan, Ann Arbor, Michigan 48105, United States",,False,0,university,True,False,False,False,False
62c9b2b2cc62,5,perera|n,openalex,"Department of Ophthalmology and Visual Sciences, University of Michigan, Ann Arbor, Michigan 48105, United States",,False,0,university,True,False,False,False,False
62c9b2b2cc62,6,yang|d,openalex,"Center for Advanced Models for Translational Sciences and Therapeutics, University of Michigan, Ann Arbor, Michigan 48109, United States",,False,0,university,True,False,False,False,False
62c9b2b2cc62,7,zhang|q,openalex,"Department of Ophthalmology and Visual Sciences, University of Michigan, Ann Arbor, Michigan 48105, United States",,False,0,university,True,False,False,False,False
62c9b2b2cc62,8,zhe|j,openalex,"Department of Ophthalmology and Visual Sciences, University of Michigan, Ann Arbor, Michigan 48105, United States",,False,0,university,True,False,False,False,False
62c9b2b2cc62,9,henry|j,openalex,"Department of Ophthalmology and Visual Sciences, University of Michigan, Ann Arbor, Michigan 48105, United States",,False,0,university,True,False,False,False,False
62c9b2b2cc62,10,liu|b,openalex,"IMRA America Inc., Ann Arbor, Michigan 48105, United States",IMRA America,True,1,company,False,True,False,False,True
62c9b2b2cc62,11,zhang|w,openalex,"Department of Biomedical Engineering, University of Michigan, Ann Arbor, Michigan 48105, United States",,False,0,university,True,False,False,False,False
62c9b2b2cc62,12,fahim|a,openalex,"Department of Ophthalmology and Visual Sciences, University of Michigan, Ann Arbor, Michigan 48105, United States",,False,0,university,True,False,False,False,False
62c9b2b2cc62,13,wang|x,openalex,"Department of Biomedical Engineering, University of Michigan, Ann Arbor, Michigan 48105, United States",,False,0,university,True,False,False,False,False
62c9b2b2cc62,14,paulus|y,openalex,"Department of Biomedical Engineering, University of Michigan, Ann Arbor, Michigan 48105, United States; Department of Ophthalmology and Visual Sciences, University of Michigan, Ann Arbor, Michigan 48105, United States",,False,0,university,True,False,False,False,False
6395cfe9c4aa,1,imeshev|g,openalex,"IMRA America, Inc., 1044 Woodridge Ave., Ann Arbor, Michigan 48105, USA",IMRA America,True,1,company,False,True,False,False,True
6395cfe9c4aa,2,fermann|m,openalex,"IMRA America, Inc., 1044 Woodridge Ave., Ann Arbor, Michigan 48105, USA",IMRA America,True,1,company,False,True,False,False,True
6395cfe9c4aa,3,vodopyanov|k,openalex,"E. L. Ginzton Laboratory, Stanford University, Stanford, California 94305, USA",,False,0,university,True,False,False,False,False
6395cfe9c4aa,4,fejer|m,openalex,"E. L. Ginzton Laboratory, Stanford University, Stanford, California 94305, USA",,False,0,university,True,False,False,False,False
6395cfe9c4aa,5,yu|x,openalex,"Solid State Photonics Laboratory, Stanford University, Stanford, California 94305, USA",,False,0,university,True,False,False,False,False
6395cfe9c4aa,6,harris|j,openalex,"Solid State Photonics Laboratory, Stanford University, Stanford, California 94305, USA",,False,0,university,True,False,False,False,False
6395cfe9c4aa,7,bliss|d,openalex,"Hanscom Air Force Research Laboratory, Bedford, Massachusetts 01731, USA",,False,0,other,False,False,False,False,False
6395cfe9c4aa,8,lynch|c,openalex,"Hanscom Air Force Research Laboratory, Bedford, Massachusetts 01731, USA",,False,0,other,False,False,False,False,False
64a24b69ace0,1,jungerman|r,openalex,"Agilent Technologies, Inc., Santa Rosa, CA, USA; Agilent Technol., Santa Rosa, CA, USA",,False,0,company|other,False,True,False,False,False
64a24b69ace0,2,lee|g,openalex,"Agilent Technologies, Inc., Santa Rosa, CA, USA; Agilent Technol., Santa Rosa, CA, USA",,False,0,company|other,False,True,False,False,False
64a24b69ace0,3,buccafusca|o,openalex,"Agilent Technologies, Inc., Santa Rosa, CA, USA; Agilent Technol., Santa Rosa, CA, USA",,False,0,company|other,False,True,False,False,False
64a24b69ace0,4,kaneko|y,openalex,"Agilent Technologies, Inc., Santa Rosa, CA, USA; Agilent Technol., Santa Rosa, CA, USA",,False,0,company|other,False,True,False,False,False
64a24b69ace0,5,itagaki|n,openalex,"Agilent Technologies, Inc., Santa Rosa, CA, USA; Agilent Technol., Santa Rosa, CA, USA",,False,0,company|other,False,True,False,False,False
64a24b69ace0,6,shioda|r,openalex,"Agilent Technologies, Inc., Santa Rosa, USA; Agilent Technol., Santa Rosa, CA, USA",,False,0,company|other,False,True,False,False,False
64a24b69ace0,7,harada|a,openalex,"Fuji Photo Film Company Limited, Japan; [Fuji Photo Film Company Limited, Japan]",,False,0,company,False,True,False,False,False
64a24b69ace0,8,nihei|y,openalex,"Fuji Photo Film Company Limited, Japan; [Fuji Photo Film Company Limited, Japan]",,False,0,company,False,True,False,False,False
64a24b69ace0,9,sucha|g,openalex,"IMRA America, Inc., Ann Arbor, MI, USA; [IMRA America, Inc., Ann Arbor, MI, USA]",IMRA America,True,1,company,False,True,False,False,True
64cc82e127a3,1,iwakuni|k,openalex,"1Department of Physics, JILA, National Institute of Standards and Technology and University of Colorado, University of Colorado, Boulder, CO 80309 USA",,False,0,university,True,False,False,False,False
64cc82e127a3,2,porat|g,openalex,"1Department of Physics, JILA, National Institute of Standards and Technology and University of Colorado, University of Colorado, Boulder, CO 80309 USA",,False,0,university,True,False,False,False,False
64cc82e127a3,3,bui|t,openalex,"1Department of Physics, JILA, National Institute of Standards and Technology and University of Colorado, University of Colorado, Boulder, CO 80309 USA",,False,0,university,True,False,False,False,False
64cc82e127a3,4,bjork|b,openalex,"1Department of Physics, JILA, National Institute of Standards and Technology and University of Colorado, University of Colorado, Boulder, CO 80309 USA; Present Address: Honeywell International, 303 Technology Court, Broomfield, CO 80021 USA",,False,0,university|other,True,False,False,False,False
64cc82e127a3,5,schoun|s,openalex,"1Department of Physics, JILA, National Institute of Standards and Technology and University of Colorado, University of Colorado, Boulder, CO 80309 USA",,False,0,university,True,False,False,False,False
64cc82e127a3,6,heckl|o,openalex,"1Department of Physics, JILA, National Institute of Standards and Technology and University of Colorado, University of Colorado, Boulder, CO 80309 USA; 4Present Address: Christian Doppler Laboratory for Mid-IR Spectroscopy and Semiconductor Optics, University of Vienna, Boltzmanngasse 5, 1090 Vienna, Austria",,False,0,university,True,False,False,False,False
64cc82e127a3,7,fermann|m,openalex,"2IMRA America, Inc., 1044 Woodridge Ave., Ann Arbor, MI 48105 USA",IMRA America,True,1,company,False,True,False,False,True
64cc82e127a3,8,ye|j,openalex,"1Department of Physics, JILA, National Institute of Standards and Technology and University of Colorado, University of Colorado, Boulder, CO 80309 USA",,False,0,university,True,False,False,False,False
64d2db71c1c2,1,vodopyanov|k,openalex,"E. L. Ginzton Laboratory, University of Stanford, Stanford, CA, USA; E.L. Ginzton Lab., Stanford Univ., Stanford, CA",,False,0,university,True,False,False,False,False
64d2db71c1c2,2,imeshev|g,openalex,"IMRA America, Inc., Ann Arbor, MI, USA; IMRA America, Inc., 1044 Woodridge Ave., Ann Arbor, Michigan 48105, USA",IMRA America,True,1,company,False,True,False,False,True
64d2db71c1c2,3,fermann|m,openalex,"IMRA America, Inc., Ann Arbor, MI, USA; IMRA America, Inc., 1044 Woodridge Ave., Ann Arbor, Michigan 48105, USA",IMRA America,True,1,company,False,True,False,False,True
64d2db71c1c2,4,schaar|j,openalex,"E. L. Ginzton Laboratory, University of Stanford, Stanford, CA, USA; E.L. Ginzton Laboratory, Stanford University, CA 94305, USA",,False,0,university,True,False,False,False,False
64d2db71c1c2,5,fejer|m,openalex,"E. L. Ginzton Laboratory, University of Stanford, Stanford, CA, USA; E.L. Ginzton Laboratory, Stanford University, CA 94305, USA",,False,0,university,True,False,False,False,False
64d2db71c1c2,6,yu|x,openalex,"Solid State Photonics Laboratory, University of Stanford, Stanford, CA, USA; Solid State Photonics Laboratory, Stanford University, California 94305, USA",,False,0,university,True,False,False,False,False
64d2db71c1c2,7,harris|j,openalex,"Solid State Photonics Laboratory, University of Stanford, Stanford, CA, USA; Solid State Photonics Laboratory, Stanford University, California 94305, USA",,False,0,university,True,False,False,False,False
64d2db71c1c2,8,bliss|d,openalex,"Bedford, MA, USA; Hanscom Air Force Research Laboratory, Bedford, Massachusetts 01731, USA",,False,0,other,False,False,False,False,False
64d2db71c1c2,9,weyburne|d,openalex,"Bedford, MA, USA; Hanscom Air Force Research Laboratory, Bedford, Massachusetts 01731, USA",,False,0,other,False,False,False,False,False
671428711dd5,1,li|m,openalex,"Rensselaer Polytechnic Institute (United States); Rensselaer Polytechnic Institute, United States",,False,0,other,False,False,False,False,False
671428711dd5,2,zhang|x,openalex,"Rensselaer Polytechnic Institute (United States); Rensselaer Polytechnic Institute, United States",,False,0,other,False,False,False,False,False
671428711dd5,3,sucha|g,openalex,"IMRA America, Inc. (United States)",IMRA America,True,1,company,False,True,False,False,True
671428711dd5,4,harter|d,openalex,"IMRA America, Inc. (United States)",IMRA America,True,1,company,False,True,False,False,True
67639a157887,1,otomo|k,scopus,National Institutes of Natural Sciences - Exploratory Research Center on Life and Living Systems; National Institutes of Natural Sciences - National Institute for Physiological Sciences; The Graduate University for Advanced Studies; Hokkaido University,,False,0,government|university,True,False,True,False,False
67639a157887,2,goto|a,scopus,Hokkaido University,,False,0,university,True,False,False,False,False
67639a157887,3,yamanaka|y,scopus,Hokkaido University,,False,0,university,True,False,False,False,False
67639a157887,4,hori|t,scopus,"IMRA America, Inc.",IMRA America,True,1,company,False,True,False,False,True
67639a157887,5,nakayama|h,scopus,Yokogawa Electric Corp,,False,0,company,False,True,False,False,False
67639a157887,6,nemoto|t,scopus,National Institutes of Natural Sciences - Exploratory Research Center on Life and Living Systems; National Institutes of Natural Sciences - National Institute for Physiological Sciences; The Graduate University for Advanced Studies; Hokkaido University,,False,0,government|university,True,False,True,False,False
67c7926d1379,1,fermann|m,openalex,"IMRA America, Ann Arbor, MI, USA",IMRA America,True,1,company,False,True,False,False,True
67c7926d1379,2,stock|m,openalex,"IMRA America, Inc., Ann Arbor, MI, USA",IMRA America,True,1,company,False,True,False,False,True
67c7926d1379,3,galvanauskas|a,openalex,"IMRA America, Inc., Ann Arbor, MI, USA",IMRA America,True,1,company,False,True,False,False,True
67c7926d1379,4,hariharan|a,openalex,"IMRA America, Inc., Ann Arbor, MI, USA",IMRA America,True,1,company,False,True,False,False,True
67c7926d1379,5,sucha|g,openalex,"IMRA America, Inc., Ann Arbor, MI, USA",IMRA America,True,1,company,False,True,False,False,True
67c7926d1379,6,harter|d,openalex,"IMRA America, Inc",IMRA America,True,1,company,False,True,False,False,True
67c7926d1379,7,goldberg|l,openalex,"IMRA America, Inc., Ann Arbor, MI, USA",IMRA America,True,1,company,False,True,False,False,True
6ac6c722b8f0,1,yang|w,scopus,University of Southampton,,False,0,university,True,False,False,False,False
6ac6c722b8f0,2,bricchi|e,scopus,University of Southampton,,False,0,university,True,False,False,False,False
6ac6c722b8f0,3,kazansky|p,scopus,University of Southampton,,False,0,university,True,False,False,False,False
6ac6c722b8f0,4,bovatsek|j,scopus,"IMRA America, Inc.",IMRA America,True,1,company,False,True,False,False,True
6ac6c722b8f0,5,arai|a,scopus,"IMRA America, Inc.",IMRA America,True,1,company,False,True,False,False,True
6bb04cc720e9,1,shah|l,scopus,"IMRA America, Inc.",IMRA America,True,1,company,False,True,False,False,True
6bb04cc720e9,2,fermann|m,scopus,"IMRA America, Inc.",IMRA America,True,1,company,False,True,False,False,True
6bb04cc720e9,3,dawson|j,scopus,Lawrence Livermore National Laboratory,,False,0,government,False,False,True,False,False
6bb04cc720e9,4,barty|c,scopus,Lawrence Livermore National Laboratory,,False,0,government,False,False,True,False,False
6c9c3b0305e0,1,hagedorn|k,openalex,"IMRA America, Ann Arbor, Michigan 48105, USA",IMRA America,True,1,company,False,True,False,False,True
6c9c3b0305e0,2,liu|b,openalex,"IMRA America, Ann Arbor, Michigan 48105, USA",IMRA America,True,1,company,False,True,False,False,True
6c9c3b0305e0,3,marcinkevicius|a,openalex,"IMRA America, Ann Arbor, Michigan 48105, USA",IMRA America,True,1,company,False,True,False,False,True
6cf3aae8a205,1,arbore|m,openalex,"E. L. Ginzton Laboratory, Stanford University, Stanford, California 94305",,False,0,university,True,False,False,False,False
6cf3aae8a205,2,galvanauskas|a,openalex,"IMRA America, 1044 Woodridge Avenue, Ann Arbor, Michigan 48105",IMRA America,True,1,company,False,True,False,False,True
6cf3aae8a205,3,harter|d,openalex,"IMRA America, 1044 Woodridge Avenue, Ann Arbor, Michigan 48105",IMRA America,True,1,company,False,True,False,False,True
6cf3aae8a205,4,chou|m,openalex,"E. L. Ginzton Laboratory, Stanford University, Stanford, California 94305",,False,0,university,True,False,False,False,False
6cf3aae8a205,5,fejer|m,openalex,"E. L. Ginzton Laboratory, Stanford University, Stanford, California 94305",,False,0,university,True,False,False,False,False
6d14350cd432,1,maslowski|p,openalex,"Institute of Physics, Faculty of Physics, Astronomy and Informatics, Nicolaus Copernicus University in Toruń, ul. Grudziądzka 5/7, 87–100 Toruń, Poland",,False,0,university,True,False,False,False,False
6d14350cd432,2,lee|k,openalex,"IMRA America, Inc., 1044 Woodridge Avenue, Ann Arbor, Michigan 48105, USA",IMRA America,True,1,company,False,True,False,False,True
6d14350cd432,3,johansson|a,openalex,"Department of Physics, Umeå University, 901 87 Umeå, Sweden; Department of Physics, Umeå University, , 901 87 Umeå, Sweden",,False,0,university,True,False,False,False,False
6d14350cd432,4,khodabakhsh|a,openalex,"Department of Physics, Umeå University, 901 87 Umeå, Sweden; Department of Physics, Umeå University, , 901 87 Umeå, Sweden",,False,0,university,True,False,False,False,False
6d14350cd432,5,kowzan|g,openalex,"Institute of Physics, Faculty of Physics, Astronomy and Informatics, Nicolaus Copernicus University in Toruń, ul. Grudziądzka 5/7, 87–100 Toruń, Poland",,False,0,university,True,False,False,False,False
6d14350cd432,6,rutkowski|l,openalex,"Department of Physics, Umeå University, 901 87 Umeå, Sweden; Department of Physics, Umeå University, , 901 87 Umeå, Sweden",,False,0,university,True,False,False,False,False
6d14350cd432,7,mills|a,openalex,"IMRA America, Inc., 1044 Woodridge Avenue, Ann Arbor, Michigan 48105, USA",IMRA America,True,1,company,False,True,False,False,True
6d14350cd432,8,mohr|c,openalex,"IMRA America, Inc., 1044 Woodridge Avenue, Ann Arbor, Michigan 48105, USA",IMRA America,True,1,company,False,True,False,False,True
6d14350cd432,9,jiang|j,openalex,"IMRA America, Inc., 1044 Woodridge Avenue, Ann Arbor, Michigan 48105, USA",IMRA America,True,1,company,False,True,False,False,True
6d14350cd432,10,fermann|m,openalex,"IMRA America, Inc., 1044 Woodridge Avenue, Ann Arbor, Michigan 48105, USA",IMRA America,True,1,company,False,True,False,False,True
6d14350cd432,11,foltynowicz|a,openalex,"Department of Physics, Umeå University, 901 87 Umeå, Sweden; Department of Physics, Umeå University, , 901 87 Umeå, Sweden",,False,0,university,True,False,False,False,False
6d75d5697d2e,1,li|m,openalex,"Department of Physics, Rensselaer Polytechnic Institute RPI, Troy, NY, USA; [Dept. of Phys., Rensselaer Polytech. Inst., Troy, NY, USA]",,False,0,other,False,False,False,False,False
6d75d5697d2e,2,sucha|g,openalex,"Department of Physics, Rensselaer Polytechnic Institute RPI, Troy, NY, USA; Rensselaer Polytechnic Institute, Troy, NY, US; [Department of Physics, Rensselaer Polytechnic Institute RPI, Troy, NY, USA, Rensselaer Polytechnic Institute, Troy, NY, US]",,False,0,other,False,False,False,False,False
6d75d5697d2e,3,han|p,openalex,"Rensselaer Polytechnic Institute, Troy, NY, US; Rensselaer Polytechnic Institute Troy, NY, US",,False,0,other,False,False,False,False,False
6d75d5697d2e,4,galvanaoskas|a,openalex,"[Department of Physics, Rensselaer Polytechnic Institute RPI, Troy, NY, USA]",,False,0,other,False,False,False,False,False
6d75d5697d2e,5,harter|d,openalex,"Department of Physics, Rensselaer Polytechnic Institute RPI, Troy, NY, USA; [IMRA America, Inc., Troy, NY, USA]",IMRA America,True,1,other|company,False,True,False,False,True
6d75d5697d2e,6,zhang|x,openalex,"IMRA America, Inc., Troy, NY, USA",IMRA America,True,1,company,False,True,False,False,True
6dadbeed94c4,1,galvanauskas|a,openalex,"IMRA America, Inc., Ann Arbor, MI; IMRA America Inc., Ann Arbor, MI, USA",IMRA America,True,1,company,False,True,False,False,True
6dadbeed94c4,2,sartania|z,openalex,"IMRA America, Inc., Ann Arbor, MI; [IMRA America, Inc., Ann Arbor, MI]",IMRA America,True,1,company,False,True,False,False,True
6dadbeed94c4,3,bischoff|m,openalex,"IMRA America, Inc., Ann Arbor, MI; [IMRA America, Inc., Ann Arbor, MI]",IMRA America,True,1,company,False,True,False,False,True
70618903a605,1,ruehl|a,openalex,"IMRA America, Inc., 1044 Woodridge Avenue, Ann Arbor, Michigan 48105, USA. aruehl@imra.com; IMRA America, Inc., 1044 Woodridge Avenue, Ann Arbor, Michigan 48105, USA",IMRA America,True,1,company,False,True,False,False,True
70618903a605,2,marcinkevicius|a,openalex,"IMRA America, Inc., 1044 Woodridge Avenue, Ann Arbor, Michigan 48105, USA",IMRA America,True,1,company,False,True,False,False,True
70618903a605,3,fermann|m,openalex,"IMRA America, Inc., 1044 Woodridge Avenue, Ann Arbor, Michigan 48105, USA",IMRA America,True,1,company,False,True,False,False,True
70618903a605,4,hartl|i,openalex,"IMRA America, Inc., 1044 Woodridge Avenue, Ann Arbor, Michigan 48105, USA",IMRA America,True,1,company,False,True,False,False,True
710485fa85eb,1,fermann|m,openalex,"IMRA America, Inc., 1044 Woodridge Avenue, Ann Arbor, Michigan 48105 USA",IMRA America,True,1,company,False,True,False,False,True
710485fa85eb,2,minelly|j,openalex,"Optoelectronics Research Centre, University of Southampton, Southampton SO17 1BJ, UK; Optoelectronics Research Centre, University of Southampton,#N##TAB##TAB##TAB##TAB##TAB#Southampton SO17 1BJ, UK",,False,0,university,True,False,False,False,False
7130a2dc7a3c,1,yi|l,scopus,The University of Osaka,,False,0,university,True,False,False,False,False
7130a2dc7a3c,2,iwamoto|k,scopus,The University of Osaka,,False,0,university,True,False,False,False,False
7130a2dc7a3c,3,yamamoto|t,scopus,The University of Osaka,,False,0,university,True,False,False,False,False
7130a2dc7a3c,4,ayano|f,scopus,The University of Osaka,,False,0,university,True,False,False,False,False
7130a2dc7a3c,5,li|y,scopus,"IMRA America, Inc.; Beihang University",IMRA America,True,1,company|university,True,True,False,False,True
7130a2dc7a3c,6,rolland|a,scopus,"IMRA America, Inc.",IMRA America,True,1,company,False,True,False,False,True
7130a2dc7a3c,7,kuse|n,scopus,"IMRA America, Inc.",IMRA America,True,1,company,False,True,False,False,True
7130a2dc7a3c,8,fermann|m,scopus,"IMRA America, Inc.",IMRA America,True,1,company,False,True,False,False,True
7130a2dc7a3c,9,nagatsuma|t,scopus,The University of Osaka,,False,0,university,True,False,False,False,False
716911aa1cf4,1,ruehl|a,openalex,"IMRA America, Inc., Ann Arbor, MI, USA; Institute for Lasers, Life and Biophotonics, Vrije Universiteit Amsterdam, Amsterdam, Netherlands",IMRA America,True,1,company|university,True,True,False,False,True
716911aa1cf4,2,hartl|i,openalex,"IMRA America, Inc., Ann Arbor, MI, USA",IMRA America,True,1,company,False,True,False,False,True
716911aa1cf4,3,fermann|m,openalex,"IMRA America, Inc., Ann Arbor, MI, USA",IMRA America,True,1,company,False,True,False,False,True
721d06c6711b,1,yost|d,openalex,"JILA, National Institute of Standards and Technology, and University of Colorado Department of Physics, University of Colorado, Boulder, Colorado 80309-0440, USA. dylan.yost@colorado.edu; JILA, National Institute of Standards and Technology and University of Colorado, Department of Physics, University of Colorado, Boulder, Colorado, 80309-0440, USA",,False,0,university,True,False,False,False,False
721d06c6711b,2,cing z|a,openalex,"JILA, National Institute of Standards and Technology and University of Colorado, Department of Physics, University of Colorado, Boulder, Colorado, 80309-0440, USA",,False,0,university,True,False,False,False,False
721d06c6711b,3,allison|t,openalex,"JILA, National Institute of Standards and Technology and University of Colorado, Department of Physics, University of Colorado, Boulder, Colorado, 80309-0440, USA",,False,0,university,True,False,False,False,False
721d06c6711b,4,ruehl|a,openalex,"IMRA America, Inc., 1044 Woodridge Avenue, Ann Arbor, Michigan 48105, USA",IMRA America,True,1,company,False,True,False,False,True
721d06c6711b,5,fermann|m,openalex,"IMRA America, Inc., 1044 Woodridge Avenue, Ann Arbor, Michigan 48105, USA",IMRA America,True,1,company,False,True,False,False,True
721d06c6711b,6,hartl|i,openalex,"IMRA America, Inc., 1044 Woodridge Avenue, Ann Arbor, Michigan 48105, USA",IMRA America,True,1,company,False,True,False,False,True
721d06c6711b,7,ye|j,openalex,"JILA, National Institute of Standards and Technology and University of Colorado, Department of Physics, University of Colorado, Boulder, Colorado, 80309-0440, USA",,False,0,university,True,False,False,False,False
73651e78d378,1,dong|l,scopus,"IMRA America, Inc.",IMRA America,True,1,company,False,True,False,False,True
73651e78d378,2,thomas|b,scopus,"IMRA America, Inc.",IMRA America,True,1,company,False,True,False,False,True
73651e78d378,3,fu|l,scopus,"IMRA America, Inc.",IMRA America,True,1,company,False,True,False,False,True
74417f7270c2,1,nguyen|v,scopus,University of Michigan Medical School,,False,0,university,True,False,False,False,False
74417f7270c2,2,fan|w,scopus,University of Michigan Medical School; Jiangsu Province Hospital,,False,0,university|hospital,True,False,False,True,False
74417f7270c2,3,zhu|t,scopus,University of Michigan Medical School; Jiangsu Province Hospital,,False,0,university|hospital,True,False,False,True,False
74417f7270c2,4,qian|w,scopus,"IMRA America, Inc.",IMRA America,True,1,company,False,True,False,False,True
74417f7270c2,5,li|y,scopus,University of Michigan Medical School,,False,0,university,True,False,False,False,False
74417f7270c2,6,liu|b,scopus,"IMRA America, Inc.",IMRA America,True,1,company,False,True,False,False,True
74417f7270c2,7,zhang|w,scopus,"University of Michigan, Ann Arbor",,False,0,university,True,False,False,False,False
74417f7270c2,8,henry|j,scopus,University of Michigan Medical School,,False,0,university,True,False,False,False,False
74417f7270c2,9,yuan|s,scopus,Jiangsu Province Hospital,,False,0,hospital,False,False,False,True,False
74417f7270c2,10,wang|x,scopus,"University of Michigan, Ann Arbor",,False,0,university,True,False,False,False,False
74417f7270c2,11,paulus|y,scopus,"University of Michigan Medical School; University of Michigan, Ann Arbor",,False,0,university,True,False,False,False,False
7494bcf8d008,1,fermann|m,openalex,"IMRA America, Inc., 1044 Woodridge Ave., Ann Arbor, MI 48105 (Fax +1-313/930-9957), , , , , , US; IMRA America, Inc., 1044 Woodridge Ave., Ann Arbor, MI 48105 (Fax +1-313/930-9957), , , , , , US",IMRA America,True,1,company,False,True,False,False,True
7494bcf8d008,2,galvanauskas|a,openalex,"IMRA America, Inc., 1044 Woodridge Ave., Ann Arbor, MI 48105 (Fax +1-313/930-9957), , , , , , US; IMRA America, Inc., 1044 Woodridge Ave., Ann Arbor, MI 48105 (Fax +1-313/930-9957), , , , , , US",IMRA America,True,1,company,False,True,False,False,True
7494bcf8d008,3,sucha|g,openalex,"IMRA America, Inc., 1044 Woodridge Ave., Ann Arbor, MI 48105 (Fax +1-313/930-9957), , , , , , US; IMRA America, Inc., 1044 Woodridge Ave., Ann Arbor, MI 48105 (Fax +1-313/930-9957), , , , , , US",IMRA America,True,1,company,False,True,False,False,True
7494bcf8d008,4,harter|d,openalex,"IMRA America, Inc., 1044 Woodridge Ave., Ann Arbor, MI 48105 (Fax +1-313/930-9957), , , , , , US; IMRA America, Inc., 1044 Woodridge Ave., Ann Arbor, MI 48105 (Fax +1-313/930-9957), , , , , , US",IMRA America,True,1,company,False,True,False,False,True
75bb4f7d505a,1,imeshev|g,openalex,"IMRA America, Inc., Ann Arbor, MI, USA",IMRA America,True,1,company,False,True,False,False,True
75bb4f7d505a,2,hartl|i,openalex,"IMRA America, Inc., Ann Arbor, MI, USA",IMRA America,True,1,company,False,True,False,False,True
75bb4f7d505a,3,fermann|m,openalex,"IMRA America, Inc., Ann Arbor, MI, USA",IMRA America,True,1,company,False,True,False,False,True
75de016dc403,1,rolland|a,scopus,IMRA Boulder Research Laboratory,IMRA America,True,1,company,False,True,False,False,True
75de016dc403,2,heffernan|b,scopus,IMRA Boulder Research Laboratory,IMRA America,True,1,company,False,True,False,False,True
7c199c4f7eb1,1,fermann|m,openalex,"Bellcore, 331 Newman Springs Road, Red Bank, New Jersey 07701",,False,0,other,False,False,False,False,False
7c199c4f7eb1,2,andrejco|m,openalex,"Bellcore, 331 Newman Springs Road, Red Bank, New Jersey 07701",,False,0,other,False,False,False,False,False
7c199c4f7eb1,3,stock|m,openalex,"Bellcore, 331 Newman Springs Road, Red Bank, New Jersey 07701",,False,0,other,False,False,False,False,False
7c199c4f7eb1,4,silberberg|y,openalex,"Bellcore, 331 Newman Springs Road, Red Bank, New Jersey 07701",,False,0,other,False,False,False,False,False
7c199c4f7eb1,5,weiner|a,openalex,"Bellcore, 331 Newman Springs Road, Red Bank, New Jersey 07701",,False,0,other,False,False,False,False,False
7c48b8f9cb13,1,dong|l,scopus,"IMRA America, Inc.",IMRA America,True,1,company,False,True,False,False,True
7c9d374b2a2d,1,galvanauskas|a,scopus,"IMRA America, Inc.",IMRA America,True,1,company,False,True,False,False,True
7d426362713f,1,wong|w,scopus,"IMRA America, Inc.",IMRA America,True,1,company,False,True,False,False,True
7d426362713f,2,peng|x,scopus,"IMRA America, Inc.",IMRA America,True,1,company,False,True,False,False,True
7d426362713f,3,mclaughlin|j,scopus,"IMRA America, Inc.",IMRA America,True,1,company,False,True,False,False,True
7d426362713f,4,dong|l,scopus,"IMRA America, Inc.",IMRA America,True,1,company,False,True,False,False,True
7d47f7f65c0b,1,leindecker|n,scopus,Ginzton Laboratory,,False,0,other,False,False,False,False,False
7d47f7f65c0b,2,marandi|a,scopus,Ginzton Laboratory,,False,0,other,False,False,False,False,False
7d47f7f65c0b,3,byer|r,scopus,Ginzton Laboratory,,False,0,other,False,False,False,False,False
7d47f7f65c0b,4,vodopyanov|k,scopus,Ginzton Laboratory,,False,0,other,False,False,False,False,False
7d47f7f65c0b,5,jiang|j,scopus,"IMRA America, Inc.",IMRA America,True,1,company,False,True,False,False,True
7d47f7f65c0b,6,hartl|i,scopus,"IMRA America, Inc.",IMRA America,True,1,company,False,True,False,False,True
7d47f7f65c0b,7,fermann|m,scopus,"IMRA America, Inc.",IMRA America,True,1,company,False,True,False,False,True
7d47f7f65c0b,8,schunemann|p,scopus,BAE Systems Inc.,,False,0,company,False,True,False,False,False
7e082b22cb62,1,maekawa|k,scopus,The University of Osaka,,False,0,university,True,False,False,False,False
7e082b22cb62,2,nakashita|t,scopus,The University of Osaka,,False,0,university,True,False,False,False,False
7e082b22cb62,3,yoshioka|t,scopus,The University of Osaka,,False,0,university,True,False,False,False,False
7e082b22cb62,4,hori|t,scopus,"IMRA America, Inc.",IMRA America,True,1,company,False,True,False,False,True
7e082b22cb62,5,rolland|a,scopus,"IMRA America, Inc.",IMRA America,True,1,company,False,True,False,False,True
7e082b22cb62,6,nagatsuma|t,scopus,The University of Osaka,,False,0,university,True,False,False,False,False
7ead6788be80,1,xu|l,openalex,"School of Physics, Georgia Institute of Technology, Atlanta, GA, USA; Sch. of Phys., Georgia Inst. of Technol., Atlanta, GA, USA#TAB#",,False,0,university|other,True,False,False,False,False
7ead6788be80,2,gu|x,openalex,"School of Physics, Georgia Institute of Technology, Atlanta, GA, USA; [Georgia Institute of Technology.]",,False,0,university,True,False,False,False,False
7ead6788be80,3,kimmel|m,openalex,"School of Physics, Georgia Institute of Technology, Atlanta, GA, USA; [Georgia Institute of Technology.]",,False,0,university,True,False,False,False,False
7ead6788be80,4,o shea|p,openalex,"School of Physics, Georgia Institute of Technology, Atlanta, GA, USA; [Georgia Institute of Technology.]",,False,0,university,True,False,False,False,False
7ead6788be80,5,trebino|r,openalex,"School of Physics, Georgia Institute of Technology, Atlanta, GA, USA; [Georgia Institute of Technology.]",,False,0,university,True,False,False,False,False
7ead6788be80,6,galvanauskas|a,openalex,"School of Physics, Georgia Institute of Technology, Atlanta, GA, USA; [Georgia Institute of Technology.]",,False,0,university,True,False,False,False,False
81b853e4c154,1,cederquist|k,openalex,"IMRA America, Inc., 1044 Woodridge Avenue, Ann Arbor, MI 48105, United States. Electronic address: kcederqu@imra.com; IMRA America, Inc., 1044 Woodridge Avenue, Ann Arbor, MI 48105, United States",IMRA America,True,1,company,False,True,False,False,True
81b853e4c154,2,liu|b,openalex,"IMRA America, Inc., 1044 Woodridge Avenue, Ann Arbor, MI 48105, United States",IMRA America,True,1,company,False,True,False,False,True
81b853e4c154,3,grima|m,openalex,"IMRA America, Inc., 1044 Woodridge Avenue, Ann Arbor, MI 48105, United States",IMRA America,True,1,company,False,True,False,False,True
81b853e4c154,4,dalack|p,openalex,"IMRA America, Inc., 1044 Woodridge Avenue, Ann Arbor, MI 48105, United States",IMRA America,True,1,company,False,True,False,False,True
81b853e4c154,5,mahorn|j,openalex,"IMRA America, Inc., 1044 Woodridge Avenue, Ann Arbor, MI 48105, United States",IMRA America,True,1,company,False,True,False,False,True
825e2e9fe14d,1,langrock|c,scopus,Ginzton Laboratory,,False,0,other,False,False,False,False,False
825e2e9fe14d,2,fejer|m,openalex,Stanford University,,False,0,university,True,False,False,False,False
825e2e9fe14d,3,hartl|i,openalex,"IMRA America, Inc",IMRA America,True,1,company,False,True,False,False,True
825e2e9fe14d,4,fermann|m,scopus,"IMRA America, Inc.",IMRA America,True,1,company,False,True,False,False,True
8316ba19c3c6,1,eaton|s,scopus,University of Toronto,,False,0,university,True,False,False,False,False
8316ba19c3c6,2,zhang|h,scopus,University of Toronto,,False,0,university,True,False,False,False,False
8316ba19c3c6,3,herman|p,scopus,University of Toronto,,False,0,university,True,False,False,False,False
8316ba19c3c6,4,yoshino|f,scopus,"IMRA America, Inc.",IMRA America,True,1,company,False,True,False,False,True
8316ba19c3c6,5,shah|l,scopus,"IMRA America, Inc.",IMRA America,True,1,company,False,True,False,False,True
8316ba19c3c6,6,arai|a,scopus,"IMRA America, Inc.",IMRA America,True,1,company,False,True,False,False,True
834eb990d026,1,fermann|m,scopus,"IMRA America, Inc.",IMRA America,True,1,company,False,True,False,False,True
834eb990d026,2,lee|k,scopus,"IMRA America, Inc.",IMRA America,True,1,company,False,True,False,False,True
834eb990d026,3,li|p,scopus,"IMRA America, Inc.",IMRA America,True,1,company,False,True,False,False,True
834eb990d026,4,rolland|a,scopus,"IMRA America, Inc.",IMRA America,True,1,company,False,True,False,False,True
834eb990d026,5,jiang|j,scopus,"IMRA America, Inc.",IMRA America,True,1,company,False,True,False,False,True
8354640bfbfd,1,minelly|j,openalex,"Optoelectronics Research Centre, University of Southampton; Optoelectronics Research Centre - University of Southampton",,False,0,university,True,False,False,False,False
8354640bfbfd,2,galvanauskas|a,openalex,University of Southampton,,False,0,university,True,False,False,False,False
8354640bfbfd,3,harter|d,openalex,University of Southampton,,False,0,university,True,False,False,False,False
8354640bfbfd,4,caplen|j,openalex,University of Southampton,,False,0,university,True,False,False,False,False
8354640bfbfd,5,dong|l,openalex,University of Southampton,,False,0,university,True,False,False,False,False
849e404910e1,1,cho|g,openalex,"Department of Physics, Applied Physics and Astronomy, Rensselaer Polytechnic Institute, Troy, NY, USA",,False,0,other,False,False,False,False,False
849e404910e1,2,tani|m,openalex,"Department of Physics, Applied Physics and Astronomy, Rensselaer Polytechnic Institute, Troy, NY, USA",,False,0,other,False,False,False,False,False
849e404910e1,3,wegener|j,openalex,"Department of Physics, Applied Physics and Astronomy, Rensselaer Polytechnic Institute, Troy, NY, USA",,False,0,other,False,False,False,False,False
849e404910e1,4,zhang|x,openalex,"Department of Physics, Applied Physics and Astronomy, Rensselaer Polytechnic Institute, Troy, NY, USA",,False,0,other,False,False,False,False,False
85340bb52070,1,endert|h,,,,False,0,,False,False,False,False,False
85340bb52070,2,galvanauskas|a,,,,False,0,,False,False,False,False,False
85340bb52070,3,sucha|g,,,,False,0,,False,False,False,False,False
85340bb52070,4,patel|r,,,,False,0,,False,False,False,False,False
85340bb52070,5,stock|m,,,,False,0,,False,False,False,False,False
86077d096a6b,1,kowzan|g,openalex,"Institute of Physics, Faculty of Physics, Astronomy and Informatics, Nicolaus Copernicus University, ul. Grudziadzka 5, 87-100 Torun, Poland",,False,0,university,True,False,False,False,False
86077d096a6b,2,lee|k,openalex,"IMRA America, Inc., 1044 Woodridge Ave., Ann Arbor, Michigan 48105, USA",IMRA America,True,1,company,False,True,False,False,True
86077d096a6b,3,paradowska|m,openalex,"Institute of Physics, Faculty of Physics, Astronomy and Informatics, Nicolaus Copernicus University, ul. Grudziadzka 5, 87-100 Torun, Poland",,False,0,university,True,False,False,False,False
86077d096a6b,4,borkowski|m,openalex,"Institute of Physics, Faculty of Physics, Astronomy and Informatics, Nicolaus Copernicus University, ul. Grudziadzka 5, 87-100 Torun, Poland",,False,0,university,True,False,False,False,False
86077d096a6b,5,ablewski|p,openalex,"Institute of Physics, Faculty of Physics, Astronomy and Informatics, Nicolaus Copernicus University, ul. Grudziadzka 5, 87-100 Torun, Poland",,False,0,university,True,False,False,False,False
86077d096a6b,6,w jtewicz|s,openalex,"Institute of Physics, Faculty of Physics, Astronomy and Informatics, Nicolaus Copernicus University, ul. Grudziadzka 5, 87-100 Torun, Poland",,False,0,university,True,False,False,False,False
86077d096a6b,7,stec|k,openalex,"Institute of Physics, Faculty of Physics, Astronomy and Informatics, Nicolaus Copernicus University, ul. Grudziadzka 5, 87-100 Torun, Poland",,False,0,university,True,False,False,False,False
86077d096a6b,8,lisak|d,openalex,"Institute of Physics, Faculty of Physics, Astronomy and Informatics, Nicolaus Copernicus University, ul. Grudziadzka 5, 87-100 Torun, Poland",,False,0,university,True,False,False,False,False
86077d096a6b,9,fermann|m,openalex,"IMRA America, Inc., 1044 Woodridge Ave., Ann Arbor, Michigan 48105, USA",IMRA America,True,1,company,False,True,False,False,True
86077d096a6b,10,trawi ski|r,openalex,"Institute of Physics, Faculty of Physics, Astronomy and Informatics, Nicolaus Copernicus University, ul. Grudziadzka 5, 87-100 Torun, Poland",,False,0,university,True,False,False,False,False
86077d096a6b,11,mas owski|p,openalex,"Institute of Physics, Faculty of Physics, Astronomy and Informatics, Nicolaus Copernicus University, ul. Grudziadzka 5, 87-100 Torun, Poland",,False,0,university,True,False,False,False,False
860925e403d0,1,fermann|m,openalex,"IMRA America, Inc. (United States)",IMRA America,True,1,company,False,True,False,False,True
860925e403d0,2,sucha|g,openalex,"IMRA America, Inc. (United States)",IMRA America,True,1,company,False,True,False,False,True
860925e403d0,3,galvanauskes|a,openalex,"IMRA America, Inc. (United States)",IMRA America,True,1,company,False,True,False,False,True
860925e403d0,4,hofer|m,openalex,"IMRA America, Inc. (United States)",IMRA America,True,1,company,False,True,False,False,True
860925e403d0,5,harter|d,openalex,"IMRA America, Inc. (United States)",IMRA America,True,1,company,False,True,False,False,True
864d5deb19dc,1,greenberg|j,scopus,"IMRA America, Inc.",IMRA America,True,1,company,False,True,False,False,True
864d5deb19dc,2,heffernan|b,scopus,"IMRA America, Inc.",IMRA America,True,1,company,False,True,False,False,True
864d5deb19dc,3,mcgrew|w,scopus,"IMRA America, Inc.",IMRA America,True,1,company,False,True,False,False,True
864d5deb19dc,4,nose|k,scopus,"IMRA America, Inc.",IMRA America,True,1,company,False,True,False,False,True
864d5deb19dc,5,rolland|a,scopus,"IMRA America, Inc.",IMRA America,True,1,company,False,True,False,False,True
8858a9a4b37b,1,hofer|m,openalex,"Abteilung Quantenelektronik und Lasertechnik, Technische Universität Wien, Gusshausstrasse 27/359/4, A-1040 Vienna, Austria",,False,0,university,True,False,False,False,False
8858a9a4b37b,2,fermann|m,openalex,"IMRA America, Inc., 1044 Woodridge Avenue, Ann Arbor, Michigan 48105",IMRA America,True,1,company,False,True,False,False,True
8858a9a4b37b,3,sugden|k,openalex,"Aston University, Aston Triangle, Birmingham B4 7ET, UK; Aston University, Aston Triangle, Birmingham, B4 7ET, UK",,False,0,university,True,False,False,False,False
8858a9a4b37b,4,mendonca|c,openalex,"AT&T Bell Laboratories, Crawfords Corner Road, Homdel, New Jersey 07701",,False,0,other,False,False,False,False,False
8858a9a4b37b,5,chiu|t,openalex,"AT&T Bell Laboratories, Crawfords Corner Road, Homdel, New Jersey 07701",,False,0,other,False,False,False,False,False
8858a9a4b37b,6,bennion|i,openalex,"Aston University, Aston Triangle, Birmingham B4 7ET, UK; Aston University, Aston Triangle, Birmingham, B4 7ET, UK",,False,0,university,True,False,False,False,False
8858a9a4b37b,7,sucha|g,openalex,"IMRA America, Inc., 1044 Woodridge Avenue, Ann Arbor, Michigan 48105",IMRA America,True,1,company,False,True,False,False,True
8858a9a4b37b,8,ober|m,openalex,"Abteilung Quantenelektronik und Lasertechnik, Technische Universität Wien, Gusshausstrasse 27/359/4, A-1040 Vienna, Austria",,False,0,university,True,False,False,False,False
8858a9a4b37b,9,hofer|r,openalex,"Abteilung Quantenelektronik und Lasertechnik, Technische Universität Wien, Gusshausstrasse 27/359/4, A-1040 Vienna, Austria",,False,0,university,True,False,False,False,False
8858a9a4b37b,10,harter|d,openalex,"IMRA America, Inc., 1044 Woodridge Avenue, Ann Arbor, Michigan 48105",IMRA America,True,1,company,False,True,False,False,True
887a6d40e7c3,1,lee|y,openalex,"Center for Ultrafast Optical Science, The University of Michigan, Ann Arbor, Michigan 48109-2099",,False,0,university,True,False,False,False,False
887a6d40e7c3,2,meade|t,openalex,"Center for Ultrafast Optical Science, The University of Michigan, Ann Arbor, Michigan 48109-2099",,False,0,university,True,False,False,False,False
887a6d40e7c3,3,perlin|v,openalex,"Center for Ultrafast Optical Science, The University of Michigan, Ann Arbor, Michigan 48109-2099",,False,0,university,True,False,False,False,False
887a6d40e7c3,4,winful|h,openalex,"Center for Ultrafast Optical Science, The University of Michigan, Ann Arbor, Michigan 48109-2099",,False,0,university,True,False,False,False,False
887a6d40e7c3,5,norris|t,openalex,"Center for Ultrafast Optical Science, The University of Michigan, Ann Arbor, Michigan 48109-2099",,False,0,university,True,False,False,False,False
887a6d40e7c3,6,galvanauskas|a,openalex,"IMRA America, 1044 Woodridge Avenue, Ann Arbor, Michigan 48105",IMRA America,True,1,company,False,True,False,False,True
88f4dfffc486,1,heffernan|b,scopus,"IMRA America, Inc.",IMRA America,True,1,company,False,True,False,False,True
88f4dfffc486,2,kawamoto|y,scopus,The University of Osaka,,False,0,university,True,False,False,False,False
88f4dfffc486,3,maekawa|k,scopus,The University of Osaka,,False,0,university,True,False,False,False,False
88f4dfffc486,4,greenberg|j,scopus,"IMRA America, Inc.",IMRA America,True,1,company,False,True,False,False,True
88f4dfffc486,5,amin|r,scopus,"IMRA America, Inc.",IMRA America,True,1,company,False,True,False,False,True
88f4dfffc486,6,hori|t,scopus,"IMRA America, Inc.",IMRA America,True,1,company,False,True,False,False,True
88f4dfffc486,7,tanigawa|t,scopus,"IMRA America, Inc.",IMRA America,True,1,company,False,True,False,False,True
88f4dfffc486,8,nagatsuma|t,scopus,The University of Osaka,,False,0,university,True,False,False,False,False
88f4dfffc486,9,rolland|a,scopus,"IMRA America, Inc.",IMRA America,True,1,company,False,True,False,False,True
8a2fdf6bfb57,1,dong|l,openalex,"IMRA America Inc., 1044 Woodridge Avenue, Ann Arbor, MI 48105, USA. ldong@imra.com; IMRA America Inc., 1044 Woodridge Avenue, Ann Arbor, MI 48105, USA",IMRA America,True,1,company,False,True,False,False,True
8a2fdf6bfb57,2,mckay|h,openalex,"IMRA America Inc., 1044 Woodridge Avenue, Ann Arbor, MI 48105, USA",IMRA America,True,1,company,False,True,False,False,True
8a2fdf6bfb57,3,fu|l,openalex,"IMRA America Inc., 1044 Woodridge Avenue, Ann Arbor, MI 48105, USA",IMRA America,True,1,company,False,True,False,False,True
8a2fdf6bfb57,4,ohta|m,openalex,"IMRA America Inc., 1044 Woodridge Avenue, Ann Arbor, MI 48105, USA",IMRA America,True,1,company,False,True,False,False,True
8a2fdf6bfb57,5,marcinkevicius|a,openalex,"IMRA America Inc., 1044 Woodridge Avenue, Ann Arbor, MI 48105, USA",IMRA America,True,1,company,False,True,False,False,True
8a2fdf6bfb57,6,suzuki|s,openalex,"IMRA America Inc., 1044 Woodridge Avenue, Ann Arbor, MI 48105, USA",IMRA America,True,1,company,False,True,False,False,True
8a2fdf6bfb57,7,fermann|m,openalex,"IMRA America Inc., 1044 Woodridge Avenue, Ann Arbor, MI 48105, USA",IMRA America,True,1,company,False,True,False,False,True
8a6b63a5911a,1,arbore|m,openalex,"E. L. Ginzton Laboratory, Stanford University, Stanford, California 94305-4085; E. L. Ginzton Laboratory, Stanford University Stanford, California 94305–4085",,False,0,university,True,False,False,False,False
8a6b63a5911a,2,fejer|m,openalex,"E. L. Ginzton Laboratory, Stanford University, Stanford, California 94305-4085; E. L. Ginzton Laboratory, Stanford University Stanford, California 94305–4085",,False,0,university,True,False,False,False,False
8a6b63a5911a,3,fermann|m,openalex,"IMRA America, 1044 Woodridge Avenue, Ann Arbor, Michigan 48105",IMRA America,True,1,company,False,True,False,False,True
8a6b63a5911a,4,hariharan|a,openalex,"IMRA America, 1044 Woodridge Avenue, Ann Arbor, Michigan 48105",IMRA America,True,1,company,False,True,False,False,True
8a6b63a5911a,5,galvanauskas|a,openalex,"IMRA America, 1044 Woodridge Avenue, Ann Arbor, Michigan 48105",IMRA America,True,1,company,False,True,False,False,True
8a6b63a5911a,6,harter|d,openalex,"IMRA America, 1044 Woodridge Avenue, Ann Arbor, Michigan 48105",IMRA America,True,1,company,False,True,False,False,True
8aae5b4d3d57,1,minelly|j,openalex,"IMRA America, Inc., 1044 Woodridge Avenue, Ann Arbor, Michigan 48105 USA",IMRA America,True,1,company,False,True,False,False,True
8aae5b4d3d57,2,caplen|j,openalex,"Optoelectronics Research Centre, University of Southampton, Southampton SO17 1BJ, UK; Optoelectronics Research Centre, University of Southampton,#N##TAB##TAB##TAB##TAB##TAB#Southampton SO17 1BJ, UK",,False,0,university,True,False,False,False,False
8aae5b4d3d57,3,chen|z,openalex,"Optoelectronics Research Centre, University of Southampton, Southampton SO17 1BJ, UK; Optoelectronics Research Centre, University of Southampton,#N##TAB##TAB##TAB##TAB##TAB#Southampton SO17 1BJ, UK",,False,0,university,True,False,False,False,False
8aae5b4d3d57,4,galvanauskas|a,openalex,"IMRA America, Inc., 1044 Woodridge Avenue, Ann Arbor, Michigan 48105 USA",IMRA America,True,1,company,False,True,False,False,True
8aae5b4d3d57,5,fermann|m,openalex,"IMRA America, Inc., 1044 Woodridge Avenue, Ann Arbor, Michigan 48105 USA",IMRA America,True,1,company,False,True,False,False,True
8aae5b4d3d57,6,payne|d,openalex,"Optoelectronics Research Centre, University of Southampton, Southampton SO17 1BJ, UK; Optoelectronics Research Centre, University of Southampton,#N##TAB##TAB##TAB##TAB##TAB#Southampton SO17 1BJ, UK",,False,0,university,True,False,False,False,False
8aae5b4d3d57,7,harter|d,openalex,"IMRA America, Inc., 1044 Woodridge Avenue, Ann Arbor, Michigan 48105 USA",IMRA America,True,1,company,False,True,False,False,True
8bb82813d63b,1,lee|k,openalex,"IMRA America, Inc. (United States)",IMRA America,True,1,company,False,True,False,False,True
8bb82813d63b,2,mas owski|p,openalex,"Nicolaus Copernicus Univ. (Poland); Nicolaus Copernicus University, Poland#TAB#",,False,0,university,True,False,False,False,False
8bb82813d63b,3,mills|a,openalex,"IMRA America, Inc. (United States)",IMRA America,True,1,company,False,True,False,False,True
8bb82813d63b,4,mohr|c,openalex,"IMRA America, Inc. (United States)",IMRA America,True,1,company,False,True,False,False,True
8bb82813d63b,5,jiang|j,openalex,"IMRA America, Inc. (United States)",IMRA America,True,1,company,False,True,False,False,True
8bb82813d63b,6,schunemann|p,openalex,"BAE Systems (United States); BAE Systems, United States",,False,0,other,False,False,False,False,False
8bb82813d63b,7,fermann|m,openalex,"IMRA America, Inc. (United States)",IMRA America,True,1,company,False,True,False,False,True
8ccdd3e64603,1,fu|l,openalex,"IMRA America Inc, Ann Arbor, MI 48105, USA. lfu@imra.com; IMRA America Inc., 1044 Woodridge Avenue, Ann Arbor, MI 48105, USA",IMRA America,True,1,company,False,True,False,False,True
8ccdd3e64603,2,mckay|h,openalex,"IMRA America Inc., 1044 Woodridge Avenue, Ann Arbor, MI 48105, USA",IMRA America,True,1,company,False,True,False,False,True
8ccdd3e64603,3,dong|l,openalex,"IMRA America Inc., 1044 Woodridge Avenue, Ann Arbor, MI 48105, USA",IMRA America,True,1,company,False,True,False,False,True
8db278a25f1b,1,galvanauskas|a,openalex,"IMRA America Inc., Ann Arbor, MI, USA",IMRA America,True,1,company,False,True,False,False,True
8db278a25f1b,2,fernmann|m,openalex,"IMRA America Inc., Ann Arbor, MI, USA",IMRA America,True,1,company,False,True,False,False,True
8db278a25f1b,3,harter|d,openalex,"IMRA America Inc., Ann Arbor, MI, USA",IMRA America,True,1,company,False,True,False,False,True
8db278a25f1b,4,minelly|j,openalex,"IMRA America, Inc., 1044 Woodridge Avenue, Ann Arbor, Michigan 48105",IMRA America,True,1,company,False,True,False,False,True
8db278a25f1b,5,vienne|g,openalex,"IMRA America, Inc., 1044 Woodridge Avenue, Ann Arbor, Michigan 48105",IMRA America,True,1,company,False,True,False,False,True
8db278a25f1b,6,caplen|j,openalex,"IMRA America, Inc., 1044 Woodridge Avenue, Ann Arbor, Michigan 48105",IMRA America,True,1,company,False,True,False,False,True
8e3772120e45,1,nguyen|v,scopus,"University of Michigan, Ann Arbor",,False,0,university,True,False,False,False,False
8e3772120e45,2,qian|w,scopus,"IMRA America, Inc.",IMRA America,True,1,company,False,True,False,False,True
8e3772120e45,3,zhe|j,scopus,"University of Michigan, Ann Arbor",,False,0,university,True,False,False,False,False
8e3772120e45,4,henry|j,scopus,"University of Michigan, Ann Arbor",,False,0,university,True,False,False,False,False
8e3772120e45,5,wang|m,scopus,"University of Michigan, Ann Arbor",,False,0,university,True,False,False,False,False
8e3772120e45,6,liu|b,scopus,"IMRA America, Inc.",IMRA America,True,1,company,False,True,False,False,True
8e3772120e45,7,zhang|w,scopus,"University of Michigan, Ann Arbor",,False,0,university,True,False,False,False,False
8e3772120e45,8,wang|x,scopus,"University of Michigan, Ann Arbor",,False,0,university,True,False,False,False,False
8e3772120e45,9,paulus|y,scopus,"University of Michigan, Ann Arbor",,False,0,university,True,False,False,False,False
92f8707a48fd,1,nati|s,scopus,"IEEE; IMRA America, Inc.; Syracuse University; General Electric Company; GE Global Research",IMRA America,True,1,other|company|university,True,True,False,False,True
92f8707a48fd,2,kyles|i,scopus,"IEEE; Qorvo, Inc; University of Waterloo; Nortel Networks",,False,0,other|company|university,True,True,False,False,False
9402d0146f24,1,zhang|c,scopus,JILA; National Institute of Standards and Technology; University of Colorado Boulder,,False,0,other|government|university,True,False,True,False,False
9402d0146f24,2,ooi|t,scopus,JILA; National Institute of Standards and Technology; University of Colorado Boulder,,False,0,other|government|university,True,False,True,False,False
9402d0146f24,3,higgins|j,scopus,JILA; National Institute of Standards and Technology; University of Colorado Boulder,,False,0,other|government|university,True,False,True,False,False
9402d0146f24,4,doyle|j,scopus,JILA; National Institute of Standards and Technology; University of Colorado Boulder,,False,0,other|government|university,True,False,True,False,False
9402d0146f24,5,wense|l,openalex,"Department of Physics, University of Colorado Boulder, Boulder, CO, USA; JILA, University of Colorado Boulder, Boulder, CO, USA; Johannes Gutenberg-Universität Mainz, Institut für Physik, Mainz, Germany; NIST, Boulder, CO, USA",,False,0,university|other,True,False,False,False,False
9402d0146f24,6,beeks|k,scopus,Vienna Center for Quantum Science and Technology; École Polytechnique Fédérale de Lausanne,,False,0,other|university,True,False,False,False,False
9402d0146f24,7,leitner|a,scopus,Vienna Center for Quantum Science and Technology,,False,0,other,False,False,False,False,False
9402d0146f24,8,kazakov|g,scopus,Vienna Center for Quantum Science and Technology,,False,0,other,False,False,False,False,False
9402d0146f24,9,li|p,scopus,"IMRA America, Inc.",IMRA America,True,1,company,False,True,False,False,True
9402d0146f24,10,thirolf|p,scopus,Ludwig-Maximilians-Universität München,,False,0,university,True,False,False,False,False
9402d0146f24,11,schumm|t,scopus,Vienna Center for Quantum Science and Technology,,False,0,other,False,False,False,False,False
9402d0146f24,12,ye|j,scopus,JILA; National Institute of Standards and Technology; University of Colorado Boulder,,False,0,other|government|university,True,False,True,False,False
948ef8d751d5,1,tetsumoto|t,scopus,IMRA America Inc.,IMRA America,True,1,company,False,True,False,False,True
948ef8d751d5,2,ayano|f,scopus,The University of Osaka,,False,0,university,True,False,False,False,False
948ef8d751d5,3,yeo|m,scopus,IMRA America Inc.,IMRA America,True,1,company,False,True,False,False,True
948ef8d751d5,4,webber|j,scopus,The University of Osaka,,False,0,university,True,False,False,False,False
948ef8d751d5,5,nagatsuma|t,scopus,The University of Osaka,,False,0,university,True,False,False,False,False
948ef8d751d5,6,rolland|a,scopus,IMRA America Inc.,IMRA America,True,1,company,False,True,False,False,True
95c595888652,1,mhanna|k,scopus,University of Michigan Medical School,,False,0,university,True,False,False,False,False
95c595888652,2,qian|w,scopus,"IMRA America, Inc.",IMRA America,True,1,company,False,True,False,False,True
95c595888652,3,zhong|z,scopus,Nankai University,,False,0,university,True,False,False,False,False
95c595888652,4,brooks|a,scopus,University of Michigan Medical School,,False,0,university,True,False,False,False,False
95c595888652,5,ouchi|e,scopus,University of Michigan Medical School,,False,0,university,True,False,False,False,False
95c595888652,6,stauff|j,scopus,University of Michigan Medical School,,False,0,university,True,False,False,False,False
95c595888652,7,arteaga|j,scopus,University of Michigan Medical School,,False,0,university,True,False,False,False,False
95c595888652,8,papachristou|m,scopus,KAT Hospital,,False,0,hospital,False,False,False,True,False
95c595888652,9,datseris|i,scopus,KAT Hospital,,False,0,hospital,False,False,False,True,False
95c595888652,10,liu|b,scopus,"IMRA America, Inc.",IMRA America,True,1,company,False,True,False,False,True
95c595888652,11,shao|x,scopus,University of Michigan Medical School,,False,0,university,True,False,False,False,False
95c595888652,12,scott|p,scopus,University of Michigan Medical School,,False,0,university,True,False,False,False,False
96263eebccf9,1,dong|l,scopus,"IMRA America, Inc.",IMRA America,True,1,company,False,True,False,False,True
96263eebccf9,2,peng|x,scopus,"IMRA America, Inc.",IMRA America,True,1,company,False,True,False,False,True
96263eebccf9,3,li|j,scopus,"IMRA America, Inc.",IMRA America,True,1,company,False,True,False,False,True
98579172da13,1,bovatsek|j,scopus,"IMRA America, Inc.",IMRA America,True,1,company,False,True,False,False,True
98579172da13,2,arai|a,scopus,"IMRA America, Inc.",IMRA America,True,1,company,False,True,False,False,True
98579172da13,3,schaffer|c,scopus,Cornell University College of Engineering,,False,0,university,True,False,False,False,False
9909878948b4,1,galvanauskas|a,openalex,"IMRA America, Inc., 1044 Woodridge Avenue, Ann Arbor, Michigan 48105",IMRA America,True,1,company,False,True,False,False,True
9909878948b4,2,fermann|m,openalex,"IMRA America, Inc., 1044 Woodridge Avenue, Ann Arbor, Michigan 48105",IMRA America,True,1,company,False,True,False,False,True
9909878948b4,3,harter|d,openalex,"IMRA America, Inc., 1044 Woodridge Avenue, Ann Arbor, Michigan 48105",IMRA America,True,1,company,False,True,False,False,True
991dcfa921dc,1,reichman|w,scopus,"University of California, Davis; Lawrence Livermore National Laboratory",,False,0,university|government,True,False,True,False,False
991dcfa921dc,2,krol|d,scopus,"University of California, Davis; Lawrence Livermore National Laboratory",,False,0,university|government,True,False,True,False,False
991dcfa921dc,3,shah|l,scopus,"IMRA America, Inc.",IMRA America,True,1,company,False,True,False,False,True
991dcfa921dc,4,yoshino|f,scopus,"IMRA America, Inc.",IMRA America,True,1,company,False,True,False,False,True
991dcfa921dc,5,arai|a,openalex,"IMRA America, Inc., Fremont, CA, USA",IMRA America,True,1,company,False,True,False,False,True
991dcfa921dc,6,eaton|s,scopus,University of Toronto,,False,0,university,True,False,False,False,False
991dcfa921dc,7,herman|p,scopus,University of Toronto,,False,0,university,True,False,False,False,False
99212c83a3d7,1,lee|k,scopus,"IMRA America, Inc.",IMRA America,True,1,company,False,True,False,False,True
99212c83a3d7,2,zhou|g,scopus,"University of Michigan, Ann Arbor; Shanghai Institute of Optics and Fine Mechanics Chinese Academy of Sciences",,False,0,university|other,True,False,False,False,False
99212c83a3d7,3,yun|y,scopus,"IMRA America, Inc.",IMRA America,True,1,company,False,True,False,False,True
99212c83a3d7,4,jiang|j,scopus,"IMRA America, Inc.",IMRA America,True,1,company,False,True,False,False,True
99212c83a3d7,5,winful|h,scopus,"University of Michigan, Ann Arbor",,False,0,university,True,False,False,False,False
99212c83a3d7,6,fermann|m,scopus,"IMRA America, Inc.",IMRA America,True,1,company,False,True,False,False,True
9bb01239ff01,1,galvanauskas|a,openalex,"IMRA America, Inc. Ann Arbor, Michigan 48105",IMRA America,True,1,company,False,True,False,False,True
9bb01239ff01,2,fermann|m,openalex,"IMRA America, Inc. Ann Arbor, Michigan 48105",IMRA America,True,1,company,False,True,False,False,True
9bb01239ff01,3,harter|d,openalex,"IMRA America, Inc. Ann Arbor, Michigan 48105",IMRA America,True,1,company,False,True,False,False,True
9bb01239ff01,4,sugden|k,openalex,"Aston University, Aston Triangle, Birmingham B4 7ET, United Kingdom; Electrical and Electronic Engineering",,False,0,university|other,True,False,False,False,False
9bb01239ff01,5,bennion|i,openalex,"Aston University, Aston Triangle, Birmingham B4 7ET, United Kingdom; Electrical and Electronic Engineering",,False,0,university|other,True,False,False,False,False
9bcb2adab51f,1,swann|w,scopus,National Institute of Standards and Technology,,False,0,government,False,False,True,False,False
9bcb2adab51f,2,mcferran|j,scopus,National Institute of Standards and Technology,,False,0,government,False,False,True,False,False
9bcb2adab51f,3,coddington|i,openalex,"National Institute of Standards and Technology; National Institute of Standards and Technology,",,False,0,government,False,False,True,False,False
9bcb2adab51f,4,newbury|n,scopus,National Institute of Standards and Technology,,False,0,government,False,False,True,False,False
9bcb2adab51f,5,hartl|i,openalex,IMRA America Inc,IMRA America,True,1,company,False,True,False,False,True
9bcb2adab51f,6,fermann|m,scopus,"IMRA America, Inc.",IMRA America,True,1,company,False,True,False,False,True
9bcb2adab51f,7,westbrook|p,scopus,OFS Laboratories,,False,0,other,False,False,False,False,False
9bcb2adab51f,8,nicholson|j,scopus,OFS Laboratories,,False,0,other,False,False,False,False,False
9bcb2adab51f,9,feder|k,scopus,OFS Laboratories,,False,0,other,False,False,False,False,False
9bcb2adab51f,10,langrock|c,openalex,Stanford University,,False,0,university,True,False,False,False,False
9bcb2adab51f,11,fejer|m,scopus,Ginzton Laboratory,,False,0,other,False,False,False,False,False
9c9f7e0f19ec,1,jiang|m,openalex,"Imra America Inc, Ann Arbor, MI, US",IMRA America,True,1,company,False,True,False,False,True
9c9f7e0f19ec,2,sucha|g,openalex,"Imra America Inc, Ann Arbor, MI, US",IMRA America,True,1,company,False,True,False,False,True
9c9f7e0f19ec,3,fermann|m,openalex,"Imra America Inc, Ann Arbor, MI, US",IMRA America,True,1,company,False,True,False,False,True
9c9f7e0f19ec,4,harter|d,,,,False,0,,False,False,False,False,False
9cd8815aa40f,1,cho|g,scopus,"IMRA America, Inc.",IMRA America,True,1,company,False,True,False,False,True
9cd8815aa40f,2,chen|h,scopus,Rensselaer Polytechnic Institute,,False,0,other,False,False,False,False,False
9cd8815aa40f,3,kraatz|s,scopus,Rensselaer Polytechnic Institute,,False,0,other,False,False,False,False,False
9cd8815aa40f,4,karpowicz|n,scopus,Rensselaer Polytechnic Institute,,False,0,other,False,False,False,False,False
9cd8815aa40f,5,kersting|r,scopus,Ludwig-Maximilians-Universität München,,False,0,university,True,False,False,False,False
9d61dc292c19,1,stock|m,scopus,"IMRA America, Inc.",IMRA America,True,1,company,False,True,False,False,True
9d61dc292c19,2,endert|h,scopus,"IMRA America, Inc.",IMRA America,True,1,company,False,True,False,False,True
9d61dc292c19,3,patel|r,scopus,"IMRA America, Inc.",IMRA America,True,1,company,False,True,False,False,True
9d7e9c821311,1,imeshev|g,openalex,"IMRA America, Incorporated, 1044 Woodridge Avenue, Ann Arbor, Michigan 48105, USA. gimeshev@imra.com; IMRA America, Incorporated, 1044 Woodridge Avenue, Ann Arbor, Michigan 48105",IMRA America,True,1,company,False,True,False,False,True
9d7e9c821311,2,hartl|i,openalex,"IMRA America, Incorporated, 1044 Woodridge Avenue, Ann Arbor, Michigan 48105",IMRA America,True,1,company,False,True,False,False,True
9d7e9c821311,3,fermann|m,openalex,"IMRA America, Incorporated, 1044 Woodridge Avenue, Ann Arbor, Michigan 48105",IMRA America,True,1,company,False,True,False,False,True
a0575bad75d6,1,sucha|g,openalex,"IMRA America, Inc., Ann Arbor, MI, USA; IMRA America, Ann Arbor, MI, USA",IMRA America,True,1,company,False,True,False,False,True
a0a66cd8396b,1,galvanuskas|a,openalex,"IMRA America Inc., Ann Arbor, MI, USA",IMRA America,True,1,company,False,True,False,False,True
a0a66cd8396b,2,fermann|m,openalex,"IMRA America, Inc., Ann Arbor, MI, USA; IMRA America, Inc",IMRA America,True,1,company,False,True,False,False,True
a0a66cd8396b,3,arbore|m,openalex,"E. L. Ginzton Laboratory, University of Stanford, Stanford, CA, USA; IMRA America, Inc",IMRA America,True,1,university|company,True,True,False,False,True
a0a66cd8396b,4,fejer|m,openalex,"E. L. Ginzton Laboratory, University of Stanford, Stanford, CA, USA; IMRA America, Inc",IMRA America,True,1,university|company,True,True,False,False,True
a0a66cd8396b,5,minelly|j,openalex,"OptoeLectronics Research Centre, University of Southampton, Southampton, UK; IMRA America, Inc",IMRA America,True,1,university|company,True,True,False,False,True
a0a66cd8396b,6,caplen|j,openalex,"OptoeLectronics Research Centre, University of Southampton, Southampton, UK; IMRA America, Inc",IMRA America,True,1,university|company,True,True,False,False,True
a0a66cd8396b,7,wong|k,openalex,"IMRA America, Inc., Ann Arbor, MI, USA; IMRA America, Inc",IMRA America,True,1,company,False,True,False,False,True
a0a66cd8396b,8,harter|d,openalex,"IMRA America, Inc., Ann Arbor, MI, USA; IMRA America, Inc",IMRA America,True,1,company,False,True,False,False,True
a18a8d418359,1,sucha|g,openalex,"IMRA America, Inc. (United States)",IMRA America,True,1,company,False,True,False,False,True
a18a8d418359,2,endert|h,openalex,"IMRA America, Inc. (United States)",IMRA America,True,1,company,False,True,False,False,True
a3fb4b00b493,1,lee|k,scopus,"IMRA America, Inc.",IMRA America,True,1,company,False,True,False,False,True
a3fb4b00b493,2,lampen|j,scopus,"IMRA America, Inc.",IMRA America,True,1,company,False,True,False,False,True
a3fb4b00b493,3,li|p,scopus,"IMRA America, Inc.",IMRA America,True,1,company,False,True,False,False,True
a3fb4b00b493,4,jiang|j,scopus,"IMRA America, Inc.",IMRA America,True,1,company,False,True,False,False,True
a3fb4b00b493,5,fermann|m,scopus,"IMRA America, Inc.",IMRA America,True,1,company,False,True,False,False,True
a523b23976be,1,fermann|m,openalex,"IMRA America, Inc., 1044 Woodridge, MI 48105, USA, , , , , , US; IMRA America, Inc., 1044 Woodridge, MI 48105, USA, , US",IMRA America,True,1,company,False,True,False,False,True
a523b23976be,2,galvanauskas|a,openalex,"IMRA America, Inc., 1044 Woodridge, MI 48105, USA, , , , , , US; IMRA America, Inc., 1044 Woodridge, MI 48105, USA, , US",IMRA America,True,1,company,False,True,False,False,True
a523b23976be,3,hofer|m,openalex,"Technische Universität Wien, Gusshausstr. 27, A-1040 Wien, Austria, , , , , , AT; Technische Universität Wien, Gusshausstr. 27, A-1040 Wien, Austria, AT",,False,0,university,True,False,False,False,False
a533db8375cb,1,fermann|m,openalex,"IMRA America, Ann Arbor, MI, USA",IMRA America,True,1,company,False,True,False,False,True
a533db8375cb,2,galvanauskas|a,openalex,"IMRA America, 1044 Woodridge Ave., Ann Arbor, Michigan 48105",IMRA America,True,1,company,False,True,False,False,True
a533db8375cb,3,harter|d,openalex,"IMRA America, 1044 Woodridge Ave., Ann Arbor, Michigan 48105",IMRA America,True,1,company,False,True,False,False,True
a5b60c38ff5c,1,ober|m,openalex,"Technische Universität Wien, Abteilung Quantenelektronik und Lasertechnik, Gusshausstrasse 27/359/9, A-1040 Vienna, Austria",,False,0,university,True,False,False,False,False
a5b60c38ff5c,2,hofer|m,openalex,"Technische Universität Wien, Abteilung Quantenelektronik und Lasertechnik, Gusshausstrasse 27/359/9, A-1040 Vienna, Austria",,False,0,university,True,False,False,False,False
a5b60c38ff5c,3,fermann|m,openalex,"Technische Universität Wien, Abteilung Quantenelektronik und Lasertechnik, Gusshausstrasse 27/359/9, A-1040 Vienna, Austria",,False,0,university,True,False,False,False,False
a69178a343f9,1,schibli|t,openalex,"Department of Physics, JILA, National Institute of Standards and Technology and University of Colorado, University of Colorado, Boulder, 80309-0440, Colorado, USA; Department of Physics, JILA, National Institute of Standards and Technology and University of Colorado, University of Colorado, Boulder, USA",,False,0,university,True,False,False,False,False
a69178a343f9,2,hartl|i,openalex,"IMRA America, 1044 Woodridge Avenue, Ann Arbor, 48105, Michigan, USA; IMRA America, Ann Arbor, USA",IMRA America,True,1,company,False,True,False,False,True
a69178a343f9,3,yost|d,openalex,"Department of Physics, JILA, National Institute of Standards and Technology and University of Colorado, University of Colorado, Boulder, 80309-0440, Colorado, USA; Department of Physics, JILA, National Institute of Standards and Technology and University of Colorado, University of Colorado, Boulder, USA",,False,0,university,True,False,False,False,False
a69178a343f9,4,martin|m,openalex,"Department of Physics, JILA, National Institute of Standards and Technology and University of Colorado, University of Colorado, Boulder, 80309-0440, Colorado, USA; Department of Physics, JILA, National Institute of Standards and Technology and University of Colorado, University of Colorado, Boulder, USA",,False,0,university,True,False,False,False,False
a69178a343f9,5,marcinkevi ius|a,openalex,"IMRA America, 1044 Woodridge Avenue, Ann Arbor, 48105, Michigan, USA; IMRA America, Ann Arbor, USA",IMRA America,True,1,company,False,True,False,False,True
a69178a343f9,6,fermann|m,openalex,"IMRA America, 1044 Woodridge Avenue, Ann Arbor, 48105, Michigan, USA; IMRA America, Ann Arbor, USA",IMRA America,True,1,company,False,True,False,False,True
a69178a343f9,7,ye|j,openalex,"Department of Physics, JILA, National Institute of Standards and Technology and University of Colorado, University of Colorado, Boulder, 80309-0440, Colorado, USA; Department of Physics, JILA, National Institute of Standards and Technology and University of Colorado, University of Colorado, Boulder, USA",,False,0,university,True,False,False,False,False
a71ee3e836c2,1,hartl|i,openalex,"IMRA America, Inc., Ann Arbor, MI, USA; IMRA America, Inc., Ann Arbor, MI",IMRA America,True,1,company,False,True,False,False,True
a71ee3e836c2,2,fermann|m,openalex,"IMRA America, Inc., Ann Arbor, MI, USA; IMRA America, Inc., Ann Arbor, MI",IMRA America,True,1,company,False,True,False,False,True
a71ee3e836c2,3,langrock|c,openalex,"E. L. Ginzton Laboratory, University of Stanford, Stanford, CA, USA; E.L. Ginzton Laboratory, Stanford University, CA 94305, USA",,False,0,university,True,False,False,False,False
a71ee3e836c2,4,fejer|m,openalex,"E. L. Ginzton Laboratory, University of Stanford, Stanford, CA, USA; E.L. Ginzton Laboratory, Stanford University, CA 94305, USA",,False,0,university,True,False,False,False,False
a71ee3e836c2,5,nicholson|j,openalex,"OFS Laboratories, Somerset, NJ, USA; OFS Laboratories, 19 Schoolhouse Road, Somerset, NJ 08873, USA",,False,0,other,False,False,False,False,False
a71ee3e836c2,6,digiovanni|d,openalex,"OFS Laboratories, Somerset, NJ, USA; OFS Laboratories, 19 Schoolhouse Road, Somerset, NJ 08873, USA",,False,0,other,False,False,False,False,False
a8ff8185c44c,1,galvanauskas|a,openalex,"IMRA America, Inc., Ann Arbor, MI, USA; IMRA America Inc., Ann Arbor, MI, USA",IMRA America,True,1,company,False,True,False,False,True
a8ff8185c44c,2,heaney|a,openalex,"The Institute of Optics, University of Rochester, Rochester, NY, USA; IMRA America, Inc., 1044 Woodridge Avenue, Ann Arbor, Michigan 48105",IMRA America,True,1,university|company,True,True,False,False,True
a8ff8185c44c,3,erdogan|t,openalex,"The Institute of Optics, University of Rochester, Rochester, NY, USA; IMRA America, Inc., 1044 Woodridge Avenue, Ann Arbor, Michigan 48105",IMRA America,True,1,university|company,True,True,False,False,True
a8ff8185c44c,4,harter|d,openalex,"IMRA America, Inc., Ann Arbor, MI, USA; IMRA America, Inc., 1044 Woodridge Avenue, Ann Arbor, Michigan 48105",IMRA America,True,1,company,False,True,False,False,True
a909976dd697,1,botkin|d,openalex,"Physics Department, University of California at Berkeley, and Materials Sciences Division, Lawrence Berkeley Laboratory, Berkeley, California 94720",,False,0,university,True,False,False,False,False
a909976dd697,2,weiss|s,openalex,"Physics Department, University of California at Berkeley, and Materials Sciences Division, Lawrence Berkeley Laboratory, Berkeley, California 94720",,False,0,university,True,False,False,False,False
a909976dd697,3,sucha|g,openalex,"Physics Department, University of California at Berkeley, and Materials Sciences Division, Lawrence Berkeley Laboratory, Berkeley, California 94720",,False,0,university,True,False,False,False,False
a909976dd697,4,chemla|d,openalex,"Physics Department, University of California at Berkeley, and Materials Sciences Division, Lawrence Berkeley Laboratory, Berkeley, California 94720",,False,0,university,True,False,False,False,False
a909976dd697,5,wiesenfeld|j,openalex,"AT&T Bell Laboratories, Crawford Hill Laboratory, Holmdel, New Jersey 07733",,False,0,other,False,False,False,False,False
a9965af309ce,1,schibli|t,openalex,"National Institute of Advanced Industrial Science and Technology, 1-1-1 Umezono, Tsukuba, Ibaraki 305-8563, Japan. t.schibli@aist.go.jp; National Institute of Advanced Industrial Science and Technology , 1-1-1 Umezono , Tsukuba , Ibaraki 305-8563 , Japan",,False,0,government,False,False,True,False,False
a9965af309ce,2,minoshima|k,openalex,"National Institute of Advanced Industrial Science and Technology, 1-1-1 Umezono, Tsukuba, Ibaraki 305-8563, Japan; National Institute of Advanced Industrial Science and Techno",,False,0,government,False,False,True,False,False
a9965af309ce,3,hong|f,openalex,"National Institute of Advanced Industrial Science and Technology, 1-1-1 Umezono, Tsukuba, Ibaraki 305-8563, Japan; National Institute of Advanced Industrial Science and Techno",,False,0,government,False,False,True,False,False
a9965af309ce,4,inaba|h,openalex,"National Institute of Advanced Industrial Science and Technology, 1-1-1 Umezono, Tsukuba, Ibaraki 305-8563, Japan; National Institute of Advanced Industrial Science and Techno",,False,0,government,False,False,True,False,False
a9965af309ce,5,onae|a,openalex,"National Institute of Advanced Industrial Science and Technology, 1-1-1 Umezono, Tsukuba, Ibaraki 305-8563, Japan; National Institute of Advanced Industrial Science and Techno",,False,0,government,False,False,True,False,False
a9965af309ce,6,matsumoto|h,openalex,"National Institute of Advanced Industrial Science and Technology, 1-1-1 Umezono, Tsukuba, Ibaraki 305-8563, Japan; National Institute of Advanced Industrial Science and Techno",,False,0,government,False,False,True,False,False
a9965af309ce,7,hartl|i,openalex,"IMRA America, Inc., 1044 Woodridge Avenue, Ann Arbor, Michigan 48105; IMRA America, Inc",IMRA America,True,1,company,False,True,False,False,True
a9965af309ce,8,fermann|m,openalex,"IMRA America, Inc., 1044 Woodridge Avenue, Ann Arbor, Michigan 48105; IMRA America, Inc",IMRA America,True,1,company,False,True,False,False,True
aa2f2e1c6565,1,sucha|g,scopus,"IMRA America, Inc.",IMRA America,True,1,company,False,True,False,False,True
aa2f2e1c6565,2,endert|h,scopus,"IMRA America, Inc.",IMRA America,True,1,company,False,True,False,False,True
aa2f2e1c6565,3,bischoff|m,scopus,Friedrich-Schiller-Universität Jena,,False,0,university,True,False,False,False,False
aa8326c76602,1,dong|l,openalex,"IMRA America, Inc., Ann Arbor, MI, USA; IMRA America, Inc., Ann Arbor, MI",IMRA America,True,1,company,False,True,False,False,True
aa8326c76602,2,wu|t,openalex,"Electrical Engineering and Computer Science (EECS) Department, University of Michigan, Ann Arbor, MI, USA; Electr. Eng. & Comput. Sci. (EECS) Dept., Univ. of Michigan, Ann Arbor, MI",,False,0,university,True,False,False,False,False
aa8326c76602,3,mckay|h,openalex,"IMRA America, Inc., Ann Arbor, MI, USA; IMRA America, Inc., Ann Arbor, MI",IMRA America,True,1,company,False,True,False,False,True
aa8326c76602,4,fu|l,openalex,"IMRA America, Inc., Ann Arbor, MI, USA; IMRA America, Inc., Ann Arbor, MI",IMRA America,True,1,company,False,True,False,False,True
aa8326c76602,5,li|j,openalex,"IMRA America, Inc., Ann Arbor, MI, USA; IMRA America, Inc., Ann Arbor, MI",IMRA America,True,1,company,False,True,False,False,True
aa8326c76602,6,winful|h,openalex,"Electrical Engineering and Computer Science (EECS) Department, University of Michigan, Ann Arbor, MI, USA; Electr. Eng. & Comput. Sci. (EECS) Dept., Univ. of Michigan, Ann Arbor, MI",,False,0,university,True,False,False,False,False
ab44ac2a9f76,1,fermann|m,openalex,"IMRA America, Inc. (United States)",IMRA America,True,1,company,False,True,False,False,True
ab44ac2a9f76,2,stock|m,openalex,"IMRA America, Inc. (United States)",IMRA America,True,1,company,False,True,False,False,True
ab44ac2a9f76,3,galvanauskes|a,openalex,"IMRA America, Inc. (United States)",IMRA America,True,1,company,False,True,False,False,True
ab44ac2a9f76,4,harter|d,openalex,"IMRA America, Inc. (United States)",IMRA America,True,1,company,False,True,False,False,True
ab88255df927,1,yoshino|f,scopus,"IMRA America, Inc.",IMRA America,True,1,company,False,True,False,False,True
abcfcc5657ab,1,imeshev|g,openalex,"E. L. Ginzton Laboratory, Stanford University, Stanford, California 94305; E.  L.  Ginzton Laboratory, Stanford University, Stanford, California 94305",,False,0,university,True,False,False,False,False
abcfcc5657ab,2,galvanauskas|a,openalex,"IMRA America, 1044 Woodridge Avenue, Ann Arbor, Michigan 48105",IMRA America,True,1,company,False,True,False,False,True
abcfcc5657ab,3,harter|d,openalex,"IMRA America, 1044 Woodridge Avenue, Ann Arbor, Michigan 48105",IMRA America,True,1,company,False,True,False,False,True
abcfcc5657ab,4,arbore|m,openalex,"E. L. Ginzton Laboratory, Stanford University, Stanford, California 94305; E.  L.  Ginzton Laboratory, Stanford University, Stanford, California 94305",,False,0,university,True,False,False,False,False
abcfcc5657ab,5,proctor|m,openalex,"E. L. Ginzton Laboratory, Stanford University, Stanford, California 94305; E.  L.  Ginzton Laboratory, Stanford University, Stanford, California 94305",,False,0,university,True,False,False,False,False
abcfcc5657ab,6,fejer|m,openalex,"E. L. Ginzton Laboratory, Stanford University, Stanford, California 94305; E.  L.  Ginzton Laboratory, Stanford University, Stanford, California 94305",,False,0,university,True,False,False,False,False
ac0cc6b1809f,1,shah|l,openalex,"IMRA America, Inc. (United States)",IMRA America,True,1,company,False,True,False,False,True
ac0cc6b1809f,2,yoshino|f,openalex,"IMRA America, Inc. (United States)",IMRA America,True,1,company,False,True,False,False,True
ac0cc6b1809f,3,arai|a,openalex,"IMRA America, Inc. (United States)",IMRA America,True,1,company,False,True,False,False,True
ac0cc6b1809f,4,eaton|s,openalex,"Univ. of Toronto (Canada); University of Toronto, Canada",,False,0,university,True,False,False,False,False
ac0cc6b1809f,5,zhang|h,openalex,"Univ. of Toronto (Canada); University of Toronto, Canada",,False,0,university,True,False,False,False,False
ac0cc6b1809f,6,ho|s,openalex,"Univ. of Toronto (Canada); University of Toronto, Canada",,False,0,university,True,False,False,False,False
ac0cc6b1809f,7,herman|p,openalex,"Univ. of Toronto (Canada); University of Toronto, Canada",,False,0,university,True,False,False,False,False
ac6f50ee5acb,1,kowzan|g,openalex,"Institute of Physics, Faculty of Physics, Astronomy and Informatics, Nicolaus Copernicus University in Toruń, ul. Grudziadzka 5, 87-100 Toruń, Poland",,False,0,university,True,False,False,False,False
ac6f50ee5acb,2,lee|k,openalex,"IMRA America, Inc., 1044 Woodridge Avenue, Ann Arbor, Michigan, 48105, USA",IMRA America,True,1,company,False,True,False,False,True
ac6f50ee5acb,3,paradowska|m,openalex,"Institute of Physics, Faculty of Physics, Astronomy and Informatics, Nicolaus Copernicus University in Toruń, ul. Grudziadzka 5, 87-100 Toruń, Poland",,False,0,university,True,False,False,False,False
ac6f50ee5acb,4,borkowski|m,openalex,"Institute of Physics, Faculty of Physics, Astronomy and Informatics, Nicolaus Copernicus University in Toruń, ul. Grudziadzka 5, 87-100 Toruń, Poland",,False,0,university,True,False,False,False,False
ac6f50ee5acb,5,ablewski|p,openalex,"Institute of Physics, Faculty of Physics, Astronomy and Informatics, Nicolaus Copernicus University in Toruń, ul. Grudziadzka 5, 87-100 Toruń, Poland",,False,0,university,True,False,False,False,False
ac6f50ee5acb,6,w jtewicz|s,openalex,"Institute of Physics, Faculty of Physics, Astronomy and Informatics, Nicolaus Copernicus University in Toruń, ul. Grudziadzka 5, 87-100 Toruń, Poland",,False,0,university,True,False,False,False,False
ac6f50ee5acb,7,stec|k,openalex,"Institute of Physics, Faculty of Physics, Astronomy and Informatics, Nicolaus Copernicus University in Toruń, ul. Grudziadzka 5, 87-100 Toruń, Poland",,False,0,university,True,False,False,False,False
ac6f50ee5acb,8,lisak|d,openalex,"Institute of Physics, Faculty of Physics, Astronomy and Informatics, Nicolaus Copernicus University in Toruń, ul. Grudziadzka 5, 87-100 Toruń, Poland",,False,0,university,True,False,False,False,False
ac6f50ee5acb,9,fermann|m,openalex,"IMRA America, Inc., 1044 Woodridge Avenue, Ann Arbor, Michigan, 48105, USA",IMRA America,True,1,company,False,True,False,False,True
ac6f50ee5acb,10,trawi ski|r,openalex,"Institute of Physics, Faculty of Physics, Astronomy and Informatics, Nicolaus Copernicus University in Toruń, ul. Grudziadzka 5, 87-100 Toruń, Poland",,False,0,university,True,False,False,False,False
ac6f50ee5acb,11,mas owski|p,openalex,"Institute of Physics, Faculty of Physics, Astronomy and Informatics, Nicolaus Copernicus University in Toruń, ul. Grudziadzka 5, 87-100 Toruń, Poland",,False,0,university,True,False,False,False,False
ad6ad92721f6,1,imeshev|g,openalex,"IMRA America, Inc., Ann Arbor, MI, USA",IMRA America,True,1,company,False,True,False,False,True
ad6ad92721f6,2,fermann|m,openalex,"IMRA America, Inc., Ann Arbor, MI, USA",IMRA America,True,1,company,False,True,False,False,True
ad6ad92721f6,3,jackson|s,openalex,"Optical Fibre Technology Centre, Australian Photonics CRC, 206 National Innovation Centre, University of Sydney, Sydney, Australia; Optical Fibre Technology Centre, Australian Photonics CRC, University of Sydney, 206 National Innovation Centre, Eveleigh, Sydney 1430, Australia",,False,0,university,True,False,False,False,False
addf4b23a4fc,1,dong|l,scopus,"Clemson University; IMRA America, Inc.",IMRA America,True,1,university|company,True,True,False,False,True
addf4b23a4fc,2,mckay|h,scopus,"Clemson University; IMRA America, Inc.",IMRA America,True,1,university|company,True,True,False,False,True
addf4b23a4fc,3,thomas|b,openalex,"IMRA America, Inc. (United States)",IMRA America,True,1,company,False,True,False,False,True
addf4b23a4fc,4,fu|l,scopus,"Clemson University; IMRA America, Inc.",IMRA America,True,1,university|company,True,True,False,False,True
addf4b23a4fc,5,suzuki|s,scopus,"Clemson University; IMRA America, Inc.",IMRA America,True,1,university|company,True,True,False,False,True
addf4b23a4fc,6,ohta|m,scopus,"Clemson University; IMRA America, Inc.",IMRA America,True,1,university|company,True,True,False,False,True
addf4b23a4fc,7,marcinkeivicius|a,scopus,"Clemson University; IMRA America, Inc.",IMRA America,True,1,university|company,True,True,False,False,True
ae0ef0b96600,1,chen|h,scopus,Rensselaer Polytechnic Institute,,False,0,other,False,False,False,False,False
ae0ef0b96600,2,kersting|r,scopus,Rensselaer Polytechnic Institute,,False,0,other,False,False,False,False,False
ae0ef0b96600,3,cho|g,scopus,"IMRA America, Inc.",IMRA America,True,1,company,False,True,False,False,True
ae89330ff8f6,1,stock|m,scopus,"IMRA America, Inc.",IMRA America,True,1,company,False,True,False,False,True
ae89330ff8f6,2,shah|l,scopus,"IMRA America, Inc.",IMRA America,True,1,company,False,True,False,False,True
ae89330ff8f6,3,liu|b,scopus,"IMRA America, Inc.",IMRA America,True,1,company,False,True,False,False,True
ae89330ff8f6,4,yoshida|m,scopus,Aisin Corporation,アイシン,False,1,company,False,True,False,False,True
ae89330ff8f6,5,yoshino|f,scopus,"IMRA America, Inc.",IMRA America,True,1,company,False,True,False,False,True
ae89330ff8f6,6,bovatsek|j,scopus,"IMRA America, Inc.",IMRA America,True,1,company,False,True,False,False,True
ae89330ff8f6,7,arai|a,scopus,"IMRA America, Inc.",IMRA America,True,1,company,False,True,False,False,True
af556361aae1,1,stock|m,scopus,"IMRA America, Inc.",IMRA America,True,1,company,False,True,False,False,True
af556361aae1,2,sucha|g,scopus,"IMRA America, Inc.",IMRA America,True,1,company,False,True,False,False,True
af556361aae1,3,bovatsek|j,scopus,"IMRA America, Inc.",IMRA America,True,1,company,False,True,False,False,True
af556361aae1,4,yamamoto|t,scopus,"IMRA America, Inc.",IMRA America,True,1,company,False,True,False,False,True
af556361aae1,5,arai|a,scopus,"IMRA America, Inc.",IMRA America,True,1,company,False,True,False,False,True
aff3f68d4c82,1,shah|l,scopus,"IMRA America, Inc.",IMRA America,True,1,company,False,True,False,False,True
aff3f68d4c82,2,liu|z,scopus,"IMRA America, Inc.",IMRA America,True,1,company,False,True,False,False,True
aff3f68d4c82,3,hartl|i,scopus,"IMRA America, Inc.",IMRA America,True,1,company,False,True,False,False,True
aff3f68d4c82,4,imeshev|g,scopus,"IMRA America, Inc.",IMRA America,True,1,company,False,True,False,False,True
aff3f68d4c82,5,cho|g,scopus,"IMRA America, Inc.",IMRA America,True,1,company,False,True,False,False,True
aff3f68d4c82,6,fermann|m,scopus,"IMRA America, Inc.",IMRA America,True,1,company,False,True,False,False,True
b07c3c3610d2,1,lampen|j,scopus,"IMRA America, Inc.",IMRA America,True,1,company,False,True,False,False,True
b07c3c3610d2,2,tani|f,scopus,Max Planck Institute for the Science of Light,,False,0,government,False,False,True,False,False
b07c3c3610d2,3,li|p,scopus,"IMRA America, Inc.",IMRA America,True,1,company,False,True,False,False,True
b07c3c3610d2,4,lee|k,scopus,"IMRA America, Inc.",IMRA America,True,1,company,False,True,False,False,True
b07c3c3610d2,5,jiang|j,scopus,"IMRA America, Inc.",IMRA America,True,1,company,False,True,False,False,True
b07c3c3610d2,6,j russell|p,openalex,Max Planck Institute for the Science of Light,,False,0,government,False,False,True,False,False
b07c3c3610d2,7,fermann|m,scopus,"IMRA America, Inc.",IMRA America,True,1,company,False,True,False,False,True
b1c2d899cfc8,1,han|p,openalex,"Zhongyuan University of Technology Zhengzhou, Zhengzhou, China",,False,0,university,True,False,False,False,False
b1c2d899cfc8,2,sucha|g,openalex,"IMRA America, Inc., Ann Arbor, MI, USA",IMRA America,True,1,company,False,True,False,False,True
b1c2d899cfc8,3,harter|d,openalex,"IMRA America, Inc., Ann Arbor, MI, USA",IMRA America,True,1,company,False,True,False,False,True
b1c2d899cfc8,4,galvanauskas|a,openalex,"IMRA America, Inc., Ann Arbor, MI, USA",IMRA America,True,1,company,False,True,False,False,True
b1c2d899cfc8,5,li|m,openalex,"Applied Materials, Inc., Santa Clara, CA, USA",,False,0,company,False,True,False,False,False
b1c2d899cfc8,6,zhang|x,openalex,"THz Center for research, Rensselaer Polytechnic Institute, Troy, NY, USA",,False,0,other,False,False,False,False,False
b1e1391a57e1,1,fermann|m,openalex,"IMRA America, 1044 Woodridge Avenue, Ann Arbor, Michigan 48105, USA; IMRA America, 1044 Woodridge Avenue, Ann Arbor, Michigan 48105",IMRA America,True,1,company,False,True,False,False,True
b1e1391a57e1,2,kruglov|v,openalex,"IMRA America, 1044 Woodridge Avenue, Ann Arbor, Michigan 48105; Department of Physics,  University of Auckland, Private Bag 92019,  Auckland, New Zealand",IMRA America,True,1,company|university,True,True,False,False,True
b1e1391a57e1,3,thomsen|b,openalex,"IMRA America, 1044 Woodridge Avenue, Ann Arbor, Michigan 48105; Department of Physics,  University of Auckland, Private Bag 92019,  Auckland, New Zealand",IMRA America,True,1,company|university,True,True,False,False,True
b1e1391a57e1,4,dudley|j,openalex,"IMRA America, 1044 Woodridge Avenue, Ann Arbor, Michigan 48105; Department of Physics,  University of Auckland, Private Bag 92019,  Auckland, New Zealand",IMRA America,True,1,company|university,True,True,False,False,True
b1e1391a57e1,5,harvey|j,openalex,"IMRA America, 1044 Woodridge Avenue, Ann Arbor, Michigan 48105; Department of Physics,  University of Auckland, Private Bag 92019,  Auckland, New Zealand",IMRA America,True,1,company|university,True,True,False,False,True
b23eaa63a4d7,1,weiner|a,openalex,"Bellcore, Red Bank, NJ, USA",,False,0,other,False,False,False,False,False
b23eaa63a4d7,2,dasilva|v,openalex,"Bellcore, Red Bank, NJ, USA",,False,0,other,False,False,False,False,False
b23eaa63a4d7,3,fermann|m,openalex,"Bellcore, Red Bank, NJ, USA",,False,0,other,False,False,False,False,False
b23eaa63a4d7,4,leaird|d,openalex,"Bellcore, Red Bank, NJ, USA",,False,0,other,False,False,False,False,False
b23eaa63a4d7,5,paek|e,openalex,"Bellcore, Red Bank, NJ, USA",,False,0,other,False,False,False,False,False
b23eaa63a4d7,6,reitze|d,openalex,"Bellcore, Red Bank, NJ, USA",,False,0,other,False,False,False,False,False
b23eaa63a4d7,7,silberberg|y,openalex,"Bellcore, Red Bank, NJ, USA",,False,0,other,False,False,False,False,False
b23eaa63a4d7,8,smith|d,openalex,"Bellcore, Red Bank, NJ, USA",,False,0,other,False,False,False,False,False
b2a807d42b60,1,kuse|n,scopus,IMRA America Inc.; Tokushima University,IMRA America,True,1,company|university,True,True,False,False,True
b2a807d42b60,2,tetsumoto|t,scopus,IMRA America Inc.,IMRA America,True,1,company,False,True,False,False,True
b2a807d42b60,3,navickaite|g,scopus,École Polytechnique Fédérale de Lausanne,,False,0,university,True,False,False,False,False
b2a807d42b60,4,geiselmann|m,scopus,École Polytechnique Fédérale de Lausanne,,False,0,university,True,False,False,False,False
b2a807d42b60,5,fermann|m,scopus,"IMRA America, Inc.",IMRA America,True,1,company,False,True,False,False,True
b41b91cdaa98,1,stock|m,openalex,"Center for Ultrafast Optical Science, University of Michigan, Ann Arbor, Michigan 48109-2099",,False,0,university,True,False,False,False,False
b41b91cdaa98,2,andrejco|m,openalex,"AT&T Bell Laboratories, Murray Hill, New Jersey 07974; AT&T Bell Laboratories Murray Hill, New Jersey 07974",,False,0,other,False,False,False,False,False
b41b91cdaa98,3,fermann|m,openalex,"IMRA America, Inc., 1044 Woodridge Avenue, Ann Arbor, Michigan 48105",IMRA America,True,1,company,False,True,False,False,True
b41b91cdaa98,4,yang|l,openalex,"Center for Ultrafast Optical Science, University of Michigan, Ann Arbor, Michigan 48109-2099",,False,0,university,True,False,False,False,False
b43c242d618e,1,pug lys|a,openalex,"Photonics Institute, Vienna University of Technology, Vienna, Austria. pugzlys@tuwien.ac.at; Vienna University of Technology",,False,0,university,True,False,False,False,False
b43c242d618e,2,andriukaitis|g,openalex,Vienna University of Technology,,False,0,university,True,False,False,False,False
b43c242d618e,3,baltu ka|a,openalex,Vienna University of Technology,,False,0,university,True,False,False,False,False
b43c242d618e,4,su|l,openalex,Chinese Academy of Sciences,,False,0,other,False,False,False,False,False
b43c242d618e,5,xu|j,openalex,Chinese Academy of Sciences,,False,0,other,False,False,False,False,False
b43c242d618e,6,li|h,openalex,Chinese Academy of Sciences,,False,0,other,False,False,False,False,False
b43c242d618e,7,li|r,openalex,Chinese Academy of Sciences,,False,0,other,False,False,False,False,False
b43c242d618e,8,lai|w,openalex,Nanyang Technological University,,False,0,university,True,False,False,False,False
b43c242d618e,9,phua|p,openalex,Nanyang Technological University,,False,0,university,True,False,False,False,False
b43c242d618e,10,marcinkevi ius|a,openalex,IMRA America Inc,IMRA America,True,1,company,False,True,False,False,True
b43c242d618e,11,fermann|m,openalex,IMRA America Inc,IMRA America,True,1,company,False,True,False,False,True
b43c242d618e,12,gini nas|l,openalex,Light Conversion Ltd,,False,0,company,False,True,False,False,False
b43c242d618e,13,danielius|r,openalex,Light Conversion Ltd,,False,0,company,False,True,False,False,False
b43c242d618e,14,ali auskas|s,openalex,Vienna University of Technology,,False,0,university,True,False,False,False,False
b43f432fe548,1,liu|b,scopus,"IMRA America, Inc.",IMRA America,True,1,company,False,True,False,False,True
b43f432fe548,2,hu|z,scopus,"IMRA America, Inc.",IMRA America,True,1,company,False,True,False,False,True
b43f432fe548,3,che|y,scopus,"IMRA America, Inc.",IMRA America,True,1,company,False,True,False,False,True
b43f432fe548,4,allenic|a,scopus,"University of Michigan, Ann Arbor",,False,0,university,True,False,False,False,False
b43f432fe548,5,sun|k,scopus,"University of Michigan, Ann Arbor",,False,0,university,True,False,False,False,False
b43f432fe548,6,pan|x,scopus,"University of Michigan, Ann Arbor",,False,0,university,True,False,False,False,False
b4b7ba2e16c8,1,peng|x,scopus,"IMRA America, Inc.; Raydiance, Inc.",IMRA America,True,1,company,False,True,False,False,True
b4b7ba2e16c8,2,dong|l,scopus,"IMRA America, Inc.",IMRA America,True,1,company,False,True,False,False,True
b4fe1f56acd7,1,guo|w,openalex,"University of Michigan 1 Department of Materials Science and Engineering, , Ann Arbor, Michigan 48109-2136, USA",,False,0,university,True,False,False,False,False
b4fe1f56acd7,2,katz|m,openalex,"University of Michigan 1 Department of Materials Science and Engineering, , Ann Arbor, Michigan 48109-2136, USA",,False,0,university,True,False,False,False,False
b4fe1f56acd7,3,nelson|c,openalex,"University of Michigan 1 Department of Materials Science and Engineering, , Ann Arbor, Michigan 48109-2136, USA",,False,0,university,True,False,False,False,False
b4fe1f56acd7,4,heeg|t,openalex,"Cornell University 2 Department of Materials Science and Engineering, , Ithaca, New York 14853-1501, USA",,False,0,university,True,False,False,False,False
b4fe1f56acd7,5,schlom|d,openalex,"Cornell University 2 Department of Materials Science and Engineering, , Ithaca, New York 14853-1501, USA",,False,0,university,True,False,False,False,False
b4fe1f56acd7,6,liu|b,openalex,"IMRA America, Inc. 3 Materials Research Group, , Ann Arbor, Michigan 48105, USA",IMRA America,True,1,company,False,True,False,False,True
b4fe1f56acd7,7,che|y,openalex,"IMRA America, Inc. 3 Materials Research Group, , Ann Arbor, Michigan 48105, USA",IMRA America,True,1,company,False,True,False,False,True
b4fe1f56acd7,8,pan|x,openalex,"University of Michigan 1 Department of Materials Science and Engineering, , Ann Arbor, Michigan 48109-2136, USA",,False,0,university,True,False,False,False,False
b56343abb0e7,1,ruehl|a,openalex,"IMRA America Inc., Ann Arbor, MI, USA",IMRA America,True,1,company,False,True,False,False,True
b56343abb0e7,2,hartl|i,openalex,"IMRA America Inc., Ann Arbor, MI, USA",IMRA America,True,1,company,False,True,False,False,True
b56343abb0e7,3,marcinkevicius|a,openalex,"Imra America Inc, Ann Arbor, MI, US",IMRA America,True,1,company,False,True,False,False,True
b56343abb0e7,4,mckay|h,openalex,"IMRA America Inc., Ann Arbor, MI, USA",IMRA America,True,1,company,False,True,False,False,True
b56343abb0e7,5,dong|l,openalex,"IMRA America Inc., Ann Arbor, MI, USA",IMRA America,True,1,company,False,True,False,False,True
b56343abb0e7,6,fermann|m,openalex,"IMRA America Inc., Ann Arbor, MI, USA",IMRA America,True,1,company,False,True,False,False,True
b6e088bd7a43,1,endert|h,scopus,"North America, Inc.",,False,0,company,False,True,False,False,True
b6e088bd7a43,2,galvanauskes|a,openalex,"IMRA America, Inc. (United States)",IMRA America,True,1,company,False,True,False,False,True
b6e088bd7a43,3,sucha|g,scopus,"North America, Inc.",,False,0,company,False,True,False,False,True
b6e088bd7a43,4,patel|r,scopus,"North America, Inc.",,False,0,company,False,True,False,False,True
b7a9fb0e4f38,1,lee|k,openalex,"IMRA America, Inc. (United States)",IMRA America,True,1,company,False,True,False,False,True
b7a9fb0e4f38,2,schunemann|p,openalex,BAE Systems (United States),,False,0,other,False,False,False,False,False
b7a9fb0e4f38,3,fermann|m,openalex,"IMRA America, Inc. (United States)",IMRA America,True,1,company,False,True,False,False,True
b880ccda364f,1,imeshev|g,openalex,"IMRA America, Inc., 1044 Woodridge Ave., Ann Arbor, Michigan 48105 USA",IMRA America,True,1,company,False,True,False,False,True
b880ccda364f,2,hartl|i,openalex,"IMRA America, Inc., 1044 Woodridge Ave., Ann Arbor, Michigan 48105 USA",IMRA America,True,1,company,False,True,False,False,True
b880ccda364f,3,fermann|m,openalex,"IMRA America, Inc., 1044 Woodridge Ave., Ann Arbor, Michigan 48105 USA",IMRA America,True,1,company,False,True,False,False,True
b8824ac6926a,1,fermann|m,openalex,"Bellcore, 331 Newman Springs Road, Red Bank, New Jersey 07701",,False,0,other,False,False,False,False,False
b8824ac6926a,2,andrejco|m,openalex,"Bellcore, 331 Newman Springs Road, Red Bank, New Jersey 07701",,False,0,other,False,False,False,False,False
b8824ac6926a,3,silberberg|y,openalex,"Bellcore, 331 Newman Springs Road, Red Bank, New Jersey 07701",,False,0,other,False,False,False,False,False
b8824ac6926a,4,weiner|a,openalex,"Bellcore, 331 Newman Springs Road, Red Bank, New Jersey 07701",,False,0,other,False,False,False,False,False
b914197df9a5,1,fermann|m,openalex,"IMRA America, Inc., 1044 Woodridge Avenue, Ann Arbor, Michigan 48105",IMRA America,True,1,company,False,True,False,False,True
b914197df9a5,2,yang|l,openalex,"Center for Ultrafast Optical Science, University of Michigan, Ann Arbor, Michigan 48109-2099",,False,0,university,True,False,False,False,False
b914197df9a5,3,andrejco|m,openalex,"Bellcore, 331 Newman Springs Road, Red Bank, New Jersey 07701",,False,0,other,False,False,False,False,False
b914197df9a5,4,stock|m,openalex,"Center for Ultrafast Optical Science, University of Michigan, Ann Arbor, Michigan 48109-2099",,False,0,university,True,False,False,False,False
b9b00cbdc4e4,1,fermann|m,openalex,"Bellcore, 331 Newman Springs Road, Red Bank, New Jersey 07701–7040 USA",,False,0,other,False,False,False,False,False
b9b00cbdc4e4,2,silva|v,openalex,"Bellcore, 331 Newman Springs Road, Red Bank, New Jersey 07701–7040 USA",,False,0,other,False,False,False,False,False
b9b00cbdc4e4,3,smith|d,openalex,"Bellcore, 331 Newman Springs Road, Red Bank, New Jersey 07701–7040 USA",,False,0,other,False,False,False,False,False
b9b00cbdc4e4,4,silberberg|y,openalex,"Bellcore, 331 Newman Springs Road, Red Bank, New Jersey 07701–7040 USA",,False,0,other,False,False,False,False,False
b9b00cbdc4e4,5,weiner|a,openalex,"Bellcore, 331 Newman Springs Road, Red Bank, New Jersey 07701–7040 USA",,False,0,other,False,False,False,False,False
bb7e25b7e9d6,1,luo|a,openalex,"IMRA America, Inc",IMRA America,True,1,company,False,True,False,False,True
bb7e25b7e9d6,2,shinoda|t,openalex,"IMRA America, Inc",IMRA America,True,1,company,False,True,False,False,True
bd2ac7754a4f,1,arai|a,openalex,"IMRA America, Inc. (United States)",IMRA America,True,1,company,False,True,False,False,True
bd2ac7754a4f,2,bovatsek|j,openalex,"IMRA America, Inc. (United States)",IMRA America,True,1,company,False,True,False,False,True
bd2ac7754a4f,3,yoshino|f,openalex,"IMRA America, Inc. (United States)",IMRA America,True,1,company,False,True,False,False,True
bd2ac7754a4f,4,liu|z,openalex,"IMRA America, Inc. (United States)",IMRA America,True,1,company,False,True,False,False,True
bd2ac7754a4f,5,cho|g,openalex,"IMRA America, Inc. (United States)",IMRA America,True,1,company,False,True,False,False,True
bd2ac7754a4f,6,shah|l,openalex,"IMRA America, Inc. (United States)",IMRA America,True,1,company,False,True,False,False,True
bd2ac7754a4f,7,fermann|m,openalex,"IMRA America, Inc. (United States)",IMRA America,True,1,company,False,True,False,False,True
bd2ac7754a4f,8,uehara|y,openalex,"IMRA America, Inc. (United States)",IMRA America,True,1,company,False,True,False,False,True
bd67deff48c0,1,dong|l,scopus,"IMRA America, Inc.",IMRA America,True,1,company,False,True,False,False,True
bd67deff48c0,2,li|j,scopus,"IMRA America, Inc.",IMRA America,True,1,company,False,True,False,False,True
bd67deff48c0,3,peng|x,scopus,"IMRA America, Inc.",IMRA America,True,1,company,False,True,False,False,True
bdc4a84b1e1e,1,lee|y,openalex,"Center for Ultrafast Optical Science, The University of Michigan, Ann Arbor, Michigan 48109-2099",,False,0,university,True,False,False,False,False
bdc4a84b1e1e,2,meade|t,openalex,"Center for Ultrafast Optical Science, The University of Michigan, Ann Arbor, Michigan 48109-2099",,False,0,university,True,False,False,False,False
bdc4a84b1e1e,3,decamp|m,openalex,"Center for Ultrafast Optical Science, The University of Michigan, Ann Arbor, Michigan 48109-2099",,False,0,university,True,False,False,False,False
bdc4a84b1e1e,4,norris|t,openalex,"Center for Ultrafast Optical Science, The University of Michigan, Ann Arbor, Michigan 48109-2099",,False,0,university,True,False,False,False,False
bdc4a84b1e1e,5,galvanauskas|a,openalex,"IMRA America, 1044 Woodridge Avenue, Ann Arbor, Michigan 48105",IMRA America,True,1,company,False,True,False,False,True
be27986bcef2,1,chen|h,openalex,"Department of Physics, Rensselaer Polytechnic Institute, Troy, New York 12180, USA",,False,0,other,False,False,False,False,False
be27986bcef2,2,kraatz|s,openalex,"Department of Physics, Rensselaer Polytechnic Institute, Troy, New York 12180, USA",,False,0,other,False,False,False,False,False
be27986bcef2,3,cho|g,openalex,"Department of Physics, Rensselaer Polytechnic Institute, Troy, New York 12180, USA; IMRA America, 1044 Woodridge Ave., Ann Arbor, Michigan 48105, USA",IMRA America,True,1,other|company,False,True,False,False,True
be27986bcef2,4,kersting|r,openalex,"Department of Physics, Rensselaer Polytechnic Institute, Troy, New York 12180, USA; Department of Physics, University of Munich, 80779 Munich, Germany",,False,0,other|university,True,False,False,False,False
be953414fea7,1,galvanauskas|a,openalex,"IMRA America Inc., Ann Arbor, MI, USA",IMRA America,True,1,company,False,True,False,False,True
c1d89067941e,1,lee|k,scopus,"IMRA America, Inc.",IMRA America,True,1,company,False,True,False,False,True
c1d89067941e,2,zhou|g,scopus,"University of Michigan, Ann Arbor",,False,0,university,True,False,False,False,False
c1d89067941e,3,winful|h,scopus,"University of Michigan, Ann Arbor",,False,0,university,True,False,False,False,False
c1d89067941e,4,jiang|j,scopus,"IMRA America, Inc.",IMRA America,True,1,company,False,True,False,False,True
c1d89067941e,5,fermann|m,openalex,"IMRA America, Inc. (United States)",IMRA America,True,1,company,False,True,False,False,True
c207f10fff8c,1,phillips|c,openalex,"Edward L. Ginzton Laboratory, University of Stanford, Stanford, CA, USA; Edward L. Ginzton Labs., Stanford Univ., Stanford, CA, USA",,False,0,university,True,False,False,False,False
c207f10fff8c,2,jiang|j,openalex,"IMRA America, Inc., Ann Arbor, MI, USA",IMRA America,True,1,company,False,True,False,False,True
c207f10fff8c,3,langrock|c,openalex,"Edward L. Ginzton Laboratory, University of Stanford, Stanford, CA, USA; Edward L. Ginzton Labs., Stanford Univ., Stanford, CA, USA",,False,0,university,True,False,False,False,False
c207f10fff8c,4,hartl|i,openalex,"IMRA America, Inc., Ann Arbor, MI, USA",IMRA America,True,1,company,False,True,False,False,True
c207f10fff8c,5,fejer|m,openalex,"Edward L. Ginzton Laboratory, University of Stanford, Stanford, CA, USA; Edward L. Ginzton Labs., Stanford Univ., Stanford, CA, USA",,False,0,university,True,False,False,False,False
c207f10fff8c,6,fermann|m,openalex,"IMRA America, Inc., Ann Arbor, MI, USA",IMRA America,True,1,company,False,True,False,False,True
c3c8ba653e72,1,li|p,scopus,"IMRA America, Inc.",IMRA America,True,1,company,False,True,False,False,True
c3c8ba653e72,2,rolland|a,scopus,"IMRA America, Inc.",IMRA America,True,1,company,False,True,False,False,True
c3c8ba653e72,3,jiang|j,scopus,"IMRA America, Inc.",IMRA America,True,1,company,False,True,False,False,True
c3c8ba653e72,4,fermann|m,scopus,"IMRA America, Inc.",IMRA America,True,1,company,False,True,False,False,True
c471018605a3,1,dong|l,scopus,"IMRA America, Inc.",IMRA America,True,1,company,False,True,False,False,True
c471018605a3,2,fortier|s,scopus,Polytechnique Montréal,,False,0,other,False,False,False,False,False
c4a48869c0d2,1,norris|t,openalex,"Center for Ultrafast Optical Science, University of Michigan, Ann Arbor, MI, USA",,False,0,university,True,False,False,False,False
c4a48869c0d2,2,lee|y,openalex,"Center for Ultrafast Optical Science, University of Michigan, Ann Arbor, MI, USA",,False,0,university,True,False,False,False,False
c4a48869c0d2,3,meade|i,openalex,"Center for Ultrafast Optical Science, University of Michigan, Ann Arbor, MI, USA",,False,0,university,True,False,False,False,False
c4a48869c0d2,4,decamp|m,openalex,"Center for Ultrafast Optical Science, University of Michigan, Ann Arbor, MI, USA",,False,0,university,True,False,False,False,False
c4a48869c0d2,5,herne|c,openalex,"Center for Ultrafast Optical Science, University of Michigan, Ann Arbor, MI, USA",,False,0,university,True,False,False,False,False
c4a48869c0d2,6,perlin|v,openalex,"Center for Ultrafast Optical Science, University of Michigan, Ann Arbor, MI, USA",,False,0,university,True,False,False,False,False
c4a48869c0d2,7,winful|h,openalex,"Center for Ultrafast Optical Science, University of Michigan, Ann Arbor, MI, USA",,False,0,university,True,False,False,False,False
c4a48869c0d2,8,galvanauskas|a,,,,False,0,,False,False,False,False,False
c5c8173ea712,1,nguyen|v,scopus,University of Michigan Medical School; Dại học Nguyen Tat Thanh,,False,0,university|other,True,False,False,False,False
c5c8173ea712,2,qian|w,scopus,"IMRA America, Inc.",IMRA America,True,1,company,False,True,False,False,True
c5c8173ea712,3,wang|x,scopus,"University of Michigan, Ann Arbor",,False,0,university,True,False,False,False,False
c5c8173ea712,4,paulus|y,scopus,"University of Michigan Medical School; University of Michigan, Ann Arbor",,False,0,university,True,False,False,False,False
c786b0df039f,1,zeng|y,openalex,"State Key Laboratory of Silicon Materials, Zhejiang University, Hangzhou 310027, People’s Republic of China; State Key Laboratory of Silicon Materials, Zhejiang University, Hangzhou 310027,#N#People’s Republic of China",,False,0,university,True,False,False,False,False
c786b0df039f,2,ye|z,openalex,"State Key Laboratory of Silicon Materials, Zhejiang University, Hangzhou 310027, People’s Republic of China; State Key Laboratory of Silicon Materials, Zhejiang University, Hangzhou 310027,#N#People’s Republic of China",,False,0,university,True,False,False,False,False
c786b0df039f,3,lu|y,openalex,"State Key Laboratory of Silicon Materials, Zhejiang University, Hangzhou 310027, People’s Republic of China; State Key Laboratory of Silicon Materials, Zhejiang University, Hangzhou 310027,#N#People’s Republic of China",,False,0,university,True,False,False,False,False
c786b0df039f,4,lu|j,openalex,"State Key Laboratory of Silicon Materials, Zhejiang University, Hangzhou 310027, People’s Republic of China; State Key Laboratory of Silicon Materials, Zhejiang University, Hangzhou 310027,#N#People’s Republic of China",,False,0,university,True,False,False,False,False
c786b0df039f,5,xu|w,openalex,"State Key Laboratory of Silicon Materials, Zhejiang University, Hangzhou 310027, People’s Republic of China; State Key Laboratory of Silicon Materials, Zhejiang University, Hangzhou 310027,#N#People’s Republic of China",,False,0,university,True,False,False,False,False
c786b0df039f,6,zhu|l,openalex,"State Key Laboratory of Silicon Materials, Zhejiang University, Hangzhou 310027, People’s Republic of China; State Key Laboratory of Silicon Materials, Zhejiang University, Hangzhou 310027,#N#People’s Republic of China",,False,0,university,True,False,False,False,False
c786b0df039f,7,zhao|b,openalex,"State Key Laboratory of Silicon Materials, Zhejiang University, Hangzhou 310027, People’s Republic of China; State Key Laboratory of Silicon Materials, Zhejiang University, Hangzhou 310027,#N#People’s Republic of China",,False,0,university,True,False,False,False,False
c786b0df039f,8,che|y,openalex,"IMRA America, Inc., 1044 Woodridge Ave. Ann Arbor, MI 48105, USA",IMRA America,True,1,company,False,True,False,False,True
c8ae7905cba7,1,liu|b,openalex,"IMRA America, Inc. (United States)",IMRA America,True,1,company,False,True,False,False,True
c8ae7905cba7,2,hu|z,openalex,"IMRA America, Inc. (United States)",IMRA America,True,1,company,False,True,False,False,True
c8ae7905cba7,3,che|y,openalex,"IMRA America, Inc. (United States)",IMRA America,True,1,company,False,True,False,False,True
cac61616510d,1,shah|l,openalex,"IMRA America, Inc. (United States)",IMRA America,True,1,company,False,True,False,False,True
cac61616510d,2,fermann|m,openalex,"IMRA America, Inc. (United States)",IMRA America,True,1,company,False,True,False,False,True
cac61616510d,3,dawson|j,openalex,Lawrence Livermore National Lab. (United States); Lawrence Livermore National Laboratories (United States),,False,0,other|government,False,False,True,False,False
cac61616510d,4,barty|c,openalex,Lawrence Livermore National Lab. (United States); Lawrence Livermore National Laboratories (United States),,False,0,other|government,False,False,True,False,False
cb244a16d359,1,fermann|m,openalex,"IMRA America, Inc., 1044 Woodridge Avenue, 48105, Ann Arbor, MI, USA; IMRA America, Inc., Ann Arbor, USA",IMRA America,True,1,company,False,True,False,False,True
cb26a8385e05,1,stock|m,scopus,"IMRA America, Inc.",IMRA America,True,1,company,False,True,False,False,True
cb26a8385e05,2,endert|h,scopus,"IMRA America, Inc.",IMRA America,True,1,company,False,True,False,False,True
cb26a8385e05,3,patel|r,scopus,"IMRA America, Inc.",IMRA America,True,1,company,False,True,False,False,True
cb9ae91b7a06,1,simmons|y,openalex,"Boulder Research Labs, IMRA America, Inc",IMRA America,True,1,company,False,True,False,False,True
cb9ae91b7a06,2,greenberg|j,openalex,"Boulder Research Labs, IMRA America, Inc",IMRA America,True,1,company,False,True,False,False,True
cb9ae91b7a06,3,heffernan|b,openalex,"Boulder Research Labs, IMRA America, Inc",IMRA America,True,1,company,False,True,False,False,True
cb9ae91b7a06,4,rolland|a,openalex,"Boulder Research Labs, IMRA America, Inc",IMRA America,True,1,company,False,True,False,False,True
cd6763c2f151,1,yoshino|f,openalex,"IMRA America, Inc., Applications Research Laboratory 48834 Kato Road, Suite 106A, Fremont, CA 94538 U.S.A",IMRA America,True,1,company,False,True,False,False,True
ce7d0376d004,1,hartl|i,openalex,"IMRA America, Inc., Ann Arbor, MI, USA",IMRA America,True,1,company,False,True,False,False,True
ce7d0376d004,2,romann|a,openalex,"IMRA America, Inc., Ann Arbor, MI, USA",IMRA America,True,1,company,False,True,False,False,True
ce7d0376d004,3,schibli|t,openalex,"Department of Physics, University of Colorado, Boulder, CO, USA; Dept. of Phys., Univ. of Colorado, Boulder, CO, USA",,False,0,university,True,False,False,False,False
ce7d0376d004,4,fermann|m,openalex,"IMRA America, Inc., Ann Arbor, MI, USA",IMRA America,True,1,company,False,True,False,False,True
cedc01ec05ce,1,galvanauskas|a,openalex,"IMRA America, Inc., 1044 Woodridge Avenue, Ann Arbor, Michigan 48105-9774",IMRA America,True,1,company,False,True,False,False,True
cedc01ec05ce,2,arbore|m,openalex,"E. L. Ginzton Laboratory, Stanford University, Stanford, California 94305-4085; E. L. Ginzton Laboratory, Stanford University Stanford, California 94305–4085",,False,0,university,True,False,False,False,False
cedc01ec05ce,3,fejer|m,openalex,"E. L. Ginzton Laboratory, Stanford University, Stanford, California 94305-4085; E. L. Ginzton Laboratory, Stanford University Stanford, California 94305–4085",,False,0,university,True,False,False,False,False
cedc01ec05ce,4,fermann|m,openalex,"IMRA America, Inc., 1044 Woodridge Avenue, Ann Arbor, Michigan 48105-9774",IMRA America,True,1,company,False,True,False,False,True
cedc01ec05ce,5,harter|d,openalex,"IMRA America, Inc., 1044 Woodridge Avenue, Ann Arbor, Michigan 48105-9774",IMRA America,True,1,company,False,True,False,False,True
d0fe578c8290,1,liu|z,openalex,"IMRA America, Inc., Ann Arbor, MI, USA; IMRA America Inc., Ann Arbor, MI, USA",IMRA America,True,1,company,False,True,False,False,True
d0fe578c8290,2,shah|l,openalex,"IMRA America, Inc., Ann Arbor, MI, USA; IMRA America Inc., Ann Arbor, MI, USA",IMRA America,True,1,company,False,True,False,False,True
d0fe578c8290,3,hartl|i,openalex,"IMRA America, Inc., Ann Arbor, MI, USA; IMRA America Inc., Ann Arbor, MI, USA",IMRA America,True,1,company,False,True,False,False,True
d0fe578c8290,4,cho|g,openalex,"IMRA America, Inc., Ann Arbor, MI, USA; IMRA America Inc., Ann Arbor, MI, USA",IMRA America,True,1,company,False,True,False,False,True
d0fe578c8290,5,fermann|m,openalex,"IMRA America, Inc., Ann Arbor, MI, USA; IMRA America Inc., Ann Arbor, MI, USA",IMRA America,True,1,company,False,True,False,False,True
d22f851a67ba,1,kuse|n,openalex,"IMRA America Inc., 1044 Woodridge Avenue, Ann Arbor, MI, 48105, USA",IMRA America,True,1,company,False,True,False,False,True
d22f851a67ba,2,jiang|j,openalex,"IMRA America Inc., 1044 Woodridge Avenue, Ann Arbor, MI, 48105, USA",IMRA America,True,1,company,False,True,False,False,True
d22f851a67ba,3,lee|c,openalex,"Department of Physics, University of Colorado at Boulder, 2000 Colorado Avenue, Boulder, Colorado 80309-0390, USA",,False,0,university,True,False,False,False,False
d22f851a67ba,4,schibli|t,openalex,"Department of Physics, University of Colorado at Boulder, 2000 Colorado Avenue, Boulder, Colorado 80309-0390, USA",,False,0,university,True,False,False,False,False
d22f851a67ba,5,fermann|m,openalex,"IMRA America Inc., 1044 Woodridge Avenue, Ann Arbor, MI, 48105, USA",IMRA America,True,1,company,False,True,False,False,True
d24955042507,1,hofer|m,openalex,"IMRA America, 1044 Woodridge Avenue, Ann Arbor, Michigan 48105",IMRA America,True,1,company,False,True,False,False,True
d24955042507,2,fermann|m,openalex,"IMRA America, 1044 Woodridge Avenue, Ann Arbor, Michigan 48105",IMRA America,True,1,company,False,True,False,False,True
d24955042507,3,galvanauskas|a,openalex,"IMRA America, 1044 Woodridge Avenue, Ann Arbor, Michigan 48105",IMRA America,True,1,company,False,True,False,False,True
d24955042507,4,harter|d,openalex,"IMRA America, 1044 Woodridge Avenue, Ann Arbor, Michigan 48105",IMRA America,True,1,company,False,True,False,False,True
d24955042507,5,windeler|r,scopus,Lucent Technologies,,False,0,other,False,False,False,False,False
d2ba4d05d1a8,1,fu|l,scopus,"IMRA America, Inc.",IMRA America,True,1,company,False,True,False,False,True
d2ba4d05d1a8,2,thomas|b,scopus,"IMRA America, Inc.",IMRA America,True,1,company,False,True,False,False,True
d2ba4d05d1a8,3,dong|l,scopus,"IMRA America, Inc.",IMRA America,True,1,company,False,True,False,False,True
d2f304de6923,1,cing z|a,,,,False,0,,False,False,False,False,False
d2f304de6923,2,allison|t,,,,False,0,,False,False,False,False,False
d2f304de6923,3,yost|d,,,,False,0,,False,False,False,False,False
d2f304de6923,4,benko|c,,,,False,0,,False,False,False,False,False
d2f304de6923,5,ye|j,,,,False,0,,False,False,False,False,False
d2f304de6923,6,ruehl|a,,,,False,0,,False,False,False,False,False
d2f304de6923,7,fermann|m,,,,False,0,,False,False,False,False,False
d2f304de6923,8,hartl|i,,,,False,0,,False,False,False,False,False
d390bf8bc04b,1,pan|x,openalex,"State Key Laboratory of Silicon Materials, Zhejiang University, Hangzhou 310027, PR China; State Key Laboratory of Silicon Materials, Zhejiang University, Hangzhou, 310027 PR China",,False,0,university,True,False,False,False,False
d390bf8bc04b,2,ye|z,openalex,"State Key Laboratory of Silicon Materials, Zhejiang University, Hangzhou 310027, PR China; State Key Laboratory of Silicon Materials, Zhejiang University, Hangzhou, 310027 PR China",,False,0,university,True,False,False,False,False
d390bf8bc04b,3,li|j,openalex,"State Key Laboratory of Silicon Materials, Zhejiang University, Hangzhou 310027, PR China; State Key Laboratory of Silicon Materials, Zhejiang University, Hangzhou, 310027 PR China",,False,0,university,True,False,False,False,False
d390bf8bc04b,4,zeng|y,openalex,"State Key Laboratory of Silicon Materials, Zhejiang University, Hangzhou 310027, PR China; State Key Laboratory of Silicon Materials, Zhejiang University, Hangzhou, 310027 PR China",,False,0,university,True,False,False,False,False
d390bf8bc04b,5,gu|x,openalex,"State Key Laboratory of Silicon Materials, Zhejiang University, Hangzhou 310027, PR China; State Key Laboratory of Silicon Materials, Zhejiang University, Hangzhou, 310027 PR China",,False,0,university,True,False,False,False,False
d390bf8bc04b,6,zhu|l,openalex,"State Key Laboratory of Silicon Materials, Zhejiang University, Hangzhou 310027, PR China; State Key Laboratory of Silicon Materials, Zhejiang University, Hangzhou, 310027 PR China",,False,0,university,True,False,False,False,False
d390bf8bc04b,7,zhao|b,openalex,"State Key Laboratory of Silicon Materials, Zhejiang University, Hangzhou 310027, PR China; State Key Laboratory of Silicon Materials, Zhejiang University, Hangzhou, 310027 PR China",,False,0,university,True,False,False,False,False
d390bf8bc04b,8,che|y,openalex,"IMRA America, Inc., 1044 Woodridge Avenue, Ann Arbor, Michigan 48105, USA",IMRA America,True,1,company,False,True,False,False,True
d43dd3c043cd,1,phillips|c,openalex,"Edward L. Ginzton Laboratory, Stanford University, Stanford, California 94305-4085, USA. chris.phillips@stanford.edu; Edward L. Ginzton Laboratory, Stanford University, Stanford, California, 94305-4085, USA",,False,0,university,True,False,False,False,False
d43dd3c043cd,2,langrock|c,openalex,"Edward L. Ginzton Laboratory, Stanford University, Stanford, California, 94305-4085, USA",,False,0,university,True,False,False,False,False
d43dd3c043cd,3,pelc|j,openalex,"Edward L. Ginzton Laboratory, Stanford University, Stanford, California, 94305-4085, USA",,False,0,university,True,False,False,False,False
d43dd3c043cd,4,fejer|m,openalex,"Edward L. Ginzton Laboratory, Stanford University, Stanford, California, 94305-4085, USA",,False,0,university,True,False,False,False,False
d43dd3c043cd,5,hartl|i,openalex,"IMRA America, Inc., Ann Arbor, Michigan 48105, USA",IMRA America,True,1,company,False,True,False,False,True
d43dd3c043cd,6,fermann|m,openalex,"IMRA America, Inc., Ann Arbor, Michigan 48105, USA",IMRA America,True,1,company,False,True,False,False,True
d6d7a0e80b5a,1,galvanauskas|a,openalex,"IMRA America, Inc., 1044 Woodridge Avenue, Ann Arbor, Michigan 48105",IMRA America,True,1,company,False,True,False,False,True
d6d7a0e80b5a,2,krug|p,scopus,"IMRA America, Inc.; The University of Sydney",IMRA America,True,1,company|university,True,True,False,False,True
d6d7a0e80b5a,3,harter|d,openalex,"IMRA America, Inc., 1044 Woodridge Avenue, Ann Arbor, Michigan 48105",IMRA America,True,1,company,False,True,False,False,True
d8b9e58387e7,1,fermann|m,openalex,"IMRA America, Inc., 1044 Woodridge Avenue, Ann Arbor, Michigan 48105 USA",IMRA America,True,1,company,False,True,False,False,True
d8b9e58387e7,2,minelly|j,openalex,"Optoelectronics Research Centre, University of Southampton, Southampton SO17 1BJ, UK; Optoelectronics Research Centre, University of Southampton,#N##TAB##TAB##TAB##TAB##TAB#Southampton SO17 1BJ, UK",,False,0,university,True,False,False,False,False
d8b9e58387e7,3,vienne|g,openalex,"Optoelectronics Research Centre, University of Southampton, Southampton SO17 1BJ, UK; Optoelectronics Research Centre, University of Southampton,#N##TAB##TAB##TAB##TAB##TAB#Southampton SO17 1BJ, UK",,False,0,university,True,False,False,False,False
d8b9e58387e7,4,harter|d,openalex,"IMRA America, Inc., 1044 Woodridge Avenue, Ann Arbor, Michigan 48105 USA",IMRA America,True,1,company,False,True,False,False,True
d93bb332a08f,1,shah|l,scopus,"IMRA America, Inc.",IMRA America,True,1,company,False,True,False,False,True
d97d2f5454d9,1,engelhard|h,scopus,University of Illinois at Chicago; Richard and Loan Hill Department of Biomedical Engineering,,False,0,university|other,True,False,False,False,False
d97d2f5454d9,2,willis|a,scopus,University of Illinois at Chicago; University of Illinois College of Medicine,,False,0,university,True,False,False,False,False
d97d2f5454d9,3,hussain|s,scopus,University of Illinois at Chicago; Armour College of Engineering,,False,0,university,True,False,False,False,False
d97d2f5454d9,4,papavasiliou|g,scopus,Armour College of Engineering,,False,0,university,True,False,False,False,False
d97d2f5454d9,5,banner|d,scopus,Richard and Loan Hill Department of Biomedical Engineering,,False,0,other,False,False,False,False,False
d97d2f5454d9,6,kwasnicki|a,scopus,University of Illinois at Chicago,,False,0,university,True,False,False,False,False
d97d2f5454d9,7,lakka|s,scopus,University of Illinois College of Medicine,,False,0,university,True,False,False,False,False
d97d2f5454d9,8,hwang|s,scopus,"IMRA America, Inc.",IMRA America,True,1,company,False,True,False,False,True
d97d2f5454d9,9,shokuhfar|t,scopus,Richard and Loan Hill Department of Biomedical Engineering,,False,0,other,False,False,False,False,False
d97d2f5454d9,10,morris|s,scopus,"PULSE THERAPEUTICS, INC.",,False,0,company,False,True,False,False,False
d97d2f5454d9,11,liu|b,scopus,"IMRA America, Inc.",IMRA America,True,1,company,False,True,False,False,True
db1c5b1d0988,1,tetsumoto|t,scopus,IMRA America Inc.,IMRA America,True,1,company,False,True,False,False,True
db1c5b1d0988,2,jiang|j,scopus,"IMRA America, Inc.",IMRA America,True,1,company,False,True,False,False,True
db1c5b1d0988,3,fermann|m,scopus,"IMRA America, Inc.",IMRA America,True,1,company,False,True,False,False,True
db1c5b1d0988,4,navickaite|g,scopus,LIGENTEC,,False,0,other,False,False,False,False,False
db1c5b1d0988,5,geiselmann|m,scopus,LIGENTEC,,False,0,other,False,False,False,False,False
db1c5b1d0988,6,rolland|a,scopus,IMRA America Inc.,IMRA America,True,1,company,False,True,False,False,True
dcac46a11287,1,ruehl|a,openalex,"IMRA America, inc., Ann Arbor, MI, USA; IMRA America, Inc., Ann Arbor, MI, USA",IMRA America,True,1,company,False,True,False,False,True
dcac46a11287,2,hartl|i,openalex,"IMRA America, inc., Ann Arbor, MI, USA; IMRA America, Inc., Ann Arbor, MI, USA",IMRA America,True,1,company,False,True,False,False,True
dcac46a11287,3,fermann|m,openalex,"IMRA America, inc., Ann Arbor, MI, USA; IMRA America, Inc., Ann Arbor, MI, USA",IMRA America,True,1,company,False,True,False,False,True
dd91b1b3b0b8,1,hofer|m,openalex,"IMRA America, Inc., Ann Arbor, MI, USA",IMRA America,True,1,company,False,True,False,False,True
dd91b1b3b0b8,2,fermann|m,openalex,"IMRA America, Inc., Ann Arbor, MI, USA",IMRA America,True,1,company,False,True,False,False,True
dd91b1b3b0b8,3,galvanauskas|a,openalex,"IMRA America, Inc., Ann Arbor, MI, USA",IMRA America,True,1,company,False,True,False,False,True
dd91b1b3b0b8,4,windeler|r,openalex,"Lucent Technologies, Inc., Murray Hill, NJ, USA",,False,0,company,False,True,False,False,False
e15a7ad239ac,1,hariharan|a,openalex,"IMRA America, Inc., 1044 Woodridge Avenue, Ann Arbor, Michigan 48105",IMRA America,True,1,company,False,True,False,False,True
e15a7ad239ac,2,squier|j,scopus,Electrical and Computer Engineering Department,,False,0,other,False,False,False,False,False
e15a7ad239ac,3,fermann|m,openalex,"IMRA America, Inc., 1044 Woodridge Avenue, Ann Arbor, Michigan 48105",IMRA America,True,1,company,False,True,False,False,True
e15a7ad239ac,4,stock|m,openalex,"IMRA America, Inc., 1044 Woodridge Avenue, Ann Arbor, Michigan 48105",IMRA America,True,1,company,False,True,False,False,True
e15a7ad239ac,5,harter|d,openalex,"IMRA America, Inc., 1044 Woodridge Avenue, Ann Arbor, Michigan 48105",IMRA America,True,1,company,False,True,False,False,True
e22edc08944b,1,pan|x,openalex,"State Key Laboratory of Silicon Materials, Zhejiang University, Hangzhou 310027, PR China; State Key Laboratory of Silicon Materials, Zhejiang University, Hangzhou, 310027 PR China",,False,0,university,True,False,False,False,False
e22edc08944b,2,ye|z,openalex,"State Key Laboratory of Silicon Materials, Zhejiang University, Hangzhou 310027, PR China; State Key Laboratory of Silicon Materials, Zhejiang University, Hangzhou, 310027 PR China",,False,0,university,True,False,False,False,False
e22edc08944b,3,li|j,openalex,"State Key Laboratory of Silicon Materials, Zhejiang University, Hangzhou 310027, PR China; State Key Laboratory of Silicon Materials, Zhejiang University, Hangzhou, 310027 PR China",,False,0,university,True,False,False,False,False
e22edc08944b,4,gu|x,openalex,"State Key Laboratory of Silicon Materials, Zhejiang University, Hangzhou 310027, PR China; State Key Laboratory of Silicon Materials, Zhejiang University, Hangzhou, 310027 PR China",,False,0,university,True,False,False,False,False
e22edc08944b,5,zeng|y,openalex,"State Key Laboratory of Silicon Materials, Zhejiang University, Hangzhou 310027, PR China; State Key Laboratory of Silicon Materials, Zhejiang University, Hangzhou, 310027 PR China",,False,0,university,True,False,False,False,False
e22edc08944b,6,he|h,openalex,"State Key Laboratory of Silicon Materials, Zhejiang University, Hangzhou 310027, PR China; State Key Laboratory of Silicon Materials, Zhejiang University, Hangzhou, 310027 PR China",,False,0,university,True,False,False,False,False
e22edc08944b,7,zhu|l,openalex,"State Key Laboratory of Silicon Materials, Zhejiang University, Hangzhou 310027, PR China; State Key Laboratory of Silicon Materials, Zhejiang University, Hangzhou, 310027 PR China",,False,0,university,True,False,False,False,False
e22edc08944b,8,che|y,openalex,"IMRA America, Inc., 1044 Woodridge Avenue, Ann Arbor, Michigan 48105, USA",IMRA America,True,1,company,False,True,False,False,True
e2c046a681a8,1,sucha|g,scopus,"IMRA America, Inc.; University of Nebraska–Lincoln; University of Rochester Institute of Optics; Nokia Bell Labs; Lawrence Berkeley National Laboratory; IMRA; Optical Society of America",IMRA America,True,1,company|university|other|government,True,True,True,False,True
e2c046a681a8,2,fermann|m,scopus,"IMRA America, Inc.; IMRA; Optical Society of America; University of Southampton; TU Wien; Telcordia Technologies, Inc.",IMRA America,True,1,company|other|university,True,True,False,False,True
e2c046a681a8,3,harter|d,scopus,"IMRA America, Inc.",IMRA America,True,1,company,False,True,False,False,True
e2c046a681a8,4,hofer|m,scopus,TU Wien,,False,0,other,False,False,False,False,False
e431cbee321b,1,hofer|m,openalex,"IMRA America, Inc., Ann Arbor, MI, USA",IMRA America,True,1,company,False,True,False,False,True
e431cbee321b,2,fermann|m,openalex,"IMRA America, Inc., Ann Arbor, MI, USA",IMRA America,True,1,company,False,True,False,False,True
e431cbee321b,3,goldberg|l,openalex,"Naval Research Laboratory, Inc., Washington D.C., DC, USA",,False,0,company,False,True,False,False,False
e4974ff91c47,1,rutkowski|l,openalex,"Department of Physics, Umeå University, 901 87 Umeå, Sweden",,False,0,university,True,False,False,False,False
e4974ff91c47,2,johansson|a,openalex,"Department of Physics, Umeå University, 901 87 Umeå, Sweden",,False,0,university,True,False,False,False,False
e4974ff91c47,3,khodabakhsh|a,openalex,"Department of Physics, Umeå University, 901 87 Umeå, Sweden",,False,0,university,True,False,False,False,False
e4974ff91c47,4,maslowski|p,openalex,"Institute of Physics, Faculty of Physics, Astronomy and Informatics, Nicolaus Copernicus University, Torun, Poland",,False,0,university,True,False,False,False,False
e4974ff91c47,5,kowzan|g,openalex,"Institute of Physics, Faculty of Physics, Astronomy and Informatics, Nicolaus Copernicus University, Torun, Poland",,False,0,university,True,False,False,False,False
e4974ff91c47,6,lee|k,openalex,"IMRA America, Inc., 1044 Woodridge Ave., Ann Arbor, MI 48105, US",IMRA America,True,1,company,False,True,False,False,True
e4974ff91c47,7,mills|a,openalex,"IMRA America, Inc., 1044 Woodridge Ave., Ann Arbor, MI 48105, US",IMRA America,True,1,company,False,True,False,False,True
e4974ff91c47,8,mohr|c,openalex,"IMRA America, Inc., 1044 Woodridge Ave., Ann Arbor, MI 48105, US",IMRA America,True,1,company,False,True,False,False,True
e4974ff91c47,9,jiang|j,openalex,"IMRA America, Inc., 1044 Woodridge Ave., Ann Arbor, MI 48105, US",IMRA America,True,1,company,False,True,False,False,True
e4974ff91c47,10,fermann|m,openalex,"IMRA America, Inc., 1044 Woodridge Ave., Ann Arbor, MI 48105, US",IMRA America,True,1,company,False,True,False,False,True
e4974ff91c47,11,foltynowicz|a,openalex,"Department of Physics, Umeå University, 901 87 Umeå, Sweden",,False,0,university,True,False,False,False,False
e49d832d6174,1,qian|w,openalex,"IMRA America, Inc., 1044 Woodridge Avenue, Ann Arbor, Michigan 48105, United States",IMRA America,True,1,company,False,True,False,False,True
e49d832d6174,2,murakami|m,openalex,"IMRA America, Inc., 1044 Woodridge Avenue, Ann Arbor, Michigan 48105, United States",IMRA America,True,1,company,False,True,False,False,True
e49d832d6174,3,ichikawa|y,openalex,"IMRA America, Inc., 1044 Woodridge Avenue, Ann Arbor, Michigan 48105, United States",IMRA America,True,1,company,False,True,False,False,True
e49d832d6174,4,che|y,openalex,"IMRA America, Inc., 1044 Woodridge Avenue, Ann Arbor, Michigan 48105, United States",IMRA America,True,1,company,False,True,False,False,True
e4e4da87cad2,1,hofer|m,openalex,"IMRA America, Inc., Ann Arbor, MI, USA; IMRA America Inc., Ann Arbor, MI, USA",IMRA America,True,1,company,False,True,False,False,True
e4e4da87cad2,2,fermann|m,openalex,"IMRA America, Inc., Ann Arbor, MI, USA; [IMRA America, Inc., Ann Arbor, MI, USA]",IMRA America,True,1,company,False,True,False,False,True
e4e4da87cad2,3,galvanauskas|a,openalex,"IMRA America, Inc., Ann Arbor, MI, USA; [IMRA America, Inc., Ann Arbor, MI, USA]",IMRA America,True,1,company,False,True,False,False,True
e4e4da87cad2,4,harter|d,openalex,"IMRA America, Inc., Ann Arbor, MI, USA; [IMRA America, Inc., Ann Arbor, MI, USA]",IMRA America,True,1,company,False,True,False,False,True
e4e4da87cad2,5,windeler|r,openalex,"Lucent Technologies, Inc., Murray Hill, NJ, USA; [Lucent Technologies, Inc., Murray Hill, NJ, USA]",,False,0,company,False,True,False,False,False
e520c37a5e2c,1,zhang|h,scopus,Utsunomiya University,,False,0,university,True,False,False,False,False
e520c37a5e2c,2,hasegawa|s,scopus,Utsunomiya University,,False,0,university,True,False,False,False,False
e520c37a5e2c,3,takahashi|h,scopus,"IMRA America, Inc.",IMRA America,True,1,company,False,True,False,False,True
e520c37a5e2c,4,toyoda|h,scopus,Hamamatsu Photonics K.K.,,False,0,other,False,False,False,False,False
e520c37a5e2c,5,hayasaki|y,scopus,Utsunomiya University,,False,0,university,True,False,False,False,False
e6a1bbdf3be5,1,shah|l,openalex,"IMRA America, Inc., Ann Arbor, MI, USA; IMRA America, Inc., Ann Arbor, MI",IMRA America,True,1,company,False,True,False,False,True
e6a1bbdf3be5,2,liu|z,openalex,"IMRA America, Inc., Ann Arbor, MI, USA; IMRA America, Inc., Ann Arbor, MI",IMRA America,True,1,company,False,True,False,False,True
e6a1bbdf3be5,3,hartl|i,openalex,"IMRA America, Inc., Ann Arbor, MI, USA; IMRA America, Inc., Ann Arbor, MI",IMRA America,True,1,company,False,True,False,False,True
e6a1bbdf3be5,4,cho|g,openalex,"IMRA America, Inc., Ann Arbor, MI, USA; IMRA America, Inc., Ann Arbor, MI",IMRA America,True,1,company,False,True,False,False,True
e6a1bbdf3be5,5,fermann|m,openalex,"IMRA America, Inc., Ann Arbor, MI, USA; IMRA America, Inc., Ann Arbor, MI",IMRA America,True,1,company,False,True,False,False,True
e6c714afd89b,1,nguyen|v,scopus,University of Michigan Medical School,,False,0,university,True,False,False,False,False
e6c714afd89b,2,henry|j,scopus,University of Michigan Medical School,,False,0,university,True,False,False,False,False
e6c714afd89b,3,zhe|j,scopus,University of Michigan Medical School,,False,0,university,True,False,False,False,False
e6c714afd89b,4,kieu|q,scopus,University of Michigan Medical School,,False,0,university,True,False,False,False,False
e6c714afd89b,5,qian|w,scopus,"IMRA America, Inc.",IMRA America,True,1,company,False,True,False,False,True
e6c714afd89b,6,fu|y,scopus,Baylor College of Medicine,,False,0,university,True,False,False,False,False
e6c714afd89b,7,wang|x,scopus,"University of Michigan, Ann Arbor",,False,0,university,True,False,False,False,False
e6c714afd89b,8,paulus|y,scopus,"University of Michigan Medical School; University of Michigan, Ann Arbor",,False,0,university,True,False,False,False,False
e7105e8bf2cc,1,imeshev|g,openalex,"E. L. Ginzton Laboratory, Stanford University, Stanford, California 94305 USA; E. L. Ginzton Laboratory, Stanford University, Stanford, California 94305, USA",,False,0,university,True,False,False,False,False
e7105e8bf2cc,2,fejer|m,openalex,"E. L. Ginzton Laboratory, Stanford University, Stanford, California 94305 USA; E. L. Ginzton Laboratory, Stanford University, Stanford, California 94305, USA",,False,0,university,True,False,False,False,False
e7105e8bf2cc,3,galvanauskas|a,openalex,"IMRA America, 1044 Woodridge Avenue, Ann Arbor, Michigan 48105 USA",IMRA America,True,1,company,False,True,False,False,True
e7105e8bf2cc,4,harter|d,openalex,"IMRA America, 1044 Woodridge Avenue, Ann Arbor, Michigan 48105 USA",IMRA America,True,1,company,False,True,False,False,True
e7fd6649d6c4,1,fermann|m,openalex,"IMRA America, Inc., 1044 Woodridge Avenue, Ann Arbor, Michigan 48105",IMRA America,True,1,company,False,True,False,False,True
e7fd6649d6c4,2,sugden|k,openalex,"IMRA America, Inc., 1044 Woodridge Avenue, Ann Arbor, Michigan 48105",IMRA America,True,1,company,False,True,False,False,True
e7fd6649d6c4,3,bennion|i,openalex,"IMRA America, Inc., 1044 Woodridge Avenue, Ann Arbor, Michigan 48105",IMRA America,True,1,company,False,True,False,False,True
e8071b7e5a27,1,dong|l,openalex,"IMRA America, Inc. (United States)",IMRA America,True,1,company,False,True,False,False,True
e8071b7e5a27,2,li|j,openalex,"IMRA America, Inc. (United States)",IMRA America,True,1,company,False,True,False,False,True
e8071b7e5a27,3,mckay|h,openalex,"IMRA America, Inc. (United States)",IMRA America,True,1,company,False,True,False,False,True
e8071b7e5a27,4,fu|l,openalex,"IMRA America, Inc. (United States)",IMRA America,True,1,company,False,True,False,False,True
e8071b7e5a27,5,thomas|b,openalex,"IMRA America, Inc. (United States)",IMRA America,True,1,company,False,True,False,False,True
e95550409373,1,mckay|h,scopus,"IMRA America, Inc.",IMRA America,True,1,company,False,True,False,False,True
e95550409373,2,fu|l,scopus,"IMRA America, Inc.",IMRA America,True,1,company,False,True,False,False,True
e95550409373,3,dong|l,scopus,"IMRA America, Inc.",IMRA America,True,1,company,False,True,False,False,True
ea44d855708f,1,pal|p,scopus,University of Rochester Institute of Optics,,False,0,university,True,False,False,False,False
ea44d855708f,2,knox|w,scopus,University of Rochester Institute of Optics,,False,0,university,True,False,False,False,False
ea44d855708f,3,hartl|i,scopus,"IMRA America, Inc.",IMRA America,True,1,company,False,True,False,False,True
ea44d855708f,4,fermann|m,scopus,"IMRA America, Inc.",IMRA America,True,1,company,False,True,False,False,True
eb6b3ca63f6c,1,adler|f,openalex,"Department of Physics, JILA, National Institute of Standards and Technology,University of Colorado, Boulder, Colorado 80309-0440, USA. fadler@jila.colorado.edu; Department of Physics, JILA, National Institute of Standards and Technology,University of Colorado, Boulder, Colorado 80309-0440, USA",,False,0,university,True,False,False,False,False
eb6b3ca63f6c,2,mas owski|p,openalex,"JILA, National Institute of Standards and Technology and University of Colorado and Department of Physics, University of Colorado, Boulder, Colorado 80309-0440, USA",,False,0,university,True,False,False,False,False
eb6b3ca63f6c,3,foltynowicz|a,openalex,"JILA, National Institute of Standards and Technology and University of Colorado and Department of Physics, University of Colorado, Boulder, Colorado 80309-0440, USA",,False,0,university,True,False,False,False,False
eb6b3ca63f6c,4,cossel|k,openalex,"JILA, National Institute of Standards and Technology and University of Colorado and Department of Physics, University of Colorado, Boulder, Colorado 80309-0440, USA",,False,0,university,True,False,False,False,False
eb6b3ca63f6c,5,briles|t,openalex,"JILA, National Institute of Standards and Technology and University of Colorado and Department of Physics, University of Colorado, Boulder, Colorado 80309-0440, USA",,False,0,university,True,False,False,False,False
eb6b3ca63f6c,6,hartl|i,openalex,"IMRA America Inc., 1044 Woodridge Avenue, Ann Arbor, Michigan 48105, USA",IMRA America,True,1,company,False,True,False,False,True
eb6b3ca63f6c,7,ye|j,openalex,"JILA, National Institute of Standards and Technology and University of Colorado and Department of Physics, University of Colorado, Boulder, Colorado 80309-0440, USA",,False,0,university,True,False,False,False,False
ebb2cae0ca8c,1,galvanauskas|a,openalex,"IMRA America, Inc., 1044 Woodridge Avenue, Ann Arbor, Michigan 48105-9774",IMRA America,True,1,company,False,True,False,False,True
ebb2cae0ca8c,2,cho|g,openalex,"IMRA America, Inc., 1044 Woodridge Avenue, Ann Arbor, Michigan 48105-9774",IMRA America,True,1,company,False,True,False,False,True
ebb2cae0ca8c,3,hariharan|a,openalex,"IMRA America, Inc., 1044 Woodridge Avenue, Ann Arbor, Michigan 48105-9774",IMRA America,True,1,company,False,True,False,False,True
ebb2cae0ca8c,4,fermann|m,openalex,"IMRA America, Inc., 1044 Woodridge Avenue, Ann Arbor, Michigan 48105-9774",IMRA America,True,1,company,False,True,False,False,True
ebb2cae0ca8c,5,harter|d,openalex,"IMRA America, Inc., 1044 Woodridge Avenue, Ann Arbor, Michigan 48105-9774",IMRA America,True,1,company,False,True,False,False,True
ef6f0811e516,1,fermann|m,scopus,"IMRA America, Inc.",IMRA America,True,1,company,False,True,False,False,True
f00a52fcfc6d,1,suche|h,openalex,"Angewandte Physik, Universität-GH Paderborn, Warburger Straße 100, Paderborn, D-33098, Germany",,False,0,university,True,False,False,False,False
f00a52fcfc6d,2,oesselke|t,openalex,"Angewandte Physik, Universität-GH Paderborn, Warburger Straße 100, Paderborn, D-33098, Germany",,False,0,university,True,False,False,False,False
f00a52fcfc6d,3,pandavenes|j,openalex,"Angewandte Physik, Universität-GH Paderborn, Warburger Straße 100, Paderborn, D-33098, Germany",,False,0,university,True,False,False,False,False
f00a52fcfc6d,4,ricken|r,openalex,"Angewandte Physik, Universität-GH Paderborn, Warburger Straße 100, Paderborn, D-33098, Germany",,False,0,university,True,False,False,False,False
f00a52fcfc6d,5,rochhausen|k,openalex,"Angewandte Physik, Universität-GH Paderborn, Warburger Straße 100, Paderborn, D-33098, Germany",,False,0,university,True,False,False,False,False
f00a52fcfc6d,6,sohler|w,openalex,"Angewandte Physik, Universität-GH Paderborn, Warburger Straße 100, Paderborn, D-33098, Germany",,False,0,university,True,False,False,False,False
f00a52fcfc6d,7,balsamo|s,openalex,"Dipartimento di Elettronica, Politecnico di Torino, Corso Duca degli Abruzzi 24, Torino, I-10129, Italy",,False,0,university,True,False,False,False,False
f00a52fcfc6d,8,montrosset|i,openalex,"Dipartimento di Elettronica, Politecnico di Torino, Corso Duca degli Abruzzi 24, Torino, I-10129, Italy",,False,0,university,True,False,False,False,False
f00a52fcfc6d,9,wong|k,openalex,"IMRA America, Inc., 1044 Woodridge Ave., Ann Arbor, MI 48105-9774, USA",IMRA America,True,1,company,False,True,False,False,True
f00b5ce52224,1,ober|m,openalex,"Abteilung Quantenelektronik und Lasertechnik, Technische Universität Wein, Gusshausstrasse 27/359-4, A-1040 Vienna, Austria",,False,0,university,True,False,False,False,False
f00b5ce52224,2,sucha|g,openalex,"IMRA America, Inc., 1044 Woodridge Avenue, Ann Arbor, Michigan 48105",IMRA America,True,1,company,False,True,False,False,True
f00b5ce52224,3,mendonca|c,openalex,"T&T Bell Laboratories, Crawfords Corner Road, Holmdel, New Jersey 07701",,False,0,other,False,False,False,False,False
f00b5ce52224,4,chiu|t,openalex,"T&T Bell Laboratories, Crawfords Corner Road, Holmdel, New Jersey 07701",,False,0,other,False,False,False,False,False
f00b5ce52224,5,fermann|m,openalex,"IMRA America, Inc., 1044 Woodridge Avenue, Ann Arbor, Michigan 48105",IMRA America,True,1,company,False,True,False,False,True
f00b5ce52224,6,hofer|m,openalex,"Abteilung Quantenelektronik und Lasertechnik, Technische Universität Wein, Gusshausstrasse 27/359-4, A-1040 Vienna, Austria",,False,0,university,True,False,False,False,False
f00b5ce52224,7,hofer|r,openalex,"Abteilung Quantenelektronik und Lasertechnik, Technische Universität Wein, Gusshausstrasse 27/359-4, A-1040 Vienna, Austria",,False,0,university,True,False,False,False,False
f00b5ce52224,8,harter|d,openalex,"IMRA America, Inc., 1044 Woodridge Avenue, Ann Arbor, Michigan 48105",IMRA America,True,1,company,False,True,False,False,True
f00b5ce52224,9,reider|g,openalex,"Abteilung Quantenelektronik und Lasertechnik, Technische Universität Wein, Gusshausstrasse 27/359-4, A-1040 Vienna, Austria",,False,0,university,True,False,False,False,False
f07d611839ce,1,ruehl|a,openalex,"IMRA America Inc., 1044 Woodridge Avenue, Ann Arbor, Michigan 48105, USA",IMRA America,True,1,company,False,True,False,False,True
f07d611839ce,2,martin|m,openalex,"JILA, National Institute of Standards and Technology and University of Colorado, Department of Physics, 440 UCB, Boulder, Colorado 80309, USA",,False,0,university,True,False,False,False,False
f07d611839ce,3,cossel|k,openalex,"JILA, National Institute of Standards and Technology and University of Colorado, Department of Physics, 440 UCB, Boulder, Colorado 80309, USA",,False,0,university,True,False,False,False,False
f07d611839ce,4,chen|l,openalex,"JILA, National Institute of Standards and Technology and University of Colorado, Department of Physics, 440 UCB, Boulder, Colorado 80309, USA",,False,0,university,True,False,False,False,False
f07d611839ce,5,mckay|h,openalex,"IMRA America Inc., 1044 Woodridge Avenue, Ann Arbor, Michigan 48105, USA",IMRA America,True,1,company,False,True,False,False,True
f07d611839ce,6,thomas|b,openalex,"IMRA America Inc., 1044 Woodridge Avenue, Ann Arbor, Michigan 48105, USA",IMRA America,True,1,company,False,True,False,False,True
f07d611839ce,7,benko|c,openalex,"JILA, National Institute of Standards and Technology and University of Colorado, Department of Physics, 440 UCB, Boulder, Colorado 80309, USA",,False,0,university,True,False,False,False,False
f07d611839ce,8,dong|l,openalex,"IMRA America Inc., 1044 Woodridge Avenue, Ann Arbor, Michigan 48105, USA",IMRA America,True,1,company,False,True,False,False,True
f07d611839ce,9,dudley|j,openalex,"Institute FEMTO-ST, CNRS-University of Franche-Comté UMR 6174, Besançon, France",,False,0,university,True,False,False,False,False
f07d611839ce,10,fermann|m,openalex,"IMRA America Inc., 1044 Woodridge Avenue, Ann Arbor, Michigan 48105, USA",IMRA America,True,1,company,False,True,False,False,True
f07d611839ce,11,hartl|i,openalex,"IMRA America Inc., 1044 Woodridge Avenue, Ann Arbor, Michigan 48105, USA",IMRA America,True,1,company,False,True,False,False,True
f07d611839ce,12,ye|j,openalex,"JILA, National Institute of Standards and Technology and University of Colorado, Department of Physics, 440 UCB, Boulder, Colorado 80309, USA",,False,0,university,True,False,False,False,False
f0a5307b776a,1,potter|n,openalex,"University of Michigan, Department of Chemistry, 930 N University Ave, Ann Arbor, Michigan 48109, United States",,False,0,university,True,False,False,False,False
f0a5307b776a,2,mclean|a,openalex,"University of Michigan, Department of Chemistry, 930 N University Ave, Ann Arbor, Michigan 48109, United States",,False,0,university,True,False,False,False,False
f0a5307b776a,3,bornowski|e,openalex,"University of Michigan, Department of Chemistry, 930 N University Ave, Ann Arbor, Michigan 48109, United States",,False,0,university,True,False,False,False,False
f0a5307b776a,4,hopkins|t,openalex,"University of Michigan, Department of Chemistry, 930 N University Ave, Ann Arbor, Michigan 48109, United States",,False,0,university,True,False,False,False,False
f0a5307b776a,5,luo|j,openalex,"University of Michigan, Department of Chemistry, 930 N University Ave, Ann Arbor, Michigan 48109, United States",,False,0,university,True,False,False,False,False
f0a5307b776a,6,wolfe|j,openalex,"University of Michigan, Department of Chemistry, 930 N University Ave, Ann Arbor, Michigan 48109, United States",,False,0,university,True,False,False,False,False
f0a5307b776a,7,qian|w,openalex,"IMRA America, Inc., 1044 Woodridge Avenue, Ann Arbor, Michigan 48105, United States",IMRA America,True,1,company,False,True,False,False,True
f0a5307b776a,8,kopelman|r,openalex,"University of Michigan, Department of Chemistry, 930 N University Ave, Ann Arbor, Michigan 48109, United States",,False,0,university,True,False,False,False,False
f0d40601da9a,1,galvanauskas|a,openalex,"IMRA America, Inc., 1044 Woodridge Avenue, Ann Arbor, Michigan 48105-9774",IMRA America,True,1,company,False,True,False,False,True
f0d40601da9a,2,harter|d,openalex,"IMRA America, Inc., 1044 Woodridge Avenue, Ann Arbor, Michigan 48105-9774",IMRA America,True,1,company,False,True,False,False,True
f0d40601da9a,3,arbore|m,openalex,"E. L. Ginzton Laboratory, Stanford University, Stanford, California 94305-4085",,False,0,university,True,False,False,False,False
f0d40601da9a,4,chou|m,openalex,"E. L. Ginzton Laboratory, Stanford University, Stanford, California 94305-4085",,False,0,university,True,False,False,False,False
f0d40601da9a,5,fejer|m,openalex,"E. L. Ginzton Laboratory, Stanford University, Stanford, California 94305-4085",,False,0,university,True,False,False,False,False
f14970c8cc66,1,qian|w,scopus,"IMRA America, Inc.",IMRA America,True,1,company,False,True,False,False,True
f14970c8cc66,2,murakami|m,scopus,"IMRA America, Inc.",IMRA America,True,1,company,False,True,False,False,True
f14970c8cc66,3,ichikawa|y,scopus,"IMRA America, Inc.",IMRA America,True,1,company,False,True,False,False,True
f14970c8cc66,4,che|y,scopus,"IMRA America, Inc.",IMRA America,True,1,company,False,True,False,False,True
f2294435c12b,1,hartl|i,openalex,"IMRA America Inc., Ann Arbor, MI, USA",IMRA America,True,1,company,False,True,False,False,True
f2294435c12b,2,imeshev|g,openalex,"IMRA America Inc., Ann Arbor, MI, USA",IMRA America,True,1,company,False,True,False,False,True
f2294435c12b,3,dong|l,openalex,"IMRA America Inc., Ann Arbor, MI, USA",IMRA America,True,1,company,False,True,False,False,True
f2294435c12b,4,cho|g,openalex,"IMRA America Inc., Ann Arbor, MI, USA",IMRA America,True,1,company,False,True,False,False,True
f2294435c12b,5,fermann|m,openalex,"IMRA America Inc., Ann Arbor, MI, USA",IMRA America,True,1,company,False,True,False,False,True
f26aef31c493,1,patel|r,scopus,"IMRA America, Inc.",IMRA America,True,1,company,False,True,False,False,True
f26aef31c493,2,stock|m,scopus,"IMRA America, Inc.",IMRA America,True,1,company,False,True,False,False,True
f26aef31c493,3,sartania|z,scopus,"IMRA America, Inc.",IMRA America,True,1,company,False,True,False,False,True
f26aef31c493,4,bovatsek|j,scopus,"IMRA America, Inc.",IMRA America,True,1,company,False,True,False,False,True
f26aef31c493,5,arai|a,scopus,"IMRA America, Inc.",IMRA America,True,1,company,False,True,False,False,True
f26aef31c493,6,endert|h,scopus,"IMRA America, Inc.",IMRA America,True,1,company,False,True,False,False,True
f4965e1283d7,1,tetsumoto|t,scopus,"IMRA America, Inc.",IMRA America,True,1,company,False,True,False,False,True
f4965e1283d7,2,nagatsuma|t,scopus,The University of Osaka,,False,0,university,True,False,False,False,False
f4965e1283d7,3,fermann|m,scopus,"IMRA America, Inc.",IMRA America,True,1,company,False,True,False,False,True
f4965e1283d7,4,navickaite|g,scopus,LIGENTEC,,False,0,other,False,False,False,False,False
f4965e1283d7,5,geiselmann|m,scopus,LIGENTEC,,False,0,other,False,False,False,False,False
f4965e1283d7,6,rolland|a,scopus,"IMRA America, Inc.",IMRA America,True,1,company,False,True,False,False,True
f4cf8a1751a1,1,kuse|n,openalex,"IMRA America, Inc., Boulder Research Labs 1 , 1551 South Sunset St., Suite C, Longmont, Colorado 80501, USA; IMRA America Inc., Boulder Research Labs, 1551 South Sunset Str., Longmont, CO, 80501, USA; Currently at Institute of Post-LED Photonics, Tokushima University, 2-1, Minami-Josanjima, Tokushima, Tokushima 770-8506, Japan",IMRA America,True,1,company|university,True,True,False,False,True
f4cf8a1751a1,2,fermann|m,openalex,"IMRA America, Inc. 2 , 1044 Woodridge Ave., Ann Arbor, Michigan 48105, USA; IMRA America Inc., 1044 Woodridge Ave, Ann Arbor, MI, 48105, USA",IMRA America,True,1,company,False,True,False,False,True
f4fa752d3ebd,1,greenberg|j,scopus,"IMRA America, Inc.",IMRA America,True,1,company,False,True,False,False,True
f4fa752d3ebd,2,heffernan|b,scopus,"IMRA America, Inc.",IMRA America,True,1,company,False,True,False,False,True
f4fa752d3ebd,3,mcgrew|w,scopus,"IMRA America, Inc.",IMRA America,True,1,company,False,True,False,False,True
f4fa752d3ebd,4,rolland|a,scopus,"IMRA America, Inc.",IMRA America,True,1,company,False,True,False,False,True
f6047d930dcc,1,hariharan|a,openalex,"IMRA America Inc., 1044 Woodridge Ave., Ann Arbor, MI 48105, USA",IMRA America,True,1,company,False,True,False,False,True
f6047d930dcc,2,harter|d,openalex,"IMRA America Inc., 1044 Woodridge Ave., Ann Arbor, MI 48105, USA",IMRA America,True,1,company,False,True,False,False,True
f6047d930dcc,3,sosnowski|t,scopus,Michigan Engineering,,False,0,other,False,False,False,False,False
f6047d930dcc,4,kane|s,scopus,Michigan Engineering,,False,0,other,False,False,False,False,False
f6047d930dcc,5,du|d,scopus,Michigan Engineering,,False,0,other,False,False,False,False,False
f6047d930dcc,6,norris|t,openalex,"Center for Ultrafast Optical Sciences, University of Michigan, Ann Arbor, MI 48108, USA",,False,0,university,True,False,False,False,False
f6047d930dcc,7,squier|j,scopus,Electrical and Computer Engineering Department,,False,0,other,False,False,False,False,False
f6c6622bb8af,1,sucha|g,openalex,"Department of Physics, University of California, Berkeley, Berkeley, California 94720, and Lawrence Berkeley Laboratory, Materials Science Division, 1 Cyclotron Road, Berkeley, California 94720",,False,0,university,True,False,False,False,False
f6c6622bb8af,2,bolton|s,openalex,"Department of Physics, University of California, Berkeley, Berkeley, California 94720, and Lawrence Berkeley Laboratory, Materials Science Division, 1 Cyclotron Road, Berkeley, California 94720",,False,0,university,True,False,False,False,False
f6c6622bb8af,3,weiss|s,openalex,"Department of Physics, University of California, Berkeley, Berkeley, California 94720, and Lawrence Berkeley Laboratory, Materials Science Division, 1 Cyclotron Road, Berkeley, California 94720",,False,0,university,True,False,False,False,False
f6c6622bb8af,4,chemla|d,openalex,"Department of Physics, University of California, Berkeley, Berkeley, California 94720, and Lawrence Berkeley Laboratory, Materials Science Division, 1 Cyclotron Road, Berkeley, California 94720",,False,0,university,True,False,False,False,False
f753652b65dc,1,bolton|s,openalex,"Physics Department, Williams College, Williamstown, Massachusetts 01267 USA",,False,0,university,True,False,False,False,False
f753652b65dc,2,jenks|r,openalex,"Physics Department, Williams College, Williamstown, Massachusetts 01267 USA",,False,0,university,True,False,False,False,False
f753652b65dc,3,elkinton|c,openalex,"Physics Department, Williams College, Williamstown, Massachusetts 01267 USA",,False,0,university,True,False,False,False,False
f753652b65dc,4,sucha|g,openalex,"IMRA America, 1044 Woodbridge Avenue, Ann Arbor, Michigan 48105 USA",IMRA America,True,1,company,False,True,False,False,True
f7c5908cd75e,1,sucha|g,openalex,"IMRA, America, 1044 Woodridge Avenue, Ann Arbor, Michigan 48105 USA",IMRA America,True,1,company,False,True,False,False,True
f7c5908cd75e,2,chemla|d,openalex,"Department of Physics, University of California at Berkeley USA; Department of Physics, University of California at Berkeley, USA",,False,0,university,True,False,False,False,False
f7c5908cd75e,3,bolton|s,openalex,"Department of Physics, Williams College, Williamstown, Massachusetts 01267 USA; Department of Physics , Williams College , Williamstown, Massachusetts, 01267, USA",,False,0,university,True,False,False,False,False
f8ff4cd3ae9a,1,sucha|g,openalex,"Department of Physics, University of California at Berkeley; Materials Science Division, Lawrence Berkeley Laboratory, Berkeley, California 84720",,False,0,university|other,True,False,False,False,False
f8ff4cd3ae9a,2,bolton|s,openalex,"Department of Physics, University of California at Berkeley; Materials Science Division, Lawrence Berkeley Laboratory, Berkeley, California 84720",,False,0,university|other,True,False,False,False,False
f8ff4cd3ae9a,3,chemla|d,openalex,"Department of Physics, University of California at Berkeley; Materials Science Division, Lawrence Berkeley Laboratory, Berkeley, California 84720",,False,0,university|other,True,False,False,False,False
f8ff4cd3ae9a,4,sivco|d,openalex,"AT&T Bell Laboratories, Murray Hill, New Jersey 07974",,False,0,other,False,False,False,False,False
f8ff4cd3ae9a,5,cho|a,openalex,"AT&T Bell Laboratories, Murray Hill, New Jersey 07974",,False,0,other,False,False,False,False,False
f97079941223,1,allenic|a,openalex,"Department of Materials Science and Engineering, University of Michigan, Ann Arbor, Michigan, 48109, USA; Department of Materials Science and Engineering; University of Michigan; Ann Arbor USA",,False,0,university|other,True,False,False,False,False
f97079941223,2,guo|w,openalex,"Department of Materials Science and Engineering, University of Michigan, Ann Arbor, Michigan, 48109, USA; Department of Materials Science and Engineering; University of Michigan; Ann Arbor USA",,False,0,university|other,True,False,False,False,False
f97079941223,3,chen|y,openalex,"Department of Materials Science and Engineering, University of Michigan, Ann Arbor, Michigan, 48109, USA; Department of Materials Science and Engineering; University of Michigan; Ann Arbor USA",,False,0,university|other,True,False,False,False,False
f97079941223,4,zhao|g,openalex,"Department of Materials Science and Engineering, University of Michigan, Ann Arbor, Michigan, 48109, USA; Department of Materials Science and Engineering; University of Michigan; Ann Arbor USA",,False,0,university|other,True,False,False,False,False
f97079941223,5,pan|x,openalex,"Department of Materials Science and Engineering, University of Michigan, Ann Arbor, Michigan, 48109, USA; Department of Materials Science and Engineering; University of Michigan; Ann Arbor USA",,False,0,university|other,True,False,False,False,False
f97079941223,6,che|y,openalex,"Functional Materials Group, IMRA America, Inc., Ann Arbor, Michigan, 48105, USA; Functional Materials Group, IMRA America, Inc., Ann Arbor, USA",IMRA America,True,1,company,False,True,False,False,True
f97079941223,7,hu|z,openalex,"Functional Materials Group, IMRA America, Inc., Ann Arbor, Michigan, 48105, USA; Functional Materials Group, IMRA America, Inc., Ann Arbor, USA",IMRA America,True,1,company,False,True,False,False,True
f97079941223,8,liu|b,openalex,"Functional Materials Group, IMRA America, Inc., Ann Arbor, Michigan, 48105, USA; Functional Materials Group, IMRA America, Inc., Ann Arbor, USA",IMRA America,True,1,company,False,True,False,False,True
fa1e24a68b9f,1,fermann|m,openalex,"IMRA America, Inc., 1044 Woodridge Avenue, Ann Arbor, Michigan 48105",IMRA America,True,1,company,False,True,False,False,True
fa1e24a68b9f,2,galvanauskas|a,openalex,"IMRA America, Inc., 1044 Woodridge Avenue, Ann Arbor, Michigan 48105",IMRA America,True,1,company,False,True,False,False,True
fa1e24a68b9f,3,stock|m,openalex,"IMRA America, Inc., 1044 Woodridge Avenue, Ann Arbor, Michigan 48105",IMRA America,True,1,company,False,True,False,False,True
fa1e24a68b9f,4,wong|k,openalex,"IMRA America, Inc., 1044 Woodridge Avenue, Ann Arbor, Michigan 48105",IMRA America,True,1,company,False,True,False,False,True
fa1e24a68b9f,5,harter|d,openalex,"IMRA America, Inc., 1044 Woodridge Avenue, Ann Arbor, Michigan 48105",IMRA America,True,1,company,False,True,False,False,True
fa1e24a68b9f,6,goldberg|l,openalex,"Code 5670, Naval Research Laboratories, Washington, D.C. 20375-5538",,False,0,other,False,False,False,False,False
fa6601ddce7b,1,eaton|s,openalex,"Univ. of Toronto (Canada); University of Toronto, Canada",,False,0,university,True,False,False,False,False
fa6601ddce7b,2,yoshino|f,openalex,"IMRA America, Inc. (United States)",IMRA America,True,1,company,False,True,False,False,True
fa6601ddce7b,3,shah|l,openalex,"IMRA America, Inc. (United States)",IMRA America,True,1,company,False,True,False,False,True
fa6601ddce7b,4,arai|a,openalex,"IMRA America, Inc. (United States)",IMRA America,True,1,company,False,True,False,False,True
fa6601ddce7b,5,zhang|h,openalex,"Univ. of Toronto (Canada); University of Toronto, Canada",,False,0,university,True,False,False,False,False
fa6601ddce7b,6,ho|s,openalex,"Univ. of Toronto (Canada); University of Toronto, Canada",,False,0,university,True,False,False,False,False
fa6601ddce7b,7,herman|p,openalex,"Univ. of Toronto (Canada); University of Toronto, Canada",,False,0,university,True,False,False,False,False
fae3d45cbbd9,1,bolton|s,scopus,"University of California, Berkeley",,False,0,university,True,False,False,False,False
fae3d45cbbd9,2,sucha|g,scopus,"University of California, Berkeley",,False,0,university,True,False,False,False,False
fae3d45cbbd9,3,chemla|d,scopus,"University of California, Berkeley",,False,0,university,True,False,False,False,False
fae3d45cbbd9,4,sivco|d,openalex,"Department of Physics, University of California, Berkeley, California 94720; Bell Laboratories, Lucent Technologies, 700 Mountain Avenue, Murray Hill, New Jersey, 07974",,False,0,university|other,True,False,False,False,False
fae3d45cbbd9,5,cho|a,openalex,"Department of Physics, University of California, Berkeley, California 94720; Bell Laboratories, Lucent Technologies, 700 Mountain Avenue, Murray Hill, New Jersey, 07974",,False,0,university|other,True,False,False,False,False
fae50c483648,1,galvanauskas|a,openalex,"IMRA America, Inc. (United States)",IMRA America,True,1,company,False,True,False,False,True
fae50c483648,2,harter|d,openalex,"IMRA America, Inc. (United States)",IMRA America,True,1,company,False,True,False,False,True
fae50c483648,3,fermann|m,openalex,"IMRA America, Inc. (United States)",IMRA America,True,1,company,False,True,False,False,True
fae50c483648,4,hariharan|a,openalex,"IMRA America, Inc. (United States)",IMRA America,True,1,company,False,True,False,False,True
fb134c4bc485,1,galvanauskas|a,scopus,Michigan Engineering,,False,0,other,False,False,False,False,False
fcf84c530275,1,hendow|s,openalex,IMRA America (United States),IMRA America,True,1,company,False,True,False,False,True
fcf84c530275,2,takahashi|h,openalex,IMRA America (United States),IMRA America,True,1,company,False,True,False,False,True
fcf84c530275,3,yamaguchi|m,openalex,IMRA America (United States),IMRA America,True,1,company,False,True,False,False,True
fcf84c530275,4,xu|j,openalex,IMRA America (United States),IMRA America,True,1,company,False,True,False,False,True
fd12c0ddcd2e,1,hong|k,scopus,George R. Brown School of Engineering and Computing,,False,0,university,True,False,False,False,False
fd12c0ddcd2e,2,elias|w,scopus,George R. Brown School of Engineering and Computing,,False,0,university,True,False,False,False,False
fd12c0ddcd2e,3,heck|k,scopus,George R. Brown School of Engineering and Computing,,False,0,university,True,False,False,False,False
fd12c0ddcd2e,4,terlier|t,scopus,Rice University,,False,0,university,True,False,False,False,False
fd12c0ddcd2e,5,dimpel|d,scopus,Rice University,,False,0,university,True,False,False,False,False
fd12c0ddcd2e,6,qian|w,scopus,IMRA America,IMRA America,True,1,company,False,True,False,False,True
fd12c0ddcd2e,7,liu|b,scopus,IMRA America,IMRA America,True,1,company,False,True,False,False,True
fd12c0ddcd2e,8,kurihara|t,scopus,IMRA America,IMRA America,True,1,company,False,True,False,False,True
fd12c0ddcd2e,9,wong|m,scopus,George R. Brown School of Engineering and Computing; Rice University,,False,0,university,True,False,False,False,False
fdac5daf6da0,1,fermann|m,scopus,"IMRA America, Inc.",IMRA America,True,1,company,False,True,False,False,True
fdac5daf6da0,2,rolland|a,scopus,IMRA Boulder Research Laboratory,IMRA America,True,1,company,False,True,False,False,True
fe2ed783c920,1,bado|p,scopus,University of Rochester Laboratory for Laser Energetics,,False,0,university,True,False,False,False,False
fe2ed783c920,2,pessot|m,scopus,University of Rochester Laboratory for Laser Energetics,,False,0,university,True,False,False,False,False
fe2ed783c920,3,squier|j,scopus,University of Rochester Laboratory for Laser Energetics,,False,0,university,True,False,False,False,False
fe2ed783c920,4,mourou|g,scopus,University of Rochester Laboratory for Laser Energetics,,False,0,university,True,False,False,False,False
fe2ed783c920,5,harter|d,scopus,Honeywell International Inc.,,False,0,company,False,True,False,False,False
fe42adf66fde,1,cumis|m,openalex,"Agenzia Spaziale Italiana, Contrada Terlecchia SNC, 75100 Matera, Italy; Dipartimento di Fisica, Universitá degli Studi di Firenze, Via G. Sansone 1, 50019 Sesto Fiorentino, Italy; Istituto Nazionale di Ottica, INO-CNR, Via N. Carrara 1, 50019 Sesto Fiorentino, Italy",,False,0,other|university,True,False,False,False,False
fe42adf66fde,2,eramo|r,scopus,CNR - Istituto Nazionale di Ottica; Università degli Studi di Firenze,,False,0,other|university,True,False,False,False,False
fe42adf66fde,3,jiang|j,scopus,"IMRA America, Inc.",IMRA America,True,1,company,False,True,False,False,True
fe42adf66fde,4,fermann|m,scopus,"IMRA America, Inc.",IMRA America,True,1,company,False,True,False,False,True
fe42adf66fde,5,pastor|p,scopus,CNR - Istituto Nazionale di Ottica; Università degli Studi di Firenze,,False,0,other|university,True,False,False,False,False
ff4beab700dc,1,shah|l,openalex,"IMRA America, Inc. (United States)",IMRA America,True,1,company,False,True,False,False,True
ff4beab700dc,2,liu|z,openalex,"IMRA America, Inc. (United States)",IMRA America,True,1,company,False,True,False,False,True
ff4beab700dc,3,hartl|i,openalex,"IMRA America, Inc. (United States)",IMRA America,True,1,company,False,True,False,False,True
ff4beab700dc,4,imeshev|g,openalex,"IMRA America, Inc. (United States)",IMRA America,True,1,company,False,True,False,False,True
ff4beab700dc,5,cho|g,openalex,"IMRA America, Inc. (United States)",IMRA America,True,1,company,False,True,False,False,True
ff4beab700dc,6,fermann|m,openalex,"IMRA America, Inc. (United States)",IMRA America,True,1,company,False,True,False,False,True
004fc8c307f3,1,ishida|y,openalex,"Toyota Motor Corporation,Japan,471-8571",トヨタ自動車,True,1,company,False,True,False,False,True
004fc8c307f3,2,noguchi|y,openalex,"Toyota Motor Corporation,Japan,471-8571",トヨタ自動車,True,1,company,False,True,False,False,True
004fc8c307f3,3,kanai|t,openalex,"Toyota Motor Corporation,Japan,471-8571",トヨタ自動車,True,1,company,False,True,False,False,True
004fc8c307f3,4,shintani|k,openalex,"Toyota Motor Corporation,Japan,471-8571",トヨタ自動車,True,1,company,False,True,False,False,True
004fc8c307f3,5,bito|h,openalex,"Toyota Motor Corporation,Japan,471-8571",トヨタ自動車,True,1,company,False,True,False,False,True
01e1e998335f,1,hafi|l,openalex,"Coarobo GK, Seika, Japan; Ritsumeikan Global Innovation Research Organization, Ritsumeikan University, Kusatsu, Japan",,False,0,other|university,True,False,False,False,False
01e1e998335f,2,ricardez|g,openalex,"Coarobo GK, Seika, Japan; Division of Information Science, Nara Institute of Science and Technology, Ikoma, Japan; Ritsumeikan Global Innovation Research Organization, Ritsumeikan University, Kusatsu, Japan",,False,0,other|university,True,False,False,False,False
01e1e998335f,3,drigalski|f,openalex,"Coarobo GK, Seika, Japan; Ritsumeikan Global Innovation Research Organization, Ritsumeikan University, Kusatsu, Japan; Robotics Group, OMRON SINIC X Corporation, Tokyo, Japan",,False,0,other|university|company,True,True,False,False,False
01e1e998335f,4,inoue|y,openalex,"Faculty of Robotics and Design, Osaka Institute of Technology, Osaka, Japan",,False,0,university,True,False,False,False,False
01e1e998335f,5,yamamoto|m,openalex,"Manufacturing Innovation Division, Panasonic Corporation, Osaka, Japan",,False,0,company,False,True,False,False,False
01e1e998335f,6,yamamoto|t,openalex,"Frontier Research Center, Toyota Motor Corporation, Toyota, Japan",トヨタ自動車,True,1,company,False,True,False,False,True
0293eaf1e4ec,1,yamaguchi|t,openalex,"Toyota Motor Corporation, 1200, Mishuku, Susono, Shizuoka, Japan",トヨタ自動車,True,1,company,False,True,False,False,True
0293eaf1e4ec,2,brain|m,openalex,"University of Oxford, Wolfson Building, Parks Road, Oxford, UK",,False,0,university,True,False,False,False,False
0293eaf1e4ec,3,ryder|c,openalex,"Diffblue, 10 St. Ebbs Street, Oxford, UK",,False,0,other,False,False,False,False,False
0293eaf1e4ec,4,imai|y,openalex,"Nu-soft, 3-24-2 Shinyokohama, Kouhoku, Yokohama, Kanagawa, Japan",,False,0,other,False,False,False,False,False
0293eaf1e4ec,5,kawamura|y,openalex,"Toyota Motor Corporation, 1200, Mishuku, Susono, Shizuoka, Japan",トヨタ自動車,True,1,company,False,True,False,False,True
04c22be2cf28,1,dong|g,openalex,"Frontier Research Center,TOYOTA MOTOR CORPORATION,Toyota,Aichi,Japan",トヨタ自動車,True,1,company,False,True,False,False,True
04c22be2cf28,2,sato|y,openalex,"Frontier Research Center,TOYOTA MOTOR CORPORATION,Toyota,Aichi,Japan",トヨタ自動車,True,1,company,False,True,False,False,True
04c22be2cf28,3,okumatsu|y,openalex,"Frontier Research Center,TOYOTA MOTOR CORPORATION,Toyota,Aichi,Japan",トヨタ自動車,True,1,company,False,True,False,False,True
08a982566c37,1,kaji|h,openalex,"Toyota Motor Corporation,Frontier Research Center,Mishuku Susono Shizuoka,Japan,1200",トヨタ自動車,True,1,company,False,True,False,False,True
0ba80a2292fc,1,yanagiya|k,openalex,Tokyo University of Agriculture and Technology,,False,0,university,True,False,False,False,False
0ba80a2292fc,2,yamada|k,openalex,Tokyo University of Agriculture and Technology,,False,0,university,True,False,False,False,False
0ba80a2292fc,3,katsuhara|y,openalex,"Toyota Motor Corporation,Frontier Research Center; Frontier Research Center, Toyota Motor Corporation",トヨタ自動車,True,1,company,False,True,False,False,True
0ba80a2292fc,4,takatani|t,openalex,"Toyota Motor Corporation,Frontier Research Center; Frontier Research Center, Toyota Motor Corporation",トヨタ自動車,True,1,company,False,True,False,False,True
0ba80a2292fc,5,tanaka|y,openalex,Tokyo University of Agriculture and Technology,,False,0,university,True,False,False,False,False
0db34d8fe1ea,1,oishi|k,openalex,"Toyota Central Research and Development Labs., Inc., Nagakute, Aichi, Japan; Toyota Central R&#x0026;D Labs., Inc., 41-1 Yokomichi, Nagakute, Aichi, Japan",豊田中央研究所,True,1,company,False,True,False,False,True
0db34d8fe1ea,2,jimbo|t,openalex,"Toyota Central Research and Development Labs., Inc., Nagakute, Aichi, Japan; Toyota Central R&#x0026;D Labs., Inc., 41-1 Yokomichi, Nagakute, Aichi, Japan",豊田中央研究所,True,1,company,False,True,False,False,True
0db34d8fe1ea,3,kikuchi|s,openalex,"Frontier Research Center, Toyota Motor Corporation, Toyota, Aichi, Japan; Frontier Research Center, Toyota Motor Corporation, Aichi, Japan",トヨタ自動車,True,1,company,False,True,False,False,True
0db34d8fe1ea,4,date|y,openalex,"Frontier Research Center, Toyota Motor Corporation, Toyota, Aichi, Japan; Frontier Research Center, Toyota Motor Corporation, Aichi, Japan",トヨタ自動車,True,1,company,False,True,False,False,True
0db34d8fe1ea,5,kaji|h,openalex,"Frontier Research Center, Toyota Motor Corporation, Toyota, Aichi, Japan; Frontier Research Center, Toyota Motor Corporation, Aichi, Japan",トヨタ自動車,True,1,company,False,True,False,False,True
0db34d8fe1ea,6,kashima|k,openalex,"Graduate School of Informatics, Kyoto University, Kyoto, Japan",,False,0,university,True,False,False,False,False
0dc9d7e18842,1,kaji|h,openalex,"Frontier Research Center, Toyota Motor Corp., Shizuoka, Japan",トヨタ自動車,True,1,company,False,True,False,False,True
0dc9d7e18842,2,yamaguchi|h,openalex,"Frontier Research Center, Toyota Motor Corp., Shizuoka, Japan",トヨタ自動車,True,1,company,False,True,False,False,True
0dc9d7e18842,3,sugiyama|m,openalex,"RIKEN, Center for Advanced Intelligence Project, Tokyo, Japan",,False,0,government,False,False,True,False,False
1236ecb7abe5,1,wu|t,openalex,"National Chung Hsing Univ.,Dept. of Electrical Eng.,Taichung,Taiwan",,False,0,university,True,False,False,False,False
1236ecb7abe5,2,dong|g,openalex,"Frontier Research Center, Toyota Motor Corp.,Toyota,Aichi,Japan",トヨタ自動車,True,1,company,False,True,False,False,True
1236ecb7abe5,3,lai|c,openalex,"National Chung Hsing Univ.,Dept. of Electrical Eng.,Taichung,Taiwan",,False,0,university,True,False,False,False,False
1236ecb7abe5,4,liu|s,openalex,"Kobe University,Faculty of Oceanology,Kobe,Japan",,False,0,university,True,False,False,False,False
1236ecb7abe5,5,ying|y,openalex,"Kobe University,Faculty of Oceanology,Kobe,Japan",,False,0,university,True,False,False,False,False
1236ecb7abe5,6,luo|t,openalex,"China Energy research, Hitachi Energy,Beijing,China",,False,0,other,False,False,False,False,False
1236ecb7abe5,7,omori|h,openalex,"Institute for Innovative Sci. &#x0026; Tech., Nagasaki Inst. of Appl. Sci.,Nagasaki,Japan",,False,0,other,False,False,False,False,False
133cd681dac3,1,takano|s,openalex,"Toyota Motor Corporation; Toyota Motor Corporation, Aichi, Japan",トヨタ自動車,True,1,company,False,True,False,False,True
133cd681dac3,2,jimbo|t,openalex,"Toyota Central R&D Labs., Inc; Toyota Central R&amp;D Labs., Inc, Aichi, Japan",豊田中央研究所,True,1,company,False,True,False,False,True
140342bb6f20,1,dottermusch|s,openalex,"Institute of Microstructure Technology (IMT) Karlsruhe Institute of Technology (KIT)  Eggenstein‐Leopoldshafen 76344 Germany; Institute of Microstructure Technology (IMT), Karlsruhe Institute of Technology (KIT), Eggenstein-Leopoldshafen, 76344 Germany",,False,0,university,True,False,False,False,False
140342bb6f20,2,masuda|t,openalex,"Institute for Advanced Science The University of Electro‐Communications  Tokyo Japan; R‐Frontier Division Toyota Motor Corporation  Susono Shizuoka Japan; Institute for Advanced Science, The University of Electro-Communications, Tokyo, Japan; R-Frontier Division, Toyota Motor Corporation, Susono, Shizuoka, Japan",トヨタ自動車,True,1,university|company,True,True,False,False,True
140342bb6f20,3,endo|m,openalex,"Department of physics Tokai University  Kanagawa Japan; Department of physics, Tokai University, Kanagawa, Japan",,False,0,university,True,False,False,False,False
140342bb6f20,4,richards|b,openalex,"Institute of Microstructure Technology (IMT) Karlsruhe Institute of Technology (KIT)  Eggenstein‐Leopoldshafen 76344 Germany; Institute of Microstructure Technology (IMT), Karlsruhe Institute of Technology (KIT), Eggenstein-Leopoldshafen, 76344 Germany",,False,0,university,True,False,False,False,False
140342bb6f20,5,howard|i,openalex,"Institute of Microstructure Technology (IMT) Karlsruhe Institute of Technology (KIT)  Eggenstein‐Leopoldshafen 76344 Germany; Institute of Microstructure Technology (IMT), Karlsruhe Institute of Technology (KIT), Eggenstein-Leopoldshafen, 76344 Germany",,False,0,university,True,False,False,False,False
16c675fefb5b,1,coradetti|s,openalex,"The Buck Institute for Research on Aging, Novato, United States; The Buck Institute for Research on Aging, Novato, United States;",,False,0,other,False,False,False,False,False
16c675fefb5b,2,pinel|d,openalex,"Energy Biosciences Institute, Berkeley, United States; Energy Biosciences Institute, Berkeley, United States;",,False,0,other,False,False,False,False,False
16c675fefb5b,3,geiselman|g,openalex,"Energy Biosciences Institute, Berkeley, United States; Energy Biosciences Institute, Berkeley, United States;",,False,0,other,False,False,False,False,False
16c675fefb5b,4,ito|m,openalex,"Energy Biosciences Institute, Berkeley, United States; Energy Biosciences Institute, Berkeley, United States;",,False,0,other,False,False,False,False,False
16c675fefb5b,5,mondo|s,openalex,"United States Department of Energy Joint Genome Institute, Walnut Creek, United States; United States Department of Energy Joint Genome Institute, Walnut Creek, United States;",,False,0,other,False,False,False,False,False
16c675fefb5b,6,reilly|m,openalex,"Chemical and Biological Processes Development Group, Pacific Northwest National Laboratory, Richland, United States; Joint BioEnergy Institute, Emeryville, United States; Chemical and Biological Processes Development Group, Pacific Northwest National Laboratory, Richland, United States;; Joint BioEnergy Institute, Emeryville, United States;",,False,0,government|other,False,False,True,False,False
16c675fefb5b,7,cheng|y,openalex,"Energy Biosciences Institute, Berkeley, United States; Energy Biosciences Institute, Berkeley, United States;",,False,0,other,False,False,False,False,False
16c675fefb5b,8,bauer|s,openalex,"Energy Biosciences Institute, Berkeley, United States; Energy Biosciences Institute, Berkeley, United States;",,False,0,other,False,False,False,False,False
16c675fefb5b,9,grigoriev|i,openalex,"Department of Plant and Microbial Biology, University of California, Berkeley, Berkeley, United States; Environmental Genomics and Systems Biology Division, Lawrence Berkeley National Laboratory, Berkeley, United States; United States Department of Energy Joint Genome Institute, Walnut Creek, United States; Department of Plant and Microbial Biology, University of California, Berkeley, Berkeley, United States;; Environmental Genomics and Systems Biology Division, Lawrence Berkeley National Laboratory, Berkeley, United States;; United States Department of Energy Joint Genome Institute, Walnut Creek, United States;",,False,0,university|government|other,True,False,True,False,False
16c675fefb5b,10,gladden|j,openalex,"Joint BioEnergy Institute, Emeryville, United States; Joint BioEnergy Institute, Emeryville, United States;",,False,0,other,False,False,False,False,False
16c675fefb5b,11,simmons|b,openalex,"Biological Systems and Engineering Division, Lawrence Berkeley National Laboratory, Berkeley, United States; Joint BioEnergy Institute, Emeryville, United States; Biological Systems and Engineering Division, Lawrence Berkeley National Laboratory, Berkeley, United States;; Joint BioEnergy Institute, Emeryville, United States;",,False,0,government|other,False,False,True,False,False
16c675fefb5b,12,brem|r,openalex,"Department of Plant and Microbial Biology, University of California, Berkeley, Berkeley, United States; The Buck Institute for Research on Aging, Novato, United States; Department of Plant and Microbial Biology, University of California, Berkeley, Berkeley, United States;; The Buck Institute for Research on Aging, Novato, United States;",,False,0,university|other,True,False,False,False,False
16c675fefb5b,13,arkin|a,openalex,"Department of Bioengineering, University of California, Berkeley, Berkeley, United States; Energy Biosciences Institute, Berkeley, United States; Environmental Genomics and Systems Biology Division, Lawrence Berkeley National Laboratory, Berkeley, United States; Energy Biosciences Institute, Berkeley, United States;; Environmental Genomics and Systems Biology Division, Lawrence Berkeley National Laboratory, Berkeley, United States;",,False,0,university|other|government,True,False,True,False,False
16c675fefb5b,14,skerker|j,openalex,"Biological Systems and Engineering Division, Lawrence Berkeley National Laboratory, Berkeley, United States; Department of Bioengineering, University of California, Berkeley, Berkeley, United States; Energy Biosciences Institute, Berkeley, United States; Biological Systems and Engineering Division, Lawrence Berkeley National Laboratory, Berkeley, United States;; Energy Biosciences Institute, Berkeley, United States;",,False,0,government|university|other,True,False,True,False,False
1bcaa3c25be8,1,ito|m,openalex,"Future Project Division, Frontier Research Center, Toyota Motor Corporation, 1 Toyota-cho, Toyota, Aichi 471-8572, Japan",トヨタ自動車,True,1,company,False,True,False,False,True
1bcaa3c25be8,2,kambe|h,openalex,"Toyota Biotechnology and Afforestation Laboratory, Toyota Motor Corporation, 1099 Marune, Kurozasa-cho, Miyoshi, Aichi 470-0201 Japan",トヨタ自動車,True,1,company,False,True,False,False,True
1bcaa3c25be8,3,kishino|s,openalex,"Division of Applied Life Sciences, Graduate School of Agriculture, Kyoto University, Kitashirakawa Oiwake-cho, Sakyo-ku, Kyoto 606-8502, Japan",,False,0,university,True,False,False,False,False
1bcaa3c25be8,4,muramatsu|m,openalex,"Future Project Division, Frontier Research Center, Toyota Motor Corporation, 1 Toyota-cho, Toyota, Aichi 471-8572, Japan",トヨタ自動車,True,1,company,False,True,False,False,True
1bcaa3c25be8,5,ogawa|j,openalex,"Division of Applied Life Sciences, Graduate School of Agriculture, Kyoto University, Kitashirakawa Oiwake-cho, Sakyo-ku, Kyoto 606-8502, Japan. Electronic address: ogawa@kais.kyoto-u.ac.jp; Division of Applied Life Sciences, Graduate School of Agriculture, Kyoto University, Kitashirakawa Oiwake-cho, Sakyo-ku, Kyoto 606-8502, Japan",,False,0,university,True,False,False,False,False
1c7dfd97967b,1,hakuta|y,,,,False,0,,False,False,False,False,False
1c7dfd97967b,2,amano|y,,,,False,0,,False,False,False,False,False
1c7dfd97967b,3,jimbo|t,,,,False,0,,False,False,False,False,False
1c7dfd97967b,4,tomura|s,,,,False,0,,False,False,False,False,False
1edf950142dc,1,makihata|m,openalex,"Department of Robotics, Tohoku University, Miyagi 980-8579, Japan",,False,0,university,True,False,False,False,False
1edf950142dc,2,muroyama|m,openalex,"Microsystem Integration Center, Tohoku University, Miyagi 980-8579, Japan",,False,0,university,True,False,False,False,False
1edf950142dc,3,tanaka|s,openalex,"Department of Robotics, Tohoku University, Miyagi 980-8579, Japan; Microsystem Integration Center, Tohoku University, Miyagi 980-8579, Japan",,False,0,university,True,False,False,False,False
1edf950142dc,4,nakayama|t,openalex,"T-Frontier Div., Toyota Motor Corporation, Toyota, Aichi 470-0309, Japan",トヨタ自動車,True,1,company,False,True,False,False,True
1edf950142dc,5,nonomura|y,openalex,"Toyota Central R&amp;D Labs., Inc., Aichi 480-1192, Japan",豊田中央研究所,True,1,company,False,True,False,False,True
1edf950142dc,6,esashi|m,openalex,"Microsystem Integration Center, Tohoku University, Miyagi 980-8579, Japan",,False,0,university,True,False,False,False,False
2067c9562882,1,yamamoto|t,openalex,Toyota Motor Corporation,トヨタ自動車,True,1,company,False,True,False,False,True
2067c9562882,2,nishino|t,openalex,Toyota Motor Corporation,トヨタ自動車,True,1,company,False,True,False,False,True
2067c9562882,3,kajima|h,openalex,Toyota Motor Corporation,トヨタ自動車,True,1,company,False,True,False,False,True
2067c9562882,4,ohta|m,openalex,Toyota Motor Corporation,トヨタ自動車,True,1,company,False,True,False,False,True
2067c9562882,5,ikeda|k,openalex,Toyota Motor Corporation,トヨタ自動車,True,1,company,False,True,False,False,True
22c563fee328,1,takano|w,openalex,"Univeristy of Tokyo, 7-3-1, Bunkyoku Hongo, Tokyo, 113-8656, Japan; Univeristy of Tokyo, Tokyo, Japan",,False,0,other,False,False,False,False,False
22c563fee328,2,takahashi|t,openalex,"The Partner Robot Div, Toyota Motor Corporation, 1, Toyotacho, Toyota City, Aichi, 471-8571, Japan; The Partner Robot Div, Toyota Motor Corporation, Toyota City, Japan",トヨタ自動車,True,1,company,False,True,False,False,True
22c563fee328,3,nakamura|y,openalex,"Univeristy of Tokyo, 7-3-1, Bunkyoku Hongo, Tokyo, 113-8656, Japan; Univeristy of Tokyo, Tokyo, Japan",,False,0,other,False,False,False,False,False
23e2740de448,1,fukada|y,scopus,Toyota Motor Corporation,トヨタ自動車,True,1,company,False,True,False,False,True
27d68fbe666c,1,fukuda|a,openalex,"Central Region Agricultural Research Center, National Agriculture and Food Research Organization, Joetsu, Japan",,False,0,government,False,False,True,False,False
27d68fbe666c,2,hirose|t,openalex,"Central Region Agricultural Research Center, National Agriculture and Food Research Organization, Joetsu, Japan",,False,0,government,False,False,True,False,False
27d68fbe666c,3,aoki|n,openalex,"Graduate School of Agricultural and Life Sciences, The University of Tokyo, Tokyo, Japan",,False,0,university,True,False,False,False,False
27d68fbe666c,4,kondo|s,openalex,"Agriculture and Biotechnology Business Division, Toyota Motor Corporation, Miyoshi, Japan",トヨタ自動車,True,1,company,False,True,False,False,True
27d68fbe666c,5,yonekura|m,openalex,"Agriculture and Biotechnology Business Division, Toyota Motor Corporation, Miyoshi, Japan",トヨタ自動車,True,1,company,False,True,False,False,True
27d68fbe666c,6,kataoka|t,openalex,"Kyushu Okinawa Agricultural Research Center, National Agriculture and Food Research Organization, Fukuoka, Japan",,False,0,government,False,False,True,False,False
27d68fbe666c,7,ohto|c,openalex,"T-Frontier Division, Toyota Motor Corporation, Toyota, Japan",トヨタ自動車,True,1,company,False,True,False,False,True
27d68fbe666c,8,nagano|a,openalex,"Faculty of Agriculture, Ryukoku University, Otsu, Japan",,False,0,university,True,False,False,False,False
28772b2ede0a,1,takano|w,openalex,"Center for Mathematical Modeling and Data Science, 1-3, Machikaneyamacho, Toyonaka, Osaka, 560-8531, Japan",,False,0,other,False,False,False,False,False
28772b2ede0a,2,kanayama|h,openalex,"Mechano-Informatics, University of Tokyo, 7-3-1, Hongo, Bunkyoku, Tokyo, 113-8656, Japan",,False,0,university,True,False,False,False,False
28772b2ede0a,3,takahashi|t,openalex,"Frontier Research Center, Toyota Motor Corporation, 1, Toyotacho, Toyota, Aichi, 471-8571, Japan",トヨタ自動車,True,1,company,False,True,False,False,True
28772b2ede0a,4,moridaira|t,openalex,"Frontier Research Center, Toyota Motor Corporation, 1, Toyotacho, Toyota, Aichi, 471-8571, Japan",トヨタ自動車,True,1,company,False,True,False,False,True
28772b2ede0a,5,nakamura|y,openalex,"Mechano-Informatics, University of Tokyo, 7-3-1, Hongo, Bunkyoku, Tokyo, 113-8656, Japan",,False,0,university,True,False,False,False,False
295dd1f33ebb,1,kadota|r,openalex,"Faculty of Science and Engineering, Waseda University, 3-4-1 Ohkubo, Shinjuku-ku, Tokyo, Japan",,False,0,university,True,False,False,False,False
295dd1f33ebb,2,sugita|k,openalex,"Faculty of Science and Engineering, Waseda University, 3-4-1 Ohkubo, Shinjuku-ku, Tokyo, Japan",,False,0,university,True,False,False,False,False
295dd1f33ebb,3,uchida|k,openalex,"Faculty of Science and Engineering, Waseda University, 3-4-1 Ohkubo, Shinjuku-ku, Tokyo, Japan",,False,0,university,True,False,False,False,False
295dd1f33ebb,4,yamada|h,openalex,"TOYOTA MOTOR CORPORATION, 1, Toyota-cho, Toyota, Aichi, Japan",トヨタ自動車,True,1,company,False,True,False,False,True
295dd1f33ebb,5,yamashita|m,openalex,"TOYOTA MOTOR CORPORATION, 1, Toyota-cho, Toyota, Aichi, Japan",トヨタ自動車,True,1,company,False,True,False,False,True
295dd1f33ebb,6,kimura|h,openalex,"Faculty of Science and Engineering, Waseda University, Building 55S, Room 706A, 3-4-1 Ohkubo, Shinjuku-ku, Tokyo 169-8555, Japan. Electronic address: hkimura@brain.riken.jp; Faculty of Science and Engineering, Waseda University, Building 55S, Room 706A, 3-4-1 Ohkubo, Shinjuku-ku, Tokyo 169-8555, Japan",,False,0,university,True,False,False,False,False
2b3bda66c720,1,asl|h,openalex,"Control System Laboratory, Department of Advanced Science and Technology, Toyota Technological Institute, Nagoya, Japan",,False,0,other,False,False,False,False,False
2b3bda66c720,2,yamashita|m,openalex,"T-Frontier Division, Toyota Motor Corporation, Toyota, Japan",トヨタ自動車,True,1,company,False,True,False,False,True
2b3bda66c720,3,narikiyo|t,openalex,"Control System Laboratory, Department of Advanced Science and Technology, Toyota Technological Institute, Nagoya, Japan",,False,0,other,False,False,False,False,False
2b3bda66c720,4,kawanishi|m,openalex,"Control System Laboratory, Department of Advanced Science and Technology, Toyota Technological Institute, Nagoya, Japan",,False,0,other,False,False,False,False,False
2c5a4b7fddcc,1,sato|d,openalex,"Department of System Safety, Nagaoka University of Technology, 1603-1 Kamitomioka, Nagaoka, Niigata, 940-2188, Japan",,False,0,university,True,False,False,False,False
2c5a4b7fddcc,2,masuda|t,openalex,"Institute for Advanced Science, The University of Electro-Communications, 1-5-1 Chofugaoka, Chofu, Tokyo, 182-8585, Japan; S-Frontier division, Toyota Motor Corporation, 1200 Mishuku, Susono, Shizuoka, 410-1193, Japan",トヨタ自動車,True,1,university|company,True,True,False,False,True
2c5a4b7fddcc,3,araki|k,openalex,"Faculty of Engineering, Research Center for Sustainable Energy & Environmental Engineering, University of Miyazaki, 1-1 Gakuen Kibanadai-nishi, Miyazaki, Miyazaki, 889-2192, Japan; Research Center for Smart Energy Technologies, Toyota Technological Institute, 2-12-1 Hisakata, Tempaku, Nagoya, Aichi, 468-8511, Japan",,False,0,university|other,True,False,False,False,False
2c5a4b7fddcc,4,yamaguchi|m,openalex,"Research Center for Smart Energy Technologies, Toyota Technological Institute, 2-12-1 Hisakata, Tempaku, Nagoya, Aichi, 468-8511, Japan",,False,0,other,False,False,False,False,False
2c5a4b7fddcc,5,okumura|k,openalex,"S-Frontier division, Toyota Motor Corporation, 1200 Mishuku, Susono, Shizuoka, 410-1193, Japan",トヨタ自動車,True,1,company,False,True,False,False,True
2c5a4b7fddcc,6,sato|a,openalex,"S-Frontier division, Toyota Motor Corporation, 1200 Mishuku, Susono, Shizuoka, 410-1193, Japan",トヨタ自動車,True,1,company,False,True,False,False,True
2c5a4b7fddcc,7,tomizawa|r,openalex,"S-Frontier division, Toyota Motor Corporation, 1200 Mishuku, Susono, Shizuoka, 410-1193, Japan",トヨタ自動車,True,1,company,False,True,False,False,True
2c5a4b7fddcc,8,yamada|n,openalex,"Department of Mechanical Engineering, Nagaoka University of Technology, 1603-1 Kamitomioka, Nagaoka, Niigata, 940-2188, Japan",,False,0,university,True,False,False,False,False
2e3443dcdd7b,1,kikuchi|s,openalex,"R-Frontier Division, Frontier Research Center, TOYOTA MOTOR CORPORATION, Shizuoka, Japan; Department of Advanced Science and Technology, Toyota Technological Institute, Nagoya, Japan. Electronic address: satoshi_kikuchi@mail.toyota.co.jp",トヨタ自動車,True,1,company|other,False,True,False,False,False
2e3443dcdd7b,2,kawanishi|m,openalex,"Department of Advanced Science and Technology, Toyota Technological Institute, Nagoya, Japan",,False,0,other,False,False,False,False,False
2e3443dcdd7b,3,ngoc|t,openalex,"Department of Advanced Science and Technology, Toyota Technological Institute, Nagoya, Japan",,False,0,other,False,False,False,False,False
2e3443dcdd7b,4,nguyen|b,openalex,"Department of Advanced Science and Technology, Toyota Technological Institute, Nagoya, Japan",,False,0,other,False,False,False,False,False
2e3443dcdd7b,5,narikiyo|t,openalex,"Department of Advanced Science and Technology, Toyota Technological Institute, Nagoya, Japan",,False,0,other,False,False,False,False,False
304d77bab749,1,zhuang|x,openalex,"Biomass Science and Conversion Technology, Sandia National Laboratories, 7011 East Ave, Livermore, CA, 94551, USA; Biomass Science and Conversion Technology, Sandia National Laboratories, Livermore, USA",,False,0,government,False,False,True,False,False
304d77bab749,2,kilian|o,openalex,"Biomass Science and Conversion Technology, Sandia National Laboratories, 7011 East Ave, Livermore, CA, 94551, USA; Biomass Science and Conversion Technology, Sandia National Laboratories, Livermore, USA",,False,0,government,False,False,True,False,False
304d77bab749,3,monroe|e,openalex,"Biomass Science and Conversion Technology, Sandia National Laboratories, 7011 East Ave, Livermore, CA, 94551, USA; Biomass Science and Conversion Technology, Sandia National Laboratories, Livermore, USA",,False,0,government,False,False,True,False,False
304d77bab749,4,ito|m,openalex,"Energy Bioscience Institute, 2151 Berkeley Way, Berkeley, CA, 94704, USA; Energy Bioscience Institute, Berkeley, USA",,False,0,other,False,False,False,False,False
304d77bab749,5,tran gymfi|m,openalex,"Biomass Science and Conversion Technology, Sandia National Laboratories, 7011 East Ave, Livermore, CA, 94551, USA; Biomass Science and Conversion Technology, Sandia National Laboratories, Livermore, USA",,False,0,government,False,False,True,False,False
304d77bab749,6,liu|f,openalex,"Biomass Science and Conversion Technology, Sandia National Laboratories, 7011 East Ave, Livermore, CA, 94551, USA; Biomass Science and Conversion Technology, Sandia National Laboratories, Livermore, USA",,False,0,government,False,False,True,False,False
304d77bab749,7,davis|r,openalex,"Biomass Science and Conversion Technology, Sandia National Laboratories, 7011 East Ave, Livermore, CA, 94551, USA; Biomass Science and Conversion Technology, Sandia National Laboratories, Livermore, USA",,False,0,government,False,False,True,False,False
304d77bab749,8,mirsiaghi|m,openalex,"Advanced Biofuels Process Development Unit (ABPDU), Lawrence Berkeley National Laboratory, 5885 Hollis St, Emeryville, CA, 94608, USA; Advanced Biofuels Process Development Unit (ABPDU), Lawrence Berkeley National Laboratory, Emeryville, USA",,False,0,government,False,False,True,False,False
304d77bab749,9,sundstrom|e,openalex,"Advanced Biofuels Process Development Unit (ABPDU), Lawrence Berkeley National Laboratory, 5885 Hollis St, Emeryville, CA, 94608, USA; Advanced Biofuels Process Development Unit (ABPDU), Lawrence Berkeley National Laboratory, Emeryville, USA",,False,0,government,False,False,True,False,False
304d77bab749,10,pray|t,openalex,"Advanced Biofuels Process Development Unit (ABPDU), Lawrence Berkeley National Laboratory, 5885 Hollis St, Emeryville, CA, 94608, USA; Advanced Biofuels Process Development Unit (ABPDU), Lawrence Berkeley National Laboratory, Emeryville, USA",,False,0,government,False,False,True,False,False
304d77bab749,11,skerker|j,openalex,"Energy Bioscience Institute, 2151 Berkeley Way, Berkeley, CA, 94704, USA; Lawrence Berkeley National Laboratory, 1 Cyclotron Rd, Berkeley, CA, 94720, USA; Energy Bioscience Institute, Berkeley, USA; Lawrence Berkeley National Laboratory, Berkeley, USA",,False,0,other|government,False,False,True,False,False
304d77bab749,12,george|a,openalex,"Biomass Science and Conversion Technology, Sandia National Laboratories, 7011 East Ave, Livermore, CA, 94551, USA. ageorge@lbl.gov; Deconstruction Division, Joint BioEnergy Institute/Sandia National Laboratories, 5885 Hollis St, Emeryville, CA, 94608, USA. ageorge@lbl.gov; Biomass Science and Conversion Technology, Sandia National Laboratories, Livermore, USA; Deconstruction Division, Joint BioEnergy Institute/Sandia National Laboratories, Emeryville, USA",,False,0,government,False,False,True,False,False
304d77bab749,13,gladden|j,openalex,"Biomass Science and Conversion Technology, Sandia National Laboratories, 7011 East Ave, Livermore, CA, 94551, USA. jmgladden@lbl.gov; Deconstruction Division, Joint BioEnergy Institute/Sandia National Laboratories, 5885 Hollis St, Emeryville, CA, 94608, USA. jmgladden@lbl.gov; Biomass Science and Conversion Technology, Sandia National Laboratories, Livermore, USA; Deconstruction Division, Joint BioEnergy Institute/Sandia National Laboratories, Emeryville, USA",,False,0,government,False,False,True,False,False
35d2d9a2ab36,1,kaji|h,openalex,"Frontier Research Center, Toyota Motor Corp., Shizuoka, Japan",トヨタ自動車,True,1,company,False,True,False,False,True
35d2d9a2ab36,2,sugiyama|m,openalex,"Center for Advanced Intelligence Project, RIKEN, Tokyo, Japan",,False,0,government,False,False,True,False,False
3768be6ac837,1,nishii|k,openalex,"Frontier Research Center, Toyota Motor Corporation,Aichi,Japan; Frontier Research Center, Toyota Motor Corporation, Aichi, Japan",トヨタ自動車,True,1,company,False,True,False,False,True
3768be6ac837,2,hatano|a,openalex,"Frontier Research Center, Toyota Motor Corporation,Aichi,Japan; Frontier Research Center, Toyota Motor Corporation, Aichi, Japan",トヨタ自動車,True,1,company,False,True,False,False,True
3768be6ac837,3,okumatsu|y,openalex,"Frontier Research Center, Toyota Motor Corporation,Aichi,Japan; Frontier Research Center, Toyota Motor Corporation, Aichi, Japan",トヨタ自動車,True,1,company,False,True,False,False,True
3974689d81db,1,mori|j,openalex,"Toyota Motor Corporation,Frontier Research Center,Aichi,Japan; Frontier Research Center, Toyota Motor Corporation, Aichi, Japan",トヨタ自動車,True,1,company,False,True,False,False,True
3974689d81db,2,saito|y,openalex,"Toyota Motor Corporation,Frontier Research Center,Shizuoka,Japan; Frontier Research Center, Toyota Motor Corporation, Shizuoka, Japan",トヨタ自動車,True,1,company,False,True,False,False,True
3974689d81db,3,kaji|h,openalex,"Toyota Motor Corporation,Frontier Research Center,Shizuoka,Japan; Frontier Research Center, Toyota Motor Corporation, Shizuoka, Japan",トヨタ自動車,True,1,company,False,True,False,False,True
3c0c02f98e81,1,iwasaki|t,openalex,"Graduate School of Science Technology, Shinshu University, Nagano, Japan",,False,0,university,True,False,False,False,False
3c0c02f98e81,2,takase|y,openalex,"Faculty of Engineering, Shinshu University, Nagano, Japan",,False,0,university,True,False,False,False,False
3c0c02f98e81,3,arnold|s,openalex,"Faculty of Engineering, Shinshu University, Nagano, Japan",,False,0,university,True,False,False,False,False
3c0c02f98e81,4,takeshita|k,openalex,"Toyota Motor Corp, Aichi, Japan",トヨタ自動車,True,1,company,False,True,False,False,True
3c0c02f98e81,5,yamazaki|k,openalex,"Faculty of Engineering, Shinshu University, Nagano, Japan",,False,0,university,True,False,False,False,False
3e3b6ac4b4a6,1,obata|k,openalex,"Frontier Research Center, Toyota Motor Corporation, 1200 Mishuku, Susono-shi, Shizuoka-ken, Japan",トヨタ自動車,True,1,company,False,True,False,False,True
3e3b6ac4b4a6,2,kimura|k,openalex,"Frontier Research Center, Toyota Motor Corporation, 1200 Mishuku, Susono-shi, Shizuoka-ken, Japan",トヨタ自動車,True,1,company,False,True,False,False,True
3e3b6ac4b4a6,3,nakashima|t,openalex,"Graduate School of Frontier Sciences, The University of Tokyo, 5-1-5 Kashiwanoha Kashiwa-shi Chiba-ken Japan",,False,0,university,True,False,False,False,False
3e3b6ac4b4a6,4,hiekata|k,openalex,"Graduate School of Frontier Sciences, The University of Tokyo, 5-1-5 Kashiwanoha Kashiwa-shi Chiba-ken Japan",,False,0,university,True,False,False,False,False
40c3900e414c,1,baba|t,openalex,"Frontier Research Center; Japan; Shizuoka; Toyota Motor Corporation, 1200; Frontier Research Center, Toyota Motor Corporation, 1200, Mishuku, Susono, Shizuoka, Japan",トヨタ自動車,True,1,other|company,False,True,False,False,True
40c3900e414c,2,sodeyama|k,openalex,"Center for Materials Research by Information Integration (cMI2); Elements Strategy Initiative for Catalysts and Batteries (ESICB); Japan; National Institute for Materials Science (NIMS); Research and Services Division of Materials Data and Integrated System (MaDIS); Center for Materials Research by Information Integration (cMI2), Research and Services Division of Materials Data and Integrated System (MaDIS), National Institute for Materials Science (NIMS), 1-1 Namiki, Ibaraki 305-0044, Japan; Elements Strategy Initiative for Catalysts and Batteries (ESICB), Kyoto University, Goryo-Ohara, Nishikyo-ku, Kyoto 615-8245, Japan",,False,0,other|government|university,True,False,True,False,False
40c3900e414c,3,kawamura|y,openalex,"Frontier Research Center; Japan; Shizuoka; Toyota Motor Corporation, 1200; Frontier Research Center, Toyota Motor Corporation, 1200, Mishuku, Susono, Shizuoka, Japan",トヨタ自動車,True,1,other|company,False,True,False,False,True
40c3900e414c,4,tateyama|y,openalex,"Center for Materials Research by Information Integration (cMI2); Elements Strategy Initiative for Catalysts and Batteries (ESICB); Japan; National Institute for Materials Science (NIMS); Research and Services Division of Materials Data and Integrated System (MaDIS); Center for Green Research on Energy and Environmental Materials (GREEN) and International Center for Materials Nanoarchitectonics (MANA), NIMS, 1-1 Namiki, Tsukuba, Ibaraki 305-0044, Japan; Center for Materials Research by Information Integration (cMI2), Research and Services Division of Materials Data and Integrated System (MaDIS), National Institute for Materials Science (NIMS), 1-1 Namiki, Ibaraki 305-0044, Japan; Elements Strategy Initiative for Catalysts and Batteries (ESICB), Kyoto University, Goryo-Ohara, Nishikyo-ku, Kyoto 615-8245, Japan",,False,0,other|government|university,True,False,True,False,False
438325c7829e,1,honda|k,openalex,"College of Engineering, Ibaraki University",,False,0,university,True,False,False,False,False
438325c7829e,2,uno|m,openalex,"College of Engineering, Ibaraki University",,False,0,university,True,False,False,False,False
438325c7829e,3,urabe|s,openalex,Toyota Motor Corporation,トヨタ自動車,True,1,company,False,True,False,False,True
4426304a2135,1,takeshita|k,openalex,"Toyota Motor Corporation,Frontier Research Center,Toyota,Aichi,Japan",トヨタ自動車,True,1,company,False,True,False,False,True
4426304a2135,2,yamazaki|t,openalex,"Toyota Motor Corporation,Frontier Research Center,Toyota,Aichi,Japan",トヨタ自動車,True,1,company,False,True,False,False,True
4426304a2135,3,ono|t,openalex,"Toyota Motor Corporation,Frontier Research Center,Toyota,Aichi,Japan",トヨタ自動車,True,1,company,False,True,False,False,True
4426304a2135,4,yamamoto|t,openalex,"Aichi Institute of Technology,Faculty of Information Science,Department of Information Science,Toyota,Aichi,Japan",,False,0,university,True,False,False,False,True
461bd60b5c38,1,moriya|y,scopus,Faculty of Engineering,,False,0,other,False,False,False,False,False
461bd60b5c38,2,tanaka|d,scopus,Faculty of Engineering,,False,0,other,False,False,False,False,False
461bd60b5c38,3,yamazaki|k,scopus,Faculty of Engineering,,False,0,other,False,False,False,False,False
461bd60b5c38,4,takeshita|k,scopus,Toyota Motor Corporation,トヨタ自動車,True,1,company,False,True,False,False,True
49652640086d,1,kawase|y,scopus,The University of Tokyo,,False,0,university,True,False,False,False,False
49652640086d,2,makino|k,scopus,Kyoto University,,False,0,university,True,False,False,False,False
49652640086d,3,phan|v,scopus,Toyota Motor Corporation,トヨタ自動車,True,1,company,False,True,False,False,True
49652640086d,4,sumita|h,scopus,Institute of Science Tokyo,,False,0,other,False,False,False,False,False
49cf5402c65b,1,oura|r,,,,False,0,,False,False,False,False,False
49cf5402c65b,2,ito|y,,,,False,0,,False,False,False,False,False
4c76d4a8cf71,1,kanai|t,openalex,"Toyota Research Institute (TRI),Los Altos,CA; Toyota Research Institute (TRI), Los Altos, CA",Toyota Research Institute,False,1,company,False,True,False,False,True
4c76d4a8cf71,2,vasiljevic|i,openalex,"Toyota Research Institute (TRI),Los Altos,CA; Toyota Research Institute (TRI), Los Altos, CA",Toyota Research Institute,False,1,company,False,True,False,False,True
4c76d4a8cf71,3,guizilini|v,openalex,"Toyota Research Institute (TRI),Los Altos,CA; Toyota Research Institute (TRI), Los Altos, CA",Toyota Research Institute,False,1,company,False,True,False,False,True
4c76d4a8cf71,4,gaidon|a,openalex,"Toyota Research Institute (TRI),Los Altos,CA; Toyota Research Institute (TRI), Los Altos, CA",Toyota Research Institute,False,1,company,False,True,False,False,True
4c76d4a8cf71,5,ambrus|r,openalex,"Toyota Research Institute (TRI),Los Altos,CA; Toyota Research Institute (TRI), Los Altos, CA",Toyota Research Institute,False,1,company,False,True,False,False,True
4e5fb6363e9c,1,yamaguchi|t,openalex,"Toyota Motor Corporation,Toyota, Aichi,Japan,471-8571",トヨタ自動車,True,1,company,False,True,False,False,True
4e5fb6363e9c,2,nishitani|i,openalex,"Toyota Motor Corporation,Toyota, Aichi,Japan,471-8571",トヨタ自動車,True,1,company,False,True,False,False,True
4e5fb6363e9c,3,ota|y,openalex,"Toyota Motor Corporation,Toyota, Aichi,Japan,471-8571",トヨタ自動車,True,1,company,False,True,False,False,True
4e5fb6363e9c,4,hoxha|b,openalex,"Toyota Motor North America R&amp;D,Ann Arbor,MI,USA,48105",Toyota Motor North America,False,1,company,False,True,False,False,True
4e5fb6363e9c,5,fainekos|g,openalex,"Toyota Motor North America R&amp;D,Ann Arbor,MI,USA,48105",Toyota Motor North America,False,1,company,False,True,False,False,True
584944f8b64b,1,kaji|h,openalex,"Toyota Motor Corp., Frontier Research Center, Susono, Shizuoka, Japan",トヨタ自動車,True,1,company,False,True,False,False,True
584944f8b64b,2,yamaguchi|h,openalex,"Toyota Motor Corp., Frontier Research Center, Susono, Shizuoka, Japan",トヨタ自動車,True,1,company,False,True,False,False,True
584944f8b64b,3,shigeto|k,openalex,"Toyota Motor Corp., Frontier Research Center, Nakamura-ku, Nagoya, Aichi, Japan",トヨタ自動車,True,1,company,False,True,False,False,True
584944f8b64b,4,kikuchi|h,openalex,"Toyota Motor Corp., Frontier Research Center, Toyota, Aichi, Japan",トヨタ自動車,True,1,company,False,True,False,False,True
5d24803d1222,1,toyoda|a,openalex,"Frontier Research Center, Toyota Motor Corporation, Toyota, Aichi, 471-8572, Japan",トヨタ自動車,True,1,company,False,True,False,False,True
5d24803d1222,2,shibata|y,openalex,"Frontier Research Center, Toyota Motor Corporation, Toyota, Aichi, 471-8572, Japan",トヨタ自動車,True,1,company,False,True,False,False,True
5d24803d1222,3,matsuo|y,openalex,"Frontier Research Center, Toyota Motor Corporation, Toyota, Aichi, 471-8572, Japan",トヨタ自動車,True,1,company,False,True,False,False,True
5d24803d1222,4,terada|k,openalex,"Frontier Research Center, Toyota Motor Corporation, Toyota, Aichi, 471-8572, Japan",トヨタ自動車,True,1,company,False,True,False,False,True
5d24803d1222,5,sugimoto|h,openalex,"Toyota Central R&D Labs, Inc., Nagakute, Aichi, 480-1192, Japan",豊田中央研究所,True,1,company,False,True,False,False,True
5d24803d1222,6,higashi|k,openalex,"Department of Informatics, National Institute of Genetics, Mishima, Shizuoka, 411-8540, Japan",,False,0,government,False,False,True,False,False
5d24803d1222,7,mori|h,openalex,"Department of Informatics, National Institute of Genetics, Mishima, Shizuoka, 411-8540, Japan",,False,0,government,False,False,True,False,False
5d24803d1222,8,ikeuchi|a,openalex,"Frontier Research Center, Toyota Motor Corporation, Toyota, Aichi, 471-8572, Japan",トヨタ自動車,True,1,company,False,True,False,False,True
5d24803d1222,9,ito|m,openalex,"Frontier Research Center, Toyota Motor Corporation, Toyota, Aichi, 471-8572, Japan",トヨタ自動車,True,1,company,False,True,False,False,True
5d24803d1222,10,kurokawa|k,openalex,"Department of Informatics, National Institute of Genetics, Mishima, Shizuoka, 411-8540, Japan",,False,0,government,False,False,True,False,False
5d24803d1222,11,katahira|s,openalex,"Frontier Research Center, Toyota Motor Corporation, Toyota, Aichi, 471-8572, Japan. e1355@mosk.tytlabs.co.jp; Frontier Research Center, Toyota Motor Corporation, Toyota, Aichi, 471-8572, Japan",豊田中央研究所|トヨタ自動車,True,2,company,False,True,False,False,True
5f8ac6858045,1,oishi|k,openalex,"K. Oishi is affiliated with the Toyota Central R&D LABS., inc., Aichi 480-1192, Japan",豊田中央研究所,True,1,company,False,True,False,False,True
5f8ac6858045,2,hashizume|y,openalex,"Y. Hashizume and K. Kashima are affiliated with the Graduate School of Informatics, Kyoto University, Kyoto 606-8501, Japan",,False,0,university,True,False,False,False,False
5f8ac6858045,3,jimbo|t,openalex,"T. Jimbo and H. Kaji are affiliated with the Frontier Research Center, Toyota Motor Corporation, Aichi, 471-8571, Japan",トヨタ自動車,True,1,company,False,True,False,False,True
5f8ac6858045,4,kaji|h,openalex,"T. Jimbo and H. Kaji are affiliated with the Frontier Research Center, Toyota Motor Corporation, Aichi, 471-8571, Japan",トヨタ自動車,True,1,company,False,True,False,False,True
5f8ac6858045,5,kashima|k,openalex,"Y. Hashizume and K. Kashima are affiliated with the Graduate School of Informatics, Kyoto University, Kyoto 606-8501, Japan",,False,0,university,True,False,False,False,False
5fcff8ee5f8b,1,yu|z,openalex,"Division of Information Science, Nara Institute of Science and Technology, Nara, Japan",,False,0,other,False,False,False,False,False
5fcff8ee5f8b,2,lim|b,openalex,"Division of Information Science, Nara Institute of Science and Technology, Nara, Japan",,False,0,other,False,False,False,False,False
5fcff8ee5f8b,3,tan|r,openalex,"Division of Information Science, Nara Institute of Science and Technology, Nara, Japan",,False,0,other,False,False,False,False,False
5fcff8ee5f8b,4,kaji|h,openalex,"Frontier Research Center, Toyota Motor Corporation, Aichi, Japan",トヨタ自動車,True,1,company,False,True,False,False,True
5fcff8ee5f8b,5,ikeda|k,openalex,"Division of Information Science, Nara Institute of Science and Technology, Nara, Japan",,False,0,other,False,False,False,False,False
61198cf88bd5,1,demura|s,openalex,"Toyota Motor Corp., Nagano, Japan",トヨタ自動車,True,1,company,False,True,False,False,True
61198cf88bd5,2,sano|k,openalex,"Toyota Motor Corp., Nagano, Japan",トヨタ自動車,True,1,company,False,True,False,False,True
61198cf88bd5,3,nakajima|w,openalex,"Toyota Motor Corp., Nagano, Japan",トヨタ自動車,True,1,company,False,True,False,False,True
61198cf88bd5,4,nagahama|k,openalex,"Faculty of Engineering, Shinshu University, Nagano, Japan",,False,0,university,True,False,False,False,False
61198cf88bd5,5,takeshita|k,openalex,"Toyota Motor Corp., Nagano, Japan",トヨタ自動車,True,1,company,False,True,False,False,True
61198cf88bd5,6,yamazaki|k,openalex,"Faculty of Engineering, Shinshu University, Nagano, Japan",,False,0,university,True,False,False,False,False
6152a9ae67b2,1,katayama|s,openalex,"Dept. of System Science, Kyoto University, Kyoto, Japan",,False,0,university,True,False,False,False,False
6152a9ae67b2,2,satoh|y,openalex,"Dept. of Electrical Engineering, Tokyo University of Science, Tokyo, Japan",,False,0,university,True,False,False,False,False
6152a9ae67b2,3,doi|m,openalex,"Planning and Management Dept., Toyota Motor Corporation (Tokyo), Tokyo, Japan",トヨタ自動車,True,1,company,False,True,False,False,True
6152a9ae67b2,4,ohtsuka|t,openalex,"Dept. of System Science, Kyoto University, Kyoto, Japan",,False,0,university,True,False,False,False,False
625b126a686e,1,hasegawa|a,openalex,"The University of Tokyo, Kashiwa, Chiba, Japan",,False,0,university,True,False,False,False,False
625b126a686e,2,fujimoto|h,openalex,"The University of Tokyo, Kashiwa, Chiba, Japan",,False,0,university,True,False,False,False,False
625b126a686e,3,takahashi|t,openalex,"Mobile Manipulator Robot Group, Toyota Motor Corporation, Toyota, Aichi, Japan",トヨタ自動車,True,1,company,False,True,False,False,True
62bebd280b1b,1,ji|c,openalex,"Ann Arbor; Department of Electrical Engineering and Computer Science; The University of Michigan; USA; Department of Electrical Engineering and Computer Science, The University of Michigan, Ann Arbor, Michigan 48109, USA",,False,0,other|university,True,False,False,False,False
62bebd280b1b,2,zhang|z,openalex,"Ann Arbor; Department of Electrical Engineering and Computer Science; The University of Michigan; USA; Department of Electrical Engineering and Computer Science, The University of Michigan, Ann Arbor, Michigan 48109, USA",,False,0,other|university,True,False,False,False,False
62bebd280b1b,3,masuda|t,openalex,"Japan; Susono-shi; Toyota Motor Corporation; X-Frontier Division; X-Frontier Division, Toyota Motor Corporation, Susono-shi, Shizuoka, Japan",トヨタ自動車,True,1,other|company,False,True,False,False,True
62bebd280b1b,4,kudo|y,openalex,"Japan; Susono-shi; Toyota Motor Corporation; X-Frontier Division; X-Frontier Division, Toyota Motor Corporation, Susono-shi, Shizuoka, Japan",トヨタ自動車,True,1,other|company,False,True,False,False,True
62bebd280b1b,5,guo|l,openalex,"Ann Arbor; Department of Electrical Engineering and Computer Science; The University of Michigan; USA; Department of Electrical Engineering and Computer Science, The University of Michigan, Ann Arbor, Michigan 48109, USA",,False,0,other|university,True,False,False,False,False
6433436a43c6,1,sui|y,openalex,"Division of Applied Life Sciences, Graduate School of Agriculture, Kyoto University , Kyoto , Japan",,False,0,university,True,False,False,False,False
6433436a43c6,2,maruyama|s,openalex,"Division of Applied Life Sciences, Graduate School of Agriculture, Kyoto University , Kyoto , Japan",,False,0,university,True,False,False,False,False
6433436a43c6,3,okada|n,openalex,"Division of Applied Life Sciences, Graduate School of Agriculture, Kyoto University , Kyoto , Japan",,False,0,university,True,False,False,False,False
6433436a43c6,4,ito|m,openalex,"Future Project Division, Frontier Research Center, Toyota Motor Corporation , Toyota, Aichi , Japan",トヨタ自動車,True,1,company,False,True,False,False,True
6433436a43c6,5,muramatsu|m,openalex,"Future Project Division, Frontier Research Center, Toyota Motor Corporation , Toyota, Aichi , Japan",トヨタ自動車,True,1,company,False,True,False,False,True
6433436a43c6,6,obata|s,openalex,"Future Project Division, Frontier Research Center, Toyota Motor Corporation , Toyota, Aichi , Japan",トヨタ自動車,True,1,company,False,True,False,False,True
6433436a43c6,7,ogawa|j,openalex,"Division of Applied Life Sciences, Graduate School of Agriculture, Kyoto University , Kyoto , Japan",,False,0,university,True,False,False,False,False
6433436a43c6,8,kishino|s,openalex,"Division of Applied Life Sciences, Graduate School of Agriculture, Kyoto University , Kyoto , Japan",,False,0,university,True,False,False,False,False
666645c0e7a2,1,shinoda|k,openalex,"Frontier Research Center, Toyota Motor Corporation",トヨタ自動車,True,1,company,False,True,False,False,True
666645c0e7a2,2,kaji|h,openalex,"Frontier Research Center, Toyota Motor Corporation",トヨタ自動車,True,1,company,False,True,False,False,True
666645c0e7a2,3,sugiyama|m,openalex,"Center for Advanced Intelligence Project, RIKEN; Graduate School of Frontier Sciences, The University of Tokyo",,False,0,government|university,True,False,True,False,False
66fe0f391d63,1,lai|c,openalex,"National Chung Hsing University,Department of Electrical Engineering,Taiwan",,False,0,university,True,False,False,False,False
66fe0f391d63,2,pan|m,openalex,"National Chung Hsing University,Department of Electrical Engineering,Taiwan",,False,0,university,True,False,False,False,False
66fe0f391d63,3,chen|m,openalex,"National Chung Hsing University,Department of Electrical Engineering,Taiwan",,False,0,university,True,False,False,False,False
66fe0f391d63,4,dong|g,openalex,"Toyota Frontier Research Center, Toyota Motor Corporation,Japan",トヨタ自動車,True,1,company,False,True,False,False,True
66fe0f391d63,5,omori|h,openalex,"Institute for innovation science and technology Nagasaki Institute of Applied Science,Japan",,False,0,other,False,False,False,False,False
691b574f30ae,1,otoupal|p,openalex,"Biomass Science and Conversion Technologies, Sandia National Laboratories, Livermore, California, USA; Joint BioEnergy Institute, Emeryville, California, USA",,False,0,government|other,False,False,True,False,False
691b574f30ae,2,ito|m,openalex,"Energy Biosciences Institute, Berkeley, California, USA; T-Frontier Division, Frontier Research Center, Toyota Motor Corporation, Aichi, Japan",トヨタ自動車,True,1,other|company,False,True,False,False,True
691b574f30ae,3,arkin|a,openalex,"Department of Bioengineering, University of California, Berkeley, Berkeley, California, USA; Energy Biosciences Institute, Berkeley, California, USA; Environmental Genomics and Systems Biology Division, Lawrence Berkeley National Laboratory, Berkeley, California, USA",,False,0,university|other|government,True,False,True,False,False
691b574f30ae,4,magnuson|j,openalex,"Chemical and Biological Processing Group, Pacific Northwest National Laboratory, Richland, Washington, USA; Joint BioEnergy Institute, Emeryville, California, USA",,False,0,government|other,False,False,True,False,False
691b574f30ae,5,gladden|j,openalex,"Biomass Science and Conversion Technologies, Sandia National Laboratories, Livermore, California, USA; Joint BioEnergy Institute, Emeryville, California, USA",,False,0,government|other,False,False,True,False,False
691b574f30ae,6,skerker|j,openalex,"Biological Systems and Engineering Division, Lawrence Berkeley National Laboratory, Berkeley, California, USA; Department of Bioengineering, University of California, Berkeley, Berkeley, California, USA; Energy Biosciences Institute, Berkeley, California, USA",,False,0,government|university|other,True,False,True,False,False
6bb9b41a2203,1,ito|m,openalex,"R-Frontier Division, Frontier Research Center, Toyota Motor Corporation, 1 Toyota-Cho, Toyota, Aichi, 471-8572, Japan",トヨタ自動車,True,1,company,False,True,False,False,True
6bb9b41a2203,2,sui|y,openalex,"Division of Applied Life Sciences, Graduate School of Agriculture, Kyoto University, Kitashirakawa Oiwake-Cho, Sakyo-Ku, Kyoto, 606-8502, Japan",,False,0,university,True,False,False,False,False
6bb9b41a2203,3,okada|n,openalex,"Division of Applied Life Sciences, Graduate School of Agriculture, Kyoto University, Kitashirakawa Oiwake-Cho, Sakyo-Ku, Kyoto, 606-8502, Japan",,False,0,university,True,False,False,False,False
6bb9b41a2203,4,kitamura|n,openalex,"Division of Applied Life Sciences, Graduate School of Agriculture, Kyoto University, Kitashirakawa Oiwake-Cho, Sakyo-Ku, Kyoto, 606-8502, Japan",,False,0,university,True,False,False,False,False
6bb9b41a2203,5,kishino|s,openalex,"Division of Applied Life Sciences, Graduate School of Agriculture, Kyoto University, Kitashirakawa Oiwake-Cho, Sakyo-Ku, Kyoto, 606-8502, Japan",,False,0,university,True,False,False,False,False
6bb9b41a2203,6,muramatsu|m,openalex,"R-Frontier Division, Frontier Research Center, Toyota Motor Corporation, 1 Toyota-Cho, Toyota, Aichi, 471-8572, Japan",トヨタ自動車,True,1,company,False,True,False,False,True
6bb9b41a2203,7,ogawa|j,openalex,"Division of Applied Life Sciences, Graduate School of Agriculture, Kyoto University, Kitashirakawa Oiwake-Cho, Sakyo-Ku, Kyoto, 606-8502, Japan. ogawa.jun.8a@kyoto-u.ac.jp",,False,0,university,True,False,False,False,False
6c87b7ec0310,1,phan|v,openalex,"R-Frontier Division, Toyota Motor Corporation, Aichi 471-8572, Japan",トヨタ自動車,True,1,company,False,True,False,False,True
6c87b7ec0310,2,taniguchi|m,openalex,"R-Frontier Division, Toyota Motor Corporation, Aichi 471-8572, Japan",トヨタ自動車,True,1,company,False,True,False,False,True
6c87b7ec0310,3,yabushita|h,openalex,"Service Parts Logistics Division, Toyota Motor Corporation, Aichi 471-8572, Japan",トヨタ自動車,True,1,company,False,True,False,False,True
6d757339e104,1,oishi|k,scopus,"Toyota Central R&D Labs., Inc.",豊田中央研究所,True,1,company,False,True,False,False,True
6d757339e104,2,amano|y,scopus,"Toyota Central R&D Labs., Inc.",豊田中央研究所,True,1,company,False,True,False,False,True
6d757339e104,3,jimbo|t,scopus,Toyota Motor Corporation,トヨタ自動車,True,1,company,False,True,False,False,True
6e8e782da858,1,hashida|y,openalex,"Graduate School of Agricultural and Life Sciences, The University of Tokyo; Research Institute for Food and Agriculture, Ryukoku University; Graduate School of Agricultural and Life Sciences, The University of Tokyo , Tokyo, Japan; Research Institute for Food and Agriculture, Ryukoku University , Otsu, Japan",,False,0,university,True,False,False,False,False
6e8e782da858,2,kadoya|s,openalex,"Graduate School of Agricultural and Life Sciences, The University of Tokyo; Graduate School of Agricultural and Life Sciences, The University of Tokyo , Tokyo, Japan",,False,0,university,True,False,False,False,False
6e8e782da858,3,okamura|m,openalex,"Graduate School of Agricultural and Life Sciences, The University of Tokyo; Institute of Crop Science, NARO; Graduate School of Agricultural and Life Sciences, The University of Tokyo , Tokyo, Japan; Institute of Crop Science, NARO , Tsukuba, Japan",,False,0,university|other,True,False,False,False,False
6e8e782da858,4,sugimura|y,openalex,"Graduate School of Agricultural Science, Meijo University; Mie Prefecture Matsusaka Agricultural Extension Center; Graduate School of Agricultural Science, Meijo University , Nagoya, Japan; Mie Prefecture Matsusaka Agricultural Extension Center , Matsusaka, Japan",,False,0,university|other,True,False,False,False,False
6e8e782da858,5,hirano|t,openalex,"Graduate School of Agricultural Science, Meijo University; Graduate School of Agricultural Science, Meijo University , Nagoya, Japan",,False,0,university,True,False,False,False,False
6e8e782da858,6,hirose|t,openalex,"Central Region Agricultural Research Center, NARO; Graduate School of Agricultural and Life Sciences, The University of Tokyo; Central Region Agricultural Research Center, NARO , Niigata, Japan; Graduate School of Agricultural and Life Sciences, The University of Tokyo , Tokyo, Japan",,False,0,other|university,True,False,False,False,False
6e8e782da858,7,kondo|s,openalex,"Future Project Division, Toyota Motor Corporation; Future Project Division, Toyota Motor Corporation , Toyota, Japan",トヨタ自動車,True,1,company,False,True,False,False,True
6e8e782da858,8,ohto|c,openalex,"Future Project Division, Toyota Motor Corporation; Future Project Division, Toyota Motor Corporation , Toyota, Japan",トヨタ自動車,True,1,company,False,True,False,False,True
6e8e782da858,9,ohsugi|r,openalex,"Graduate School of Agricultural and Life Sciences, The University of Tokyo; Graduate School of Agricultural and Life Sciences, The University of Tokyo , Tokyo, Japan",,False,0,university,True,False,False,False,False
6e8e782da858,10,aoki|n,openalex,"Graduate School of Agricultural and Life Sciences, The University of Tokyo; Graduate School of Agricultural and Life Sciences, The University of Tokyo , Tokyo, Japan",,False,0,university,True,False,False,False,False
70ce2b43703e,1,goko|h,openalex,"Frontier Research Center, Toyota Motor Corporation, Aichi, Japan",トヨタ自動車,True,1,company,False,True,False,False,True
70ce2b43703e,2,makino|k,openalex,"Research Institute for Mathematical Sciences, Kyoto University, Japan; Kyoto University",,False,0,university,True,False,False,False,False
70ce2b43703e,3,miyazaki|s,openalex,"Academic Center for Computing and Media Studies, Kyoto University, Japan; Kyoto University",,False,0,university,True,False,False,False,False
70ce2b43703e,4,yokoi|y,openalex,"Principles of Informatics Research Division, National Institute of Informatics, Tokyo, Japan; National Institute of Informatics,",,False,0,government,False,False,True,False,False
70f068cc68c2,1,sagawa|d,openalex,"The University of Tokyo, School of Engineeering, 7-3-1 Bunkyo, Tokyo, Japan",,False,0,university,True,False,False,False,False
70f068cc68c2,2,kimura|k,openalex,"Frontier Research Center, Toyota Motor Corporation, 1200 Mishuku, Susono, Shizuoka, Japan",トヨタ自動車,True,1,company,False,True,False,False,True
70f068cc68c2,3,tanaka|k,openalex,"The University of Tokyo, School of Engineeering, 7-3-1 Bunkyo, Tokyo, Japan",,False,0,university,True,False,False,False,False
7394b8f9c395,1,takahashi|t,openalex,"R-Frontier,Div Toyota Motor Corporation,Tokyo,Japan; Div Toyota Motor Corporation, R-Frontier, Tokyo, Japan; Robotics, Toyota Research Institute, Cambridge, MA, USA",トヨタ自動車|Toyota Research Institute,True,2,company,False,True,False,False,True
7394b8f9c395,2,ishida|y,openalex,"Toyota Motor Corporation,R-Frontier Div.,Aichi,Japan; R-Frontier Div., Toyota Motor Corporation, Aichi, Japan",トヨタ自動車,True,1,company,False,True,False,False,True
7394b8f9c395,3,mima|n,openalex,"Toyota Motor Corporation,R-Frontier Div.,Aichi,Japan; R-Frontier Div., Toyota Motor Corporation, Aichi, Japan",トヨタ自動車,True,1,company,False,True,False,False,True
7394b8f9c395,4,takeshita|k,openalex,"Toyota Motor Corporation,R-Frontier Div.,Aichi,Japan; R-Frontier Div., Toyota Motor Corporation, Aichi, Japan",トヨタ自動車,True,1,company,False,True,False,False,True
7394b8f9c395,5,asahara|y,openalex,"Robotics Toyota Research Institute,Los Altos,CA,USA; Robotics Toyota Research Institute, Los Altos, CA, USA",Toyota Research Institute,False,1,company,False,True,False,False,True
7394b8f9c395,6,bitc|h,openalex,"Toyota Motor Corporation,R-Frontier Div.,Aichi,Japan; R-Frontier Div., Toyota Motor Corporation, Aichi, Japan",トヨタ自動車,True,1,company,False,True,False,False,True
7394b8f9c395,7,kajima|h,openalex,"Toyota Motor Corporation,R-Frontier Div.,Aichi,Japan; R-Frontier Div., Toyota Motor Corporation, Aichi, Japan",トヨタ自動車,True,1,company,False,True,False,False,True
7498f7eaab3f,1,masui|k,openalex,"Graduate School of Information Science and Technology, The University of Tokyo, Japan",,False,0,university,True,False,False,False,False
7498f7eaab3f,2,ochiai|a,openalex,"Mobile Manipulation Technology, Robotics, Toyota Research Institute, Japan",Toyota Research Institute,False,1,company,False,True,False,False,True
7498f7eaab3f,3,yoshizawa|s,openalex,"Basic Research Group No. 2, Frontier Research Planning Dept., Frontier Research Center, Toyota Motor Corporation, Japan",トヨタ自動車,True,1,company,False,True,False,False,True
7498f7eaab3f,4,nakayama|h,openalex,"Graduate School of Information Science and Technology, The University of Tokyo, Japan",,False,0,university,True,False,False,False,False
789dbbedb440,1,yamamoto|t,openalex,"Frontier Research Center, Toyota Motor Corporation, Toyota, Japan",トヨタ自動車,True,1,company,False,True,False,False,True
789dbbedb440,2,takagi|y,openalex,"Frontier Research Center, Toyota Motor Corporation, Toyota, Japan",トヨタ自動車,True,1,company,False,True,False,False,True
789dbbedb440,3,ochiai|a,openalex,"Toyota Research Institute, Los Altos, CA, USA",Toyota Research Institute,False,1,company,False,True,False,False,True
789dbbedb440,4,iwamoto|k,openalex,"Frontier Research Center, Toyota Motor Corporation, Toyota, Japan",トヨタ自動車,True,1,company,False,True,False,False,True
789dbbedb440,5,itozawa|y,openalex,"Frontier Research Center, Toyota Motor Corporation, Toyota, Japan",トヨタ自動車,True,1,company,False,True,False,False,True
789dbbedb440,6,asahara|y,openalex,"Frontier Research Center, Toyota Motor Corporation, Toyota, Japan",トヨタ自動車,True,1,company,False,True,False,False,True
789dbbedb440,7,yokochi|y,openalex,"Frontier Research Center, Toyota Motor Corporation, Toyota, Japan",トヨタ自動車,True,1,company,False,True,False,False,True
789dbbedb440,8,ikeda|k,openalex,"Frontier Research Center, Toyota Motor Corporation, Toyota, Japan",トヨタ自動車,True,1,company,False,True,False,False,True
80c9850e8d43,1,kanai|t,openalex,"Toyota Motor Corporation (TMC),Frontier Research Center,Toyota,Japan",トヨタ自動車,True,1,company,False,True,False,False,True
80c9850e8d43,2,vasiljevic|i,openalex,"Toyota Research Institute (TRI),Los Altos,California,United States",Toyota Research Institute,False,1,company,False,True,False,False,True
80c9850e8d43,3,guizilini|v,openalex,"Toyota Research Institute (TRI),Los Altos,California,United States",Toyota Research Institute,False,1,company,False,True,False,False,True
80c9850e8d43,4,shintani|k,openalex,"Toyota Motor Corporation (TMC),Frontier Research Center,Toyota,Japan",トヨタ自動車,True,1,company,False,True,False,False,True
80f26be997e2,1,yamazaki|k,openalex,"Shinshu University,Faculty of Engineering,Nagano,Japan,380-8553",,False,0,university,True,False,False,False,False
80f26be997e2,2,iwasaki|t,openalex,"Shinshu University,Graduate School of Science Technology,Japan",,False,0,university,True,False,False,False,False
80f26be997e2,3,takase|y,openalex,"Shinshu University,Faculty of Engineering,Nagano,Japan,380-8553",,False,0,university,True,False,False,False,False
80f26be997e2,4,arnold|s,openalex,"Shinshu University,Faculty of Engineering,Nagano,Japan,380-8553",,False,0,university,True,False,False,False,False
80f26be997e2,5,takeshita|k,openalex,Toyota Motor Corp,トヨタ自動車,True,1,company,False,True,False,False,True
824f1914626e,1,shibata|k,openalex,"Applied Mathematics Research-Domain, Toyota Central R&D Labs., Inc., 41-1, Yokomichi, Nagakute, Aichi 480-1192, Japan",豊田中央研究所,True,1,company,False,True,False,False,True
824f1914626e,2,jimbo|t,openalex,"R-Frontier Division, Frontier Research Center, Toyota Motor Corporation, 1, Toyota-cho, Toyota, Aichi 471-8571, Japan",トヨタ自動車,True,1,company,False,True,False,False,True
824f1914626e,3,odashima|t,openalex,"R-Frontier Division, Frontier Research Center, Toyota Motor Corporation, 1, Toyota-cho, Toyota, Aichi 471-8571, Japan",トヨタ自動車,True,1,company,False,True,False,False,True
824f1914626e,4,takeshita|k,openalex,"R-Frontier Division, Frontier Research Center, Toyota Motor Corporation, 1, Toyota-cho, Toyota, Aichi 471-8571, Japan",トヨタ自動車,True,1,company,False,True,False,False,True
824f1914626e,5,matsubara|t,openalex,"Division of Information Science, Graduate School of Science and Technology, Nara Institute of Science and Technology, Nara 630-0192, Japan",,False,0,university,True,False,False,False,False
82adc0294157,1,kuribayashi|y,openalex,"Shinshu University,Graduate School of Engineering,Nagano,Japan",,False,0,university,True,False,False,False,False
82adc0294157,2,sowa|s,openalex,"Shinshu University,Graduate School of Engineering,Nagano,Japan",,False,0,university,True,False,False,False,False
82adc0294157,3,takeshita|k,openalex,Toyota Motor Cooperation,,False,0,other,False,False,False,False,True
82adc0294157,4,yamazaki|k,openalex,"Shinshu University,Faculty of Engineering,Nagano,Japan",,False,0,university,True,False,False,False,False
84a58934cd79,1,suwa|s,scopus,Shinshu University,,False,0,university,True,False,False,False,False
84a58934cd79,2,takeshita|k,scopus,Shinshu University,,False,0,university,True,False,False,False,False
84a58934cd79,3,yamazaki|k,scopus,Toyota Motor Corporation,トヨタ自動車,True,1,company,False,True,False,False,True
8528eb8cdf26,1,yamamoto|t,openalex,"Frontier Research Center, Toyota Motor Corporation, 543 Kirigahora, Nishihirose-cho, Toyota, Aichi, 470-0309, Japan",トヨタ自動車,True,1,company,False,True,False,False,True
8528eb8cdf26,2,terada|k,openalex,"Frontier Research Center, Toyota Motor Corporation, 543 Kirigahora, Nishihirose-cho, Toyota, Aichi, 470-0309, Japan",トヨタ自動車,True,1,company,False,True,False,False,True
8528eb8cdf26,3,ochiai|a,openalex,"Toyota Research Institute, 4440 El Camino Real, Los Altos, CA, 94022, USA",Toyota Research Institute,False,1,company,False,True,False,False,True
8528eb8cdf26,4,saito|f,openalex,"Frontier Research Center, Toyota Motor Corporation, 543 Kirigahora, Nishihirose-cho, Toyota, Aichi, 470-0309, Japan",トヨタ自動車,True,1,company,False,True,False,False,True
8528eb8cdf26,5,asahara|y,openalex,"Frontier Research Center, Toyota Motor Corporation, 543 Kirigahora, Nishihirose-cho, Toyota, Aichi, 470-0309, Japan",トヨタ自動車,True,1,company,False,True,False,False,True
8528eb8cdf26,6,murase|k,openalex,"Frontier Research Center, Toyota Motor Corporation, 543 Kirigahora, Nishihirose-cho, Toyota, Aichi, 470-0309, Japan",トヨタ自動車,True,1,company,False,True,False,False,True
870dc004e061,1,kikuchi|s,openalex,"Toyota Motor Corporation, Kanagawa, Japan",トヨタ自動車,True,1,company,False,True,False,False,True
870dc004e061,2,ngoc|t,openalex,"Toyota Technological Institute, Aichi, Japan",,False,0,other,False,False,False,False,False
870dc004e061,3,kawanishi|m,openalex,"Toyota Technological Institute, Aichi, Japan",,False,0,other,False,False,False,False,False
870dc004e061,4,narikiyo|t,openalex,"Toyota Technological Institute, Aichi, Japan",,False,0,other,False,False,False,False,False
88e8125ccb6f,1,shibata|s,openalex,"Department of Human Psychology, Sagami Women's University, Sagamihara, Japan",,False,0,university,True,False,False,False,False
88e8125ccb6f,2,tokuhiro|k,openalex,"Toyota Central R&D Labs., Inc., Nagakute, Japan",豊田中央研究所,True,1,company,False,True,False,False,True
88e8125ccb6f,3,ikeuchi|a,openalex,"Toyota Central R&D Labs., Inc., Nagakute, Japan",豊田中央研究所,True,1,company,False,True,False,False,True
88e8125ccb6f,4,ito|m,openalex,"Toyota Motor Corporation, Toyota, Japan",トヨタ自動車,True,1,company,False,True,False,False,True
88e8125ccb6f,5,kaji|h,openalex,"Toyota Motor Corporation, Toyota, Japan",トヨタ自動車,True,1,company,False,True,False,False,True
88e8125ccb6f,6,muramatsu|m,openalex,"Toyota Motor Corporation, Toyota, Japan",トヨタ自動車,True,1,company,False,True,False,False,True
892c666b2a34,1,kataoka|y,openalex,"Toyota Motor Corporation, Aichi, Japan",トヨタ自動車,True,1,company,False,True,False,False,True
892c666b2a34,2,yang|h,openalex,"McMaster University, Ontario, Canada",,False,0,university,True,False,False,False,False
892c666b2a34,3,keshavamurthy|s,openalex,"Toyota Motor North America, California, USA",Toyota Motor North America,False,1,company,False,True,False,False,True
892c666b2a34,4,nishitani|i,openalex,"Toyota Motor Corporation, Aichi, Japan",トヨタ自動車,True,1,company,False,True,False,False,True
892c666b2a34,5,oguchi|k,openalex,"Toyota Motor North America, California, USA",Toyota Motor North America,False,1,company,False,True,False,False,True
945604727437,1,shida|y,openalex,"Toyota Motor Corporation,R-Frontier Division, Frontier Research Center,Aichi,Japan",トヨタ自動車,True,1,company,False,True,False,False,True
945604727437,2,jimbo|t,openalex,"Toyota Central R&#x0026;D LABS., inc.,Aichi,Japan,480-1192",豊田中央研究所,True,1,company,False,True,False,False,True
945604727437,3,odashima|t,openalex,"Toyota Motor Corporation,R-Frontier Division, Frontier Research Center,Aichi,Japan",トヨタ自動車,True,1,company,False,True,False,False,True
945604727437,4,matsubara|t,openalex,"Nara Institute of Science and Technology,Division of Information Science, Graduate School of Science and Technology,Nara,Japan",,False,0,university,True,False,False,False,False
98aa059c2fbc,1,kaji|h,openalex,"Frontier Research Center, Toyota Motor Corporation, Susono, Shizuoka, Japan",トヨタ自動車,True,1,company,False,True,False,False,True
98aa059c2fbc,2,ikeda|k,openalex,"Graduate School of Science and Technology, Nara Institute of Science and Technology, Ikoma, Nara, Japan",,False,0,university,True,False,False,False,False
9defcdf411af,1,yamanaka|y,openalex,"Waseda University, 3-4-1 Ohkubo, Shinjuku-ku, Tokyo, Japan",,False,0,university,True,False,False,False,False
9defcdf411af,2,uchida|k,openalex,"Waseda University, 3-4-1 Ohkubo, Shinjuku-ku, Tokyo, Japan",,False,0,university,True,False,False,False,False
9defcdf411af,3,akashi|m,openalex,"Waseda University, 3-4-1 Ohkubo, Shinjuku-ku, Tokyo, Japan",,False,0,university,True,False,False,False,False
9defcdf411af,4,watanabe|y,openalex,"Waseda University, 3-4-1 Ohkubo, Shinjuku-ku, Tokyo, Japan",,False,0,university,True,False,False,False,False
9defcdf411af,5,yaguchi|a,openalex,"Tokyo Women's Medical University, Kawada-cho, Shinjuku-ku, Tokyo, Japan",,False,0,university,True,False,False,False,False
9defcdf411af,6,shimamoto|s,openalex,"Tokyo Women's Medical University, Kawada-cho, Shinjuku-ku, Tokyo, Japan",,False,0,university,True,False,False,False,False
9defcdf411af,7,shimoda|s,openalex,"Institute of Physical and Chemical Research, Moriyama-ku, Nagoya, Japan",,False,0,other,False,False,False,False,False
9defcdf411af,8,yamada|h,openalex,"Toyota Motor Corporation, 1, Toyota-cho, Toyoda, Japan",トヨタ自動車,True,1,company,False,True,False,False,True
9defcdf411af,9,yamashita|m,openalex,"Toyota Motor Corporation, 1, Toyota-cho, Toyoda, Japan",トヨタ自動車,True,1,company,False,True,False,False,True
9defcdf411af,10,kimura|h,openalex,"Waseda University, 3-4-1 Ohkubo, Shinjuku-ku, Tokyo, Japan. hkimura@brain.riken.jp; Waseda University, 3-4-1 Ohkubo, Shinjuku-ku, Tokyo, Japan",,False,0,university,True,False,False,False,False
9f2b54a78c3a,1,asl|h,openalex,"Control System Laboratory, Toyota Technological Institute, 2-12-1 Hisakata, Tempaku-ku, Nagoya, 468-8511, Japan",,False,0,other,False,False,False,False,False
9f2b54a78c3a,2,yamashita|m,openalex,"T-Frontier Division, Toyota Motor Corporation, Toyota-cho, Toyota, Japan",トヨタ自動車,True,1,company,False,True,False,False,True
9f2b54a78c3a,3,narikiyo|t,openalex,"Control System Laboratory, Toyota Technological Institute, 2-12-1 Hisakata, Tempaku-ku, Nagoya, 468-8511, Japan",,False,0,other,False,False,False,False,False
9f7f1f0e2493,1,tokuhiro|k,openalex,"Bioinspired Systems Research-Domain, Toyota Central R&D Labs., Inc., Nagakute, Aichi 480-1192, Japan",豊田中央研究所,True,1,company,False,True,False,False,True
9f7f1f0e2493,2,sugimoto|h,openalex,"Bioinspired Systems Research-Domain, Toyota Central R&D Labs., Inc., Nagakute, Aichi 480-1192, Japan",豊田中央研究所,True,1,company,False,True,False,False,True
9f7f1f0e2493,3,ikeuchi|a,openalex,"Bioinspired Systems Research-Domain, Toyota Central R&D Labs., Inc., Nagakute, Aichi 480-1192, Japan",豊田中央研究所,True,1,company,False,True,False,False,True
9f7f1f0e2493,4,tsujie|t,openalex,"park corporation, Minami Aoyama, Minatoku, Tokyo 107-0062, Japan",,False,0,company,False,True,False,False,False
9f7f1f0e2493,5,wada|e,openalex,"Pasona Nihon Somubu Co., Ltd., Kitahama-higashi, Chuoku, Osaka 540-0031, Japan",,False,0,company,False,True,False,False,False
9f7f1f0e2493,6,muramatsu|m,openalex,"Frontier Research Center, Toyota Motor Corporation, Toyota, Aichi 471-8572, Japan",トヨタ自動車,True,1,company,False,True,False,False,True
9f7f1f0e2493,7,ohto|c,openalex,"Frontier Research Center, Toyota Motor Corporation, Toyota, Aichi 471-8572, Japan",トヨタ自動車,True,1,company,False,True,False,False,True
a2886ae8b620,1,kondo|y,openalex,Toyota Motor Corporation,トヨタ自動車,True,1,company,False,True,False,False,True
a2886ae8b620,2,ukita|n,openalex,Toyota Technological Institute,,False,0,other,False,False,False,False,False
a2886ae8b620,3,yamaguchi|t,openalex,Iwate Agricultural Research Center,,False,0,other,False,False,False,False,False
a2886ae8b620,4,hou|h,openalex,National Tsing Hua University,,False,0,university,True,False,False,False,False
a2886ae8b620,5,shen|m,openalex,National Tsing Hua University,,False,0,university,True,False,False,False,False
a2886ae8b620,6,hsu|c,openalex,National Tsing Hua University,,False,0,university,True,False,False,False,False
a2886ae8b620,7,huang|e,openalex,National Tsing Hua University,,False,0,university,True,False,False,False,False
a2886ae8b620,8,huang|y,openalex,National Tsing Hua University,,False,0,university,True,False,False,False,False
a2886ae8b620,9,xia|y,openalex,National Tsing Hua University,,False,0,university,True,False,False,False,False
a2886ae8b620,10,wang|c,openalex,"Academia Sinica,Institute of Information Science; Institute of Information Science, Academia Sinica",,False,0,other,False,False,False,False,False
a2886ae8b620,11,lee|c,openalex,National Tsing Hua University,,False,0,university,True,False,False,False,False
a2886ae8b620,12,huo|d,openalex,Nagoya University,,False,0,university,True,False,False,False,False
a2886ae8b620,13,kastner|m,openalex,Kyoto University,,False,0,university,True,False,False,False,False
a2886ae8b620,14,liu|t,openalex,Nagoya University,,False,0,university,True,False,False,False,False
a2886ae8b620,15,kawanishi|y,openalex,RIKEN; Nagoya University,,False,0,government|university,True,False,True,False,False
a2886ae8b620,16,hirayama|t,openalex,University of Human Environments; Nagoya University,,False,0,university,True,False,False,False,False
a2886ae8b620,17,komamizu|t,openalex,Nagoya University,,False,0,university,True,False,False,False,False
a2886ae8b620,18,ide|i,openalex,Nagoya University,,False,0,university,True,False,False,False,False
a2886ae8b620,19,shinya|y,openalex,Independent Researcher,,False,0,other,False,False,False,False,False
a2886ae8b620,20,liu|x,openalex,Xi&#x2019;an Jiaotong University,,False,0,university,True,False,False,False,False
a2886ae8b620,21,liang|g,openalex,Xi&#x2019;an Jiaotong University,,False,0,university,True,False,False,False,False
a2886ae8b620,22,yasui|s,openalex,Space Shift Inc,,False,0,company,False,True,False,False,False
a2a7d8abd373,1,muramoto|n,openalex,"Genome Engineering Program, Strategic Innovative Research-Domain, Toyota Central R&D Laboratories, Inc., Nagakute, Aichi, 480-1192, Japan",豊田中央研究所,True,1,company,False,True,False,False,True
a2a7d8abd373,2,oda|a,openalex,"Department of Life Sciences, Graduate School of Arts and Sciences, The University of Tokyo, Komaba 3-8-1, Tokyo, 153-8902, Japan. odar@bio.c.u-tokyo.ac.jp; Universal Biology Institute, The University of Tokyo, Hongo 7-3-1, Tokyo, 113-0033, Japan. odar@bio.c.u-tokyo.ac.jp; Department of Life Sciences, Graduate School of Arts and Sciences, The University of Tokyo, Komaba 3-8-1, Tokyo, 153-8902, Japan",,False,0,university,True,False,False,False,False
a2a7d8abd373,3,tanaka|h,openalex,"Genome Engineering Program, Strategic Innovative Research-Domain, Toyota Central R&D Laboratories, Inc., Nagakute, Aichi, 480-1192, Japan",豊田中央研究所,True,1,company,False,True,False,False,True
a2a7d8abd373,4,nakamura|t,openalex,"Department of Life Sciences, Graduate School of Arts and Sciences, The University of Tokyo, Komaba 3-8-1, Tokyo, 153-8902, Japan",,False,0,university,True,False,False,False,False
a2a7d8abd373,5,kugou|k,openalex,"Department of Frontier Research, Kazusa DNA Research Institute, Kisarazu, Chiba, 292-0818, Japan; Department of Life Sciences, Graduate School of Arts and Sciences, The University of Tokyo, Komaba 3-8-1, Tokyo, 153-8902, Japan",,False,0,other|university,True,False,False,False,False
a2a7d8abd373,6,suda|k,openalex,"Department of Life Sciences, Graduate School of Arts and Sciences, The University of Tokyo, Komaba 3-8-1, Tokyo, 153-8902, Japan",,False,0,university,True,False,False,False,False
a2a7d8abd373,7,kobayashi|a,openalex,"Department of Life Sciences, Graduate School of Arts and Sciences, The University of Tokyo, Komaba 3-8-1, Tokyo, 153-8902, Japan",,False,0,university,True,False,False,False,False
a2a7d8abd373,8,yoneda|s,openalex,"Department of Life Sciences, Graduate School of Arts and Sciences, The University of Tokyo, Komaba 3-8-1, Tokyo, 153-8902, Japan",,False,0,university,True,False,False,False,False
a2a7d8abd373,9,ikeuchi|a,openalex,"Genome Engineering Program, Strategic Innovative Research-Domain, Toyota Central R&D Laboratories, Inc., Nagakute, Aichi, 480-1192, Japan",豊田中央研究所,True,1,company,False,True,False,False,True
a2a7d8abd373,10,sugimoto|h,openalex,"Genome Engineering Program, Strategic Innovative Research-Domain, Toyota Central R&D Laboratories, Inc., Nagakute, Aichi, 480-1192, Japan",豊田中央研究所,True,1,company,False,True,False,False,True
a2a7d8abd373,11,kondo|s,openalex,"Future Project Division, Toyota Motor Corporation, 1 Toyota-cho, Toyota, 471-8572, Japan",トヨタ自動車,True,1,company,False,True,False,False,True
a2a7d8abd373,12,ohto|c,openalex,"Future Project Division, Toyota Motor Corporation, 1 Toyota-cho, Toyota, 471-8572, Japan",トヨタ自動車,True,1,company,False,True,False,False,True
a2a7d8abd373,13,shibata|t,openalex,"Cellular & Molecular Biology Laboratory, RIKEN Advanced Science Institute, Wako-shi, Saitama, 351-0198, Japan",,False,0,government,False,False,True,False,False
a2a7d8abd373,14,mitsukawa|n,openalex,"Genome Engineering Program, Strategic Innovative Research-Domain, Toyota Central R&D Laboratories, Inc., Nagakute, Aichi, 480-1192, Japan. e1190@mosk.tytlabs.co.jp; Genome Engineering Program, Strategic Innovative Research-Domain, Toyota Central R&D Laboratories, Inc., Nagakute, Aichi, 480-1192, Japan",豊田中央研究所,True,1,company,False,True,False,False,True
a2a7d8abd373,15,ohta|k,openalex,"Department of Life Sciences, Graduate School of Arts and Sciences, The University of Tokyo, Komaba 3-8-1, Tokyo, 153-8902, Japan. kohta@bio.c.u-tokyo.ac.jp; Universal Biology Institute, The University of Tokyo, Hongo 7-3-1, Tokyo, 113-0033, Japan. kohta@bio.c.u-tokyo.ac.jp; Universal Biology Institute, The University of Tokyo, Hongo 7-3-1, Tokyo, 113-0033, Japan",,False,0,university,True,False,False,False,False
a375d473c249,1,nakaoka|s,,,,False,0,,False,False,False,False,False
a375d473c249,2,kanai|t,,,,False,0,,False,False,False,False,False
a375d473c249,3,tanaka|k,,,,False,0,,False,False,False,False,False
ae19ca349314,1,nakaoka|s,openalex,Toyota Motor Corporation,トヨタ自動車,True,1,company,False,True,False,False,True
ae19ca349314,2,tanada|k,openalex,Toyota Motor Corporation,トヨタ自動車,True,1,company,False,True,False,False,True
ae19ca349314,3,tanaka|k,openalex,Toyota Motor Corporation,トヨタ自動車,True,1,company,False,True,False,False,True
ae19ca349314,4,sugino|t,openalex,Toyota Motor Corporation,トヨタ自動車,True,1,company,False,True,False,False,True
ae19ca349314,5,kondo|y,openalex,Toyota Motor Corporation,トヨタ自動車,True,1,company,False,True,False,False,True
ae19ca349314,6,matsuzaki|s,openalex,Toyota Motor Corporation,トヨタ自動車,True,1,company,False,True,False,False,True
b482e43eb89f,1,sui|y,openalex,"Division of Applied Life Sciences, Graduate School of Agriculture, Kyoto University, Kyoto, Kyoto, Japan",,False,0,university,True,False,False,False,False
b482e43eb89f,2,kishino|s,openalex,"Division of Applied Life Sciences, Graduate School of Agriculture, Kyoto University, Kyoto, Kyoto, Japan",,False,0,university,True,False,False,False,False
b482e43eb89f,3,maruyama|s,openalex,"Division of Applied Life Sciences, Graduate School of Agriculture, Kyoto University, Kyoto, Kyoto, Japan",,False,0,university,True,False,False,False,False
b482e43eb89f,4,ito|m,openalex,"Future Project Division, Frontier Research Center, Toyota Motor Corporation, Toyota, Aichi, Japan",トヨタ自動車,True,1,company,False,True,False,False,True
b482e43eb89f,5,muramatsu|m,openalex,"Future Project Division, Frontier Research Center, Toyota Motor Corporation, Toyota, Aichi, Japan",トヨタ自動車,True,1,company,False,True,False,False,True
b482e43eb89f,6,obata|s,openalex,"Future Project Division, Frontier Research Center, Toyota Motor Corporation, Toyota, Aichi, Japan",トヨタ自動車,True,1,company,False,True,False,False,True
b482e43eb89f,7,ogawa|j,openalex,"Division of Applied Life Sciences, Graduate School of Agriculture, Kyoto University, Kyoto, Kyoto, Japan",,False,0,university,True,False,False,False,False
b569a0b0b052,1,masuda|t,openalex,"X-Frontier Division, Toyota Motor Corporation, 1200 Mishuku, Susono, Shizuoka 410-1193, Japan",トヨタ自動車,True,1,company,False,True,False,False,True
b569a0b0b052,2,kudo|y,openalex,"X-Frontier Division, Toyota Motor Corporation, 1200 Mishuku, Susono, Shizuoka 410-1193, Japan",トヨタ自動車,True,1,company,False,True,False,False,True
b569a0b0b052,3,banerjee|d,openalex,"Material Research Department, Toyota Research Institute of North America, 1555 Woodridge Avenue, Ann Arbor, MI 48105, USA",Toyota Research Institute,False,1,company,False,True,False,False,True
b64d72588d55,1,kohda|k,openalex,"Frontier Research Center, Toyota Motor Corporation, Toyota, Japan",トヨタ自動車,True,1,company,False,True,False,False,True
b64d72588d55,2,li|x,openalex,"Frontier Research Center, Toyota Motor Corporation, Toyota, Japan",トヨタ自動車,True,1,company,False,True,False,False,True
b64d72588d55,3,soga|n,openalex,"Frontier Research Center, Toyota Motor Corporation, Toyota, Japan",トヨタ自動車,True,1,company,False,True,False,False,True
b64d72588d55,4,nagura|r,openalex,"Frontier Research Center, Toyota Motor Corporation, Toyota, Japan",トヨタ自動車,True,1,company,False,True,False,False,True
b64d72588d55,5,duerna|t,openalex,"Department of Dermatology, Kyoto University Graduate School of Medicine, Kyoto, Japan",,False,0,university,True,False,False,False,False
b64d72588d55,6,nakajima|s,openalex,"Department of Dermatology, Kyoto University Graduate School of Medicine, Kyoto, Japan",,False,0,university,True,False,False,False,False
b64d72588d55,7,nakagawa|i,openalex,"Department of Microbiology, Kyoto University Graduate School of Medicine, Kyoto, Japan",,False,0,university,True,False,False,False,False
b64d72588d55,8,ito|m,openalex,"Frontier Research Center, Toyota Motor Corporation, Toyota, Japan",トヨタ自動車,True,1,company,False,True,False,False,True
b64d72588d55,9,ikeuchi|a,openalex,"Frontier Research Center, Toyota Motor Corporation, Toyota, Japan",トヨタ自動車,True,1,company,False,True,False,False,True
b93796e1efb7,1,fukada|y,scopus,Toyota Motor Corporation,トヨタ自動車,True,1,company,False,True,False,False,True
b93796e1efb7,2,minagawa|h,scopus,Quint Corporation,,False,0,company,False,True,False,False,False
b93796e1efb7,3,nakazato|c,scopus,Quint Corporation,,False,0,company,False,True,False,False,False
b93796e1efb7,4,nagatani|t,scopus,Toyota Motor Corporation,トヨタ自動車,True,1,company,False,True,False,False,True
bbd5871c0e12,1,fukada|y,scopus,Toyota Motor Corporation,トヨタ自動車,True,1,company,False,True,False,False,True
bbd5871c0e12,2,minagawa|h,scopus,Quint Corporation,,False,0,company,False,True,False,False,False
bbd5871c0e12,3,nakazato|c,scopus,Quint Corporation,,False,0,company,False,True,False,False,False
bbd5871c0e12,4,nagatani|t,scopus,Toyota Motor Corporation,トヨタ自動車,True,1,company,False,True,False,False,True
bc182cf274aa,1,nagahama|k,openalex,"Faculty of Engineering, Shinshu University, Nagano, Japan",,False,0,university,True,False,False,False,False
bc182cf274aa,2,takeshita|k,openalex,Toyota Motor Corporation,トヨタ自動車,True,1,company,False,True,False,False,True
bc182cf274aa,3,yaguchi|h,openalex,"JSK Robotics Lab, University of Tokyo, Tokyo, Japan",,False,0,university,True,False,False,False,False
bc182cf274aa,4,yamazaki|k,openalex,"Faculty of Engineering, Shinshu University, Nagano, Japan",,False,0,university,True,False,False,False,False
bc182cf274aa,5,yamamoto|t,openalex,Toyota Motor Corporation,トヨタ自動車,True,1,company,False,True,False,False,True
bc182cf274aa,6,inaba|m,openalex,"JSK Robotics Lab, University of Tokyo, Tokyo, Japan",,False,0,university,True,False,False,False,False
bd5ec03bcf0b,1,contreras|l,openalex,"Brain Science Institute, Tamagawa University, Tokyo, Japan",,False,0,university,True,False,False,False,False
bd5ec03bcf0b,2,yamamoto|t,openalex,"Frontier Research Center, Toyota Motor Corporation, Toyota, Japan",トヨタ自動車,True,1,company,False,True,False,False,True
bd5ec03bcf0b,3,matsusaka|y,openalex,"MID Academic Promotions Inc., Tokyo, Japan",,False,0,company,False,True,False,False,False
bd5ec03bcf0b,4,okada|h,openalex,"Brain Science Institute, Tamagawa University, Tokyo, Japan",,False,0,university,True,False,False,False,False
bf5747d045e5,1,zhu|r,openalex,"Dept. of Engineering, Shinshu University 4-17-1 Wakasato, Nagano, Japan",,False,0,university,True,False,False,False,False
bf5747d045e5,2,nagahama|k,openalex,"Mech. Sys. Engineering, Shinshu University 4-17-1 Wakasato, Nagano, Japan",,False,0,university,True,False,False,False,False
bf5747d045e5,3,takeshita|k,openalex,"Toyota Motor Corp. 1 Toyota-Cho, Toyota, Aichi, Japan",トヨタ自動車,True,1,company,False,True,False,False,True
bf5747d045e5,4,yamazaki|k,openalex,"Mech. Sys. Engineering, Shinshu University 4-17-1 Wakasato, Nagano, Japan",,False,0,university,True,False,False,False,False
c2efdbc8a0db,1,oishi|k,openalex,"Cloud Informatics Research-Domain, Toyota Central R&#x0026;D Labs., Inc., Nagakute, Aichi, Japan",豊田中央研究所,True,1,company,False,True,False,False,True
c2efdbc8a0db,2,hashizume|y,openalex,"Graduate School of Informatics, Kyoto University, Kyoto, Japan",,False,0,university,True,False,False,False,False
c2efdbc8a0db,3,jimbo|t,openalex,"Frontier Research Center, Toyota Motor Corporation, Susono, Aichi, Japan; Toyota Central R and D Labs., Inc, 41-1 Yokomichi, Nagakute, Aichi, Japan",トヨタ自動車,True,1,company,False,True,False,False,True
c2efdbc8a0db,4,kaji|h,openalex,"Frontier Research Center, Toyota Motor Corporation, Susono, Aichi, Japan",トヨタ自動車,True,1,company,False,True,False,False,True
c2efdbc8a0db,5,kashima|k,openalex,"Graduate School of Informatics, Kyoto University, Kyoto, Japan",,False,0,university,True,False,False,False,False
c340f7ef84db,1,obata|m,openalex,"Woven by Toyota, Tokyo, Japan",Woven by Toyota,False,1,company,False,True,False,False,True
c340f7ef84db,2,iwanaga|y,openalex,"Toyota Motor Corporation, Toyota, Japan",トヨタ自動車,True,1,company,False,True,False,False,True
c340f7ef84db,3,tsuchinaga|m,openalex,"Toyota Motor Corporation, Toyota, Japan",トヨタ自動車,True,1,company,False,True,False,False,True
c340f7ef84db,4,mizutani|a,openalex,"Woven by Toyota, Tokyo, Japan",Woven by Toyota,False,1,company,False,True,False,False,True
c340f7ef84db,5,downes|d,openalex,"Woven by Toyota, Tokyo, Japan",Woven by Toyota,False,1,company,False,True,False,False,True
c340f7ef84db,6,lee|s,openalex,"Woven by Toyota, Tokyo, Japan",Woven by Toyota,False,1,company,False,True,False,False,True
c5373839c4d0,1,yamaguchi|m,openalex,"Research Center for Smart Energy Technologies Toyota Technological Institute  Nagoya Japan; Research Center for Smart Energy Technologies, Toyota Technological Institute, Nagoya, Japan",,False,0,other,False,False,False,False,False
c5373839c4d0,2,masuda|t,openalex,"S‐Frontier Division Toyota Motor Corporation  Shizuoka Japan; S-Frontier Division, Toyota Motor Corporation, Shizuoka, Japan",トヨタ自動車,True,1,company,False,True,False,False,True
c5373839c4d0,3,araki|k,openalex,"Research Center for Smart Energy Technologies Toyota Technological Institute  Nagoya Japan; Research Center for Smart Energy Technologies, Toyota Technological Institute, Nagoya, Japan",,False,0,other,False,False,False,False,False
c5373839c4d0,4,sato|d,openalex,"Department of System Safety Nagaoka University of Technology  Nagaoka Japan; Research Center for Smart Energy Technologies Toyota Technological Institute  Nagoya Japan; Department of System Safety, Nagaoka University of Technology, Nagaoka, Japan; Research Center for Smart Energy Technologies, Toyota Technological Institute, Nagoya, Japan",,False,0,university|other,True,False,False,False,False
c5373839c4d0,5,lee|k,openalex,"Research Center for Smart Energy Technologies Toyota Technological Institute  Nagoya Japan; Research Center for Smart Energy Technologies, Toyota Technological Institute, Nagoya, Japan",,False,0,other,False,False,False,False,False
c5373839c4d0,6,kojima|n,openalex,"Research Center for Smart Energy Technologies Toyota Technological Institute  Nagoya Japan; Research Center for Smart Energy Technologies, Toyota Technological Institute, Nagoya, Japan",,False,0,other,False,False,False,False,False
c5373839c4d0,7,takamoto|t,openalex,"Compound Business Promotion Division, Business Solutions BU Sharp Corporation  Nara Japan; Compound Business Promotion Division, Business Solutions BU, Sharp Corporation, Nara, Japan",,False,0,company,False,True,False,False,False
c5373839c4d0,8,okumura|k,openalex,"S‐Frontier Division Toyota Motor Corporation  Shizuoka Japan; S-Frontier Division, Toyota Motor Corporation, Shizuoka, Japan",トヨタ自動車,True,1,company,False,True,False,False,True
c5373839c4d0,9,satou|a,openalex,"S‐Frontier Division Toyota Motor Corporation  Shizuoka Japan; S-Frontier Division, Toyota Motor Corporation, Shizuoka, Japan",トヨタ自動車,True,1,company,False,True,False,False,True
c5373839c4d0,10,yamada|k,openalex,"E/E Architecture Development Division Toyota Motor Corporation  Toyota Japan; E/E Architecture Development Division, Toyota Motor Corporation, Toyota, Japan",トヨタ自動車,True,1,company,False,True,False,False,True
c5373839c4d0,11,nakado|t,openalex,"E/E Architecture Development Division Toyota Motor Corporation  Toyota Japan; E/E Architecture Development Division, Toyota Motor Corporation, Toyota, Japan",トヨタ自動車,True,1,company,False,True,False,False,True
c5373839c4d0,12,zushi|y,openalex,"Research Institute Nissan Motor Corporation  Yokosuka Japan; Research Institute, Nissan Motor Corporation, Yokosuka, Japan",,False,0,company,False,True,False,False,False
c5373839c4d0,13,ohshita|y,openalex,"Research Center for Smart Energy Technologies Toyota Technological Institute  Nagoya Japan; Research Center for Smart Energy Technologies, Toyota Technological Institute, Nagoya, Japan",,False,0,other,False,False,False,False,False
c5373839c4d0,14,yamazaki|m,openalex,"New Energy Department New Energy and Industrial Technology Development Organization  Kawasaki Japan; New Energy Department, New Energy and Industrial Technology Development Organization, Kawasaki, Japan",,False,0,other,False,False,False,False,False
c566a40894d3,1,kaji|h,openalex,"Frontier Research Center, Toyota Motor Corporation, Susono, Japan",トヨタ自動車,True,1,company,False,True,False,False,True
c566a40894d3,2,kuribayashi|j,openalex,"The University of Tokyo, Bunkyo-ku, Japan",,False,0,university,True,False,False,False,False
c566a40894d3,3,ohtani|h,openalex,"The University of Tokyo, Bunkyo-ku, Japan",,False,0,university,True,False,False,False,False
c566a40894d3,4,ema|a,openalex,"The University of Tokyo, Bunkyo-ku, Japan",,False,0,university,True,False,False,False,False
c62d92671467,1,imamura|c,openalex,"Toyota Central R&D Labs., Inc., Nagakute 480-1192, Japan",豊田中央研究所,True,1,company,False,True,False,False,True
c62d92671467,2,sakakibara|k,openalex,"Toyota Central R&D Labs., Inc., Nagakute 480-1192, Japan",豊田中央研究所,True,1,company,False,True,False,False,True
c62d92671467,3,arai|k,openalex,"Frontier Research Center, Toyota Motor Corporation, Toyota 471-8572, Japan",トヨタ自動車,True,1,company,False,True,False,False,True
c62d92671467,4,ohira|h,openalex,"Department of Psychology, Nagoya University, Nagoya 464-8601, Japan",,False,0,university,True,False,False,False,False
c62d92671467,5,yamaguchi|y,openalex,"Frontier Research Center, Toyota Motor Corporation, Toyota 471-8572, Japan",トヨタ自動車,True,1,company,False,True,False,False,True
c62d92671467,6,yamada|h,openalex,"Frontier Research Center, Toyota Motor Corporation, Toyota 471-8572, Japan",トヨタ自動車,True,1,company,False,True,False,False,True
c724de77db6a,1,kigure|h,openalex,"Frontier Research Center, Toyota Motor Corporation, Susono, Japan",トヨタ自動車,True,1,company,False,True,False,False,True
c724de77db6a,2,baba|t,openalex,"Frontier Research Center, Toyota Motor Corporation, Susono, Japan",トヨタ自動車,True,1,company,False,True,False,False,True
c724de77db6a,3,taniguchi|m,openalex,"Frontier Research Center, Toyota Motor Corporation, Susono, Japan",トヨタ自動車,True,1,company,False,True,False,False,True
c724de77db6a,4,kaji|h,openalex,"Frontier Research Center, Toyota Motor Corporation, Susono, Japan",トヨタ自動車,True,1,company,False,True,False,False,True
c8cfb619c632,1,jin|t,openalex,"National Institute of Informatics (NII) and The Graduate University for Advanced Studies (SOKENDAI),Tokyo,Japan,101-8430",,False,0,university,True,False,False,False,False
c8cfb619c632,2,kobayashi|t,openalex,"National Institute of Informatics (NII) and The Graduate University for Advanced Studies (SOKENDAI),Tokyo,Japan,101-8430",,False,0,university,True,False,False,False,False
c8cfb619c632,3,doi|m,openalex,"Frontier Research Center, Toyota Motor Corporation,Tokyo,Japan",トヨタ自動車,True,1,company,False,True,False,False,True
c9484bfeba2f,1,tanada|k,openalex,"Toyota Motor Corporation,Department of Advanced Robotics Research,Toyota,Aichi,Japan",トヨタ自動車,True,1,company,False,True,False,False,True
c9484bfeba2f,2,iwanaga|y,openalex,"Toyota Motor Corporation,Department of Advanced Robotics Research,Toyota,Aichi,Japan",トヨタ自動車,True,1,company,False,True,False,False,True
c9484bfeba2f,3,tsuchinaga|m,openalex,"Toyota Motor Corporation,Department of Advanced Robotics Research,Toyota,Aichi,Japan",トヨタ自動車,True,1,company,False,True,False,False,True
c9484bfeba2f,4,nakamura|y,openalex,"Toyota Motor Corporation,Department of Advanced Robotics Research,Toyota,Aichi,Japan",トヨタ自動車,True,1,company,False,True,False,False,True
c9484bfeba2f,5,mori|t,openalex,"Toyota Motor Corporation,Department of Advanced Robotics Research,Toyota,Aichi,Japan",トヨタ自動車,True,1,company,False,True,False,False,True
c9484bfeba2f,6,sakai|r,openalex,"Aichi Institute of Technology,Faculty of Information Science,Toyota,Aichi,Japan",,False,0,university,True,False,False,False,True
c9484bfeba2f,7,yamamoto|t,openalex,"Aichi Institute of Technology,Faculty of Information Science,Toyota,Aichi,Japan",,False,0,university,True,False,False,False,True
ca4ef11efdb1,1,naito|y,openalex,"Toyota Motor Corporation,R-Frontier Division, Frontier Research Center,Aichi,Japan,471-8571",トヨタ自動車,True,1,company,False,True,False,False,True
ca4ef11efdb1,2,jimbo|t,openalex,"Toyota Central R&#x0026;D LABS., Inc.,Aichi,Japan,480-1192",豊田中央研究所,True,1,company,False,True,False,False,True
ca4ef11efdb1,3,odashima|t,openalex,"Toyota Motor Corporation,R-Frontier Division, Frontier Research Center,Aichi,Japan,471-8571",トヨタ自動車,True,1,company,False,True,False,False,True
ca4ef11efdb1,4,matsubara|t,openalex,"Nara Institute of Science and Technology (NAIST),Graduate School of Information Science,Nara,Japan",,False,0,university,True,False,False,False,False
cb3b3c84ea49,1,iwanaga|y,openalex,"Frontier Research Center, Toyota Motor Corporation,Toyota,Japan",トヨタ自動車,True,1,company,False,True,False,False,True
cb3b3c84ea49,2,tsuchinaga|m,openalex,"Frontier Research Center, Toyota Motor Corporation,Toyota,Japan",トヨタ自動車,True,1,company,False,True,False,False,True
cb3b3c84ea49,3,tanada|k,openalex,"Frontier Research Center, Toyota Motor Corporation,Toyota,Japan",トヨタ自動車,True,1,company,False,True,False,False,True
cb3b3c84ea49,4,nakamura|y,openalex,"Frontier Research Center, Toyota Motor Corporation,Toyota,Japan",トヨタ自動車,True,1,company,False,True,False,False,True
cb3b3c84ea49,5,mori|t,openalex,"Frontier Research Center, Toyota Motor Corporation,Toyota,Japan",トヨタ自動車,True,1,company,False,True,False,False,True
cb3b3c84ea49,6,yamamoto|t,openalex,"Aichi Institute of Technology,Department of Information Science,Toyota,Japan",,False,0,university,True,False,False,False,True
cca034884936,1,nishitani|i,openalex,"Toyota Motor Corporation,Japan; Toyota Motor Corporation, Japan",トヨタ自動車,True,1,company,False,True,False,False,True
cca034884936,2,yamaguchi|t,openalex,"Toyota Motor North America,USA; Toyota Motor North America, USA",Toyota Motor North America,False,1,company,False,True,False,False,True
cca034884936,3,hoxha|b,openalex,"Toyota Motor North America,USA; Toyota Motor North America, USA",Toyota Motor North America,False,1,company,False,True,False,False,True
d00b67385d55,1,zhang|y,openalex,"Faculty of Informatics and Engineering, The University of Electro-Communications, Tokyo, 182-8585, Japan",,False,0,university,True,False,False,False,False
d00b67385d55,2,wu|g,openalex,"School of Materials Science and Engineering, Shaanxi Normal University, Xi'an, 710119, People's Republic of China. ghwu@snnu.edu.cn; School of Materials Science and Engineering, Shaanxi Normal University, Xi'an, 710119, People's Republic of China",,False,0,university,True,False,False,False,False
d00b67385d55,3,ding|c,openalex,"Faculty of Informatics and Engineering, The University of Electro-Communications, Tokyo, 182-8585, Japan",,False,0,university,True,False,False,False,False
d00b67385d55,4,liu|f,openalex,"Faculty of Informatics and Engineering, The University of Electro-Communications, Tokyo, 182-8585, Japan",,False,0,university,True,False,False,False,False
d00b67385d55,5,liu|d,openalex,"Faculty of Informatics and Engineering, The University of Electro-Communications, Tokyo, 182-8585, Japan",,False,0,university,True,False,False,False,False
d00b67385d55,6,masuda|t,openalex,"X-Frontier Division, Toyota Motor Corporation, Shizuoka, 471-8571, Japan",トヨタ自動車,True,1,company,False,True,False,False,True
d00b67385d55,7,yoshino|k,openalex,"Department of Electrical and Electronic Engineering, University of Miyazaki, Miyazaki, 889-2192, Japan",,False,0,university,True,False,False,False,False
d00b67385d55,8,hayase|s,openalex,"Faculty of Informatics and Engineering, The University of Electro-Communications, Tokyo, 182-8585, Japan",,False,0,university,True,False,False,False,False
d00b67385d55,9,wang|r,openalex,"Beijing Engineering Research Centre of Sustainable Energy and Buildings, Beijing University of Civil, Engineering and Architecture, Beijing, 102616, People's Republic of China. wangruixiang@bucea.edu.cn; Beijing Engineering Research Centre of Sustainable Energy and Buildings, Beijing University of Civil, Engineering and Architecture, Beijing, 102616, People's Republic of China",,False,0,university,True,False,False,False,False
d00b67385d55,10,shen|q,openalex,"Faculty of Informatics and Engineering, The University of Electro-Communications, Tokyo, 182-8585, Japan. shen@pc.uec.ac.jp; Faculty of Informatics and Engineering, The University of Electro-Communications, Tokyo, 182-8585, Japan",,False,0,university,True,False,False,False,False
d034a66bf244,1,nishitani|i,openalex,"Toyota Motor Corporation, Japan",トヨタ自動車,True,1,company,False,True,False,False,True
d034a66bf244,2,yang|h,openalex,"Toyota Motor North America, USA",Toyota Motor North America,False,1,company,False,True,False,False,True
d034a66bf244,3,guo|r,openalex,"Toyota Motor North America, USA",Toyota Motor North America,False,1,company,False,True,False,False,True
d034a66bf244,4,keshavamurthy|s,openalex,"Toyota Motor North America, USA",Toyota Motor North America,False,1,company,False,True,False,False,True
d034a66bf244,5,oguchi|k,openalex,"Toyota Motor North America, USA",Toyota Motor North America,False,1,company,False,True,False,False,True
d0a2d74628b6,1,ninomiya|y,openalex,"Nagoya University, Nagoya, Aichi, Japan",,False,0,university,True,False,False,False,False
d0a2d74628b6,2,sone|y,openalex,"Nagoya University, Nagoya, Aichi, Japan",,False,0,university,True,False,False,False,False
d0a2d74628b6,3,miwa|k,openalex,"Nagoya University, Nagoya, Aichi, Japan",,False,0,university,True,False,False,False,False
d0a2d74628b6,4,sumi|y,openalex,"Frontier Research Center, Toyota Motor Corporation, Toyota, Aichi, Japan",トヨタ自動車,True,1,company,False,True,False,False,True
d0a2d74628b6,5,nakanishi|r,openalex,"Frontier Research Center, Toyota Motor Corporation, Toyota, Aichi, Japan",トヨタ自動車,True,1,company,False,True,False,False,True
d0a2d74628b6,6,mitsuda|e,openalex,"Frontier Research Center, Toyota Motor Corporation, Toyota, Aichi, Japan",トヨタ自動車,True,1,company,False,True,False,False,True
d0a2d74628b6,7,sato|k,openalex,"Frontier Research Center, Toyota Motor Corporation, Toyota, Aichi, Japan",トヨタ自動車,True,1,company,False,True,False,False,True
d0a2d74628b6,8,odashima|t,openalex,"Frontier Research Center, Toyota Motor Corporation, Toyota, Aichi, Japan",トヨタ自動車,True,1,company,False,True,False,False,True
d0d6ae494d25,1,itsuno|t,openalex,"Precision Mechanics, Chuo University, Kasuga 1-13-27, Tokyo, 112-8551, Japan",,False,0,university,True,False,False,False,False
d0d6ae494d25,2,ishii|y,openalex,"Precision Mechanics, Chuo University, Kasuga 1-13-27, Tokyo, 112-8551, Japan",,False,0,university,True,False,False,False,False
d0d6ae494d25,3,doi|m,openalex,"Toyota Motor Corporation, Kourakuen 1-4-18, Tokyo, 112-8701, Japan",トヨタ自動車,True,1,company,False,True,False,False,True
d0d6ae494d25,4,kondo|h,openalex,"Toyota Motor Corporation, Kourakuen 1-4-18, Tokyo, 112-8701, Japan",トヨタ自動車,True,1,company,False,True,False,False,True
d0d6ae494d25,5,ito|f,openalex,"Precision Mechanics, Chuo University, Kasuga 1-13-27, Tokyo, 112-8551, Japan",,False,0,university,True,False,False,False,False
d0d6ae494d25,6,nakamura|t,openalex,"Precision Mechanics, Chuo University, Kasuga 1-13-27, Tokyo, 112-8551, Japan",,False,0,university,True,False,False,False,False
d126688dd88d,1,ito|m,openalex,"R-Frontier Division, Frontier Research Center, Toyota Motor Corporation , Toyota, Aichi ,; R-Frontier division, Frontier Research Center, Toyota Motor Corporation, 1 Toyota-cho, Toyota, Aichi, Japan",トヨタ自動車,True,1,company,False,True,False,False,True
d126688dd88d,2,nakatani|y,openalex,"Division of Applied Life Sciences, Graduate School of Agriculture, Kyoto University , Sakyo-ku, Kyoto ,; Division of Applied Life Sciences, Graduate School of Agriculture, Kyoto University, Kitashirakawa Oiwake-cho, Sakyo-ku, Kyoto, Japan",,False,0,university,True,False,False,False,False
d126688dd88d,3,muramatsu|m,openalex,"R-Frontier Division, Frontier Research Center, Toyota Motor Corporation , Toyota, Aichi ,; R-Frontier division, Frontier Research Center, Toyota Motor Corporation, 1 Toyota-cho, Toyota, Aichi, Japan",トヨタ自動車,True,1,company,False,True,False,False,True
d126688dd88d,4,ando|a,openalex,"Division of Applied Life Sciences, Graduate School of Agriculture, Kyoto University , Sakyo-ku, Kyoto ,; Division of Applied Life Sciences, Graduate School of Agriculture, Kyoto University, Kitashirakawa Oiwake-cho, Sakyo-ku, Kyoto, Japan",,False,0,university,True,False,False,False,False
d126688dd88d,5,kishino|s,openalex,"Division of Applied Life Sciences, Graduate School of Agriculture, Kyoto University , Sakyo-ku, Kyoto ,; Division of Applied Life Sciences, Graduate School of Agriculture, Kyoto University, Kitashirakawa Oiwake-cho, Sakyo-ku, Kyoto, Japan",,False,0,university,True,False,False,False,False
d126688dd88d,6,ogawa|j,openalex,"Division of Applied Life Sciences, Graduate School of Agriculture, Kyoto University , Sakyo-ku, Kyoto ,; Division of Applied Life Sciences, Graduate School of Agriculture, Kyoto University, Kitashirakawa Oiwake-cho, Sakyo-ku, Kyoto, Japan",,False,0,university,True,False,False,False,False
d26d834e314a,1,jin|t,openalex,"The Graduate University for Advanced Studies (SOKENDAI),Faculty of Informatics,Tokyo,Japan; Faculty of Informatics, The Graduate University for Advanced Studies (SOKENDAI), Tokyo, Japan",,False,0,university,True,False,False,False,False
d26d834e314a,2,kobayashi|t,openalex,"The Graduate University for Advanced Studies (SOKENDAI),Faculty of Informatics,Tokyo,Japan; Faculty of Informatics, The Graduate University for Advanced Studies (SOKENDAI), Tokyo, Japan; Principles of Informatics, National Institute of Informatics (NII), Tokyo, Japan",,False,0,university|government,True,False,True,False,False
d26d834e314a,3,doi|m,openalex,"Frontier Research Center, Toyota Motor Corporation,Tokyo,Japan; Frontier Research Center, Toyota Motor Corporation, Tokyo, Japan",トヨタ自動車,True,1,company,False,True,False,False,True
d492ca90aab5,1,yamamoto|t,openalex,"Frontier Research Center, Toyota Motor Corporation, Toyota, Japan; Graduate School of Engineering, Nagoya Institute of Technology, Nagoya, Japan",トヨタ自動車,True,1,company|university,True,True,False,False,True
d492ca90aab5,2,yaguchi|h,openalex,"Kushinada Tech. Co., Ltd., Tokyo, Japan",,False,0,company,False,True,False,False,False
d492ca90aab5,3,kato|s,openalex,"Graduate School of Engineering, Nagoya Institute of Technology, Nagoya, Japan",,False,0,university,True,False,False,False,False
d492ca90aab5,4,okada|h,openalex,"Faculty of Engineering, Tamagawa University, Tokyo, Japan",,False,0,university,True,False,False,False,False
d4f0d6c91116,1,fujiyoshi|m,openalex,"Toyota Central Research and Development Labs., Inc., Nagakute, Aichi, Japan",豊田中央研究所,True,1,company,False,True,False,False,True
d4f0d6c91116,2,kawamoto|a,openalex,"Toyota Central Research and Development Labs., Inc., Nagakute, Aichi, Japan",豊田中央研究所,True,1,company,False,True,False,False,True
d4f0d6c91116,3,hashimoto|s,openalex,"Toyota Central Research and Development Labs., Inc., Nagakute, Aichi, Japan",豊田中央研究所,True,1,company,False,True,False,False,True
d4f0d6c91116,4,omura|y,openalex,"Toyota Central Research and Development Labs., Inc., Nagakute, Aichi, Japan",豊田中央研究所,True,1,company,False,True,False,False,True
d4f0d6c91116,5,funabashi|h,openalex,"Toyota Central Research and Development Labs., Inc., Nagakute, Aichi, Japan",豊田中央研究所,True,1,company,False,True,False,False,True
d4f0d6c91116,6,ohira|y,openalex,"Toyota Central Research and Development Labs., Inc., Nagakute, Aichi, Japan",豊田中央研究所,True,1,company,False,True,False,False,True
d4f0d6c91116,7,hata|y,openalex,"Toyota Central Research and Development Labs., Inc., Nagakute, Aichi, Japan; Department of Mechatronics Engineering, Faculty of Science and Technology, Meijo University, Nagoya, Aichi, Japan",豊田中央研究所,True,1,company|university,True,True,False,False,True
d4f0d6c91116,8,ozaki|t,openalex,"Toyota Central Research and Development Labs., Inc., Nagakute, Aichi, Japan",豊田中央研究所,True,1,company,False,True,False,False,True
d4f0d6c91116,9,akashi|t,openalex,"Toyota Central Research and Development Labs., Inc., Nagakute, Aichi, Japan",豊田中央研究所,True,1,company,False,True,False,False,True
d4f0d6c91116,10,nonomura|y,openalex,"Toyota Central Research and Development Labs., Inc., Nagakute, Aichi, Japan; Department of Mechatronics Engineering, Faculty of Science and Technology, Meijo University, Nagoya, Aichi, Japan",豊田中央研究所,True,1,company|university,True,True,False,False,True
d4f0d6c91116,11,nakayama|t,openalex,"Toyota Motor Corporation, Toyota, Aichi, Japan",トヨタ自動車,True,1,company,False,True,False,False,True
d4f0d6c91116,12,yamada|h,openalex,"Toyota Motor Corporation, Toyota, Aichi, Japan",トヨタ自動車,True,1,company,False,True,False,False,True
d59ef6856782,1,masuda|t,openalex,"S-Frontier Division, Toyota Motor Corporation, Susono, Shizuoka, Japan",トヨタ自動車,True,1,company,False,True,False,False,True
d59ef6856782,2,iyoda|m,openalex,"Department of Physics, Tokai University, Hiratsuka, Kanagawa, Japan",,False,0,university,True,False,False,False,False
d59ef6856782,3,yasumatsu|y,openalex,"Department of Physics, Tokai University, Hiratsuka, Kanagawa, Japan",,False,0,university,True,False,False,False,False
d59ef6856782,4,dottermusch|s,openalex,"Institute of Microstructure Technology, Karlsruhe Institute of Technology, Hermann-von-Helmholtz-Platz 1, 76344, Eggenstein-Leopoldshafen, Germany",,False,0,university,True,False,False,False,False
d59ef6856782,5,howard|i,openalex,"Institute of Microstructure Technology, Karlsruhe Institute of Technology, Hermann-von-Helmholtz-Platz 1, 76344, Eggenstein-Leopoldshafen, Germany; Light Technology Institute, Karlsruhe Institute of Technology, Engesserstrasse 13, 76131, Karlsruhe, Germany",,False,0,university,True,False,False,False,False
d59ef6856782,6,richards|b,openalex,"Institute of Microstructure Technology, Karlsruhe Institute of Technology, Hermann-von-Helmholtz-Platz 1, 76344, Eggenstein-Leopoldshafen, Germany; Light Technology Institute, Karlsruhe Institute of Technology, Engesserstrasse 13, 76131, Karlsruhe, Germany",,False,0,university,True,False,False,False,False
d59ef6856782,7,bisson|j,openalex,"Department of Physics, Tokai University, Hiratsuka, Kanagawa, Japan; Département de physique et d’astronomie, Université de Moncton, 18 Antonine-Maillet, Moncton, NB, E1A 3E9, Canada",,False,0,university,True,False,False,False,False
d59ef6856782,8,endo|m,openalex,"Department of Physics, Tokai University, Hiratsuka, Kanagawa, Japan",,False,0,university,True,False,False,False,False
d602b7ddd952,1,soga|n,openalex,"Frontier Research Center, Toyota Motor Corporation  Toyota Aichi Japan; Frontier Research Center, Toyota Motor Corporation, Toyota, Aichi, Japan",トヨタ自動車,True,1,company,False,True,False,False,True
d602b7ddd952,2,nagura|r,openalex,"Frontier Research Center, Toyota Motor Corporation  Toyota Aichi Japan; Frontier Research Center, Toyota Motor Corporation, Toyota, Aichi, Japan",トヨタ自動車,True,1,company,False,True,False,False,True
d602b7ddd952,3,nakamura|r,openalex,"Frontier Research Center, Toyota Motor Corporation  Toyota Aichi Japan; Frontier Research Center, Toyota Motor Corporation, Toyota, Aichi, Japan",トヨタ自動車,True,1,company,False,True,False,False,True
d602b7ddd952,4,kohda|k,openalex,"Frontier Research Center, Toyota Motor Corporation  Toyota Aichi Japan; Toyota Central R&amp;D Labs, Inc.  Nagakute Aichi Japan; Frontier Research Center, Toyota Motor Corporation, Toyota, Aichi, Japan; Toyota Central R&amp;D Labs, Inc. Nagakute Aichi Japan",トヨタ自動車|豊田中央研究所,True,2,company,False,True,False,False,True
d602b7ddd952,5,motoyama|y,openalex,"Frontier Research Center, Toyota Motor Corporation  Toyota Aichi Japan; Frontier Research Center, Toyota Motor Corporation, Toyota, Aichi, Japan",トヨタ自動車,True,1,company,False,True,False,False,True
d602b7ddd952,6,ito|m,openalex,"Frontier Research Center, Toyota Motor Corporation  Toyota Aichi Japan; Frontier Research Center, Toyota Motor Corporation, Toyota, Aichi, Japan",トヨタ自動車,True,1,company,False,True,False,False,True
d602b7ddd952,7,nakagawa|i,openalex,"Department of Microbiology Kyoto University Graduate School of Medicine  Kyoto Japan; Department of Microbiology, Kyoto University Graduate School of Medicine, Kyoto, Japan",,False,0,university,True,False,False,False,False
d602b7ddd952,8,nakajima|s,openalex,"Department of Dermatology Kyoto University Graduate School of Medicine  Kyoto Japan; Department of Drug Discovery for Inflammatory Skin Diseases Kyoto University Graduate School of Medicine  Kyoto Japan; Department of Dermatology, Kyoto University Graduate School of Medicine, Kyoto, Japan; Department of Drug Discovery for Inflammatory Skin Diseases, Kyoto University Graduate School of Medicine, Kyoto, Japan",,False,0,university,True,False,False,False,False
d602b7ddd952,9,ikeuchi|a,openalex,"Frontier Research Center, Toyota Motor Corporation  Toyota Aichi Japan; Toyota Central R&amp;D Labs, Inc.  Nagakute Aichi Japan; Frontier Research Center, Toyota Motor Corporation, Toyota, Aichi, Japan; Toyota Central R&amp;D Labs, Inc. Nagakute Aichi Japan",トヨタ自動車|豊田中央研究所,True,2,company,False,True,False,False,True
d90ba3638783,1,goko|h,openalex,"Toyota Motor Corporation, Japan; Toyota Motor Corporation",トヨタ自動車,True,1,company,False,True,False,False,True
d90ba3638783,2,igarashi|a,openalex,National Institute of Informatics,,False,0,government,False,False,True,False,False
d90ba3638783,3,kawase|y,openalex,University of Tokyo,,False,0,university,True,False,False,False,False
d90ba3638783,4,makino|k,openalex,Kyoto University,,False,0,university,True,False,False,False,False
d90ba3638783,5,sumita|h,openalex,Tokyo Institute of Technology,,False,0,university,True,False,False,False,False
d90ba3638783,6,tamura|a,openalex,Keio University - Keio Economic Observatory,,False,0,university,True,False,False,False,False
d90ba3638783,7,yokoi|y,openalex,National Institute of Informatics,,False,0,government,False,False,True,False,False
d90ba3638783,8,yokoo|m,openalex,Kyushu University,,False,0,university,True,False,False,False,False
d9e378213490,1,masuda|t,openalex,"Department of Engineering Science, The University of Electro-Communications 2 , Chofu, Tokyo 182-0021, Japan; S-Frontier Division, Toyota Motor Corporation 1 , Susono, Shizuoka 410-1193, Japan",トヨタ自動車,True,1,university|company,True,True,False,False,True
d9e378213490,2,zhang|y,openalex,"Department of Engineering Science, The University of Electro-Communications 2 , Chofu, Tokyo 182-0021, Japan",,False,0,university,True,False,False,False,False
d9e378213490,3,ding|c,openalex,"Department of Engineering Science, The University of Electro-Communications 2 , Chofu, Tokyo 182-0021, Japan",,False,0,university,True,False,False,False,False
d9e378213490,4,liu|f,openalex,"Department of Engineering Science, The University of Electro-Communications 2 , Chofu, Tokyo 182-0021, Japan",,False,0,university,True,False,False,False,False
d9e378213490,5,sasaki|k,openalex,"S-Frontier Division, Toyota Motor Corporation 1 , Susono, Shizuoka 410-1193, Japan",トヨタ自動車,True,1,company,False,True,False,False,True
d9e378213490,6,shen|q,openalex,"Department of Engineering Science, The University of Electro-Communications 2 , Chofu, Tokyo 182-0021, Japan",,False,0,university,True,False,False,False,False
d9e378213490,7,endo|m,openalex,"Department of Physics, Tokai University 3 , Hiratsuka, Kanagawa 259-1292, Japan",,False,0,university,True,False,False,False,False
db19d8fe035f,1,masuda|t,openalex,"Carbon Neutral development division Toyota Motor Corporation  410-1193 Susono Shizuoka Japan; Institute for Advanced Science The University of Electro-Communications  182-8585 Chofu Tokyo Japan; Carbon Neutral development division, Toyota Motor Corporation, 410-1193 Susono, Shizuoka, Japan; Institute for Advanced Science, The University of Electro-Communications, 182-8585 Chofu, Tokyo, Japan",トヨタ自動車,True,1,company|university,True,True,False,False,True
db19d8fe035f,2,aoyagi|k,openalex,"Department of Physics Tokai University  259-1292 Hiratsuka Kanagawa Japan; Department of Physics, Tokai University, 259-1292 Hiratsuka, Kanagawa, Japan",,False,0,university,True,False,False,False,False
db19d8fe035f,3,dottermusch|s,openalex,"Institute of Microstructure Technology Karlsruhe Institute of Technology  76344 Eggenstein-Leopoldshafen Germany; Institute of Microstructure Technology, Karlsruhe Institute of Technology, 76344 Eggenstein-Leopoldshafen, Germany",,False,0,university,True,False,False,False,False
db19d8fe035f,4,howard|i,openalex,"Institute of Microstructure Technology Karlsruhe Institute of Technology  76344 Eggenstein-Leopoldshafen Germany; Institute of Microstructure Technology, Karlsruhe Institute of Technology, 76344 Eggenstein-Leopoldshafen, Germany",,False,0,university,True,False,False,False,False
db19d8fe035f,5,richards|b,openalex,"Institute of Microstructure Technology Karlsruhe Institute of Technology  76344 Eggenstein-Leopoldshafen Germany; Institute of Microstructure Technology, Karlsruhe Institute of Technology, 76344 Eggenstein-Leopoldshafen, Germany",,False,0,university,True,False,False,False,False
db19d8fe035f,6,endo|m,openalex,"Department of Physics Tokai University  259-1292 Hiratsuka Kanagawa Japan; Department of Physics, Tokai University, 259-1292 Hiratsuka, Kanagawa, Japan",,False,0,university,True,False,False,False,False
dc63217997cb,1,yamamoto|t,openalex,"TOYOTA MOTOR CORPORATION, Frontier Research Center",トヨタ自動車,True,1,company,False,True,False,False,True
dc63217997cb,2,terada|k,openalex,"TOYOTA MOTOR CORPORATION, Frontier Research Center",トヨタ自動車,True,1,company,False,True,False,False,True
dc63217997cb,3,ochiai|a,openalex,TOYOTA RESEARCH INSTITUTE,Toyota Research Institute,False,1,company,False,True,False,False,True
dc63217997cb,4,saito|f,openalex,"TOYOTA MOTOR CORPORATION, Frontier Research Center",トヨタ自動車,True,1,company,False,True,False,False,True
dc63217997cb,5,asahara|y,openalex,"TOYOTA MOTOR CORPORATION, Frontier Research Center",トヨタ自動車,True,1,company,False,True,False,False,True
dc63217997cb,6,murase|k,openalex,"TOYOTA MOTOR CORPORATION, Frontier Research Center",トヨタ自動車,True,1,company,False,True,False,False,True
df06e45580a6,1,matsuzaki|s,openalex,"Toyota Motor Corporation,Frontier Research Center,Toyota, Aichi,Japan",トヨタ自動車,True,1,company,False,True,False,False,True
df06e45580a6,2,sugino|t,openalex,"Toyota Motor Corporation,Frontier Research Center,Toyota, Aichi,Japan",トヨタ自動車,True,1,company,False,True,False,False,True
df06e45580a6,3,tanaka|k,openalex,"Toyota Motor Corporation,Frontier Research Center,Toyota, Aichi,Japan",トヨタ自動車,True,1,company,False,True,False,False,True
df06e45580a6,4,sha|z,openalex,"Toyota Motor Corporation,Frontier Research Center,Toyota, Aichi,Japan",トヨタ自動車,True,1,company,False,True,False,False,True
df06e45580a6,5,nakaoka|s,openalex,"Toyota Motor Corporation,Frontier Research Center,Toyota, Aichi,Japan",トヨタ自動車,True,1,company,False,True,False,False,True
df06e45580a6,6,yoshizawa|s,openalex,"Toyota Motor Corporation,Frontier Research Center,Toyota, Aichi,Japan",トヨタ自動車,True,1,company,False,True,False,False,True
df06e45580a6,7,shintani|k,openalex,"Toyota Motor Corporation,Frontier Research Center,Toyota, Aichi,Japan",トヨタ自動車,True,1,company,False,True,False,False,True
e11964103855,1,sha|z,openalex,"Toyota Motor Corporation,Frontier Research Center,Toyota,Japan",トヨタ自動車,True,1,company,False,True,False,False,True
e11964103855,2,shiro|s,openalex,"KSK CO.,LTD.,Tokyo,Japan",,False,0,company,False,True,False,False,False
e11964103855,3,shibamiya|k,openalex,"KSK CO.,LTD.,Tokyo,Japan",,False,0,company,False,True,False,False,False
e11964103855,4,shintani|k,openalex,"Toyota Motor Corporation,Frontier Research Center,Toyota,Japan",トヨタ自動車,True,1,company,False,True,False,False,True
e11964103855,5,tanaka|k,openalex,"Toyota Motor Corporation,Frontier Research Center,Toyota,Japan",トヨタ自動車,True,1,company,False,True,False,False,True
e1cb6802c070,1,ito|m,openalex,"T-Frontier division, Frontier Research Center, Toyota Motor Corporation, 1 Toyota-cho, Toyota, Aichi, 471-8572, Japan",トヨタ自動車,True,1,company,False,True,False,False,True
e1cb6802c070,2,kambe|h,openalex,"Agriculture & Biotechnology Business division, Toyota Motor Corporation, 1099 Marune, Kurozasa-cho, Miyoshi, Aichi, 470-0201, Japan",トヨタ自動車,True,1,company,False,True,False,False,True
e1cb6802c070,3,sawagashira|a,openalex,"Nagoya office, Trust Tech Inc., 1-1-1 Meieki, Nakamura-ku, Nagoya, 450-6324, Japan",,False,0,company,False,True,False,False,False
e1cb6802c070,4,kishino|s,openalex,"Division of Applied Life Sciences, Graduate School of Agriculture, Kyoto University, Kitashirakawa Oiwake-cho, Sakyo-ku, Kyoto, 606-8502, Japan",,False,0,university,True,False,False,False,False
e1cb6802c070,5,takeuchi|m,openalex,"Industrial Microbiology, Graduate School of Agriculture, Kyoto University, Kitashirakawa Oiwake-cho, Sakyo-ku, Kyoto, 606-8502, Japan",,False,0,university,True,False,False,False,False
e1cb6802c070,6,ando|a,openalex,"Division of Applied Life Sciences, Graduate School of Agriculture, Kyoto University, Kitashirakawa Oiwake-cho, Sakyo-ku, Kyoto, 606-8502, Japan",,False,0,university,True,False,False,False,False
e1cb6802c070,7,muramatsu|m,openalex,"T-Frontier division, Frontier Research Center, Toyota Motor Corporation, 1 Toyota-cho, Toyota, Aichi, 471-8572, Japan",トヨタ自動車,True,1,company,False,True,False,False,True
e1cb6802c070,8,ogawa|j,openalex,"Division of Applied Life Sciences, Graduate School of Agriculture, Kyoto University, Kitashirakawa Oiwake-cho, Sakyo-ku, Kyoto, 606-8502, Japan. ogawa@kais.kyoto-u.ac.jp; Division of Applied Life Sciences, Graduate School of Agriculture, Kyoto University, Kitashirakawa Oiwake-cho, Sakyo-ku, Kyoto, 606-8502, Japan",,False,0,university,True,False,False,False,False
e58fc908d349,1,nagahama|k,openalex,"Faculty of Engineering, AIS Lab., Shinshu University, Wakasato, Nagano, Nagano, 4-17-1, Japan; Faculty of Engineering, Shinshu University, Wakasato, Nagano, Nagano, Japan",,False,0,university,True,False,False,False,False
e58fc908d349,2,takeshita|k,openalex,Keisuke Takeshita and Takashi Yamamoto are with Toyota Motor Corporation,トヨタ自動車,True,1,company,False,True,False,False,True
e58fc908d349,3,yaguchi|h,openalex,"JSK Robotics Lab., The University of Tokyo, Hongo, Bukyo-ku, Tokyo, 7-3-1, Japan; JSK Robotics Lab., The University of Tokyo, Hongo, Bukyo-ku, Tokyo, Japan",,False,0,university,True,False,False,False,False
e58fc908d349,4,yamazaki|k,openalex,"Faculty of Engineering, AIS Lab., Shinshu University, Wakasato, Nagano, Nagano, 4-17-1, Japan; Faculty of Engineering, Shinshu University, Wakasato, Nagano, Nagano, Japan",,False,0,university,True,False,False,False,False
e58fc908d349,5,yamamoto|t,openalex,Keisuke Takeshita and Takashi Yamamoto are with Toyota Motor Corporation,トヨタ自動車,True,1,company,False,True,False,False,True
e58fc908d349,6,inaba|m,openalex,"JSK Robotics Lab., The University of Tokyo, Hongo, Bukyo-ku, Tokyo, 7-3-1, Japan; JSK Robotics Lab., The University of Tokyo, Hongo, Bukyo-ku, Tokyo, Japan",,False,0,university,True,False,False,False,False
e7ff5f0334e9,1,sone|y,openalex,"Department of Psychological and Cognitive Sciences, Graduate School of Informatics, Nagoya University, Nagoya, 464-8603,Aichi, Japan",,False,0,university,True,False,False,False,False
e7ff5f0334e9,2,ninomiya|y,openalex,"Department of Psychological and Cognitive Sciences, Graduate School of Informatics, Nagoya University, Nagoya, 464-8603,Aichi, Japan",,False,0,university,True,False,False,False,False
e7ff5f0334e9,3,miwa|k,openalex,"Department of Psychological and Cognitive Sciences, Graduate School of Informatics, Nagoya University, Nagoya, 464-8603,Aichi, Japan",,False,0,university,True,False,False,False,False
e7ff5f0334e9,4,sumi|y,openalex,"Frontier Research Center, Toyota Motor Corporation, Toyota, 471-8571, Aichi, Japan",トヨタ自動車,True,1,company,False,True,False,False,True
e7ff5f0334e9,5,nakanishi|r,openalex,"Frontier Research Center, Toyota Motor Corporation, Toyota, 471-8571, Aichi, Japan",トヨタ自動車,True,1,company,False,True,False,False,True
e7ff5f0334e9,6,mitsuda|e,openalex,"Frontier Research Center, Toyota Motor Corporation, Toyota, 471-8571, Aichi, Japan",トヨタ自動車,True,1,company,False,True,False,False,True
e7ff5f0334e9,7,sato|k,openalex,"Frontier Research Center, Toyota Motor Corporation, Toyota, 471-8571, Aichi, Japan",トヨタ自動車,True,1,company,False,True,False,False,True
e7ff5f0334e9,8,odashima|t,openalex,"Frontier Research Center, Toyota Motor Corporation, Toyota, 471-8571, Aichi, Japan",トヨタ自動車,True,1,company,False,True,False,False,True
e88e930525d2,1,takeshita|k,scopus,Toyota Motor Corporation,トヨタ自動車,True,1,company,False,True,False,False,True
e88e930525d2,2,yamamoto|t,scopus,Aichi Institute of Technology,,False,0,university,True,False,False,False,False
e8d6029e1261,1,jin|t,openalex,"National Institute of Informatics (NII), Chiyoda City, Tokyo, Japan",,False,0,government,False,False,True,False,False
e8d6029e1261,2,kobayashi|t,openalex,"National Institute of Informatics (NII), Chiyoda City, Tokyo, Japan",,False,0,government,False,False,True,False,False
e8d6029e1261,3,doi|m,openalex,"Frontier Research Center, Toyota Motor Corporation, Tokyo, Japan",トヨタ自動車,True,1,company,False,True,False,False,True
ea1b251c1dd7,1,matsusaka|y,openalex,"MID Academic Promotions Inc, Tamagawa University",,False,0,university,True,False,False,False,False
ea1b251c1dd7,2,contreras|l,openalex,"Advance Intelligence and Robotics Research Center, Tamagawa University",,False,0,university,True,False,False,False,False
ea1b251c1dd7,3,okada|h,openalex,"Advance Intelligence and Robotics Research Center, Tamagawa University",,False,0,university,True,False,False,False,False
ea1b251c1dd7,4,iwanaga|y,openalex,Toyota Motor Corporation,トヨタ自動車,True,1,company,False,True,False,False,True
ea1b251c1dd7,5,yamamoto|t,openalex,Toyota Motor Corporation,トヨタ自動車,True,1,company,False,True,False,False,True
eb2ae282030f,1,zhu|r,scopus,Shinshu University,,False,0,university,True,False,False,False,False
eb2ae282030f,2,nagahama|k,scopus,Shinshu University,,False,0,university,True,False,False,False,False
eb2ae282030f,3,takeshita|k,scopus,Toyota Motor Corporation,トヨタ自動車,True,1,company,False,True,False,False,True
eb2ae282030f,4,yamazaki|k,scopus,Shinshu University,,False,0,university,True,False,False,False,False
eeccf9ce9089,1,sakakibara|k,openalex,"Frontier Research Center, TOYOTA MOTOR CORPORATION, Toyota, Japan",トヨタ自動車,True,1,company,False,True,False,False,True
eeccf9ce9089,2,iwai|k,openalex,"Bioinspired Systems Research-Domain, TOYOTA CENTRAL R&D LABS., INC., Nagakute, Japan",豊田中央研究所,True,1,company,False,True,False,False,True
eeccf9ce9089,3,hayakawa|k,openalex,"Bioinspired Systems Research-Domain, TOYOTA CENTRAL R&D LABS., INC., Nagakute, Japan",豊田中央研究所,True,1,company,False,True,False,False,True
eeccf9ce9089,4,nakajima|k,openalex,"Material Engineering Div. No.1, TOYOTA MOTOR CORPORATION, Toyota, Japan",トヨタ自動車,True,1,company,False,True,False,False,True
eeccf9ce9089,5,kato|k,openalex,"Material Engineering Div. No.1, TOYOTA MOTOR CORPORATION, Toyota, Japan",トヨタ自動車,True,1,company,False,True,False,False,True
eeccf9ce9089,6,suzuki|k,openalex,"Faculty of Engineering and Design, Kagawa University, Takamatsu, Japan",,False,0,university,True,False,False,False,False
f50c46f2229e,1,kaji|h,openalex,"Frontier Research Center, Toyota Motor Corporation, Shizuoka, Japan",トヨタ自動車,True,1,company,False,True,False,False,True
f50c46f2229e,2,iizuka|h,openalex,"Frontier Research Center, Toyota Motor Corporation; Frontier Research CenterToyota Motor Corporation",トヨタ自動車,True,1,company,False,True,False,False,True
f50c46f2229e,3,sugiyama|m,openalex,RIKEN Center for Advanced Intelligence Project,,False,0,government,False,False,True,False,False
f5787515b5af,1,,,,,False,0,,False,False,False,False,False
f5787515b5af,2,,,,,False,0,,False,False,False,False,False
f5787515b5af,3,,,,,False,0,,False,False,False,False,False
f5787515b5af,4,,,,,False,0,,False,False,False,False,False
f7f4b5d535ff,1,date|y,openalex,"Frontier Research Center, Toyota Motor Corporation, 1200 Mishuku, Susono, Shizuoka, Japan",トヨタ自動車,True,1,company,False,True,False,False,True
f7f4b5d535ff,2,baba|t,openalex,"Frontier Research Center, Toyota Motor Corporation, 1200 Mishuku, Susono, Shizuoka, Japan",トヨタ自動車,True,1,company,False,True,False,False,True
f7f4b5d535ff,3,hoxha|b,openalex,"Toyota Research Institute-North America, 1555 Woodridge Ave, Ann Arbor, Michigan, U.S",Toyota Research Institute,False,1,company,False,True,False,False,True
f7f4b5d535ff,4,yamaguchi|t,openalex,"Toyota Research Institute-North America, 1555 Woodridge Ave, Ann Arbor, Michigan, U.S",Toyota Research Institute,False,1,company,False,True,False,False,True
f7f4b5d535ff,5,prokhorov|d,openalex,"Toyota Research Institute-North America, 1555 Woodridge Ave, Ann Arbor, Michigan, U.S",Toyota Research Institute,False,1,company,False,True,False,False,True
f936923f9e6a,1,matsuzaki|s,openalex,"Frontier Research Center, Toyota Motor Corporation, Toyota, Aichi, Japan",トヨタ自動車,True,1,company,False,True,False,False,True
f936923f9e6a,2,tanaka|k,openalex,"Frontier Research Center, Toyota Motor Corporation, Toyota, Aichi, Japan",トヨタ自動車,True,1,company,False,True,False,False,True
f936923f9e6a,3,shintani|k,openalex,"Frontier Research Center, Toyota Motor Corporation, Toyota, Aichi, Japan",トヨタ自動車,True,1,company,False,True,False,False,True
fbaee1973bfa,1,shinoda|k,openalex,"Frontier Research Center, Toyota Motor Corporation",トヨタ自動車,True,1,company,False,True,False,False,True
fbaee1973bfa,2,yoshii|m,openalex,"Frontier Research Center, Toyota Motor Corporation",トヨタ自動車,True,1,company,False,True,False,False,True
fbaee1973bfa,3,yamaguchi|h,openalex,"Frontier Research Center, Toyota Motor Corporation",トヨタ自動車,True,1,company,False,True,False,False,True
fbaee1973bfa,4,kaji|h,openalex,"Frontier Research Center, Toyota Motor Corporation",トヨタ自動車,True,1,company,False,True,False,False,True
fc7a8f94e639,1,yamaguchi|m,openalex,"Toyota Technological Institute, Nagoya, Japan",,False,0,other,False,False,False,False,False
fc7a8f94e639,2,masuda|t,openalex,"Toyota Motor Corporation, Susono, Japan",トヨタ自動車,True,1,company,False,True,False,False,True
fc7a8f94e639,3,araki|k,openalex,"Miyazaki University, Miyazaki, Japan",,False,0,university,True,False,False,False,False
fc7a8f94e639,4,ota|y,openalex,"Miyazaki University, Miyazaki, Japan",,False,0,university,True,False,False,False,False
fc7a8f94e639,5,nishioka|k,openalex,"Miyazaki University, Miyazaki, Japan",,False,0,university,True,False,False,False,False
fc7a8f94e639,6,takamoto|t,openalex,"Sharp Corporation, Nara, Japan",,False,0,company,False,True,False,False,False
fc7a8f94e639,7,thiel|c,openalex,"European Commission—Joint Research Centre, Ispra, Italy",,False,0,other,False,False,False,False,False
fc7a8f94e639,8,tsakalidis|a,openalex,"European Commission—Joint Research Centre, Ispra, Italy",,False,0,other,False,False,False,False,False
fc7a8f94e639,9,jaeger waldau|a,openalex,"European Commission—Joint Research Centre, Ispra, Italy",,False,0,other,False,False,False,False,False
fc7a8f94e639,10,okumura|k,openalex,"Toyota Motor Corporation, Susono, Japan",トヨタ自動車,True,1,company,False,True,False,False,True
fc7a8f94e639,11,satou|a,openalex,"Toyota Motor Corporation, Susono, Japan",トヨタ自動車,True,1,company,False,True,False,False,True
fc7a8f94e639,12,nakado|t,openalex,"Toyota Motor Corporation, Toyota, Japan",トヨタ自動車,True,1,company,False,True,False,False,True
fc7a8f94e639,13,yamada|k,openalex,"Toyota Motor Corporation, Toyota, Japan",トヨタ自動車,True,1,company,False,True,False,False,True
fc7a8f94e639,14,zushi|y,openalex,"Nissan Motor Corporation, Yokosuka, Japan",,False,0,company,False,True,False,False,False
fc7a8f94e639,15,tanimoto|t,openalex,"Nissan Motor Corporation, Yokosuka, Japan",,False,0,company,False,True,False,False,False
fc7a8f94e639,16,nakamura|k,openalex,"Toyota Technological Institute, Nagoya, Japan",,False,0,other,False,False,False,False,False
fc7a8f94e639,17,ozaki|r,openalex,"Toyota Technological Institute, Nagoya, Japan",,False,0,other,False,False,False,False,False
fc7a8f94e639,18,kojima|n,openalex,"Toyota Technological Institute, Nagoya, Japan",,False,0,other,False,False,False,False,False
fc7a8f94e639,19,ohshita|y,openalex,"Toyota Technological Institute, Nagoya, Japan",,False,0,other,False,False,False,False,False
fc9dc63c94e0,1,kaji|h,openalex,"Frontier Research Center, Toyota Motor Corporation, Susono, Shizuoka, Japan",トヨタ自動車,True,1,company,False,True,False,False,True
fc9dc63c94e0,2,tanizawa|t,openalex,"InfoTech-AS, Toyota Motor Corporation, Chiyoda, Tokyo, Japan",トヨタ自動車,True,1,company,False,True,False,False,True
fd2ed23244e2,1,fan|y,openalex,"Research Institute for Energy Conservation, National Institute of Advanced Industrial Science and Technology (AIST)",,False,0,government,False,False,True,False,False
fd2ed23244e2,2,ohtomo|m,openalex,"Mechanical Division 1, Toyota Central R&D Labs",豊田中央研究所,True,1,company,False,True,False,False,True
fd2ed23244e2,3,kasuga|s,openalex,"Frontier Research Center, Toyota Motor Corporation",トヨタ自動車,True,1,company,False,True,False,False,True
fd2ed23244e2,4,iki|n,openalex,"Renewable Energy Research Center, National Institute of Advanced Industrial Science and Technology (AIST)",,False,0,government,False,False,True,False,False
fd2ed23244e2,5,kurata|o,openalex,"Research Institute for Energy Conservation, National Institute of Advanced Industrial Science and Technology (AIST)",,False,0,government,False,False,True,False,False
fd2ed23244e2,6,tsujimura|t,openalex,"Renewable Energy Research Center, National Institute of Advanced Industrial Science and Technology (AIST)",,False,0,government,False,False,True,False,False
fd2ed23244e2,7,furutani|h,openalex,"Renewable Energy Research Center, National Institute of Advanced Industrial Science and Technology (AIST)",,False,0,government,False,False,True,False,False
fe74947aa34c,1,fukada|y,scopus,Toyota Motor Corporation,トヨタ自動車,True,1,company,False,True,False,False,True
fe9a2b28cf0e,1,nishiura|m,openalex,"Toyota Motor Corporation,Frontier Research Center,Nishihirose-cho, Aichi,Japan; Frontier Research Center, Toyota Motor Corporation, Nishihirose-cho, Aichi, Japan",トヨタ自動車,True,1,company,False,True,False,False,True
fe9a2b28cf0e,2,hatano|a,openalex,"Toyota Motor Corporation,Frontier Research Center,Nishihirose-cho, Aichi,Japan; Frontier Research Center, Toyota Motor Corporation, Nishihirose-cho, Aichi, Japan",トヨタ自動車,True,1,company,False,True,False,False,True
fe9a2b28cf0e,3,nishii|k,openalex,"Toyota Motor Corporation,Frontier Research Center,Nishihirose-cho, Aichi,Japan; Frontier Research Center, Toyota Motor Corporation, Nishihirose-cho, Aichi, Japan",トヨタ自動車,True,1,company,False,True,False,False,True
fe9a2b28cf0e,4,okumatsu|y,openalex,"Toyota Motor Corporation,Frontier Research Center,Nishihirose-cho, Aichi,Japan; Frontier Research Center, Toyota Motor Corporation, Nishihirose-cho, Aichi, Japan",トヨタ自動車,True,1,company,False,True,False,False,True
009318edcf81,1,esaki|y,,,,False,0,,False,False,False,False,False
009318edcf81,2,nakamura|a,,,,False,0,,False,False,False,False,False
009318edcf81,3,kawano|k,,,,False,0,,False,False,False,False,False
009318edcf81,4,tokuhisa|r,,,,False,0,,False,False,False,False,False
009318edcf81,5,kutsuna|t,,,,False,0,,False,False,False,False,False
00daac7f1163,1,nakamura|d,scopus,"Toyota Central R&D Labs., Inc.",豊田中央研究所,True,1,company,False,True,False,False,True
00daac7f1163,2,shigetoh|k,scopus,"Toyota Central R&D Labs., Inc.",豊田中央研究所,True,1,company,False,True,False,False,True
00daac7f1163,3,kimura|t,scopus,"Toyota Central R&D Labs., Inc.",豊田中央研究所,True,1,company,False,True,False,False,True
00ffd7a0d41d,1,niwa|t,scopus,"Toyota Central R&D Labs., Inc.",豊田中央研究所,True,1,company,False,True,False,False,True
00ffd7a0d41d,2,taguchi|s,scopus,"Toyota Central R&D Labs., Inc.",豊田中央研究所,True,1,company,False,True,False,False,True
00ffd7a0d41d,3,hirose|n,scopus,"Toyota Central R&D Labs., Inc.",豊田中央研究所,True,1,company,False,True,False,False,True
0149cb4ccfc4,1,hirabayashi|s,scopus,"Toyota Central R&D Labs., Inc.",豊田中央研究所,True,1,company,False,True,False,False,True
0149cb4ccfc4,2,iwamoto|m,scopus,"Toyota Central R&D Labs., Inc.",豊田中央研究所,True,1,company,False,True,False,False,True
024332c0c1e0,1,jinnouchi|r,openalex,"Toyota Central R&D Laboratories., Inc",豊田中央研究所,True,1,company,False,True,False,False,True
024332c0c1e0,2,minami|s,openalex,"Toyota Central R&D Laboratories., Inc",豊田中央研究所,True,1,company,False,True,False,False,True
026001f353bd,1,ogihara|n,scopus,"Toyota Central R&D Labs., Inc.",豊田中央研究所,True,1,company,False,True,False,False,True
026001f353bd,2,hasegawa|m,scopus,"Toyota Central R&D Labs., Inc.",豊田中央研究所,True,1,company,False,True,False,False,True
026001f353bd,3,kumagai|h,scopus,"Toyota Central R&D Labs., Inc.",豊田中央研究所,True,1,company,False,True,False,False,True
026001f353bd,4,nozaki|h,scopus,"Toyota Central R&D Labs., Inc.",豊田中央研究所,True,1,company,False,True,False,False,True
027a54e73daa,1,kondo|r,scopus,"Toyota Central R&D Labs., Inc.; Keio University",豊田中央研究所,True,1,company|university,True,True,False,False,True
027a54e73daa,2,sato|y,scopus,"Toyota Central R&D Labs., Inc.; Keio University",豊田中央研究所,True,1,company|university,True,True,False,False,True
027a54e73daa,3,raymond|r,scopus,Keio University; The University of Tokyo,,False,0,university,True,False,False,False,False
027a54e73daa,4,yamamoto|n,scopus,Keio University,,False,0,university,True,False,False,False,False
02aab106bc82,1,inagaki|y,scopus,"Toyota Central R&D Labs., Inc.",豊田中央研究所,True,1,company,False,True,False,False,True
02aab106bc82,2,murase|m,scopus,"Toyota Central R&D Labs., Inc.",豊田中央研究所,True,1,company,False,True,False,False,True
02aab106bc82,3,tanaka|h,scopus,"Toyota Central R&D Labs., Inc.",豊田中央研究所,True,1,company,False,True,False,False,True
02aab106bc82,4,nakamura|d,scopus,"Toyota Central R&D Labs., Inc.",豊田中央研究所,True,1,company,False,True,False,False,True
0506b29523e0,1,jinnouchi|r,scopus,"Toyota Central R&D Labs., Inc.",豊田中央研究所,True,1,company,False,True,False,False,True
0506b29523e0,2,miwa|k,scopus,"Toyota Central R&D Labs., Inc.",豊田中央研究所,True,1,company,False,True,False,False,True
0506b29523e0,3,karsai|f,scopus,VASP Software GmbH,,False,0,company,False,True,False,False,False
0506b29523e0,4,kresse|g,scopus,Universität Wien,,False,0,university,True,False,False,False,False
0506b29523e0,5,asahi|r,scopus,"Toyota Central R&D Labs., Inc.",豊田中央研究所,True,1,company,False,True,False,False,True
07706fdeeba6,1,nagai|y,scopus,"Toyota Central R&D Labs., Inc.",豊田中央研究所,True,1,company,False,True,False,False,True
07706fdeeba6,2,kato|a,scopus,"Toyota Central R&D Labs., Inc.",豊田中央研究所,True,1,company,False,True,False,False,True
07706fdeeba6,3,iwasaki|m,scopus,"Toyota Central R&D Labs., Inc.",豊田中央研究所,True,1,company,False,True,False,False,True
07706fdeeba6,4,kishita|k,scopus,Toyota Motor Corporation,トヨタ自動車,True,1,company,False,True,False,False,True
082c4c8c3162,1,beniya|a,scopus,"Toyota Central R&D Labs., Inc.",豊田中央研究所,True,1,company,False,True,False,False,True
082c4c8c3162,2,higashi|s,scopus,"Toyota Central R&D Labs., Inc.",豊田中央研究所,True,1,company,False,True,False,False,True
08c88d3d6aca,1,mizoshita|n,scopus,"Toyota Central R&D Labs., Inc.",豊田中央研究所,True,1,company,False,True,False,False,True
08c88d3d6aca,2,yamada|y,scopus,"Toyota Central R&D Labs., Inc.",豊田中央研究所,True,1,company,False,True,False,False,True
08c88d3d6aca,3,masuoka|y,scopus,"Toyota Central R&D Labs., Inc.",豊田中央研究所,True,1,company,False,True,False,False,True
099f28065ed7,1,hashimoto|s,scopus,"Toyota Central R&D Labs., Inc.",豊田中央研究所,True,1,company,False,True,False,False,True
099f28065ed7,2,yamaguchi|s,scopus,"Toyota Central R&D Labs., Inc.",豊田中央研究所,True,1,company,False,True,False,False,True
099f28065ed7,3,harada|m,scopus,"Toyota Central R&D Labs., Inc.",豊田中央研究所,True,1,company,False,True,False,False,True
099f28065ed7,4,nakajima|k,scopus,J-PARC Center,,False,0,government,False,False,True,False,False
099f28065ed7,5,kikuchi|t,scopus,J-PARC Center,,False,0,government,False,False,True,False,False
099f28065ed7,6,ohishi|k,scopus,Comprehensive Research Organization for Science and Society,,False,0,government,False,False,True,False,False
0a4f67d7efa2,1,ishida|n,scopus,"Toyota Central R&D Labs., Inc.",豊田中央研究所,True,1,company,False,True,False,False,True
0a4f67d7efa2,2,hatanaka|t,scopus,"Toyota Central R&D Labs., Inc.",豊田中央研究所,True,1,company,False,True,False,False,True
0a4f67d7efa2,3,hosokawa|y,scopus,"Toyota Central R&D Labs., Inc.",豊田中央研究所,True,1,company,False,True,False,False,True
0a4f67d7efa2,4,kojima|k,scopus,"Institute of Agrobiological Sciences, NARO",,False,0,other,False,False,False,False,False
0a4f67d7efa2,5,iizuka|t,scopus,"Institute of Agrobiological Sciences, NARO",,False,0,other,False,False,False,False,False
0a4f67d7efa2,6,teramoto|h,scopus,"Institute of Agrobiological Sciences, NARO",,False,0,other,False,False,False,False,False
0a4f67d7efa2,7,sezutsu|h,scopus,"Institute of Agrobiological Sciences, NARO",,False,0,other,False,False,False,False,False
0a4f67d7efa2,8,kameda|t,scopus,"Institute of Agrobiological Sciences, NARO",,False,0,other,False,False,False,False,False
0cd754b72582,1,kato|n,scopus,"Toyota Central R&D Labs., Inc.",豊田中央研究所,True,1,company,False,True,False,False,True
0cd754b72582,2,takeda|y,scopus,"Toyota Central R&D Labs., Inc.",豊田中央研究所,True,1,company,False,True,False,False,True
0cd754b72582,3,kawai|y,scopus,"Toyota Central R&D Labs., Inc.",豊田中央研究所,True,1,company,False,True,False,False,True
0cd754b72582,4,nojiri|n,scopus,"Toyota Central R&D Labs., Inc.",豊田中央研究所,True,1,company,False,True,False,False,True
0cd754b72582,5,shiozawa|m,scopus,"Toyota Central R&D Labs., Inc.",豊田中央研究所,True,1,company,False,True,False,False,True
0cd754b72582,6,mizuno|s,scopus,"Toyota Central R&D Labs., Inc.",豊田中央研究所,True,1,company,False,True,False,False,True
0cd754b72582,7,yamanaka|k,scopus,"Toyota Central R&D Labs., Inc.",豊田中央研究所,True,1,company,False,True,False,False,True
0cd754b72582,8,morikawa|t,scopus,"Toyota Central R&D Labs., Inc.",豊田中央研究所,True,1,company,False,True,False,False,True
0cd754b72582,9,hamaguchi|t,scopus,"Toyota Central R&D Labs., Inc.",豊田中央研究所,True,1,company,False,True,False,False,True
0d830264daab,1,tadokoro|y,scopus,"Toyota Central R&D Labs., Inc.",豊田中央研究所,True,1,company,False,True,False,False,True
0d830264daab,2,tanaka|h,scopus,"Toyota Central R&D Labs., Inc.",豊田中央研究所,True,1,company,False,True,False,False,True
0d830264daab,3,dykman|m,openalex,"Michigan State University, East Lansing, MI, 48824, USA",,False,0,university,True,False,False,False,False
0e54be0b9a1d,1,nagasako|n,scopus,"Toyota Central R&D Labs., Inc.",豊田中央研究所,True,1,company,False,True,False,False,True
0e54be0b9a1d,2,suzumura|a,scopus,"Toyota Central R&D Labs., Inc.",豊田中央研究所,True,1,company,False,True,False,False,True
0e54be0b9a1d,3,asahi|r,scopus,"Toyota Central R&D Labs., Inc.",豊田中央研究所,True,1,company,False,True,False,False,True
107e1cb7d44d,1,kondo|r,scopus,"Toyota Central R&D Labs., Inc.",豊田中央研究所,True,1,company,False,True,False,False,True
107e1cb7d44d,2,sato|y,scopus,"Toyota Central R&D Labs., Inc.",豊田中央研究所,True,1,company,False,True,False,False,True
107e1cb7d44d,3,koide|s,scopus,"Toyota Central R&D Labs., Inc.",豊田中央研究所,True,1,company,False,True,False,False,True
107e1cb7d44d,4,kajita|s,scopus,"Toyota Central R&D Labs., Inc.",豊田中央研究所,True,1,company,False,True,False,False,True
107e1cb7d44d,5,takamatsu|h,scopus,Toyota Motor Corporation,トヨタ自動車,True,1,company,False,True,False,False,True
1132359b512f,1,beniya|a,scopus,"Toyota Central R&D Labs., Inc.",豊田中央研究所,True,1,company,False,True,False,False,True
1132359b512f,2,higashi|s,scopus,"Toyota Central R&D Labs., Inc.",豊田中央研究所,True,1,company,False,True,False,False,True
1132359b512f,3,ohba|n,scopus,"Toyota Central R&D Labs., Inc.",豊田中央研究所,True,1,company,False,True,False,False,True
1132359b512f,4,jinnouchi|r,scopus,"Toyota Central R&D Labs., Inc.",豊田中央研究所,True,1,company,False,True,False,False,True
1132359b512f,5,hirata|h,scopus,Toyota Motor Corporation,トヨタ自動車,True,1,company,False,True,False,False,True
1132359b512f,6,watanabe|y,scopus,"Toyota Central R&D Labs., Inc.",豊田中央研究所,True,1,company,False,True,False,False,True
117fa6c79e15,1,goto|y,scopus,"Toyota Central R&D Labs., Inc.",豊田中央研究所,True,1,company,False,True,False,False,True
117fa6c79e15,2,kikugawa|m,scopus,"Toyota Central R&D Labs., Inc.",豊田中央研究所,True,1,company,False,True,False,False,True
117fa6c79e15,3,yamazaki|k,scopus,"Toyota Central R&D Labs., Inc.",豊田中央研究所,True,1,company,False,True,False,False,True
117fa6c79e15,4,matsumoto|h,scopus,Institute of Science Tokyo,,False,0,other,False,False,False,False,False
117fa6c79e15,5,hamzah|a,scopus,Institute of Science Tokyo,,False,0,other,False,False,False,False,False
117fa6c79e15,6,ookawara|s,scopus,Institute of Science Tokyo,,False,0,other,False,False,False,False,False
117fa6c79e15,7,manaka|y,scopus,National Institute of Advanced Industrial Science and Technology,,False,0,government,False,False,True,False,False
117fa6c79e15,8,nanba|t,scopus,National Institute of Advanced Industrial Science and Technology,,False,0,government,False,False,True,False,False
117fa6c79e15,9,sato|a,scopus,Toyota Motor Corporation,トヨタ自動車,True,1,company,False,True,False,False,True
117fa6c79e15,10,aoki|m,scopus,"Toyota Central R&D Labs., Inc.",豊田中央研究所,True,1,company,False,True,False,False,True
1207ea357f89,1,inoue|s,scopus,"Toyota Central R&D Labs., Inc.",豊田中央研究所,True,1,company,False,True,False,False,True
1207ea357f89,2,ishigaki|m,scopus,"Toyota Central R&D Labs., Inc.",豊田中央研究所,True,1,company,False,True,False,False,True
1207ea357f89,3,takahashi|a,scopus,"Toyota Central R&D Labs., Inc.",豊田中央研究所,True,1,company,False,True,False,False,True
1207ea357f89,4,sugiyama|t,scopus,"Toyota Central R&D Labs., Inc.",豊田中央研究所,True,1,company,False,True,False,False,True
13b111cc27fa,1,iwamoto|m,scopus,"Toyota Central R&D Labs., Inc.",豊田中央研究所,True,1,company,False,True,False,False,True
13b111cc27fa,2,hamasaki|t,scopus,"Toyota Central R&D Labs., Inc.",豊田中央研究所,True,1,company,False,True,False,False,True
13b111cc27fa,3,asano|y,scopus,Kizawa Memorial Hospital,,False,0,hospital,False,False,False,True,False
13b111cc27fa,4,shinoda|j,scopus,Graduate School of Medicine,,False,0,university,True,False,False,False,False
144b89d5eaf0,1,dong|f,scopus,"Toyota Central R&D Labs., Inc.",豊田中央研究所,True,1,company,False,True,False,False,True
144b89d5eaf0,2,yamazaki|k,scopus,"Toyota Central R&D Labs., Inc.",豊田中央研究所,True,1,company,False,True,False,False,True
15b165947742,1,oka|h,scopus,"Toyota Central R&D Labs., Inc.",豊田中央研究所,True,1,company,False,True,False,False,True
15b165947742,2,makimura|y,scopus,"Toyota Central R&D Labs., Inc.",豊田中央研究所,True,1,company,False,True,False,False,True
15b165947742,3,uyama|t,scopus,"Toyota Central R&D Labs., Inc.",豊田中央研究所,True,1,company,False,True,False,False,True
15b165947742,4,nonaka|t,scopus,"Toyota Central R&D Labs., Inc.",豊田中央研究所,True,1,company,False,True,False,False,True
15b165947742,5,kondo|y,scopus,"Toyota Central R&D Labs., Inc.",豊田中央研究所,True,1,company,False,True,False,False,True
15b165947742,6,okuda|c,scopus,"Toyota Central R&D Labs., Inc.",豊田中央研究所,True,1,company,False,True,False,False,True
172f74f3d172,1,ito|y,scopus,"Toyota Central R&D Labs., Inc.",豊田中央研究所,True,1,company,False,True,False,False,True
172f74f3d172,2,fujimoto|k,scopus,Kyoto University,,False,0,university,True,False,False,False,False
172f74f3d172,3,tadokoro|y,scopus,"Toyota Central R&D Labs., Inc.",豊田中央研究所,True,1,company,False,True,False,False,True
172f74f3d172,4,yoshimura|t,scopus,"Toyota Central R&D Labs., Inc.",豊田中央研究所,True,1,company,False,True,False,False,True
177ea6b960cc,1,kato|s,scopus,"Toyota Central R&D Labs., Inc.",豊田中央研究所,True,1,company,False,True,False,False,True
177ea6b960cc,2,ito|y,scopus,"Toyota Central R&D Labs., Inc.",豊田中央研究所,True,1,company,False,True,False,False,True
177ea6b960cc,3,ikuta|y,scopus,"Toyota Central R&D Labs., Inc.",豊田中央研究所,True,1,company,False,True,False,False,True
177ea6b960cc,4,morikawa|a,scopus,"Toyota Central R&D Labs., Inc.",豊田中央研究所,True,1,company,False,True,False,False,True
177ea6b960cc,5,suda|a,scopus,"Toyota Central R&D Labs., Inc.",豊田中央研究所,True,1,company,False,True,False,False,True
177ea6b960cc,6,tanabe|t,scopus,"Toyota Central R&D Labs., Inc.",豊田中央研究所,True,1,company,False,True,False,False,True
1891031071b0,1,tetsuka|h,scopus,"Toyota Motor North America, Inc.",Toyota Motor North America,False,1,company,False,True,False,False,True
189f5c2c8316,1,sato|y,scopus,"Toyota Central R&D Labs., Inc.",豊田中央研究所,True,1,company,False,True,False,False,True
189f5c2c8316,2,ogura|n,scopus,"Toyota Central R&D Labs., Inc.",豊田中央研究所,True,1,company,False,True,False,False,True
189f5c2c8316,3,yamaguchi|y,scopus,"Toyota Central R&D Labs., Inc.",豊田中央研究所,True,1,company,False,True,False,False,True
189f5c2c8316,4,ju|y,scopus,Nagoya University,,False,0,university,True,False,False,False,False
18d086e044b5,1,makimura|y,scopus,"Toyota Central R&D Labs., Inc.",豊田中央研究所,True,1,company,False,True,False,False,True
18d086e044b5,2,niitani|k,scopus,Toyota Motor Corporation,トヨタ自動車,True,1,company,False,True,False,False,True
18d086e044b5,3,goto|i,scopus,Toyota Motor Corporation,トヨタ自動車,True,1,company,False,True,False,False,True
18d086e044b5,4,tsujiko|a,scopus,Toyota Motor Corporation,トヨタ自動車,True,1,company,False,True,False,False,True
18d086e044b5,5,oka|h,scopus,"Toyota Central R&D Labs., Inc.",豊田中央研究所,True,1,company,False,True,False,False,True
18d086e044b5,6,nonaka|t,scopus,"Toyota Central R&D Labs., Inc.",豊田中央研究所,True,1,company,False,True,False,False,True
18d086e044b5,7,abe|t,scopus,Toyota Motor Corporation,トヨタ自動車,True,1,company,False,True,False,False,True
18f2851796a0,1,yoshimune|w,scopus,Paul Scherrer Institut,,False,0,other,False,False,False,False,False
18f2851796a0,2,falqueto|j,scopus,Paul Scherrer Institut,,False,0,other,False,False,False,False,False
18f2851796a0,3,clark|a,scopus,Paul Scherrer Institut,,False,0,other,False,False,False,False,False
18f2851796a0,4,y zbasi|n,scopus,Empa - Swiss Federal Laboratories for Materials Science and Technology,,False,0,other,False,False,False,False,False
18f2851796a0,5,graule|t,scopus,Empa - Swiss Federal Laboratories for Materials Science and Technology,,False,0,other,False,False,False,False,False
18f2851796a0,6,baster|d,scopus,Paul Scherrer Institut,,False,0,other,False,False,False,False,False
18f2851796a0,7,kazzi|m,openalex,"Energy and Environment Research Division Paul Scherrer Institut PSI  CH-5232 Villigen Switzerland; Energy and Environment Research Division, Paul Scherrer Institut PSI, CH-5232 Villigen, Switzerland",,False,0,other,False,False,False,False,False
18f2851796a0,8,schmidt|t,scopus,Paul Scherrer Institut; ETH Zürich,,False,0,other,False,False,False,False,False
18f2851796a0,9,fabbri|e,scopus,Paul Scherrer Institut,,False,0,other,False,False,False,False,False
19082825a66a,1,iwamoto|m,scopus,"Toyota Central R&D Labs., Inc.",豊田中央研究所,True,1,company,False,True,False,False,True
19082825a66a,2,kanazawa|h,scopus,The University of Tokyo,,False,0,university,True,False,False,False,False
19082825a66a,3,narita|a,scopus,The University of Tokyo,,False,0,university,True,False,False,False,False
19082825a66a,4,yonekura|s,scopus,The University of Tokyo,,False,0,university,True,False,False,False,False
19082825a66a,5,kuniyoshi|y,scopus,The University of Tokyo,,False,0,university,True,False,False,False,False
1925ac4fe1eb,1,nagai|t,scopus,"Toyota Central R&D Labs., Inc.",豊田中央研究所,True,1,company,False,True,False,False,True
1925ac4fe1eb,2,kodama|k,scopus,"Toyota Central R&D Labs., Inc.",豊田中央研究所,True,1,company,False,True,False,False,True
194945adb4d3,1,inaba|m,scopus,"Toyota Central R&D Labs., Inc.",豊田中央研究所,True,1,company,False,True,False,False,True
194945adb4d3,2,kamitaka|y,scopus,"Toyota Central R&D Labs., Inc.",豊田中央研究所,True,1,company,False,True,False,False,True
194945adb4d3,3,kodama|k,scopus,"Toyota Central R&D Labs., Inc.",豊田中央研究所,True,1,company,False,True,False,False,True
1a579881105c,1,yoshimune|w,scopus,"Toyota Central R&D Labs., Inc.",豊田中央研究所,True,1,company,False,True,False,False,True
1a579881105c,2,kato|s,scopus,"Toyota Central R&D Labs., Inc.",豊田中央研究所,True,1,company,False,True,False,False,True
1a579881105c,3,yamaguchi|s,scopus,"Toyota Central R&D Labs., Inc.",豊田中央研究所,True,1,company,False,True,False,False,True
1a579881105c,4,akimoto|y,scopus,"Toyota Central R&D Labs., Inc.",豊田中央研究所,True,1,company,False,True,False,False,True
1a579881105c,5,koiwai|a,scopus,"Toyota Central R&D Labs., Inc.",豊田中央研究所,True,1,company,False,True,False,False,True
1a579881105c,6,nakamura|h,scopus,"Toyota Central R&D Labs., Inc.",豊田中央研究所,True,1,company,False,True,False,False,True
1ae39310f94e,1,isomura|n,scopus,"Toyota Central R&D Labs., Inc.",豊田中央研究所,True,1,company,False,True,False,False,True
1ae39310f94e,2,kikuta|d,scopus,"Toyota Central R&D Labs., Inc.",豊田中央研究所,True,1,company,False,True,False,False,True
1ae39310f94e,3,takahashi|n,scopus,"Toyota Central R&D Labs., Inc.",豊田中央研究所,True,1,company,False,True,False,False,True
1ae39310f94e,4,kosaka|s,scopus,"Toyota Central R&D Labs., Inc.",豊田中央研究所,True,1,company,False,True,False,False,True
1ae39310f94e,5,kataoka|k,scopus,"Toyota Central R&D Labs., Inc.",豊田中央研究所,True,1,company,False,True,False,False,True
1bddc29450af,1,kobayashi|t,scopus,"Toyota Central R&D Labs., Inc.",豊田中央研究所,True,1,company,False,True,False,False,True
1bddc29450af,2,kondo|h,scopus,"Toyota Central R&D Labs., Inc.",豊田中央研究所,True,1,company,False,True,False,False,True
1bddc29450af,3,sasaki|t,scopus,"Toyota Central R&D Labs., Inc.",豊田中央研究所,True,1,company,False,True,False,False,True
1bdf12171b37,1,ishigaki|m,scopus,"Toyota Central R&D Labs., Inc.",豊田中央研究所,True,1,company,False,True,False,False,True
1bdf12171b37,2,ishikawa|k,scopus,"Toyota Central R&D Labs., Inc.",豊田中央研究所,True,1,company,False,True,False,False,True
1bdf12171b37,3,usuki|t,scopus,"Toyota Central R&D Labs., Inc.",豊田中央研究所,True,1,company,False,True,False,False,True
1bdf12171b37,4,kondo|h,scopus,"Toyota Central R&D Labs., Inc.",豊田中央研究所,True,1,company,False,True,False,False,True
1bdf12171b37,5,komagata|s,scopus,"Toyota Central R&D Labs., Inc.",豊田中央研究所,True,1,company,False,True,False,False,True
1bdf12171b37,6,sasaki|t,scopus,"Toyota Central R&D Labs., Inc.",豊田中央研究所,True,1,company,False,True,False,False,True
1d43bf8758de,1,hirai|t,scopus,"Toyota Central R&D Labs., Inc.",豊田中央研究所,True,1,company,False,True,False,False,True
1d43bf8758de,2,onochi|y,scopus,Toyota Motor Corporation,トヨタ自動車,True,1,company,False,True,False,False,True
1d43bf8758de,3,kawada|j,scopus,"Toyota Central R&D Labs., Inc.",豊田中央研究所,True,1,company,False,True,False,False,True
1d454f14594b,1,yonaga|a,scopus,"Toyota Central R&D Labs., Inc.",豊田中央研究所,True,1,company,False,True,False,False,True
1d454f14594b,2,kawauchi|s,scopus,"Toyota Central R&D Labs., Inc.",豊田中央研究所,True,1,company,False,True,False,False,True
1d454f14594b,3,mori|y,scopus,Kyushu University,,False,0,university,True,False,False,False,False
1d454f14594b,4,xuanchen|l,scopus,Kyushu University,,False,0,university,True,False,False,False,False
1d454f14594b,5,ishikawa|s,scopus,Kyushu University,,False,0,university,True,False,False,False,False
1d454f14594b,6,nunoshita|k,scopus,Kyushu University,,False,0,university,True,False,False,False,False
1d454f14594b,7,inoue|g,scopus,Kyushu University,,False,0,university,True,False,False,False,False
1d454f14594b,8,matsunaga|t,scopus,"Toyota Central R&D Labs., Inc.",豊田中央研究所,True,1,company,False,True,False,False,True
1f5dbacce0f0,1,ohno|h,scopus,"Toyota Central R&D Labs., Inc.",豊田中央研究所,True,1,company,False,True,False,False,True
1f97ce569773,1,otaki|k,scopus,"Toyota Central R&D Labs., Inc.",豊田中央研究所,True,1,company,False,True,False,False,True
1f97ce569773,2,koide|s,scopus,"Toyota Central R&D Labs., Inc.",豊田中央研究所,True,1,company,False,True,False,False,True
1f97ce569773,3,okoso|a,scopus,"Toyota Central R&D Labs., Inc.",豊田中央研究所,True,1,company,False,True,False,False,True
1f97ce569773,4,nishi|t,scopus,"Toyota Central R&D Labs., Inc.",豊田中央研究所,True,1,company,False,True,False,False,True
2072206cf1cb,1,sakamoto|n,scopus,"Toyota Central R&D Labs., Inc.",豊田中央研究所,True,1,company,False,True,False,False,True
2072206cf1cb,2,arai|t,scopus,"Toyota Central R&D Labs., Inc.",豊田中央研究所,True,1,company,False,True,False,False,True
20bac751660f,1,kumano|n,scopus,"Toyota Central R&D Labs., Inc.",豊田中央研究所,True,1,company,False,True,False,False,True
20bac751660f,2,kudo|k,scopus,"Toyota Central R&D Labs., Inc.",豊田中央研究所,True,1,company,False,True,False,False,True
20bac751660f,3,suda|a,scopus,"Toyota Central R&D Labs., Inc.",豊田中央研究所,True,1,company,False,True,False,False,True
20bac751660f,4,akimoto|y,scopus,"Toyota Central R&D Labs., Inc.",豊田中央研究所,True,1,company,False,True,False,False,True
20bac751660f,5,ishii|m,scopus,"Toyota Central R&D Labs., Inc.",豊田中央研究所,True,1,company,False,True,False,False,True
20bac751660f,6,nakamura|h,scopus,"Toyota Central R&D Labs., Inc.",豊田中央研究所,True,1,company,False,True,False,False,True
2281572086af,1,kawaura|h,scopus,"Toyota Central R&D Labs., Inc.",豊田中央研究所,True,1,company,False,True,False,False,True
2281572086af,2,suzuki|r,scopus,"Toyota Central R&D Labs., Inc.",豊田中央研究所,True,1,company,False,True,False,False,True
2281572086af,3,nagasako|n,scopus,"Toyota Central R&D Labs., Inc.",豊田中央研究所,True,1,company,False,True,False,False,True
2281572086af,4,oh ishi|k,scopus,"Toyota Central R&D Labs., Inc.",豊田中央研究所,True,1,company,False,True,False,False,True
2322e40dc6bc,1,machida|t,scopus,"Toyota Central R&D Labs., Inc.",豊田中央研究所,True,1,company,False,True,False,False,True
2322e40dc6bc,2,shitaoka|k,scopus,"Toyota Central R&D Labs., Inc.",豊田中央研究所,True,1,company,False,True,False,False,True
2407f4665bf6,1,minami|s,scopus,"Toyota Central R&D Labs., Inc.",豊田中央研究所,True,1,company,False,True,False,False,True
2407f4665bf6,2,kin|m,scopus,DENSO Corporation,デンソー,False,1,company,False,True,False,False,False
2407f4665bf6,3,takahashi|k,scopus,DENSO Corporation,デンソー,False,1,company,False,True,False,False,False
2407f4665bf6,4,sato|t,scopus,DENSO Corporation,デンソー,False,1,company,False,True,False,False,False
2407f4665bf6,5,jinnouchi|r,scopus,"Toyota Central R&D Labs., Inc.",豊田中央研究所,True,1,company,False,True,False,False,True
2468c6cb6d58,1,shimogaki|t,scopus,"Toyota Central R&D Labs., Inc.",豊田中央研究所,True,1,company,False,True,False,False,True
2468c6cb6d58,2,fukushima|h,scopus,"Toyota Central R&D Labs., Inc.",豊田中央研究所,True,1,company,False,True,False,False,True
2468c6cb6d58,3,inoue|d,scopus,"Toyota Central R&D Labs., Inc.",豊田中央研究所,True,1,company,False,True,False,False,True
2468c6cb6d58,4,ichikawa|t,scopus,"Toyota Central R&D Labs., Inc.",豊田中央研究所,True,1,company,False,True,False,False,True
2468c6cb6d58,5,yamashita|t,scopus,"Toyota Central R&D Labs., Inc.",豊田中央研究所,True,1,company,False,True,False,False,True
24d8666c37ef,1,sakai|m,scopus,"Toyota Central R&D Labs., Inc.",豊田中央研究所,True,1,company,False,True,False,False,True
24d8666c37ef,2,hamaguchi|t,scopus,"Toyota Central R&D Labs., Inc.",豊田中央研究所,True,1,company,False,True,False,False,True
24d8666c37ef,3,tanaka|t,scopus,"Toyota Central R&D Labs., Inc.",豊田中央研究所,True,1,company,False,True,False,False,True
25fd989cb588,1,ogihara|n,scopus,"Toyota Central R&D Labs., Inc.",豊田中央研究所,True,1,company,False,True,False,False,True
25fd989cb588,2,hasegawa|m,scopus,"Toyota Central R&D Labs., Inc.",豊田中央研究所,True,1,company,False,True,False,False,True
25fd989cb588,3,kumagai|h,scopus,"Toyota Central R&D Labs., Inc.",豊田中央研究所,True,1,company,False,True,False,False,True
25fd989cb588,4,mikita|r,scopus,"Toyota Central R&D Labs., Inc.",豊田中央研究所,True,1,company,False,True,False,False,True
25fd989cb588,5,nagasako|n,scopus,"Toyota Central R&D Labs., Inc.",豊田中央研究所,True,1,company,False,True,False,False,True
2676674cf3fa,1,kato|n,scopus,"Toyota Central R&D Labs., Inc.",豊田中央研究所,True,1,company,False,True,False,False,True
2676674cf3fa,2,mizuno|s,scopus,"Toyota Central R&D Labs., Inc.",豊田中央研究所,True,1,company,False,True,False,False,True
2676674cf3fa,3,shiozawa|m,scopus,"Toyota Central R&D Labs., Inc.",豊田中央研究所,True,1,company,False,True,False,False,True
2676674cf3fa,4,nojiri|n,scopus,"Toyota Central R&D Labs., Inc.",豊田中央研究所,True,1,company,False,True,False,False,True
2676674cf3fa,5,kawai|y,scopus,"Toyota Central R&D Labs., Inc.",豊田中央研究所,True,1,company,False,True,False,False,True
2676674cf3fa,6,fukumoto|k,scopus,"Toyota Central R&D Labs., Inc.",豊田中央研究所,True,1,company,False,True,False,False,True
2676674cf3fa,7,morikawa|t,scopus,"Toyota Central R&D Labs., Inc.",豊田中央研究所,True,1,company,False,True,False,False,True
2676674cf3fa,8,takeda|y,scopus,"Toyota Central R&D Labs., Inc.",豊田中央研究所,True,1,company,False,True,False,False,True
2720738ce536,1,oka|h,scopus,"Toyota Central R&D Labs., Inc.",豊田中央研究所,True,1,company,False,True,False,False,True
2720738ce536,2,nonaka|t,scopus,"Toyota Central R&D Labs., Inc.",豊田中央研究所,True,1,company,False,True,False,False,True
2720738ce536,3,kondo|y,scopus,"Toyota Central R&D Labs., Inc.",豊田中央研究所,True,1,company,False,True,False,False,True
2720738ce536,4,makimura|y,scopus,"Toyota Central R&D Labs., Inc.",豊田中央研究所,True,1,company,False,True,False,False,True
27c195fa72d9,1,yoshino|s,scopus,"Toyota Central R&D Labs., Inc.",豊田中央研究所,True,1,company,False,True,False,False,True
27c195fa72d9,2,shinohara|a,scopus,"Toyota Central R&D Labs., Inc.",豊田中央研究所,True,1,company,False,True,False,False,True
27c195fa72d9,3,kodama|k,scopus,"Toyota Central R&D Labs., Inc.",豊田中央研究所,True,1,company,False,True,False,False,True
27c195fa72d9,4,morimoto|y,scopus,"Toyota Central R&D Labs., Inc.",豊田中央研究所,True,1,company,False,True,False,False,True
27d7e2b65c8d,1,sasagawa|t,scopus,"Toyota Central R&D Labs., Inc.",豊田中央研究所,True,1,company,False,True,False,False,True
27d7e2b65c8d,2,tanaka|m,scopus,"Toyota Central R&D Labs., Inc.",豊田中央研究所,True,1,company,False,True,False,False,True
27d7e2b65c8d,3,omote|r,scopus,"Toyota Central R&D Labs., Inc.",豊田中央研究所,True,1,company,False,True,False,False,True
27d7e2b65c8d,4,balzani|d,scopus,Technische Universität Dresden,,False,0,university,True,False,False,False,False
286de4654671,1,ishii|y,scopus,"Toyota Central R&D Labs., Inc.",豊田中央研究所,True,1,company,False,True,False,False,True
286de4654671,2,hayakawa|k,scopus,"Toyota Central R&D Labs., Inc.",豊田中央研究所,True,1,company,False,True,False,False,True
286de4654671,3,chikaraishi|m,scopus,Hiroshima University,,False,0,university,True,False,False,False,False
2894e0bfa304,1,jinnouchi|r,scopus,"Toyota Central R&D Labs., Inc.",豊田中央研究所,True,1,company,False,True,False,False,True
2894e0bfa304,2,karsai|f,scopus,VASP Software GmbH,,False,0,company,False,True,False,False,False
2894e0bfa304,3,kresse|g,scopus,VASP Software GmbH; Universität Wien,,False,0,company|university,True,True,False,False,False
28a060b82abe,1,kataoka|r,scopus,"Toyota Central R&D Labs., Inc.",豊田中央研究所,True,1,company,False,True,False,False,True
28a060b82abe,2,hidaka|k,scopus,"Toyota Central R&D Labs., Inc.",豊田中央研究所,True,1,company,False,True,False,False,True
28a060b82abe,3,nishi|t,scopus,"Toyota Central R&D Labs., Inc.",豊田中央研究所,True,1,company,False,True,False,False,True
2c3d42bcf54c,1,ito|y,scopus,"Toyota Central R&D Labs., Inc.",豊田中央研究所,True,1,company,False,True,False,False,True
2c3d42bcf54c,2,kamal|m,scopus,Gunma University,,False,0,university,True,False,False,False,False
2c3d42bcf54c,3,yoshimura|t,scopus,"Toyota Central R&D Labs., Inc.",豊田中央研究所,True,1,company,False,True,False,False,True
2c3d42bcf54c,4,azuma|s,scopus,Nagoya University,,False,0,university,True,False,False,False,False
2daf5908a8e8,1,harada|m,scopus,"Toyota Central R&D Labs., Inc.",豊田中央研究所,True,1,company,False,True,False,False,True
2daf5908a8e8,2,kadoura|h,scopus,"Toyota Central R&D Labs., Inc.",豊田中央研究所,True,1,company,False,True,False,False,True
2daf5908a8e8,3,takata|s,scopus,J-PARC Center,,False,0,government,False,False,True,False,False
2daf5908a8e8,4,iwase|h,scopus,Comprehensive Research Organization for Science and Society,,False,0,government,False,False,True,False,False
2daf5908a8e8,5,kajiya|s,scopus,"Toyota Central R&D Labs., Inc.",豊田中央研究所,True,1,company,False,True,False,False,True
2daf5908a8e8,6,suzuki|t,scopus,"Toyota Central R&D Labs., Inc.",豊田中央研究所,True,1,company,False,True,False,False,True
2daf5908a8e8,7,hasegawa|n,scopus,"Toyota Central R&D Labs., Inc.",豊田中央研究所,True,1,company,False,True,False,False,True
2daf5908a8e8,8,shinohara|a,scopus,"Toyota Central R&D Labs., Inc.",豊田中央研究所,True,1,company,False,True,False,False,True
2daf5908a8e8,9,kato|s,scopus,"Toyota Central R&D Labs., Inc.",豊田中央研究所,True,1,company,False,True,False,False,True
2e553763fd60,1,tabata|h,scopus,The University of Osaka,,False,0,university,True,False,False,False,False
2e553763fd60,2,chikatani|g,scopus,The University of Osaka,,False,0,university,True,False,False,False,False
2e553763fd60,3,nishijima|h,scopus,The University of Osaka,,False,0,university,True,False,False,False,False
2e553763fd60,4,harada|t,scopus,The University of Osaka,,False,0,university,True,False,False,False,False
2e553763fd60,5,miyake|r,scopus,The University of Osaka,,False,0,university,True,False,False,False,False
2e553763fd60,6,kato|s,scopus,"The University of Osaka; National Institute of Advanced Industrial Science and Technology, Hokkaido",,False,0,university|government,True,False,True,False,False
2e553763fd60,7,igarashi|k,scopus,"National Institute of Advanced Industrial Science and Technology, Hokkaido",,False,0,government,False,False,True,False,False
2e553763fd60,8,mukouyama|y,scopus,The University of Osaka; Tokyo Denki University,,False,0,university,True,False,False,False,False
2e553763fd60,9,shirai|s,scopus,"Toyota Central R&D Labs., Inc.",豊田中央研究所,True,1,company,False,True,False,False,True
2e553763fd60,10,waki|m,scopus,"Toyota Central R&D Labs., Inc.",豊田中央研究所,True,1,company,False,True,False,False,True
2e553763fd60,11,hase|y,scopus,"The University of Osaka; Toyota Central R&D Labs., Inc.",豊田中央研究所,True,1,university|company,True,True,False,False,True
2e553763fd60,12,nakanishi|s,scopus,The University of Osaka,,False,0,university,True,False,False,False,False
2eacbcd221af,1,harada|m,scopus,"Toyota Central R&D Labs., Inc.",豊田中央研究所,True,1,company,False,True,False,False,True
2eacbcd221af,2,hasegawa|n,scopus,"Toyota Central R&D Labs., Inc.",豊田中央研究所,True,1,company,False,True,False,False,True
2eacbcd221af,3,kato|a,scopus,"Toyota Central R&D Labs., Inc.",豊田中央研究所,True,1,company,False,True,False,False,True
2eacbcd221af,4,higuchi|y,scopus,"Toyota Central R&D Labs., Inc.",豊田中央研究所,True,1,company,False,True,False,False,True
2eacbcd221af,5,kato|s,scopus,"Toyota Central R&D Labs., Inc.",豊田中央研究所,True,1,company,False,True,False,False,True
2eacbcd221af,6,song|f,scopus,J-PARC Center,,False,0,government,False,False,True,False,False
2eacbcd221af,7,iwase|h,scopus,Comprehensive Research Organization for Science and Society,,False,0,government,False,False,True,False,False
2eacbcd221af,8,takata|s,scopus,J-PARC Center,,False,0,government,False,False,True,False,False
30f2b9606c0f,1,miyazaki|i,scopus,"Toyota Central R&D Labs., Inc.",豊田中央研究所,True,1,company,False,True,False,False,True
30f2b9606c0f,2,masuoka|y,scopus,"Toyota Central R&D Labs., Inc.",豊田中央研究所,True,1,company,False,True,False,False,True
30f2b9606c0f,3,ohshima|a,scopus,"Toyota Central R&D Labs., Inc.",豊田中央研究所,True,1,company,False,True,False,False,True
30f2b9606c0f,4,takahashi|n,scopus,"Toyota Central R&D Labs., Inc.",豊田中央研究所,True,1,company,False,True,False,False,True
30f2b9606c0f,5,suzumura|a,scopus,"Toyota Central R&D Labs., Inc.",豊田中央研究所,True,1,company,False,True,False,False,True
30f2b9606c0f,6,moribe|s,scopus,"Toyota Central R&D Labs., Inc.",豊田中央研究所,True,1,company,False,True,False,False,True
30f2b9606c0f,7,takao|h,scopus,"Toyota Central R&D Labs., Inc.",豊田中央研究所,True,1,company,False,True,False,False,True
30f2b9606c0f,8,umehara|m,scopus,"Toyota Central R&D Labs., Inc.",豊田中央研究所,True,1,company,False,True,False,False,True
3301cbb6232e,1,tanaka|m,scopus,"Toyota Motor North America, Inc.",Toyota Motor North America,False,1,company,False,True,False,False,True
3301cbb6232e,2,montgomery|s,scopus,George W. Woodruff School of Mechanical Engineering,,False,0,other,False,False,False,False,False
3301cbb6232e,3,yue|l,scopus,George W. Woodruff School of Mechanical Engineering,,False,0,other,False,False,False,False,False
3301cbb6232e,4,wei|y,scopus,George W. Woodruff School of Mechanical Engineering,,False,0,other,False,False,False,False,False
3301cbb6232e,5,song|y,scopus,"Toyota Motor North America, Inc.",Toyota Motor North America,False,1,company,False,True,False,False,True
3301cbb6232e,6,nomura|t,scopus,"Toyota Central R&D Labs., Inc.",豊田中央研究所,True,1,company,False,True,False,False,True
3301cbb6232e,7,qi|h,scopus,George W. Woodruff School of Mechanical Engineering,,False,0,other,False,False,False,False,False
33b2e1bb70e6,1,okoso|a,scopus,"Toyota Central R&D Labs., Inc.",豊田中央研究所,True,1,company,False,True,False,False,True
33b2e1bb70e6,2,yang|m,scopus,The University of Tokyo,,False,0,university,True,False,False,False,False
33b2e1bb70e6,3,baba|y,scopus,The University of Tokyo,,False,0,university,True,False,False,False,False
33f950f1f37b,1,inoue|y,scopus,"Toyota Central R&D Labs., Inc.",豊田中央研究所,True,1,company,False,True,False,False,True
33f950f1f37b,2,okamoto|h,scopus,"Toyota Central R&D Labs., Inc.",豊田中央研究所,True,1,company,False,True,False,False,True
3425e5e11a32,1,nagai|y,scopus,"Toyota Central R&D Labs., Inc.",豊田中央研究所,True,1,company,False,True,False,False,True
3425e5e11a32,2,eller|j,scopus,Paul Scherrer Institut,,False,0,other,False,False,False,False,False
3425e5e11a32,3,hatanaka|t,scopus,"Toyota Central R&D Labs., Inc.",豊田中央研究所,True,1,company,False,True,False,False,True
3425e5e11a32,4,yamaguchi|s,scopus,"Toyota Central R&D Labs., Inc.",豊田中央研究所,True,1,company,False,True,False,False,True
3425e5e11a32,5,kato|s,scopus,"Toyota Central R&D Labs., Inc.",豊田中央研究所,True,1,company,False,True,False,False,True
3425e5e11a32,6,kato|a,scopus,"Toyota Central R&D Labs., Inc.",豊田中央研究所,True,1,company,False,True,False,False,True
3425e5e11a32,7,marone|f,scopus,Paul Scherrer Institut,,False,0,other,False,False,False,False,False
3425e5e11a32,8,xu|h,scopus,Paul Scherrer Institut,,False,0,other,False,False,False,False,False
3425e5e11a32,9,b chi|f,scopus,Paul Scherrer Institut,,False,0,other,False,False,False,False,False
342fc79a2dc2,1,makino|h,openalex,"Toyota Central R&amp;D Labs, Inc., Nagakute, Aichi, Japan",豊田中央研究所,True,1,company,False,True,False,False,True
342fc79a2dc2,2,ito|s,openalex,"Toyota Central R&amp;D Labs, Inc., Nagakute, Aichi, Japan",豊田中央研究所,True,1,company,False,True,False,False,True
3494280969a4,1,kawano|k,openalex,"Toyota Central R&D Labs., Inc., 41-1, Yokomichi, Nagakute, Aichi, Japan. Electronic address: kawano@mosk.tytlabs.co.jp",豊田中央研究所,True,1,company,False,True,False,False,True
3494280969a4,2,kutsuna|t,openalex,"Toyota Central R&D Labs., Inc., 41-1, Yokomichi, Nagakute, Aichi, Japan. Electronic address: kutsuna@mosk.tytlabs.co.jp",豊田中央研究所,True,1,company,False,True,False,False,True
3494280969a4,3,sano|k,openalex,"DENSO CORPORATION, 1-1, Showa-cho, Kariya, Aichi, Japan",デンソー,False,1,company,False,True,False,False,False
3681a81ae703,1,yoshimune|w,scopus,"Toyota Central R&D Labs., Inc.",豊田中央研究所,True,1,company,False,True,False,False,True
3681a81ae703,2,kikkawa|n,scopus,"Toyota Central R&D Labs., Inc.",豊田中央研究所,True,1,company,False,True,False,False,True
3681a81ae703,3,yoneyama|h,scopus,"Toyota Central R&D Labs., Inc.",豊田中央研究所,True,1,company,False,True,False,False,True
3681a81ae703,4,takahashi|n,scopus,"Toyota Central R&D Labs., Inc.",豊田中央研究所,True,1,company,False,True,False,False,True
3681a81ae703,5,minami|s,scopus,"Toyota Central R&D Labs., Inc.",豊田中央研究所,True,1,company,False,True,False,False,True
3681a81ae703,6,akimoto|y,scopus,"Toyota Central R&D Labs., Inc.",豊田中央研究所,True,1,company,False,True,False,False,True
3681a81ae703,7,mitsuoka|t,scopus,"Toyota Central R&D Labs., Inc.",豊田中央研究所,True,1,company,False,True,False,False,True
3681a81ae703,8,kawaura|h,scopus,"Toyota Central R&D Labs., Inc.",豊田中央研究所,True,1,company,False,True,False,False,True
3681a81ae703,9,harada|m,scopus,"Toyota Central R&D Labs., Inc.",豊田中央研究所,True,1,company,False,True,False,False,True
3681a81ae703,10,yamada|n,scopus,"High Energy Accelerator Research Organization, Institute of Materials Structure Science",,False,0,government,False,False,True,False,False
3681a81ae703,11,aoki|h,scopus,"High Energy Accelerator Research Organization, Institute of Materials Structure Science; J-PARC Center",,False,0,government,False,False,True,False,False
36a88704a84b,1,hirose|n,scopus,"Toyota Central R&D Labs., Inc.",豊田中央研究所,True,1,company,False,True,False,False,True
36a88704a84b,2,koide|s,scopus,"Toyota Central R&D Labs., Inc.",豊田中央研究所,True,1,company,False,True,False,False,True
36a88704a84b,3,kawano|k,scopus,"Toyota Central R&D Labs., Inc.",豊田中央研究所,True,1,company,False,True,False,False,True
36a88704a84b,4,kondo|r,scopus,"Toyota Central R&D Labs., Inc.",豊田中央研究所,True,1,company,False,True,False,False,True
37d065c45103,1,takeyama|k,scopus,"Toyota Central R&D Labs., Inc.",豊田中央研究所,True,1,company,False,True,False,False,True
3a72fab5f46c,1,kikugawa|m,scopus,"Toyota Central R&D Labs., Inc.",豊田中央研究所,True,1,company,False,True,False,False,True
3a72fab5f46c,2,yamazaki|k,scopus,"Toyota Central R&D Labs., Inc.",豊田中央研究所,True,1,company,False,True,False,False,True
3a72fab5f46c,3,kato|a,scopus,"Toyota Central R&D Labs., Inc.",豊田中央研究所,True,1,company,False,True,False,False,True
3a72fab5f46c,4,uyama|t,scopus,"Toyota Central R&D Labs., Inc.",豊田中央研究所,True,1,company,False,True,False,False,True
3a72fab5f46c,5,takahashi|n,scopus,"Toyota Central R&D Labs., Inc.",豊田中央研究所,True,1,company,False,True,False,False,True
3a72fab5f46c,6,shinjoh|h,scopus,"Toyota Central R&D Labs., Inc.",豊田中央研究所,True,1,company,False,True,False,False,True
3bf7b9ad3d7b,1,mizoshita|n,scopus,"Toyota Central R&D Labs., Inc.",豊田中央研究所,True,1,company,False,True,False,False,True
3c0408528e38,1,hidaka|k,scopus,"Toyota Central R&D Labs., Inc.",豊田中央研究所,True,1,company,False,True,False,False,True
3c0408528e38,2,hayakawa|k,scopus,"Toyota Central R&D Labs., Inc.",豊田中央研究所,True,1,company,False,True,False,False,True
3c0408528e38,3,nishi|t,scopus,"Toyota Central R&D Labs., Inc.",豊田中央研究所,True,1,company,False,True,False,False,True
3c0408528e38,4,usui|t,scopus,University of Human Environments,,False,0,university,True,False,False,False,False
3c0408528e38,5,yamamoto|t,scopus,Nagoya University,,False,0,university,True,False,False,False,False
3c78286b82cc,1,taguchi|s,scopus,"Toyota Central RD Labs., Inc.",豊田中央研究所,True,1,company,False,True,False,False,True
3c78286b82cc,2,koide|s,scopus,"Toyota Central RD Labs., Inc.",豊田中央研究所,True,1,company,False,True,False,False,True
3c78286b82cc,3,yoshimura|t,scopus,"Toyota Central RD Labs., Inc.",豊田中央研究所,True,1,company,False,True,False,False,True
3ecc54161003,1,inoue|d,scopus,"Toyota Central R&D Labs., Inc.",豊田中央研究所,True,1,company,False,True,False,False,True
3ecc54161003,2,ichikawa|t,scopus,"Toyota Central R&D Labs., Inc.",豊田中央研究所,True,1,company,False,True,False,False,True
3ecc54161003,3,shimogaki|t,scopus,"Toyota Central R&D Labs., Inc.",豊田中央研究所,True,1,company,False,True,False,False,True
3ecc54161003,4,matsubara|h,scopus,"Toyota Central R&D Labs., Inc.",豊田中央研究所,True,1,company,False,True,False,False,True
3ecc54161003,5,kawasaki|a,scopus,"Toyota Central R&D Labs., Inc.",豊田中央研究所,True,1,company,False,True,False,False,True
3ecc54161003,6,yamashita|t,scopus,"Toyota Central R&D Labs., Inc.",豊田中央研究所,True,1,company,False,True,False,False,True
3f9a312a8d6c,1,yamazaki|k,scopus,"Toyota Central R&D Labs., Inc.",豊田中央研究所,True,1,company,False,True,False,False,True
3f9a312a8d6c,2,goto|y,scopus,"Toyota Central R&D Labs., Inc.",豊田中央研究所,True,1,company,False,True,False,False,True
3f9a312a8d6c,3,kikugawa|m,scopus,"Toyota Central R&D Labs., Inc.",豊田中央研究所,True,1,company,False,True,False,False,True
3f9a312a8d6c,4,sato|a,scopus,Toyota Motor Corporation,トヨタ自動車,True,1,company,False,True,False,False,True
3f9a312a8d6c,5,manaka|y,scopus,National Institute of Advanced Industrial Science and Technology,,False,0,government,False,False,True,False,False
3f9a312a8d6c,6,nanba|t,scopus,National Institute of Advanced Industrial Science and Technology,,False,0,government,False,False,True,False,False
3f9a312a8d6c,7,matsumoto|h,scopus,Institute of Science Tokyo,,False,0,other,False,False,False,False,False
3f9a312a8d6c,8,ookawara|s,scopus,Institute of Science Tokyo,,False,0,other,False,False,False,False,False
409870da2c10,1,tanaka|m,scopus,"Toyota Motor North America, Inc.",Toyota Motor North America,False,1,company,False,True,False,False,True
409870da2c10,2,ikeda|k,scopus,Tohoku University,,False,0,university,True,False,False,False,False
409870da2c10,3,hsiao|k,scopus,National Chiao Tung University,,False,0,university,True,False,False,False,False
409870da2c10,4,fujii|f,scopus,Gifu University,,False,0,university,True,False,False,False,False
409fe09dac16,1,hazama|h,scopus,"Toyota Central R&D Labs., Inc.",豊田中央研究所,True,1,company,False,True,False,False,True
409fe09dac16,2,masuoka|y,scopus,"Toyota Central R&D Labs., Inc.",豊田中央研究所,True,1,company,False,True,False,False,True
409fe09dac16,3,suzumura|a,scopus,"Toyota Central R&D Labs., Inc.",豊田中央研究所,True,1,company,False,True,False,False,True
409fe09dac16,4,matsubara|m,scopus,"Toyota Central R&D Labs., Inc.",豊田中央研究所,True,1,company,False,True,False,False,True
409fe09dac16,5,tajima|s,scopus,"Toyota Central R&D Labs., Inc.",豊田中央研究所,True,1,company,False,True,False,False,True
409fe09dac16,6,asahi|r,scopus,"Toyota Central R&D Labs., Inc.",豊田中央研究所,True,1,company,False,True,False,False,True
41a5039f67b9,1,miyazaki|i,scopus,"Toyota Central R&D Labs., Inc.",豊田中央研究所,True,1,company,False,True,False,False,True
41a5039f67b9,2,masuoka|y,scopus,"Toyota Central R&D Labs., Inc.",豊田中央研究所,True,1,company,False,True,False,False,True
41a5039f67b9,3,oh ishi|k,scopus,"Toyota Central R&D Labs., Inc.",豊田中央研究所,True,1,company,False,True,False,False,True
41a5039f67b9,4,setoyama|n,scopus,"Toyota Central R&D Labs., Inc.",豊田中央研究所,True,1,company,False,True,False,False,True
41a5039f67b9,5,umehara|m,scopus,"Toyota Central R&D Labs., Inc.",豊田中央研究所,True,1,company,False,True,False,False,True
4315f6ee6cc0,1,ozaki|t,scopus,"Toyota Central R&D Labs., Inc.",豊田中央研究所,True,1,company,False,True,False,False,True
4315f6ee6cc0,2,hamaguchi|k,scopus,"Toyota Central R&D Labs., Inc.",豊田中央研究所,True,1,company,False,True,False,False,True
434004e38ac6,1,deguchi|h,openalex,"Toyota Central R&amp;D Labs., Inc.,Aichi,Japan",豊田中央研究所,True,1,company,False,True,False,False,True
434004e38ac6,2,shibata|k,openalex,"Toyota Central R&amp;D Labs., Inc.,Aichi,Japan",豊田中央研究所,True,1,company,False,True,False,False,True
434004e38ac6,3,taguchi|s,openalex,"Toyota Central R&amp;D Labs., Inc.,Aichi,Japan",豊田中央研究所,True,1,company,False,True,False,False,True
45d2de2795e0,1,tomita|s,scopus,"Toyota Central R&D Labs., Inc.",豊田中央研究所,True,1,company,False,True,False,False,True
45d2de2795e0,2,shimanuki|k,scopus,"Toyota Central R&D Labs., Inc.",豊田中央研究所,True,1,company,False,True,False,False,True
45d2de2795e0,3,umemoto|k,scopus,"Toyota Central R&D Labs., Inc.",豊田中央研究所,True,1,company,False,True,False,False,True
45d2de2795e0,4,kawamoto|a,scopus,"Toyota Central R&D Labs., Inc.",豊田中央研究所,True,1,company,False,True,False,False,True
45d2de2795e0,5,nomura|t,scopus,"Toyota Central R&D Labs., Inc.",豊田中央研究所,True,1,company,False,True,False,False,True
45d2de2795e0,6,tachi|t,scopus,The University of Tokyo,,False,0,university,True,False,False,False,False
462954d6c690,1,otaki|k,openalex,"Toyota Central R&D Labs., Inc., Nagakute, Aichi, Japan; TOYOTA Central R&D Labs, Inc., Nagakute, Aichi, Japan",豊田中央研究所,True,1,company,False,True,False,False,True
462954d6c690,2,koide|s,openalex,"Toyota Central R&D Labs., Inc., Nagakute, Aichi, Japan; TOYOTA Central R&D Labs, Inc., Nagakute, Aichi, Japan",豊田中央研究所,True,1,company,False,True,False,False,True
462954d6c690,3,okoso|a,openalex,"Toyota Central R&D Labs., Inc., Nagakute, Aichi, Japan; TOYOTA Central R&D Labs, Inc., Nagakute, Aichi, Japan",豊田中央研究所,True,1,company,False,True,False,False,True
462954d6c690,4,nishi|t,openalex,"Toyota Central R&D Labs., Inc., Nagakute, Aichi, Japan; TOYOTA Central R&D Labs, Inc., Nagakute, Aichi, Japan",豊田中央研究所,True,1,company,False,True,False,False,True
4780234b333d,1,miyano|t,openalex,"Department of Applied Mathematics Research, Toyota Central R&#x0026;D Labs., Inc., Nagakute, Japan; Toyota Central R and D Labs., Inc, Nagakute, Aichi, Japan",豊田中央研究所,True,1,company,False,True,False,False,True
4780234b333d,2,shima|r,openalex,"Department of Green Fuel Research, Toyota Central R&#x0026;D Labs., Inc., Nagakute, Japan; Toyota Central R and D Labs., Inc, Nagakute, Aichi, Japan",豊田中央研究所,True,1,company,False,True,False,False,True
4780234b333d,3,ito|y,openalex,"Department of Applied Mathematics Research, Toyota Central R&#x0026;D Labs., Inc., Nagakute, Japan; Toyota Central R and D Labs., Inc, Nagakute, Aichi, Japan",豊田中央研究所,True,1,company,False,True,False,False,True
47cb301e989b,1,kutsuna|t,scopus,"Toyota Central R&D Labs., Inc.",豊田中央研究所,True,1,company,False,True,False,False,True
4893c5cc197b,1,suzuki|t,scopus,"Toyota Central R&D Labs., Inc.",豊田中央研究所,True,1,company,False,True,False,False,True
4893c5cc197b,2,nagatsuka|k,scopus,Tokyo University of Science,,False,0,university,True,False,False,False,False
4893c5cc197b,3,nonaka|t,scopus,"Toyota Central R&D Labs., Inc.",豊田中央研究所,True,1,company,False,True,False,False,True
4893c5cc197b,4,yamaguchi|y,scopus,Tokyo University of Science,,False,0,university,True,False,False,False,False
4893c5cc197b,5,sakamoto|n,scopus,"Toyota Central R&D Labs., Inc.",豊田中央研究所,True,1,company,False,True,False,False,True
4893c5cc197b,6,uyama|t,scopus,"Toyota Central R&D Labs., Inc.",豊田中央研究所,True,1,company,False,True,False,False,True
4893c5cc197b,7,sekizawa|k,scopus,"Toyota Central R&D Labs., Inc.",豊田中央研究所,True,1,company,False,True,False,False,True
4893c5cc197b,8,kudo|a,scopus,Tokyo University of Science,,False,0,university,True,False,False,False,False
4893c5cc197b,9,morikawa|t,scopus,"Toyota Central R&D Labs., Inc.",豊田中央研究所,True,1,company,False,True,False,False,True
4a2bc06b8999,1,ozaki|t,scopus,"Toyota Central R&D Labs., Inc.",豊田中央研究所,True,1,company,False,True,False,False,True
4a2bc06b8999,2,ohta|n,scopus,"Toyota Central R&D Labs., Inc.",豊田中央研究所,True,1,company,False,True,False,False,True
4a2bc06b8999,3,ma|j,scopus,"Toyota Central R&D Labs., Inc.",豊田中央研究所,True,1,company,False,True,False,False,True
4a2bc06b8999,4,fujiyoshi|m,scopus,"Toyota Central R&D Labs., Inc.",豊田中央研究所,True,1,company,False,True,False,False,True
4be4d8d9a2e3,1,tanaka|h,scopus,"Toyota Central R&D Labs., Inc.",豊田中央研究所,True,1,company,False,True,False,False,True
4be4d8d9a2e3,2,hiraoka|s,scopus,"Nagoya University; Chukyo Television Broadcasting Co., Ltd.",,False,0,university|company,True,True,False,False,False
4be4d8d9a2e3,3,arai|s,scopus,Okayama University of Science,,False,0,university,True,False,False,False,False
4be4d8d9a2e3,4,yamazato|t,scopus,Nagoya University,,False,0,university,True,False,False,False,False
4be4d8d9a2e3,5,tadokoro|y,scopus,"Toyota Central R&D Labs., Inc.",豊田中央研究所,True,1,company,False,True,False,False,True
4bf9bc666b75,1,sawai|h,scopus,"Toyota Central R&D Labs., Inc.",豊田中央研究所,True,1,company,False,True,False,False,True
4bf9bc666b75,2,kohda|k,scopus,"Toyota Central R&D Labs., Inc.",豊田中央研究所,True,1,company,False,True,False,False,True
4bf9bc666b75,3,kurahashi|t,scopus,"Toyota Central R&D Labs., Inc.",豊田中央研究所,True,1,company,False,True,False,False,True
4c238eac194e,1,hirai|t,scopus,"Toyota Central R&D Labs., Inc.",豊田中央研究所,True,1,company,False,True,False,False,True
4c238eac194e,2,kawada|j,scopus,"Toyota Central R&D Labs., Inc.",豊田中央研究所,True,1,company,False,True,False,False,True
4c238eac194e,3,narita|m,scopus,"Toyota Central R&D Labs., Inc.",豊田中央研究所,True,1,company,False,True,False,False,True
4c238eac194e,4,ikawa|t,scopus,"Toyota Central R&D Labs., Inc.",豊田中央研究所,True,1,company,False,True,False,False,True
4c238eac194e,5,takeshima|h,scopus,Nagoya University,,False,0,university,True,False,False,False,False
4c238eac194e,6,satoh|k,scopus,Nagoya University,,False,0,university,True,False,False,False,False
4c238eac194e,7,kamigaito|m,scopus,Nagoya University,,False,0,university,True,False,False,False,False
4c9bf19b87e0,1,kobayashi|h,scopus,"Toyota Central R&D Labs., Inc.",豊田中央研究所,True,1,company,False,True,False,False,True
4c9bf19b87e0,2,gholami|f,scopus,George W. Woodruff School of Mechanical Engineering,,False,0,other,False,False,False,False,False
4c9bf19b87e0,3,montgomery|s,scopus,George W. Woodruff School of Mechanical Engineering,,False,0,other,False,False,False,False,False
4c9bf19b87e0,4,tanaka|m,scopus,"Toyota Central R&D Labs., Inc.; Toyota Motor North America, Inc.",豊田中央研究所|Toyota Motor North America,True,2,company,False,True,False,False,True
4c9bf19b87e0,5,yue|l,scopus,George W. Woodruff School of Mechanical Engineering,,False,0,other,False,False,False,False,False
4c9bf19b87e0,6,yuhn|c,scopus,"Toyota Central R&D Labs., Inc.",豊田中央研究所,True,1,company,False,True,False,False,True
4c9bf19b87e0,7,sato|y,scopus,"Toyota Central R&D Labs., Inc.",豊田中央研究所,True,1,company,False,True,False,False,True
4c9bf19b87e0,8,kawamoto|a,scopus,"Toyota Central R&D Labs., Inc.",豊田中央研究所,True,1,company,False,True,False,False,True
4c9bf19b87e0,9,qi|h,scopus,George W. Woodruff School of Mechanical Engineering,,False,0,other,False,False,False,False,False
4c9bf19b87e0,10,nomura|t,scopus,"Toyota Central R&D Labs., Inc.",豊田中央研究所,True,1,company,False,True,False,False,True
4cd5da3f8b8e,1,tsuchiya|e,scopus,"Toyota Central R&D Labs., Inc.",豊田中央研究所,True,1,company,False,True,False,False,True
4cd5da3f8b8e,2,shamoto|e,scopus,Nagoya University,,False,0,university,True,False,False,False,False
4d302e3f916b,1,hayashi|y,scopus,"Toyota Central R&D Labs., Inc.",豊田中央研究所,True,1,company,False,True,False,False,True
4d302e3f916b,2,setoyama|d,scopus,"Toyota Central R&D Labs., Inc.",豊田中央研究所,True,1,company,False,True,False,False,True
4d302e3f916b,3,hirose|y,scopus,"Toyota Central R&D Labs., Inc.",豊田中央研究所,True,1,company,False,True,False,False,True
4d302e3f916b,4,yoshida|t,scopus,"Toyota Central R&D Labs., Inc.",豊田中央研究所,True,1,company,False,True,False,False,True
4d302e3f916b,5,kimura|h,scopus,"Toyota Central R&D Labs., Inc.",豊田中央研究所,True,1,company,False,True,False,False,True
4d81d895acf6,1,hazama|h,scopus,"Toyota Central R&D Labs., Inc.",豊田中央研究所,True,1,company,False,True,False,False,True
4d81d895acf6,2,sobue|s,scopus,DENSO Corporation,デンソー,False,1,company,False,True,False,False,False
4d81d895acf6,3,tajima|s,scopus,"Toyota Central R&D Labs., Inc.",豊田中央研究所,True,1,company,False,True,False,False,True
4d81d895acf6,4,asahi|r,scopus,"Toyota Central R&D Labs., Inc.",豊田中央研究所,True,1,company,False,True,False,False,True
506a1080ada9,1,takahashi|n,scopus,"Toyota Central R&D Labs., Inc.; Nagoya Institute of Technology",豊田中央研究所,True,1,company|university,True,True,False,False,True
506a1080ada9,2,isomura|n,scopus,"Toyota Central R&D Labs., Inc.",豊田中央研究所,True,1,company,False,True,False,False,True
506a1080ada9,3,kosaka|s,scopus,"Toyota Central R&D Labs., Inc.",豊田中央研究所,True,1,company,False,True,False,False,True
506a1080ada9,4,mori|h,scopus,"Toyota Central R&D Labs., Inc.",豊田中央研究所,True,1,company,False,True,False,False,True
506a1080ada9,5,kimoto|y,scopus,"Toyota Central R&D Labs., Inc.",豊田中央研究所,True,1,company,False,True,False,False,True
506a1080ada9,6,ohmori|t,scopus,"Toyota Central R&D Labs., Inc.",豊田中央研究所,True,1,company,False,True,False,False,True
506a1080ada9,7,aoyama|t,scopus,"Toyota Central R&D Labs., Inc.",豊田中央研究所,True,1,company,False,True,False,False,True
506a1080ada9,8,sano|t,scopus,Toyota Motor Corporation,トヨタ自動車,True,1,company,False,True,False,False,True
506a1080ada9,9,itoigawa|f,scopus,Nagoya Institute of Technology,,False,0,university,True,False,False,False,False
50756fd69794,1,makino|s,scopus,"Toyota Central R&D Labs., Inc.",豊田中央研究所,True,1,company,False,True,False,False,True
50756fd69794,2,ishii|m,scopus,"Toyota Central R&D Labs., Inc.",豊田中央研究所,True,1,company,False,True,False,False,True
50756fd69794,3,kawauchi|s,scopus,"Toyota Central R&D Labs., Inc.",豊田中央研究所,True,1,company,False,True,False,False,True
50756fd69794,4,sasaki|m,scopus,"Toyota Central R&D Labs., Inc.",豊田中央研究所,True,1,company,False,True,False,False,True
50756fd69794,5,akimoto|y,scopus,"Toyota Central R&D Labs., Inc.",豊田中央研究所,True,1,company,False,True,False,False,True
50756fd69794,6,nakamura|h,scopus,"Toyota Central R&D Labs., Inc.",豊田中央研究所,True,1,company,False,True,False,False,True
55380b96f4d2,1,satoh|t,scopus,"Toyota Central R&D Labs., Inc.",豊田中央研究所,True,1,company,False,True,False,False,True
55380b96f4d2,2,kume|y,scopus,Aisin Corporation,アイシン,False,1,company,False,True,False,False,True
55380b96f4d2,3,usui|m,scopus,"Toyota Central R&D Labs., Inc.",豊田中央研究所,True,1,company,False,True,False,False,True
559452b7343d,1,inoue|d,scopus,"Toyota Central R&D Labs., Inc.",豊田中央研究所,True,1,company,False,True,False,False,True
559452b7343d,2,ito|y,scopus,"Toyota Central R&D Labs., Inc.",豊田中央研究所,True,1,company,False,True,False,False,True
559452b7343d,3,kashiwabara|t,scopus,The University of Tokyo,,False,0,university,True,False,False,False,False
559452b7343d,4,saito|n,scopus,The University of Tokyo,,False,0,university,True,False,False,False,False
559452b7343d,5,yoshida|h,scopus,"Toyota Central R&D Labs., Inc.",豊田中央研究所,True,1,company,False,True,False,False,True
571992758989,1,kawaura|h,scopus,"Toyota Central R&D Labs., Inc.",豊田中央研究所,True,1,company,False,True,False,False,True
571992758989,2,suzuki|r,scopus,"Toyota Central R&D Labs., Inc.",豊田中央研究所,True,1,company,False,True,False,False,True
571992758989,3,kondo|y,scopus,"Toyota Central R&D Labs., Inc.",豊田中央研究所,True,1,company,False,True,False,False,True
571992758989,4,mahara|y,scopus,"Toyota Central R&D Labs., Inc.",豊田中央研究所,True,1,company,False,True,False,False,True
582ffd86f677,1,inoue|d,scopus,"Toyota Central R&D Labs., Inc.",豊田中央研究所,True,1,company,False,True,False,False,True
582ffd86f677,2,okada|a,scopus,"Toyota Central R&D Labs., Inc.",豊田中央研究所,True,1,company,False,True,False,False,True
582ffd86f677,3,matsumori|t,scopus,"Toyota Central R&D Labs., Inc.",豊田中央研究所,True,1,company,False,True,False,False,True
582ffd86f677,4,aihara|k,scopus,Institute of Industrial Science; The University of Tokyo,,False,0,other|university,True,False,False,False,False
582ffd86f677,5,yoshida|h,scopus,"Toyota Central R&D Labs., Inc.",豊田中央研究所,True,1,company,False,True,False,False,True
584df97ed868,1,sasaki|k,openalex,"Toyota Central R&#x0026;D Labs., Inc.,Tokyo,Japan",豊田中央研究所,True,1,company,False,True,False,False,True
584df97ed868,2,takanashi|m,openalex,"Toyota Central R&#x0026;D Labs., Inc.,Tokyo,Japan",豊田中央研究所,True,1,company,False,True,False,False,True
584df97ed868,3,kaneko|n,openalex,"TOYOTA MOTOR CORPORATION,Tokyo,Japan",トヨタ自動車,True,1,company,False,True,False,False,True
584df97ed868,4,onishi|r,openalex,"TOYOTA MOTOR CORPORATION,Tokyo,Japan",トヨタ自動車,True,1,company,False,True,False,False,True
584df97ed868,5,sanda|k,openalex,"Toyota Central R&#x0026;D Labs., Inc.,Tokyo,Japan",豊田中央研究所,True,1,company,False,True,False,False,True
58efc627e18e,1,mukai|k,scopus,"Toyota Central R&D Labs., Inc.",豊田中央研究所,True,1,company,False,True,False,False,True
58efc627e18e,2,nonaka|t,scopus,"Toyota Central R&D Labs., Inc.",豊田中央研究所,True,1,company,False,True,False,False,True
58efc627e18e,3,uyama|t,scopus,"Toyota Central R&D Labs., Inc.",豊田中央研究所,True,1,company,False,True,False,False,True
595e09614da9,1,inagaki|y,scopus,"Toyota Central R&D Labs., Inc.",豊田中央研究所,True,1,company,False,True,False,False,True
595e09614da9,2,kozawa|t,scopus,"Toyota Central R&D Labs., Inc.",豊田中央研究所,True,1,company,False,True,False,False,True
595e09614da9,3,yano|k,scopus,"Toyota Central R&D Labs., Inc.",豊田中央研究所,True,1,company,False,True,False,False,True
595e09614da9,4,nakamura|t,scopus,"Toyota Central R&D Labs., Inc.",豊田中央研究所,True,1,company,False,True,False,False,True
5a21732a5b83,1,sasayama|t,scopus,"Toyota Central R&D Labs., Inc.",豊田中央研究所,True,1,company,False,True,False,False,True
5a21732a5b83,2,sato|n,scopus,"Toyota Central R&D Labs., Inc.",豊田中央研究所,True,1,company,False,True,False,False,True
5a21732a5b83,3,katagiri|y,scopus,"Toyota Central R&D Labs., Inc.",豊田中央研究所,True,1,company,False,True,False,False,True
5a21732a5b83,4,murayama|y,scopus,"Toyota Central R&D Labs., Inc.",豊田中央研究所,True,1,company,False,True,False,False,True
5a7d0bb7c38b,1,murase|m,scopus,"Toyota Central R&D Labs., Inc.",豊田中央研究所,True,1,company,False,True,False,False,True
5a7d0bb7c38b,2,maegawa|y,scopus,"Toyota Central R&D Labs., Inc.",豊田中央研究所,True,1,company,False,True,False,False,True
5a7d0bb7c38b,3,ohashi|m,scopus,"Toyota Central R&D Labs., Inc.",豊田中央研究所,True,1,company,False,True,False,False,True
5a7d0bb7c38b,4,goto|y,scopus,"Toyota Central R&D Labs., Inc.",豊田中央研究所,True,1,company,False,True,False,False,True
5a7d0bb7c38b,5,sakamoto|n,scopus,"Toyota Central R&D Labs., Inc.",豊田中央研究所,True,1,company,False,True,False,False,True
5a7d0bb7c38b,6,nonaka|t,scopus,"Toyota Central R&D Labs., Inc.",豊田中央研究所,True,1,company,False,True,False,False,True
5a7d0bb7c38b,7,uyama|t,scopus,"Toyota Central R&D Labs., Inc.",豊田中央研究所,True,1,company,False,True,False,False,True
5a7d0bb7c38b,8,arai|t,scopus,"Toyota Central R&D Labs., Inc.",豊田中央研究所,True,1,company,False,True,False,False,True
5abede2611b7,1,sayama|s,scopus,"Toyota Central R&D Labs., Inc.",豊田中央研究所,True,1,company,False,True,False,False,True
5abede2611b7,2,yamamoto|s,scopus,"Toyota Central R&D Labs., Inc.",豊田中央研究所,True,1,company,False,True,False,False,True
5b11303e20ac,1,ito|y,scopus,"Toyota Central R&D Labs., Inc.",豊田中央研究所,True,1,company,False,True,False,False,True
5b11303e20ac,2,kamal|m,scopus,"Toyota Central R&D Labs., Inc.; Monash University Malaysia",豊田中央研究所,True,1,company|university,True,True,False,False,True
5b11303e20ac,3,yoshimura|t,scopus,"Toyota Central R&D Labs., Inc.",豊田中央研究所,True,1,company,False,True,False,False,True
5b11303e20ac,4,azuma|s,scopus,Kyoto University; Nagoya University,,False,0,university,True,False,False,False,False
5b588890d274,1,suzumura|a,scopus,"Toyota Central R&D Labs., Inc.",豊田中央研究所,True,1,company,False,True,False,False,True
5b588890d274,2,ohno|h,scopus,"Toyota Central R&D Labs., Inc.",豊田中央研究所,True,1,company,False,True,False,False,True
5b588890d274,3,kikkawa|n,scopus,"Toyota Central R&D Labs., Inc.",豊田中央研究所,True,1,company,False,True,False,False,True
5b588890d274,4,takechi|k,scopus,"Toyota Central R&D Labs., Inc.",豊田中央研究所,True,1,company,False,True,False,False,True
5b5d15d42d8b,1,mahara|y,scopus,"Toyota Central R&D Labs., Inc.",豊田中央研究所,True,1,company,False,True,False,False,True
5b5d15d42d8b,2,makimura|y,scopus,"Toyota Central R&D Labs., Inc.",豊田中央研究所,True,1,company,False,True,False,False,True
5b5d15d42d8b,3,oka|h,scopus,"Toyota Central R&D Labs., Inc.",豊田中央研究所,True,1,company,False,True,False,False,True
5b5d15d42d8b,4,nakano|h,scopus,"Toyota Central R&D Labs., Inc.",豊田中央研究所,True,1,company,False,True,False,False,True
5b5d15d42d8b,5,tajima|s,scopus,"Toyota Central R&D Labs., Inc.",豊田中央研究所,True,1,company,False,True,False,False,True
5b5d15d42d8b,6,nonaka|t,scopus,"Toyota Central R&D Labs., Inc.",豊田中央研究所,True,1,company,False,True,False,False,True
5b5d15d42d8b,7,sasaki|t,scopus,"Toyota Central R&D Labs., Inc.",豊田中央研究所,True,1,company,False,True,False,False,True
5bb3bccedf53,1,sugimoto|h,scopus,"Toyota Central R&D Labs., Inc.",豊田中央研究所,True,1,company,False,True,False,False,True
5bb3bccedf53,2,hirano|m,scopus,"Toyota Central R&D Labs., Inc.",豊田中央研究所,True,1,company,False,True,False,False,True
5bb3bccedf53,3,tanaka|h,scopus,"Toyota Central R&D Labs., Inc.",豊田中央研究所,True,1,company,False,True,False,False,True
5bb3bccedf53,4,tanaka|t,scopus,"Toyota Central R&D Labs., Inc.",豊田中央研究所,True,1,company,False,True,False,False,True
5bb3bccedf53,5,kitagawa yogo|r,scopus,"Toyota Central R&D Labs., Inc.",豊田中央研究所,True,1,company,False,True,False,False,True
5bb3bccedf53,6,muramoto|n,scopus,"Toyota Central R&D Labs., Inc.",豊田中央研究所,True,1,company,False,True,False,False,True
5bb3bccedf53,7,mitsukawa|n,scopus,"Toyota Central R&D Labs., Inc.",豊田中央研究所,True,1,company,False,True,False,False,True
5c321ecf5f6b,1,yoshida|h,scopus,"Laboratoire de Physique de l’Ecole Normale Supérieure; Toyota Central R&D Labs., Inc.",豊田中央研究所,True,1,other|company,False,True,False,False,True
5c321ecf5f6b,2,kaiser|v,scopus,Laboratoire de Physique de l’Ecole Normale Supérieure,,False,0,other,False,False,False,False,False
5c321ecf5f6b,3,rotenberg|b,scopus,Physicochimie des Electrolytes et Nanosystèmes Interfaciaux,,False,0,other,False,False,False,False,False
5c321ecf5f6b,4,bocquet|l,scopus,Laboratoire de Physique de l’Ecole Normale Supérieure,,False,0,other,False,False,False,False,False
5dafa7d353d8,1,ichino|f,scopus,"Toyota Central R&D Labs., Inc.",豊田中央研究所,True,1,company,False,True,False,False,True
5e0365d1b9b2,1,iwamoto|m,scopus,"Toyota Central R&D Labs., Inc.",豊田中央研究所,True,1,company,False,True,False,False,True
5e0365d1b9b2,2,yonekura|s,scopus,"University of Tokyo, Graduate School of Information Science and Technology",,False,0,university,True,False,False,False,False
5e0365d1b9b2,3,atsumi|n,scopus,"Toyota Central R&D Labs., Inc.",豊田中央研究所,True,1,company,False,True,False,False,True
5e0365d1b9b2,4,hirabayashi|s,scopus,"Toyota Central R&D Labs., Inc.",豊田中央研究所,True,1,company,False,True,False,False,True
5e0365d1b9b2,5,kanazawa|h,scopus,"University of Tokyo, Graduate School of Information Science and Technology",,False,0,university,True,False,False,False,False
5e0365d1b9b2,6,kuniyoshi|y,scopus,"University of Tokyo, Graduate School of Information Science and Technology",,False,0,university,True,False,False,False,False
5e8c0cf41e6b,1,tanaka|h,scopus,"Toyota Central R&D Labs., Inc.",豊田中央研究所,True,1,company,False,True,False,False,True
5e8c0cf41e6b,2,muramoto|n,scopus,"Toyota Central R&D Labs., Inc.",豊田中央研究所,True,1,company,False,True,False,False,True
5e8c0cf41e6b,3,sugimoto|h,scopus,"Toyota Central R&D Labs., Inc.",豊田中央研究所,True,1,company,False,True,False,False,True
5e8c0cf41e6b,4,oda|a,scopus,The University of Tokyo,,False,0,university,True,False,False,False,False
5e8c0cf41e6b,5,ohta|k,scopus,The University of Tokyo,,False,0,university,True,False,False,False,False
5f8f0b88d1fd,1,higashi|s,scopus,"Toyota Central R&D Labs., Inc.",豊田中央研究所,True,1,company,False,True,False,False,True
5f8f0b88d1fd,2,matsui|t,scopus,"Toyota Central R&D Labs., Inc.",豊田中央研究所,True,1,company,False,True,False,False,True
5f8f0b88d1fd,3,beniya|a,scopus,"Toyota Central R&D Labs., Inc.",豊田中央研究所,True,1,company,False,True,False,False,True
6008737b26b3,1,shibata|k,scopus,"Toyota Central R&D Labs., Inc.",豊田中央研究所,True,1,company,False,True,False,False,True
6008737b26b3,2,miyano|t,scopus,"Toyota Central R&D Labs., Inc.",豊田中央研究所,True,1,company,False,True,False,False,True
6008737b26b3,3,jimbo|t,scopus,"Toyota Central R&D Labs., Inc.",豊田中央研究所,True,1,company,False,True,False,False,True
6008737b26b3,4,matsubara|t,scopus,Nara Institute of Science and Technology,,False,0,other,False,False,False,False,False
6044a8508221,1,harada|m,scopus,"Toyota Central R&D Labs., Inc.",豊田中央研究所,True,1,company,False,True,False,False,True
6044a8508221,2,takata|s,scopus,Japan Atomic Energy Agency,,False,0,other,False,False,False,False,False
6044a8508221,3,iwase|h,scopus,Comprehensive Research Organization for Science and Society,,False,0,government,False,False,True,False,False
6044a8508221,4,kajiya|s,scopus,"Toyota Central R&D Labs., Inc.",豊田中央研究所,True,1,company,False,True,False,False,True
6044a8508221,5,kadoura|h,scopus,"Toyota Central R&D Labs., Inc.",豊田中央研究所,True,1,company,False,True,False,False,True
6044a8508221,6,kanaya|t,scopus,"High Energy Accelerator Research Organization, Institute of Materials Structure Science; J-PARC Center",,False,0,government,False,False,True,False,False
60eec938a61c,1,yoshimune|w,scopus,"Toyota Central R&D Labs., Inc.",豊田中央研究所,True,1,company,False,True,False,False,True
60eec938a61c,2,kato|a,scopus,"Toyota Central R&D Labs., Inc.",豊田中央研究所,True,1,company,False,True,False,False,True
60eec938a61c,3,yamaguchi|s,scopus,"Toyota Central R&D Labs., Inc.",豊田中央研究所,True,1,company,False,True,False,False,True
60eec938a61c,4,hibi|s,scopus,"Toyota Central R&D Labs., Inc.",豊田中央研究所,True,1,company,False,True,False,False,True
60eec938a61c,5,kato|s,scopus,"Toyota Central R&D Labs., Inc.",豊田中央研究所,True,1,company,False,True,False,False,True
61d6bc9bd0ea,1,oyama|n,scopus,"Toyota Central R&D Labs., Inc.",豊田中央研究所,True,1,company,False,True,False,False,True
61d6bc9bd0ea,2,kawasaki|t,scopus,Nagoya University,,False,0,university,True,False,False,False,False
61d6bc9bd0ea,3,kim|k,scopus,The University of Osaka,,False,0,university,True,False,False,False,False
61d6bc9bd0ea,4,mizuno|h,scopus,The University of Tokyo,,False,0,university,True,False,False,False,False
61ddd223a0b4,1,hirai|t,scopus,"Toyota Central R&D Labs., Inc.",豊田中央研究所,True,1,company,False,True,False,False,True
61ddd223a0b4,2,yagi|k,scopus,"Toyota Central R&D Labs., Inc.",豊田中央研究所,True,1,company,False,True,False,False,True
61ddd223a0b4,3,okamoto|k,scopus,"Toyota Central R&D Labs., Inc.",豊田中央研究所,True,1,company,False,True,False,False,True
61ddd223a0b4,4,onochi|y,scopus,Lightweight Material Development Group,,False,0,other,False,False,False,False,True
61ddd223a0b4,5,kawada|j,scopus,"Toyota Central R&D Labs., Inc.",豊田中央研究所,True,1,company,False,True,False,False,True
62a89ae4a68d,1,tetsuka|h,scopus,"Harvard Medical School; Toyota Motor North America, Inc.",Toyota Motor North America,False,1,other|company,False,True,False,False,True
62a89ae4a68d,2,shin|s,scopus,Harvard Medical School,,False,0,other,False,False,False,False,False
633f9e3621b3,1,yuhn|c,scopus,"Toyota Central R&D Labs., Inc.",豊田中央研究所,True,1,company,False,True,False,False,True
633f9e3621b3,2,sato|y,scopus,"Toyota Central R&D Labs., Inc.",豊田中央研究所,True,1,company,False,True,False,False,True
633f9e3621b3,3,kobayashi|h,scopus,"Toyota Central R&D Labs., Inc.",豊田中央研究所,True,1,company,False,True,False,False,True
633f9e3621b3,4,kawamoto|a,scopus,"Toyota Central R&D Labs., Inc.",豊田中央研究所,True,1,company,False,True,False,False,True
633f9e3621b3,5,nomura|t,scopus,"Toyota Central R&D Labs., Inc.",豊田中央研究所,True,1,company,False,True,False,False,True
643d81b0f2e7,1,mori|d,scopus,"Toyota Central R&D Labs., Inc.",豊田中央研究所,True,1,company,False,True,False,False,True
643d81b0f2e7,2,hattori|y,scopus,"Toyota Central R&D Labs., Inc.",豊田中央研究所,True,1,company,False,True,False,False,True
648a01917ce3,1,matsumori|t,scopus,"Toyota Central R&D Labs., Inc.",豊田中央研究所,True,1,company,False,True,False,False,True
648a01917ce3,2,sakai|h,scopus,"Toyota Central R&D Labs., Inc.",豊田中央研究所,True,1,company,False,True,False,False,True
648a01917ce3,3,aihara|k,scopus,Institute of Industrial Science,,False,0,other,False,False,False,False,True
64fbec506d1c,1,nonaka|t,scopus,"Toyota Central R&D Labs., Inc.",豊田中央研究所,True,1,company,False,True,False,False,True
64fbec506d1c,2,kawaura|h,scopus,"Toyota Central R&D Labs., Inc.",豊田中央研究所,True,1,company,False,True,False,False,True
64fbec506d1c,3,makimura|y,scopus,"Toyota Central R&D Labs., Inc.",豊田中央研究所,True,1,company,False,True,False,False,True
64fbec506d1c,4,nishimura|y,scopus,"Toyota Central R&D Labs., Inc.",豊田中央研究所,True,1,company,False,True,False,False,True
64fbec506d1c,5,dohmae|k,scopus,"Toyota Central R&D Labs., Inc.",豊田中央研究所,True,1,company,False,True,False,False,True
654c8be729a9,1,iwamoto|m,scopus,"Toyota Central R&D Labs., Inc.",豊田中央研究所,True,1,company,False,True,False,False,True
654c8be729a9,2,kato|d,scopus,"Toyota Central R&D Labs., Inc.",豊田中央研究所,True,1,company,False,True,False,False,True
65654a7013e9,1,shida|y,scopus,"Toyota Central R&D Labs., Inc.",豊田中央研究所,True,1,company,False,True,False,False,True
65654a7013e9,2,ito|y,scopus,"Toyota Central R&D Labs., Inc.",豊田中央研究所,True,1,company,False,True,False,False,True
67679445ded6,1,kato|n,scopus,"Toyota Central R&D Labs., Inc.",豊田中央研究所,True,1,company,False,True,False,False,True
67679445ded6,2,saeki|s,scopus,"Toyota Central R&D Labs., Inc.",豊田中央研究所,True,1,company,False,True,False,False,True
67679445ded6,3,nishimura|y,scopus,"Toyota Central R&D Labs., Inc.",豊田中央研究所,True,1,company,False,True,False,False,True
67679445ded6,4,takeda|y,scopus,"Toyota Central R&D Labs., Inc.",豊田中央研究所,True,1,company,False,True,False,False,True
67679445ded6,5,moribe|s,scopus,"Toyota Central R&D Labs., Inc.",豊田中央研究所,True,1,company,False,True,False,False,True
6868015b5fd4,1,inaba|m,scopus,"Toyota Central R&D Labs., Inc.",豊田中央研究所,True,1,company,False,True,False,False,True
6868015b5fd4,2,murase|r,scopus,"Toyota Central R&D Labs., Inc.",豊田中央研究所,True,1,company,False,True,False,False,True
6868015b5fd4,3,takeshita|t,scopus,"Toyota Central R&D Labs., Inc.",豊田中央研究所,True,1,company,False,True,False,False,True
6868015b5fd4,4,yano|k,scopus,"Toyota Central R&D Labs., Inc.",豊田中央研究所,True,1,company,False,True,False,False,True
6868015b5fd4,5,kosaka|s,scopus,"Toyota Central R&D Labs., Inc.",豊田中央研究所,True,1,company,False,True,False,False,True
6868015b5fd4,6,takahashi|n,scopus,"Toyota Central R&D Labs., Inc.",豊田中央研究所,True,1,company,False,True,False,False,True
6868015b5fd4,7,isomura|n,scopus,"Toyota Central R&D Labs., Inc.",豊田中央研究所,True,1,company,False,True,False,False,True
6868015b5fd4,8,oh ishi|k,scopus,"Toyota Central R&D Labs., Inc.",豊田中央研究所,True,1,company,False,True,False,False,True
6868015b5fd4,9,yoshimune|w,scopus,"Toyota Central R&D Labs., Inc.",豊田中央研究所,True,1,company,False,True,False,False,True
6868015b5fd4,10,tsuchiya|k,scopus,Toyota Motor Corporation,トヨタ自動車,True,1,company,False,True,False,False,True
6868015b5fd4,11,nobukawa|t,scopus,Toyota Motor Corporation,トヨタ自動車,True,1,company,False,True,False,False,True
6868015b5fd4,12,kodama|k,scopus,"Toyota Central R&D Labs., Inc.",豊田中央研究所,True,1,company,False,True,False,False,True
6888cae6908f,1,miyamoto|k,scopus,"Toyota Central R&D Labs., Inc.",豊田中央研究所,True,1,company,False,True,False,False,True
6888cae6908f,2,broderick|s,scopus,Department of Materials Design and Innovation,,False,0,other,False,False,False,False,False
6888cae6908f,3,rajan|k,scopus,Department of Materials Design and Innovation,,False,0,other,False,False,False,False,False
68b17ed89811,1,sasagawa|t,scopus,"Toyota Central R&D Labs., Inc.",豊田中央研究所,True,1,company,False,True,False,False,True
68b17ed89811,2,tanaka|m,scopus,"Toyota Central R&D Labs., Inc.",豊田中央研究所,True,1,company,False,True,False,False,True
68eb53081212,1,kosaka|h,scopus,"Toyota Central R&D Labs., Inc.",豊田中央研究所,True,1,company,False,True,False,False,True
68eb53081212,2,akita|t,scopus,"Toyota Central R&D Labs., Inc.",豊田中央研究所,True,1,company,False,True,False,False,True
68eb53081212,3,goto|s,scopus,"Toyota Central R&D Labs., Inc.",豊田中央研究所,True,1,company,False,True,False,False,True
68eb53081212,4,hotta|y,scopus,"Toyota Central R&D Labs., Inc.",豊田中央研究所,True,1,company,False,True,False,False,True
697c470ad7e9,1,ogihara|n,scopus,"Toyota Central R&D Labs., Inc.",豊田中央研究所,True,1,company,False,True,False,False,True
697c470ad7e9,2,nagaya|k,scopus,Toyota Motor Corporation,トヨタ自動車,True,1,company,False,True,False,False,True
697c470ad7e9,3,yamaguchi|h,scopus,Toyota Motor Corporation,トヨタ自動車,True,1,company,False,True,False,False,True
697c470ad7e9,4,kondo|y,scopus,"Toyota Central R&D Labs., Inc.",豊田中央研究所,True,1,company,False,True,False,False,True
697c470ad7e9,5,yamada|y,scopus,"Toyota Central R&D Labs., Inc.",豊田中央研究所,True,1,company,False,True,False,False,True
697c470ad7e9,6,horiba|t,scopus,"Toyota Central R&D Labs., Inc.",豊田中央研究所,True,1,company,False,True,False,False,True
697c470ad7e9,7,baba|t,scopus,"Toyota Central R&D Labs., Inc.",豊田中央研究所,True,1,company,False,True,False,False,True
697c470ad7e9,8,ohba|n,scopus,"Toyota Central R&D Labs., Inc.",豊田中央研究所,True,1,company,False,True,False,False,True
697c470ad7e9,9,komagata|s,scopus,"Toyota Central R&D Labs., Inc.",豊田中央研究所,True,1,company,False,True,False,False,True
697c470ad7e9,10,aoki|y,scopus,"Toyota Central R&D Labs., Inc.",豊田中央研究所,True,1,company,False,True,False,False,True
697c470ad7e9,11,kondo|h,scopus,"Toyota Central R&D Labs., Inc.",豊田中央研究所,True,1,company,False,True,False,False,True
697c470ad7e9,12,sasaki|t,scopus,"Toyota Central R&D Labs., Inc.",豊田中央研究所,True,1,company,False,True,False,False,True
697c470ad7e9,13,okayama|s,scopus,Toyota Motor Corporation,トヨタ自動車,True,1,company,False,True,False,False,True
69ad9829dc95,1,kondo|r,openalex,"Toyota Motor Corporation (Switzerland), Safenwil, Switzerland",トヨタ自動車,True,1,company,False,True,False,False,True
69ad9829dc95,2,kawano|k,openalex,"Osaka University, Osaka, Japan",,False,0,university,True,False,False,False,False
69ad9829dc95,3,koide|s,openalex,"Toyota Motor Corporation (Switzerland), Safenwil, Switzerland",トヨタ自動車,True,1,company,False,True,False,False,True
69ad9829dc95,4,kutsuna|t,openalex,"Toyota Motor Corporation (Switzerland), Safenwil, Switzerland",トヨタ自動車,True,1,company,False,True,False,False,True
6b3c5fd5ef28,1,hirai|t,scopus,"Toyota Central R&D Labs., Inc.",豊田中央研究所,True,1,company,False,True,False,False,True
6b3c5fd5ef28,2,amano|k,scopus,"Toyota Central R&D Labs., Inc.",豊田中央研究所,True,1,company,False,True,False,False,True
6b3c5fd5ef28,3,onochi|y,scopus,Toyota Motor Corporation,トヨタ自動車,True,1,company,False,True,False,False,True
6b3c5fd5ef28,4,inoue|y,scopus,"Toyota Central R&D Labs., Inc.",豊田中央研究所,True,1,company,False,True,False,False,True
6c8a55a54b45,1,kunitomi|s,scopus,"Toyota Central R&D Labs., Inc.",豊田中央研究所,True,1,company,False,True,False,False,True
6c8a55a54b45,2,ogasawara|k,scopus,"Toyota Central R&D Labs., Inc.",豊田中央研究所,True,1,company,False,True,False,False,True
6c8a55a54b45,3,narita|h,scopus,"Toyota Central R&D Labs., Inc.",豊田中央研究所,True,1,company,False,True,False,False,True
6c8a55a54b45,4,yamamoto|s,scopus,"Toyota Central R&D Labs., Inc.",豊田中央研究所,True,1,company,False,True,False,False,True
6f916e51d266,1,hazama|h,scopus,"Toyota Central R&D Labs., Inc.",豊田中央研究所,True,1,company,False,True,False,False,True
6f916e51d266,2,murai|d,scopus,"Toyota Central R&D Labs., Inc.",豊田中央研究所,True,1,company,False,True,False,False,True
6f916e51d266,3,nagasako|n,scopus,"Toyota Central R&D Labs., Inc.",豊田中央研究所,True,1,company,False,True,False,False,True
6f916e51d266,4,hasegawa|m,scopus,"Toyota Central R&D Labs., Inc.",豊田中央研究所,True,1,company,False,True,False,False,True
6f916e51d266,5,ogihara|n,scopus,"Toyota Central R&D Labs., Inc.",豊田中央研究所,True,1,company,False,True,False,False,True
6fa1f8208709,1,deguchi|h,scopus,"Toyota Central R&D Labs., Inc.",豊田中央研究所,True,1,company,False,True,False,False,True
6fa1f8208709,2,taguchi|s,scopus,"Toyota Central R&D Labs., Inc.",豊田中央研究所,True,1,company,False,True,False,False,True
6fa1f8208709,3,shibata|k,scopus,"Toyota Central R&D Labs., Inc.",豊田中央研究所,True,1,company,False,True,False,False,True
6fa1f8208709,4,koide|s,scopus,"Toyota Central R&D Labs., Inc.",豊田中央研究所,True,1,company,False,True,False,False,True
70199f67b6cd,1,kikkawa|n,scopus,"Toyota Central R&D Labs., Inc.",豊田中央研究所,True,1,company,False,True,False,False,True
70199f67b6cd,2,kajita|s,scopus,"Toyota Central R&D Labs., Inc.",豊田中央研究所,True,1,company,False,True,False,False,True
70199f67b6cd,3,takechi|k,scopus,"Toyota Central R&D Labs., Inc.",豊田中央研究所,True,1,company,False,True,False,False,True
70e545fca1e3,1,higashi|s,scopus,"Toyota Central R&D Labs., Inc.",豊田中央研究所,True,1,company,False,True,False,False,True
70e545fca1e3,2,tachikawa|t,scopus,"Toyota Central R&D Labs., Inc.",豊田中央研究所,True,1,company,False,True,False,False,True
70e545fca1e3,3,oh ishi|k,scopus,"Toyota Central R&D Labs., Inc.",豊田中央研究所,True,1,company,False,True,False,False,True
70e545fca1e3,4,shigetoh|k,scopus,"Toyota Central R&D Labs., Inc.",豊田中央研究所,True,1,company,False,True,False,False,True
70e545fca1e3,5,takechi|k,scopus,"Toyota Central R&D Labs., Inc.",豊田中央研究所,True,1,company,False,True,False,False,True
70e545fca1e3,6,beniya|a,scopus,"Toyota Central R&D Labs., Inc.",豊田中央研究所,True,1,company,False,True,False,False,True
718c2c1bad06,1,fukano|t,scopus,"Toyota Central R&D Labs., Inc.",豊田中央研究所,True,1,company,False,True,False,False,True
718c2c1bad06,2,sugai|m,scopus,"Toyota Central R&D Labs., Inc.",豊田中央研究所,True,1,company,False,True,False,False,True
718d01bdc986,1,kugimoto|k,scopus,"Toyota Central R&D Labs., Inc.",豊田中央研究所,True,1,company,False,True,False,False,True
718d01bdc986,2,hirai|t,scopus,"Toyota Central R&D Labs., Inc.",豊田中央研究所,True,1,company,False,True,False,False,True
718d01bdc986,3,kaneko|t,scopus,"Toyota Central R&D Labs., Inc.",豊田中央研究所,True,1,company,False,True,False,False,True
71c35125510f,1,yamada|h,scopus,"Toyota Central R&D Labs., Inc.",豊田中央研究所,True,1,company,False,True,False,False,True
71c35125510f,2,kato|h,scopus,Toyota Motor Corporation,トヨタ自動車,True,1,company,False,True,False,False,True
71c35125510f,3,kodama|k,scopus,"Toyota Central R&D Labs., Inc.",豊田中央研究所,True,1,company,False,True,False,False,True
7331f3e8995a,1,hashimoto|s,scopus,"Toyota Central R&D Labs., Inc.",豊田中央研究所,True,1,company,False,True,False,False,True
7331f3e8995a,2,harada|m,scopus,"Toyota Central R&D Labs., Inc.",豊田中央研究所,True,1,company,False,True,False,False,True
7331f3e8995a,3,higuchi|y,scopus,"Toyota Central R&D Labs., Inc.",豊田中央研究所,True,1,company,False,True,False,False,True
7331f3e8995a,4,matsunaga|t,scopus,"Toyota Central R&D Labs., Inc.",豊田中央研究所,True,1,company,False,True,False,False,True
7335c131b803,1,yaokawa|r,scopus,"Toyota Central R&D Labs., Inc.",豊田中央研究所,True,1,company,False,True,False,False,True
7335c131b803,2,mukai|k,scopus,"Toyota Central R&D Labs., Inc.",豊田中央研究所,True,1,company,False,True,False,False,True
7335c131b803,3,nonaka|t,scopus,"Toyota Central R&D Labs., Inc.",豊田中央研究所,True,1,company,False,True,False,False,True
7335c131b803,4,kosaka|s,scopus,"Toyota Central R&D Labs., Inc.",豊田中央研究所,True,1,company,False,True,False,False,True
7335c131b803,5,ogihara|n,scopus,"Toyota Central R&D Labs., Inc.",豊田中央研究所,True,1,company,False,True,False,False,True
739cc3e7a4c4,1,kimura|t,scopus,"Toyota Central R&D Labs., Inc.",豊田中央研究所,True,1,company,False,True,False,False,True
739cc3e7a4c4,2,kataoka|k,scopus,"Toyota Central R&D Labs., Inc.",豊田中央研究所,True,1,company,False,True,False,False,True
739cc3e7a4c4,3,uedono|a,scopus,University of Tsukuba,,False,0,university,True,False,False,False,False
739cc3e7a4c4,4,amano|h,scopus,Nagoya University,,False,0,university,True,False,False,False,False
739cc3e7a4c4,5,nakamura|d,scopus,"Toyota Central R&D Labs., Inc.",豊田中央研究所,True,1,company,False,True,False,False,True
74d1d9aa4eb7,1,ohno|h,scopus,"Toyota Central R&D Labs., Inc.",豊田中央研究所,True,1,company,False,True,False,False,True
7602a18bd8a6,1,goto|h,scopus,"Toyota Central R&D Labs., Inc.",豊田中央研究所,True,1,company,False,True,False,False,True
7602a18bd8a6,2,nishi|t,scopus,"Toyota Central R&D Labs., Inc.",豊田中央研究所,True,1,company,False,True,False,False,True
7602a18bd8a6,3,shiga|t,scopus,"Toyota Central R&D Labs., Inc.",豊田中央研究所,True,1,company,False,True,False,False,True
7602a18bd8a6,4,sasai|t,scopus,Toyota Motor Corporation,トヨタ自動車,True,1,company,False,True,False,False,True
7602a18bd8a6,5,fukushima|s,scopus,Toyota Motor Corporation,トヨタ自動車,True,1,company,False,True,False,False,True
768082aac403,1,yamaguchi|y,scopus,"Toyota Central R&D Labs., Inc.",豊田中央研究所,True,1,company,False,True,False,False,True
768082aac403,2,sato|y,scopus,"Toyota Central R&D Labs., Inc.",豊田中央研究所,True,1,company,False,True,False,False,True
768082aac403,3,kumano|n,scopus,"Toyota Central R&D Labs., Inc.",豊田中央研究所,True,1,company,False,True,False,False,True
768082aac403,4,nakano|h,scopus,"Toyota Central R&D Labs., Inc.",豊田中央研究所,True,1,company,False,True,False,False,True
76ef1c151dbc,1,koide|s,scopus,"Toyota Central R&D Labs., Inc.",豊田中央研究所,True,1,company,False,True,False,False,True
76ef1c151dbc,2,xiao|c,scopus,The University of Osaka; Nagoya University,,False,0,university,True,False,False,False,False
76ef1c151dbc,3,ishikawa|y,scopus,Nagoya University,,False,0,university,True,False,False,False,False
781c6f821e73,1,yamazaki|k,scopus,"Toyota Central R&D Labs., Inc.",豊田中央研究所,True,1,company,False,True,False,False,True
781c6f821e73,2,matsumoto|m,scopus,"Toyota Central R&D Labs., Inc.",豊田中央研究所,True,1,company,False,True,False,False,True
781c6f821e73,3,ishikawa|m,scopus,Toyota Motor Corporation,トヨタ自動車,True,1,company,False,True,False,False,True
781c6f821e73,4,sato|a,scopus,Toyota Motor Corporation,トヨタ自動車,True,1,company,False,True,False,False,True
782fef87cdf1,1,tetsuka|h,scopus,"Harvard Medical School; Toyota Motor North America, Inc.",Toyota Motor North America,False,1,other|company,False,True,False,False,True
782fef87cdf1,2,pirrami|l,scopus,University of Applied Sciences Western Switzerland,,False,0,university,True,False,False,False,False
782fef87cdf1,3,wang|t,scopus,Harvard Medical School,,False,0,other,False,False,False,False,False
782fef87cdf1,4,demarchi|d,scopus,Politecnico di Torino,,False,0,university,True,False,False,False,False
782fef87cdf1,5,shin|s,scopus,Harvard Medical School,,False,0,other,False,False,False,False,False
79513bb2cec1,1,sakamoto|n,scopus,"Toyota Central R&D Labs., Inc.",豊田中央研究所,True,1,company,False,True,False,False,True
79513bb2cec1,2,sekizawa|k,scopus,"Toyota Central R&D Labs., Inc.",豊田中央研究所,True,1,company,False,True,False,False,True
79513bb2cec1,3,sato|s,scopus,"Toyota Central R&D Labs., Inc.",豊田中央研究所,True,1,company,False,True,False,False,True
79513bb2cec1,4,jung|j,scopus,Nagoya University,,False,0,university,True,False,False,False,False
79513bb2cec1,5,wakabayashi|t,scopus,Nagoya University,,False,0,university,True,False,False,False,False
79513bb2cec1,6,kamada|k,scopus,Nagoya University,,False,0,university,True,False,False,False,False
79513bb2cec1,7,nonaka|t,scopus,"Toyota Central R&D Labs., Inc.",豊田中央研究所,True,1,company,False,True,False,False,True
79513bb2cec1,8,uyama|t,scopus,"Toyota Central R&D Labs., Inc.",豊田中央研究所,True,1,company,False,True,False,False,True
79513bb2cec1,9,morikawa|t,scopus,"Toyota Central R&D Labs., Inc.",豊田中央研究所,True,1,company,False,True,False,False,True
79513bb2cec1,10,saito|s,scopus,Nagoya University,,False,0,university,True,False,False,False,False
796b6591e65e,1,yatsugi|k,scopus,"Toyota Central R&D Labs., Inc.",豊田中央研究所,True,1,company,False,True,False,False,True
796b6591e65e,2,pandarakone|s,scopus,"Toyota Central R&D Labs., Inc.",豊田中央研究所,True,1,company,False,True,False,False,True
796b6591e65e,3,iizuka|h,scopus,"Toyota Central R&D Labs., Inc.",豊田中央研究所,True,1,company,False,True,False,False,True
797169e09f2b,1,hatanaka|t,scopus,"Toyota Central R&D Labs., Inc.",豊田中央研究所,True,1,company,False,True,False,False,True
797169e09f2b,2,ohashi|m,scopus,"Toyota Central R&D Labs., Inc.",豊田中央研究所,True,1,company,False,True,False,False,True
797169e09f2b,3,ishida|n,scopus,"Toyota Central R&D Labs., Inc.",豊田中央研究所,True,1,company,False,True,False,False,True
7a7ad7b9725d,1,okoso|a,scopus,"Toyota Central R&D Labs., Inc.",豊田中央研究所,True,1,company,False,True,False,False,True
7a7ad7b9725d,2,otaki|k,scopus,"Toyota Central R&D Labs., Inc.",豊田中央研究所,True,1,company,False,True,False,False,True
7a7ad7b9725d,3,koide|s,scopus,"Toyota Central R&D Labs., Inc.",豊田中央研究所,True,1,company,False,True,False,False,True
7a7ad7b9725d,4,nishi|t,scopus,"Toyota Central R&D Labs., Inc.",豊田中央研究所,True,1,company,False,True,False,False,True
7cfad49db475,1,ito|y,scopus,"Toyota Central R&D Labs., Inc.",豊田中央研究所,True,1,company,False,True,False,False,True
7cfad49db475,2,fujimoto|k,scopus,Graduate School of Engineering,,False,0,university,True,False,False,False,False
7cfad49db475,3,tadokoro|y,scopus,"Toyota Central R&D Labs., Inc.",豊田中央研究所,True,1,company,False,True,False,False,True
7d73fb679c9e,1,iwase|s,openalex,"Toyota Central R&D Labs., Inc; Toyota Central R&amp;D Labs., Inc., Nagakute, Aichi, Japan",豊田中央研究所,True,1,company,False,True,False,False,True
7dcf92bf8b48,1,kato|n,scopus,"Toyota Central R&D Labs., Inc.",豊田中央研究所,True,1,company,False,True,False,False,True
7dcf92bf8b48,2,tanaka|h,scopus,"Toyota Central R&D Labs., Inc.",豊田中央研究所,True,1,company,False,True,False,False,True
7dcf92bf8b48,3,takeda|y,scopus,"Toyota Central R&D Labs., Inc.",豊田中央研究所,True,1,company,False,True,False,False,True
7dcf92bf8b48,4,higuchi|k,scopus,"Toyota Central R&D Labs., Inc.",豊田中央研究所,True,1,company,False,True,False,False,True
7dcf92bf8b48,5,nakajima|j,scopus,Aisin Corporation,アイシン,False,1,company,False,True,False,False,True
7dee2542e5e3,1,takechi takahashi|n,openalex,"Toyota Central R & D Labs., Inc.,JAPAN",豊田中央研究所,True,1,company,False,True,False,False,True
7dee2542e5e3,2,matsushima|k,openalex,"Nagoya Institute of Technology, 466-8555,JAPAN",,False,0,university,True,False,False,False,False
7dee2542e5e3,3,isomura|n,openalex,"Toyota Central R & D Labs., Inc.,JAPAN",豊田中央研究所,True,1,company,False,True,False,False,True
7dee2542e5e3,4,kosaka|s,openalex,"Toyota Central R & D Labs., Inc.,JAPAN",豊田中央研究所,True,1,company,False,True,False,False,True
7dee2542e5e3,5,ohmori|t,openalex,"Toyota Central R & D Labs., Inc.,JAPAN",豊田中央研究所,True,1,company,False,True,False,False,True
7dee2542e5e3,6,sano|t,openalex,"Toyota Motor Corporation,Aichi ,JAPAN",トヨタ自動車,True,1,company,False,True,False,False,True
7dee2542e5e3,7,maegawa|s,openalex,"Nagoya Institute of Technology, 466-8555,JAPAN",,False,0,university,True,False,False,False,False
7dee2542e5e3,8,itoigawa|f,openalex,"Nagoya Institute of Technology, 466-8555,JAPAN",,False,0,university,True,False,False,False,False
7ec6007a8aff,1,sugiyama|j,scopus,"Toyota Central R&D Labs., Inc.",豊田中央研究所,True,1,company,False,True,False,False,True
7ec6007a8aff,2,umegaki|i,scopus,"Toyota Central R&D Labs., Inc.",豊田中央研究所,True,1,company,False,True,False,False,True
7ec6007a8aff,3,nozaki|h,scopus,"Toyota Central R&D Labs., Inc.",豊田中央研究所,True,1,company,False,True,False,False,True
7ec6007a8aff,4,higemoto|w,scopus,Japan Atomic Energy Agency; Institute of Science Tokyo,,False,0,other,False,False,False,False,False
7ec6007a8aff,5,hamada|k,scopus,"High Energy Accelerator Research Organization, Tsukuba",,False,0,government,False,False,True,False,False
7ec6007a8aff,6,takeshita|s,scopus,"High Energy Accelerator Research Organization, Tsukuba",,False,0,government,False,False,True,False,False
7ec6007a8aff,7,koda|a,scopus,"High Energy Accelerator Research Organization, Tsukuba",,False,0,government,False,False,True,False,False
7ec6007a8aff,8,shimomura|k,scopus,"High Energy Accelerator Research Organization, Tsukuba",,False,0,government,False,False,True,False,False
7ec6007a8aff,9,ninomiya|k,scopus,The University of Osaka,,False,0,university,True,False,False,False,False
7ec6007a8aff,10,kubo|m,scopus,International Christian University,,False,0,university,True,False,False,False,False
7f0f69cb60f5,1,kataoka|r,scopus,"Toyota Central R&D Labs., Inc.",豊田中央研究所,True,1,company,False,True,False,False,True
7f0f69cb60f5,2,ogimoto|k,scopus,Institute of Industrial Science,,False,0,other,False,False,False,False,False
7f0f69cb60f5,3,iwafune|y,scopus,Institute of Industrial Science,,False,0,other,False,False,False,False,False
7f0f69cb60f5,4,nishi|t,scopus,"Toyota Central R&D Labs., Inc.",豊田中央研究所,True,1,company,False,True,False,False,True
8087abb57c9a,1,yaokawa|r,scopus,"Toyota Central R&D Labs., Inc.",豊田中央研究所,True,1,company,False,True,False,False,True
8087abb57c9a,2,sugimoto|h,scopus,"Toyota Central R&D Labs., Inc.",豊田中央研究所,True,1,company,False,True,False,False,True
8087abb57c9a,3,kosaka|s,scopus,"Toyota Central R&D Labs., Inc.",豊田中央研究所,True,1,company,False,True,False,False,True
8087abb57c9a,4,nonaka|t,scopus,"Toyota Central R&D Labs., Inc.",豊田中央研究所,True,1,company,False,True,False,False,True
8087abb57c9a,5,kitagawa yogo|r,scopus,"Toyota Central R&D Labs., Inc.",豊田中央研究所,True,1,company,False,True,False,False,True
80bd51cfae93,1,ito|y,scopus,"Toyota Central R&D Labs., Inc.",豊田中央研究所,True,1,company,False,True,False,False,True
80bd51cfae93,2,fujimoto|k,scopus,Graduate School of Engineering,,False,0,university,True,False,False,False,False
819730a30c79,1,ueda|s,scopus,RIKEN Center for Brain Science,,False,0,government,False,False,True,False,True
819730a30c79,2,sakai|h,scopus,"Toyota Central R&D Labs., Inc.",豊田中央研究所,True,1,company,False,True,False,False,True
819730a30c79,3,kumada|t,scopus,RIKEN Center for Brain Science; Kyoto University,,False,0,government|university,True,False,True,False,True
81fea8954ac5,1,yatsugi|k,scopus,"Toyota Central R&D Labs., Inc.",豊田中央研究所,True,1,company,False,True,False,False,True
81fea8954ac5,2,yoshida|t,scopus,University of Tsukuba,,False,0,university,True,False,False,False,False
81fea8954ac5,3,mizoguchi|t,scopus,University of Tsukuba,,False,0,university,True,False,False,False,False
81fea8954ac5,4,kuno|y,scopus,University of Tsukuba,,False,0,university,True,False,False,False,False
81fea8954ac5,5,iizuka|h,scopus,"Toyota Central R&D Labs., Inc.",豊田中央研究所,True,1,company,False,True,False,False,True
81fea8954ac5,6,tadokoro|y,scopus,"Toyota Central R&D Labs., Inc.",豊田中央研究所,True,1,company,False,True,False,False,True
81fea8954ac5,7,hatsugai|y,scopus,University of Tsukuba,,False,0,university,True,False,False,False,False
830446678bba,1,tomita|s,scopus,"Toyota Central R&D Labs., Inc.",豊田中央研究所,True,1,company,False,True,False,False,True
830446678bba,2,shimanuki|k,scopus,"Toyota Central R&D Labs., Inc.",豊田中央研究所,True,1,company,False,True,False,False,True
830446678bba,3,nishigaki|h,scopus,"Toyota Central R&D Labs., Inc.",豊田中央研究所,True,1,company,False,True,False,False,True
830446678bba,4,oyama|s,scopus,"Toyota Central R&D Labs., Inc.",豊田中央研究所,True,1,company,False,True,False,False,True
830446678bba,5,sasagawa|t,scopus,"Toyota Central R&D Labs., Inc.",豊田中央研究所,True,1,company,False,True,False,False,True
830446678bba,6,murai|d,scopus,"Toyota Central R&D Labs., Inc.",豊田中央研究所,True,1,company,False,True,False,False,True
830446678bba,7,umemoto|k,scopus,"Toyota Central R&D Labs., Inc.",豊田中央研究所,True,1,company,False,True,False,False,True
842346c1157b,1,miyano|t,scopus,"Toyota Central R&D Labs., Inc.; Institute of Science Tokyo",豊田中央研究所,True,1,company|other,False,True,False,False,True
842346c1157b,2,yamashita|s,scopus,Institute of Science Tokyo,,False,0,other,False,False,False,False,False
842346c1157b,3,hatanaka|t,scopus,The University of Osaka,,False,0,university,True,False,False,False,False
842346c1157b,4,shibata|k,scopus,"Toyota Central R&D Labs., Inc.",豊田中央研究所,True,1,company,False,True,False,False,True
842346c1157b,5,jimbo|t,scopus,"Toyota Central R&D Labs., Inc.",豊田中央研究所,True,1,company,False,True,False,False,True
842346c1157b,6,fujita|m,scopus,Institute of Science Tokyo,,False,0,other,False,False,False,False,False
8532fbe50387,1,nomura|t,scopus,"Toyota Central R&D Labs., Inc.; Toyota Research Institute of North America",豊田中央研究所|Toyota Research Institute,True,2,company,False,True,False,False,True
8532fbe50387,2,kawamoto|a,scopus,"Toyota Central R&D Labs., Inc.",豊田中央研究所,True,1,company,False,True,False,False,True
8532fbe50387,3,kondoh|t,scopus,"Toyota Central R&D Labs., Inc.",豊田中央研究所,True,1,company,False,True,False,False,True
8532fbe50387,4,dede|e,scopus,Toyota Research Institute of North America,Toyota Research Institute,False,1,company,False,True,False,False,True
8532fbe50387,5,lee|j,scopus,Gwangju Institute of Science and Technology,,False,0,other,False,False,False,False,False
8532fbe50387,6,song|y,scopus,Toyota Research Institute of North America,Toyota Research Institute,False,1,company,False,True,False,False,True
8532fbe50387,7,kikuchi|n,scopus,"Toyota Central R&D Labs., Inc.; Toyota Research Institute of North America",豊田中央研究所|Toyota Research Institute,True,2,company,False,True,False,False,True
861ea269ddac,1,nishi|t,scopus,"Toyota Central R&D Labs., Inc.",豊田中央研究所,True,1,company,False,True,False,False,True
861ea269ddac,2,sakamoto|n,scopus,"Toyota Central R&D Labs., Inc.",豊田中央研究所,True,1,company,False,True,False,False,True
861ea269ddac,3,sekizawa|k,scopus,"Toyota Central R&D Labs., Inc.",豊田中央研究所,True,1,company,False,True,False,False,True
861ea269ddac,4,morikawa|t,scopus,"Toyota Central R&D Labs., Inc.",豊田中央研究所,True,1,company,False,True,False,False,True
861ea269ddac,5,sato|s,scopus,"Toyota Central R&D Labs., Inc.",豊田中央研究所,True,1,company,False,True,False,False,True
8745baba9eb7,1,mikita|r,scopus,"Toyota Central R&D Labs., Inc.",豊田中央研究所,True,1,company,False,True,False,False,True
8745baba9eb7,2,ogihara|n,scopus,"Toyota Central R&D Labs., Inc.",豊田中央研究所,True,1,company,False,True,False,False,True
8745baba9eb7,3,takahashi|n,scopus,"Toyota Central R&D Labs., Inc.",豊田中央研究所,True,1,company,False,True,False,False,True
8745baba9eb7,4,kosaka|s,scopus,"Toyota Central R&D Labs., Inc.",豊田中央研究所,True,1,company,False,True,False,False,True
8745baba9eb7,5,isomura|n,scopus,"Toyota Central R&D Labs., Inc.",豊田中央研究所,True,1,company,False,True,False,False,True
8766c1c7499a,1,nomura|y,scopus,"Toyota Central R&D Labs., Inc.",豊田中央研究所,True,1,company,False,True,False,False,True
8766c1c7499a,2,yamamoto|s,scopus,"Toyota Central R&D Labs., Inc.",豊田中央研究所,True,1,company,False,True,False,False,True
8766c1c7499a,3,nagaoka|m,scopus,"Toyota Central R&D Labs., Inc.",豊田中央研究所,True,1,company,False,True,False,False,True
8766c1c7499a,4,diel|s,scopus,Toyota Motorsport GmbH,,False,0,company,False,True,False,False,True
8766c1c7499a,5,kurihara|k,scopus,Toyota Motor Corporation,トヨタ自動車,True,1,company,False,True,False,False,True
8766c1c7499a,6,shimizu|r,scopus,Toyota Motor Corporation,トヨタ自動車,True,1,company,False,True,False,False,True
8766c1c7499a,7,murase|e,scopus,Toyota Motor Corporation,トヨタ自動車,True,1,company,False,True,False,False,True
87932aedc212,1,nishimura|y,scopus,"Toyota Central R&D Labs., Inc.",豊田中央研究所,True,1,company,False,True,False,False,True
87932aedc212,2,oka|h,scopus,"Toyota Central R&D Labs., Inc.",豊田中央研究所,True,1,company,False,True,False,False,True
87932aedc212,3,nonaka|t,scopus,"Toyota Central R&D Labs., Inc.",豊田中央研究所,True,1,company,False,True,False,False,True
87932aedc212,4,makimura|y,scopus,"Toyota Central R&D Labs., Inc.",豊田中央研究所,True,1,company,False,True,False,False,True
87932aedc212,5,dohmae|k,scopus,"Toyota Central R&D Labs., Inc.",豊田中央研究所,True,1,company,False,True,False,False,True
88099efca158,1,hirai|t,scopus,"Toyota Central R&D Labs., Inc.",豊田中央研究所,True,1,company,False,True,False,False,True
88099efca158,2,kugimoto|k,scopus,"Toyota Central R&D Labs., Inc.",豊田中央研究所,True,1,company,False,True,False,False,True
88099efca158,3,oyama|s,scopus,"Toyota Central R&D Labs., Inc.",豊田中央研究所,True,1,company,False,True,False,False,True
88099efca158,4,takeda|y,scopus,"Toyota Central R&D Labs., Inc.",豊田中央研究所,True,1,company,False,True,False,False,True
8854217ccfed,1,gonz lez|l,,,,False,0,,False,False,False,False,False
8a0d1a9a2d33,1,mizuno|h,scopus,"Toyota Central R&D Labs., Inc.",豊田中央研究所,True,1,company,False,True,False,False,True
8a0d1a9a2d33,2,tanaka|h,scopus,"Toyota Central R&D Labs., Inc.",豊田中央研究所,True,1,company,False,True,False,False,True
8a0d1a9a2d33,3,furuta|y,scopus,"Toyota Central R&D Labs., Inc.",豊田中央研究所,True,1,company,False,True,False,False,True
8a0d1a9a2d33,4,muramoto|n,scopus,"Toyota Central R&D Labs., Inc.",豊田中央研究所,True,1,company,False,True,False,False,True
8ae19878c33c,1,uyama|t,scopus,"Toyota Central R&D Labs., Inc.",豊田中央研究所,True,1,company,False,True,False,False,True
8ae19878c33c,2,noda|y,scopus,Kyushu Institute of Technology,,False,0,university,True,False,False,False,False
8ae19878c33c,3,suzuki|t,scopus,"Toyota Central R&D Labs., Inc.",豊田中央研究所,True,1,company,False,True,False,False,True
8ae19878c33c,4,sekizawa|k,scopus,"Toyota Central R&D Labs., Inc.",豊田中央研究所,True,1,company,False,True,False,False,True
8ae19878c33c,5,sakamoto|n,scopus,"Toyota Central R&D Labs., Inc.",豊田中央研究所,True,1,company,False,True,False,False,True
8ae19878c33c,6,nonaka|t,scopus,"Toyota Central R&D Labs., Inc.",豊田中央研究所,True,1,company,False,True,False,False,True
8ae19878c33c,7,morikawa|t,scopus,"Toyota Central R&D Labs., Inc.",豊田中央研究所,True,1,company,False,True,False,False,True
8afae8fb5634,1,murase|a,scopus,"Toyota Central R&D Labs., Inc.",豊田中央研究所,True,1,company,False,True,False,False,True
8afae8fb5634,2,kato|y,scopus,"Toyota Central R&D Labs., Inc.",豊田中央研究所,True,1,company,False,True,False,False,True
8afae8fb5634,3,sudo|e,scopus,"Toyota Central R&D Labs., Inc.",豊田中央研究所,True,1,company,False,True,False,False,True
8b0f90d28408,1,iwase|t,scopus,"Toyota Motor Europe NV/SA; Toyota Central R&D Labs., Inc.",Toyota Motor Europe|豊田中央研究所,True,2,company,False,True,False,False,True
8b0f90d28408,2,stein|s,scopus,University of Southampton,,False,0,university,True,False,False,False,False
8b0f90d28408,3,gerding|e,scopus,University of Southampton,,False,0,university,True,False,False,False,False
8b0f90d28408,4,chapman|a,scopus,The University of Queensland,,False,0,university,True,False,False,False,False
8b18c26f5781,1,sasayama|t,scopus,"Toyota Central R&D Labs., Inc.",豊田中央研究所,True,1,company,False,True,False,False,True
8b18c26f5781,2,inagaki|m,scopus,"Toyota Central R&D Labs., Inc.",豊田中央研究所,True,1,company,False,True,False,False,True
8b18c26f5781,3,sato|n,scopus,"Toyota Central R&D Labs., Inc.",豊田中央研究所,True,1,company,False,True,False,False,True
8b4556132a74,1,kodama|k,scopus,"Toyota Central R&D Labs., Inc.",豊田中央研究所,True,1,company,False,True,False,False,True
8b4556132a74,2,nagai|t,scopus,"Toyota Central R&D Labs., Inc.",豊田中央研究所,True,1,company,False,True,False,False,True
8b4556132a74,3,kuwaki|a,scopus,"Toyota Central R&D Labs., Inc.",豊田中央研究所,True,1,company,False,True,False,False,True
8b4556132a74,4,jinnouchi|r,scopus,"Toyota Central R&D Labs., Inc.",豊田中央研究所,True,1,company,False,True,False,False,True
8b4556132a74,5,morimoto|y,scopus,"Toyota Central R&D Labs., Inc.",豊田中央研究所,True,1,company,False,True,False,False,True
8c99fa9c2405,1,makimura|y,scopus,"Toyota Central R&D Labs., Inc.",豊田中央研究所,True,1,company,False,True,False,False,True
8c99fa9c2405,2,okuda|c,scopus,"Toyota Central R&D Labs., Inc.",豊田中央研究所,True,1,company,False,True,False,False,True
8c99fa9c2405,3,munekata|t,scopus,"Toyota Central R&D Labs., Inc.",豊田中央研究所,True,1,company,False,True,False,False,True
8c99fa9c2405,4,tsukigase|a,scopus,"Toyota Central R&D Labs., Inc.",豊田中央研究所,True,1,company,False,True,False,False,True
8c99fa9c2405,5,oka|h,scopus,"Toyota Central R&D Labs., Inc.",豊田中央研究所,True,1,company,False,True,False,False,True
8c99fa9c2405,6,saeki|t,scopus,"Toyota Central R&D Labs., Inc.",豊田中央研究所,True,1,company,False,True,False,False,True
8c99fa9c2405,7,morimoto|r,scopus,"Toyota Central R&D Labs., Inc.",豊田中央研究所,True,1,company,False,True,False,False,True
8c99fa9c2405,8,sasaki|m,scopus,"Toyota Central R&D Labs., Inc.",豊田中央研究所,True,1,company,False,True,False,False,True
8c99fa9c2405,9,nakano|h,scopus,"Toyota Central R&D Labs., Inc.",豊田中央研究所,True,1,company,False,True,False,False,True
8c99fa9c2405,10,itou|y,scopus,"Toyota Central R&D Labs., Inc.",豊田中央研究所,True,1,company,False,True,False,False,True
8c99fa9c2405,11,mizutani|m,scopus,"Toyota Central R&D Labs., Inc.",豊田中央研究所,True,1,company,False,True,False,False,True
8c99fa9c2405,12,sasaki|t,scopus,"Toyota Central R&D Labs., Inc.",豊田中央研究所,True,1,company,False,True,False,False,True
8cba5682b348,1,bonnaud|p,scopus,"Toyota Central R&D Labs., Inc.",豊田中央研究所,True,1,company,False,True,False,False,True
8cba5682b348,2,moritani|h,scopus,"Toyota Central R&D Labs., Inc.",豊田中央研究所,True,1,company,False,True,False,False,True
8cba5682b348,3,kinjo|t,scopus,"Toyota Central R&D Labs., Inc.",豊田中央研究所,True,1,company,False,True,False,False,True
8cba5682b348,4,sato|n,scopus,"Toyota Central R&D Labs., Inc.",豊田中央研究所,True,1,company,False,True,False,False,True
8cba5682b348,5,tohyama|m,scopus,"Toyota Central R&D Labs., Inc.",豊田中央研究所,True,1,company,False,True,False,False,True
8ce9d7bd1921,1,kodama|k,scopus,"Toyota Central R&D Labs., Inc.",豊田中央研究所,True,1,company,False,True,False,False,True
8ce9d7bd1921,2,todoroki|n,scopus,Tohoku University,,False,0,university,True,False,False,False,False
8dbb4da58f57,1,miyamoto|k,scopus,"Toyota Central R&D Labs., Inc.",豊田中央研究所,True,1,company,False,True,False,False,True
8dbb4da58f57,2,asahi|r,scopus,"Toyota Central R&D Labs., Inc.",豊田中央研究所,True,1,company,False,True,False,False,True
8e1cca9218d0,1,tomita|s,scopus,"Toyota Central R&D Labs., Inc.",豊田中央研究所,True,1,company,False,True,False,False,True
8e1cca9218d0,2,nakano|s,scopus,"Toyota Central R&D Labs., Inc.",豊田中央研究所,True,1,company,False,True,False,False,True
8e1cca9218d0,3,segi|m,scopus,"Toyota Auto Body Co., Ltd.",トヨタ車体,False,1,company,False,True,False,False,True
8e1cca9218d0,4,nishimura|t,scopus,"Toyota Auto Body Co., Ltd.",トヨタ車体,False,1,company,False,True,False,False,True
8e431102a190,1,yoshimune|w,scopus,"Toyota Central R&D Labs., Inc.",豊田中央研究所,True,1,company,False,True,False,False,True
8e431102a190,2,harada|m,scopus,"Toyota Central R&D Labs., Inc.",豊田中央研究所,True,1,company,False,True,False,False,True
8e8c8c512240,1,minami|s,scopus,"Toyota Central R&D Labs., Inc.",豊田中央研究所,True,1,company,False,True,False,False,True
8e8c8c512240,2,jinnouchi|r,scopus,"Toyota Central R&D Labs., Inc.",豊田中央研究所,True,1,company,False,True,False,False,True
8ebce782e65d,1,hirao|r,scopus,"Toyota Central R&D Labs., Inc.",豊田中央研究所,True,1,company,False,True,False,False,True
8ebce782e65d,2,takeuchi|h,scopus,"Toyota Central R&D Labs., Inc.",豊田中央研究所,True,1,company,False,True,False,False,True
8ebce782e65d,3,kawada|j,scopus,"Toyota Central R&D Labs., Inc.",豊田中央研究所,True,1,company,False,True,False,False,True
8ebce782e65d,4,ishida|n,scopus,"Toyota Central R&D Labs., Inc.",豊田中央研究所,True,1,company,False,True,False,False,True
8f51aae43a25,1,suzuki|t,scopus,"Toyota Central R&D Labs., Inc.",豊田中央研究所,True,1,company,False,True,False,False,True
8f51aae43a25,2,nonaka|t,scopus,"Toyota Central R&D Labs., Inc.",豊田中央研究所,True,1,company,False,True,False,False,True
8f51aae43a25,3,uyama|t,scopus,"Toyota Central R&D Labs., Inc.",豊田中央研究所,True,1,company,False,True,False,False,True
8f51aae43a25,4,sakamoto|n,scopus,"Toyota Central R&D Labs., Inc.",豊田中央研究所,True,1,company,False,True,False,False,True
8f51aae43a25,5,sekizawa|k,scopus,"Toyota Central R&D Labs., Inc.",豊田中央研究所,True,1,company,False,True,False,False,True
8f51aae43a25,6,yamaguchi|y,scopus,Tokyo University of Science,,False,0,university,True,False,False,False,False
8f51aae43a25,7,kudo|a,scopus,Tokyo University of Science,,False,0,university,True,False,False,False,False
8f51aae43a25,8,morikawa|t,scopus,"Toyota Central R&D Labs., Inc.",豊田中央研究所,True,1,company,False,True,False,False,True
8fdeb70de0e5,1,iwata|r,scopus,MIT School of Engineering,,False,0,university,True,False,False,False,False
8fdeb70de0e5,2,zhang|l,scopus,MIT School of Engineering,,False,0,university,True,False,False,False,False
8fdeb70de0e5,3,wilke|k,scopus,MIT School of Engineering,,False,0,university,True,False,False,False,False
8fdeb70de0e5,4,gong|s,scopus,MIT School of Engineering; Shanghai Jiao Tong University,,False,0,university,True,False,False,False,False
8fdeb70de0e5,5,he|m,scopus,MIT School of Engineering,,False,0,university,True,False,False,False,False
8fdeb70de0e5,6,gallant|b,scopus,MIT School of Engineering,,False,0,university,True,False,False,False,False
8fdeb70de0e5,7,wang|e,scopus,MIT School of Engineering,,False,0,university,True,False,False,False,False
907a94c73649,1,hase|y,scopus,"Toyota Central R&D Labs., Inc.",豊田中央研究所,True,1,company,False,True,False,False,True
907a94c73649,2,komori|y,scopus,The University of Osaka,,False,0,university,True,False,False,False,False
907a94c73649,3,kusumoto|t,scopus,The University of Osaka,,False,0,university,True,False,False,False,False
907a94c73649,4,harada|t,scopus,The University of Osaka,,False,0,university,True,False,False,False,False
907a94c73649,5,seki|j,scopus,"Toyota Central R&D Labs., Inc.",豊田中央研究所,True,1,company,False,True,False,False,True
907a94c73649,6,shiga|t,scopus,"Toyota Central R&D Labs., Inc.",豊田中央研究所,True,1,company,False,True,False,False,True
907a94c73649,7,kamiya|k,scopus,The University of Osaka,,False,0,university,True,False,False,False,False
907a94c73649,8,nakanishi|s,scopus,The University of Osaka,,False,0,university,True,False,False,False,False
90d902dc51ec,1,suganuma|y,scopus,University of Cambridge,,False,0,university,True,False,False,False,False
90d902dc51ec,2,elliott|j,scopus,University of Cambridge,,False,0,university,True,False,False,False,False
91362cf0491b,1,ishida|n,scopus,"Toyota Central R&D Labs., Inc.",豊田中央研究所,True,1,company,False,True,False,False,True
91362cf0491b,2,hosokawa|y,scopus,"Toyota Central R&D Labs., Inc.",豊田中央研究所,True,1,company,False,True,False,False,True
91362cf0491b,3,imaeda|t,scopus,"Toyota Central R&D Labs., Inc.",豊田中央研究所,True,1,company,False,True,False,False,True
91362cf0491b,4,hatanaka|t,scopus,"Toyota Central R&D Labs., Inc.",豊田中央研究所,True,1,company,False,True,False,False,True
91915a5261d7,1,yamaguchi|s,scopus,"Toyota Central R&D Labs., Inc.; The University of Osaka",豊田中央研究所,True,1,company|university,True,True,False,False,True
91915a5261d7,2,maegawa|y,scopus,"Toyota Central R&D Labs., Inc.",豊田中央研究所,True,1,company,False,True,False,False,True
91915a5261d7,3,fujita|k,scopus,Graduate School of Human and Environmental Studies,,False,0,university,True,False,False,False,False
91915a5261d7,4,inagaki|s,scopus,"Toyota Central R&D Labs., Inc.",豊田中央研究所,True,1,company,False,True,False,False,True
91a243024f15,1,sayama|s,scopus,"Toyota Central R&D Labs., Inc.",豊田中央研究所,True,1,company,False,True,False,False,True
91a243024f15,2,yamamoto|s,scopus,"Toyota Central R&D Labs., Inc.",豊田中央研究所,True,1,company,False,True,False,False,True
9204ee776330,1,ito|y,scopus,"Toyota Central R&D Labs., Inc.",豊田中央研究所,True,1,company,False,True,False,False,True
920b9183f217,1,tanaka|m,scopus,"Toyota Central R&D Labs., Inc.; Toyota Motor North America, Inc.",豊田中央研究所|Toyota Motor North America,True,2,company,False,True,False,False,True
920b9183f217,2,song|y,scopus,"Toyota Motor North America, Inc.",Toyota Motor North America,False,1,company,False,True,False,False,True
920b9183f217,3,nomura|t,scopus,"Toyota Central R&D Labs., Inc.",豊田中央研究所,True,1,company,False,True,False,False,True
924f917944e7,1,nakano|h,scopus,"Toyota Central R&D Labs., Inc.; Kyoto University",豊田中央研究所,True,1,company|university,True,True,False,False,True
924f917944e7,2,matsunaga|t,scopus,Kyoto University,,False,0,university,True,False,False,False,False
924f917944e7,3,mori|t,scopus,Kyoto University,,False,0,university,True,False,False,False,False
924f917944e7,4,nakanishi|k,scopus,Kyoto University,,False,0,university,True,False,False,False,False
924f917944e7,5,morita|y,scopus,Kyoto University,,False,0,university,True,False,False,False,False
924f917944e7,6,ide|k,scopus,Kyoto University,,False,0,university,True,False,False,False,False
924f917944e7,7,okazaki|k,scopus,Kyoto University,,False,0,university,True,False,False,False,False
924f917944e7,8,orikasa|y,scopus,Kyoto University,,False,0,university,True,False,False,False,False
924f917944e7,9,minato|t,scopus,Kyoto University,,False,0,university,True,False,False,False,False
924f917944e7,10,yamamoto|k,scopus,Kyoto University,,False,0,university,True,False,False,False,False
924f917944e7,11,ogumi|z,scopus,Kyoto University,,False,0,university,True,False,False,False,False
924f917944e7,12,uchimoto|y,scopus,Kyoto University,,False,0,university,True,False,False,False,False
9316f378d92f,1,kato|t,scopus,"Toyota Central R&D Labs., Inc.",豊田中央研究所,True,1,company,False,True,False,False,True
9316f378d92f,2,goto|k,scopus,"Toyota Central R&D Labs., Inc.",豊田中央研究所,True,1,company,False,True,False,False,True
9316f378d92f,3,niwa|t,scopus,"Toyota Central R&D Labs., Inc.",豊田中央研究所,True,1,company,False,True,False,False,True
9316f378d92f,4,shimizu|t,scopus,"Toyota Central R&D Labs., Inc.",豊田中央研究所,True,1,company,False,True,False,False,True
9316f378d92f,5,fujii|a,scopus,"Toyota Central R&D Labs., Inc.",豊田中央研究所,True,1,company,False,True,False,False,True
9316f378d92f,6,okumura|b,scopus,"Toyota Central R&D Labs., Inc.",豊田中央研究所,True,1,company,False,True,False,False,True
9316f378d92f,7,oka|h,scopus,"Toyota Central R&D Labs., Inc.",豊田中央研究所,True,1,company,False,True,False,False,True
9316f378d92f,8,kadoura|h,scopus,"Toyota Central R&D Labs., Inc.",豊田中央研究所,True,1,company,False,True,False,False,True
9378c80aa06e,1,yagi|m,scopus,Keio University School of Medicine; National Hospital Organization Murayama Medical Center,,False,0,university|hospital,True,False,False,True,False
9378c80aa06e,2,nakahira|y,scopus,"Toyota Central R&D Labs., Inc.",豊田中央研究所,True,1,company,False,True,False,False,True
9378c80aa06e,3,watanabe|k,scopus,Keio University School of Medicine,,False,0,university,True,False,False,False,False
9378c80aa06e,4,nakamura|m,scopus,Keio University School of Medicine,,False,0,university,True,False,False,False,False
9378c80aa06e,5,matsumoto|m,scopus,Keio University School of Medicine,,False,0,university,True,False,False,False,False
9378c80aa06e,6,iwamoto|m,scopus,"Toyota Central R&D Labs., Inc.",豊田中央研究所,True,1,company,False,True,False,False,True
94f03262b23f,1,matsumori|t,openalex,"41-1, Yokomichi, Nagakute, Aichi, Japan",,False,0,other,False,False,False,False,True
94f03262b23f,2,kawamoto|a,openalex,"41-1, Yokomichi, Nagakute, Aichi, Japan",,False,0,other,False,False,False,False,True
94f03262b23f,3,kondoh|t,openalex,"41-1, Yokomichi, Nagakute, Aichi, Japan",,False,0,other,False,False,False,False,True
951a88b7dad8,1,kajita|s,scopus,"Toyota Central R&D Labs., Inc.",豊田中央研究所,True,1,company,False,True,False,False,True
951a88b7dad8,2,kinjo|t,scopus,"Toyota Central R&D Labs., Inc.",豊田中央研究所,True,1,company,False,True,False,False,True
951a88b7dad8,3,nishi|t,scopus,"Toyota Central R&D Labs., Inc.",豊田中央研究所,True,1,company,False,True,False,False,True
95ac08bdc27e,1,tomita|s,scopus,"Toyota Central R&D Labs., Inc.",豊田中央研究所,True,1,company,False,True,False,False,True
95ac08bdc27e,2,shimanuki|k,scopus,"Toyota Central R&D Labs., Inc.",豊田中央研究所,True,1,company,False,True,False,False,True
95ac08bdc27e,3,oyama|s,scopus,"Toyota Central R&D Labs., Inc.",豊田中央研究所,True,1,company,False,True,False,False,True
95ac08bdc27e,4,nishigaki|h,scopus,"Toyota Central R&D Labs., Inc.",豊田中央研究所,True,1,company,False,True,False,False,True
95ac08bdc27e,5,nakagawa|t,scopus,"Toyota Central R&D Labs., Inc.",豊田中央研究所,True,1,company,False,True,False,False,True
95ac08bdc27e,6,tsutsui|m,scopus,"Toyota Auto Body Co., Ltd.",トヨタ車体,False,1,company,False,True,False,False,True
95ac08bdc27e,7,emura|y,scopus,"Toyota Auto Body Co., Ltd.",トヨタ車体,False,1,company,False,True,False,False,True
95ac08bdc27e,8,chino|m,scopus,"Toyota Auto Body Co., Ltd.",トヨタ車体,False,1,company,False,True,False,False,True
95ac08bdc27e,9,tanaka|h,scopus,"Toyota Auto Body Co., Ltd.",トヨタ車体,False,1,company,False,True,False,False,True
95ac08bdc27e,10,itou|y,scopus,"Toyota Auto Body Co., Ltd.",トヨタ車体,False,1,company,False,True,False,False,True
95ac08bdc27e,11,umemoto|k,scopus,"Toyota Central R&D Labs., Inc.",豊田中央研究所,True,1,company,False,True,False,False,True
96e051c7e4f4,1,ozaki|t,openalex,"Toyota Central R&D Labs. Inc.; 41-1, Yokomichi, Nagakute, Aichi, Japan. ozaki@mosk.tytlabs.co.jp; 41-1, Yokomichi, Nagakute, Aichi, Japan; Toyota Central R&D Labs. Inc",豊田中央研究所,True,1,company|other,False,True,False,False,True
96e051c7e4f4,2,ohta|n,openalex,"Toyota Central R&D Labs. Inc.; 41-1, Yokomichi, Nagakute, Aichi, Japan; 41-1, Yokomichi, Nagakute, Aichi, Japan; Toyota Central R&D Labs. Inc",豊田中央研究所,True,1,company|other,False,True,False,False,True
96e051c7e4f4,3,fujiyoshi|m,openalex,"Toyota Central R&D Labs. Inc.; 41-1, Yokomichi, Nagakute, Aichi, Japan; 41-1, Yokomichi, Nagakute, Aichi, Japan; Toyota Central R&D Labs. Inc",豊田中央研究所,True,1,company|other,False,True,False,False,True
97acc8adcdff,1,kawaura|h,scopus,"Toyota Central R&D Labs., Inc.",豊田中央研究所,True,1,company,False,True,False,False,True
97acc8adcdff,2,harada|m,scopus,"Toyota Central R&D Labs., Inc.",豊田中央研究所,True,1,company,False,True,False,False,True
97acc8adcdff,3,kondo|y,scopus,"Toyota Central R&D Labs., Inc.",豊田中央研究所,True,1,company,False,True,False,False,True
97acc8adcdff,4,mizutani|m,scopus,"Toyota Central R&D Labs., Inc.",豊田中央研究所,True,1,company,False,True,False,False,True
97acc8adcdff,5,takahashi|n,scopus,"Toyota Central R&D Labs., Inc.",豊田中央研究所,True,1,company,False,True,False,False,True
97acc8adcdff,6,yamada|n,scopus,"High Energy Accelerator Research Organization, Institute of Materials Structure Science",,False,0,government,False,False,True,False,False
9920fa812ab7,1,akai|a,openalex,"Toyota Central R&D Labs., Inc., 41-1, Yokomichi, Nagakute, Aichi, 480-1192, Japan",豊田中央研究所,True,1,company,False,True,False,False,True
9920fa812ab7,2,shiozawa|d,openalex,"Kobe University, 1-1, Rokkodai-cho, Nada-ku, Kobe, Hyogo, 657-8501, Japan",,False,0,university,True,False,False,False,False
9920fa812ab7,3,yamada|t,openalex,"Kobe University, 1-1, Rokkodai-cho, Nada-ku, Kobe, Hyogo, 657-8501, Japan",,False,0,university,True,False,False,False,False
9920fa812ab7,4,sakagami|t,openalex,"Kobe University, 1-1, Rokkodai-cho, Nada-ku, Kobe, Hyogo, 657-8501, Japan",,False,0,university,True,False,False,False,False
99b85795b407,1,nakahira|y,scopus,"Toyota Central R&D Labs., Inc.",豊田中央研究所,True,1,company,False,True,False,False,True
99b85795b407,2,iwamoto|m,scopus,"Toyota Central R&D Labs., Inc.",豊田中央研究所,True,1,company,False,True,False,False,True
99b85795b407,3,igawa|t,scopus,International University of Health and Welfare,,False,0,university,True,False,False,False,False
99b85795b407,4,ishii|k,scopus,International University of Health and Welfare; New Spine Clinic Tokyo,,False,0,university|hospital,True,False,False,True,False
9a26fdb832dd,1,yamaguchi|s,scopus,"Toyota Central R&D Labs., Inc.",豊田中央研究所,True,1,company,False,True,False,False,True
9a26fdb832dd,2,kato|s,scopus,"Toyota Central R&D Labs., Inc.",豊田中央研究所,True,1,company,False,True,False,False,True
9a26fdb832dd,3,kato|a,scopus,"Toyota Central R&D Labs., Inc.",豊田中央研究所,True,1,company,False,True,False,False,True
9a26fdb832dd,4,matsuoka|y,scopus,"Toyota Central R&D Labs., Inc.",豊田中央研究所,True,1,company,False,True,False,False,True
9a26fdb832dd,5,nagai|y,scopus,"Toyota Central R&D Labs., Inc.",豊田中央研究所,True,1,company,False,True,False,False,True
9a26fdb832dd,6,suzuki|t,scopus,"Toyota Central R&D Labs., Inc.",豊田中央研究所,True,1,company,False,True,False,False,True
9c589dc07196,1,higuchi|y,scopus,"Toyota Central R&D Labs., Inc.",豊田中央研究所,True,1,company,False,True,False,False,True
9c589dc07196,2,yoshimune|w,scopus,"Toyota Central R&D Labs., Inc.",豊田中央研究所,True,1,company,False,True,False,False,True
9c589dc07196,3,kato|s,scopus,"Toyota Central R&D Labs., Inc.",豊田中央研究所,True,1,company,False,True,False,False,True
9c589dc07196,4,hibi|s,scopus,"Toyota Central R&D Labs., Inc.",豊田中央研究所,True,1,company,False,True,False,False,True
9c589dc07196,5,setoyama|d,scopus,"Toyota Central R&D Labs., Inc.",豊田中央研究所,True,1,company,False,True,False,False,True
9c589dc07196,6,isegawa|k,scopus,"Toyota Central R&D Labs., Inc.; Japan Atomic Energy Agency",豊田中央研究所,True,1,company|other,False,True,False,False,True
9c589dc07196,7,matsumoto|y,scopus,Comprehensive Research Organization for Science and Society,,False,0,government,False,False,True,False,False
9c589dc07196,8,hayashida|h,scopus,Comprehensive Research Organization for Science and Society,,False,0,government,False,False,True,False,False
9c589dc07196,9,nozaki|h,scopus,"Toyota Central R&D Labs., Inc.",豊田中央研究所,True,1,company,False,True,False,False,True
9c589dc07196,10,harada|m,scopus,"Toyota Central R&D Labs., Inc.",豊田中央研究所,True,1,company,False,True,False,False,True
9c589dc07196,11,fukaya|n,scopus,"Toyota Central R&D Labs., Inc.",豊田中央研究所,True,1,company,False,True,False,False,True
9c589dc07196,12,suzuki|t,scopus,"Toyota Central R&D Labs., Inc.",豊田中央研究所,True,1,company,False,True,False,False,True
9c589dc07196,13,shinohara|t,scopus,Japan Atomic Energy Agency,,False,0,other,False,False,False,False,False
9c589dc07196,14,nagai|y,scopus,"Toyota Central R&D Labs., Inc.",豊田中央研究所,True,1,company,False,True,False,False,True
9d17add0c18a,1,inoue|d,scopus,"Toyota Central R&D Labs., Inc.",豊田中央研究所,True,1,company,False,True,False,False,True
9d17add0c18a,2,ichikawa|t,scopus,"Toyota Central R&D Labs., Inc.",豊田中央研究所,True,1,company,False,True,False,False,True
9d17add0c18a,3,kawasaki|a,scopus,"Toyota Central R&D Labs., Inc.",豊田中央研究所,True,1,company,False,True,False,False,True
9d17add0c18a,4,yamashita|t,scopus,"Toyota Central R&D Labs., Inc.",豊田中央研究所,True,1,company,False,True,False,False,True
9e2145e4bb1b,1,suzuki|t,scopus,"Toyota Central R&D Labs., Inc.",豊田中央研究所,True,1,company,False,True,False,False,True
9e2145e4bb1b,2,yoshino|s,scopus,Tokyo University of Science,,False,0,university,True,False,False,False,False
9e2145e4bb1b,3,sekizawa|k,scopus,"Toyota Central R&D Labs., Inc.",豊田中央研究所,True,1,company,False,True,False,False,True
9e2145e4bb1b,4,yamaguchi|y,scopus,Tokyo University of Science,,False,0,university,True,False,False,False,False
9e2145e4bb1b,5,kudo|a,scopus,Tokyo University of Science,,False,0,university,True,False,False,False,False
9e2145e4bb1b,6,morikawa|t,scopus,"Toyota Central R&D Labs., Inc.",豊田中央研究所,True,1,company,False,True,False,False,True
9ec37d20e883,1,kusano|t,scopus,"Toyota Central R&D Labs., Inc.",豊田中央研究所,True,1,company,False,True,False,False,True
9ec37d20e883,2,kawauchi|s,scopus,"Toyota Central R&D Labs., Inc.",豊田中央研究所,True,1,company,False,True,False,False,True
9ec37d20e883,3,isegawa|k,scopus,"Toyota Central R&D Labs., Inc.",豊田中央研究所,True,1,company,False,True,False,False,True
9ec37d20e883,4,takahashi|s,scopus,"Toyota Central R&D Labs., Inc.",豊田中央研究所,True,1,company,False,True,False,False,True
9ec37d20e883,5,watanabe|t,scopus,"Toyota Central R&D Labs., Inc.",豊田中央研究所,True,1,company,False,True,False,False,True
9ec37d20e883,6,kamiyama|m,scopus,"Toyota Central R&D Labs., Inc.",豊田中央研究所,True,1,company,False,True,False,False,True
9ec37d20e883,7,tani|m,scopus,"Toyota Central R&D Labs., Inc.",豊田中央研究所,True,1,company,False,True,False,False,True
9ec37d20e883,8,nakamura|h,scopus,"Toyota Central R&D Labs., Inc.",豊田中央研究所,True,1,company,False,True,False,False,True
9f023d213053,1,yoshimune|w,scopus,"Toyota Central R&D Labs., Inc.",豊田中央研究所,True,1,company,False,True,False,False,True
9f023d213053,2,kato|s,scopus,"Toyota Central R&D Labs., Inc.",豊田中央研究所,True,1,company,False,True,False,False,True
9f023d213053,3,harada|m,scopus,"Toyota Central R&D Labs., Inc.",豊田中央研究所,True,1,company,False,True,False,False,True
a0b900a7c2c5,1,shinozaki|k,scopus,"Toyota Central R&D Labs., Inc.",豊田中央研究所,True,1,company,False,True,False,False,True
a0b900a7c2c5,2,kajiya|s,scopus,"Toyota Central R&D Labs., Inc.",豊田中央研究所,True,1,company,False,True,False,False,True
a0b900a7c2c5,3,yamakawa|s,scopus,"Toyota Central R&D Labs., Inc.",豊田中央研究所,True,1,company,False,True,False,False,True
a0b900a7c2c5,4,hasegawa|n,scopus,"Toyota Central R&D Labs., Inc.",豊田中央研究所,True,1,company,False,True,False,False,True
a0b900a7c2c5,5,suzuki|t,scopus,"Toyota Central R&D Labs., Inc.",豊田中央研究所,True,1,company,False,True,False,False,True
a0b900a7c2c5,6,shibata|m,scopus,"Toyota Central R&D Labs., Inc.",豊田中央研究所,True,1,company,False,True,False,False,True
a0b900a7c2c5,7,jinnouchi|r,scopus,"Toyota Central R&D Labs., Inc.",豊田中央研究所,True,1,company,False,True,False,False,True
a15173de925e,1,fukaya|n,scopus,"Toyota Central R&D Labs., Inc.",豊田中央研究所,True,1,company,False,True,False,False,True
a15173de925e,2,silva|k,openalex,"Toyota Technological Institute, 2-12-1 Hisakata, Tempaku, Nagoya, 468-8511, Aichi, Japan",,False,0,other,False,False,False,False,False
a15173de925e,3,yoshimura|m,scopus,Toyota Technological Institute,,False,0,other,False,False,False,False,False
a15173de925e,4,hirai|h,scopus,"Toyota Central R&D Labs., Inc.",豊田中央研究所,True,1,company,False,True,False,False,True
a15173de925e,5,yoshida|h,scopus,"Toyota Central R&D Labs., Inc.",豊田中央研究所,True,1,company,False,True,False,False,True
a15173de925e,6,tanaka|h,scopus,"Toyota Central R&D Labs., Inc.",豊田中央研究所,True,1,company,False,True,False,False,True
a1ab3f636a10,1,hidaka|k,scopus,"Toyota Central R&D Labs., Inc.",豊田中央研究所,True,1,company,False,True,False,False,True
a1ab3f636a10,2,shiga|t,scopus,"Toyota Central R&D Labs., Inc.",豊田中央研究所,True,1,company,False,True,False,False,True
a1f086f4885f,1,shigetoh|k,scopus,"Toyota Central R&D Labs., Inc.",豊田中央研究所,True,1,company,False,True,False,False,True
a1f086f4885f,2,hirao|r,scopus,"Toyota Central R&D Labs., Inc.",豊田中央研究所,True,1,company,False,True,False,False,True
a1f086f4885f,3,ishida|n,scopus,"Toyota Central R&D Labs., Inc.",豊田中央研究所,True,1,company,False,True,False,False,True
a267290acb36,1,oishi|k,openalex,"Toyota Central R&#x0026;D Labs. Inc.,Aichi,Japan",豊田中央研究所,True,1,company,False,True,False,False,True
a267290acb36,2,kato|t,openalex,"Toyota Central R&#x0026;D Labs. Inc.,Aichi,Japan",豊田中央研究所,True,1,company,False,True,False,False,True
a267290acb36,3,makino|h,openalex,"Toyota Central R&#x0026;D Labs. Inc.,Aichi,Japan",豊田中央研究所,True,1,company,False,True,False,False,True
a267290acb36,4,ito|s,openalex,"Toyota Central R&#x0026;D Labs. Inc.,Aichi,Japan",豊田中央研究所,True,1,company,False,True,False,False,True
a32287fa690e,1,takeshita|t,scopus,"Toyota Central R&D Labs., Inc.",豊田中央研究所,True,1,company,False,True,False,False,True
a32287fa690e,2,kamitaka|y,scopus,"Toyota Central R&D Labs., Inc.",豊田中央研究所,True,1,company,False,True,False,False,True
a32287fa690e,3,shinozaki|k,scopus,"Toyota Central R&D Labs., Inc.",豊田中央研究所,True,1,company,False,True,False,False,True
a32287fa690e,4,kodama|k,scopus,"Toyota Central R&D Labs., Inc.",豊田中央研究所,True,1,company,False,True,False,False,True
a32287fa690e,5,morimoto|y,scopus,"Toyota Central R&D Labs., Inc.",豊田中央研究所,True,1,company,False,True,False,False,True
a3a98f9f1c8f,1,umegaki|i,scopus,"Toyota Central R&D Labs., Inc.",豊田中央研究所,True,1,company,False,True,False,False,True
a3a98f9f1c8f,2,higuchi|y,scopus,"Toyota Central R&D Labs., Inc.",豊田中央研究所,True,1,company,False,True,False,False,True
a3a98f9f1c8f,3,kondo|y,scopus,"Toyota Central R&D Labs., Inc.",豊田中央研究所,True,1,company,False,True,False,False,True
a3a98f9f1c8f,4,ninomiya|k,scopus,The University of Osaka,,False,0,university,True,False,False,False,False
a3a98f9f1c8f,5,takeshita|s,scopus,"High Energy Accelerator Research Organization, Tsukuba; J-PARC Center",,False,0,government,False,False,True,False,False
a3a98f9f1c8f,6,tampo|m,scopus,"High Energy Accelerator Research Organization, Tsukuba; J-PARC Center",,False,0,government,False,False,True,False,False
a3a98f9f1c8f,7,nakano|h,scopus,"Toyota Central R&D Labs., Inc.",豊田中央研究所,True,1,company,False,True,False,False,True
a3a98f9f1c8f,8,oka|h,scopus,"Toyota Central R&D Labs., Inc.",豊田中央研究所,True,1,company,False,True,False,False,True
a3a98f9f1c8f,9,sugiyama|j,scopus,"Toyota Central R&D Labs., Inc.; High Energy Accelerator Research Organization, Tsukuba; Japan Atomic Energy Agency; Comprehensive Research Organization for Science and Society; J-PARC Center",豊田中央研究所,True,1,company|government|other,False,True,True,False,True
a3a98f9f1c8f,10,kubo|m,scopus,International Christian University,,False,0,university,True,False,False,False,False
a3a98f9f1c8f,11,miyake|y,scopus,"High Energy Accelerator Research Organization, Tsukuba; J-PARC Center",,False,0,government,False,False,True,False,False
a4f1361ca8da,1,yonekura|h,scopus,"Toyota Central R&D Labs., Inc.",豊田中央研究所,True,1,company,False,True,False,False,True
a4f1361ca8da,2,akimoto|y,scopus,"Toyota Central R&D Labs., Inc.",豊田中央研究所,True,1,company,False,True,False,False,True
a4f1361ca8da,3,nakamura|h,scopus,"Toyota Central R&D Labs., Inc.",豊田中央研究所,True,1,company,False,True,False,False,True
a50a9d26ea49,1,ohama|y,scopus,"Toyota Central R&D Labs., Inc.",豊田中央研究所,True,1,company,False,True,False,False,True
a50a9d26ea49,2,tanaka|k,scopus,Toyohashi University of Technology,,False,0,university,True,False,False,False,False
a50a9d26ea49,3,yasuda|h,scopus,"Toyota Central R&D Labs., Inc.",豊田中央研究所,True,1,company,False,True,False,False,True
a50a9d26ea49,4,obata|k,scopus,Toyohashi University of Technology,,False,0,university,True,False,False,False,False
a50a9d26ea49,5,fukumura|n,scopus,Toyohashi University of Technology,,False,0,university,True,False,False,False,False
a54e71c6c535,1,miyano|t,scopus,"Toyota Motor North America, Inc.",Toyota Motor North America,False,1,company,False,True,False,False,True
a54e71c6c535,2,romberg|j,scopus,School of Electrical and Computer Engineering,,False,0,other,False,False,False,False,False
a54e71c6c535,3,egerstedt|m,scopus,"University of California, Irvine",,False,0,university,True,False,False,False,False
a564ffe029cb,1,kumano|n,scopus,"Toyota Central R&D Labs., Inc.",豊田中央研究所,True,1,company,False,True,False,False,True
a564ffe029cb,2,kudo|k,scopus,"Toyota Central R&D Labs., Inc.",豊田中央研究所,True,1,company,False,True,False,False,True
a564ffe029cb,3,akimoto|y,scopus,"Toyota Central R&D Labs., Inc.",豊田中央研究所,True,1,company,False,True,False,False,True
a564ffe029cb,4,ishii|m,scopus,"Toyota Central R&D Labs., Inc.",豊田中央研究所,True,1,company,False,True,False,False,True
a564ffe029cb,5,nakamura|h,scopus,"Toyota Central R&D Labs., Inc.",豊田中央研究所,True,1,company,False,True,False,False,True
a598563f6426,1,tanaka|m,scopus,"Toyota Central R&D Labs., Inc.",豊田中央研究所,True,1,company,False,True,False,False,True
a598563f6426,2,sasagawa|t,scopus,"Toyota Central R&D Labs., Inc.",豊田中央研究所,True,1,company,False,True,False,False,True
a598563f6426,3,omote|r,scopus,"Toyota Central R&D Labs., Inc.",豊田中央研究所,True,1,company,False,True,False,False,True
a598563f6426,4,fujii|f,scopus,Gifu University,,False,0,university,True,False,False,False,False
a5af353e60d8,1,taguchi|s,scopus,"Toyota Central R&D Labs., Inc.",豊田中央研究所,True,1,company,False,True,False,False,True
a5af353e60d8,2,hirose|n,scopus,"Toyota Central R&D Labs., Inc.",豊田中央研究所,True,1,company,False,True,False,False,True
a6088a4177d0,1,sasaki|k,scopus,The University of Tokyo,,False,0,university,True,False,False,False,True
a6088a4177d0,2,makido|s,openalex,"Toyota Central R&D Labs., Inc., Aichi, Japan",豊田中央研究所,True,1,company,False,True,False,False,True
a6088a4177d0,3,nakao|a,scopus,The University of Tokyo,,False,0,university,True,False,False,False,False
a741b6125efa,1,funayama|k,scopus,"Toyota Central R&D Labs., Inc.",豊田中央研究所,True,1,company,False,True,False,False,True
a741b6125efa,2,hirotani|j,scopus,Kyoto University,,False,0,university,True,False,False,False,False
a741b6125efa,3,miura|a,scopus,"Toyota Central R&D Labs., Inc.",豊田中央研究所,True,1,company,False,True,False,False,True
a741b6125efa,4,tanaka|h,scopus,"Toyota Central R&D Labs., Inc.",豊田中央研究所,True,1,company,False,True,False,False,True
a799d2983af7,1,itou|y,scopus,"Toyota Central R&D Labs., Inc.",豊田中央研究所,True,1,company,False,True,False,False,True
a799d2983af7,2,ogihara|n,scopus,"Toyota Central R&D Labs., Inc.",豊田中央研究所,True,1,company,False,True,False,False,True
a799d2983af7,3,kawauchi|s,scopus,"Toyota Central R&D Labs., Inc.",豊田中央研究所,True,1,company,False,True,False,False,True
a8111a316d03,1,ito|y,scopus,"Toyota Central R&D Labs., Inc.",豊田中央研究所,True,1,company,False,True,False,False,True
a8111a316d03,2,fujimoto|k,scopus,Graduate School of Engineering,,False,0,university,True,False,False,False,False
a8111a316d03,3,tadokoro|y,scopus,"Toyota Central R&D Labs., Inc.",豊田中央研究所,True,1,company,False,True,False,False,True
a93f0450309b,1,sasagawa|t,openalex,"Toyota Central R&D Laboratories Inc., 41-1 Yokomichi, Nagakute, Aichi, 480-1192, Japan",豊田中央研究所,True,1,company,False,True,False,False,True
a93f0450309b,2,nimura|n,openalex,"Toyota Central R&D Laboratories Inc., 41-1 Yokomichi, Nagakute, Aichi, 480-1192, Japan",豊田中央研究所,True,1,company,False,True,False,False,True
a93f0450309b,3,tanaka|m,openalex,"Toyota Central R&D Laboratories Inc., 41-1 Yokomichi, Nagakute, Aichi, 480-1192, Japan",豊田中央研究所,True,1,company,False,True,False,False,True
aa1250500a72,1,sato|s,scopus,"Toyota Central R&D Labs., Inc.",豊田中央研究所,True,1,company,False,True,False,False,True
aa1250500a72,2,imaeda|t,scopus,"Toyota Central R&D Labs., Inc.",豊田中央研究所,True,1,company,False,True,False,False,True
aa1250500a72,3,mugikura|s,scopus,Tohoku University; Tohoku University Hospital; Graduate School of Medicine,,False,0,university,True,False,False,False,False
aa1250500a72,4,mori|n,scopus,Tohoku University,,False,0,university,True,False,False,False,False
aa1250500a72,5,takanashi|m,scopus,"Toyota Central R&D Labs., Inc.",豊田中央研究所,True,1,company,False,True,False,False,True
aa1250500a72,6,hayakawa|k,scopus,"Toyota Central R&D Labs., Inc.",豊田中央研究所,True,1,company,False,True,False,False,True
aa1250500a72,7,saito|t,scopus,Tohoku University,,False,0,university,True,False,False,False,False
aa1250500a72,8,taira|m,scopus,Tohoku University; Tohoku University Hospital; Graduate School of Medicine,,False,0,university,True,False,False,False,False
aa1250500a72,9,narita|a,scopus,Tohoku University,,False,0,university,True,False,False,False,False
aa1250500a72,10,kogure|m,scopus,Tohoku University; Graduate School of Medicine,,False,0,university,True,False,False,False,False
aa1250500a72,11,chiba|i,scopus,Tohoku University; Graduate School of Medicine,,False,0,university,True,False,False,False,False
aa1250500a72,12,hatanaka|r,scopus,Tohoku University; Graduate School of Medicine,,False,0,university,True,False,False,False,False
aa1250500a72,13,nakaya|k,scopus,Tohoku University; Graduate School of Medicine,,False,0,university,True,False,False,False,False
aa1250500a72,14,kanno|i,scopus,Tohoku University; Graduate School of Medicine,,False,0,university,True,False,False,False,False
aa1250500a72,15,ishiwata|r,scopus,Tohoku University,,False,0,university,True,False,False,False,False
aa1250500a72,16,nakamura|t,scopus,Tohoku University,,False,0,university,True,False,False,False,False
aa1250500a72,17,motoike|i,scopus,Tohoku University,,False,0,university,True,False,False,False,False
aa1250500a72,18,nakaya|n,scopus,Tohoku University; Graduate School of Medicine,,False,0,university,True,False,False,False,False
aa1250500a72,19,koshiba|s,scopus,Tohoku University,,False,0,university,True,False,False,False,False
aa1250500a72,20,kinoshita|k,scopus,Tohoku University,,False,0,university,True,False,False,False,False
aa1250500a72,21,kuriyama|s,scopus,Tohoku University; Graduate School of Medicine,,False,0,university,True,False,False,False,False
aa1250500a72,22,ogishima|s,scopus,Tohoku University,,False,0,university,True,False,False,False,False
aa1250500a72,23,nagami|f,scopus,Tohoku University,,False,0,university,True,False,False,False,False
aa1250500a72,24,fuse|n,scopus,Tohoku University; Graduate School of Medicine,,False,0,university,True,False,False,False,False
aa1250500a72,25,hozawa|a,scopus,Tohoku University; Graduate School of Medicine,,False,0,university,True,False,False,False,False
aa8666a45b6a,1,oka|h,scopus,"Toyota Central R&D Labs., Inc.",豊田中央研究所,True,1,company,False,True,False,False,True
aa8666a45b6a,2,kadoura|h,scopus,"Toyota Central R&D Labs., Inc.",豊田中央研究所,True,1,company,False,True,False,False,True
aa8666a45b6a,3,takahashi|n,scopus,"Toyota Central R&D Labs., Inc.",豊田中央研究所,True,1,company,False,True,False,False,True
aa8666a45b6a,4,ikawa|t,scopus,"Toyota Central R&D Labs., Inc.",豊田中央研究所,True,1,company,False,True,False,False,True
aab54922c525,1,shoji|t,scopus,"Toyota Central R&D Labs., Inc.",豊田中央研究所,True,1,company,False,True,False,False,True
aab54922c525,2,kuwahara|m,scopus,"Toyota Central R&D Labs., Inc.",豊田中央研究所,True,1,company,False,True,False,False,True
aab54922c525,3,usui|m,scopus,"Toyota Central R&D Labs., Inc.",豊田中央研究所,True,1,company,False,True,False,False,True
aabc78be0164,1,nomura|k,scopus,"Toyota Central R&D Labs., Inc.",豊田中央研究所,True,1,company,False,True,False,False,True
aabc78be0164,2,yamasaki|s,scopus,The University of Osaka,,False,0,university,True,False,False,False,False
aabc78be0164,3,yaji|k,scopus,The University of Osaka,,False,0,university,True,False,False,False,False
aabc78be0164,4,bo|h,scopus,The University of Osaka,,False,0,university,True,False,False,False,False
aabc78be0164,5,takahashi|a,scopus,"Toyota Central R&D Labs., Inc.",豊田中央研究所,True,1,company,False,True,False,False,True
aabc78be0164,6,kojima|t,scopus,"Toyota Central R&D Labs., Inc.",豊田中央研究所,True,1,company,False,True,False,False,True
aabc78be0164,7,fujita|k,scopus,The University of Osaka,,False,0,university,True,False,False,False,False
aae8e51eeeb8,1,takahashi|a,scopus,"Toyota Central R&D Labs., Inc.",豊田中央研究所,True,1,company,False,True,False,False,True
aae8e51eeeb8,2,nomura|k,scopus,"Toyota Central R&D Labs., Inc.",豊田中央研究所,True,1,company,False,True,False,False,True
aae8e51eeeb8,3,kojima|t,scopus,"Toyota Central R&D Labs., Inc.",豊田中央研究所,True,1,company,False,True,False,False,True
aae8e51eeeb8,4,nomura|t,scopus,"Toyota Central R&D Labs., Inc.",豊田中央研究所,True,1,company,False,True,False,False,True
adc8ac843935,1,higashi|s,scopus,"Toyota Central R&D Labs., Inc.",豊田中央研究所,True,1,company,False,True,False,False,True
adc8ac843935,2,beniya|a,scopus,"Toyota Central R&D Labs., Inc.",豊田中央研究所,True,1,company,False,True,False,False,True
ae6e7f082b1b,1,oishi|k,scopus,"Toyota Central R&D Labs., Inc.",豊田中央研究所,True,1,company,False,True,False,False,True
ae6e7f082b1b,2,amano|y,scopus,"Toyota Central R&D Labs., Inc.",豊田中央研究所,True,1,company,False,True,False,False,True
ae6e7f082b1b,3,jimbo|t,scopus,Toyota Motor Corporation,トヨタ自動車,True,1,company,False,True,False,False,True
b0cc27e28ca4,1,ikuta|y,scopus,"Toyota Central R&D Labs., Inc.",豊田中央研究所,True,1,company,False,True,False,False,True
b0cc27e28ca4,2,hirata|f,scopus,Toyota Physical and Chemical Research Institute,,False,0,other,False,False,False,False,True
b3f4bf80e66b,1,mukai|k,scopus,"Toyota Central R&D Labs., Inc.",豊田中央研究所,True,1,company,False,True,False,False,True
b3f4bf80e66b,2,nonaka|t,scopus,"Toyota Central R&D Labs., Inc.",豊田中央研究所,True,1,company,False,True,False,False,True
b3f4bf80e66b,3,uyama|t,scopus,"Toyota Central R&D Labs., Inc.",豊田中央研究所,True,1,company,False,True,False,False,True
b3f4bf80e66b,4,nishimura|y,scopus,"Toyota Central R&D Labs., Inc.",豊田中央研究所,True,1,company,False,True,False,False,True
b5ce9968101b,1,kumano|n,scopus,"Toyota Central R&D Labs., Inc.",豊田中央研究所,True,1,company,False,True,False,False,True
b5ce9968101b,2,yamaguchi|y,scopus,"Toyota Central R&D Labs., Inc.",豊田中央研究所,True,1,company,False,True,False,False,True
b5ce9968101b,3,akimoto|y,scopus,"Toyota Central R&D Labs., Inc.",豊田中央研究所,True,1,company,False,True,False,False,True
b5ce9968101b,4,ohshima|a,scopus,"Toyota Central R&D Labs., Inc.",豊田中央研究所,True,1,company,False,True,False,False,True
b5ce9968101b,5,nakamura|h,scopus,"Toyota Central R&D Labs., Inc.",豊田中央研究所,True,1,company,False,True,False,False,True
b5ce9968101b,6,yamamura|m,scopus,Kyushu Institute of Technology,,False,0,university,True,False,False,False,False
b867068a797e,1,kondo|h,scopus,"Toyota Central R&D Labs., Inc.",豊田中央研究所,True,1,company,False,True,False,False,True
b867068a797e,2,baba|n,scopus,"Toyota Central R&D Labs., Inc.",豊田中央研究所,True,1,company,False,True,False,False,True
b867068a797e,3,makimura|y,scopus,"Toyota Central R&D Labs., Inc.",豊田中央研究所,True,1,company,False,True,False,False,True
b867068a797e,4,itou|y,scopus,"Toyota Central R&D Labs., Inc.",豊田中央研究所,True,1,company,False,True,False,False,True
b867068a797e,5,kobayashi|t,scopus,"Toyota Central R&D Labs., Inc.",豊田中央研究所,True,1,company,False,True,False,False,True
b887c1331218,1,itahara|h,scopus,"Toyota Central R&D Labs., Inc.",豊田中央研究所,True,1,company,False,True,False,False,True
b887c1331218,2,sakamoto|n,scopus,"Toyota Central R&D Labs., Inc.",豊田中央研究所,True,1,company,False,True,False,False,True
b887c1331218,3,takahashi|n,scopus,"Toyota Central R&D Labs., Inc.",豊田中央研究所,True,1,company,False,True,False,False,True
b887c1331218,4,kosaka|s,scopus,"Toyota Central R&D Labs., Inc.",豊田中央研究所,True,1,company,False,True,False,False,True
b887c1331218,5,takatani|y,scopus,"Toyota Central R&D Labs., Inc.",豊田中央研究所,True,1,company,False,True,False,False,True
b8c4e453c17b,1,kato|s,scopus,"Toyota Central R&D Labs., Inc.",豊田中央研究所,True,1,company,False,True,False,False,True
b8c4e453c17b,2,yamaguchi|s,scopus,"Toyota Central R&D Labs., Inc.",豊田中央研究所,True,1,company,False,True,False,False,True
b8c4e453c17b,3,yoshimune|w,scopus,"Toyota Central R&D Labs., Inc.",豊田中央研究所,True,1,company,False,True,False,False,True
b8c4e453c17b,4,matsuoka|y,scopus,"Toyota Central R&D Labs., Inc.",豊田中央研究所,True,1,company,False,True,False,False,True
b8c4e453c17b,5,kato|a,scopus,"Toyota Central R&D Labs., Inc.",豊田中央研究所,True,1,company,False,True,False,False,True
b8c4e453c17b,6,nagai|y,scopus,"Toyota Central R&D Labs., Inc.",豊田中央研究所,True,1,company,False,True,False,False,True
b8c4e453c17b,7,suzuki|t,scopus,"Toyota Central R&D Labs., Inc.",豊田中央研究所,True,1,company,False,True,False,False,True
b8db44443d66,1,chichibu|s,scopus,Tohoku University; Nagoya University; Hokkaido University,,False,0,university,True,False,False,False,False
b8db44443d66,2,shima|k,scopus,Tohoku University,,False,0,university,True,False,False,False,False
b8db44443d66,3,kojima|k,scopus,Tohoku University,,False,0,university,True,False,False,False,False
b8db44443d66,4,takashima|s,scopus,"Fuji Electric Co., Ltd.",,False,0,company,False,True,False,False,False
b8db44443d66,5,ueno|k,scopus,"Fuji Electric Co., Ltd.",,False,0,company,False,True,False,False,False
b8db44443d66,6,edo|m,scopus,"Fuji Electric Co., Ltd.",,False,0,company,False,True,False,False,False
b8db44443d66,7,iguchi|h,scopus,"Toyota Central R&D Labs., Inc.",豊田中央研究所,True,1,company,False,True,False,False,True
b8db44443d66,8,narita|t,scopus,"Toyota Central R&D Labs., Inc.",豊田中央研究所,True,1,company,False,True,False,False,True
b8db44443d66,9,kataoka|k,scopus,"Toyota Central R&D Labs., Inc.",豊田中央研究所,True,1,company,False,True,False,False,True
b8db44443d66,10,ishibashi|s,scopus,National Institute of Advanced Industrial Science and Technology,,False,0,government,False,False,True,False,False
b8db44443d66,11,uedono|a,scopus,University of Tsukuba,,False,0,university,True,False,False,False,False
b974472df54a,1,shibata|m,scopus,"Toyota Central R&D Labs., Inc.",豊田中央研究所,True,1,company,False,True,False,False,True
b974472df54a,2,suzuki|t,scopus,"Toyota Central R&D Labs., Inc.",豊田中央研究所,True,1,company,False,True,False,False,True
b974472df54a,3,morimoto|y,scopus,"Toyota Central R&D Labs., Inc.",豊田中央研究所,True,1,company,False,True,False,False,True
bba9a9c60e94,1,kinjo|t,scopus,"Toyota Central R&D Labs., Inc.",豊田中央研究所,True,1,company,False,True,False,False,True
bba9a9c60e94,2,yoneyama|h,scopus,"Toyota Central R&D Labs., Inc.",豊田中央研究所,True,1,company,False,True,False,False,True
bba9a9c60e94,3,umemoto|k,scopus,"Toyota Central R&D Labs., Inc.",豊田中央研究所,True,1,company,False,True,False,False,True
bcff240f9eed,1,jinnouchi|r,scopus,"Toyota Central R&D Labs., Inc.",豊田中央研究所,True,1,company,False,True,False,False,True
bcff240f9eed,2,kudo|k,scopus,"Toyota Central R&D Labs., Inc.",豊田中央研究所,True,1,company,False,True,False,False,True
bcff240f9eed,3,kodama|k,scopus,"Toyota Central R&D Labs., Inc.",豊田中央研究所,True,1,company,False,True,False,False,True
bcff240f9eed,4,kitano|n,scopus,"Toyota Central R&D Labs., Inc.",豊田中央研究所,True,1,company,False,True,False,False,True
bcff240f9eed,5,suzuki|t,scopus,"Toyota Central R&D Labs., Inc.",豊田中央研究所,True,1,company,False,True,False,False,True
bcff240f9eed,6,minami|s,scopus,"Toyota Central R&D Labs., Inc.",豊田中央研究所,True,1,company,False,True,False,False,True
bcff240f9eed,7,shinozaki|k,scopus,"Toyota Central R&D Labs., Inc.",豊田中央研究所,True,1,company,False,True,False,False,True
bcff240f9eed,8,hasegawa|n,scopus,"Toyota Central R&D Labs., Inc.",豊田中央研究所,True,1,company,False,True,False,False,True
bcff240f9eed,9,shinohara|a,scopus,"Toyota Central R&D Labs., Inc.",豊田中央研究所,True,1,company,False,True,False,False,True
bd61ad81dc0b,1,ishigaki|m,scopus,"Toyota Central R&D Labs., Inc.",豊田中央研究所,True,1,company,False,True,False,False,True
bd61ad81dc0b,2,ishikawa|k,scopus,"Toyota Central R&D Labs., Inc.",豊田中央研究所,True,1,company,False,True,False,False,True
bd61ad81dc0b,3,kusakabe|m,scopus,"Toyota Central R&D Labs., Inc.",豊田中央研究所,True,1,company,False,True,False,False,True
bd61ad81dc0b,4,tahara|k,scopus,"Toyota Central R&D Labs., Inc.",豊田中央研究所,True,1,company,False,True,False,False,True
be2c7d15b528,1,oyama|n,scopus,"Toyota Central R&D Labs., Inc.",豊田中央研究所,True,1,company,False,True,False,False,True
be2c7d15b528,2,ishizaki|n,scopus,National Institute for Environmental Studies of Japan,,False,0,government,False,False,True,False,False
be2c7d15b528,3,koide|s,scopus,"Toyota Central R&D Labs., Inc.",豊田中央研究所,True,1,company,False,True,False,False,True
be2c7d15b528,4,yoshida|h,scopus,"Toyota Central R&D Labs., Inc.",豊田中央研究所,True,1,company,False,True,False,False,True
be54de9b6914,1,yonaga|a,scopus,"Toyota Central R&D Labs., Inc.",豊田中央研究所,True,1,company,False,True,False,False,True
be54de9b6914,2,matsunaga|t,scopus,"Toyota Central R&D Labs., Inc.",豊田中央研究所,True,1,company,False,True,False,False,True
beadab5078f1,1,jinnouchi|r,scopus,"Toyota Central R&D Labs., Inc.",豊田中央研究所,True,1,company,False,True,False,False,True
beadab5078f1,2,karsai|f,scopus,VASP Software GmbH,,False,0,company,False,True,False,False,False
beadab5078f1,3,kresse|g,scopus,VASP Software GmbH; Universität Wien,,False,0,company|university,True,True,False,False,False
bec34272fd43,1,okoso|a,scopus,"Toyota Central R&D Labs., Inc.",豊田中央研究所,True,1,company,False,True,False,False,True
bec34272fd43,2,otaki|k,scopus,"Toyota Central R&D Labs., Inc.",豊田中央研究所,True,1,company,False,True,False,False,True
bec34272fd43,3,nishi|t,scopus,"Toyota Central R&D Labs., Inc.",豊田中央研究所,True,1,company,False,True,False,False,True
bf633aca41b0,1,sugawara|t,scopus,"Toyota Central R&D Labs., Inc.",豊田中央研究所,True,1,company,False,True,False,False,True
bf633aca41b0,2,sakai|h,scopus,"Toyota Central R&D Labs., Inc.",豊田中央研究所,True,1,company,False,True,False,False,True
bf633aca41b0,3,hirata|y,scopus,Chubu University,,False,0,university,True,False,False,False,False
bfc1d9f2bd50,1,morishita|t,openalex,"Toyota Central R&D Labs., Inc., 41-1, Yokomichi, Nagakute, Aichi, 480-1192, Japan. morishita-t@mosk.tytlabs.co.jp",豊田中央研究所,True,1,company,False,True,False,False,True
bfc1d9f2bd50,2,narita|m,openalex,"Toyota Central R&D Labs., Inc., 41-1, Yokomichi, Nagakute, Aichi, 480-1192, Japan",豊田中央研究所,True,1,company,False,True,False,False,True
bfc1d9f2bd50,3,matsushita|m,openalex,"Toyota Central R&D Labs., Inc., 41-1, Yokomichi, Nagakute, Aichi, 480-1192, Japan",豊田中央研究所,True,1,company,False,True,False,False,True
bfc1d9f2bd50,4,hayashida|k,openalex,"Toyota Central R&D Labs., Inc., 41-1, Yokomichi, Nagakute, Aichi, 480-1192, Japan",豊田中央研究所,True,1,company,False,True,False,False,True
bfc1d9f2bd50,5,nomura|k,openalex,"Toyota Central R&D Labs., Inc., 41-1, Yokomichi, Nagakute, Aichi, 480-1192, Japan",豊田中央研究所,True,1,company,False,True,False,False,True
bfc1d9f2bd50,6,taniguchi|s,openalex,"Toyota Central R&D Labs., Inc., 41-1, Yokomichi, Nagakute, Aichi, 480-1192, Japan",豊田中央研究所,True,1,company,False,True,False,False,True
bfc1d9f2bd50,7,kikuzawa|y,openalex,"Toyota Central R&D Labs., Inc., 41-1, Yokomichi, Nagakute, Aichi, 480-1192, Japan",豊田中央研究所,True,1,company,False,True,False,False,True
bfc1d9f2bd50,8,sakakura|n,openalex,"Toyota Central R&D Labs., Inc., 41-1, Yokomichi, Nagakute, Aichi, 480-1192, Japan",豊田中央研究所,True,1,company,False,True,False,False,True
bfc1d9f2bd50,9,tanaka|h,openalex,"Toyota Central R&D Labs., Inc., 41-1, Yokomichi, Nagakute, Aichi, 480-1192, Japan",豊田中央研究所,True,1,company,False,True,False,False,True
bfc1d9f2bd50,10,katagiri|y,openalex,"Toyota Central R&D Labs., Inc., 41-1, Yokomichi, Nagakute, Aichi, 480-1192, Japan",豊田中央研究所,True,1,company,False,True,False,False,True
bfc1d9f2bd50,11,okamoto|a,openalex,"Toyota Central R&D Labs., Inc., 41-1, Yokomichi, Nagakute, Aichi, 480-1192, Japan",豊田中央研究所,True,1,company,False,True,False,False,True
bfc1d9f2bd50,12,mouri|m,openalex,"Toyota Central R&D Labs., Inc., 41-1, Yokomichi, Nagakute, Aichi, 480-1192, Japan",豊田中央研究所,True,1,company,False,True,False,False,True
bfc1d9f2bd50,13,mori|h,openalex,"Toyota Central R&D Labs., Inc., 41-1, Yokomichi, Nagakute, Aichi, 480-1192, Japan",豊田中央研究所,True,1,company,False,True,False,False,True
bfc1d9f2bd50,14,kunitomo|a,openalex,"Toyota Motor Corporation, 1, Toyota-Cho, Toyota, Aichi, 471-8571, Japan",トヨタ自動車,True,1,company,False,True,False,False,True
bfc1d9f2bd50,15,kawai|h,openalex,"Toyota Motor Corporation, 1, Toyota-Cho, Toyota, Aichi, 471-8571, Japan",トヨタ自動車,True,1,company,False,True,False,False,True
bfc1d9f2bd50,16,shigemitsu|n,openalex,"Toyota Motor Corporation, 1, Toyota-Cho, Toyota, Aichi, 471-8571, Japan",トヨタ自動車,True,1,company,False,True,False,False,True
c0a5f14be1a4,1,matsuyama|t,scopus,"Toyota Central R&D Labs., Inc.",豊田中央研究所,True,1,company,False,True,False,False,True
c0a5f14be1a4,2,narita|a,scopus,Tohoku University,,False,0,university,True,False,False,False,False
c0a5f14be1a4,3,takanashi|m,scopus,"Toyota Central R&D Labs., Inc.",豊田中央研究所,True,1,company,False,True,False,False,True
c0a5f14be1a4,4,kogure|m,scopus,Tohoku University,,False,0,university,True,False,False,False,False
c0a5f14be1a4,5,sato|s,scopus,"Toyota Central R&D Labs., Inc.",豊田中央研究所,True,1,company,False,True,False,False,True
c0a5f14be1a4,6,nakamura|t,scopus,Tohoku University,,False,0,university,True,False,False,False,False
c0a5f14be1a4,7,nakane|h,scopus,"Toyota Central R&D Labs., Inc.",豊田中央研究所,True,1,company,False,True,False,False,True
c0a5f14be1a4,8,ogishima|s,scopus,Tohoku University,,False,0,university,True,False,False,False,False
c0a5f14be1a4,9,nagami|f,scopus,Tohoku University,,False,0,university,True,False,False,False,False
c0a5f14be1a4,10,nakaya|n,scopus,Tohoku University,,False,0,university,True,False,False,False,False
c0a5f14be1a4,11,tanno|k,scopus,Iwate Medical University,,False,0,university,True,False,False,False,False
c0a5f14be1a4,12,imaeda|t,scopus,"Toyota Central R&D Labs., Inc.",豊田中央研究所,True,1,company,False,True,False,False,True
c0a5f14be1a4,13,hozawa|a,scopus,Tohoku University,,False,0,university,True,False,False,False,False
c1b40c48d343,1,ohta|s,scopus,"Toyota Central R&D Labs., Inc.",豊田中央研究所,True,1,company,False,True,False,False,True
c1b40c48d343,2,kihira|y,scopus,"Toyota Central R&D Labs., Inc.",豊田中央研究所,True,1,company,False,True,False,False,True
c1b40c48d343,3,asaoka|t,scopus,"Toyota Central R&D Labs., Inc.",豊田中央研究所,True,1,company,False,True,False,False,True
c2a9ceb6c91e,1,kimura|t,scopus,"Toyota Central R&D Labs., Inc.",豊田中央研究所,True,1,company,False,True,False,False,True
c2a9ceb6c91e,2,sato|s,scopus,"Toyota Central R&D Labs., Inc.",豊田中央研究所,True,1,company,False,True,False,False,True
c2a9ceb6c91e,3,kataoka|k,scopus,"Toyota Central R&D Labs., Inc.",豊田中央研究所,True,1,company,False,True,False,False,True
c2a9ceb6c91e,4,morikawa|t,scopus,"Toyota Central R&D Labs., Inc.",豊田中央研究所,True,1,company,False,True,False,False,True
c2a9ceb6c91e,5,nakamura|d,scopus,"Toyota Central R&D Labs., Inc.",豊田中央研究所,True,1,company,False,True,False,False,True
c34d0399d40e,1,yoshimune|w,scopus,"Toyota Central R&D Labs., Inc.",豊田中央研究所,True,1,company,False,True,False,False,True
c34d0399d40e,2,higuchi|y,scopus,"Toyota Central R&D Labs., Inc.",豊田中央研究所,True,1,company,False,True,False,False,True
c34d0399d40e,3,kato|a,scopus,"Toyota Central R&D Labs., Inc.",豊田中央研究所,True,1,company,False,True,False,False,True
c34d0399d40e,4,hibi|s,scopus,"Toyota Central R&D Labs., Inc.",豊田中央研究所,True,1,company,False,True,False,False,True
c34d0399d40e,5,yamaguchi|s,scopus,"Toyota Central R&D Labs., Inc.",豊田中央研究所,True,1,company,False,True,False,False,True
c34d0399d40e,6,matsumoto|y,scopus,Comprehensive Research Organization for Science and Society,,False,0,government,False,False,True,False,False
c34d0399d40e,7,hayashida|h,scopus,Comprehensive Research Organization for Science and Society,,False,0,government,False,False,True,False,False
c34d0399d40e,8,nozaki|h,scopus,"Toyota Central R&D Labs., Inc.",豊田中央研究所,True,1,company,False,True,False,False,True
c34d0399d40e,9,shinohara|t,scopus,Japan Atomic Energy Agency,,False,0,other,False,False,False,False,False
c34d0399d40e,10,kato|s,scopus,"Toyota Central R&D Labs., Inc.",豊田中央研究所,True,1,company,False,True,False,False,True
c3a3370af041,1,yamada|y,scopus,"Toyota Central R&D Labs., Inc.",豊田中央研究所,True,1,company,False,True,False,False,True
c3a3370af041,2,kondo|y,scopus,"Toyota Central R&D Labs., Inc.",豊田中央研究所,True,1,company,False,True,False,False,True
c3a3370af041,3,kondo|h,scopus,"Toyota Central R&D Labs., Inc.",豊田中央研究所,True,1,company,False,True,False,False,True
c4011f0156bb,1,funayama|k,openalex,"Toyota Central R&amp;D Labs., Inc.  Nagakute Aichi 480–1192 Japan",豊田中央研究所,True,1,company,False,True,False,False,True
c4011f0156bb,2,yatsugi|k,openalex,"Toyota Central R&amp;D Labs., Inc.  Nagakute Aichi 480–1192 Japan",豊田中央研究所,True,1,company,False,True,False,False,True
c4011f0156bb,3,tanaka|h,openalex,"Toyota Central R&amp;D Labs., Inc.  Nagakute Aichi 480–1192 Japan",豊田中央研究所,True,1,company,False,True,False,False,True
c4011f0156bb,4,iizuka|h,openalex,"Toyota Central R&amp;D Labs., Inc.  Nagakute Aichi 480–1192 Japan",豊田中央研究所,True,1,company,False,True,False,False,True
c409bfe590bc,1,inoue|d,scopus,"Toyota Central R&D Labs., Inc.",豊田中央研究所,True,1,company,False,True,False,False,True
c409bfe590bc,2,ichikawa|t,scopus,"Toyota Central R&D Labs., Inc.",豊田中央研究所,True,1,company,False,True,False,False,True
c409bfe590bc,3,kawasaki|a,scopus,"Toyota Central R&D Labs., Inc.",豊田中央研究所,True,1,company,False,True,False,False,True
c409bfe590bc,4,yamashita|t,scopus,"Toyota Central R&D Labs., Inc.",豊田中央研究所,True,1,company,False,True,False,False,True
c5d3c12f90bc,1,kato|n,scopus,"Toyota Central R&D Labs., Inc.",豊田中央研究所,True,1,company,False,True,False,False,True
c5d3c12f90bc,2,moribe|s,scopus,"Toyota Central R&D Labs., Inc.",豊田中央研究所,True,1,company,False,True,False,False,True
c5d3c12f90bc,3,shiozawa|m,scopus,"Toyota Central R&D Labs., Inc.",豊田中央研究所,True,1,company,False,True,False,False,True
c5d3c12f90bc,4,suzuki|r,scopus,"Toyota Central R&D Labs., Inc.",豊田中央研究所,True,1,company,False,True,False,False,True
c5d3c12f90bc,5,higuchi|k,scopus,"Toyota Central R&D Labs., Inc.",豊田中央研究所,True,1,company,False,True,False,False,True
c5d3c12f90bc,6,suzuki|a,scopus,"IMRA Japan Co., Ltd.",IMRA Japan,True,1,company,False,True,False,False,True
c5d3c12f90bc,7,sreenivasu|m,scopus,"IMRA Japan Co., Ltd.",IMRA Japan,True,1,company,False,True,False,False,True
c5d3c12f90bc,8,tsuchimoto|k,scopus,"IMRA Japan Co., Ltd.",IMRA Japan,True,1,company,False,True,False,False,True
c5d3c12f90bc,9,tatematsu|k,scopus,Aisin Corporation,アイシン,False,1,company,False,True,False,False,True
c5d3c12f90bc,10,mizumoto|k,scopus,Aisin Corporation,アイシン,False,1,company,False,True,False,False,True
c5d3c12f90bc,11,doi|s,scopus,Aisin Corporation,アイシン,False,1,company,False,True,False,False,True
c5d3c12f90bc,12,toyoda|t,scopus,Aisin Corporation,アイシン,False,1,company,False,True,False,False,True
cbb4826fbe11,1,sakamoto|n,scopus,"Toyota Central R&D Labs., Inc.",豊田中央研究所,True,1,company,False,True,False,False,True
cbb4826fbe11,2,sekizawa|k,scopus,"Toyota Central R&D Labs., Inc.",豊田中央研究所,True,1,company,False,True,False,False,True
cbb4826fbe11,3,shirai|s,scopus,"Toyota Central R&D Labs., Inc.",豊田中央研究所,True,1,company,False,True,False,False,True
cbb4826fbe11,4,nonaka|t,scopus,"Toyota Central R&D Labs., Inc.",豊田中央研究所,True,1,company,False,True,False,False,True
cbb4826fbe11,5,arai|t,scopus,"Toyota Central R&D Labs., Inc.",豊田中央研究所,True,1,company,False,True,False,False,True
cbb4826fbe11,6,sato|s,scopus,"Toyota Central R&D Labs., Inc.",豊田中央研究所,True,1,company,False,True,False,False,True
cbb4826fbe11,7,morikawa|t,scopus,"Toyota Central R&D Labs., Inc.",豊田中央研究所,True,1,company,False,True,False,False,True
ccfc3ebd75d1,1,matsui|t,scopus,"Toyota Central R&D Labs., Inc.",豊田中央研究所,True,1,company,False,True,False,False,True
ccfc3ebd75d1,2,matsumori|t,scopus,"Toyota Central R&D Labs., Inc.",豊田中央研究所,True,1,company,False,True,False,False,True
ccfc3ebd75d1,3,ito|y,scopus,"Toyota Central R&D Labs., Inc.",豊田中央研究所,True,1,company,False,True,False,False,True
ccfc3ebd75d1,4,hase|y,scopus,"Toyota Central R&D Labs., Inc.",豊田中央研究所,True,1,company,False,True,False,False,True
ccfc3ebd75d1,5,yoshida|h,scopus,The University of Osaka,,False,0,university,True,False,False,False,False
cda29d0f498b,1,tahara|k,scopus,"Toyota Central R&D Labs., Inc.",豊田中央研究所,True,1,company,False,True,False,False,True
cda29d0f498b,2,hirose|n,scopus,"Toyota Central R&D Labs., Inc.",豊田中央研究所,True,1,company,False,True,False,False,True
ce3127e45bf1,1,mahara|y,scopus,"Toyota Central R&D Labs., Inc.",豊田中央研究所,True,1,company,False,True,False,False,True
ce3127e45bf1,2,oka|h,scopus,"Toyota Central R&D Labs., Inc.",豊田中央研究所,True,1,company,False,True,False,False,True
ce3127e45bf1,3,nonaka|t,scopus,"Toyota Central R&D Labs., Inc.",豊田中央研究所,True,1,company,False,True,False,False,True
ce3127e45bf1,4,kosaka|s,scopus,"Toyota Central R&D Labs., Inc.",豊田中央研究所,True,1,company,False,True,False,False,True
ce3127e45bf1,5,takahashi|n,scopus,"Toyota Central R&D Labs., Inc.",豊田中央研究所,True,1,company,False,True,False,False,True
ce3127e45bf1,6,kondo|y,scopus,"Toyota Central R&D Labs., Inc.",豊田中央研究所,True,1,company,False,True,False,False,True
ce3127e45bf1,7,makimura|y,scopus,"Toyota Central R&D Labs., Inc.",豊田中央研究所,True,1,company,False,True,False,False,True
ce686dd841f8,1,oka|h,scopus,"Toyota Central R&D Labs., Inc.",豊田中央研究所,True,1,company,False,True,False,False,True
ce686dd841f8,2,setoyama|n,scopus,"Toyota Central R&D Labs., Inc.",豊田中央研究所,True,1,company,False,True,False,False,True
ce686dd841f8,3,matsuhara|s,scopus,Toyota Motor Corporation,トヨタ自動車,True,1,company,False,True,False,False,True
cf8efd0fc9a2,1,moriyasu|r,scopus,"Toyota Central R&D Labs., Inc.",豊田中央研究所,True,1,company,False,True,False,False,True
cf8efd0fc9a2,2,kawaguchi|s,scopus,Toyota Industries Corporation,豊田自動織機,False,1,company,False,True,False,False,True
cf8efd0fc9a2,3,kashima|k,scopus,Kyoto University,,False,0,university,True,False,False,False,False
cfdbb8a4e6ae,1,shima|r,scopus,"Toyota Central R&D Labs., Inc.",豊田中央研究所,True,1,company,False,True,False,False,True
cfdbb8a4e6ae,2,moriyasu|r,scopus,"Toyota Central R&D Labs., Inc.",豊田中央研究所,True,1,company,False,True,False,False,True
cfdbb8a4e6ae,3,kato|t,scopus,"Toyota Central R&D Labs., Inc.",豊田中央研究所,True,1,company,False,True,False,False,True
d14ed01e2220,1,tahara|k,scopus,"Toyota Central R&D Labs., Inc.",豊田中央研究所,True,1,company,False,True,False,False,True
d14ed01e2220,2,tamura|s,scopus,"Toyota Central R&D Labs., Inc.",豊田中央研究所,True,1,company,False,True,False,False,True
d14ed01e2220,3,toyama|h,scopus,"Toyota Central R&D Labs., Inc.",豊田中央研究所,True,1,company,False,True,False,False,True
d14ed01e2220,4,nakane|j,scopus,"Toyota Central R&D Labs., Inc.",豊田中央研究所,True,1,company,False,True,False,False,True
d14ed01e2220,5,kutsuki|k,scopus,"Toyota Central R&D Labs., Inc.",豊田中央研究所,True,1,company,False,True,False,False,True
d14ed01e2220,6,yamazaki|y,scopus,National Institutes for Quantum Science and Technology,,False,0,government,False,False,True,False,False
d14ed01e2220,7,ohshima|t,scopus,National Institutes for Quantum Science and Technology; Tohoku University,,False,0,government|university,True,False,True,False,False
d1611c0113d3,1,yatsugi|k,scopus,"Toyota Central R&D Labs., Inc.",豊田中央研究所,True,1,company,False,True,False,False,True
d1611c0113d3,2,oishi|k,scopus,"Toyota Central R&D Labs., Inc.",豊田中央研究所,True,1,company,False,True,False,False,True
d1611c0113d3,3,iizuka|h,scopus,Toyota Research Institute of North America,Toyota Research Institute,False,1,company,False,True,False,False,True
d27bbef63358,1,shibata|y,scopus,"Toyota Central R&D Labs., Inc.",豊田中央研究所,True,1,company,False,True,False,False,True
d27bbef63358,2,mikita|r,scopus,"Toyota Central R&D Labs., Inc.",豊田中央研究所,True,1,company,False,True,False,False,True
d27bbef63358,3,kondo|h,scopus,"Toyota Central R&D Labs., Inc.",豊田中央研究所,True,1,company,False,True,False,False,True
d2b6efef2403,1,bonnaud|p,scopus,"Toyota Central R&D Labs., Inc.",豊田中央研究所,True,1,company,False,True,False,False,True
d2b6efef2403,2,kinjo|t,scopus,"Toyota Central R&D Labs., Inc.",豊田中央研究所,True,1,company,False,True,False,False,True
d2b6efef2403,3,sato|n,scopus,"Toyota Central R&D Labs., Inc.",豊田中央研究所,True,1,company,False,True,False,False,True
d2b6efef2403,4,tohyama|m,scopus,"Toyota Central R&D Labs., Inc.",豊田中央研究所,True,1,company,False,True,False,False,True
d302e98b589f,1,inoue|d,scopus,"Toyota Central R&D Labs., Inc.",豊田中央研究所,True,1,company,False,True,False,False,True
d302e98b589f,2,yoshida|h,scopus,"Toyota Central R&D Labs., Inc.",豊田中央研究所,True,1,company,False,True,False,False,True
d322f98677a3,1,nagoya|a,scopus,"Toyota Central R&D Labs., Inc.",豊田中央研究所,True,1,company,False,True,False,False,True
d322f98677a3,2,tetsuka|h,scopus,"Toyota Central R&D Labs., Inc.",豊田中央研究所,True,1,company,False,True,False,False,True
d322f98677a3,3,ohba|n,scopus,"Toyota Central R&D Labs., Inc.",豊田中央研究所,True,1,company,False,True,False,False,True
d325ef8f3824,1,hirabayashi|s,scopus,"Toyota Central R&D Labs., Inc.",豊田中央研究所,True,1,company,False,True,False,False,True
d325ef8f3824,2,iwamoto|m,scopus,"Toyota Central R&D Labs., Inc.",豊田中央研究所,True,1,company,False,True,False,False,True
d3fad117f121,1,hase|y,scopus,"Toyota Central R&D Labs., Inc.",豊田中央研究所,True,1,company,False,True,False,False,True
d3fad117f121,2,nishioka|k,scopus,The University of Osaka,,False,0,university,True,False,False,False,False
d3fad117f121,3,komori|y,scopus,The University of Osaka,,False,0,university,True,False,False,False,False
d3fad117f121,4,kusumoto|t,scopus,The University of Osaka,,False,0,university,True,False,False,False,False
d3fad117f121,5,seki|j,scopus,"Toyota Central R&D Labs., Inc.",豊田中央研究所,True,1,company,False,True,False,False,True
d3fad117f121,6,kamiya|k,scopus,The University of Osaka,,False,0,university,True,False,False,False,False
d3fad117f121,7,nakanishi|s,scopus,The University of Osaka,,False,0,university,True,False,False,False,False
d4601430f98c,1,otaki|k,scopus,"Toyota Central R&D Labs., Inc.",豊田中央研究所,True,1,company,False,True,False,False,True
d4601430f98c,2,baba|y,scopus,The University of Tokyo,,False,0,university,True,False,False,False,False
d608d5ab506d,1,nakamura|d,scopus,"Toyota Central R&D Labs., Inc.",豊田中央研究所,True,1,company,False,True,False,False,True
d608d5ab506d,2,kimura|t,scopus,"Toyota Central R&D Labs., Inc.",豊田中央研究所,True,1,company,False,True,False,False,True
d608d5ab506d,3,itoh|k,scopus,"Toyota Central R&D Labs., Inc.",豊田中央研究所,True,1,company,False,True,False,False,True
d608d5ab506d,4,fujimoto|n,scopus,Nagoya University,,False,0,university,True,False,False,False,False
d608d5ab506d,5,nitta|s,scopus,Nagoya University,,False,0,university,True,False,False,False,False
d608d5ab506d,6,amano|h,scopus,Nagoya University,,False,0,university,True,False,False,False,False
d72d70819bab,1,yoshimune|w,scopus,"Toyota Central R&D Labs., Inc.",豊田中央研究所,True,1,company,False,True,False,False,True
d72d70819bab,2,kato|a,scopus,"Toyota Central R&D Labs., Inc.",豊田中央研究所,True,1,company,False,True,False,False,True
d72d70819bab,3,hayakawa|t,scopus,"Toyota Central R&D Labs., Inc.",豊田中央研究所,True,1,company,False,True,False,False,True
d72d70819bab,4,yamaguchi|s,scopus,"Toyota Central R&D Labs., Inc.",豊田中央研究所,True,1,company,False,True,False,False,True
d72d70819bab,5,kato|s,scopus,"Toyota Central R&D Labs., Inc.",豊田中央研究所,True,1,company,False,True,False,False,True
d88090b1aef1,1,lee|j,scopus,"Toyota Central R&D Labs., Inc.",豊田中央研究所,True,1,company,False,True,False,False,True
d88090b1aef1,2,oba|j,scopus,"Toyota Central R&D Labs., Inc.",豊田中央研究所,True,1,company,False,True,False,False,True
d88090b1aef1,3,ohba|n,scopus,"Toyota Central R&D Labs., Inc.",豊田中央研究所,True,1,company,False,True,False,False,True
d88090b1aef1,4,kajita|s,scopus,"Toyota Central R&D Labs., Inc.",豊田中央研究所,True,1,company,False,True,False,False,True
d91a49dff2bf,1,ito|s,scopus,"Toyota Central R&D Labs., Inc.",豊田中央研究所,True,1,company,False,True,False,False,True
d91a49dff2bf,2,soga|m,scopus,"Toyota Central R&D Labs., Inc.",豊田中央研究所,True,1,company,False,True,False,False,True
d91a49dff2bf,3,hiratsuka|s,scopus,"Toyota Central R&D Labs., Inc.",豊田中央研究所,True,1,company,False,True,False,False,True
d91a49dff2bf,4,matsubara|h,scopus,"Toyota Central R&D Labs., Inc.",豊田中央研究所,True,1,company,False,True,False,False,True
d91a49dff2bf,5,ogawa|m,scopus,"Toyota Central R&D Labs., Inc.",豊田中央研究所,True,1,company,False,True,False,False,True
da52c0e0b2a1,1,mahara|y,scopus,"Toyota Central R&D Labs., Inc.",豊田中央研究所,True,1,company,False,True,False,False,True
da52c0e0b2a1,2,nagasako|n,scopus,"Toyota Central R&D Labs., Inc.",豊田中央研究所,True,1,company,False,True,False,False,True
da52c0e0b2a1,3,oka|h,scopus,"Toyota Central R&D Labs., Inc.",豊田中央研究所,True,1,company,False,True,False,False,True
da52c0e0b2a1,4,kondo|y,scopus,"Toyota Central R&D Labs., Inc.",豊田中央研究所,True,1,company,False,True,False,False,True
da52c0e0b2a1,5,kosaka|s,scopus,"Toyota Central R&D Labs., Inc.",豊田中央研究所,True,1,company,False,True,False,False,True
da52c0e0b2a1,6,nakano|h,scopus,"Toyota Central R&D Labs., Inc.",豊田中央研究所,True,1,company,False,True,False,False,True
da52c0e0b2a1,7,nonaka|t,scopus,"Toyota Central R&D Labs., Inc.",豊田中央研究所,True,1,company,False,True,False,False,True
da52c0e0b2a1,8,makimura|y,scopus,"Toyota Central R&D Labs., Inc.",豊田中央研究所,True,1,company,False,True,False,False,True
daae6a5ceea7,1,makino|h,scopus,"Toyota Central R&D Labs., Inc.",豊田中央研究所,True,1,company,False,True,False,False,True
daae6a5ceea7,2,ohama|y,scopus,"Toyota Central R&D Labs., Inc.",豊田中央研究所,True,1,company,False,True,False,False,True
daae6a5ceea7,3,ito|s,scopus,"Toyota Central R&D Labs., Inc.",豊田中央研究所,True,1,company,False,True,False,False,True
dcf8cef46b88,1,shigetoh|k,openalex,"Toyota Central R&D Labs., Inc., 41-1 Yokomichi, Nagakute, Aichi, 480-1192, Japan",豊田中央研究所,True,1,company,False,True,False,False,True
dcf8cef46b88,2,hirata|y,openalex,"Toyota Central R&D Labs., Inc., 41-1 Yokomichi, Nagakute, Aichi, 480-1192, Japan",豊田中央研究所,True,1,company,False,True,False,False,True
dcf8cef46b88,3,muramoto|n,openalex,"Toyota Central R&D Labs., Inc., 41-1 Yokomichi, Nagakute, Aichi, 480-1192, Japan",豊田中央研究所,True,1,company,False,True,False,False,True
dcf8cef46b88,4,ishida|n,openalex,"Toyota Central R&D Labs., Inc., 41-1 Yokomichi, Nagakute, Aichi, 480-1192, Japan",豊田中央研究所,True,1,company,False,True,False,False,True
dd4f7d4b20f2,1,takeshita|t,openalex,"Toyota Central R&D Labs., Inc., 41-1 Yokomichi, Nagakute, Aichi 480-1192, Japan",豊田中央研究所,True,1,company,False,True,False,False,True
dd4f7d4b20f2,2,yano|k,openalex,"Toyota Central R&D Labs., Inc., 41-1 Yokomichi, Nagakute, Aichi 480-1192, Japan",豊田中央研究所,True,1,company,False,True,False,False,True
dd4f7d4b20f2,3,kodama|k,openalex,"Toyota Central R&D Labs., Inc., 41-1 Yokomichi, Nagakute, Aichi 480-1192, Japan",豊田中央研究所,True,1,company,False,True,False,False,True
dd7bb73849f9,1,ota|e,scopus,"Toyota Central R&D Labs., Inc.",豊田中央研究所,True,1,company,False,True,False,False,True
dd7bb73849f9,2,yogo|y,scopus,"Toyota Central R&D Labs., Inc.",豊田中央研究所,True,1,company,False,True,False,False,True
dd7bb73849f9,3,iwata|n,scopus,"Toyota Central R&D Labs., Inc.",豊田中央研究所,True,1,company,False,True,False,False,True
dd7bb73849f9,4,nishigaki|h,scopus,"Toyota Central R&D Labs., Inc.",豊田中央研究所,True,1,company,False,True,False,False,True
df50988911f4,1,kinoshita|m,scopus,"Toyota Central R&D Labs., Inc.",豊田中央研究所,True,1,company,False,True,False,False,True
df50988911f4,2,fuyuto|t,scopus,"Toyota Central R&D Labs., Inc.",豊田中央研究所,True,1,company,False,True,False,False,True
df50988911f4,3,akatsuka|h,scopus,Institute of Science Tokyo,,False,0,other,False,False,False,False,False
dfe6285a2ec4,1,horiba|t,scopus,"Toyota Central R&D Labs., Inc.",豊田中央研究所,True,1,company,False,True,False,False,True
dfe6285a2ec4,2,shirai|s,scopus,"Toyota Central R&D Labs., Inc.",豊田中央研究所,True,1,company,False,True,False,False,True
dfe6285a2ec4,3,hirai|h,scopus,"Toyota Central R&D Labs., Inc.",豊田中央研究所,True,1,company,False,True,False,False,True
e053f4e24d79,1,taguchi|s,scopus,"Toyota Central R&D Labs., Inc.",豊田中央研究所,True,1,company,False,True,False,False,True
e053f4e24d79,2,yoshimura|t,scopus,"Toyota Central R&D Labs., Inc.",豊田中央研究所,True,1,company,False,True,False,False,True
e060b98a7df3,1,moriyasu|r,openalex,"Toyota Central R&D Labs., Inc., 41-1, Yokomichi, Nagakute, Aichi, 480-1192, Japan",豊田中央研究所,True,1,company,False,True,False,False,True
e060b98a7df3,2,nojiri|s,scopus,"Toyota Central R&D Labs., Inc.",豊田中央研究所,True,1,company,False,True,False,False,True
e060b98a7df3,3,matsunaga|a,scopus,Toyota Motor Corporation,トヨタ自動車,True,1,company,False,True,False,False,True
e060b98a7df3,4,nakamura|t,scopus,Toyota Motor Corporation,トヨタ自動車,True,1,company,False,True,False,False,True
e060b98a7df3,5,jimbo|t,scopus,"Toyota Central R&D Labs., Inc.",豊田中央研究所,True,1,company,False,True,False,False,True
e0e14d9230bf,1,mikita|r,scopus,"Toyota Central R&D Labs., Inc.",豊田中央研究所,True,1,company,False,True,False,False,True
e0e14d9230bf,2,suzumura|a,scopus,"Toyota Central R&D Labs., Inc.",豊田中央研究所,True,1,company,False,True,False,False,True
e0e14d9230bf,3,kondo|h,scopus,"Toyota Central R&D Labs., Inc.",豊田中央研究所,True,1,company,False,True,False,False,True
e128f7cc0549,1,mori|d,scopus,"Toyota Central R&D Labs., Inc.",豊田中央研究所,True,1,company,False,True,False,False,True
e128f7cc0549,2,kamekawa|m,scopus,"Toyota Central R&D Labs., Inc.",豊田中央研究所,True,1,company,False,True,False,False,True
e128f7cc0549,3,fujieda|n,scopus,"Toyota Central R&D Labs., Inc.",豊田中央研究所,True,1,company,False,True,False,False,True
e128f7cc0549,4,mizuno|y,scopus,"Toyota Central R&D Labs., Inc.",豊田中央研究所,True,1,company,False,True,False,False,True
e1db59ff2223,1,koike|m,scopus,"Toyota Central R&D Labs., Inc.",豊田中央研究所,True,1,company,False,True,False,False,True
e1db59ff2223,2,suzuoki|t,scopus,"Toyota Central R&D Labs., Inc.",豊田中央研究所,True,1,company,False,True,False,False,True
e2f184676ee7,1,nakamura|d,scopus,"Toyota Central R&D Labs., Inc.",豊田中央研究所,True,1,company,False,True,False,False,True
e2f184676ee7,2,nakano|h,scopus,"Toyota Central R&D Labs., Inc.",豊田中央研究所,True,1,company,False,True,False,False,True
e3bce6b850ba,1,murase|m,scopus,"Toyota Central R&D Labs., Inc.",豊田中央研究所,True,1,company,False,True,False,False,True
e3bce6b850ba,2,sakamoto|n,scopus,"Toyota Central R&D Labs., Inc.",豊田中央研究所,True,1,company,False,True,False,False,True
e3bce6b850ba,3,uyama|t,scopus,"Toyota Central R&D Labs., Inc.",豊田中央研究所,True,1,company,False,True,False,False,True
e3bce6b850ba,4,nonaka|t,scopus,"Toyota Central R&D Labs., Inc.",豊田中央研究所,True,1,company,False,True,False,False,True
e3bce6b850ba,5,ohashi|m,scopus,"Toyota Central R&D Labs., Inc.",豊田中央研究所,True,1,company,False,True,False,False,True
e3bce6b850ba,6,sato|s,scopus,"Toyota Central R&D Labs., Inc.",豊田中央研究所,True,1,company,False,True,False,False,True
e3bce6b850ba,7,arai|t,scopus,"Toyota Central R&D Labs., Inc.",豊田中央研究所,True,1,company,False,True,False,False,True
e3bce6b850ba,8,itoh|t,scopus,Toyota Physical and Chemical Research Institute,,False,0,other,False,False,False,False,True
e412e60bed4c,1,kajita|s,scopus,"Toyota Central R&D Labs., Inc.",豊田中央研究所,True,1,company,False,True,False,False,True
e412e60bed4c,2,ohba|n,scopus,"Toyota Central R&D Labs., Inc.",豊田中央研究所,True,1,company,False,True,False,False,True
e412e60bed4c,3,suzumura|a,scopus,"Toyota Central R&D Labs., Inc.",豊田中央研究所,True,1,company,False,True,False,False,True
e412e60bed4c,4,tajima|s,scopus,"Toyota Central R&D Labs., Inc.",豊田中央研究所,True,1,company,False,True,False,False,True
e412e60bed4c,5,asahi|r,scopus,"Toyota Central R&D Labs., Inc.",豊田中央研究所,True,1,company,False,True,False,False,True
e5082d83466d,1,oka|n,scopus,"Toyota Central R&D Labs., Inc.",豊田中央研究所,True,1,company,False,True,False,False,True
e5082d83466d,2,iwai|k,scopus,"Toyota Central R&D Labs., Inc.",豊田中央研究所,True,1,company,False,True,False,False,True
e5082d83466d,3,sakai|h,scopus,"Toyota Central R&D Labs., Inc.",豊田中央研究所,True,1,company,False,True,False,False,True
e5ccfdc37bf7,1,satoh|t,scopus,"Toyota Central R&D Labs., Inc.",豊田中央研究所,True,1,company,False,True,False,False,True
e5ccfdc37bf7,2,usui|m,scopus,"Toyota Central R&D Labs., Inc.",豊田中央研究所,True,1,company,False,True,False,False,True
e60ed3dfaed8,1,lee|j,scopus,"Toyota Central R&D Labs., Inc.",豊田中央研究所,True,1,company,False,True,False,False,True
e60ed3dfaed8,2,ohba|n,scopus,"Toyota Central R&D Labs., Inc.",豊田中央研究所,True,1,company,False,True,False,False,True
e60ed3dfaed8,3,asahi|r,scopus,"Toyota Central R&D Labs., Inc.",豊田中央研究所,True,1,company,False,True,False,False,True
e62ab6049d3f,1,nishi|t,scopus,"Toyota Central R&D Labs., Inc.",豊田中央研究所,True,1,company,False,True,False,False,True
e62ab6049d3f,2,otaki|k,scopus,"Toyota Central R&D Labs., Inc.",豊田中央研究所,True,1,company,False,True,False,False,True
e62ab6049d3f,3,okoso|a,scopus,"Toyota Central R&D Labs., Inc.",豊田中央研究所,True,1,company,False,True,False,False,True
e62ab6049d3f,4,fukunaga|a,scopus,The University of Tokyo,,False,0,university,True,False,False,False,False
e768b5a29265,1,isomura|n,scopus,"Toyota Central R&D Labs., Inc.",豊田中央研究所,True,1,company,False,True,False,False,True
e768b5a29265,2,kosaka|s,scopus,"Toyota Central R&D Labs., Inc.",豊田中央研究所,True,1,company,False,True,False,False,True
e768b5a29265,3,takahashi|n,scopus,"Toyota Central R&D Labs., Inc.",豊田中央研究所,True,1,company,False,True,False,False,True
e7dd77198c20,1,kawano|k,scopus,Toyota Central Rd Labs. Inc.,豊田中央研究所,True,1,company,False,True,False,False,True
e7dd77198c20,2,kutsuna|t,scopus,Toyota Central Rd Labs. Inc.,豊田中央研究所,True,1,company,False,True,False,False,True
e7dd77198c20,3,koide|s,scopus,Toyota Central Rd Labs. Inc.,豊田中央研究所,True,1,company,False,True,False,False,True
e7dd86304107,1,beniya|a,scopus,"Toyota Central R&D Labs., Inc.",豊田中央研究所,True,1,company,False,True,False,False,True
e7dd86304107,2,miwa|k,scopus,"Toyota Central R&D Labs., Inc.",豊田中央研究所,True,1,company,False,True,False,False,True
e7dd86304107,3,hirata|h,scopus,Toyota Motor Corporation,トヨタ自動車,True,1,company,False,True,False,False,True
e7dd86304107,4,watanabe|y,scopus,"Toyota Central R&D Labs., Inc.",豊田中央研究所,True,1,company,False,True,False,False,True
e7dd86304107,5,higashi|s,scopus,"Toyota Central R&D Labs., Inc.",豊田中央研究所,True,1,company,False,True,False,False,True
e8d00ca7dc08,1,atsumi|n,scopus,"Toyota Central R&D Labs., Inc.",豊田中央研究所,True,1,company,False,True,False,False,True
e8d00ca7dc08,2,iwamoto|m,scopus,"Toyota Central R&D Labs., Inc.",豊田中央研究所,True,1,company,False,True,False,False,True
e8d00ca7dc08,3,nakahira|y,scopus,"Toyota Central R&D Labs., Inc.",豊田中央研究所,True,1,company,False,True,False,False,True
e8d00ca7dc08,4,asano|y,scopus,Kizawa Memorial Hospital; Graduate School of Medicine,,False,0,hospital|university,True,False,False,True,False
e8d00ca7dc08,5,shinoda|j,scopus,Kizawa Memorial Hospital; Graduate School of Medicine,,False,0,hospital|university,True,False,False,True,False
e8e2ae16d950,1,kawaura|h,scopus,"Toyota Central R&D Labs., Inc.",豊田中央研究所,True,1,company,False,True,False,False,True
e8e2ae16d950,2,harada|m,scopus,"Toyota Central R&D Labs., Inc.",豊田中央研究所,True,1,company,False,True,False,False,True
e8e2ae16d950,3,kondo|y,scopus,"Toyota Central R&D Labs., Inc.",豊田中央研究所,True,1,company,False,True,False,False,True
e8e2ae16d950,4,mizutani|m,scopus,"Toyota Central R&D Labs., Inc.",豊田中央研究所,True,1,company,False,True,False,False,True
e8e2ae16d950,5,takahashi|n,scopus,"Toyota Central R&D Labs., Inc.",豊田中央研究所,True,1,company,False,True,False,False,True
e8e2ae16d950,6,yamada|n,scopus,"High Energy Accelerator Research Organization, Institute of Materials Structure Science",,False,0,government,False,False,True,False,False
e9cf2137cf5d,1,kataoka|r,scopus,"Toyota Central R&D Labs., Inc.",豊田中央研究所,True,1,company,False,True,False,False,True
e9cf2137cf5d,2,ogimoto|k,scopus,Institute of Industrial Science,,False,0,other,False,False,False,False,False
e9cf2137cf5d,3,iwafune|y,scopus,Institute of Industrial Science,,False,0,other,False,False,False,False,False
e9cf2137cf5d,4,nishi|t,scopus,"Toyota Central R&D Labs., Inc.",豊田中央研究所,True,1,company,False,True,False,False,True
ea1a7d98c912,1,himiyama|t,scopus,"Toyota Central R&D Labs., Inc.",豊田中央研究所,True,1,company,False,True,False,False,True
ea1a7d98c912,2,waki|m,scopus,"Toyota Central R&D Labs., Inc.",豊田中央研究所,True,1,company,False,True,False,False,True
ea1a7d98c912,3,esquivel|d,scopus,Universidad de Córdoba,,False,0,other,False,False,False,False,False
ea1a7d98c912,4,onoda|a,scopus,The University of Osaka,,False,0,university,True,False,False,False,False
ea1a7d98c912,5,hayashi|t,scopus,The University of Osaka,,False,0,university,True,False,False,False,False
ea1a7d98c912,6,voort|p,openalex,"COMOC Department of Inorganic and Physical Chemistry Ghent University  Ghent B-9000 Belgium; COMOC Department of Inorganic and Physical Chemistry, Ghent University, Ghent, B-9000 Belgium",,False,0,university,True,False,False,False,False
ea1a7d98c912,7,inagaki|s,scopus,"Toyota Central R&D Labs., Inc.",豊田中央研究所,True,1,company,False,True,False,False,True
eac5f0a591c1,1,tahara|k,scopus,"Toyota Central R&D Labs., Inc.",豊田中央研究所,True,1,company,False,True,False,False,True
eac5f0a591c1,2,ishikawa|k,scopus,"Toyota Central R&D Labs., Inc.",豊田中央研究所,True,1,company,False,True,False,False,True
eac5f0a591c1,3,ishigaki|m,scopus,"Toyota Central R&D Labs., Inc.",豊田中央研究所,True,1,company,False,True,False,False,True
eb1807302f31,1,morikawa|t,scopus,"Toyota Central R&D Labs., Inc.",豊田中央研究所,True,1,company,False,True,False,False,True
eb1807302f31,2,sato|s,scopus,"Toyota Central R&D Labs., Inc.",豊田中央研究所,True,1,company,False,True,False,False,True
eb1807302f31,3,sekizawa|k,scopus,"Toyota Central R&D Labs., Inc.",豊田中央研究所,True,1,company,False,True,False,False,True
eb1807302f31,4,suzuki|t,scopus,"Toyota Central R&D Labs., Inc.",豊田中央研究所,True,1,company,False,True,False,False,True
eb1807302f31,5,arai|t,scopus,"Toyota Central R&D Labs., Inc.",豊田中央研究所,True,1,company,False,True,False,False,True
eb1d1e40510a,1,funayama|k,scopus,"Toyota Central R&D Labs., Inc.; Nagoya University",豊田中央研究所,True,1,company|university,True,True,False,False,True
eb1d1e40510a,2,tanaka|h,scopus,"Toyota Central R&D Labs., Inc.",豊田中央研究所,True,1,company,False,True,False,False,True
eb1d1e40510a,3,hirotani|j,scopus,Nagoya University,,False,0,university,True,False,False,False,False
eb1d1e40510a,4,shimaoka|k,scopus,"Toyota Central R&D Labs., Inc.",豊田中央研究所,True,1,company,False,True,False,False,True
eb1d1e40510a,5,ohno|y,scopus,Nagoya University,,False,0,university,True,False,False,False,False
eb1d1e40510a,6,tadokoro|y,scopus,"Toyota Central R&D Labs., Inc.",豊田中央研究所,True,1,company,False,True,False,False,True
eb213b555142,1,owaki|t,scopus,"Toyota Central R&D Labs., Inc.",豊田中央研究所,True,1,company,False,True,False,False,True
eb213b555142,2,machida|t,scopus,"Toyota Central R&D Labs., Inc.",豊田中央研究所,True,1,company,False,True,False,False,True
ebba26c7a70a,1,miyagawa|h,scopus,"Toyota Central R&D Labs., Inc.",豊田中央研究所,True,1,company,False,True,False,False,True
ebba26c7a70a,2,suzuoki|t,scopus,"Toyota Central R&D Labs., Inc.",豊田中央研究所,True,1,company,False,True,False,False,True
ebba26c7a70a,3,nakatani|n,scopus,Toyota Industries Corporation,豊田自動織機,False,1,company,False,True,False,False,True
ebba26c7a70a,4,homma|t,scopus,Toyota Industries Corporation,豊田自動織機,False,1,company,False,True,False,False,True
ebba26c7a70a,5,takeuchi|y,scopus,Toyota Industries Corporation,豊田自動織機,False,1,company,False,True,False,False,True
ebbae55688d7,1,lee|j,scopus,"Toyota Central R&D Labs., Inc.",豊田中央研究所,True,1,company,False,True,False,False,True
ebbae55688d7,2,ohba|n,scopus,"Toyota Central R&D Labs., Inc.",豊田中央研究所,True,1,company,False,True,False,False,True
ebbae55688d7,3,asahi|r,scopus,"Toyota Central R&D Labs., Inc.",豊田中央研究所,True,1,company,False,True,False,False,True
ec00b36d914f,1,kataoka|k,scopus,"Toyota Central R&D Labs., Inc.",豊田中央研究所,True,1,company,False,True,False,False,True
ec00b36d914f,2,narita|t,scopus,"Toyota Central R&D Labs., Inc.",豊田中央研究所,True,1,company,False,True,False,False,True
ec00b36d914f,3,nagata|k,scopus,"Toyoda Gosei Co., Ltd.; TS Opto Co. Ltd.",,False,0,company,False,True,False,False,False
ec00b36d914f,4,makino|h,scopus,"Toyoda Gosei Co., Ltd.",,False,0,company,False,True,False,False,False
ec00b36d914f,5,saito|y,scopus,"Toyoda Gosei Co., Ltd.; TS Opto Co. Ltd.",,False,0,company,False,True,False,False,False
ecd3e5253c09,1,ozaki|t,scopus,"Toyota Central R&D Labs., Inc.",豊田中央研究所,True,1,company,False,True,False,False,True
ecd3e5253c09,2,ohta|n,scopus,"Toyota Central R&D Labs., Inc.",豊田中央研究所,True,1,company,False,True,False,False,True
ecd3e5253c09,3,jimbo|t,scopus,"Toyota Central R&D Labs., Inc.",豊田中央研究所,True,1,company,False,True,False,False,True
ecd3e5253c09,4,hamaguchi|k,scopus,"Toyota Central R&D Labs., Inc.",豊田中央研究所,True,1,company,False,True,False,False,True
ed377f142b71,1,goto|y,scopus,"Toyota Central R&D Labs., Inc.",豊田中央研究所,True,1,company,False,True,False,False,True
ed377f142b71,2,yamanaka|k,scopus,"Toyota Central R&D Labs., Inc.",豊田中央研究所,True,1,company,False,True,False,False,True
ed377f142b71,3,ohashi|m,scopus,"Toyota Central R&D Labs., Inc.",豊田中央研究所,True,1,company,False,True,False,False,True
ed377f142b71,4,maegawa|y,scopus,"Toyota Central R&D Labs., Inc.",豊田中央研究所,True,1,company,False,True,False,False,True
ed377f142b71,5,inagaki|s,scopus,"Toyota Central R&D Labs., Inc.",豊田中央研究所,True,1,company,False,True,False,False,True
ed5cf7c6c731,1,shima|r,,,,False,0,,False,False,False,False,False
ed5cf7c6c731,2,ito|y,,,,False,0,,False,False,False,False,False
ed5cf7c6c731,3,miyano|t,,,,False,0,,False,False,False,False,False
ee7b59b50794,1,,,,,False,0,,False,False,False,False,False
ee7b59b50794,2,,,,,False,0,,False,False,False,False,False
ee7b59b50794,3,,,,,False,0,,False,False,False,False,False
ee7b59b50794,4,,,,,False,0,,False,False,False,False,False
ee7b59b50794,5,,,,,False,0,,False,False,False,False,False
eecedac52fc4,1,katsuno|t,scopus,"Toyota Central R&D Labs., Inc.",豊田中央研究所,True,1,company,False,True,False,False,True
eecedac52fc4,2,manaka|t,scopus,Institute of Science Tokyo,,False,0,other,False,False,False,False,False
eecedac52fc4,3,soejima|n,scopus,"Toyota Central R&D Labs., Inc.",豊田中央研究所,True,1,company,False,True,False,False,True
eecedac52fc4,4,ishikawa|t,scopus,"Toyota Central R&D Labs., Inc.",豊田中央研究所,True,1,company,False,True,False,False,True
eecedac52fc4,5,iwamoto|m,scopus,Institute of Science Tokyo,,False,0,other,False,False,False,False,False
ef8dc54a432c,1,shibata|k,scopus,"Toyota Central R&D Labs., Inc.; Nara Institute of Science and Technology",豊田中央研究所,True,1,company|other,False,True,False,False,True
ef8dc54a432c,2,jimbo|t,scopus,"Toyota Central R&D Labs., Inc.",豊田中央研究所,True,1,company,False,True,False,False,True
ef8dc54a432c,3,matsubara|t,scopus,Nara Institute of Science and Technology,,False,0,other,False,False,False,False,False
efbd8be53d77,1,takeda|y,scopus,"Toyota Central R&D Labs., Inc.",豊田中央研究所,True,1,company,False,True,False,False,True
f0fb901e4d31,1,hamasaki|t,scopus,"Toyota Central R&D Labs., Inc.",豊田中央研究所,True,1,company,False,True,False,False,True
f0fb901e4d31,2,yamada|d,scopus,"Toyota Central R&D Labs., Inc.",豊田中央研究所,True,1,company,False,True,False,False,True
f17ee3b0314c,1,kohda|k,scopus,Toyota Motor Corporation,トヨタ自動車,True,1,company,False,True,False,False,True
f17ee3b0314c,2,li|x,scopus,Toyota Motor Corporation,トヨタ自動車,True,1,company,False,True,False,False,True
f17ee3b0314c,3,soga|n,scopus,Toyota Motor Corporation,トヨタ自動車,True,1,company,False,True,False,False,True
f17ee3b0314c,4,nagura|r,scopus,Toyota Motor Corporation,トヨタ自動車,True,1,company,False,True,False,False,True
f17ee3b0314c,5,duerna|t,scopus,Graduate School of Medicine,,False,0,university,True,False,False,False,False
f17ee3b0314c,6,nakajima|s,scopus,Graduate School of Medicine,,False,0,university,True,False,False,False,False
f17ee3b0314c,7,nakagawa|i,scopus,Graduate School of Medicine,,False,0,university,True,False,False,False,False
f17ee3b0314c,8,ito|m,scopus,Toyota Motor Corporation,トヨタ自動車,True,1,company,False,True,False,False,True
f17ee3b0314c,9,ikeuchi|a,scopus,Toyota Motor Corporation,トヨタ自動車,True,1,company,False,True,False,False,True
f23efac3ac9c,1,ogihara|n,scopus,"Toyota Central R&D Labs., Inc.",豊田中央研究所,True,1,company,False,True,False,False,True
f23efac3ac9c,2,itou|y,scopus,"Toyota Central R&D Labs., Inc.",豊田中央研究所,True,1,company,False,True,False,False,True
f23efac3ac9c,3,kawauchi|s,scopus,"Toyota Central R&D Labs., Inc.",豊田中央研究所,True,1,company,False,True,False,False,True
f3e11bf7d10e,1,tomota|t,scopus,"Toyota Central R&D Labs., Inc.; Kyushu University",豊田中央研究所,True,1,company|university,True,True,False,False,True
f3e11bf7d10e,2,masuda|r,scopus,"Toyota Central R&D Labs., Inc.",豊田中央研究所,True,1,company,False,True,False,False,True
f3e11bf7d10e,3,kondoh|y,scopus,"Toyota Central R&D Labs., Inc.",豊田中央研究所,True,1,company,False,True,False,False,True
f3e11bf7d10e,4,ohmori|t,scopus,"Toyota Central R&D Labs., Inc.",豊田中央研究所,True,1,company,False,True,False,False,True
f3e11bf7d10e,5,yagi|k,scopus,Kyushu University,,False,0,university,True,False,False,False,False
f59b11f8bac6,1,tokuhiro|k,scopus,"Toyota Central R&D Labs., Inc.",豊田中央研究所,True,1,company,False,True,False,False,True
f59b11f8bac6,2,sugimoto|h,scopus,"Toyota Central R&D Labs., Inc.",豊田中央研究所,True,1,company,False,True,False,False,True
f59b11f8bac6,3,ikeuchi|a,scopus,"Toyota Central R&D Labs., Inc.",豊田中央研究所,True,1,company,False,True,False,False,True
f59b11f8bac6,4,tsujie|t,scopus,Minami Aoyama,,False,0,other,False,False,False,False,False
f59b11f8bac6,5,wada|e,scopus,Ltd.,,False,0,company,False,True,False,False,False
f59b11f8bac6,6,muramatsu|m,scopus,Toyota Motor Corporation,トヨタ自動車,True,1,company,False,True,False,False,True
f59b11f8bac6,7,ohto|c,scopus,Toyota Motor Corporation,トヨタ自動車,True,1,company,False,True,False,False,True
f6526e5a6118,1,matsuyama|t,scopus,"Toyota Central R&D Labs., Inc.",豊田中央研究所,True,1,company,False,True,False,False,True
f796cd0e0eff,1,makino|h,scopus,"Toyota Central R&D Labs., Inc.",豊田中央研究所,True,1,company,False,True,False,False,True
f796cd0e0eff,2,ito|s,scopus,"Toyota Central R&D Labs., Inc.",豊田中央研究所,True,1,company,False,True,False,False,True
f8e7fa4fef81,1,kugimoto|k,openalex,"Department of Micro-Nano Mechanical Science and Engineering, Nagoya University, Furo-cho, Chikusa, Nagoya, Aichi 464-8603, Japan; Toyota Central R&D Labs., Inc., 41-1 Yokomichi, Nagakute, Aichi 480-1192, Japan",豊田中央研究所,True,1,university|company,True,True,False,False,True
f8e7fa4fef81,2,hirota|y,openalex,"Toyota Central R&D Labs., Inc., 41-1 Yokomichi, Nagakute, Aichi 480-1192, Japan",豊田中央研究所,True,1,company,False,True,False,False,True
f8e7fa4fef81,3,yamauchi|t,openalex,"Toyota Central R&D Labs., Inc., 41-1 Yokomichi, Nagakute, Aichi 480-1192, Japan",豊田中央研究所,True,1,company,False,True,False,False,True
f8e7fa4fef81,4,yamaguchi|h,openalex,"Department of Micro-Nano Mechanical Science and Engineering, Nagoya University, Furo-cho, Chikusa, Nagoya, Aichi 464-8603, Japan",,False,0,university,True,False,False,False,False
f8e7fa4fef81,5,niimi|t,openalex,"Department of Micro-Nano Mechanical Science and Engineering, Nagoya University, Furo-cho, Chikusa, Nagoya, Aichi 464-8603, Japan",,False,0,university,True,False,False,False,False
f9298abe7a2b,1,sato|s,scopus,"Toyota Central R&D Labs., Inc.",豊田中央研究所,True,1,company,False,True,False,False,True
f9298abe7a2b,2,sekizawa|k,scopus,"Toyota Central R&D Labs., Inc.",豊田中央研究所,True,1,company,False,True,False,False,True
f9298abe7a2b,3,shirai|s,scopus,"Toyota Central R&D Labs., Inc.",豊田中央研究所,True,1,company,False,True,False,False,True
f9298abe7a2b,4,sakamoto|n,scopus,"Toyota Central R&D Labs., Inc.",豊田中央研究所,True,1,company,False,True,False,False,True
f9298abe7a2b,5,morikawa|t,scopus,"Toyota Central R&D Labs., Inc.",豊田中央研究所,True,1,company,False,True,False,False,True
f9574c4ea78c,1,hosokawa|y,scopus,"Toyota Central R&D Labs., Inc.",豊田中央研究所,True,1,company,False,True,False,False,True
f9574c4ea78c,2,kajiya|s,scopus,"Toyota Central R&D Labs., Inc.",豊田中央研究所,True,1,company,False,True,False,False,True
f9574c4ea78c,3,ohshima|a,scopus,"Toyota Central R&D Labs., Inc.",豊田中央研究所,True,1,company,False,True,False,False,True
f9574c4ea78c,4,ishida|n,scopus,"Toyota Central R&D Labs., Inc.",豊田中央研究所,True,1,company,False,True,False,False,True
f9574c4ea78c,5,washio|m,scopus,Waseda University,,False,0,university,True,False,False,False,False
f9574c4ea78c,6,usuki|a,scopus,"Toyota Central R&D Labs., Inc.; Research Institute for Sustainable Humanosphere",豊田中央研究所,True,1,company|other,False,True,False,False,True
f9809bf7d1f6,1,funayama|k,scopus,"Toyota Central R&D Labs., Inc.",豊田中央研究所,True,1,company,False,True,False,False,True
f9809bf7d1f6,2,yatsugi|k,scopus,"Toyota Central R&D Labs., Inc.",豊田中央研究所,True,1,company,False,True,False,False,True
f9809bf7d1f6,3,iizuka|h,scopus,"Toyota Central R&D Labs., Inc.",豊田中央研究所,True,1,company,False,True,False,False,True
f98c15486acf,1,shiga|t,scopus,"Toyota Central R&D Labs., Inc.",豊田中央研究所,True,1,company,False,True,False,False,True
f98c15486acf,2,kondo|h,scopus,"Toyota Central R&D Labs., Inc.",豊田中央研究所,True,1,company,False,True,False,False,True
f98c15486acf,3,kato|y,scopus,"Toyota Central R&D Labs., Inc.",豊田中央研究所,True,1,company,False,True,False,False,True
fa69d608af2b,1,fuyuto|t,scopus,"Toyota Central R&D Labs., Inc.",豊田中央研究所,True,1,company,False,True,False,False,True
fa69d608af2b,2,taki|m,scopus,"Toyota Central R&D Labs., Inc.",豊田中央研究所,True,1,company,False,True,False,False,True
faf402990b3c,1,nishimura|y,scopus,"Toyota Central R&D Labs., Inc.",豊田中央研究所,True,1,company,False,True,False,False,True
faf402990b3c,2,kondo|y,scopus,"Toyota Central R&D Labs., Inc.",豊田中央研究所,True,1,company,False,True,False,False,True
faf402990b3c,3,oka|h,scopus,"Toyota Central R&D Labs., Inc.",豊田中央研究所,True,1,company,False,True,False,False,True
fb60971e4891,1,hirano|m,scopus,"Harvard Medical School; Toyota Motor North America, Inc.",Toyota Motor North America,False,1,other|company,False,True,False,False,True
fb60971e4891,2,huang|y,scopus,"Harvard Medical School; Institute of Blood Transfusion,Chinese Academy of Medical Sciences& Peking Union Medical College",,False,0,other|university,True,False,False,False,False
fb60971e4891,3,jarquin|d,scopus,Harvard Medical School; Tecnológico de Monterrey,,False,0,other,False,False,False,False,False
fb60971e4891,4,hern ndez|r,openalex,"Division of Engineering in Medicine, Department of Medicine, Harvard Medical School, Brigham Women's Hospital, Cambridge, MA 02139, United States of America; Instituto Tecnológico y de Estudios Superiores de Monterrey, Av. Eugenio Garza Sada 2501 Sur, Tecnológico, 64849 Monterrey, NL, Mexico",,False,0,hospital|other,False,False,False,True,False
fb60971e4891,5,jodat|y,scopus,Harvard Medical School,,False,0,other,False,False,False,False,False
fb60971e4891,6,cer n|e,scopus,Harvard Medical School; Tecnológico de Monterrey,,False,0,other,False,False,False,False,False
fb60971e4891,7,garc a rivera|l,scopus,Harvard Medical School; Tecnológico de Monterrey,,False,0,other,False,False,False,False,False
fb60971e4891,8,shin|s,scopus,Harvard Medical School,,False,0,other,False,False,False,False,False
fb7ca8fb5298,1,tanaka|h,scopus,Department of Medicine,,False,0,other,False,False,False,False,False
fb7ca8fb5298,2,kreisberg|j,scopus,Department of Medicine,,False,0,other,False,False,False,False,False
fb7ca8fb5298,3,ideker|t,scopus,Department of Medicine,,False,0,other,False,False,False,False,False
fb8db110b12d,1,bonnaud|p,scopus,"Toyota Central R&D Labs., Inc.",豊田中央研究所,True,1,company,False,True,False,False,True
fb8db110b12d,2,moritani|h,scopus,"Toyota Central R&D Labs., Inc.",豊田中央研究所,True,1,company,False,True,False,False,True
fb8db110b12d,3,kinjo|t,scopus,"Toyota Central R&D Labs., Inc.",豊田中央研究所,True,1,company,False,True,False,False,True
fb8db110b12d,4,sato|n,scopus,"Toyota Central R&D Labs., Inc.",豊田中央研究所,True,1,company,False,True,False,False,True
fb8db110b12d,5,tohyama|m,scopus,"Toyota Central R&D Labs., Inc.",豊田中央研究所,True,1,company,False,True,False,False,True
fc21db55464c,1,dong|f,scopus,"Toyota Central R&D Labs., Inc.",豊田中央研究所,True,1,company,False,True,False,False,True
fc21db55464c,2,tanabe|t,scopus,"Toyota Central R&D Labs., Inc.",豊田中央研究所,True,1,company,False,True,False,False,True
fc21db55464c,3,takahashi|n,scopus,"Toyota Central R&D Labs., Inc.",豊田中央研究所,True,1,company,False,True,False,False,True
fc21db55464c,4,shinjoh|h,scopus,"Toyota Central R&D Labs., Inc.",豊田中央研究所,True,1,company,False,True,False,False,True
fc2ab5b81e32,1,okoso|a,scopus,"Toyota Central R&D Labs., Inc.",豊田中央研究所,True,1,company,False,True,False,False,True
fc2ab5b81e32,2,otaki|k,scopus,"Toyota Central R&D Labs., Inc.",豊田中央研究所,True,1,company,False,True,False,False,True
fc2ab5b81e32,3,nishi|t,scopus,"Toyota Central R&D Labs., Inc.",豊田中央研究所,True,1,company,False,True,False,False,True
fc84ee0d99af,1,nobunaga|t,scopus,"Toyota Central R&D Labs., Inc.",豊田中央研究所,True,1,company,False,True,False,False,True
fc84ee0d99af,2,tanaka|h,scopus,"Toyota Central R&D Labs., Inc.",豊田中央研究所,True,1,company,False,True,False,False,True
fc84ee0d99af,3,tadokoro|y,scopus,"Toyota Central R&D Labs., Inc.",豊田中央研究所,True,1,company,False,True,False,False,True
fcaf1a5dfe25,1,morikawa|t,scopus,"Toyota Central R&D Labs., Inc.; Tokyo University of Science",豊田中央研究所,True,1,company|university,True,True,False,False,True
fcaf1a5dfe25,2,suzuki|t,scopus,"Toyota Central R&D Labs., Inc.",豊田中央研究所,True,1,company,False,True,False,False,True
fcaf1a5dfe25,3,yamaguchi|y,scopus,Tokyo University of Science,,False,0,university,True,False,False,False,False
fcaf1a5dfe25,4,kudo|a,scopus,Tokyo University of Science,,False,0,university,True,False,False,False,False
fd5af67ca365,1,hayakawa|k,scopus,"Toyota Central R&D Labs., Inc.",豊田中央研究所,True,1,company,False,True,False,False,True
fd5af67ca365,2,chikaraishi|m,scopus,Hiroshima University,,False,0,university,True,False,False,False,False
fd6f17d55ed0,1,sakamoto|n,scopus,"Toyota Central R&D Labs., Inc.",豊田中央研究所,True,1,company,False,True,False,False,True
fd6f17d55ed0,2,nishimura|y,scopus,"Toyota Central R&D Labs., Inc.",豊田中央研究所,True,1,company,False,True,False,False,True
fd6f17d55ed0,3,nonaka|t,scopus,"Toyota Central R&D Labs., Inc.",豊田中央研究所,True,1,company,False,True,False,False,True
fd6f17d55ed0,4,ohashi|m,scopus,"Toyota Central R&D Labs., Inc.",豊田中央研究所,True,1,company,False,True,False,False,True
fd6f17d55ed0,5,ishida|n,scopus,"Toyota Central R&D Labs., Inc.",豊田中央研究所,True,1,company,False,True,False,False,True
fd6f17d55ed0,6,kitazumi|k,scopus,"Toyota Central R&D Labs., Inc.",豊田中央研究所,True,1,company,False,True,False,False,True
fd6f17d55ed0,7,kato|y,scopus,"Toyota Central R&D Labs., Inc.",豊田中央研究所,True,1,company,False,True,False,False,True
fd6f17d55ed0,8,sekizawa|k,scopus,"Toyota Central R&D Labs., Inc.",豊田中央研究所,True,1,company,False,True,False,False,True
fd6f17d55ed0,9,morikawa|t,scopus,"Toyota Central R&D Labs., Inc.",豊田中央研究所,True,1,company,False,True,False,False,True
fd6f17d55ed0,10,arai|t,scopus,"Toyota Central R&D Labs., Inc.",豊田中央研究所,True,1,company,False,True,False,False,True
fdcffd044b77,1,hatanaka|t,scopus,"Toyota Central R&D Labs., Inc.",豊田中央研究所,True,1,company,False,True,False,False,True
fdcffd044b77,2,kikkawa|n,scopus,"Toyota Central R&D Labs., Inc.",豊田中央研究所,True,1,company,False,True,False,False,True
fdcffd044b77,3,matsugami|a,scopus,RIKEN SPring-8 Center,,False,0,government,False,False,True,False,False
fdcffd044b77,4,hosokawa|y,scopus,"Toyota Central R&D Labs., Inc.",豊田中央研究所,True,1,company,False,True,False,False,True
fdcffd044b77,5,hayashi|f,scopus,RIKEN SPring-8 Center,,False,0,government,False,False,True,False,False
fdcffd044b77,6,ishida|n,scopus,"Toyota Central R&D Labs., Inc.",豊田中央研究所,True,1,company,False,True,False,False,True
fdd8a9a5bf43,1,sakashita|m,scopus,The University of Osaka,,False,0,university,True,False,False,False,False
fdd8a9a5bf43,2,yamasaki|s,scopus,The University of Osaka,,False,0,university,True,False,False,False,False
fdd8a9a5bf43,3,yaji|k,scopus,The University of Osaka,,False,0,university,True,False,False,False,False
fdd8a9a5bf43,4,kawamoto|a,scopus,"Toyota Central R&D Labs., Inc.",豊田中央研究所,True,1,company,False,True,False,False,True
fdd8a9a5bf43,5,kondo|s,scopus,The University of Osaka,,False,0,university,True,False,False,False,False
febbaa675cd6,1,muramoto|n,scopus,"Toyota Central R&D Labs., Inc.",豊田中央研究所,True,1,company,False,True,False,False,True
febbaa675cd6,2,oda|a,scopus,"Toyota Central R&D Labs., Inc.; The University of Tokyo",豊田中央研究所,True,1,company|university,True,True,False,False,True
febbaa675cd6,3,tanaka|h,scopus,"Toyota Central R&D Labs., Inc.",豊田中央研究所,True,1,company,False,True,False,False,True
febbaa675cd6,4,nakamura|t,scopus,The University of Tokyo,,False,0,university,True,False,False,False,False
febbaa675cd6,5,kugou|k,scopus,The University of Tokyo; Kazusa DNA Research Institute,,False,0,university|other,True,False,False,False,False
febbaa675cd6,6,suda|k,scopus,The University of Tokyo,,False,0,university,True,False,False,False,False
febbaa675cd6,7,kobayashi|a,scopus,The University of Tokyo,,False,0,university,True,False,False,False,False
febbaa675cd6,8,yoneda|s,scopus,The University of Tokyo,,False,0,university,True,False,False,False,False
febbaa675cd6,9,ikeuchi|a,scopus,"Toyota Central R&D Labs., Inc.",豊田中央研究所,True,1,company,False,True,False,False,True
febbaa675cd6,10,sugimoto|h,scopus,"Toyota Central R&D Labs., Inc.",豊田中央研究所,True,1,company,False,True,False,False,True
febbaa675cd6,11,kondo|s,scopus,Toyota Motor Corporation,トヨタ自動車,True,1,company,False,True,False,False,True
febbaa675cd6,12,ohto|c,scopus,Toyota Motor Corporation,トヨタ自動車,True,1,company,False,True,False,False,True
febbaa675cd6,13,shibata|t,scopus,Riken,,False,0,government,False,False,True,False,False
febbaa675cd6,14,mitsukawa|n,scopus,"Toyota Central R&D Labs., Inc.",豊田中央研究所,True,1,company,False,True,False,False,True
febbaa675cd6,15,ohta|k,scopus,The University of Tokyo,,False,0,university,True,False,False,False,False
fee21d31f697,1,ishikawa|k,scopus,"Toyota Central R&D Labs., Inc.",豊田中央研究所,True,1,company,False,True,False,False,True
fee21d31f697,2,usuki|t,scopus,"Toyota Central R&D Labs., Inc.",豊田中央研究所,True,1,company,False,True,False,False,True
fee21d31f697,3,komagata|s,scopus,"Toyota Central R&D Labs., Inc.",豊田中央研究所,True,1,company,False,True,False,False,True
fee21d31f697,4,morimoto|r,scopus,"Toyota Central R&D Labs., Inc.",豊田中央研究所,True,1,company,False,True,False,False,True
fee21d31f697,5,ishigaki|m,scopus,"Toyota Central R&D Labs., Inc.",豊田中央研究所,True,1,company,False,True,False,False,True
ff2d17396f3b,1,sato|y,scopus,"Toyota Central R&D Labs., Inc.",豊田中央研究所,True,1,company,False,True,False,False,True
ff2d17396f3b,2,kone|s,scopus,"Toyota Central R&D Labs., Inc.",豊田中央研究所,True,1,company,False,True,False,False,True
ff2d17396f3b,3,oba|j,scopus,"Toyota Central R&D Labs., Inc.",豊田中央研究所,True,1,company,False,True,False,False,True
ff2d17396f3b,4,yatsugi|k,scopus,"Toyota Central R&D Labs., Inc.",豊田中央研究所,True,1,company,False,True,False,False,True
