paper_uid,paperid,source_org,year_openalex,type,ss_year,ss_doctype,ss_is_retracted,ss_reference_count,ss_citation_count,ss_c5,ss_c10,ss_disruption,ss_conventionality,ss_novelty,ss_atyp_pairs,ss_sleeping_beauty,ss_team_size,ss_institution_count,ss_patent_count
025329be2f96,W2051723858,AISIN IMRA(日本・aisin.com),2015.0,article,2015.0,article,False,13.0,3.0,3.0,3.0,-0.00045433893684688776,207.70766516534925,12.923447058672885,21,1.5,3.0,3.0,0.0
070b47e118ec,W2134395847,AISIN IMRA(日本・aisin.com),2011.0,article,2011.0,article,False,29.0,4.0,4.0,4.0,-0.00013689253935660506,85.19167771102708,8.139081986437274,120,0.0,5.0,1.0,0.0
0cb5ea330cbb,W2091242066,AISIN IMRA(日本・aisin.com),2008.0,article,2008.0,article,False,37.0,4.0,4.0,4.0,-0.0011283497884344146,40.54784817923141,-24.851909629749116,190,0.5,9.0,2.0,0.0
12a9a39144c1,W4320476346,AISIN IMRA(日本・aisin.com),2023.0,article,2023.0,article,False,16.0,6.0,6.0,6.0,0.0,11334.126839748715,11334.126839748715,1,0.0,6.0,3.0,0.0
17e701b729d3,W2004321806,AISIN IMRA(日本・aisin.com),2005.0,article,2005.0,article,False,38.0,7.0,4.0,5.0,-0.00035107076583579917,213.03441708532532,53.20743538736076,66,0.0,5.0,2.0,0.0
230c7d6c0e31,W4414176555,AISIN IMRA(日本・aisin.com),2025.0,article,,,,,,,,,,,,,,,
2389d6e7b9fe,W4320018383,AISIN IMRA(日本・aisin.com),2023.0,article,2023.0,article,False,7.0,0.0,0.0,0.0,0.0,157.81690806307236,24.558208473915105,15,,0.0,0.0,0.0
2cfb4180b387,W2787139622,AISIN IMRA(日本・aisin.com),2018.0,article,2018.0,article,False,29.0,22.0,20.0,22.0,-0.003024886566753747,201.78328390973303,23.494412006835685,91,0.0,9.0,1.0,0.0
31784b84dcd9,W4412965160,AISIN IMRA(日本・aisin.com),2025.0,article,,,,,,,,,,,,,,,
35324f645852,W3139329743,AISIN IMRA(日本・aisin.com),2021.0,article,2021.0,article,False,54.0,6.0,6.0,6.0,-0.00028625954198473283,161.21444193234615,-0.9464189466215587,406,0.0,4.0,1.0,0.0
3624008ea75c,W3080715543,AISIN IMRA(日本・aisin.com),2020.0,article,2020.0,article,False,20.0,12.0,12.0,12.0,-0.00029394473838918284,388.16275891570655,40.70874802870977,66,0.0,10.0,2.0,0.0
369182d11651,W4283369536,AISIN IMRA(日本・aisin.com),2022.0,article,2022.0,article,False,35.0,7.0,7.0,7.0,-8.648723448419014e-05,497.55620516346164,116.78999790547816,136,0.0,11.0,2.0,0.0
399c62c60b72,W2132560043,AISIN IMRA(日本・aisin.com),2011.0,article,2011.0,article,False,33.0,3.0,2.0,2.0,3.047479734259767e-05,88.64299025864987,6.250012959365607,210,0.0,8.0,2.0,0.0
3a657746996c,W2072590192,AISIN IMRA(日本・aisin.com),2011.0,article,2011.0,article,False,38.0,25.0,19.0,24.0,-0.00027134364439182024,90.49897159150615,-8.42546558716216,253,0.0,8.0,1.0,0.0
3be7c4e77b95,W2087759536,AISIN IMRA(日本・aisin.com),2013.0,article,2013.0,article,False,40.0,18.0,17.0,18.0,-5.643598301841271e-06,324.0217418939084,43.86988405745388,231,0.0,7.0,2.0,0.0
3d700028390d,W2085917239,AISIN IMRA(日本・aisin.com),2005.0,article,2005.0,article,False,57.0,410.0,144.0,298.0,-8.58340393275962e-05,189.76736616553077,29.001490757638877,190,0.8114652014652012,11.0,2.0,9.0
3ff1a2b6712e,W2095437783,AISIN IMRA(日本・aisin.com),2009.0,article,2009.0,article,False,9.0,9.0,2.0,4.0,-0.00411522633744856,155.0542158367992,56.92715677888772,15,13.0,3.0,3.0,1.0
4501228b76d0,W2552161059,AISIN IMRA(日本・aisin.com),2012.0,article,2012.0,article,False,27.0,24.0,14.0,22.0,0.0008067769261799112,33.462827755629014,-18.5391094601987,105,0.0,8.0,5.0,0.0
46de8cd4a6be,W2064854978,AISIN IMRA(日本・aisin.com),2004.0,article,2004.0,article,False,5.0,1.0,0.0,1.0,0.020833333333333332,435.91071351332994,431.9253178401095,1,0.0,1.0,1.0,0.0
4878d337b081,W7124437320,AISIN IMRA(日本・aisin.com),2026.0,conference-paper,,,,,,,,,,,,,,,
4b5fbbf57346,W2053222609,AISIN IMRA(日本・aisin.com),2006.0,article,2006.0,article,False,25.0,340.0,150.0,274.0,-0.007069408740359897,104.26874897321305,3.10682001431508,91,-0.002673796791443847,11.0,3.0,21.0
4e1bc421b023,W2407850561,AISIN IMRA(日本・aisin.com),2016.0,article,2016.0,article,False,32.0,77.0,61.0,77.0,-0.0027110140001618517,253.09123581515124,8.862114539738574,136,-0.36607142857142866,10.0,2.0,0.0
54bf4613559e,W4410798893,AISIN IMRA(日本・aisin.com),2025.0,article,,,,,,,,,,,,,,,
5503e4f7dfb2,W2027919758,AISIN IMRA(日本・aisin.com),2011.0,article,2011.0,article,False,27.0,23.0,15.0,22.0,-6.577845121154234e-06,42.73345360166003,-0.35883853091424933,153,0.0,7.0,2.0,0.0
56ab75b62dd3,W34653674,AISIN IMRA(日本・aisin.com),2004.0,article,2004.0,article,False,0.0,0.0,0.0,0.0,0.0,,,,,0.0,0.0,0.0
58b63b16623f,W2980988643,AISIN IMRA(日本・aisin.com),2019.0,article,,,,,,,,,,,,,,,
59cf6843c915,W3081863494,AISIN IMRA(日本・aisin.com),2020.0,article,2020.0,article,False,21.0,2.0,2.0,2.0,0.0,174.51488355485742,-1.1221650639724394,120,0.0,12.0,2.0,0.0
5be9396c98ab,W2037315596,AISIN IMRA(日本・aisin.com),2011.0,article,2011.0,article,False,36.0,17.0,12.0,16.0,-2.7017044281321535e-06,103.08770730674996,7.1217204472407145,210,0.0,8.0,2.0,1.0
5d12aa09c7f9,W2088283543,AISIN IMRA(日本・aisin.com),2011.0,article,2011.0,article,False,25.0,35.0,19.0,30.0,-6.591277955742283e-06,50.04432594459437,-1.3071634619318002,78,3.8166666666666664,6.0,1.0,0.0
5ea500536453,W2914551589,AISIN IMRA(日本・aisin.com),2019.0,article,2019.0,article,False,49.0,19.0,19.0,19.0,-0.0017574692442882249,304.3222252953857,4.075620412235945,231,0.0,8.0,1.0,0.0
620cfcc9aab5,W2883411115,AISIN IMRA(日本・aisin.com),2018.0,article,2018.0,article,False,37.0,4.0,4.0,4.0,-6.805730425017866e-05,229.47422971141273,20.466319747372598,136,0.0,7.0,1.0,0.0
65d7ae4e565c,W2095530163,AISIN IMRA(日本・aisin.com),2004.0,preprint,2004.0,article,False,14.0,8.0,5.0,6.0,-0.0025380710659898475,152.14903955808234,37.574677394633156,21,0.5,4.0,1.0,0.0
66640bfaa5c2,W2899245046,AISIN IMRA(日本・aisin.com),2018.0,article,2018.0,article,False,24.0,20.0,18.0,20.0,-0.0015987210231814548,144.7211209748443,8.9123055160375,105,0.0,12.0,2.0,0.0
6b50834cd8e3,W2167837504,AISIN IMRA(日本・aisin.com),2010.0,article,2010.0,article,False,12.0,5.0,2.0,5.0,-0.000547645125958379,178.87281115870812,44.40400131804648,15,0.0,2.0,3.0,0.0
6bc07324fa56,W2948147767,AISIN IMRA(日本・aisin.com),2019.0,article,,,,,,,,,,,,,,,
7000e6cffc55,W4323667716,AISIN IMRA(日本・aisin.com),2023.0,article,2023.0,article,False,34.0,9.0,9.0,9.0,-0.004874651810584958,498.97881494438286,95.91030232866328,136,0.0,3.0,1.0,0.0
7092e633df0d,W2156865345,AISIN IMRA(日本・aisin.com),2006.0,article,2006.0,article,False,22.0,53.0,15.0,31.0,-0.003601108033240997,170.5937461992847,23.728108210022494,66,8.690476190476192,3.0,4.0,36.0
7115b529d2e8,W2027382113,AISIN IMRA(日本・aisin.com),2005.0,article,2005.0,article,False,10.0,1.0,0.0,1.0,3.5814053434567724e-05,774.7494288535329,273.8579856726059,3,0.0,1.0,1.0,0.0
74a274aea889,W4360619556,AISIN IMRA(日本・aisin.com),2023.0,article,2023.0,article,False,51.0,3.0,3.0,3.0,-6.821592614489063e-05,317.2127779007246,11.506461816018724,325,0.0,4.0,1.0,0.0
75b7a62816c6,W4211056779,AISIN IMRA(日本・aisin.com),2022.0,conference-paper,2022.0,article,False,8.0,0.0,0.0,0.0,0.0,78.01387024261314,-41.32662400221161,15,,0.0,0.0,0.0
7d4d22b5226f,W4392644777,AISIN IMRA(日本・aisin.com),2024.0,article,2024.0,article,False,62.0,5.0,5.0,5.0,-0.000407000407000407,31.8082639534753,-8.314299903195025,903,0.0,5.0,2.0,0.0
7e70f9aa21b2,W3193809359,AISIN IMRA(日本・aisin.com),2021.0,article,2021.0,article,False,27.0,10.0,10.0,10.0,-0.005945303210463734,186.80704504707518,17.03354286311254,120,0.5,12.0,3.0,0.0
82de53fe58e5,W2727620014,AISIN IMRA(日本・aisin.com),2017.0,article,2017.0,article,False,32.0,9.0,7.0,9.0,-2.47903152501756e-05,129.72192714435113,4.70623005523329,120,0.0,11.0,1.0,0.0
848bce5662d4,W4389886486,AISIN IMRA(日本・aisin.com),2023.0,article,2023.0,article,False,35.0,2.0,2.0,2.0,-0.0010256410256410256,49.3455311231652,-10.82881027639956,325,0.0,5.0,1.0,0.0
853b21f8f5a3,W2290799182,AISIN IMRA(日本・aisin.com),2016.0,article,2016.0,article,False,24.0,254.0,173.0,254.0,-0.002206880941602535,172.56386468843274,9.683046677015927,91,0.22727272727272727,10.0,2.0,0.0
8a2242a7cabb,W2109198249,AISIN IMRA(日本・aisin.com),2011.0,article,2011.0,article,False,28.0,25.0,22.0,25.0,-8.10982400909536e-06,203.19544822312363,26.062742638759243,136,0.0,11.0,2.0,0.0
8a7d15106cd7,W2048703965,AISIN IMRA(日本・aisin.com),2005.0,article,2005.0,article,False,29.0,52.0,20.0,36.0,0.007042253521126761,363.16981335098404,4.009251620079725,66,5.029166666666667,1.0,1.0,35.0
8d0baa6811a4,W3134665544,AISIN IMRA(日本・aisin.com),2021.0,article,2021.0,article,False,55.0,2.0,2.0,2.0,0.000354735721887194,25.05093388513057,-53.164624439843834,351,0.0,3.0,2.0,0.0
8e123337385d,W2078827253,AISIN IMRA(日本・aisin.com),2011.0,article,2011.0,article,False,33.0,14.0,5.0,11.0,-0.00016493485073396007,94.6902841592655,0.18169639062821027,136,0.0,6.0,1.0,0.0
91abded8809b,W4200422723,AISIN IMRA(日本・aisin.com),2021.0,article,2021.0,article,False,28.0,1.0,1.0,1.0,-9.706853038245001e-06,107.02785224885022,13.786232655678798,136,0.0,9.0,1.0,0.0
931ba4a1bd27,W4386761670,AISIN IMRA(日本・aisin.com),2023.0,article,2023.0,article,False,30.0,1.0,1.0,1.0,-0.00013559322033898305,132.36265010710417,13.015663448944998,105,0.0,9.0,1.0,0.0
955d72de2df6,W4408729027,AISIN IMRA(日本・aisin.com),2025.0,article,,,,,,,,,,,,,,,
9b37f0f8cf85,W4288038407,AISIN IMRA(日本・aisin.com),2022.0,article,2022.0,article,False,19.0,1.0,1.0,1.0,-0.0003244646333549643,113.75594453875331,18.43994834024178,66,0.0,8.0,1.0,0.0
a00c47d2a0a7,W2402011585,AISIN IMRA(日本・aisin.com),2006.0,article,2006.0,article,False,71.0,8.0,0.0,2.0,-0.00035437430786268,143.328448751111,0.9951227022774749,351,13.0,6.0,3.0,0.0
a07af36ee29a,W4315705585,AISIN IMRA(日本・aisin.com),2023.0,article,2023.0,article,False,38.0,0.0,0.0,0.0,0.0,368.592384517751,24.5660490772451,210,,0.0,0.0,0.0
a5678f00dcfb,W3166887568,AISIN IMRA(日本・aisin.com),2021.0,article,2021.0,article,False,31.0,6.0,6.0,6.0,-2.66844563042028e-05,540.5047247678257,55.69512460801967,105,0.0,12.0,2.0,0.0
a607b9af8630,W2099003491,AISIN IMRA(日本・aisin.com),2012.0,article,2012.0,article,False,28.0,18.0,10.0,16.0,-0.0008968609865470852,4.4294398739028535,-25.57657673700034,171,0.0,6.0,4.0,0.0
a6302d08bc70,W3197425957,AISIN IMRA(日本・aisin.com),2021.0,article,2021.0,article,False,39.0,17.0,17.0,17.0,-0.016229712858926344,381.5139611361403,20.73499540752811,171,0.2,11.0,3.0,0.0
a8042ac2cc4c,W2553892836,AISIN IMRA(日本・aisin.com),2016.0,article,2016.0,article,False,44.0,6.0,6.0,6.0,-0.0006709158000670916,220.6569147689515,-18.49949511837273,300,0.0,4.0,2.0,0.0
a8cacb8a650c,W1969521002,AISIN IMRA(日本・aisin.com),2011.0,article,2011.0,article,False,30.0,27.0,19.0,23.0,-8.135700383075264e-06,198.83006976996865,27.52731049804493,153,0.0,5.0,1.0,2.0
a91e05d6544d,W4413134122,AISIN IMRA(日本・aisin.com),2025.0,article,,,,,,,,,,,,,,,
ab48e902e881,W3126686073,AISIN IMRA(日本・aisin.com),2021.0,article,2021.0,article,False,46.0,7.0,7.0,7.0,-0.0003748125937031484,290.20756767188567,29.734238295115617,153,1.5,9.0,1.0,0.0
ad90d790c9d8,W4386003140,AISIN IMRA(日本・aisin.com),2023.0,article,2023.0,article,False,31.0,5.0,5.0,5.0,-0.0012953367875647669,175.27685857900119,4.577013635959839,136,0.0,7.0,1.0,0.0
adce50423e8a,W2021350894,AISIN IMRA(日本・aisin.com),2007.0,article,2007.0,article,False,5.0,1.0,0.0,0.0,0.034482758620689655,651.9966918641542,54.06038808667561,6,0.0,2.0,1.0,0.0
b024e6ffda17,W1999608536,AISIN IMRA(日本・aisin.com),2011.0,article,2011.0,article,False,42.0,44.0,35.0,43.0,-1.2839122770712904e-05,83.22268376265131,0.36646507518404275,300,-0.5416666666666666,10.0,2.0,0.0
b2782d95e10c,W2149614387,AISIN IMRA(日本・aisin.com),2006.0,article,2006.0,article,False,30.0,59.0,22.0,44.0,-0.0007174763348531488,50.64490975157872,-13.277302625757557,231,0.8666666666666667,3.0,1.0,1.0
b68c11ed7d50,W1975938606,AISIN IMRA(日本・aisin.com),2012.0,article,2012.0,article,False,28.0,2.0,2.0,2.0,0.0,437.7839716355658,22.42942390360727,78,0.0,4.0,1.0,0.0
b6c429dd1a94,W3212287534,AISIN IMRA(日本・aisin.com),2021.0,article,2021.0,article,False,27.0,8.0,8.0,8.0,-8.013676674858425e-05,260.3878216188397,16.113706578818725,120,0.0,11.0,2.0,0.0
bb9d728e9ad2,W2053537346,AISIN IMRA(日本・aisin.com),2007.0,article,2007.0,article,False,15.0,1.0,1.0,1.0,0.0003083564600678384,536.7904614396978,7.992714567142272,10,0.0,4.0,1.0,0.0
bc536ccccd39,W3082783730,AISIN IMRA(日本・aisin.com),2020.0,article,2020.0,article,False,26.0,3.0,3.0,3.0,0.00028153153153153153,9.072826867321265,-41.791300745498646,190,0.0,3.0,2.0,0.0
c257d70b8717,W2026694947,AISIN IMRA(日本・aisin.com),2007.0,article,2007.0,article,False,9.0,15.0,1.0,8.0,-0.008174386920980926,183.8984361410751,11.708015152565155,15,4.7,2.0,1.0,3.0
cefee6d1f84d,W3215391064,AISIN IMRA(日本・aisin.com),2021.0,article,2021.0,article,False,30.0,10.0,10.0,10.0,0.00021510002151000216,197.70961051524552,17.37222953125095,136,1.0,4.0,1.0,0.0
d7e466fe9b68,W3155804136,AISIN IMRA(日本・aisin.com),2021.0,article,2021.0,article,False,35.0,23.0,23.0,23.0,0.0022606382978723402,33.0,-6.441214952430813,253,0.0,8.0,2.0,0.0
d8d23728bf47,W4322731449,AISIN IMRA(日本・aisin.com),2023.0,conference-paper,2023.0,article,False,8.0,1.0,1.0,1.0,-0.0011614401858304297,,,,0.0,5.0,1.0,0.0
e165cf6e3e93,W2462662853,AISIN IMRA(日本・aisin.com),2016.0,article,2016.0,article,False,40.0,36.0,31.0,36.0,-0.0009437523593808985,312.17547749546924,12.537331213810164,300,0.0,11.0,5.0,0.0
e17bcf32ce5e,W2900239400,AISIN IMRA(日本・aisin.com),2018.0,article,2018.0,article,False,26.0,4.0,3.0,4.0,-0.000474158368895211,183.41192174910802,23.494412006835685,78,0.0,8.0,1.0,0.0
e2975bb03fa9,W2982535948,AISIN IMRA(日本・aisin.com),2019.0,article,2019.0,article,False,44.0,5.0,5.0,5.0,-4.752083788741363e-05,301.67618193134297,20.73395632791103,136,0.0,11.0,1.0,0.0
e8fa643c1acd,W4410851824,AISIN IMRA(日本・aisin.com),2025.0,article,,,,,,,,,,,,,,,
e9ac119e8dae,W2106629363,AISIN IMRA(日本・aisin.com),2004.0,article,2004.0,article,False,26.0,15.0,9.0,13.0,-0.0018181818181818182,188.43757195648084,12.495250123137724,91,1.0,1.0,1.0,2.0
ed3d3fcd7d15,W2938247778,AISIN IMRA(日本・aisin.com),2019.0,article,2019.0,article,False,31.0,61.0,61.0,61.0,-0.008363201911589008,53.10391632143349,-26.694119804885375,171,0.2,5.0,6.0,1.0
eda00a147ef4,W2136372718,AISIN IMRA(日本・aisin.com),2006.0,article,2006.0,article,False,18.0,4.0,2.0,4.0,-0.025806451612903226,296.98875953297915,44.13020401319344,36,0.0,2.0,1.0,2.0
edb94f886caa,W2760496482,AISIN IMRA(日本・aisin.com),2017.0,article,2017.0,article,False,50.0,69.0,54.0,69.0,0.0004685037693257805,433.9855477131546,45.3366393934385,171,0.9551136363636363,11.0,2.0,63.0
f093823fb012,W2046750153,AISIN IMRA(日本・aisin.com),2014.0,article,2014.0,article,False,30.0,42.0,23.0,42.0,0.000903954802259887,14.86075860687952,-22.533443824022193,153,0.5,7.0,5.0,0.0
fe9a90b31b7e,W4409423374,AISIN IMRA(日本・aisin.com),2025.0,article,,,,,,,,,,,,,,,
02f27c0dae41,W2134119508,AISIN IMRA(米国・imra.com),1998.0,conference-paper,1998.0,article,False,4.0,3.0,3.0,3.0,-0.000427715996578272,,,,0.0,5.0,1.0,0.0
0497ac6b974f,W4403472971,AISIN IMRA(米国・imra.com),2024.0,article,2024.0,article,False,33.0,0.0,0.0,0.0,0.0,1471.8930585874464,293.2584659256296,78,,0.0,0.0,0.0
055660bec4db,W3115891827,AISIN IMRA(米国・imra.com),2020.0,article,2020.0,article,False,31.0,0.0,0.0,0.0,0.0,133.96509258112357,-13.97627714629168,136,,0.0,0.0,0.0
067b01848054,W4324131127,AISIN IMRA(米国・imra.com),2023.0,conference-paper,2023.0,article,False,6.0,1.0,1.0,1.0,0.00042426813746287653,,,,0.0,2.0,1.0,0.0
06a94e525622,W2150329833,AISIN IMRA(米国・imra.com),2007.0,article,2007.0,article,False,8.0,47.0,20.0,26.0,-0.0033305578684429643,715.5725667814804,489.9789373001396,3,1.5,2.0,1.0,5.0
06e902a79421,W2166224202,AISIN IMRA(米国・imra.com),2005.0,article,2005.0,article,False,21.0,145.0,24.0,108.0,0.00992234685073339,819.7421610383651,236.29090173746096,15,14.349064625850339,2.0,1.0,4.0
0a4c5e96d285,W2104556863,AISIN IMRA(米国・imra.com),2007.0,article,2007.0,article,False,50.0,29.0,13.0,19.0,-0.0007933073705466609,489.9789373001396,14.468167432417246,91,2.5,2.0,1.0,2.0
0a90cfe47e38,W2047596169,AISIN IMRA(米国・imra.com),2005.0,article,2005.0,article,False,17.0,63.0,26.0,44.0,-0.007326932794340576,326.67810031256477,15.310815538958638,21,0.0,5.0,2.0,7.0
0a9c9daa822f,W1979619452,AISIN IMRA(米国・imra.com),2004.0,conference-paper,2004.0,article,False,0.0,0.0,0.0,0.0,0.0,,,,,0.0,0.0,0.0
0abe40d14a0b,W2101984371,AISIN IMRA(米国・imra.com),1998.0,conference-paper,1998.0,article,False,2.0,1.0,1.0,1.0,0.0008445945945945946,,,,0.0,7.0,3.0,5.0
0b1b7a2daac9,W2126579103,AISIN IMRA(米国・imra.com),2005.0,conference-paper,2005.0,article,False,7.0,0.0,0.0,0.0,0.0,,,,,0.0,0.0,0.0
0b8be374c492,W4235999840,AISIN IMRA(米国・imra.com),2007.0,conference-paper,2007.0,article,False,0.0,1.0,0.0,1.0,0.0,,,,0.0,0.0,0.0,0.0
0bfb72a23530,W3143062591,AISIN IMRA(米国・imra.com),2021.0,article,2021.0,article,False,95.0,9.0,9.0,9.0,-6.76773145641581e-05,65.3873271629829,-21.775326829711105,1431,0.0,11.0,3.0,0.0
0c5047e5b1d5,W2082398020,AISIN IMRA(米国・imra.com),2007.0,article,2007.0,article,False,23.0,100.0,44.0,73.0,0.0,176.80159604277156,31.58177735425981,55,-0.48750000000000004,5.0,2.0,16.0
0c5a9f4def54,W4377082751,AISIN IMRA(米国・imra.com),2023.0,conference-paper,2023.0,article,False,3.0,0.0,0.0,0.0,0.0,18.25667459864696,10.02377380047649,3,,0.0,0.0,0.0
0d18f50d9e8f,W2064449433,AISIN IMRA(米国・imra.com),2009.0,article,2009.0,article,False,19.0,3.0,2.0,3.0,-0.000586051963274077,1042.362445171438,282.6034575420331,10,0.0,10.0,5.0,0.0
0d97ca1f7ab2,W1996091483,AISIN IMRA(米国・imra.com),1996.0,article,1996.0,article,False,5.0,9.0,4.0,8.0,-0.00487012987012987,826.6943546261895,705.5695707753921,3,7.166666666666666,5.0,1.0,1.0
12694fc1f57c,W1757198163,AISIN IMRA(米国・imra.com),2015.0,article,2015.0,article,False,16.0,30.0,29.0,30.0,-0.011931394481730051,1066.3034750719328,10.815148859308598,15,0.0,6.0,2.0,0.0
13445895d10e,W1508749335,AISIN IMRA(米国・imra.com),2003.0,conference-paper,2003.0,article,False,0.0,1.0,0.0,0.0,0.0,,,,0.0,0.0,0.0,0.0
158cacadff8b,W19859132,AISIN IMRA(米国・imra.com),1968.0,article,1968.0,article,False,0.0,0.0,0.0,0.0,0.0,,,,,0.0,0.0,0.0
17def8b212e1,W2050356310,AISIN IMRA(米国・imra.com),2010.0,conference-paper,2010.0,article,False,0.0,0.0,0.0,0.0,0.0,,,,,0.0,0.0,0.0
1994ec9fb1ec,W1507408601,AISIN IMRA(米国・imra.com),2002.0,conference-paper,2002.0,article,False,1.0,5.0,0.0,2.0,0.009708737864077669,,,,0.0,5.0,1.0,11.0
19cc7a568be8,W2091494648,AISIN IMRA(米国・imra.com),2014.0,conference-paper,2014.0,article,False,4.0,0.0,0.0,0.0,0.0,,,,,0.0,0.0,0.0
1bba178fb9d5,W2045257087,AISIN IMRA(米国・imra.com),1993.0,article,1993.0,article,False,8.0,26.0,13.0,14.0,0.015209125475285171,351.357781559594,85.12966005798704,15,0.0,3.0,1.0,15.0
1d0ed5210dcd,W2074723994,AISIN IMRA(米国・imra.com),2006.0,article,2006.0,article,False,17.0,78.0,36.0,57.0,0.0,622.5726242222393,186.3775102853404,28,0.0,7.0,3.0,0.0
1d3310e699ac,W2111899806,AISIN IMRA(米国・imra.com),2007.0,article,2007.0,article,False,23.0,83.0,42.0,72.0,-1.9081674716811287e-05,387.82064988514225,24.23429328191327,66,1.46875,10.0,3.0,2.0
1d9ade0397cb,W2327227342,AISIN IMRA(米国・imra.com),2016.0,conference-paper,2016.0,article,False,0.0,3.0,1.0,3.0,0.0,,,,5.999999999999999,0.0,0.0,0.0
1e4ec0591b7c,W2064608805,AISIN IMRA(米国・imra.com),2007.0,conference-paper,2007.0,article,False,0.0,0.0,0.0,0.0,0.0,,,,,0.0,0.0,0.0
1f0abf73662a,W2047050546,AISIN IMRA(米国・imra.com),2001.0,article,2001.0,article,False,16.0,19.0,10.0,17.0,-0.002035830618892508,1239.4045896605248,128.0585803450905,10,0.0,4.0,2.0,5.0
1f5df93c67a1,W2009487771,AISIN IMRA(米国・imra.com),1992.0,article,1992.0,article,False,5.0,22.0,4.0,13.0,0.08,58.50015184162792,24.842113131836847,6,9.8,5.0,3.0,4.0
1f69ed8351f9,W1992740538,AISIN IMRA(米国・imra.com),2001.0,article,2001.0,article,False,10.0,73.0,29.0,46.0,0.000722543352601156,807.492868997728,72.12985485308334,6,0.0,4.0,3.0,1.0
1fa415734e17,W1972933050,AISIN IMRA(米国・imra.com),2009.0,article,2009.0,article,False,17.0,79.0,13.0,61.0,0.0005165289256198347,563.0240020223343,120.5,21,15.278095238095236,5.0,1.0,5.0
20ae4348c56e,W1972132333,AISIN IMRA(米国・imra.com),2008.0,article,2008.0,article,False,9.0,21.0,5.0,14.0,-0.00020475020475020476,676.1544200176395,283.05059013926376,10,5.5,3.0,1.0,0.0
20d2bc404bae,W2154329631,AISIN IMRA(米国・imra.com),1998.0,article,1998.0,article,False,10.0,78.0,24.0,63.0,-0.0042627397791125754,701.4503746229373,118.60372311717242,10,0.6311011904761905,5.0,2.0,3.0
236e80a16dd5,W2736424045,AISIN IMRA(米国・imra.com),2017.0,article,2017.0,article,False,17.0,10.0,9.0,10.0,-0.001388888888888889,856.0252624110497,163.9107005056541,36,0.0,3.0,0.0,0.0
24b429e39b96,W2299386588,AISIN IMRA(米国・imra.com),2016.0,conference-paper,2016.0,article,False,24.0,0.0,0.0,0.0,0.0,8.473305691323219,-15.62371177876737,78,,0.0,0.0,0.0
27d541dbdac6,W4393026435,AISIN IMRA(米国・imra.com),2024.0,article,2024.0,article,False,22.0,0.0,0.0,0.0,0.0,107.1478660420562,-1.5927268737115277,171,,0.0,0.0,0.0
291f9a7a64b1,W2132781385,AISIN IMRA(米国・imra.com),2009.0,article,2009.0,article,False,199.0,367.0,114.0,243.0,-0.0030220356768100734,540.8594266274055,37.16541155539922,351,14.082270978708179,2.0,1.0,2.0
2afc3a28bf38,W1995865384,AISIN IMRA(米国・imra.com),1999.0,article,1999.0,article,False,8.0,43.0,18.0,29.0,0.0040650406504065045,295.39081235905735,46.787109328617575,10,0.0,8.0,2.0,11.0
2c9a350e970a,W4387717705,AISIN IMRA(米国・imra.com),2023.0,article,2023.0,article,False,39.0,1.0,1.0,1.0,-0.0005497526113249038,247.60765279673723,6.27682485362426,190,0.0,2.0,3.0,0.0
2caafd6d935d,W4402444801,AISIN IMRA(米国・imra.com),2024.0,article,2024.0,article,False,50.0,0.0,0.0,0.0,0.0,28.639618812524045,-37.96676402445326,351,,0.0,0.0,0.0
2cead05d5a90,W1992003477,AISIN IMRA(米国・imra.com),2011.0,conference-paper,2011.0,article,False,2.0,4.0,3.0,4.0,0.019801980198019802,,,,0.0,4.0,2.0,0.0
2d1632708d1a,W2652592814,AISIN IMRA(米国・imra.com),2013.0,article,2013.0,article,False,0.0,0.0,0.0,0.0,0.0,,,,,0.0,0.0,0.0
2f17cd2c50e0,W2073594423,AISIN IMRA(米国・imra.com),2000.0,conference-paper,2000.0,article,False,4.0,8.0,8.0,8.0,-0.01556420233463035,,,,0.0,7.0,1.0,0.0
2fdccb60f1e4,W2103328179,AISIN IMRA(米国・imra.com),2009.0,article,2009.0,article,False,21.0,71.0,39.0,56.0,-0.007804632426988922,749.55865614645,122.0775402781164,21,0.0,7.0,1.0,0.0
318428835ed8,W4412623484,AISIN IMRA(米国・imra.com),2025.0,article,,,,,,,,,,,,,,,
330c974be7cd,W2736461642,AISIN IMRA(米国・imra.com),2017.0,article,2017.0,article,False,24.0,44.0,35.0,44.0,-0.01282051282051282,706.0839451755685,55.34607884129333,66,-0.2641269841269843,6.0,5.0,0.0
331e86c52bd7,W4390990741,AISIN IMRA(米国・imra.com),2024.0,article,2024.0,article,False,48.0,1.0,1.0,1.0,0.0008403361344537816,162.16030574552434,-3.3593967339361974,378,0.0,3.0,0.0,0.0
333dd0a7d26d,W3118676914,AISIN IMRA(米国・imra.com),2021.0,article,2021.0,article,False,41.0,100.0,100.0,100.0,0.0017139796464916979,22.4190780979394,-20.532609516887657,325,-0.36596119929453275,9.0,2.0,1.0
335ce5a33604,W2000418445,AISIN IMRA(米国・imra.com),2000.0,conference-paper,2000.0,article,False,3.0,7.0,6.0,6.0,0.02912621359223301,,,,0.0,5.0,1.0,3.0
34313b274d3e,W1569384391,AISIN IMRA(米国・imra.com),2003.0,conference-paper,2003.0,article,False,3.0,0.0,0.0,0.0,0.0,,,,,0.0,0.0,0.0
34968a6178b0,W4312191635,AISIN IMRA(米国・imra.com),2022.0,article,2022.0,article,False,34.0,4.0,4.0,4.0,-0.001951219512195122,1347.4746086311234,140.09228035871692,120,0.0,7.0,2.0,0.0
34cee59bdcd0,W4402521660,AISIN IMRA(米国・imra.com),2024.0,article,2024.0,article,False,43.0,1.0,1.0,1.0,-0.0019880715705765406,230.67712311380447,-20.74514935133359,253,0.0,5.0,0.0,0.0
34e230bda3cf,W2111948174,AISIN IMRA(米国・imra.com),2006.0,conference-paper,2006.0,article,False,7.0,0.0,0.0,0.0,0.0,,,,,0.0,0.0,0.0
3563aa99d4a4,W1989448993,AISIN IMRA(米国・imra.com),1994.0,article,1994.0,article,False,4.0,40.0,14.0,30.0,0.0011280315848843769,466.7311327532383,144.03773496091796,3,10.366666666666667,5.0,2.0,7.0
36a623b61079,W1985661810,AISIN IMRA(米国・imra.com),2008.0,article,2008.0,article,False,78.0,50.0,42.0,49.0,-0.00023596035865974517,594.4833807227316,24.182062242462916,120,1.6666666666666667,2.0,1.0,0.0
38da33768dca,W1564112355,AISIN IMRA(米国・imra.com),2005.0,conference-paper,2005.0,article,False,4.0,0.0,0.0,0.0,0.0,,,,,0.0,0.0,1.0
3974910d85ed,W1997795395,AISIN IMRA(米国・imra.com),2011.0,article,,,,,,,,,,,,,,,
39dcba207806,W2024036368,AISIN IMRA(米国・imra.com),2006.0,article,2006.0,article,False,22.0,67.0,42.0,53.0,-0.0029708853238265003,643.4381445861097,151.23165199910645,21,0.0,9.0,4.0,0.0
3a1314ed9858,W4240873150,AISIN IMRA(米国・imra.com),2001.0,conference-paper,2001.0,article,False,3.0,0.0,0.0,0.0,0.0,,,,,0.0,0.0,0.0
3a19c34d35e3,W4406602598,AISIN IMRA(米国・imra.com),2025.0,article,,,,,,,,,,,,,,,
3b23bbdfa0b5,W2315671501,AISIN IMRA(米国・imra.com),2013.0,article,2013.0,article,False,101.0,267.0,141.0,255.0,-0.01873675286138194,1975.4270824380312,347.0488709573953,210,-0.10835573029121415,6.0,2.0,3.0
3b39137bf1f5,W2094007458,AISIN IMRA(米国・imra.com),2005.0,conference-paper,2005.0,article,False,4.0,3.0,1.0,1.0,0.002652519893899204,236.29090173746096,101.85310595087904,3,0.0,9.0,2.0,0.0
3d136358ea7a,W4403071452,AISIN IMRA(米国・imra.com),2024.0,article,2024.0,article,False,53.0,0.0,0.0,0.0,0.0,237.88967978243429,-3.383869995374979,378,,0.0,0.0,0.0
417e8c913f31,W2131998476,AISIN IMRA(米国・imra.com),2007.0,conference-paper,2007.0,article,False,16.0,1.0,1.0,1.0,-0.00031289111389236547,470.0319028343086,33.781639998138814,21,0.0,2.0,1.0,0.0
429f55f122a0,W18542523,AISIN IMRA(米国・imra.com),2008.0,article,2008.0,article,False,0.0,0.0,0.0,0.0,0.0,,,,,0.0,0.0,0.0
42bfe10e2f8e,W2265314834,AISIN IMRA(米国・imra.com),2015.0,article,2015.0,article,False,33.0,49.0,34.0,49.0,-0.008387251377905584,866.9843270294641,46.56377729738565,66,0.0,6.0,0.0,1.0
434aa41ab793,W2000185564,AISIN IMRA(米国・imra.com),2007.0,conference-paper,2007.0,article,False,0.0,0.0,0.0,0.0,0.0,,,,,0.0,0.0,12.0
44ffaa074d12,W1660800187,AISIN IMRA(米国・imra.com),2006.0,conference-paper,2006.0,article,False,4.0,1.0,0.0,0.0,0.002304147465437788,1017.1351611664342,471.4839099710687,1,0.0,3.0,1.0,0.0
454a8d3c4ac4,W1969737164,AISIN IMRA(米国・imra.com),1997.0,article,1997.0,article,False,19.0,0.0,0.0,0.0,0.0,81.5278595058767,6.082046654583146,28,,0.0,0.0,0.0
45a375f852d7,W2135222747,AISIN IMRA(米国・imra.com),2006.0,conference-paper,2006.0,article,False,3.0,1.0,1.0,1.0,-0.0033444816053511705,,,,0.0,4.0,2.0,0.0
45cb8c58b080,W1984871679,AISIN IMRA(米国・imra.com),2008.0,conference-paper,2008.0,article,False,25.0,3.0,3.0,3.0,-0.0004930156121610517,375.2985912362362,59.14667004012314,55,0.0,6.0,1.0,0.0
46954cfa4a96,W2110264453,AISIN IMRA(米国・imra.com),2014.0,article,2014.0,review,False,120.0,11.0,7.0,11.0,0.00020869565217391305,,,,0.0,1.0,1.0,0.0
49c236ca1b97,W2004665895,AISIN IMRA(米国・imra.com),2009.0,conference-paper,2009.0,article,False,4.0,1.0,1.0,1.0,3.398125390147271e-07,,,,0.0,6.0,1.0,0.0
4a3c6cd0a3b2,W2011516454,AISIN IMRA(米国・imra.com),2012.0,article,2012.0,article,False,39.0,431.0,223.0,374.0,-0.026353670689846086,366.89801080966413,23.882493894163172,120,0.018518518518518517,7.0,4.0,8.0
4a3ce8b7082c,W2316893392,AISIN IMRA(米国・imra.com),2016.0,conference-paper,2016.0,article,False,3.0,0.0,0.0,0.0,0.0,,,,,0.0,0.0,0.0
4b2482f108bc,W2081641338,AISIN IMRA(米国・imra.com),2006.0,conference-paper,2006.0,article,False,0.0,12.0,11.0,12.0,0.0,,,,1.6666666666666667,0.0,0.0,2.0
4bc01f68fac4,W2021769171,AISIN IMRA(米国・imra.com),1995.0,article,1995.0,article,False,3.0,13.0,5.0,5.0,0.008875739644970414,537.2336791565721,537.2336791565721,1,0.0,3.0,2.0,16.0
4d6e53bf35e5,W2015601007,AISIN IMRA(米国・imra.com),2013.0,conference-paper,2013.0,article,False,0.0,11.0,3.0,10.0,0.0,,,,19.0,0.0,0.0,0.0
4ecb63be2ce0,W1998844945,AISIN IMRA(米国・imra.com),2007.0,article,2007.0,article,False,23.0,77.0,47.0,65.0,-0.004247815981405787,436.70938050542395,34.455512250411964,55,0.0,7.0,2.0,0.0
4f2527e82bc1,W1985967645,AISIN IMRA(米国・imra.com),1994.0,article,1994.0,article,False,7.0,21.0,8.0,15.0,-0.0014931740614334472,329.17438504776254,231.00425128092525,6,0.0,3.0,1.0,24.0
4f9a58e500ea,W2055163777,AISIN IMRA(米国・imra.com),2011.0,conference-paper,2011.0,article,False,4.0,10.0,8.0,10.0,0.08620689655172414,,,,4.0,5.0,1.0,0.0
50f826f12bd5,W2065237229,AISIN IMRA(米国・imra.com),2000.0,article,2000.0,article,False,5.0,20.0,4.0,17.0,-0.006779661016949152,508.86940921881376,508.86940921881376,1,0.9999999999999998,4.0,2.0,0.0
51146abb4b8e,W2014251053,AISIN IMRA(米国・imra.com),2007.0,conference-paper,2007.0,article,False,3.0,1.0,1.0,1.0,0.0018115942028985507,1641.3937864799266,1641.3937864799266,0,0.0,4.0,2.0,0.0
52bf401210dd,W2001517073,AISIN IMRA(米国・imra.com),2010.0,conference-paper,2010.0,article,False,0.0,1.0,0.0,0.0,0.0,,,,0.0,0.0,0.0,0.0
531b7496f032,W2015967960,AISIN IMRA(米国・imra.com),2001.0,article,2001.0,article,False,11.0,15.0,11.0,14.0,0.004464285714285714,147.70335823918253,42.35924297330705,15,3.75,3.0,1.0,0.0
537dd12c9e19,W2560457738,AISIN IMRA(米国・imra.com),2016.0,conference-paper,2016.0,article,False,2.0,2.0,2.0,2.0,0.01694915254237288,696.0306145402774,696.0306145402774,1,0.0,4.0,2.0,0.0
53d49e998f84,W2130266943,AISIN IMRA(米国・imra.com),2005.0,conference-paper,2005.0,article,False,3.0,1.0,0.0,0.0,0.0,,,,0.0,11.0,1.0,4.0
542cb02422fd,W2071118350,AISIN IMRA(米国・imra.com),2007.0,article,2007.0,article,False,25.0,22.0,14.0,18.0,-0.00015550890288469014,278.7417200362915,48.05273870854917,45,0.0,9.0,3.0,0.0
546fc4ad4ff2,W1964813904,AISIN IMRA(米国・imra.com),2000.0,conference-paper,2000.0,article,False,4.0,0.0,0.0,0.0,0.0,,,,,0.0,0.0,4.0
55875b781991,W2030401892,AISIN IMRA(米国・imra.com),2012.0,article,2012.0,article,False,16.0,79.0,48.0,65.0,0.002182453077258839,1053.7838812619946,38.61685988481332,15,-0.3333333333333333,12.0,4.0,0.0
565a9b51b57d,W2058066118,AISIN IMRA(米国・imra.com),2005.0,article,2005.0,article,False,26.0,20.0,10.0,16.0,-9.728099615740066e-05,291.12583040244874,45.562907255210426,21,1.5,4.0,3.0,0.0
57ce57f87bb1,W2157715898,AISIN IMRA(米国・imra.com),1998.0,conference-paper,1998.0,article,False,6.0,0.0,0.0,0.0,0.0,,,,,0.0,0.0,0.0
582833eb0bb5,W4414256506,AISIN IMRA(米国・imra.com),2025.0,article,,,,,,,,,,,,,,,
5a58ad5b2708,W1998144405,AISIN IMRA(米国・imra.com),2008.0,conference-paper,2008.0,article,False,0.0,0.0,0.0,0.0,0.0,,,,,0.0,0.0,0.0
5b15247f6f4b,W2067840963,AISIN IMRA(米国・imra.com),2000.0,article,2000.0,article,False,6.0,32.0,32.0,32.0,-0.0299625468164794,835.4240172915481,300.07674792279715,3,0.0,9.0,3.0,0.0
5b3130c55658,W2105029094,AISIN IMRA(米国・imra.com),2006.0,article,2006.0,article,False,1.0,6.0,4.0,5.0,0.3333333333333333,,,,0.5,1.0,1.0,2.0
5d14dbf3ddcb,W22859093,AISIN IMRA(米国・imra.com),1946.0,article,1946.0,article,False,0.0,0.0,0.0,0.0,0.0,,,,,0.0,0.0,0.0
5d3193ae4d37,W2127233141,AISIN IMRA(米国・imra.com),2000.0,article,2000.0,article,False,36.0,173.0,50.0,100.0,-0.009753901560624249,737.7390700302104,53.561808840867975,45,-0.8831168831168832,6.0,2.0,5.0
5f3ff40000ba,W2147793052,AISIN IMRA(米国・imra.com),1992.0,article,1992.0,article,False,32.0,144.0,41.0,59.0,-0.0013048016701461378,310.83712707995346,52.412798736262616,45,-0.4444444444444444,4.0,1.0,17.0
623cb5503b04,W7128159679,AISIN IMRA(米国・imra.com),2026.0,article,,,,,,,,,,,,,,,
62c9b2b2cc62,W4399041614,AISIN IMRA(米国・imra.com),2024.0,article,2024.0,article,False,54.0,0.0,0.0,0.0,0.0,16.625968077505796,-32.60490644545301,465,,0.0,0.0,0.0
6395cfe9c4aa,W2003513174,AISIN IMRA(米国・imra.com),2006.0,article,2006.0,article,False,0.0,83.0,55.0,73.0,0.0,,,,0.0,0.0,0.0,2.0
64a24b69ace0,W2133204230,AISIN IMRA(米国・imra.com),2002.0,article,2002.0,article,False,9.0,45.0,16.0,37.0,-0.02586206896551724,515.0601720478858,30.583710111361974,6,1.0250000000000004,9.0,3.0,2.0
64cc82e127a3,W2789405793,AISIN IMRA(米国・imra.com),2018.0,article,,,,,,,,,,,,,,,
64d2db71c1c2,W2122378421,AISIN IMRA(米国・imra.com),2006.0,conference-paper,2006.0,article,False,7.0,0.0,0.0,0.0,0.0,,,,,0.0,0.0,0.0
671428711dd5,W1992557950,AISIN IMRA(米国・imra.com),1999.0,conference-paper,1999.0,article,False,0.0,19.0,11.0,15.0,0.0,,,,1.5,0.0,0.0,0.0
67639a157887,W3037085313,AISIN IMRA(米国・imra.com),2020.0,article,2020.0,article,False,19.0,10.0,10.0,10.0,-0.0017953321364452424,30.438385606862653,-28.64423312615489,78,0.0,6.0,6.0,0.0
67c7926d1379,W1989086709,AISIN IMRA(米国・imra.com),2000.0,conference-paper,2000.0,article,False,1.0,0.0,0.0,0.0,0.0,,,,,0.0,0.0,0.0
6ac6c722b8f0,W2035122914,AISIN IMRA(米国・imra.com),2006.0,article,2006.0,article,False,17.0,92.0,37.0,71.0,-0.014925373134328358,415.65483196189837,88.20026514193665,21,0.0,5.0,3.0,0.0
6bb04cc720e9,W2019187822,AISIN IMRA(米国・imra.com),2006.0,article,2006.0,article,False,10.0,76.0,25.0,47.0,0.0677361853832442,87.81883271289183,3.7370465934182984,6,0.4,4.0,2.0,1.0
6c9c3b0305e0,W1983891857,AISIN IMRA(米国・imra.com),2012.0,article,2012.0,article,False,54.0,14.0,11.0,14.0,0.0,174.98512351448997,-2.591195172335331,406,0.0,3.0,1.0,0.0
6cf3aae8a205,W2153139859,AISIN IMRA(米国・imra.com),1997.0,article,1997.0,article,False,10.0,187.0,62.0,111.0,-0.015760621288259478,386.31478947602807,143.50380012179374,6,0.20277777777777795,5.0,2.0,17.0
6d14350cd432,W1574368976,AISIN IMRA(米国・imra.com),2016.0,article,2016.0,article,False,39.0,150.0,95.0,150.0,-0.007391852162956741,144.42378020271207,-3.8578205720004037,153,1.4447845804988664,11.0,3.0,0.0
6d75d5697d2e,W1975961745,AISIN IMRA(米国・imra.com),2000.0,conference-paper,2000.0,article,False,6.0,0.0,0.0,0.0,0.0,,,,,0.0,0.0,4.0
6dadbeed94c4,W2107277110,AISIN IMRA(米国・imra.com),2001.0,conference-paper,2001.0,article,False,4.0,7.0,5.0,6.0,0.02032520325203252,,,,0.0,3.0,1.0,7.0
70618903a605,W2074959060,AISIN IMRA(米国・imra.com),2010.0,article,2010.0,article,False,15.0,137.0,83.0,118.0,-0.016896398399288574,461.14337348422583,96.87522965968299,21,19.66299019607843,4.0,1.0,1.0
710485fa85eb,W2139903463,AISIN IMRA(米国・imra.com),1996.0,article,1996.0,article,False,14.0,32.0,9.0,16.0,-0.008816120906801008,1449.0650105636212,196.90997991071407,3,6.300000000000001,2.0,2.0,0.0
7130a2dc7a3c,W4245135841,AISIN IMRA(米国・imra.com),2019.0,conference-paper,2019.0,article,False,12.0,2.0,2.0,2.0,-0.003952569169960474,,,,0.0,9.0,3.0,0.0
716911aa1cf4,W2016710931,AISIN IMRA(米国・imra.com),2011.0,conference-paper,2011.0,article,False,14.0,0.0,0.0,0.0,0.0,,,,,0.0,0.0,0.0
721d06c6711b,W2091772759,AISIN IMRA(米国・imra.com),2011.0,article,2011.0,article,False,44.0,45.0,27.0,40.0,-0.005883962780514505,246.77046272959456,14.42188420635201,105,-0.08333333333333333,7.0,3.0,0.0
73651e78d378,W1993638097,AISIN IMRA(米国・imra.com),2008.0,article,2008.0,article,False,15.0,64.0,34.0,48.0,-0.0008594757198109154,214.8099085293936,0.8179904289178395,45,0.375,3.0,1.0,0.0
74417f7270c2,W3188421958,AISIN IMRA(米国・imra.com),2021.0,article,2021.0,article,False,37.0,25.0,25.0,25.0,-0.0018671645772205922,23.40510665789644,-32.814114651182166,276,0.0,11.0,4.0,0.0
7494bcf8d008,W2648192908,AISIN IMRA(米国・imra.com),1997.0,article,1997.0,article,False,6.0,124.0,23.0,53.0,0.006006480676519403,,,,14.154761904761905,4.0,1.0,8.0
75bb4f7d505a,W1591513154,AISIN IMRA(米国・imra.com),2004.0,conference-paper,2004.0,article,False,0.0,0.0,0.0,0.0,0.0,,,,,0.0,0.0,0.0
75de016dc403,W4392544676,AISIN IMRA(米国・imra.com),2024.0,editorial,2024.0,article,False,13.0,0.0,0.0,0.0,0.0,509.1476877640207,47.82687619080262,15,,0.0,0.0,0.0
7c199c4f7eb1,W2050067095,AISIN IMRA(米国・imra.com),1993.0,article,1993.0,article,False,13.0,52.0,18.0,22.0,-0.0021695895859699874,409.49075593106386,171.51262353010446,6,-0.08333333333333333,5.0,0.0,18.0
7c48b8f9cb13,W2136243903,AISIN IMRA(米国・imra.com),2008.0,article,2008.0,article,False,16.0,15.0,4.0,10.0,-0.0007867820613690008,115.46089517349009,-2.881427263502217,21,2.0,1.0,1.0,0.0
7c9d374b2a2d,W2074201033,AISIN IMRA(米国・imra.com),1995.0,conference-paper,1995.0,article,False,0.0,4.0,4.0,4.0,0.0,,,,0.0,0.0,0.0,11.0
7d426362713f,W2026472887,AISIN IMRA(米国・imra.com),2005.0,article,2005.0,article,False,11.0,170.0,68.0,117.0,0.0,513.9180850020847,320.4263092333714,15,-0.6794871794871796,4.0,1.0,18.0
7d47f7f65c0b,W1989076549,AISIN IMRA(米国・imra.com),2012.0,article,2012.0,article,False,21.0,283.0,162.0,266.0,0.004199823165340406,366.89801080966413,16.56559857229609,55,-0.296875,8.0,3.0,4.0
7e082b22cb62,W4390171143,AISIN IMRA(米国・imra.com),2023.0,article,2023.0,article,False,30.0,4.0,4.0,4.0,-0.003286770747740345,112.1237977939832,11.847190899254974,120,0.0,6.0,2.0,0.0
7ead6788be80,W2117958506,AISIN IMRA(米国・imra.com),2001.0,conference-paper,2001.0,article,False,7.0,1.0,1.0,1.0,-0.00026917900403768504,,,,0.0,6.0,1.0,0.0
81b853e4c154,W2535357380,AISIN IMRA(米国・imra.com),2016.0,article,2016.0,article,False,34.0,7.0,5.0,7.0,7.863489816780687e-05,70.96681909195368,-16.00763559582471,120,0.0,5.0,1.0,0.0
825e2e9fe14d,W2030658864,AISIN IMRA(米国・imra.com),2007.0,article,2007.0,article,False,0.0,100.0,28.0,68.0,0.0,,,,0.07142857142857142,0.0,0.0,1.0
8316ba19c3c6,W1982819293,AISIN IMRA(米国・imra.com),2005.0,conference-paper,2005.0,article,False,7.0,0.0,0.0,0.0,0.0,,,,,0.0,0.0,1.0
834eb990d026,W4306861683,AISIN IMRA(米国・imra.com),2022.0,article,2022.0,article,False,50.0,1.0,1.0,1.0,-0.0004714757190004715,1505.2441662401484,150.88354357696977,171,0.0,5.0,1.0,0.0
8354640bfbfd,W2083539450,AISIN IMRA(米国・imra.com),2005.0,conference-paper,2005.0,article,False,3.0,11.0,4.0,5.0,-0.0002760905577029266,,,,7.428571428571429,5.0,1.0,7.0
849e404910e1,W1891809532,AISIN IMRA(米国・imra.com),2003.0,conference-paper,2003.0,article,False,4.0,0.0,0.0,0.0,0.0,,,,,0.0,0.0,0.0
85340bb52070,W2492181713,AISIN IMRA(米国・imra.com),2012.0,article,,,,,,,,,,,,,,,
86077d096a6b,W2273928293,AISIN IMRA(米国・imra.com),2016.0,article,2016.0,article,False,27.0,21.0,16.0,21.0,-0.0031165593185123624,278.17356810056054,2.058505999320046,66,0.75,11.0,3.0,1.0
860925e403d0,W2052638921,AISIN IMRA(米国・imra.com),1999.0,conference-paper,1999.0,article,False,0.0,2.0,0.0,0.0,0.0,,,,0.0,0.0,0.0,0.0
864d5deb19dc,W4408307363,AISIN IMRA(米国・imra.com),2025.0,article,,,,,,,,,,,,,,,
8858a9a4b37b,W2019154054,AISIN IMRA(米国・imra.com),1995.0,article,1995.0,article,False,14.0,17.0,1.0,5.0,-0.005017367811655731,537.2336791565721,16.058549291501823,6,13.166666666666666,10.0,4.0,6.0
887a6d40e7c3,W1998588863,AISIN IMRA(米国・imra.com),2000.0,article,2000.0,article,False,9.0,280.0,49.0,121.0,0.007367990176013099,300.8167238489346,-22.41233340425625,15,0.4153677157137364,6.0,3.0,11.0
88f4dfffc486,W4380986089,AISIN IMRA(米国・imra.com),2023.0,article,2023.0,article,False,35.0,11.0,11.0,11.0,-0.0036572622779519333,568.6771932096284,45.50786142309478,210,0.0,9.0,2.0,0.0
8a2fdf6bfb57,W2070421439,AISIN IMRA(米国・imra.com),2009.0,article,2009.0,article,False,11.0,81.0,33.0,54.0,-0.0010672358591248667,563.0240020223343,104.78426919974744,10,1.892222222222222,7.0,1.0,5.0
8a6b63a5911a,W2117359167,AISIN IMRA(米国・imra.com),1997.0,article,1997.0,article,False,12.0,93.0,40.0,58.0,0.007417709782104775,157.3228082517809,17.337087893672916,21,1.1666666666666667,6.0,2.0,14.0
8aae5b4d3d57,W1965446579,AISIN IMRA(米国・imra.com),1995.0,article,1995.0,article,False,11.0,32.0,9.0,19.0,0.0,537.2336791565721,94.60460886526137,10,0.0,7.0,2.0,19.0
8bb82813d63b,W2004258332,AISIN IMRA(米国・imra.com),2015.0,conference-paper,2015.0,article,False,8.0,3.0,3.0,3.0,-0.0034883720930232558,146.6277538027736,12.18781774617206,15,0.0,7.0,3.0,0.0
8ccdd3e64603,W1983363485,AISIN IMRA(米国・imra.com),2009.0,article,2009.0,article,False,18.0,21.0,8.0,18.0,0.000690846286701209,563.0240020223343,0.18851329448993454,36,9.875,3.0,1.0,2.0
8db278a25f1b,W1619058044,AISIN IMRA(米国・imra.com),1996.0,conference-paper,1996.0,article,False,0.0,5.0,2.0,4.0,0.0,,,,0.0,0.0,0.0,10.0
8e3772120e45,W4379599762,AISIN IMRA(米国・imra.com),2023.0,article,2023.0,article,False,52.0,10.0,10.0,10.0,-0.0006829046209879354,76.66926946763655,-12.074856313257307,595,0.0,9.0,2.0,0.0
92f8707a48fd,W2122314201,AISIN IMRA(米国・imra.com),1997.0,article,1997.0,article,False,2.0,6.0,2.0,5.0,0.06666666666666667,,,,0.0,2.0,1.0,0.0
9402d0146f24,W4402221022,AISIN IMRA(米国・imra.com),2024.0,article,2024.0,article,False,56.0,15.0,15.0,15.0,-0.0038035961272475795,603.0357280412702,32.518936383134786,253,0.0,12.0,8.0,0.0
948ef8d751d5,W3038269138,AISIN IMRA(米国・imra.com),2020.0,article,2020.0,article,False,30.0,28.0,28.0,28.0,-0.0022639800769753225,239.53718475649814,-1.1948616222526363,105,-0.8154761904761905,6.0,2.0,0.0
95c595888652,W4313402110,AISIN IMRA(米国・imra.com),2023.0,article,2023.0,article,False,43.0,0.0,0.0,0.0,0.0,37.90275340238095,-20.686751195137585,276,,0.0,0.0,0.0
96263eebccf9,W2040848603,AISIN IMRA(米国・imra.com),2007.0,article,2007.0,article,False,17.0,170.0,56.0,110.0,-0.018739352640545145,761.1279708817661,518.6978853696215,10,8.861511752136753,3.0,1.0,13.0
98579172da13,W2130614265,AISIN IMRA(米国・imra.com),2006.0,conference-paper,2006.0,article,False,9.0,19.0,9.0,19.0,-0.008310249307479225,,,,5.800000000000001,3.0,3.0,1.0
9909878948b4,W2060611956,AISIN IMRA(米国・imra.com),1994.0,article,1994.0,article,False,6.0,26.0,9.0,15.0,0.0005087763927753752,474.0109925440881,178.82434148892088,10,0.0,3.0,1.0,10.0
991dcfa921dc,W2172005828,AISIN IMRA(米国・imra.com),2006.0,conference-paper,2006.0,article,False,4.0,1.0,0.0,1.0,-0.0011682242990654205,,,,0.0,7.0,3.0,0.0
99212c83a3d7,W3160050504,AISIN IMRA(米国・imra.com),2021.0,article,2021.0,article,False,31.0,9.0,9.0,9.0,0.0005685048322910744,904.663316604863,198.68746831275465,105,0.0,6.0,3.0,0.0
9bb01239ff01,W2037841321,AISIN IMRA(米国・imra.com),1995.0,article,1995.0,article,False,0.0,100.0,17.0,39.0,0.0,,,,28.98761904761905,0.0,0.0,15.0
9bcb2adab51f,W2039754168,AISIN IMRA(米国・imra.com),2006.0,article,2006.0,article,False,17.0,112.0,63.0,90.0,-0.00956738768718802,873.7642279499753,13.130140146895155,21,0.0,11.0,5.0,5.0
9c9f7e0f19ec,W1909861020,AISIN IMRA(米国・imra.com),2003.0,conference-paper,2003.0,article,False,4.0,1.0,0.0,0.0,0.0,,,,0.0,4.0,1.0,0.0
9cd8815aa40f,W1970026623,AISIN IMRA(米国・imra.com),2005.0,article,2005.0,article,False,36.0,50.0,20.0,41.0,-0.0005385512970110403,283.1426287674699,33.515905670054345,66,3.8333333333333335,5.0,2.0,2.0
9d61dc292c19,W2077983614,AISIN IMRA(米国・imra.com),2003.0,conference-paper,2003.0,article,False,2.0,0.0,0.0,0.0,0.0,1041.9489396415438,1041.9489396415438,0,,0.0,0.0,0.0
9d7e9c821311,W2033726753,AISIN IMRA(米国・imra.com),2004.0,article,2004.0,article,False,11.0,48.0,21.0,23.0,-0.0022904260192395786,687.0570421110416,72.04822837368793,15,0.0,3.0,1.0,2.0
a0575bad75d6,W1823200270,AISIN IMRA(米国・imra.com),2002.0,conference-paper,2002.0,article,False,2.0,2.0,2.0,2.0,-0.0032102728731942215,,,,0.0,1.0,1.0,0.0
a0a66cd8396b,W1499742977,AISIN IMRA(米国・imra.com),2002.0,conference-paper,2002.0,article,False,4.0,8.0,1.0,5.0,0.002352941176470588,2161.4824392410083,2161.4824392410083,0,9.5,8.0,1.0,2.0
a18a8d418359,W2090834041,AISIN IMRA(米国・imra.com),2000.0,conference-paper,2000.0,article,False,0.0,1.0,1.0,1.0,0.0,,,,0.0,0.0,0.0,0.0
a3fb4b00b493,W4413326909,AISIN IMRA(米国・imra.com),2025.0,article,,,,,,,,,,,,,,,
a523b23976be,W2095185315,AISIN IMRA(米国・imra.com),2000.0,article,2000.0,article,False,1.0,36.0,4.0,17.0,0.0036900369003690036,,,,10.0,3.0,2.0,0.0
a533db8375cb,W2142955190,AISIN IMRA(米国・imra.com),1998.0,conference-paper,1998.0,article,False,2.0,1.0,1.0,1.0,0.0010256410256410256,,,,0.0,3.0,1.0,14.0
a5b60c38ff5c,W2035418072,AISIN IMRA(米国・imra.com),1993.0,article,1993.0,article,False,16.0,56.0,20.0,24.0,-0.0007809449433814916,567.6155662802249,403.6774584939169,6,0.0,3.0,1.0,19.0
a69178a343f9,W2009459426,AISIN IMRA(米国・imra.com),2008.0,article,2008.0,article,False,31.0,249.0,105.0,189.0,-0.0003884249368809478,188.3762863413895,10.641284355669542,66,0.9187675070028011,7.0,2.0,2.0
a71ee3e836c2,W2109354777,AISIN IMRA(米国・imra.com),2006.0,conference-paper,2006.0,article,False,5.0,5.0,2.0,5.0,0.0020491803278688526,,,,6.499999999999999,6.0,2.0,0.0
a8ff8185c44c,W2109501264,AISIN IMRA(米国・imra.com),1998.0,conference-paper,1998.0,article,False,4.0,11.0,3.0,4.0,0.00022878059940517045,,,,0.0,4.0,1.0,9.0
a909976dd697,W1990551692,AISIN IMRA(米国・imra.com),1994.0,article,1994.0,article,False,17.0,5.0,2.0,2.0,-0.0013780431786862655,2280.976743800335,474.0109925440881,1,19.0,5.0,2.0,0.0
a9965af309ce,W2029807715,AISIN IMRA(米国・imra.com),2004.0,article,2004.0,article,False,10.0,193.0,76.0,121.0,-0.01863905325443787,293.0341149718125,5.767365838589991,21,0.0,8.0,2.0,7.0
aa2f2e1c6565,W1983013834,AISIN IMRA(米国・imra.com),2003.0,conference-paper,2003.0,article,False,0.0,0.0,0.0,0.0,0.0,,,,,0.0,0.0,0.0
aa8326c76602,W2120533354,AISIN IMRA(米国・imra.com),2009.0,article,2009.0,article,False,15.0,107.0,50.0,84.0,-0.017337031900138695,1114.6869193348145,511.81594718357525,10,16.053333333333335,6.0,2.0,13.0
ab44ac2a9f76,W2093774538,AISIN IMRA(米国・imra.com),2000.0,conference-paper,2000.0,article,False,0.0,0.0,0.0,0.0,0.0,,,,,0.0,0.0,6.0
ab88255df927,W2162165717,AISIN IMRA(米国・imra.com),2008.0,article,2008.0,article,False,0.0,11.0,4.0,9.0,0.0,,,,4.5,0.0,0.0,71.0
abcfcc5657ab,W1966640150,AISIN IMRA(米国・imra.com),1998.0,article,1998.0,article,False,5.0,61.0,34.0,42.0,-0.005035545023696682,621.0300427643347,114.52869979510747,6,-1.0,6.0,2.0,17.0
ac0cc6b1809f,W2089066478,AISIN IMRA(米国・imra.com),2005.0,conference-paper,2005.0,article,False,0.0,2.0,0.0,0.0,0.0,,,,0.0,0.0,0.0,0.0
ac6f50ee5acb,W2560434915,AISIN IMRA(米国・imra.com),2016.0,conference-paper,2016.0,article,False,4.0,1.0,1.0,1.0,-0.00039824771007566706,257.94675651122253,150.39970916293947,3,0.0,11.0,3.0,1.0
ad6ad92721f6,W2101745748,AISIN IMRA(米国・imra.com),2005.0,conference-paper,2005.0,article,False,9.0,0.0,0.0,0.0,0.0,,,,,0.0,0.0,0.0
addf4b23a4fc,W1989335707,AISIN IMRA(米国・imra.com),2011.0,conference-paper,2011.0,article,False,0.0,0.0,0.0,0.0,0.0,,,,,0.0,0.0,0.0
ae0ef0b96600,W2004986322,AISIN IMRA(米国・imra.com),2003.0,article,2003.0,article,False,17.0,502.0,94.0,207.0,-0.015544801290511806,218.02404820466452,-8.482983137260023,28,-2.530712070175247,3.0,2.0,11.0
ae89330ff8f6,W2085288692,AISIN IMRA(米国・imra.com),2006.0,conference-paper,2006.0,article,False,0.0,2.0,1.0,2.0,0.0,,,,0.0,0.0,0.0,0.0
af556361aae1,W2069310367,AISIN IMRA(米国・imra.com),2005.0,conference-paper,2005.0,article,False,0.0,1.0,0.0,1.0,0.0,,,,0.0,0.0,0.0,1.0
aff3f68d4c82,W1987159680,AISIN IMRA(米国・imra.com),2005.0,article,2005.0,article,False,2.0,137.0,72.0,98.0,0.476,,,,0.9700854700854702,6.0,1.0,14.0
b07c3c3610d2,W4319788841,AISIN IMRA(米国・imra.com),2023.0,article,2023.0,article,False,18.0,3.0,3.0,3.0,-0.004261363636363636,1665.750902132014,428.7842131054392,28,0.0,7.0,2.0,0.0
b1c2d899cfc8,W2545439742,AISIN IMRA(米国・imra.com),2006.0,conference-paper,2006.0,article,False,1.0,0.0,0.0,0.0,0.0,,,,,0.0,0.0,0.0
b1e1391a57e1,W2067393704,AISIN IMRA(米国・imra.com),2000.0,article,2000.0,article,False,19.0,755.0,85.0,295.0,0.001164740961610138,245.5313228777137,50.610052242191465,28,1.0642107892107893,5.0,2.0,26.0
b23eaa63a4d7,W2532899216,AISIN IMRA(米国・imra.com),2005.0,conference-paper,2005.0,article,False,5.0,1.0,0.0,0.0,0.0,,,,0.0,8.0,0.0,0.0
b2a807d42b60,W2999387408,AISIN IMRA(米国・imra.com),2020.0,article,2020.0,article,False,23.0,29.0,29.0,29.0,-0.003990178023327195,1188.9679600028371,174.73017850268116,66,0.0,5.0,2.0,0.0
b41b91cdaa98,W2008417843,AISIN IMRA(米国・imra.com),1993.0,article,1993.0,article,False,5.0,15.0,7.0,8.0,-0.001201923076923077,441.8986142178406,409.49075593106386,3,0.0,4.0,3.0,2.0
b43c242d618e,W2042426995,AISIN IMRA(米国・imra.com),2009.0,article,2009.0,article,False,10.0,70.0,42.0,60.0,0.035653650254668934,825.4314818723913,650.9144314353534,6,5.168181818181818,14.0,4.0,5.0
b43f432fe548,W2080142255,AISIN IMRA(米国・imra.com),2008.0,article,2008.0,article,False,32.0,34.0,13.0,21.0,0.0,197.86995148777257,3.107836579331034,91,3.833333333333333,6.0,2.0,0.0
b4b7ba2e16c8,W2042536027,AISIN IMRA(米国・imra.com),2007.0,article,2007.0,article,False,0.0,63.0,18.0,30.0,0.0,,,,13.072222222222223,0.0,0.0,0.0
b4fe1f56acd7,W1534298520,AISIN IMRA(米国・imra.com),2009.0,article,2009.0,article,False,21.0,37.0,20.0,31.0,-0.0009099818003639928,377.0714733218254,61.16912100524641,66,-0.49999999999999983,8.0,4.0,0.0
b56343abb0e7,W2147932342,AISIN IMRA(米国・imra.com),2009.0,conference-paper,2009.0,article,False,3.0,0.0,0.0,0.0,0.0,,,,,0.0,0.0,0.0
b6e088bd7a43,W2021304718,AISIN IMRA(米国・imra.com),2002.0,conference-paper,2002.0,article,False,0.0,6.0,2.0,2.0,0.0,,,,17.0,0.0,0.0,8.0
b7a9fb0e4f38,W3009069210,AISIN IMRA(米国・imra.com),2020.0,conference-paper,2020.0,article,False,9.0,4.0,4.0,4.0,-0.00338409475465313,,,,0.0,3.0,2.0,0.0
b880ccda364f,W2070382005,AISIN IMRA(米国・imra.com),2004.0,article,2004.0,article,False,12.0,32.0,20.0,22.0,-0.001910828025477707,9.801427996935491,-13.425958039621667,21,0.0,3.0,1.0,4.0
b8824ac6926a,W1970946056,AISIN IMRA(米国・imra.com),1993.0,article,1993.0,article,False,15.0,42.0,23.0,28.0,-0.002373887240356083,441.8986142178406,351.357781559594,6,0.0,4.0,0.0,6.0
b914197df9a5,W2029675787,AISIN IMRA(米国・imra.com),1994.0,article,1994.0,article,False,10.0,112.0,26.0,46.0,0.014469453376205787,816.0996694565597,324.0256438540408,3,13.944444444444445,4.0,2.0,63.0
b9b00cbdc4e4,W1992001371,AISIN IMRA(米国・imra.com),1993.0,article,1993.0,article,False,10.0,45.0,6.0,16.0,0.002402691013935608,166.06878994913245,-27.833684015956912,15,10.999999999999998,5.0,0.0,18.0
bb7e25b7e9d6,W1483439203,AISIN IMRA(米国・imra.com),1998.0,conference-paper,1998.0,article,False,5.0,13.0,5.0,9.0,0.034482758620689655,2241.2792336759944,2241.2792336759944,0,0.0,2.0,1.0,0.0
bd2ac7754a4f,W1994827747,AISIN IMRA(米国・imra.com),2006.0,conference-paper,2006.0,article,False,0.0,9.0,1.0,6.0,0.0,,,,3.0,0.0,0.0,0.0
bd67deff48c0,W2048152194,AISIN IMRA(米国・imra.com),2006.0,article,2006.0,article,False,5.0,63.0,30.0,50.0,-0.0311284046692607,1070.89929073845,58.980486413588835,3,3.466666666666667,3.0,1.0,8.0
bdc4a84b1e1e,W1984592295,AISIN IMRA(米国・imra.com),2000.0,article,2000.0,article,False,15.0,107.0,28.0,71.0,-0.023701462430660614,592.5246476827449,3.5587430311206285,10,3.24047619047619,5.0,3.0,1.0
be27986bcef2,W2083769613,AISIN IMRA(米国・imra.com),2004.0,article,2004.0,article,False,19.0,61.0,28.0,37.0,-0.0012542482602362843,88.10083571951486,-11.833775349187338,55,1.5,4.0,2.0,1.0
be953414fea7,W1503378058,AISIN IMRA(米国・imra.com),2002.0,conference-paper,2002.0,article,False,2.0,0.0,0.0,0.0,0.0,,,,,0.0,0.0,0.0
c1d89067941e,W3134077180,AISIN IMRA(米国・imra.com),2021.0,conference-paper,2021.0,article,False,0.0,2.0,2.0,2.0,0.0,,,,0.0,0.0,0.0,0.0
c207f10fff8c,W2107119851,AISIN IMRA(米国・imra.com),2011.0,conference-paper,2011.0,article,False,5.0,0.0,0.0,0.0,0.0,,,,,0.0,0.0,0.0
c3c8ba653e72,W4286643433,AISIN IMRA(米国・imra.com),2022.0,article,2022.0,article,False,15.0,5.0,5.0,5.0,-0.006535947712418301,224.5443604891736,57.645361245631676,28,0.0,4.0,1.0,0.0
c471018605a3,W2005773820,AISIN IMRA(米国・imra.com),2004.0,article,2004.0,article,False,9.0,13.0,2.0,6.0,-0.005128205128205128,687.0570421110416,73.20124617958511,10,5.499999999999999,2.0,2.0,0.0
c4a48869c0d2,W2155366999,AISIN IMRA(米国・imra.com),2000.0,conference-paper,2000.0,article,False,3.0,0.0,0.0,0.0,0.0,,,,,0.0,0.0,0.0
c5c8173ea712,W3187090840,AISIN IMRA(米国・imra.com),2021.0,book-chapter,2021.0,book-chapter,False,55.0,10.0,10.0,10.0,0.0,,,,0.25,4.0,3.0,0.0
c786b0df039f,W2048362658,AISIN IMRA(米国・imra.com),2007.0,article,2007.0,article,False,21.0,16.0,11.0,13.0,0.00019788265558523795,410.6557613838271,52.31119014103879,45,0.0,8.0,3.0,0.0
c8ae7905cba7,W2043476160,AISIN IMRA(米国・imra.com),2010.0,conference-paper,2010.0,article,False,0.0,2.0,1.0,2.0,0.0,,,,0.0,0.0,0.0,0.0
cac61616510d,W2013949488,AISIN IMRA(米国・imra.com),2007.0,conference-paper,2007.0,article,False,0.0,5.0,3.0,4.0,0.0,,,,3.0,0.0,0.0,1.0
cb244a16d359,W2020287895,AISIN IMRA(米国・imra.com),1994.0,article,1994.0,article,False,96.0,50.0,19.0,25.0,-0.00221126041843851,350.1009652346339,121.36172741412432,55,15.574242424242424,1.0,1.0,17.0
cb26a8385e05,W2030887500,AISIN IMRA(米国・imra.com),2003.0,conference-paper,2003.0,article,False,0.0,1.0,1.0,1.0,0.0,,,,0.0,0.0,0.0,3.0
cb9ae91b7a06,W7164835530,AISIN IMRA(米国・imra.com),2026.0,article,,,,,,,,,,,,,,,
cd6763c2f151,W2082039771,AISIN IMRA(米国・imra.com),2009.0,article,2009.0,article,False,1.0,3.0,2.0,2.0,0.010238907849829351,,,,0.0,1.0,2.0,0.0
ce7d0376d004,W1983502017,AISIN IMRA(米国・imra.com),2011.0,conference-paper,2011.0,article,False,3.0,0.0,0.0,0.0,0.0,,,,,0.0,0.0,0.0
cedc01ec05ce,W2138491308,AISIN IMRA(米国・imra.com),1997.0,article,1997.0,article,False,14.0,61.0,23.0,41.0,-0.0009112210361884926,157.3228082517809,17.470802091328732,15,0.0,5.0,2.0,49.0
d0fe578c8290,W2128221248,AISIN IMRA(米国・imra.com),2005.0,conference-paper,2005.0,article,False,4.0,6.0,3.0,6.0,0.005333333333333333,,,,0.0,5.0,1.0,6.0
d22f851a67ba,W2252398950,AISIN IMRA(米国・imra.com),2016.0,article,2016.0,article,False,33.0,226.0,146.0,225.0,-0.022602902688555793,1399.6245887371426,351.4945667206816,45,138.95061728395063,5.0,2.0,1.0
d24955042507,W2077107834,AISIN IMRA(米国・imra.com),1998.0,article,1998.0,article,False,7.0,38.0,10.0,20.0,-0.0017873100983020554,1152.4036302982283,1152.4036302982283,0,48.15686274509804,5.0,1.0,3.0
d2ba4d05d1a8,W2040400358,AISIN IMRA(米国・imra.com),2008.0,article,2008.0,article,False,26.0,55.0,37.0,46.0,0.002025409685140858,417.36080900100745,36.31796556860709,45,0.0,3.0,1.0,0.0
d2f304de6923,W2320122342,AISIN IMRA(米国・imra.com),2012.0,article,2012.0,article,False,0.0,0.0,0.0,0.0,0.0,,,,,0.0,0.0,0.0
d390bf8bc04b,W2084000053,AISIN IMRA(米国・imra.com),2007.0,article,2007.0,article,False,22.0,11.0,9.0,11.0,-0.00021427040925648167,507.67652783317567,165.8659102217434,28,0.0,8.0,3.0,0.0
d43dd3c043cd,W2068461541,AISIN IMRA(米国・imra.com),2011.0,article,2011.0,article,False,37.0,103.0,52.0,80.0,-0.009166302924487123,277.1516302928417,11.141806097686793,120,-0.0625,6.0,2.0,0.0
d6d7a0e80b5a,W2077079774,AISIN IMRA(米国・imra.com),1996.0,article,1996.0,article,False,9.0,20.0,9.0,12.0,0.0008098805426199635,668.3233316076519,221.7134527626754,10,0.0,3.0,1.0,0.0
d8b9e58387e7,W2045065732,AISIN IMRA(米国・imra.com),1996.0,article,1996.0,article,False,11.0,32.0,16.0,19.0,0.0025906735751295338,1449.0650105636212,196.90997991071407,3,2.3500000000000005,4.0,2.0,0.0
d93bb332a08f,W2147935803,AISIN IMRA(米国・imra.com),2006.0,article,2006.0,article,False,21.0,17.0,6.0,11.0,0.0005491488193300384,531.0352691942672,104.00047613320524,28,8.375,1.0,1.0,0.0
d97d2f5454d9,W3110328839,AISIN IMRA(米国・imra.com),2020.0,article,2020.0,article,False,47.0,12.0,12.0,12.0,0.0,1.0753552227211165,-24.672014494726703,210,0.0,11.0,4.0,0.0
db1c5b1d0988,W3131225192,AISIN IMRA(米国・imra.com),2021.0,article,,,,,,,,,,,,,,,
dcac46a11287,W2130312484,AISIN IMRA(米国・imra.com),2009.0,conference-paper,2009.0,article,False,4.0,2.0,2.0,2.0,0.0,,,,0.0,3.0,1.0,0.0
dd91b1b3b0b8,W1490200371,AISIN IMRA(米国・imra.com),2003.0,conference-paper,2003.0,article,False,3.0,1.0,0.0,1.0,-0.0029239766081871343,,,,0.0,4.0,1.0,4.0
e15a7ad239ac,W2082510896,AISIN IMRA(米国・imra.com),1996.0,article,1996.0,article,False,10.0,18.0,7.0,9.0,0.021739130434782608,558.574735320822,64.12313218293212,15,0.0,5.0,2.0,9.0
e22edc08944b,W2019809725,AISIN IMRA(米国・imra.com),2006.0,article,2006.0,article,False,14.0,77.0,31.0,60.0,-0.005723781388478582,459.2716794226122,136.801723448433,28,-0.2023809523809524,8.0,3.0,0.0
e2c046a681a8,W2041087449,AISIN IMRA(米国・imra.com),1996.0,article,1996.0,article,False,30.0,29.0,3.0,9.0,0.0007501875468867217,559.3364326574475,24.519188629150634,28,4.0,4.0,2.0,3.0
e431cbee321b,W2160732370,AISIN IMRA(米国・imra.com),1998.0,article,1998.0,article,False,7.0,18.0,11.0,17.0,0.027972027972027972,294.9792670123543,71.0583900158898,3,3.5,3.0,2.0,1.0
e4974ff91c47,W2560568556,AISIN IMRA(米国・imra.com),2016.0,conference-paper,2016.0,article,False,3.0,0.0,0.0,0.0,0.0,126.43530962219536,78.27529721855672,3,,0.0,0.0,0.0
e49d832d6174,W2314217080,AISIN IMRA(米国・imra.com),2011.0,article,2011.0,article,False,35.0,82.0,25.0,63.0,0.0005357211188918226,67.80866146568933,-5.867127775988304,210,7.284920634920636,4.0,1.0,1.0
e4e4da87cad2,W2109399298,AISIN IMRA(米国・imra.com),1999.0,article,1999.0,article,False,7.0,22.0,11.0,16.0,0.004702194357366771,730.5625404969423,295.39081235905735,1,0.0,5.0,1.0,0.0
e520c37a5e2c,W3026658737,AISIN IMRA(米国・imra.com),2020.0,article,2020.0,article,False,29.0,26.0,26.0,26.0,-0.00546448087431694,1130.0867817582048,74.64788408418669,55,0.0,5.0,3.0,0.0
e6a1bbdf3be5,W2100810908,AISIN IMRA(米国・imra.com),2006.0,conference-paper,2006.0,article,False,11.0,0.0,0.0,0.0,0.0,,,,,0.0,0.0,0.0
e6c714afd89b,W4291710943,AISIN IMRA(米国・imra.com),2022.0,article,2022.0,article,False,47.0,10.0,10.0,10.0,-0.003239390994493035,13.424088112755978,-31.039816523600244,351,-0.25,8.0,3.0,0.0
e7105e8bf2cc,W2108343528,AISIN IMRA(米国・imra.com),2001.0,article,2001.0,article,False,16.0,54.0,11.0,30.0,0.0,618.6569351263828,90.96808046900087,28,11.107575757575757,4.0,2.0,0.0
e7fd6649d6c4,W1991515492,AISIN IMRA(米国・imra.com),1995.0,article,1995.0,article,False,15.0,10.0,2.0,2.0,-0.0016051364365971107,454.18413268861735,115.27889529363527,10,28.5,3.0,1.0,2.0
e8071b7e5a27,W2031147119,AISIN IMRA(米国・imra.com),2009.0,conference-paper,2009.0,article,False,0.0,14.0,4.0,10.0,0.0,,,,0.0,0.0,0.0,0.0
e95550409373,W2128299024,AISIN IMRA(米国・imra.com),2008.0,conference-paper,2008.0,article,False,8.0,2.0,2.0,2.0,0.0,,,,0.0,3.0,1.0,2.0
ea44d855708f,W1967310990,AISIN IMRA(米国・imra.com),2007.0,article,2007.0,article,False,4.0,28.0,12.0,22.0,0.1286549707602339,112.92563621983454,58.347677488601306,3,1.8095238095238093,4.0,1.0,1.0
eb6b3ca63f6c,W2053845346,AISIN IMRA(米国・imra.com),2010.0,article,2010.0,article,False,48.0,243.0,99.0,182.0,-0.002848926992917621,45.30412809669416,-14.021336019981055,253,0.1992156862745098,7.0,3.0,4.0
ebb2cae0ca8c,W1982465938,AISIN IMRA(米国・imra.com),2001.0,article,2001.0,article,False,8.0,55.0,26.0,39.0,0.04144527098831031,1239.4045896605248,601.7007010337065,1,0.43666666666666637,5.0,1.0,11.0
ef6f0811e516,W2034433651,AISIN IMRA(米国・imra.com),1998.0,article,1998.0,article,False,12.0,282.0,43.0,131.0,0.07019143117593436,80.49606632560662,-39.11598879594556,21,2.7773288439955115,1.0,1.0,56.0
f00a52fcfc6d,W2130336774,AISIN IMRA(米国・imra.com),1998.0,article,1998.0,article,False,6.0,38.0,10.0,16.0,0.05319148936170213,280.45351921798454,89.97304087802422,6,63.088235294117645,9.0,3.0,4.0
f00b5ce52224,W2104896075,AISIN IMRA(米国・imra.com),1995.0,article,1995.0,article,False,15.0,6.0,4.0,4.0,0.0,296.2626874475866,82.03444702464981,21,0.0,9.0,3.0,10.0
f07d611839ce,W2007144249,AISIN IMRA(米国・imra.com),2011.0,article,2011.0,article,False,24.0,71.0,27.0,62.0,-0.006452738053714684,314.95705691651546,16.212848170559354,66,-0.11309523809523836,12.0,5.0,1.0
f0a5307b776a,W4387451379,AISIN IMRA(米国・imra.com),2023.0,article,2023.0,article,False,30.0,2.0,2.0,2.0,-0.0012961762799740765,116.28208219770694,-9.514904981746824,136,0.0,8.0,2.0,0.0
f0d40601da9a,W2160269414,AISIN IMRA(米国・imra.com),1998.0,article,1998.0,article,False,8.0,36.0,20.0,30.0,-0.0014906303236797275,1152.4036302982283,1152.4036302982283,0,0.5,5.0,2.0,22.0
f14970c8cc66,W2075674907,AISIN IMRA(米国・imra.com),2012.0,conference-paper,2012.0,article,False,0.0,0.0,0.0,0.0,0.0,,,,,0.0,0.0,0.0
f2294435c12b,W2090033783,AISIN IMRA(米国・imra.com),2005.0,conference-paper,2005.0,article,False,6.0,56.0,27.0,40.0,0.27906976744186046,,,,0.0,5.0,1.0,4.0
f26aef31c493,W2057236784,AISIN IMRA(米国・imra.com),2003.0,conference-paper,2003.0,article,False,0.0,4.0,0.0,2.0,0.0,,,,0.0,0.0,0.0,0.0
f4965e1283d7,W3159267410,AISIN IMRA(米国・imra.com),2021.0,article,2021.0,article,False,60.0,110.0,110.0,110.0,-0.009660639088432003,393.3820517214566,6.29132881056535,253,0.2817982456140354,6.0,2.0,0.0
f4cf8a1751a1,W2974284352,AISIN IMRA(米国・imra.com),2019.0,article,2019.0,article,False,0.0,0.0,0.0,0.0,0.0,,,,,0.0,0.0,0.0
f4fa752d3ebd,W7123341240,AISIN IMRA(米国・imra.com),2026.0,article,,,,,,,,,,,,,,,
f6047d930dcc,W2027273230,AISIN IMRA(米国・imra.com),1996.0,article,1996.0,article,False,14.0,4.0,2.0,3.0,0.0,1449.0650105636212,73.71161474778253,3,0.0,7.0,4.0,8.0
f6c6622bb8af,W1964455003,AISIN IMRA(米国・imra.com),1995.0,article,1995.0,article,False,9.0,56.0,26.0,33.0,0.07142857142857142,695.031213892046,81.09729606202302,10,0.875,4.0,2.0,3.0
f753652b65dc,W2278489885,AISIN IMRA(米国・imra.com),1999.0,article,1999.0,article,False,8.0,19.0,13.0,14.0,-0.02895752895752896,286.76924850959233,30.260371065371483,15,0.0,4.0,2.0,0.0
f7c5908cd75e,W2106028934,AISIN IMRA(米国・imra.com),1998.0,article,1998.0,article,False,21.0,15.0,3.0,7.0,-0.004615384615384616,857.5640762549959,89.89754473927461,15,18.555555555555554,3.0,2.0,0.0
f8ff4cd3ae9a,W1964452859,AISIN IMRA(米国・imra.com),1994.0,article,1994.0,article,False,16.0,11.0,3.0,5.0,0.0006053268765133172,130.39415167267975,12.660078158424222,28,9.5,5.0,3.0,0.0
f97079941223,W2035890327,AISIN IMRA(米国・imra.com),2007.0,article,2007.0,article,False,26.0,11.0,5.0,9.0,-0.0006713211600429646,273.2668931332498,65.44432961544989,66,0.0,8.0,2.0,0.0
fa1e24a68b9f,W2028509015,AISIN IMRA(米国・imra.com),1999.0,article,1999.0,article,False,11.0,76.0,37.0,58.0,-0.012698412698412698,728.8077391439648,246.86472552252644,6,0.0,6.0,2.0,38.0
fa6601ddce7b,W2109299843,AISIN IMRA(米国・imra.com),2005.0,conference-paper,2005.0,article,False,0.0,3.0,2.0,2.0,0.0,,,,0.0,0.0,0.0,4.0
fae3d45cbbd9,W2048408596,AISIN IMRA(米国・imra.com),1998.0,article,1998.0,article,False,19.0,11.0,9.0,9.0,-0.00035112359550561797,1229.1374499303558,31.265094642643955,15,0.0,5.0,1.0,0.0
fae50c483648,W2037231852,AISIN IMRA(米国・imra.com),1998.0,conference-paper,1998.0,article,False,0.0,0.0,0.0,0.0,0.0,,,,,0.0,0.0,0.0
fb134c4bc485,W2115150018,AISIN IMRA(米国・imra.com),2001.0,article,2001.0,article,False,42.0,184.0,73.0,134.0,-0.0021470746108427268,455.0512360548699,33.55893817435987,78,-0.18671328671328669,1.0,1.0,63.0
fcf84c530275,W3010570349,AISIN IMRA(米国・imra.com),2020.0,conference-paper,2020.0,article,False,0.0,17.0,17.0,17.0,0.0,,,,-0.3055555555555557,0.0,0.0,0.0
fd12c0ddcd2e,W4408050483,AISIN IMRA(米国・imra.com),2025.0,article,,,,,,,,,,,,,,,
fdac5daf6da0,W4403316693,AISIN IMRA(米国・imra.com),2024.0,article,2024.0,article,False,103.0,0.0,0.0,0.0,0.0,509.1476877640207,9.828317712090255,351,,0.0,0.0,0.0
fe2ed783c920,W2079030380,AISIN IMRA(米国・imra.com),1988.0,article,1988.0,article,False,18.0,12.0,6.0,8.0,-0.000423728813559322,396.11974859333276,76.55120779472317,28,0.0,5.0,1.0,13.0
fe42adf66fde,W3197436840,AISIN IMRA(米国・imra.com),2021.0,article,2021.0,article,False,44.0,1.0,1.0,1.0,-0.0002469745616201531,11.94069519817747,-21.682813922053576,300,0.0,5.0,4.0,0.0
ff4beab700dc,W2082760172,AISIN IMRA(米国・imra.com),2006.0,conference-paper,2006.0,article,False,0.0,5.0,2.0,4.0,0.0,,,,7.999999999999999,0.0,0.0,3.0
004fc8c307f3,W4405786648,トヨタ自動車未来創成センター,2024.0,conference-paper,2024.0,article,False,0.0,0.0,0.0,0.0,0.0,,,,,0.0,0.0,0.0
01e1e998335f,W4281627546,トヨタ自動車未来創成センター,2022.0,article,2022.0,article,False,36.0,17.0,17.0,17.0,-0.005359877488514548,353.58823529411757,36.0967021589831,36,0.0,6.0,6.0,0.0
0293eaf1e4ec,W2909870687,トヨタ自動車未来創成センター,2019.0,conference-paper,2019.0,book-chapter,False,8.0,9.0,9.0,9.0,0.0033579583613163196,,,,0.0,5.0,3.0,0.0
04c22be2cf28,W7125595837,トヨタ自動車未来創成センター,2025.0,conference-paper,,,,,,,,,,,,,,,
08a982566c37,W4406612196,トヨタ自動車未来創成センター,2024.0,conference-paper,,,,,,,,,,,,,,,
0ba80a2292fc,W4225305103,トヨタ自動車未来創成センター,2022.0,conference-paper,2022.0,article,False,24.0,2.0,2.0,2.0,0.0,40.80995606425571,-38.64610720107118,66,0.0,5.0,2.0,0.0
0db34d8fe1ea,W4408520350,トヨタ自動車未来創成センター,2025.0,article,,,,,,,,,,,,,,,
0dc9d7e18842,W2891196798,トヨタ自動車未来創成センター,2018.0,conference-paper,2018.0,article,False,15.0,11.0,11.0,11.0,-0.0009629935341862705,,,,0.0,3.0,2.0,0.0
1236ecb7abe5,W7125615368,トヨタ自動車未来創成センター,2025.0,conference-paper,,,,,,,,,,,,,,,
133cd681dac3,W4406794742,トヨタ自動車未来創成センター,2025.0,article,,,,,,,,,,,,,,,
140342bb6f20,W3157392895,トヨタ自動車未来創成センター,2021.0,article,2021.0,article,False,41.0,18.0,18.0,18.0,-0.007157464212678937,59.91336687769609,-6.09830541768783,300,-0.1,5.0,4.0,0.0
16c675fefb5b,W2951505038,トヨタ自動車未来創成センター,2018.0,article,2018.0,article,False,212.0,101.0,95.0,100.0,-0.00039529703366969195,67.04403365917753,-2.6085767367064236,4371,1.625,14.0,8.0,2.0
1bcaa3c25be8,W2751052747,トヨタ自動車未来創成センター,2017.0,article,2017.0,article,False,14.0,6.0,5.0,6.0,-0.0014953271028037382,-15.659292866735193,-51.42901813064869,28,0.0,5.0,2.0,0.0
1c7dfd97967b,W4394906268,トヨタ自動車未来創成センター,2024.0,preprint,2024.0,preprint,False,0.0,0.0,0.0,0.0,0.0,,,,,0.0,0.0,0.0
1edf950142dc,W2884249193,トヨタ自動車未来創成センター,2018.0,article,2018.0,article,False,18.0,21.0,21.0,21.0,0.004985044865403789,90.5560133823,6.7738506894089525,36,1.0,6.0,3.0,0.0
2067c9562882,W2885365305,トヨタ自動車未来創成センター,2018.0,conference-paper,2018.0,article,False,1.0,36.0,35.0,36.0,0.006400787789266372,,,,0.0,5.0,1.0,0.0
22c563fee328,W2897652053,トヨタ自動車未来創成センター,2018.0,article,2018.0,article,False,30.0,3.0,3.0,3.0,0.0003215434083601286,65.30207010777193,16.88888888888889,66,0.0,3.0,1.0,0.0
23e2740de448,W2962692363,トヨタ自動車未来創成センター,2019.0,article,2019.0,article,False,57.0,4.0,4.0,4.0,-0.00017580872011251758,1372.4313509272986,16.1729435343138,105,0.0,1.0,1.0,0.0
27d68fbe666c,W2903947135,トヨタ自動車未来創成センター,2018.0,article,2018.0,article,False,22.0,3.0,3.0,3.0,-7.164350193437455e-05,124.4481746677614,1.3986116666465485,105,0.0,8.0,6.0,0.0
28772b2ede0a,W2985193180,トヨタ自動車未来創成センター,2019.0,article,2019.0,article,False,32.0,4.0,4.0,4.0,2.9074838634645577e-05,70.13309463104675,17.304857788439477,91,0.0,5.0,2.0,0.0
295dd1f33ebb,W2885862219,トヨタ自動車未来創成センター,2018.0,article,2018.0,article,False,29.0,11.0,7.0,11.0,-0.0004764173415912339,21.615695398723936,-15.113065856884825,171,4.533333333333333,6.0,2.0,0.0
2b3bda66c720,W3020990750,トヨタ自動車未来創成センター,2020.0,article,2020.0,article,False,35.0,67.0,67.0,67.0,-0.009408602150537635,137.87050014111176,28.819383565170632,171,0.05827505827505844,4.0,2.0,0.0
2c5a4b7fddcc,W3128828800,トヨタ自動車未来創成センター,2021.0,article,2021.0,article,False,46.0,16.0,16.0,16.0,-0.0008764241893076249,115.96830597457688,-21.27930049446068,190,0.0,8.0,3.0,0.0
2e3443dcdd7b,W3216575798,トヨタ自動車未来創成センター,2021.0,article,2021.0,article,False,28.0,2.0,2.0,2.0,0.0,116.02129989353466,-6.026113970609657,78,0.0,5.0,1.0,0.0
304d77bab749,W2937027327,トヨタ自動車未来創成センター,2019.0,article,2019.0,article,False,78.0,71.0,70.0,70.0,-0.006566442025228962,54.617637917790056,-6.66360786096921,780,0.3124999999999999,13.0,5.0,1.0
35d2d9a2ab36,W2938556542,トヨタ自動車未来創成センター,2019.0,conference-paper,2019.0,article,False,26.0,0.0,0.0,0.0,0.0,61.881992657853914,-0.447213595499958,91,,0.0,0.0,0.0
3768be6ac837,W4389665495,トヨタ自動車未来創成センター,2023.0,conference-paper,2023.0,article,False,0.0,0.0,0.0,0.0,0.0,,,,,0.0,0.0,0.0
3974689d81db,W4389946236,トヨタ自動車未来創成センター,2023.0,conference-paper,2023.0,article,False,14.0,0.0,0.0,0.0,0.0,,,,,0.0,0.0,0.0
3c0c02f98e81,W4377287537,トヨタ自動車未来創成センター,2023.0,article,2023.0,article,False,14.0,1.0,1.0,1.0,-0.0010438413361169101,541.7670609102767,13.68649003766951,28,0.0,5.0,2.0,0.0
3e3b6ac4b4a6,W4415223551,トヨタ自動車未来創成センター,2025.0,conference-paper,,,,,,,,,,,,,,,
40c3900e414c,W3012111352,トヨタ自動車未来創成センター,2020.0,article,2020.0,article,False,80.0,17.0,17.0,17.0,-7.769019973444078e-05,442.3866338054732,23.11811659006643,496,0.0,4.0,3.0,0.0
438325c7829e,W3203648144,トヨタ自動車未来創成センター,2021.0,article,2021.0,article,False,15.0,0.0,0.0,0.0,0.0,5124.1340999143395,156.1040510237569,10,,0.0,0.0,0.0
4426304a2135,W4413926074,トヨタ自動車未来創成センター,2025.0,conference-paper,,,,,,,,,,,,,,,
461bd60b5c38,W2782089919,トヨタ自動車未来創成センター,2018.0,article,2018.0,article,False,16.0,12.0,10.0,12.0,-0.0002101723413198823,68.68084757433772,7.354161834588661,21,1.0,4.0,2.0,0.0
49652640086d,W7110066572,トヨタ自動車未来創成センター,2025.0,article,,,,,,,,,,,,,,,
49cf5402c65b,W4416284250,トヨタ自動車未来創成センター,2025.0,preprint,,,,,,,,,,,,,,,
4c76d4a8cf71,W4389665366,トヨタ自動車未来創成センター,2023.0,conference-paper,2023.0,article,False,33.0,1.0,1.0,1.0,-2.755580049600441e-05,621.6709822841863,95.49662524186954,66,0.0,5.0,1.0,0.0
4e5fb6363e9c,W4414432703,トヨタ自動車未来創成センター,2025.0,conference-paper,,,,,,,,,,,,,,,
584944f8b64b,W2899304514,トヨタ自動車未来創成センター,2018.0,conference-paper,2018.0,article,False,5.0,2.0,2.0,2.0,2.389392055032478e-06,,,,0.0,4.0,1.0,0.0
5d24803d1222,W4377137320,トヨタ自動車未来創成センター,2023.0,article,2023.0,article,False,48.0,4.0,4.0,4.0,5.502517401711283e-05,14.661576724932036,-27.398978388530082,465,0.0,11.0,3.0,0.0
5f8ac6858045,W4388919076,トヨタ自動車未来創成センター,2023.0,article,2023.0,article,False,14.0,1.0,1.0,1.0,-0.0009372071227741331,59.89329182549537,-16.399597815514802,28,0.0,5.0,3.0,0.0
5fcff8ee5f8b,W7123352096,トヨタ自動車未来創成センター,2026.0,article,,,,,,,,,,,,,,,
61198cf88bd5,W2922432177,トヨタ自動車未来創成センター,2018.0,conference-paper,2018.0,article,False,17.0,13.0,12.0,13.0,-2.714440825190011e-05,14.810855673563653,3.6666666666666665,21,0.75,6.0,2.0,0.0
6152a9ae67b2,W2898902231,トヨタ自動車未来創成センター,2018.0,conference-paper,2018.0,article,False,23.0,5.0,5.0,5.0,1.1853298832331532e-06,165.9850460220998,-3.7990968782056074,55,0.0,4.0,3.0,0.0
625b126a686e,W2907797934,トヨタ自動車未来創成センター,2018.0,conference-paper,2018.0,article,False,11.0,7.0,7.0,7.0,0.0022338049143708115,54.5,6.1435496628944115,10,0.0,3.0,2.0,0.0
62bebd280b1b,W2919099715,トヨタ自動車未来創成センター,2019.0,article,2019.0,article,False,35.0,51.0,51.0,51.0,-0.001979293544457978,201.5916796140794,-7.63759158719803,231,0.0,5.0,3.0,0.0
6433436a43c6,W4375851753,トヨタ自動車未来創成センター,2023.0,article,2023.0,article,False,24.0,1.0,1.0,1.0,0.0029069767441860465,82.60348953251315,-51.67092555656562,78,0.0,8.0,2.0,0.0
666645c0e7a2,W3034332915,トヨタ自動車未来創成センター,2020.0,conference-paper,2020.0,preprint,False,35.0,10.0,10.0,10.0,-3.216364864430221e-05,,,,0.0,3.0,3.0,0.0
66fe0f391d63,W7117101126,トヨタ自動車未来創成センター,2025.0,conference-paper,,,,,,,,,,,,,,,
691b574f30ae,W2951461412,トヨタ自動車未来創成センター,2019.0,article,2019.0,article,False,74.0,54.0,54.0,54.0,-0.0015718972115910334,87.87227052122674,-2.791935082764841,561,0.6488095238095238,6.0,7.0,1.0
6bb9b41a2203,W4417262316,トヨタ自動車未来創成センター,2025.0,article,,,,,,,,,,,,,,,
6c87b7ec0310,W4412593189,トヨタ自動車未来創成センター,2025.0,conference-paper,,,,,,,,,,,,,,,
6d757339e104,W4285102542,トヨタ自動車未来創成センター,2022.0,conference-paper,2022.0,article,False,20.0,4.0,4.0,4.0,-0.003257328990228013,394.34832618525786,142.8431251962851,28,0.0,3.0,2.0,0.0
6e8e782da858,W2802674238,トヨタ自動車未来創成センター,2018.0,article,2018.0,article,False,40.0,4.0,2.0,4.0,-0.000222000222000222,215.33551638172605,10.105538227829964,300,5.0,10.0,7.0,0.0
70ce2b43703e,W3162327319,トヨタ自動車未来創成センター,2021.0,article,2021.0,preprint,False,25.0,0.0,0.0,0.0,0.0,,,,,0.0,0.0,0.0
70f068cc68c2,W4415223957,トヨタ自動車未来創成センター,2025.0,conference-paper,,,,,,,,,,,,,,,
7394b8f9c395,W4321020306,トヨタ自動車未来創成センター,2023.0,conference-paper,2023.0,article,False,19.0,0.0,0.0,0.0,0.0,562.2711997433302,102.1292429303877,21,,0.0,0.0,0.0
7498f7eaab3f,W2903952466,トヨタ自動車未来創成センター,2018.0,article,2018.0,article,False,2.0,1.0,1.0,1.0,-3.096838128271035e-05,,,,0.0,4.0,2.0,0.0
789dbbedb440,W2992250360,トヨタ自動車未来創成センター,2019.0,conference-paper,2019.0,book-chapter,False,8.0,10.0,10.0,10.0,0.0,,,,0.0,8.0,3.0,0.0
80c9850e8d43,W4416749291,トヨタ自動車未来創成センター,2025.0,conference-paper,,,,,,,,,,,,,,,
80f26be997e2,W4403676890,トヨタ自動車未来創成センター,2024.0,conference-paper,2024.0,article,False,0.0,0.0,0.0,0.0,0.0,,,,,0.0,0.0,0.0
824f1914626e,W4388918005,トヨタ自動車未来創成センター,2023.0,article,2023.0,article,False,13.0,3.0,3.0,3.0,0.0010217983651226157,104.62509086521366,-14.540988278186163,36,0.0,5.0,3.0,0.0
82adc0294157,W4407403400,トヨタ自動車未来創成センター,2025.0,conference-paper,,,,,,,,,,,,,,,
84a58934cd79,W4401726313,トヨタ自動車未来創成センター,2024.0,article,2024.0,article,False,13.0,0.0,0.0,0.0,0.0,152.34757896243713,47.40203382271352,10,,0.0,0.0,0.0
8528eb8cdf26,W2947311533,トヨタ自動車未来創成センター,2019.0,article,2019.0,article,False,30.0,185.0,185.0,185.0,0.013051963893632593,38.048951048951075,1.640311309985473,105,-0.34523809523809523,6.0,2.0,0.0
870dc004e061,W2998892609,トヨタ自動車未来創成センター,2019.0,conference-paper,2019.0,article,False,12.0,1.0,1.0,1.0,0.00020267531414673692,44.01816853018084,-0.6267813191634968,45,0.0,4.0,2.0,0.0
88e8125ccb6f,W4402529802,トヨタ自動車未来創成センター,2024.0,article,2024.0,article,False,54.0,0.0,0.0,0.0,0.0,51.248868679030394,-4.975139628601633,300,,0.0,0.0,0.0
892c666b2a34,W3115649690,トヨタ自動車未来創成センター,2020.0,conference-paper,2020.0,article,False,15.0,0.0,0.0,0.0,0.0,,,,,0.0,0.0,0.0
945604727437,W4407404757,トヨタ自動車未来創成センター,2025.0,conference-paper,,,,,,,,,,,,,,,
98aa059c2fbc,W4406353904,トヨタ自動車未来創成センター,2025.0,article,,,,,,,,,,,,,,,
9defcdf411af,W2931696084,トヨタ自動車未来創成センター,2019.0,article,2019.0,article,False,30.0,14.0,14.0,14.0,0.0002007897731075564,6.333333333333333,-5.431725766078345,253,0.0,10.0,4.0,0.0
9f2b54a78c3a,W2968182053,トヨタ自動車未来創成センター,2019.0,conference-paper,2019.0,book-chapter,False,15.0,1.0,1.0,1.0,-0.0007272727272727272,,,,0.0,3.0,2.0,0.0
9f7f1f0e2493,W4408200231,トヨタ自動車未来創成センター,2025.0,article,,,,,,,,,,,,,,,
a2886ae8b620,W4386072498,トヨタ自動車未来創成センター,2023.0,conference-paper,2023.0,article,False,58.0,5.0,5.0,5.0,-5.213492518638236e-05,,,,0.0,22.0,12.0,0.0
a2a7d8abd373,W2803927834,トヨタ自動車未来創成センター,2018.0,article,2018.0,article,False,62.0,29.0,28.0,29.0,-8.391921377021054e-05,361.7829165023708,69.06696490285847,406,0.12202380952380953,15.0,4.0,0.0
a375d473c249,W7161842997,トヨタ自動車未来創成センター,2026.0,preprint,,,,,,,,,,,,,,,
ae19ca349314,W4417305426,トヨタ自動車未来創成センター,2025.0,article,,,,,,,,,,,,,,,
b482e43eb89f,W4309836407,トヨタ自動車未来創成センター,2022.0,article,2022.0,article,False,37.0,2.0,2.0,2.0,0.0,81.49923986787454,-39.49022295881474,210,0.0,7.0,2.0,0.0
b569a0b0b052,W2886179568,トヨタ自動車未来創成センター,2018.0,article,2018.0,article,False,19.0,24.0,17.0,24.0,0.0,18.275850358791466,-10.705876941988254,105,2.583333333333333,3.0,2.0,0.0
b64d72588d55,W3201035186,トヨタ自動車未来創成センター,2021.0,article,2021.0,article,False,28.0,15.0,15.0,15.0,0.0001902587519025875,18.997393366253224,-3.5689703028138404,136,0.0,9.0,2.0,0.0
b93796e1efb7,W2804891162,トヨタ自動車未来創成センター,2018.0,article,2018.0,article,False,28.0,8.0,7.0,8.0,-0.00011766090128250382,201.51821019723235,6.999999999999999,136,0.0,4.0,1.0,0.0
bbd5871c0e12,W2774494190,トヨタ自動車未来創成センター,2017.0,article,2017.0,article,False,26.0,8.0,6.0,8.0,0.0,69.1750712048096,6.957395477727173,45,0.0,4.0,1.0,0.0
bc182cf274aa,W2910595675,トヨタ自動車未来創成センター,2018.0,conference-paper,2018.0,article,False,20.0,10.0,10.0,10.0,-5.4911112636419794e-05,601.1480442439,16.437237994961833,21,0.0,6.0,3.0,0.0
bd5ec03bcf0b,W4290964347,トヨタ自動車未来創成センター,2022.0,article,2022.0,article,False,11.0,4.0,4.0,4.0,0.004081632653061225,99.29768079751263,15.192648182717802,15,0.0,4.0,2.0,0.0
bf5747d045e5,W2970776047,トヨタ自動車未来創成センター,2019.0,conference-paper,2019.0,article,False,32.0,1.0,1.0,1.0,-0.00018528812303131369,418.7094345772816,0.7326639638372794,66,0.0,4.0,2.0,0.0
c2efdbc8a0db,W4408016760,トヨタ自動車未来創成センター,2024.0,article,,,,,,,,,,,,,,,
c340f7ef84db,W7135085313,トヨタ自動車未来創成センター,2026.0,conference-paper,,,,,,,,,,,,,,,
c5373839c4d0,W3088294940,トヨタ自動車未来創成センター,2020.0,article,2020.0,article,False,43.0,75.0,75.0,75.0,-0.0014605100550499944,71.19354838709677,-9.33398269716093,231,0.4374999999999999,14.0,5.0,0.0
c566a40894d3,W4409720314,トヨタ自動車未来創成センター,2025.0,conference-paper,,,,,,,,,,,,,,,
c62d92671467,W4281728106,トヨタ自動車未来創成センター,2022.0,article,2022.0,article,False,25.0,11.0,11.0,11.0,0.0034263338228095936,2.1257168671227418,-9.805642943199478,55,0.0,6.0,3.0,0.0
c724de77db6a,W7116337312,トヨタ自動車未来創成センター,2025.0,article,,,,,,,,,,,,,,,
c8cfb619c632,W4415524702,トヨタ自動車未来創成センター,2025.0,conference-paper,,,,,,,,,,,,,,,
c9484bfeba2f,W4413945050,トヨタ自動車未来創成センター,2025.0,conference-paper,,,,,,,,,,,,,,,
ca4ef11efdb1,W4407403439,トヨタ自動車未来創成センター,2025.0,conference-paper,,,,,,,,,,,,,,,
cb3b3c84ea49,W4410297873,トヨタ自動車未来創成センター,2025.0,conference-paper,,,,,,,,,,,,,,,
cca034884936,W4387143405,トヨタ自動車未来創成センター,2023.0,conference-paper,2023.0,article,False,29.0,1.0,1.0,1.0,0.00046992481203007516,21.90442923475758,-1.4510947763114896,78,0.0,3.0,2.0,0.0
d00b67385d55,W3024709002,トヨタ自動車未来創成センター,2020.0,article,2020.0,article,False,46.0,18.0,18.0,18.0,-0.0014347202295552368,559.9570778070045,60.05056052373655,351,1.5,10.0,5.0,2.0
d034a66bf244,W3090303220,トヨタ自動車未来創成センター,2020.0,conference-paper,2020.0,article,False,17.0,16.0,16.0,16.0,0.00040004000400040005,,,,0.0,5.0,2.0,0.0
d0a2d74628b6,W4414034847,トヨタ自動車未来創成センター,2025.0,conference-paper,,,,,,,,,,,,,,,
d0d6ae494d25,W4402827546,トヨタ自動車未来創成センター,2024.0,conference-paper,2024.0,book-chapter,False,13.0,0.0,0.0,0.0,0.0,,,,,0.0,0.0,0.0
d126688dd88d,W4415950387,トヨタ自動車未来創成センター,2025.0,article,,,,,,,,,,,,,,,
d26d834e314a,W4404953370,トヨタ自動車未来創成センター,2024.0,conference-paper,2024.0,article,False,0.0,0.0,0.0,0.0,0.0,,,,,0.0,0.0,0.0
d492ca90aab5,W3036480421,トヨタ自動車未来創成センター,2020.0,article,2020.0,article,False,27.0,3.0,3.0,3.0,-0.0010152284263959391,51.49031563475472,-1.6325456948772932,55,0.0,4.0,3.0,0.0
d4f0d6c91116,W4206116909,トヨタ自動車未来創成センター,2022.0,article,2022.0,article,False,33.0,5.0,5.0,5.0,0.0024937655860349127,97.6338040613098,-1.9961636630768376,55,0.0,12.0,3.0,0.0
d59ef6856782,W3013780659,トヨタ自動車未来創成センター,2020.0,article,2020.0,article,False,36.0,41.0,41.0,41.0,-0.009769933816577371,213.70710485294308,-9.450254180085185,153,0.5793650793650792,8.0,3.0,0.0
d602b7ddd952,W4401183681,トヨタ自動車未来創成センター,2024.0,article,,,,,,,,,,,,,,,
d90ba3638783,W3158729705,トヨタ自動車未来創成センター,2022.0,preprint,2022.0,article,False,65.0,13.0,10.0,10.0,-0.005790387955993051,43.29416375661523,-1.3567019653137358,210,0.75,8.0,7.0,0.0
d9e378213490,W3037447001,トヨタ自動車未来創成センター,2020.0,article,2020.0,article,False,40.0,19.0,19.0,19.0,-0.0019718680163007757,143.4958847426345,-9.492112711347612,351,1.666666666666667,7.0,3.0,0.0
db19d8fe035f,W4200326678,トヨタ自動車未来創成センター,2021.0,article,2021.0,article,False,27.0,9.0,9.0,9.0,-0.0035739814152966403,191.71972752080003,-2.5841279790672305,136,0.0,6.0,4.0,0.0
dc63217997cb,W2911082410,トヨタ自動車未来創成センター,2018.0,conference-paper,2018.0,article,False,17.0,49.0,47.0,49.0,0.001455827139682783,19.073330954666922,0.8877382569927129,45,0.0,6.0,2.0,0.0
df06e45580a6,W4401416219,トヨタ自動車未来創成センター,2024.0,conference-paper,2024.0,article,False,17.0,2.0,2.0,2.0,0.0,,,,0.0,7.0,1.0,0.0
e11964103855,W4412082050,トヨタ自動車未来創成センター,2025.0,conference-paper,,,,,,,,,,,,,,,
e1cb6802c070,W2946484354,トヨタ自動車未来創成センター,2019.0,article,2019.0,article,False,19.0,1.0,1.0,1.0,-0.0004789272030651341,-12.049808239953107,-83.16536847214925,66,0.0,8.0,2.0,0.0
e58fc908d349,W2905358616,トヨタ自動車未来創成センター,2018.0,conference-paper,2018.0,article,False,19.0,8.0,8.0,8.0,0.008968609865470852,601.1480442439,20.917743478335836,15,0.5,6.0,3.0,1.0
e7ff5f0334e9,W7135206505,トヨタ自動車未来創成センター,2026.0,conference-paper,,,,,,,,,,,,,,,
e88e930525d2,W4400411437,トヨタ自動車未来創成センター,2024.0,article,2024.0,article,False,26.0,0.0,0.0,0.0,0.0,321.9275907095113,68.41191324190343,45,,0.0,0.0,0.0
e8d6029e1261,W7125525066,トヨタ自動車未来創成センター,2026.0,article,,,,,,,,,,,,,,,
ea1b251c1dd7,W4321020362,トヨタ自動車未来創成センター,2023.0,conference-paper,2023.0,article,False,13.0,0.0,0.0,0.0,0.0,94.22372533736342,-0.008854378345066471,28,,0.0,0.0,0.0
eb2ae282030f,W3114570494,トヨタ自動車未来創成センター,2020.0,article,2020.0,article,False,26.0,5.0,5.0,5.0,-0.00023832221163012392,441.31057956257,14.806798010992944,45,0.0,4.0,2.0,0.0
eeccf9ce9089,W3023856510,トヨタ自動車未来創成センター,2020.0,conference-paper,2020.0,article,False,6.0,0.0,0.0,0.0,0.0,,,,,0.0,0.0,0.0
f50c46f2229e,W2907678173,トヨタ自動車未来創成センター,2018.0,article,2018.0,article,False,49.0,15.0,13.0,15.0,0.00045113398679407787,18.575758938262627,-13.209123619361357,231,5.4375,3.0,2.0,0.0
f5787515b5af,W3100322150,トヨタ自動車未来創成センター,2020.0,article,2020.0,article,False,0.0,0.0,0.0,0.0,0.0,,,,,0.0,0.0,0.0
f7f4b5d535ff,W3105419158,トヨタ自動車未来創成センター,2020.0,conference-paper,2020.0,article,False,13.0,0.0,0.0,0.0,0.0,,,,,0.0,0.0,0.0
f936923f9e6a,W4403094391,トヨタ自動車未来創成センター,2024.0,article,2024.0,article,False,25.0,0.0,0.0,0.0,0.0,538.6210963317019,11.756898139268797,21,,0.0,0.0,0.0
fbaee1973bfa,W2965709049,トヨタ自動車未来創成センター,2019.0,conference-paper,2019.0,article,False,34.0,4.0,4.0,4.0,0.0,,,,0.0,4.0,1.0,0.0
fc7a8f94e639,W3194751264,トヨタ自動車未来創成センター,2021.0,article,2021.0,article,False,28.0,10.0,10.0,10.0,-0.0009583133684714902,46.26599944106745,-3.9997812986950483,120,0.75,19.0,5.0,0.0
fc9dc63c94e0,W4413209185,トヨタ自動車未来創成センター,2025.0,conference-paper,,,,,,,,,,,,,,,
fd2ed23244e2,W3196328491,トヨタ自動車未来創成センター,2021.0,conference-paper,2021.0,article,False,8.0,7.0,7.0,7.0,-0.006122448979591836,868.2665547949795,205.4625235944883,10,0.0,7.0,3.0,0.0
fe74947aa34c,W2990929481,トヨタ自動車未来創成センター,2019.0,article,2019.0,article,False,53.0,4.0,4.0,4.0,-0.00019928258270227183,335.99418864713897,-17.533347958234344,190,0.0,1.0,1.0,0.0
fe9a2b28cf0e,W4312786806,トヨタ自動車未来創成センター,2022.0,conference-paper,2022.0,article,False,23.0,0.0,0.0,0.0,0.0,40.992807374102306,1.7282745469654437,66,,0.0,0.0,0.0
009318edcf81,W4392090033,豊田中央研究所,2024.0,preprint,2024.0,preprint,False,0.0,0.0,0.0,0.0,0.0,,,,,0.0,0.0,0.0
00daac7f1163,W2887153291,豊田中央研究所,2018.0,article,2018.0,article,False,36.0,9.0,5.0,9.0,-0.0005599104143337066,412.63083146029925,24.17474563864586,91,5.6,3.0,1.0,0.0
00ffd7a0d41d,W4312239647,豊田中央研究所,2022.0,conference-paper,2022.0,article,False,41.0,8.0,8.0,8.0,-5.417020277712573e-05,130.7915907538881,12.177359636183704,66,0.0,3.0,0.0,0.0
0149cb4ccfc4,W2896347422,豊田中央研究所,2018.0,article,2018.0,article,False,20.0,13.0,11.0,13.0,0.0014012143858010276,20.873592784997985,-8.255248758441914,55,0.0,2.0,1.0,0.0
024332c0c1e0,W4411424580,豊田中央研究所,2025.0,article,,,,,,,,,,,,,,,
026001f353bd,W3127744242,豊田中央研究所,2021.0,article,2021.0,article,False,54.0,2.0,2.0,2.0,-2.8079633841574706e-05,336.9778232524957,-1.18941872935253,561,0.0,4.0,1.0,0.0
027a54e73daa,W4406403640,豊田中央研究所,2025.0,article,,,,,,,,,,,,,,,
02aab106bc82,W4396759936,豊田中央研究所,2024.0,article,2024.0,article,False,35.0,1.0,1.0,1.0,-0.0011185682326621924,63.21719385345897,-21.495055177292606,136,0.0,4.0,1.0,0.0
0506b29523e0,W3046503435,豊田中央研究所,2020.0,article,2020.0,article,False,94.0,136.0,136.0,136.0,-0.002554278416347382,256.1517196666031,7.887634564651264,903,-0.19166666666666668,5.0,3.0,0.0
07706fdeeba6,W2912795073,豊田中央研究所,2019.0,article,2019.0,article,False,21.0,9.0,9.0,9.0,-0.0165016501650165,217.96191061931933,-3.2001987291112206,120,1.6666666666666667,4.0,3.0,0.0
082c4c8c3162,W2957974712,豊田中央研究所,2019.0,article,2019.0,article,False,107.0,360.0,360.0,360.0,-0.005570245020271461,340.71836815135754,20.693318576569098,780,-1.102919155083417,2.0,1.0,0.0
08c88d3d6aca,W4396220655,豊田中央研究所,2024.0,article,2024.0,article,False,54.0,0.0,0.0,0.0,0.0,277.11703279470436,1.0989803033781287,378,,0.0,0.0,0.0
099f28065ed7,W4318939461,豊田中央研究所,2023.0,article,2023.0,article,False,45.0,7.0,7.0,7.0,0.0005482456140350877,48.78163941488852,-8.423062728103748,325,0.0,6.0,3.0,0.0
0a4f67d7efa2,W3005426019,豊田中央研究所,2020.0,article,2020.0,article,False,36.0,5.0,4.0,4.0,-0.0007140307033202428,16.66993750122066,-32.02828233728769,190,7.0,8.0,3.0,0.0
0cd754b72582,W3214045451,豊田中央研究所,2021.0,article,2021.0,article,False,48.0,24.0,24.0,24.0,-0.001682085786375105,418.8547316601177,42.525575740797166,378,0.0,9.0,1.0,1.0
0d830264daab,W2963505665,豊田中央研究所,2018.0,article,2018.0,article,False,47.0,26.0,25.0,26.0,-0.0008537522410996329,296.3835809097302,-9.056916390492571,210,1.8333333333333333,3.0,2.0,0.0
0e54be0b9a1d,W2903097311,豊田中央研究所,2018.0,article,2018.0,article,False,43.0,5.0,4.0,5.0,-2.143071450002143e-05,138.52769071175774,-2.363539552925028,351,0.0,3.0,1.0,0.0
107e1cb7d44d,W3205670890,豊田中央研究所,2022.0,article,2022.0,article,False,42.0,9.0,9.0,9.0,-0.0017208413001912047,544.2803523032024,20.39452913758419,153,0.0,5.0,2.0,0.0
1132359b512f,W3017185512,豊田中央研究所,2020.0,article,2020.0,article,False,55.0,102.0,102.0,102.0,-0.00041152263374485596,407.6370896408252,51.31005415088761,253,-0.2181818181818182,6.0,2.0,0.0
117fa6c79e15,W4404442401,豊田中央研究所,2024.0,article,2024.0,article,False,29.0,1.0,1.0,1.0,-0.0007849293563579278,286.5320326057693,-7.3937927814657085,190,0.0,10.0,0.0,0.0
1207ea357f89,W3036147805,豊田中央研究所,2020.0,article,2020.0,article,False,38.0,27.0,27.0,27.0,0.006708760852407261,2166.6976433465998,94.36949629690157,66,0.6,4.0,1.0,0.0
13b111cc27fa,W3158982304,豊田中央研究所,2021.0,article,2021.0,article,False,52.0,1.0,1.0,1.0,0.0002990430622009569,6.333333333333333,-21.727487209535493,406,0.0,4.0,2.0,0.0
144b89d5eaf0,W3080513741,豊田中央研究所,2020.0,article,2020.0,article,False,20.0,21.0,21.0,21.0,0.00332667997338656,1075.0741219926906,217.7201419660158,36,0.5,2.0,1.0,0.0
15b165947742,W3087452068,豊田中央研究所,2020.0,article,2020.0,article,False,47.0,19.0,19.0,19.0,-0.0018790570550051248,646.7507360960634,64.5487211455609,210,0.0,6.0,1.0,0.0
172f74f3d172,W2901381232,豊田中央研究所,2018.0,article,2018.0,article,False,27.0,15.0,14.0,15.0,-0.0002180454406698356,309.7557793765004,-7.073076762951529,36,1.0,4.0,2.0,0.0
177ea6b960cc,W2936324948,豊田中央研究所,2019.0,article,2019.0,article,False,26.0,4.0,4.0,4.0,-0.00338409475465313,108.06220630861796,-10.944573739719777,171,0.0,6.0,1.0,0.0
1891031071b0,W2979592207,豊田中央研究所,2019.0,article,2019.0,review,False,59.0,13.0,13.0,13.0,-7.386147807369266e-05,,,,4.0,1.0,2.0,0.0
189f5c2c8316,W3090569407,豊田中央研究所,2020.0,article,2020.0,article,False,21.0,7.0,7.0,7.0,0.000970873786407767,9.819388074905945,-20.609654022112462,55,0.0,4.0,2.0,0.0
18d086e044b5,W4297225042,豊田中央研究所,2022.0,article,2022.0,article,False,60.0,4.0,4.0,4.0,-0.0008762322015334064,1114.9916973624524,229.59570328701105,153,0.0,7.0,2.0,0.0
18f2851796a0,W4386328706,豊田中央研究所,2023.0,article,2023.0,article,False,58.0,6.0,6.0,6.0,-0.0001993421708362404,501.66986101462163,33.60099521983737,496,0.0,9.0,3.0,0.0
19082825a66a,W4415621050,豊田中央研究所,2025.0,article,,,,,,,,,,,,,,,
1925ac4fe1eb,W3127136564,豊田中央研究所,2021.0,article,2021.0,article,False,31.0,3.0,3.0,3.0,-0.0003351206434316354,706.3045529801835,299.5669821265853,105,0.0,2.0,1.0,0.0
194945adb4d3,W3134139808,豊田中央研究所,2021.0,article,2021.0,article,False,38.0,11.0,11.0,11.0,-0.0025921658986175116,328.11270933856036,-0.5570860145311556,153,0.0,3.0,1.0,0.0
1a579881105c,W3171479198,豊田中央研究所,2021.0,article,2021.0,article,False,56.0,29.0,29.0,29.0,-0.0010507246376811595,1208.6033010523179,3.4867717650209338,171,0.9166666666666666,6.0,1.0,0.0
1ae39310f94e,W3011304249,豊田中央研究所,2020.0,article,2020.0,article,False,33.0,5.0,5.0,5.0,-0.0002818754110683078,192.08463788470164,18.97011851343079,190,0.0,5.0,1.0,0.0
1bddc29450af,W4403155160,豊田中央研究所,2024.0,article,2024.0,article,False,47.0,0.0,0.0,0.0,0.0,51.44297689947343,-70.52621709973641,300,,0.0,0.0,0.0
1bdf12171b37,W4388574316,豊田中央研究所,2023.0,article,2023.0,article,False,48.0,2.0,2.0,2.0,0.0,444.9256373019481,-10.61541693086956,276,0.0,6.0,1.0,0.0
1d43bf8758de,W3016590251,豊田中央研究所,2020.0,article,2020.0,article,False,31.0,11.0,11.0,11.0,0.0021645021645021645,571.7199530300912,53.12491145843674,105,0.0,3.0,4.0,0.0
1d454f14594b,W4385502773,豊田中央研究所,2023.0,article,2023.0,article,False,36.0,12.0,12.0,12.0,-0.00047904191616766467,349.68021158278066,2.4372083674408374,136,0.0,8.0,2.0,0.0
1f5dbacce0f0,W2984271195,豊田中央研究所,2019.0,article,2019.0,article,False,33.0,21.0,21.0,21.0,7.240081088908195e-05,30.803470918031408,-36.37378297648456,45,0.6944444444444448,1.0,1.0,0.0
1f97ce569773,W3131655998,豊田中央研究所,2021.0,conference-paper,2021.0,book-chapter,False,27.0,0.0,0.0,0.0,0.0,,,,,0.0,0.0,0.0
2072206cf1cb,W2971745035,豊田中央研究所,2019.0,article,2019.0,article,False,35.0,6.0,6.0,6.0,-0.0008135041692088672,313.12949938902034,-0.34132807439314483,210,0.0,2.0,1.0,1.0
20bac751660f,W2921091441,豊田中央研究所,2019.0,article,2019.0,article,False,32.0,93.0,93.0,93.0,-0.011881668283220174,162.79388660429242,3.4539892639938095,210,0.24230769230769228,6.0,1.0,0.0
2281572086af,W4399009285,豊田中央研究所,2024.0,article,2024.0,article,False,81.0,0.0,0.0,0.0,0.0,385.05484179352334,-14.256492455626443,741,,0.0,0.0,0.0
2322e40dc6bc,W3092475698,豊田中央研究所,2020.0,article,2020.0,article,False,12.0,2.0,2.0,2.0,0.0048543689320388345,0.5714285714285713,-6.269545391740097,3,0.0,2.0,1.0,0.0
2407f4665bf6,W4403011843,豊田中央研究所,2024.0,article,2024.0,article,False,96.0,1.0,1.0,1.0,-3.386272053096746e-05,256.54048837993827,5.3447864519588295,741,0.0,5.0,2.0,0.0
2468c6cb6d58,W3163436309,豊田中央研究所,2021.0,article,2021.0,article,False,19.0,5.0,5.0,5.0,0.0007930214115781126,2014.025235902207,13.02033411741421,28,2.5,5.0,1.0,0.0
24d8666c37ef,W2948636765,豊田中央研究所,2019.0,article,2019.0,article,False,24.0,21.0,21.0,21.0,0.0019815059445178335,1175.9007620654754,233.67373519178935,36,1.9166666666666665,3.0,1.0,0.0
25fd989cb588,W4327550258,豊田中央研究所,2023.0,article,2023.0,article,False,67.0,16.0,16.0,16.0,-6.440705257225666e-05,429.0193639411845,37.44843168614878,561,0.0,5.0,1.0,0.0
2676674cf3fa,W3126417102,豊田中央研究所,2021.0,article,2021.0,article,False,51.0,67.0,67.0,67.0,-0.0031650841246043645,222.598820159471,-1.1677484162422844,465,0.1,8.0,1.0,2.0
2720738ce536,W4383213525,豊田中央研究所,2023.0,article,2023.0,article,False,44.0,7.0,7.0,7.0,0.0002840909090909091,455.26924785612175,-3.6047374071418767,190,0.0,4.0,1.0,0.0
27c195fa72d9,W3067846212,豊田中央研究所,2020.0,article,2020.0,article,False,41.0,25.0,25.0,25.0,-0.0047694753577106515,482.3330892362675,72.56386975570133,190,0.625,4.0,1.0,0.0
27d7e2b65c8d,W2809574832,豊田中央研究所,2018.0,article,2018.0,article,False,40.0,6.0,5.0,6.0,0.0,74.435783939177,0.7143878466391216,231,0.0,4.0,2.0,0.0
286de4654671,W4311109694,豊田中央研究所,2022.0,article,2022.0,article,False,28.0,2.0,2.0,2.0,-0.0014958863126402393,1.6822503767175474,-32.70355082800163,171,0.0,3.0,1.0,0.0
2894e0bfa304,W4405724769,豊田中央研究所,2024.0,article,2024.0,article,False,0.0,1.0,1.0,1.0,0.0,,,,0.0,0.0,0.0,0.0
28a060b82abe,W4416823778,豊田中央研究所,2025.0,article,,,,,,,,,,,,,,,
2c3d42bcf54c,W2998246714,豊田中央研究所,2019.0,article,2019.0,article,False,20.0,11.0,10.0,10.0,-0.00025700334104343357,84.87544469014293,0.10783277320343826,28,2.5,4.0,3.0,0.0
2daf5908a8e8,W4386305445,豊田中央研究所,2023.0,article,2023.0,article,False,49.0,3.0,3.0,3.0,-0.0010691375623663579,154.68935159460005,0.6103679378930733,406,0.0,9.0,4.0,0.0
2e553763fd60,W4387448120,豊田中央研究所,2023.0,article,2023.0,article,False,53.0,10.0,10.0,10.0,-0.000338684549210865,63.93398661751622,-12.172966244599069,528,0.0,12.0,4.0,0.0
2eacbcd221af,W4416510342,豊田中央研究所,2025.0,article,,,,,,,,,,,,,,,
30f2b9606c0f,W4327679238,豊田中央研究所,2023.0,article,2023.0,article,False,41.0,4.0,4.0,4.0,0.0,165.1356663845858,-25.457962101785192,253,0.0,8.0,1.0,0.0
3301cbb6232e,W4320032965,豊田中央研究所,2023.0,article,2023.0,article,False,54.0,22.0,22.0,22.0,-0.0027821939586645467,29.99186415760064,-54.69511278773358,435,0.0,7.0,4.0,0.0
33b2e1bb70e6,W4409749456,豊田中央研究所,2025.0,conference-paper,,,,,,,,,,,,,,,
33f950f1f37b,W4401837940,豊田中央研究所,2024.0,article,2024.0,article,False,52.0,1.0,1.0,1.0,-0.00024354603019970775,39.40488396184933,-35.91775773205783,351,0.0,2.0,1.0,0.0
3425e5e11a32,W2955742561,豊田中央研究所,2019.0,article,2019.0,article,False,31.0,117.0,117.0,117.0,-0.04788961038961039,414.15121042216884,-14.024846536349607,78,-0.785,9.0,3.0,0.0
342fc79a2dc2,W7125631927,豊田中央研究所,2026.0,article,,,,,,,,,,,,,,,
3494280969a4,W4410767797,豊田中央研究所,2025.0,article,,,,,,,,,,,,,,,
3681a81ae703,W4309728406,豊田中央研究所,2022.0,article,2022.0,article,False,69.0,9.0,9.0,9.0,-0.0005809610756079343,216.81398116373242,6.003294197580033,630,0.0,11.0,4.0,0.0
36a88704a84b,W3206074207,豊田中央研究所,2021.0,conference-paper,2021.0,article,False,41.0,9.0,8.0,8.0,-0.0004962163503287433,,,,0.25,4.0,1.0,0.0
37d065c45103,W3134290768,豊田中央研究所,2020.0,conference-paper,2020.0,article,False,14.0,1.0,1.0,1.0,-4.995004995004995e-05,,,,0.0,1.0,1.0,0.0
3a72fab5f46c,W2917930200,豊田中央研究所,2019.0,article,2019.0,article,False,46.0,10.0,10.0,10.0,-0.0045627376425855515,807.400251982648,54.62172184063421,190,7.000000000000001,6.0,1.0,0.0
3bf7b9ad3d7b,W4406475895,豊田中央研究所,2025.0,article,,,,,,,,,,,,,,,
3c0408528e38,W2975230390,豊田中央研究所,2019.0,article,2019.0,article,False,34.0,18.0,18.0,18.0,-0.0015931177314003505,75.20551518562895,-25.37749076420285,105,0.3333333333333333,5.0,3.0,0.0
3c78286b82cc,W2789406905,豊田中央研究所,2018.0,article,2018.0,article,False,40.0,53.0,49.0,53.0,-0.001023142509135201,31.402977243734824,-1.213643057058635,91,1.0,3.0,1.0,0.0
3ecc54161003,W4386844921,豊田中央研究所,2023.0,article,2023.0,article,False,32.0,1.0,1.0,1.0,-0.00102880658436214,552.9406629863156,46.68947247818734,45,0.0,6.0,0.0,0.0
3f9a312a8d6c,W4404311215,豊田中央研究所,2024.0,article,2024.0,article,False,67.0,0.0,0.0,0.0,0.0,443.76326268940085,49.29232158831293,465,,0.0,0.0,0.0
409870da2c10,W3166736434,豊田中央研究所,2021.0,article,2021.0,article,False,27.0,1.0,1.0,1.0,-0.0008216926869350862,255.79134884482764,6.359165036667167,21,0.0,4.0,5.0,0.0
409fe09dac16,W2806476106,豊田中央研究所,2018.0,article,2018.0,article,False,34.0,49.0,44.0,49.0,0.0011924636298592892,99.71255219739118,-39.67160077187406,136,0.0,6.0,1.0,0.0
41a5039f67b9,W4393107765,豊田中央研究所,2024.0,article,2024.0,article,False,68.0,1.0,1.0,1.0,-0.0004926108374384236,192.5671785720218,6.029358831424434,861,0.0,5.0,1.0,0.0
4315f6ee6cc0,W3043041792,豊田中央研究所,2020.0,article,2020.0,article,False,19.0,9.0,9.0,9.0,-0.004244482173174873,64.02329506503571,-33.92150478460505,28,0.75,2.0,1.0,0.0
434004e38ac6,W4392929750,豊田中央研究所,2024.0,conference-paper,2024.0,preprint,False,0.0,0.0,0.0,0.0,0.0,,,,,0.0,0.0,0.0
45d2de2795e0,W4404581249,豊田中央研究所,2024.0,article,2024.0,article,False,39.0,0.0,0.0,0.0,0.0,15.988292357984133,-59.41993866411279,325,,0.0,0.0,0.0
462954d6c690,W2946204911,豊田中央研究所,2019.0,conference-paper,2019.0,article,False,6.0,4.0,4.0,4.0,-0.0010368066355624676,,,,0.5,4.0,1.0,0.0
4780234b333d,W4405520571,豊田中央研究所,2024.0,article,2024.0,article,False,0.0,0.0,0.0,0.0,0.0,,,,,0.0,0.0,0.0
47cb301e989b,W4406785368,豊田中央研究所,2025.0,article,,,,,,,,,,,,,,,
4893c5cc197b,W4386870144,豊田中央研究所,2023.0,article,2023.0,article,False,25.0,0.0,0.0,0.0,0.0,623.7343479941701,60.142192555370954,91,,0.0,0.0,0.0
4a2bc06b8999,W7152467586,豊田中央研究所,2026.0,article,,,,,,,,,,,,,,,
4be4d8d9a2e3,W2973091745,豊田中央研究所,2019.0,article,2019.0,article,False,37.0,1.0,1.0,1.0,-0.00018864365214110544,9.415367759290756,-74.55874145638217,153,0.0,5.0,3.0,0.0
4bf9bc666b75,W2975988526,豊田中央研究所,2019.0,article,2019.0,article,False,41.0,0.0,0.0,0.0,0.0,72.94204694751667,-13.376437163854119,276,,0.0,0.0,0.0
4c238eac194e,W2971693987,豊田中央研究所,2019.0,article,2019.0,article,False,42.0,18.0,18.0,18.0,-0.0015329586101175269,326.2208761392541,14.420175469079854,171,0.0,7.0,2.0,0.0
4c9bf19b87e0,W4400945001,豊田中央研究所,2024.0,article,2024.0,article,False,72.0,1.0,1.0,1.0,0.0003756574004507889,14.084566021003276,-41.487285533871,528,0.0,10.0,4.0,0.0
4cd5da3f8b8e,W3015629277,豊田中央研究所,2020.0,article,2020.0,article,False,13.0,5.0,5.0,5.0,0.024752475247524754,77.75008617582698,5.427602585850971,10,0.0,2.0,2.0,0.0
4d302e3f916b,W2995428702,豊田中央研究所,2019.0,article,2019.0,article,False,91.0,70.0,70.0,70.0,-0.016388645010242904,95.22062929596994,-2.9186972323923586,435,0.8384615384615383,5.0,1.0,0.0
4d81d895acf6,W2965269258,豊田中央研究所,2019.0,article,2019.0,article,False,25.0,9.0,9.0,9.0,-3.800065867808375e-05,30.860446915242612,-17.19503789273972,136,0.0,4.0,2.0,0.0
506a1080ada9,W3012047476,豊田中央研究所,2020.0,article,2020.0,article,False,29.0,2.0,2.0,2.0,0.0,33.29077204832818,-17.216510104059157,231,0.0,9.0,3.0,0.0
50756fd69794,W7117714905,豊田中央研究所,2025.0,article,,,,,,,,,,,,,,,
55380b96f4d2,W2918540092,豊田中央研究所,2019.0,article,2019.0,article,False,33.0,4.0,4.0,4.0,0.0010147133434804667,204.606328093223,15.003253396486103,105,0.0,3.0,2.0,0.0
559452b7343d,W4408856364,豊田中央研究所,2025.0,article,,,,,,,,,,,,,,,
571992758989,W4384296509,豊田中央研究所,2023.0,article,2023.0,article,False,63.0,9.0,9.0,9.0,0.0001429388221841052,407.685908049466,-15.097827980519215,496,0.0,4.0,1.0,0.0
582ffd86f677,W3127384664,豊田中央研究所,2021.0,article,2021.0,article,False,50.0,15.0,15.0,15.0,-0.001888985759953502,-0.1576691400560745,-56.888482633244884,210,0.0,5.0,1.0,0.0
584df97ed868,W4413018280,豊田中央研究所,2025.0,conference-paper,,,,,,,,,,,,,,,
58efc627e18e,W3214235559,豊田中央研究所,2021.0,article,2021.0,article,False,68.0,10.0,10.0,10.0,-6.532105297537396e-05,218.64370876704683,-6.391176874237357,528,0.0,3.0,1.0,0.0
595e09614da9,W3082305404,豊田中央研究所,2020.0,article,2020.0,article,False,19.0,3.0,3.0,3.0,-0.00046533271288971617,209.7592908993018,6.583786996108976,91,0.0,4.0,1.0,0.0
5a21732a5b83,W3085574276,豊田中央研究所,2020.0,article,2020.0,article,False,25.0,18.0,18.0,18.0,-0.009296148738379814,164.1744981486141,14.6077752164453,36,0.0,4.0,1.0,0.0
5a7d0bb7c38b,W4384924962,豊田中央研究所,2023.0,article,2023.0,article,False,41.0,0.0,0.0,0.0,0.0,181.4460783175463,3.0812955104098516,351,,0.0,0.0,0.0
5abede2611b7,W4294611869,豊田中央研究所,2022.0,article,2022.0,article,False,36.0,7.0,7.0,7.0,-0.00031377470975839345,206.4570746400146,-8.990828815099034,171,0.0,2.0,1.0,0.0
5b11303e20ac,W2901077201,豊田中央研究所,2018.0,article,2018.0,article,False,32.0,31.0,29.0,31.0,-0.0008557108512285563,198.88068444037475,2.836832573067901,105,0.75,4.0,3.0,0.0
5b588890d274,W4281617945,豊田中央研究所,2022.0,article,2022.0,article,False,34.0,8.0,8.0,8.0,-0.0005123607019341616,91.52649334909702,-20.771437842306547,171,0.0,4.0,1.0,0.0
5b5d15d42d8b,W3155397888,豊田中央研究所,2021.0,article,2021.0,article,False,67.0,9.0,9.0,9.0,-0.0004437738528445904,439.1498608711875,-5.621556135309684,351,0.0,7.0,1.0,0.0
5bb3bccedf53,W2998843146,豊田中央研究所,2020.0,article,2020.0,article,False,62.0,5.0,5.0,5.0,-4.195158786760079e-05,298.5239244988591,49.48795868847688,378,0.0,7.0,1.0,1.0
5c321ecf5f6b,W2894533688,豊田中央研究所,2018.0,article,2018.0,article,False,63.0,54.0,52.0,54.0,-0.001657727937591419,226.2634924635498,-15.596751562218056,378,0.0,4.0,3.0,0.0
5dafa7d353d8,W2810013368,豊田中央研究所,2018.0,article,2018.0,article,False,12.0,2.0,2.0,2.0,-0.00014710208884966165,6.030435689619224,-10.518444824844035,28,0.0,1.0,1.0,0.0
5e0365d1b9b2,W4367597931,豊田中央研究所,2023.0,article,2023.0,article,False,76.0,6.0,6.0,6.0,-0.0007590132827324478,22.664430927006116,-11.136562317781323,903,0.0,6.0,2.0,0.0
5e8c0cf41e6b,W3037607497,豊田中央研究所,2020.0,article,2020.0,article,False,54.0,6.0,6.0,6.0,-0.00019557989438685703,364.12877384286423,52.29977193874724,210,0.0,5.0,2.0,0.0
5f8f0b88d1fd,W4292809811,豊田中央研究所,2022.0,article,2022.0,article,False,43.0,17.0,17.0,17.0,-0.00026459693067560415,123.4642734245273,-36.6031063001984,378,0.0,3.0,1.0,0.0
6008737b26b3,W3016760652,豊田中央研究所,2020.0,article,2020.0,article,False,46.0,0.0,0.0,0.0,0.0,172.17585113893017,10.19985290234049,78,,0.0,0.0,0.0
6044a8508221,W3171250805,豊田中央研究所,2021.0,article,2021.0,article,False,47.0,25.0,25.0,25.0,-0.01320321469575201,248.4302896659707,-12.49889115169855,325,-0.14285714285714285,6.0,5.0,0.0
60eec938a61c,W4400341557,豊田中央研究所,2024.0,article,2024.0,article,False,62.0,3.0,3.0,3.0,-0.0003898635477582846,329.6119973750116,-5.655287929486837,406,0.0,5.0,1.0,0.0
61d6bc9bd0ea,W4393899631,豊田中央研究所,2024.0,article,2024.0,article,False,36.0,1.0,1.0,1.0,-0.0017513134851138354,693.2632942836417,62.13456574626263,91,0.0,4.0,5.0,0.0
61ddd223a0b4,W2999832125,豊田中央研究所,2020.0,article,2020.0,article,False,32.0,17.0,17.0,17.0,0.006396588486140725,433.41265615072564,101.42711696693111,120,0.0,5.0,2.0,0.0
62a89ae4a68d,W3010647897,豊田中央研究所,2020.0,article,2020.0,review,False,223.0,150.0,150.0,150.0,-9.935913358835511e-05,,,,-0.37184873949579816,2.0,4.0,0.0
633f9e3621b3,W4382360343,豊田中央研究所,2023.0,article,2023.0,article,False,52.0,10.0,10.0,10.0,0.0,289.2453234589233,-8.109899051988993,120,0.0,5.0,1.0,0.0
643d81b0f2e7,W3129490521,豊田中央研究所,2020.0,conference-paper,2020.0,article,False,20.0,6.0,6.0,6.0,-0.00012261663907792289,82.30487873521479,2.1606731097722345,28,0.0,2.0,1.0,0.0
648a01917ce3,W2985489019,豊田中央研究所,2019.0,article,2019.0,article,False,32.0,6.0,6.0,6.0,-0.0002536783358701167,88.74293749047791,-10.865980318443242,231,0.0,3.0,1.0,0.0
64fbec506d1c,W2921737013,豊田中央研究所,2019.0,article,2019.0,article,False,29.0,44.0,44.0,44.0,-0.0004085245455164431,107.37909048597152,-3.15289151172915,136,0.0,5.0,1.0,0.0
654c8be729a9,W3094602391,豊田中央研究所,2020.0,article,2020.0,article,False,30.0,5.0,5.0,5.0,-9.674922600619196e-05,38.53811953701185,-8.672011828502269,45,1.0,2.0,1.0,0.0
65654a7013e9,W4413393785,豊田中央研究所,2025.0,conference-paper,,,,,,,,,,,,,,,
67679445ded6,W4415754194,豊田中央研究所,2025.0,article,,,,,,,,,,,,,,,
6868015b5fd4,W4392018595,豊田中央研究所,2024.0,article,2024.0,article,False,63.0,7.0,7.0,7.0,-0.008383233532934131,334.200985608676,6.842504625018671,528,0.0,12.0,2.0,0.0
6888cae6908f,W4224991239,豊田中央研究所,2022.0,article,2022.0,article,False,39.0,2.0,2.0,2.0,0.0,307.20348790842667,-5.490711862801017,231,0.0,3.0,3.0,0.0
68b17ed89811,W4383875406,豊田中央研究所,2023.0,article,2023.0,article,False,22.0,3.0,3.0,3.0,0.0004570383912248629,3.3281580558551647,-27.080817137968797,91,0.0,2.0,1.0,0.0
68eb53081212,W3036195468,豊田中央研究所,2020.0,article,2020.0,article,False,15.0,13.0,13.0,13.0,-0.004132231404958678,578.6378295232106,11.62586402319046,10,0.0,4.0,1.0,0.0
697c470ad7e9,W4392584750,豊田中央研究所,2024.0,article,2024.0,article,False,57.0,10.0,10.0,10.0,-0.000545219109929803,243.86259825549277,-3.957219215991056,378,0.0,13.0,2.0,0.0
69ad9829dc95,W2970855822,豊田中央研究所,2019.0,article,2019.0,article,False,19.0,7.0,7.0,7.0,-3.311433718342693e-05,52.39064107952015,4.368709087827559,3,0.0,4.0,2.0,0.0
6b3c5fd5ef28,W3135752247,豊田中央研究所,2021.0,article,2021.0,article,False,34.0,15.0,15.0,15.0,-0.001017293997965412,257.3118031134717,-3.058059358966969,190,-0.24444444444444424,4.0,2.0,0.0
6c8a55a54b45,W4376277740,豊田中央研究所,2023.0,article,2023.0,article,False,28.0,1.0,1.0,1.0,0.0006915629322268327,86.73265958781457,0.5466081666101211,153,0.0,4.0,1.0,0.0
6f916e51d266,W3037526837,豊田中央研究所,2020.0,article,2020.0,article,False,24.0,8.0,8.0,8.0,3.175157567194272e-05,217.3758925321725,-17.23014326432175,91,0.0,5.0,1.0,0.0
6fa1f8208709,W4389665733,豊田中央研究所,2023.0,conference-paper,2023.0,article,False,21.0,1.0,1.0,1.0,0.00014592149423610097,97.87233373140674,-5.1701573698809105,15,0.0,4.0,1.0,0.0
70199f67b6cd,W3088320917,豊田中央研究所,2020.0,article,2020.0,article,False,39.0,6.0,6.0,6.0,-5.950078838544611e-05,23.827523175581074,-17.554807704963338,325,0.0,3.0,1.0,0.0
70e545fca1e3,W3088090278,豊田中央研究所,2020.0,article,2020.0,article,False,33.0,5.0,5.0,5.0,8.101101749837978e-05,405.89789120850486,33.06996349263726,276,0.0,6.0,1.0,0.0
718c2c1bad06,W4407735868,豊田中央研究所,2025.0,article,,,,,,,,,,,,,,,
718d01bdc986,W4415681280,豊田中央研究所,2025.0,article,,,,,,,,,,,,,,,
71c35125510f,W3019511690,豊田中央研究所,2020.0,article,2020.0,article,False,27.0,46.0,46.0,46.0,-0.006056527590847914,781.2793483800993,97.84897622463824,91,0.0,3.0,2.0,0.0
7331f3e8995a,W3039586424,豊田中央研究所,2020.0,article,2020.0,article,False,29.0,8.0,8.0,8.0,-0.00040941658137154553,147.47933362391439,-6.598345256912385,120,1.5,4.0,1.0,0.0
7335c131b803,W4389666658,豊田中央研究所,2023.0,article,2023.0,article,False,50.0,1.0,1.0,1.0,-0.0001010611419909045,260.249131233451,0.11124713267539527,435,0.0,5.0,1.0,0.0
739cc3e7a4c4,W3041236441,豊田中央研究所,2020.0,article,2020.0,article,False,32.0,7.0,7.0,7.0,-0.0020798668885191347,828.4133555343026,126.435849202796,66,1.1666666666666663,5.0,3.0,0.0
74d1d9aa4eb7,W2965720469,豊田中央研究所,2019.0,article,2019.0,article,False,56.0,6.0,6.0,6.0,1.1190438889013228e-05,17.1193467264686,-39.73256469269797,136,0.0,1.0,1.0,0.0
7602a18bd8a6,W4412434013,豊田中央研究所,2025.0,article,,,,,,,,,,,,,,,
768082aac403,W3141566799,豊田中央研究所,2021.0,article,2021.0,article,False,25.0,1.0,1.0,1.0,0.0005260389268805891,448.0542847553124,-2.104021270539884,55,0.0,4.0,1.0,0.0
76ef1c151dbc,W3082761471,豊田中央研究所,2020.0,article,2020.0,article,False,61.0,21.0,21.0,21.0,-0.0003388328511481221,67.57188815401723,-5.391205205889474,171,1.4166666666666665,3.0,3.0,0.0
781c6f821e73,W4313530481,豊田中央研究所,2022.0,article,2022.0,article,False,66.0,21.0,21.0,21.0,-0.0011977004152028106,650.8473214521159,7.502559646808447,378,0.0,4.0,2.0,0.0
782fef87cdf1,W4225407872,豊田中央研究所,2022.0,article,2022.0,article,False,80.0,28.0,28.0,28.0,-0.0005458515283842794,69.38362947051829,-23.89110975439712,990,0.05555555555555555,5.0,7.0,0.0
79513bb2cec1,W4417183631,豊田中央研究所,2025.0,article,,,,,,,,,,,,,,,
796b6591e65e,W4377939938,豊田中央研究所,2023.0,article,2023.0,article,False,46.0,3.0,3.0,3.0,-0.00043078690407811603,462.8624989583796,-58.48079845183511,276,0.0,3.0,1.0,0.0
797169e09f2b,W2825347181,豊田中央研究所,2018.0,article,2018.0,article,False,29.0,7.0,6.0,7.0,-0.00229147571035747,298.11473770753474,-55.904329435247696,120,0.0,3.0,1.0,0.0
7a7ad7b9725d,W4308068833,豊田中央研究所,2022.0,conference-paper,2022.0,article,False,27.0,5.0,5.0,5.0,-0.002793296089385475,113.34314157724805,0.7354851204922518,55,0.0,4.0,0.0,0.0
7cfad49db475,W4402574122,豊田中央研究所,2024.0,article,2024.0,article,False,62.0,0.0,0.0,0.0,0.0,219.53821809969602,4.0030823799863455,325,,0.0,0.0,0.0
7d73fb679c9e,W4404067400,豊田中央研究所,2024.0,article,2024.0,article,False,50.0,0.0,0.0,0.0,0.0,172.67176667167905,4.579408184722401,300,,0.0,0.0,0.0
7dcf92bf8b48,W4360849771,豊田中央研究所,2023.0,article,2023.0,article,False,50.0,3.0,3.0,3.0,-0.0012647554806070826,163.79107037079083,3.8622992338632733,465,0.0,5.0,2.0,0.0
7dee2542e5e3,W4405122390,豊田中央研究所,2024.0,article,2024.0,article,False,0.0,0.0,0.0,0.0,0.0,,,,,0.0,0.0,0.0
7ec6007a8aff,W2888313026,豊田中央研究所,2018.0,article,2018.0,article,False,31.0,23.0,20.0,23.0,-0.001559792027729636,126.95472464506643,3.5684487172564867,153,0.0,10.0,7.0,0.0
7f0f69cb60f5,W4410065017,豊田中央研究所,2025.0,article,,,,,,,,,,,,,,,
8087abb57c9a,W4410162232,豊田中央研究所,2025.0,article,,,,,,,,,,,,,,,
80bd51cfae93,W4402591370,豊田中央研究所,2024.0,article,2024.0,article,False,0.0,0.0,0.0,0.0,0.0,,,,,0.0,0.0,0.0
819730a30c79,W2990767070,豊田中央研究所,2019.0,article,2019.0,article,False,36.0,1.0,1.0,1.0,-8.320159747067144e-05,19.24693850460071,-30.26552827431782,300,0.0,3.0,4.0,0.0
81fea8954ac5,W4284976711,豊田中央研究所,2022.0,article,2022.0,article,False,54.0,15.0,15.0,15.0,-0.0013005202080832333,842.4398146688475,119.45073833551378,231,0.0,7.0,2.0,0.0
830446678bba,W4313379526,豊田中央研究所,2022.0,article,2022.0,article,False,68.0,11.0,11.0,11.0,-0.003676470588235294,83.09862011672061,-29.553061129670045,528,0.0,7.0,1.0,0.0
842346c1157b,W3005696980,豊田中央研究所,2020.0,article,2020.0,article,False,45.0,8.0,8.0,8.0,-0.00026125576939824087,287.6716661508511,12.809538483048303,136,2.5,6.0,3.0,0.0
8532fbe50387,W2958768244,豊田中央研究所,2019.0,article,2019.0,article,False,45.0,75.0,75.0,75.0,-0.00702265800980522,113.23095920238303,-20.70481971021926,210,-0.27321428571428547,7.0,3.0,0.0
861ea269ddac,W4400789469,豊田中央研究所,2024.0,article,2024.0,article,False,55.0,0.0,0.0,0.0,0.0,375.6163545911897,50.535746878658564,496,,0.0,0.0,0.0
8745baba9eb7,W3014500671,豊田中央研究所,2020.0,article,2020.0,article,False,53.0,21.0,21.0,21.0,-0.0003178235443681668,480.6536874949074,25.77304486011322,351,-0.3,5.0,1.0,0.0
8766c1c7499a,W3048665232,豊田中央研究所,2020.0,article,2020.0,article,False,20.0,4.0,4.0,4.0,-0.0021141649048625794,1193.9798255189712,81.60202694047604,28,0.0,7.0,3.0,0.0
87932aedc212,W2949048446,豊田中央研究所,2019.0,article,2019.0,article,False,62.0,5.0,5.0,5.0,-0.00047445832674363435,145.23132379121307,-15.182145635572981,465,0.0,5.0,1.0,0.0
88099efca158,W4362657767,豊田中央研究所,2023.0,article,2023.0,article,False,47.0,5.0,5.0,5.0,-0.0013303769401330377,233.74071078825858,-39.46801284677047,378,0.0,4.0,1.0,0.0
8854217ccfed,W33346285,豊田中央研究所,2009.0,book-chapter,2009.0,book-chapter,False,0.0,0.0,0.0,0.0,0.0,,,,,0.0,0.0,0.0
8a0d1a9a2d33,W4416825401,豊田中央研究所,2025.0,article,,,,,,,,,,,,,,,
8ae19878c33c,W4409626778,豊田中央研究所,2025.0,article,,,,,,,,,,,,,,,
8afae8fb5634,W2990975554,豊田中央研究所,2019.0,article,2019.0,article,False,24.0,4.0,4.0,4.0,0.0,124.73676903467432,57.15804368918695,6,0.0,3.0,1.0,0.0
8b0f90d28408,W4285601357,豊田中央研究所,2022.0,conference-paper,2022.0,article,False,12.0,1.0,1.0,1.0,0.0013458950201884253,70.93601765382918,15.313701393651598,21,0.0,4.0,2.0,0.0
8b18c26f5781,W2953827410,豊田中央研究所,2019.0,article,2019.0,article,False,25.0,13.0,13.0,13.0,-0.020785219399538105,90.08725052515656,-1.7048760231841906,66,0.0,3.0,1.0,0.0
8b4556132a74,W3123461434,豊田中央研究所,2021.0,article,2021.0,review,False,105.0,585.0,585.0,585.0,-0.01650744591177297,,,,-0.4725286930766383,5.0,1.0,2.0
8c99fa9c2405,W4393170608,豊田中央研究所,2024.0,article,2024.0,article,False,54.0,2.0,2.0,2.0,0.0,326.82744344769634,-5.575110789836978,325,0.0,12.0,1.0,0.0
8cba5682b348,W4379879593,豊田中央研究所,2023.0,article,2023.0,article,False,75.0,6.0,6.0,6.0,-0.00017955470433325354,68.51987250958021,-9.060817225622484,595,0.0,5.0,1.0,0.0
8ce9d7bd1921,W4407049795,豊田中央研究所,2025.0,article,,,,,,,,,,,,,,,
8dbb4da58f57,W2923062096,豊田中央研究所,2019.0,article,2019.0,article,False,51.0,20.0,20.0,20.0,-0.00028120496326760166,392.40495995278957,30.237399094151336,276,0.0,2.0,1.0,0.0
8e1cca9218d0,W4297181329,豊田中央研究所,2022.0,article,2022.0,article,False,53.0,7.0,7.0,7.0,-0.00033433634236041456,28.556341715173364,-22.102277235097148,325,0.0,4.0,1.0,0.0
8e431102a190,W3184131807,豊田中央研究所,2021.0,article,2021.0,article,False,30.0,13.0,13.0,13.0,-0.0014084507042253522,112.72188956695493,7.538450156456846,190,1.1666666666666665,2.0,1.0,0.0
8e8c8c512240,W4384076641,豊田中央研究所,2023.0,article,2023.0,article,False,62.0,5.0,5.0,5.0,-6.262132882459766e-05,243.57868422826817,0.22249707974499236,528,0.0,2.0,1.0,0.0
8ebce782e65d,W4391752092,豊田中央研究所,2024.0,article,2024.0,article,False,64.0,2.0,2.0,2.0,-0.000936768149882904,43.24155540817777,-16.800485732173502,435,0.0,4.0,1.0,0.0
8f51aae43a25,W4416392187,豊田中央研究所,2025.0,article,,,,,,,,,,,,,,,
8fdeb70de0e5,W3148969157,豊田中央研究所,2021.0,article,2021.0,article,False,55.0,200.0,200.0,200.0,-0.003871570656164475,381.75285585234224,24.9361449748412,325,-0.3239898070622497,7.0,2.0,0.0
907a94c73649,W2914890781,豊田中央研究所,2019.0,article,2019.0,article,False,50.0,23.0,23.0,23.0,-0.0015965166908563134,676.485289984174,173.08101977508346,210,-0.2,8.0,2.0,0.0
90d902dc51ec,W4317538561,豊田中央研究所,2023.0,article,2023.0,article,False,48.0,2.0,2.0,2.0,0.0,35.944749664469924,-14.706867977361702,528,0.0,2.0,1.0,0.0
91362cf0491b,W2968112904,豊田中央研究所,2019.0,article,2019.0,article,False,47.0,13.0,13.0,13.0,-0.0004719949653870359,15.620689655172413,-15.027873609505098,351,1.0,4.0,1.0,0.0
91915a5261d7,W3128507998,豊田中央研究所,2020.0,article,2020.0,article,False,39.0,27.0,27.0,27.0,-0.0033117804762655733,518.7883568666244,7.17320391536608,190,3.148148148148148,4.0,3.0,0.0
91a243024f15,W4407056427,豊田中央研究所,2025.0,article,,,,,,,,,,,,,,,
9204ee776330,W4413392867,豊田中央研究所,2025.0,conference-paper,,,,,,,,,,,,,,,
920b9183f217,W4401701958,豊田中央研究所,2024.0,article,2024.0,article,False,39.0,0.0,0.0,0.0,0.0,38.64401823609574,-55.57794300011559,276,,0.0,0.0,0.0
924f917944e7,W3113400144,豊田中央研究所,2020.0,article,2020.0,article,False,30.0,42.0,42.0,42.0,-0.01017984390906006,334.2732118990209,37.717582356849185,190,0.6904761904761905,12.0,2.0,0.0
9316f378d92f,W4407447174,豊田中央研究所,2025.0,article,,,,,,,,,,,,,,,
9378c80aa06e,W3007851985,豊田中央研究所,2020.0,article,2020.0,article,False,38.0,20.0,20.0,20.0,0.0,40.72120417136148,1.6713830304680029,66,-0.22222222222222213,6.0,3.0,0.0
94f03262b23f,W2965735194,豊田中央研究所,2019.0,article,2019.0,article,False,13.0,14.0,14.0,14.0,-0.002598077422707197,1372.4313509272986,13.0,15,1.5,3.0,1.0,0.0
951a88b7dad8,W3026536569,豊田中央研究所,2020.0,article,2020.0,article,False,50.0,52.0,52.0,52.0,-3.532476707731709e-05,39.293565836329705,-19.829214671525403,435,0.0,3.0,1.0,0.0
95ac08bdc27e,W4385323395,豊田中央研究所,2023.0,article,2023.0,article,False,61.0,11.0,11.0,11.0,-0.0023907103825136613,45.23327635015385,-29.92859840141289,666,0.0,11.0,2.0,0.0
96e051c7e4f4,W4406984582,豊田中央研究所,2025.0,article,,,,,,,,,,,,,,,
97acc8adcdff,W3019268428,豊田中央研究所,2020.0,article,2020.0,article,False,37.0,10.0,10.0,10.0,-0.0006013831813170291,332.2600095811473,-10.819013420683957,190,2.5,6.0,2.0,0.0
9920fa812ab7,W2982081936,豊田中央研究所,2019.0,article,2019.0,article,False,38.0,9.0,9.0,9.0,-1.1001342163743977e-05,93.44773971137796,4.783969554765455,210,0.0,4.0,2.0,0.0
99b85795b407,W4406855854,豊田中央研究所,2025.0,article,,,,,,,,,,,,,,,
9a26fdb832dd,W3168669779,豊田中央研究所,2021.0,article,2021.0,article,False,34.0,9.0,9.0,9.0,-3.696311081540623e-05,891.9549418463774,-2.4845958819871603,66,3.0,6.0,1.0,0.0
9c589dc07196,W4391927821,豊田中央研究所,2024.0,article,2024.0,article,False,27.0,3.0,3.0,3.0,-0.0004449058282663503,92.52848651935497,-39.12101391301503,78,0.0,14.0,3.0,0.0
9d17add0c18a,W2958576510,豊田中央研究所,2019.0,article,,,,,,,,,,,,,,,
9e2145e4bb1b,W4281737137,豊田中央研究所,2022.0,article,2022.0,article,False,53.0,19.0,19.0,19.0,0.00028398718000730255,561.716670414154,59.99895213952451,378,0.4,6.0,2.0,0.0
9ec37d20e883,W7128527556,豊田中央研究所,2026.0,article,,,,,,,,,,,,,,,
9f023d213053,W4224045071,豊田中央研究所,2022.0,article,2022.0,article,False,48.0,2.0,2.0,2.0,0.0,40.35687904664461,-31.73111208893851,630,0.0,3.0,1.0,0.0
a0b900a7c2c5,W4323438480,豊田中央研究所,2023.0,article,2023.0,article,False,65.0,9.0,9.0,9.0,-0.004343629343629344,836.1929706313516,119.5118908458794,276,0.0,7.0,1.0,0.0
a15173de925e,W4394719443,豊田中央研究所,2024.0,article,2024.0,article,False,43.0,1.0,1.0,1.0,-0.0007598784194528875,63.03786133184031,-11.41572316657885,528,0.0,6.0,2.0,0.0
a1ab3f636a10,W2902990176,豊田中央研究所,2018.0,article,2018.0,article,False,7.0,8.0,7.0,8.0,0.002577319587628866,196.3593021464568,84.26925218132008,10,0.0,2.0,1.0,0.0
a1f086f4885f,W4353020325,豊田中央研究所,2023.0,article,2023.0,article,False,38.0,8.0,8.0,8.0,-0.00024905049498785876,22.131307087975884,-37.64250028520485,276,0.0,3.0,1.0,0.0
a267290acb36,W4413917670,豊田中央研究所,2025.0,conference-paper,,,,,,,,,,,,,,,
a32287fa690e,W3029501683,豊田中央研究所,2020.0,article,2020.0,article,False,30.0,58.0,58.0,58.0,-0.015345268542199489,456.8351923886913,45.00688128159458,120,0.0,5.0,1.0,0.0
a3a98f9f1c8f,W3031709455,豊田中央研究所,2020.0,article,2020.0,article,False,38.0,33.0,33.0,33.0,-0.0011465866995942846,13.848630342349692,-25.545936070644544,253,0.5222222222222219,11.0,9.0,0.0
a4f1361ca8da,W3138966673,豊田中央研究所,2021.0,article,2021.0,article,False,26.0,5.0,5.0,5.0,-0.0005652911249293386,374.43819077347325,17.837575769613856,153,0.0,3.0,1.0,0.0
a50a9d26ea49,W3173143252,豊田中央研究所,2021.0,article,2021.0,article,False,35.0,4.0,4.0,4.0,0.00012006964039142703,24.749145987516957,-3.667118417150163,171,0.5,5.0,2.0,0.0
a54e71c6c535,W4384159685,豊田中央研究所,2023.0,article,2023.0,article,False,27.0,1.0,1.0,1.0,0.00018772292096865028,194.704632063508,3.2867938806664054,66,0.0,3.0,2.0,0.0
a564ffe029cb,W3046435354,豊田中央研究所,2020.0,article,2020.0,article,False,46.0,32.0,32.0,32.0,-0.013737836290784202,148.46221013990638,-14.4760845306228,300,0.0,5.0,1.0,0.0
a598563f6426,W3003851191,豊田中央研究所,2020.0,article,2020.0,article,False,32.0,5.0,5.0,5.0,-0.004456327985739751,291.5487159686394,4.4566881162492455,91,0.0,4.0,2.0,0.0
a5af353e60d8,W4312364162,豊田中央研究所,2022.0,conference-paper,2022.0,article,False,56.0,1.0,1.0,1.0,-6.782143971352224e-06,432.8732055769353,153.22024061141795,55,0.0,2.0,1.0,0.0
a6088a4177d0,W3010195231,豊田中央研究所,2019.0,conference-paper,2019.0,article,False,3.0,0.0,0.0,0.0,0.0,,,,,0.0,0.0,0.0
a741b6125efa,W4390036065,豊田中央研究所,2023.0,article,2023.0,article,False,35.0,3.0,3.0,3.0,-0.0006048387096774194,676.2192191765245,37.748503105507275,171,0.0,4.0,2.0,0.0
a799d2983af7,W4413472837,豊田中央研究所,2025.0,article,,,,,,,,,,,,,,,
a8111a316d03,W4352977395,豊田中央研究所,2023.0,article,2023.0,article,False,56.0,1.0,1.0,1.0,-0.00011479738261967628,430.57171121748075,11.985037791803286,153,0.0,3.0,2.0,0.0
a93f0450309b,W4408857766,豊田中央研究所,2025.0,article,,,,,,,,,,,,,,,
aa1250500a72,W4401710732,豊田中央研究所,2024.0,article,2024.0,article,False,23.0,1.0,1.0,1.0,6.589351607801793e-05,55.50435345267434,-0.40159849159196526,91,0.0,25.0,3.0,0.0
aa8666a45b6a,W4285725551,豊田中央研究所,2022.0,article,2022.0,article,False,47.0,9.0,9.0,9.0,-0.0006798096532970768,337.8487663322414,-6.735413345431228,253,0.0,4.0,1.0,0.0
aab54922c525,W3155606610,豊田中央研究所,2021.0,article,2021.0,article,False,18.0,16.0,16.0,16.0,-0.008869179600886918,571.461198771468,12.847281096751459,21,0.0,3.0,1.0,0.0
aabc78be0164,W2910711584,豊田中央研究所,2019.0,article,2019.0,article,False,48.0,11.0,11.0,11.0,-0.000740521327014218,95.18169758706532,-18.59271070608474,153,0.0,7.0,2.0,0.0
aae8e51eeeb8,W3163948835,豊田中央研究所,2021.0,article,2021.0,article,False,21.0,4.0,4.0,4.0,0.0,58.60309421055638,-5.304649619532995,55,0.0,4.0,1.0,0.0
adc8ac843935,W4300772321,豊田中央研究所,2022.0,article,2022.0,article,False,51.0,25.0,25.0,25.0,-0.0013179237631792376,500.7739471007699,61.70453513273715,325,0.2857142857142857,2.0,1.0,0.0
b0cc27e28ca4,W2971258406,豊田中央研究所,2019.0,article,2019.0,article,False,29.0,1.0,1.0,1.0,-5.6439778756067275e-05,1206.4505585885493,66.21694038069931,36,0.0,2.0,2.0,0.0
b3f4bf80e66b,W2998526596,豊田中央研究所,2020.0,article,2020.0,article,False,33.0,12.0,12.0,12.0,-0.0013513513513513514,375.7563288755661,25.42386388523709,231,0.0,4.0,2.0,0.0
b5ce9968101b,W4389215125,豊田中央研究所,2023.0,article,2023.0,article,False,30.0,7.0,7.0,7.0,-0.0011025358324145535,306.95909119328826,8.697900275546244,66,0.0,6.0,2.0,0.0
b867068a797e,W2990811730,豊田中央研究所,2019.0,article,2019.0,article,False,45.0,31.0,31.0,31.0,-0.001724294400580815,198.14858804015591,-3.2042154589014467,120,0.25,5.0,1.0,0.0
b887c1331218,W4390750551,豊田中央研究所,2024.0,article,2024.0,article,False,35.0,0.0,0.0,0.0,0.0,274.87067976104237,-4.6297477973773455,300,,0.0,0.0,0.0
b8c4e453c17b,W2997410131,豊田中央研究所,2019.0,article,2019.0,article,False,34.0,23.0,23.0,23.0,-0.00033998483144598166,2090.8951409943506,1.7395691686429477,28,0.0,7.0,1.0,0.0
b8db44443d66,W2945673139,豊田中央研究所,2019.0,article,2019.0,article,False,52.0,31.0,31.0,31.0,-0.0051099755609864475,844.5254104248169,97.06217146016591,120,-0.19999999999999993,11.0,7.0,0.0
b974472df54a,W3084742387,豊田中央研究所,2020.0,article,2020.0,article,False,22.0,5.0,5.0,5.0,0.00041981528127623844,334.2732118990209,71.80138849087695,28,0.0,3.0,1.0,0.0
bba9a9c60e94,W3144412032,豊田中央研究所,2021.0,article,2021.0,article,False,33.0,6.0,6.0,6.0,-7.558578987150416e-05,60.85477222299679,-14.758739521269913,253,0.0,3.0,1.0,0.0
bcff240f9eed,W3195792810,豊田中央研究所,2021.0,article,2021.0,article,False,55.0,150.0,150.0,150.0,-0.003851994518315493,332.4995681483579,20.575104695169028,253,-0.3267973856209151,9.0,1.0,0.0
bd61ad81dc0b,W2990615184,豊田中央研究所,2019.0,conference-paper,2019.0,article,False,18.0,2.0,2.0,2.0,0.0012121212121212121,189.33780896447433,-10.607997461998337,45,0.0,4.0,1.0,0.0
be2c7d15b528,W4366991492,豊田中央研究所,2023.0,article,2023.0,article,False,51.0,19.0,19.0,19.0,-0.0013118440779610195,53.50560035948122,-12.711028075171548,496,0.0,4.0,1.0,0.0
be54de9b6914,W7146976621,豊田中央研究所,2026.0,article,,,,,,,,,,,,,,,
beadab5078f1,W4398143044,豊田中央研究所,2024.0,article,2024.0,article,False,102.0,9.0,9.0,9.0,-0.00028647822765469827,568.276767387364,54.24050226133141,528,0.0,3.0,2.0,0.0
bec34272fd43,W2989659372,豊田中央研究所,2019.0,conference-paper,2019.0,article,False,26.0,34.0,34.0,34.0,-0.003889969435954432,,,,0.0,3.0,1.0,0.0
bf633aca41b0,W2986021936,豊田中央研究所,2019.0,article,2019.0,article,False,57.0,5.0,5.0,5.0,0.0003749531308586427,173.88379626614227,-1.6265589096794941,171,5.0,3.0,2.0,0.0
bfc1d9f2bd50,W4410457737,豊田中央研究所,2025.0,article,,,,,,,,,,,,,,,
c0a5f14be1a4,W4307047914,豊田中央研究所,2022.0,article,2022.0,article,False,25.0,0.0,0.0,0.0,0.0,25.278853809018916,-42.737388544606446,66,,0.0,0.0,0.0
c1b40c48d343,W3118291135,豊田中央研究所,2021.0,article,2021.0,article,False,39.0,9.0,9.0,9.0,-0.0008320852055250458,848.7724258894744,76.96483448370091,153,0.0,3.0,1.0,0.0
c2a9ceb6c91e,W2908299407,豊田中央研究所,2019.0,article,2019.0,article,False,68.0,10.0,10.0,10.0,-0.0009517766497461929,466.2415754653358,29.409741033306933,595,0.5,5.0,1.0,0.0
c34d0399d40e,W4384927159,豊田中央研究所,2023.0,article,2023.0,article,False,13.0,12.0,12.0,12.0,-0.002974714923153198,14.705813604875267,-8.236332504798709,28,0.0,10.0,3.0,0.0
c3a3370af041,W4411506359,豊田中央研究所,2025.0,article,,,,,,,,,,,,,,,
c4011f0156bb,W4411778676,豊田中央研究所,2025.0,article,,,,,,,,,,,,,,,
c409bfe590bc,W2914472749,豊田中央研究所,2019.0,article,2019.0,article,False,7.0,65.0,65.0,65.0,-0.025473071324599708,152.28513747749298,137.16977746823775,6,0.39775910364145634,4.0,1.0,1.0
cbb4826fbe11,W4394813132,豊田中央研究所,2024.0,article,2024.0,article,False,68.0,20.0,20.0,20.0,0.0006341154090044388,446.8015369894624,49.14876996019719,406,0.0,7.0,1.0,0.0
ccfc3ebd75d1,W4280511325,豊田中央研究所,2022.0,article,2022.0,article,False,34.0,3.0,3.0,3.0,-4.937296336526118e-05,115.66906296490384,-30.41494093560913,153,0.0,5.0,2.0,0.0
cda29d0f498b,W3217183240,豊田中央研究所,2022.0,conference-paper,2022.0,article,False,55.0,1.0,1.0,1.0,-2.111085308957335e-05,149.74160370269675,-3.725443971415804,120,0.0,2.0,1.0,0.0
ce3127e45bf1,W4387741619,豊田中央研究所,2023.0,article,2023.0,article,False,65.0,2.0,2.0,2.0,0.0,401.68036345508347,-0.1735946712705509,465,0.0,7.0,1.0,0.0
ce686dd841f8,W4402829246,豊田中央研究所,2024.0,article,2024.0,article,False,57.0,0.0,0.0,0.0,0.0,209.02715387003582,3.353020869104569,325,,0.0,0.0,0.0
cf8efd0fc9a2,W4414400888,豊田中央研究所,2025.0,article,,,,,,,,,,,,,,,
cfdbb8a4e6ae,W4413393327,豊田中央研究所,2025.0,conference-paper,,,,,,,,,,,,,,,
d14ed01e2220,W4409151202,豊田中央研究所,2025.0,article,,,,,,,,,,,,,,,
d1611c0113d3,W3047501426,豊田中央研究所,2020.0,article,2020.0,article,False,42.0,7.0,7.0,7.0,-0.0007445224420336099,40.10400950345649,-57.83049313160073,231,0.0,3.0,2.0,0.0
d27bbef63358,W4416747400,豊田中央研究所,2025.0,article,,,,,,,,,,,,,,,
d2b6efef2403,W4392095754,豊田中央研究所,2024.0,article,2024.0,article,False,94.0,1.0,1.0,1.0,-9.897070467141726e-05,64.14216796174713,-17.00815994963194,946,0.0,4.0,1.0,0.0
d302e98b589f,W3004136046,豊田中央研究所,2020.0,article,2020.0,article,False,38.0,20.0,20.0,20.0,0.0,-1.898272398644102,-44.80655771645407,210,0.19047619047619047,2.0,0.0,1.0
d322f98677a3,W2884157010,豊田中央研究所,2018.0,article,2018.0,article,False,70.0,4.0,3.0,4.0,-1.8749062546872656e-05,325.6411661032191,12.346105769911036,465,0.0,3.0,1.0,0.0
d325ef8f3824,W2991521698,豊田中央研究所,2019.0,article,2019.0,article,False,24.0,5.0,5.0,5.0,0.0002449179524859172,19.314741510874054,-5.288735328251163,78,0.9999999999999998,2.0,1.0,0.0
d3fad117f121,W3080420415,豊田中央研究所,2020.0,article,2020.0,article,False,32.0,5.0,5.0,5.0,-0.0006032575909913533,763.9375060820666,132.7891655955389,105,0.0,7.0,2.0,0.0
d4601430f98c,W4405905265,豊田中央研究所,2024.0,article,,,,,,,,,,,,,,,
d608d5ab506d,W3009050857,豊田中央研究所,2020.0,article,2020.0,article,False,63.0,3.0,3.0,3.0,-0.0004103967168262654,148.57129421205047,10.22656134677052,325,0.0,6.0,2.0,0.0
d72d70819bab,W4412534086,豊田中央研究所,2025.0,article,,,,,,,,,,,,,,,
d88090b1aef1,W4385607595,豊田中央研究所,2023.0,article,2023.0,article,False,35.0,6.0,6.0,6.0,4.9814441206505766e-05,117.0068813587848,10.26799805427911,300,0.0,4.0,1.0,0.0
d91a49dff2bf,W2945002376,豊田中央研究所,2019.0,article,2019.0,article,False,11.0,7.0,7.0,7.0,5.751357320327597e-05,349.39674464420494,10.682360888994184,6,0.0,5.0,1.0,1.0
da52c0e0b2a1,W4280608607,豊田中央研究所,2022.0,article,2022.0,article,False,47.0,12.0,12.0,12.0,-0.00036870890432003935,75.87930090782706,-8.658086243259966,325,-0.3,8.0,1.0,0.0
daae6a5ceea7,W4405785341,豊田中央研究所,2024.0,conference-paper,2024.0,article,False,0.0,0.0,0.0,0.0,0.0,,,,,0.0,0.0,0.0
dcf8cef46b88,W4409760602,豊田中央研究所,2025.0,article,,,,,,,,,,,,,,,
dd4f7d4b20f2,W4412571034,豊田中央研究所,2025.0,article,,,,,,,,,,,,,,,
dd7bb73849f9,W2886911841,豊田中央研究所,2018.0,article,2018.0,article,False,20.0,15.0,14.0,15.0,0.001735106998264893,157.98141026055123,65.60734425909064,28,1.3888888888888886,4.0,1.0,0.0
df50988911f4,W2886173269,豊田中央研究所,2018.0,article,2018.0,article,False,20.0,14.0,12.0,14.0,0.0,11.905465677341239,-23.773693779855872,28,0.0,3.0,2.0,0.0
dfe6285a2ec4,W4401684147,豊田中央研究所,2024.0,article,2024.0,article,False,67.0,0.0,0.0,0.0,0.0,223.57114479716986,-9.434155917786784,528,,0.0,0.0,0.0
e053f4e24d79,W3140898540,豊田中央研究所,2021.0,article,2021.0,article,False,45.0,8.0,8.0,8.0,0.0003211303789338471,242.23963009367415,6.65079365079365,136,0.0,2.0,1.0,0.0
e060b98a7df3,W2968241482,豊田中央研究所,2019.0,article,2019.0,article,False,38.0,25.0,25.0,25.0,1.0483718784727318e-05,231.00468525723443,-6.421152161687902,78,0.08333333333333333,5.0,2.0,0.0
e0e14d9230bf,W4391734674,豊田中央研究所,2024.0,article,2024.0,article,False,29.0,2.0,2.0,2.0,-0.000591016548463357,789.3505582582336,-7.7537615159997975,105,0.0,3.0,1.0,0.0
e128f7cc0549,W4404411354,豊田中央研究所,2024.0,article,2024.0,article,False,0.0,0.0,0.0,0.0,0.0,,,,,0.0,0.0,0.0
e1db59ff2223,W2984868618,豊田中央研究所,2019.0,article,2019.0,article,False,18.0,18.0,18.0,18.0,-0.010424422933730455,420.6744560950235,3.2527752938778307,21,0.0,2.0,1.0,0.0
e2f184676ee7,W2883669953,豊田中央研究所,2018.0,article,2018.0,article,False,14.0,41.0,36.0,41.0,-0.0009291862284820031,253.9652004432523,-7.7693867569376405,55,0.0,2.0,1.0,0.0
e3bce6b850ba,W4404868334,豊田中央研究所,2024.0,article,2024.0,article,False,0.0,0.0,0.0,0.0,0.0,,,,,0.0,0.0,0.0
e412e60bed4c,W3017826127,豊田中央研究所,2020.0,article,2020.0,article,False,38.0,22.0,21.0,21.0,-0.00018695620910332925,66.73310086097868,-20.112573070484924,325,0.6375,5.0,1.0,0.0
e5082d83466d,W4381929853,豊田中央研究所,2023.0,article,2023.0,article,False,61.0,2.0,2.0,2.0,-0.0016488046166529267,58.59137444257884,-0.7811334658849433,378,0.0,3.0,1.0,0.0
e5ccfdc37bf7,W3011651006,豊田中央研究所,2020.0,article,2020.0,article,False,42.0,4.0,4.0,4.0,0.0,113.54742629411736,-2.702290867577967,190,0.0,2.0,1.0,0.0
e60ed3dfaed8,W2913880202,豊田中央研究所,2019.0,article,2019.0,article,False,73.0,9.0,9.0,9.0,-3.2134502172292343e-05,187.4204912819085,11.982660616015963,666,0.0,3.0,1.0,0.0
e62ab6049d3f,W3115770109,豊田中央研究所,2020.0,conference-paper,2020.0,article,False,8.0,2.0,2.0,2.0,0.0,,,,0.0,4.0,3.0,0.0
e768b5a29265,W4302009602,豊田中央研究所,2022.0,article,2022.0,article,False,26.0,2.0,2.0,2.0,0.00040096230954290296,50.32123251648433,-16.43665161742589,136,0.0,3.0,1.0,0.0
e7dd77198c20,W3015963521,豊田中央研究所,2020.0,conference-paper,2020.0,article,False,19.0,3.0,3.0,3.0,-2.1158199860355882e-05,34.56503924545,-23.956102470963707,28,0.0,3.0,1.0,0.0
e7dd86304107,W4205675201,豊田中央研究所,2022.0,article,2022.0,article,False,49.0,10.0,10.0,10.0,0.0,482.83334138086536,38.39849924066456,231,0.0,5.0,2.0,0.0
e8d00ca7dc08,W3044114636,豊田中央研究所,2020.0,article,2020.0,article,False,25.0,3.0,3.0,3.0,-0.0006455777921239509,8.303282232779264,-10.569289336626923,78,0.0,5.0,2.0,0.0
e8e2ae16d950,W4280544807,豊田中央研究所,2022.0,article,2022.0,article,False,48.0,10.0,10.0,10.0,-0.001063264221158958,494.3644739818484,11.053850634206684,210,1.0,6.0,2.0,0.0
e9cf2137cf5d,W4392261795,豊田中央研究所,2024.0,article,2024.0,article,False,40.0,0.0,0.0,0.0,0.0,134.13484533261416,-0.8675121437695429,153,,0.0,0.0,0.0
ea1a7d98c912,W2890354229,豊田中央研究所,2018.0,article,2018.0,article,False,36.0,10.0,10.0,10.0,-0.0031570639305445935,786.6970111266132,16.654288725062553,136,2.8333333333333335,7.0,4.0,0.0
eac5f0a591c1,W3116072028,豊田中央研究所,2020.0,conference-paper,2020.0,article,False,13.0,3.0,3.0,3.0,0.0012515644555694619,,,,0.0,3.0,1.0,0.0
eb1807302f31,W3215150760,豊田中央研究所,2021.0,article,2021.0,article,False,60.0,81.0,81.0,81.0,-0.0022812667740203974,422.2506576998261,32.64410831033755,378,0.0,5.0,1.0,0.0
eb1d1e40510a,W3208005496,豊田中央研究所,2021.0,article,2021.0,article,False,40.0,4.0,4.0,4.0,-0.00017001020061203673,184.46642912897556,-49.79685747094212,210,0.0,6.0,2.0,0.0
eb213b555142,W4308081105,豊田中央研究所,2022.0,conference-paper,2022.0,article,False,0.0,0.0,0.0,0.0,0.0,,,,,0.0,0.0,0.0
ebba26c7a70a,W4403528386,豊田中央研究所,2024.0,article,2024.0,article,False,21.0,0.0,0.0,0.0,0.0,644.4660330879452,100.75285220757766,55,,0.0,0.0,0.0
ebbae55688d7,W2999702058,豊田中央研究所,2020.0,article,2020.0,article,False,73.0,12.0,12.0,12.0,-2.5803455082635563e-05,161.7550732645036,17.497191625628286,666,1.0,3.0,1.0,0.0
ec00b36d914f,W3115171496,豊田中央研究所,2020.0,article,2020.0,article,False,31.0,17.0,17.0,17.0,-0.006462731581214994,828.4133555343026,27.065895369632194,55,0.0,5.0,3.0,0.0
ecd3e5253c09,W3216776138,豊田中央研究所,2021.0,article,2021.0,article,False,48.0,61.0,61.0,61.0,-0.00978698906160046,0.780926286713828,-24.11857824281373,325,0.0,4.0,1.0,0.0
ed377f142b71,W3126620624,豊田中央研究所,2021.0,article,2021.0,article,False,34.0,14.0,14.0,14.0,0.0008832946891906813,605.9950647734137,103.28057761535116,190,0.0,5.0,1.0,0.0
ed5cf7c6c731,W4403706142,豊田中央研究所,2024.0,preprint,2024.0,preprint,False,0.0,0.0,0.0,0.0,0.0,,,,,0.0,0.0,0.0
ee7b59b50794,W32606427,豊田中央研究所,2008.0,article,2008.0,article,False,0.0,0.0,0.0,0.0,0.0,,,,,0.0,0.0,0.0
eecedac52fc4,W2850279973,豊田中央研究所,2018.0,article,2018.0,article,False,27.0,6.0,5.0,6.0,-0.0018726591760299626,784.3130174642521,84.29553488180657,55,0.0,5.0,2.0,0.0
ef8dc54a432c,W3205685096,豊田中央研究所,2021.0,conference-paper,2021.0,article,False,29.0,10.0,10.0,10.0,-0.0008526966531656363,,,,0.75,3.0,2.0,0.0
efbd8be53d77,W2929595970,豊田中央研究所,2019.0,article,2019.0,article,False,63.0,8.0,8.0,8.0,-0.0008277003724651677,369.3505992355782,-8.933267062286694,325,1.1666666666666663,1.0,1.0,0.0
f0fb901e4d31,W3131695008,豊田中央研究所,2021.0,article,2021.0,article,False,21.0,3.0,3.0,3.0,-0.005226480836236934,12.238957439582869,-19.07609031486196,105,0.0,2.0,0.0,0.0
f23efac3ac9c,W2962758216,豊田中央研究所,2019.0,article,2019.0,article,False,39.0,36.0,36.0,36.0,-0.0002822466836014677,562.7514554128779,-6.580501670027507,120,0.18611111111111112,3.0,1.0,0.0
f3e11bf7d10e,W3088156800,豊田中央研究所,2020.0,article,2020.0,article,False,47.0,7.0,7.0,7.0,-0.00123334977799704,131.19392742355245,-0.517247504674954,190,0.0,5.0,2.0,0.0
f6526e5a6118,W2958307540,豊田中央研究所,2019.0,article,2019.0,review,False,77.0,12.0,12.0,12.0,-0.00035180299032541777,,,,0.4583333333333333,1.0,1.0,5.0
f796cd0e0eff,W4405778933,豊田中央研究所,2024.0,conference-paper,2024.0,article,False,0.0,0.0,0.0,0.0,0.0,,,,,0.0,0.0,0.0
f8e7fa4fef81,W2946590662,豊田中央研究所,2019.0,article,2019.0,article,False,31.0,17.0,17.0,17.0,-0.001661631419939577,20.028062504177303,-7.866999499489959,190,2.111111111111111,5.0,2.0,1.0
f9298abe7a2b,W4388507706,豊田中央研究所,2023.0,article,2023.0,article,False,50.0,10.0,10.0,10.0,-0.00020885547201336674,320.91639574164645,12.053700750870311,406,0.0,5.0,1.0,0.0
f9574c4ea78c,W2945544002,豊田中央研究所,2019.0,article,2019.0,article,False,37.0,3.0,3.0,3.0,0.00015377518068583732,8.810595983971806,-42.20355235526407,190,0.0,6.0,4.0,0.0
f9809bf7d1f6,W4405591787,豊田中央研究所,2024.0,article,2024.0,article,False,38.0,0.0,0.0,0.0,0.0,502.3937427898456,42.81773982790109,210,,0.0,0.0,0.0
f98c15486acf,W3174556937,豊田中央研究所,2021.0,article,2021.0,article,False,26.0,3.0,3.0,3.0,0.000100993098804915,529.1336721316517,50.606456082249906,78,0.0,3.0,1.0,0.0
fa69d608af2b,W2952996180,豊田中央研究所,2019.0,article,2019.0,article,False,9.0,11.0,11.0,11.0,-0.005235602094240838,513.277825713974,12.794574622358123,21,4.25,2.0,1.0,0.0
faf402990b3c,W2982092939,豊田中央研究所,2019.0,article,2019.0,article,False,33.0,2.0,2.0,2.0,-0.00017278617710583154,50.23660834825921,-35.09464248430695,190,0.0,3.0,1.0,0.0
fb60971e4891,W3159866022,豊田中央研究所,2021.0,article,2021.0,article,False,66.0,18.0,18.0,18.0,-0.0006006607267994795,52.266888144535336,-4.233142470964771,378,0.08333333333333343,8.0,6.0,0.0
fb7ca8fb5298,W3199405447,豊田中央研究所,2021.0,article,2021.0,article,False,62.0,2.0,2.0,2.0,4.3265694630727294e-05,245.4995910622466,19.95536063092942,378,0.0,3.0,1.0,0.0
fb8db110b12d,W4402638249,豊田中央研究所,2024.0,article,2024.0,article,False,99.0,0.0,0.0,0.0,0.0,66.04266042970254,-14.3335730861536,903,,0.0,0.0,0.0
fc21db55464c,W2883650730,豊田中央研究所,2018.0,article,2018.0,article,False,35.0,22.0,18.0,22.0,0.004838709677419355,558.7890697950535,12.827450185476048,55,3.5,4.0,1.0,0.0
fc2ab5b81e32,W3132139265,豊田中央研究所,2021.0,conference-paper,2021.0,book-chapter,False,13.0,2.0,2.0,2.0,-0.0015026296018031556,,,,0.0,3.0,0.0,0.0
fc84ee0d99af,W2789591649,豊田中央研究所,2018.0,article,2018.0,article,False,14.0,11.0,11.0,11.0,-0.0021092102179517225,6.19562740834081,-27.8431219169424,55,1.5555555555555551,3.0,1.0,0.0
fcaf1a5dfe25,W7118242120,豊田中央研究所,2026.0,article,,,,,,,,,,,,,,,
fd5af67ca365,W4321442155,豊田中央研究所,2023.0,article,2023.0,article,False,25.0,1.0,1.0,1.0,0.0015479876160990713,209.61761958574607,2.98368325730679,55,0.0,2.0,2.0,0.0
fd6f17d55ed0,W3083229727,豊田中央研究所,2020.0,article,2020.0,article,False,53.0,55.0,55.0,55.0,-0.0006449235304956698,501.21000088046117,8.873114194600237,325,0.0,10.0,1.0,0.0
fdcffd044b77,W3099034975,豊田中央研究所,2020.0,article,2020.0,article,False,37.0,14.0,14.0,14.0,-6.625368536124821e-05,67.25940139423788,-23.339060671364106,120,4.333333333333333,6.0,1.0,0.0
fdd8a9a5bf43,W3172903980,豊田中央研究所,2021.0,article,2021.0,article,False,98.0,7.0,7.0,7.0,0.00015190642564180464,33.43648550639015,-14.13588008698199,741,0.0,5.0,2.0,0.0
fee21d31f697,W4409310601,豊田中央研究所,2025.0,article,,,,,,,,,,,,,,,
ff2d17396f3b,W4413366379,豊田中央研究所,2025.0,article,,,,,,,,,,,,,,,
