org,wos_uid,title,doi,venue,year,type,wos_cited_by_count,already_scraped
IMRA Europe,WOS:A1993LA81700022,CALORIMETRY OF THE PD-D2O SYSTEM - FROM SIMPLICITY VIA COMPLICATIONS TO SIMPLICITY,10.1016/0375-9601(93)90327-v,PHYSICS LETTERS A,1993,Article,52,False
IMRA Europe,WOS:A1994BC13V00009,METHODOLOGY FOR ROBOTIC SOFTWARE DESIGN,,XIII EUROPEAN ANNUAL CONFERENCE ON HUMAN DECISION MAKING AND MANUAL CONTROL,1994,Meeting,0,False
IMRA Europe,WOS:000165863200014,Oscillatory thermocapillary convection in liquid bridges with highly deformed free surfaces: Experiments and energy-stability analysis,10.1063/1.1329650,PHYSICS OF FLUIDS,2001,Article,28,False
IMRA Europe,WOS:000177577800002,High pressure Raman study of C<sub>60</sub>S<sub>16</sub>,10.1016/s0038-1098(02)00244-2,SOLID STATE COMMUNICATIONS,2002,Article,10,False
IMRA Europe,WOS:000173901800035,Dynamic bond length as an explanation for the flexibility of graphene layers,10.1016/s0008-6223(01)00290-1,CARBON,2002,Letter,6,False
IMRA Europe,WOS:000223386900012,Sensitization of TiO<sub>2</sub> with ruthenium complexes containing boronic acid functions,10.1016/j.jphotochem.2004.04.029,JOURNAL OF PHOTOCHEMISTRY AND PHOTOBIOLOGY A-CHEMISTRY,2004,Article; Meeting,52,False
IMRA Europe,WOS:000227316600003,Synthesis of graphite polyhedral crystals using a combustion flame method,10.1016/j.carbon.2004.10.033,CARBON,2005,Article,20,False
IMRA Europe,WOS:000233306200007,Sensitization of nanocrystalline TiO<sub>2</sub> with black absorbers based on Os and Ru polypyridine complexes,10.1021/ja053438d,JOURNAL OF THE AMERICAN CHEMICAL SOCIETY,2005,Article,192,False
IMRA Europe,WOS:000248556600084,Scattering division multiple access,,2007 IEEE INTERNATIONAL SYMPOSIUM ON POWER LINE COMMUNICATIONS AND ITS APPLICATIONS,2007,Meeting,0,False
IMRA Europe,WOS:000248906600098,A novel method to perform low-complexity multiplexing over cable networks,,"2007 IEEE INTERNATIONAL CONFERENCE ON ACOUSTICS, SPEECH, AND SIGNAL PROCESSING, VOL III, PTS 1-3, PROCEEDINGS",2007,Meeting,0,False
IMRA Europe,WOS:000249644400056,Experimental evaluation of multi-cue monocular pedestrian detection system using built-in rear view camera,,"2007 7TH INTERNATIONAL CONFERENCE ON ITS TELECOMMUNICATIONS, PROCEEDINGS",2007,Meeting,0,False
IMRA Europe,WOS:000250504600046,Electrochemical deposition of Bi<sub>2</sub>S<sub>3</sub> thin films using dimethylsulfoxide as a solvent,10.1149/1.2792244,JOURNAL OF THE ELECTROCHEMICAL SOCIETY,2007,Article,7,False
IMRA Europe,WOS:000255044800015,Improving backing-up manoeuvre safety with vision-based movement detection,10.1049/iet-its:20060060,IET INTELLIGENT TRANSPORT SYSTEMS,2007,Article; Meeting,9,False
IMRA Europe,WOS:000251241400041,Chemistry of tin monosulfide (δ-SnS) electrodeposition effects of pH and temperature with tartaric acid,10.1149/1.2801867,JOURNAL OF THE ELECTROCHEMICAL SOCIETY,2008,Article,33,False
IMRA Europe,WOS:000252596000003,Synthesis and characterization Of P<sub>2</sub>O<sub>5</sub>-ZrO<sub>2</sub>-SiO<sub>2</sub> membranes doped with tungstophosphoric acid (PWA) for applications in PEMFC,10.1016/j.memsci.2007.06.035,JOURNAL OF MEMBRANE SCIENCE,2008,Article,42,False
IMRA Europe,WOS:000294166200009,Identifying a Threshold Impurity Level for Organic Solar Cells: Enhanced First-Order Recombination Via Well-Defined PC<sub>84</sub>BM Traps in Organic Bulk Heterojunction Solar Cells,10.1002/adfm.201100514,ADVANCED FUNCTIONAL MATERIALS,2011,Article,219,False
IMRA Europe,WOS:000297056500014,Significantly Reduced Bimolecular Recombination in a Novel Silole-Based Polymer: Fullerene Blend,10.1002/aenm.201100390,ADVANCED ENERGY MATERIALS,2011,Article,62,False
IMRA Europe,WOS:000298978700199,Hole Transport and Recombination in All-Solid Sb<sub>2</sub>S<sub>3</sub>-Sensitized TiO<sub>2</sub> Solar Cells Using CuSCN As Hole Transporter,10.1021/jp210002c,JOURNAL OF PHYSICAL CHEMISTRY C,2012,Article,180,False
IMRA Europe,WOS:000299046100012,Non-Langevin bimolecular recombination in a silole-based polymer:PCBM solar cell measured by time-resolved charge extraction and resistance-dependent time-of-flight techniques,10.1039/c1ee02434e,ENERGY & ENVIRONMENTAL SCIENCE,2012,Article,39,False
IMRA Europe,WOS:000311177700062,"Charge carrier mobility, bimolecular recombination and trapping in polycarbazole copolymer:fullerene (PCDTBT:PCBM) bulk heterojunction solar cells",10.1016/j.orgel.2012.07.037,ORGANIC ELECTRONICS,2012,Article,88,False
IMRA Europe,WOS:000384959100005,Optical Generation and Transport of Charges in Iron Pyrite Nanocrystal Films and Subsequent Injection into SnO<sub>2</sub>,10.1021/acs.jpcc.6b05420,JOURNAL OF PHYSICAL CHEMISTRY C,2016,Article,7,False
IMRA Europe,WOS:000395480400057,Multiloop Minimum Switching Cycle Control Based on Nonaveraged Current Discrete-Time Model for Buck Converter,10.1109/tpel.2016.2570304,IEEE TRANSACTIONS ON POWER ELECTRONICS,2017,Article,12,False
IMRA Europe,WOS:000620679504063,Multimodal Future Localization and Emergence Prediction for Objects in Egocentric View with a Reachability Prior,10.1109/cvpr42600.2020.00441,2020 IEEE/CVF CONFERENCE ON COMPUTER VISION AND PATTERN RECOGNITION (CVPR),2020,Meeting,28,False
IMRA Europe,WOS:000621448700001,High-throughput bandstructure simulations of van der Waals hetero-bilayers formed by 1T and 2H monolayers,10.1038/s41699-021-00200-9,NPJ 2D MATERIALS AND APPLICATIONS,2021,Article,32,False
IMRA Europe,WOS:001057888900005,Object Detection for Embedded Systems Using Tiny Spiking Neural Networks: Filtering Noise Through Visual Attention,10.23919/mva57639.2023.10215590,"2023 18TH INTERNATIONAL CONFERENCE ON MACHINE VISION AND APPLICATIONS, MVA",2023,Meeting,3,False
IMRA America Inc,WOS:A1993LW88500009,SHAPING OF ULTRASHORT OPTICAL PULSES BY USING AN INTEGRATED ACOUSTOOPTIC TUNABLE FILTER,10.1364/ol.18.001505,OPTICS LETTERS,1993,Article,43,True
IMRA America Inc,WOS:A1993LW88500017,SYNCHRONOUS MODE-LOCKING USING PUMP-INDUCED PHASE MODULATION,10.1364/ol.18.001529,OPTICS LETTERS,1993,Article,12,True
IMRA America Inc,WOS:A1994MQ02100015,ENVIRONMENTALLY STABLE KERR-TYPE MODE-LOCKED ERBIUM FIBER LASER PRODUCING 360-FS PULSES,10.1364/ol.19.000043,OPTICS LETTERS,1994,Article,90,True
IMRA America Inc,WOS:A1994BB93D00058,GENERATION OF HIGH-POWER ULTRASHORT PULSES IN ERBIUM OSCILLATOR POWER-AMPLIFIER SYSTEMS,,OSA PROCEEDINGS ON ADVANCED SOLID-STATE LASERS,1994,Meeting,0,False
IMRA America Inc,WOS:A1994NB24600005,ULTRASHORT-PULSE SOURCES BASED ON SINGLE-MODE RARE-EARTH-DOPED FIBERS,10.1007/bf01081312,APPLIED PHYSICS B-LASERS AND OPTICS,1994,Article,46,True
IMRA America Inc,WOS:A1994NA49600001,ALL-FIBER SOURCE OF 100-NJ SUBPICOSECOND PULSES,10.1063/1.111919,APPLIED PHYSICS LETTERS,1994,Article,14,True
IMRA America Inc,WOS:A1994NW48300011,HYBRID DIODE-LASER FIBER-AMPLIFIER SOURCE OF HIGH-ENERGY ULTRASHORT PULSES,10.1364/ol.19.001043,OPTICS LETTERS,1994,Article,37,True
IMRA America Inc,WOS:A1994PA20100007,HIGH-POWER AMPLIFICATION OF FEMTOSECOND OPTICAL PULSES IN A DIODE-PUMPED FIBER SYSTEM,10.1364/ol.19.001201,OPTICS LETTERS,1994,Article,21,True
IMRA America Inc,WOS:A1995BD04V00012,COMPACT ULTRAHIGH-POWER LASER SYSTEMS,10.1117/12.206403,"GENERATION, AMPLIFICATION, AND MEASUREMENT OF ULTRASHORT LASER PULSES II",1995,Meeting,7,True
IMRA America Inc,WOS:A1995BC13Y00027,VEHICLE LATERAL CONTROL SYSTEM USING LASER RADAR,10.1117/12.198932,INTELLIGENT VEHICLE HIGHWAY SYSTEMS,1995,Meeting,0,False
IMRA America Inc,WOS:A1995QD36800028,CONTROLLABLE DUAL-WAVELENGTH OPERATION OF A FEMTOSECOND NEODYMIUM FIBER LASER,10.1364/ol.20.000195,OPTICS LETTERS,1995,Article,12,True
IMRA America Inc,WOS:A1995QD36800020,HIGH-POWER SOLITON FIBER LASER-BASED ON PULSE-WIDTH CONTROL WITH CHIRPED FIBER BRAGG GRATINGS,10.1364/ol.20.000172,OPTICS LETTERS,1995,Article,45,False
IMRA America Inc,WOS:A1995QJ39700036,GENERATION OF 10NJ PICOSECOND PULSES FROM A MODELOCKED FIBER LASER,10.1049/el:19950147,ELECTRONICS LETTERS,1995,Article,12,True
IMRA America Inc,WOS:A1995QJ44900010,ALL-FIBER FEMTOSECOND PULSE AMPLIFICATION CIRCUIT USING CHIRPED BRAGG GRATINGS,10.1063/1.113571,APPLIED PHYSICS LETTERS,1995,Article,87,True
IMRA America Inc,WOS:A1995RM76000013,ENVIRONMENTALLY STABLE HIGH-POWER SOLITON FIBER LASERS THAT USE CHIRPED FIBER BRAGG GRATINGS,10.1364/ol.20.001625,OPTICS LETTERS,1995,Article,11,True
IMRA America Inc,WOS:A1995RN53500013,HIGH-POWER NEODYMIUM SOLITON FIBER LASER THAT USES A CHIRPED FIBER GRATING,10.1364/ol.20.001701,OPTICS LETTERS,1995,Article,16,True
IMRA America Inc,WOS:A1995RQ72600019,FEMTOSECOND PULSE AMPLIFICATION IN CLADDING-PUMPED FIBERS,10.1364/ol.20.001797,OPTICS LETTERS,1995,Article,35,True
IMRA America Inc,WOS:A1995TD68900015,WIDELY TUNABLE FEMTOSECOND NEODYMIUM FIBER LASER,10.1364/ol.20.002303,OPTICS LETTERS,1995,Article,9,True
IMRA America Inc,WOS:A1996BG89K00015,A monolithic gallium arsenide interval timer IC with integrated PLL clock synthesis having five hundred picosecond single shot resolution,10.1109/gaas.1996.567647,"GAAS IC SYMPOSIUM - 18TH ANNUAL, TECHNICAL DIGEST 1996",1996,Meeting,0,False
IMRA America Inc,WOS:A1996TR01900012,Alexandrite-pumped alexandrite regenerative amplifier for femtosecond pulse amplification,10.1364/ol.21.000128,OPTICS LETTERS,1996,Article,17,True
IMRA America Inc,WOS:A1996UA96600017,Fabrication of channel waveguides from sol-gel-processed polyvinylpyrrolidone/SiO2 composite materials,10.1364/ao.35.001500,APPLIED OPTICS,1996,Article,74,False
IMRA America Inc,WOS:A1996UU28400020,Cladding-pumped passive harmonically mode-locked fiber laser,10.1364/ol.21.000970,OPTICS LETTERS,1996,Article,31,True
IMRA America Inc,WOS:A1996UU28400019,Cladding-pumped passively mode-locked fiber laser generating femtosecond and picosecond pulses,10.1364/ol.21.000967,OPTICS LETTERS,1996,Article,22,True
IMRA America Inc,WOS:A1996UW23200014,Nanosecond-to-picosecond pulse compression with fiber gratings in a compact fiber-based chirped-pulse-amplification system,10.1364/ol.21.001049,OPTICS LETTERS,1996,Article,14,True
IMRA America Inc,WOS:A1996VR98800013,Injection of ultrafast regenerative amplifiers with low energy femtosecond pulses from an Er-doped fiber laser,10.1016/0030-4018(96)00403-8,OPTICS COMMUNICATIONS,1996,Article,3,True
IMRA America Inc,WOS:A1997WD12800013,Fiber-laser-based femtosecond parametric generator in bulk periodically poled LiNbO3,10.1364/ol.22.000105,OPTICS LETTERS,1997,Article,51,True
IMRA America Inc,WOS:A1997XQ28700016,Fiber-lasers for ultrafast optics,10.1007/s003400050272,APPLIED PHYSICS B-LASERS AND OPTICS,1997,Review,130,True
IMRA America Inc,WOS:A1997XP27900020,TiO2 nano-particle-dispersed polyimide composite optical waveguide materials through reverse micelles,10.1023/a:1018645722633,JOURNAL OF MATERIALS SCIENCE,1997,Article,93,False
IMRA America Inc,WOS:A1997XT13700007,A monolithic gallium arsenide interval timer IC with integrated PLL clock synthesis having 500-ps single shot resolution,10.1109/4.628738,IEEE JOURNAL OF SOLID-STATE CIRCUITS,1997,Article; Meeting,3,True
IMRA America Inc,WOS:000082968300017,Parametric chirped pulse microamplifier based on engineerable quasi-phase-matched LiNbO<sub>3</sub>,,ULTRAFAST PHENOMENA XI,1998,Meeting,2,False
IMRA America Inc,WOS:000075286000005,"Compact, reliable fiber laser systems for industrial applications",10.1117/12.580606,COMMERCIAL APPLICATIONS OF ULTRAFAST LASERS,1998,Meeting,0,True
IMRA America Inc,WOS:000071691100022,High-energy femtosecond pulse amplification in a quasi-phase-matched parametric amplifier,10.1364/ol.23.000210,OPTICS LETTERS,1998,Article,63,True
IMRA America Inc,WOS:000074639100049,Efficient Q-switched Ti:Er:LiNbO<sub>3</sub> waveguide laser,10.1049/el:19980888,ELECTRONICS LETTERS,1998,Article,40,True
IMRA America Inc,WOS:000076646900020,"Chirped-pulse amplification circuits for fiber amplifiers, based on chirped-period quasi-phase-matching gratings",10.1364/ol.23.001695,OPTICS LETTERS,1998,Article,33,True
IMRA America Inc,WOS:000173833200076,Multi-mode fiber soliton laser,,ADVANCED SOLID-STATE LASERS,1999,Meeting,0,False
IMRA America Inc,WOS:000173833200068,Multi-mode fibers in compact fiber-based chirped pulse amplification systems,,ADVANCED SOLID-STATE LASERS,1999,Meeting,0,False
IMRA America Inc,WOS:000080545000036,Amplification in 1.2-1.7 μm communication window using OPA in PPLN waveguides,10.1049/el:19990501,ELECTRONICS LETTERS,1999,Article,27,False
IMRA America Inc,WOS:000080462200008,Low-noise amplification of high-power pulses in multimode fibers,10.1109/68.766773,IEEE PHOTONICS TECHNOLOGY LETTERS,1999,Article,20,True
IMRA America Inc,WOS:000081700800024,Nonlinearly limited saturable-absorber mode locking of an erbium fiber laser,10.1364/ol.24.001074,OPTICS LETTERS,1999,Article,36,True
IMRA America Inc,WOS:000083096600016,Ultrawide tunable Er soliton fiber laser amplified in Yb-doped fiber,10.1364/ol.24.001428,OPTICS LETTERS,1999,Article,52,True
IMRA America Inc,WOS:000175262800124,Ultrafast Er fiber laser amplified to an average power of 5.5 W in an Yb fiber amplifier,,"ADVANCED SOLID STATE LASERS, PROCEEDINGS",2000,Meeting,2,False
IMRA America Inc,WOS:000166833700042,Ultrafast fiber lasers: Alternative light sources for industrial material processing,10.1117/12.405708,1ST INTERNATIONAL SYMPOSIUM ON LASER PRECISION MICROFABRICATION,2000,Meeting,1,False
IMRA America Inc,WOS:000165407100036,Cubic-phase mismatch compensation in femtosecond CPA systems using nonlinear-chirp-period poled LiNbO<sub>3</sub>,10.1109/nlo.2000.883594,"NONLINEAR OPTICS: MATERIALS, FUNDAMENTALS, AND APPLICATIONS",2000,Meeting,3,False
IMRA America Inc,WOS:000085551200004,Coherent phonons in condensed media,,LIGHT SCATTERING IN SOLIDS VIII,2000,Review,258,False
IMRA America Inc,WOS:000085115100040,"Compact THz-radiation source consisting of a bulk semiconductor, a mode-locked fiber laser, and a 2 T permanent magnet",10.1063/1.1150240,REVIEW OF SCIENTIFIC INSTRUMENTS,2000,Article; Meeting,24,True
IMRA America Inc,WOS:000088250600003,Ultrafast pulse sources based on multi-mode optical fibers,10.1007/s003400000287,APPLIED PHYSICS B-LASERS AND OPTICS,2000,Article; Meeting,37,False
IMRA America Inc,WOS:000090131400030,Bit error rate performance of ultrashort-pulse optical CDMA detection under multi-access interference,10.1049/el:20001259,ELECTRONICS LETTERS,2000,Article,20,True
IMRA America Inc,WOS:000173833500140,Millijoule femtosecond fiber CPA system,,"ADVANCED SOLID-STATE LASERS, PROCEEDINGS",2001,Meeting,2,False
IMRA America Inc,WOS:000173833500007,Generation of high power ultrashort pulses using multi-mode core fiber based systems,,"ADVANCED SOLID-STATE LASERS, PROCEEDINGS",2001,Meeting,0,False
IMRA America Inc,WOS:000169185900025,Generation of high-energy femtosecond pulses in multimode-core Yb-fiber chirped-pulse amplification systems,10.1364/ol.26.000935,OPTICS LETTERS,2001,Article,62,True
IMRA America Inc,WOS:000177176000040,1-THz bandwidth <i>C</i>- and <i>L</i>-band optical sampling with a bit rate agile timebase,10.1109/lpt.2002.1021998,IEEE PHOTONICS TECHNOLOGY LETTERS,2002,Article,43,True
IMRA America Inc,WOS:000184964100006,"New fiber lasers with temporal pulse shaping of nanosecond pulses for ""Tailoring"" flexible laser material processing",10.1117/12.479230,PHOTON PROCESSING IN MICROELECTRONICS AND PHOTONICS II,2003,Meeting,0,True
IMRA America Inc,WOS:000184695400003,New versatile femtosecond fiber lasers,10.1117/12.501655,COMMERCIAL AND BIOMEDICAL APPLICATIONS OF ULTRAFAST LASERS III,2003,Meeting,0,True
IMRA America Inc,WOS:000181979300064,Temporal pulse shaping using fiber laser technology: Nano-scaling for flexible industrial laser material processing,10.1117/12.486528,THIRD INTERNATIONAL SYMPOSIUM ON LASER PRECISION MICROFABRICATION,2003,Meeting,3,True
IMRA America Inc,WOS:000181866000023,"""Time-tailored"" laser pulses: a new approach for laser micromachining and microfabrication processing",10.1117/12.477843,MICROMACHINING TECHNOLOGY FOR MICRO-OPTICS AND NANO-OPTICS,2003,Meeting,1,True
IMRA America Inc,WOS:000182000300030,Fabrication and characterization of photonic devices directly written in glass using femtosecond laser pulses,10.1109/jlt.2003.808678,JOURNAL OF LIGHTWAVE TECHNOLOGY,2003,Article,177,False
IMRA America Inc,WOS:000225390900363,"220 nJ, 1.10 ps pulses from an Er fiber chirped pulse amplification system based on compression in photonic band gap fiber",,"2004 IEEE LEOS ANNUAL MEETING CONFERENCE PROCEEDINGS, VOLS 1 AND 2",2004,Meeting,0,False
IMRA America Inc,WOS:000224751600107,Laser ablation threshold and etch rate comparison between the ultrafast Yb fiber-based FCPA laser and a Ti:Sapphire laser for various materials,10.1117/12.596573,FIFTH INTERNATIONAL SYMPOSIUM ON LASER PRECISION MICROFABRICATION,2004,Meeting,4,True
IMRA America Inc,WOS:000188261100007,Self-focusing during femtosecond micromachining of silicate glasses,10.1109/jqe.2003.821486,IEEE JOURNAL OF QUANTUM ELECTRONICS,2004,Article,36,False
IMRA America Inc,WOS:000220362700007,Chirped pulse amplification with a nonlinearly chirped fiber Bragg grating matched to the Treacy compressor,10.1364/ol.29.000679,OPTICS LETTERS,2004,Article,45,True
IMRA America Inc,WOS:000224600000003,Frequency metrology with a turnkey all-fiber system,10.1364/ol.29.002467,OPTICS LETTERS,2004,Article,179,True
IMRA America Inc,WOS:000226090600013,An optimized Er gain band all-fiber chirped pulse amplification system,10.1364/opex.12.006508,OPTICS EXPRESS,2004,Article,33,True
IMRA America Inc,WOS:000234819902033,High energy fiber chirped pulse amplification system based on cubicons,,"2005 CONFERENCE ON LASERS & ELECTRO-OPTICS (CLEO), VOLS 1-3",2005,Meeting,1,False
IMRA America Inc,WOS:000234819902034,"An optimized Er all-fiber chirped pulse amplification system producing 570-fs, 310-nJ pulses",,"2005 CONFERENCE ON LASERS & ELECTRO-OPTICS (CLEO), VOLS 1-3",2005,Meeting,0,False
IMRA America Inc,WOS:000234819902030,Ultra-compact dispersion compensated femtosecond fiber oscillators and amplifiers,,"2005 CONFERENCE ON LASERS & ELECTRO-OPTICS (CLEO), VOLS 1-3",2005,Meeting,9,False
IMRA America Inc,WOS:000234819900233,High power tunable femtosecond pulse source based on amplification in Tm fiber,,"2005 CONFERENCE ON LASERS & ELECTRO-OPTICS (CLEO), VOLS 1-3",2005,Meeting,0,False
IMRA America Inc,WOS:000229338100007,"Reliable, high-repetition rate, femtosecond, microJoule fiber lasers for precision applications",10.1117/12.598050,Commercial and Biomedical Applications of Ultrafast Lasers V,2005,Meeting,2,True
IMRA America Inc,WOS:000227805400028,Waveguide writing in fused silica with a femtosecond fiber laser at 522 nm and 1 MHz repetition rate,10.1364/opex.13.001999,OPTICS EXPRESS,2005,Article,177,False
IMRA America Inc,WOS:000229799200039,High energy femtosecond Yb cubicon fiber amplifier,10.1364/opex.13.004717,OPTICS EXPRESS,2005,Article,140,True
IMRA America Inc,WOS:000229799200038,Heat accumulation effects in femtosecond laser-written waveguides with variable repetition rate,10.1364/opex.13.004708,OPTICS EXPRESS,2005,Article,694,False
IMRA America Inc,WOS:000231375000020,Integrated self-referenced frequency-comb laser based on a combination of fiber and waveguide technology,10.1364/opex.13.006490,OPTICS EXPRESS,2005,Article,50,True
IMRA America Inc,WOS:000232058200019,230-kW peak power femtosecond pulses from a high power tunable source based on amplification in Tm-doped fiber,10.1364/opex.13.007424,OPTICS EXPRESS,2005,Article,133,True
IMRA America Inc,WOS:000232786800007,Breaking the limit of maximum effective area for robust single-mode propagation in optical fibers,10.1364/ol.30.002855,OPTICS LETTERS,2005,Article,147,True
IMRA America Inc,WOS:000259602600255,High power fiber oscillators and amplifiers,,"2006 OPTICAL FIBER COMMUNICATION CONFERENCE/NATIONAL FIBER OPTIC ENGINEERS CONFERENCE, VOLS 1-6",2006,Meeting,0,False
IMRA America Inc,WOS:000246942200310,Differential absorption spectroscopy for gas monitoring at sub-millimeter wavelengths,,CONFERENCE DIGEST OF THE 2006 JOINT 31ST INTERNATIONAL CONFERENCE ON INFRARED AND MILLIMETER WAVES AND 14TH INTERNATIONAL CONFERENCE ON TERAHERTZ ELECTRONICS,2006,Meeting,0,False
IMRA America Inc,WOS:000237143300028,Ultrafast high energy amplifiers beyond the B-integral limit,10.1117/12.659365,"FIBER LASERS III: TECHNOLOGY, SYSTEMS, AND APPLICATIONS",2006,Meeting,3,True
IMRA America Inc,WOS:000240901600028,Fiber chirped pulse amplification system for micromachining,10.1117/12.707699,"PHOTONICS NORTH 2006, PTS 1 AND 2",2006,Meeting,8,True
IMRA America Inc,WOS:000237143300002,Ultrashort pulse micromachining with the 10-μJ FCPA fiber laser,10.1117/12.659451,"FIBER LASERS III: TECHNOLOGY, SYSTEMS, AND APPLICATIONS",2006,Meeting,0,True
IMRA America Inc,WOS:000237087800017,"Optimized precision micromachining using commercially-available, high-repetition rate, microJoule femtosecond fiber lasers - art. no. 61080Q",10.1117/12.659866,Commercial and Biomedical Applications of Ultrafast Lasers VI,2006,Meeting,2,True
IMRA America Inc,WOS:000237608600026,High-power source of THz radiation based on orientation-patterned GaAs pumped by a fiber laser,10.1364/oe.14.004439,OPTICS EXPRESS,2006,Article,91,True
IMRA America Inc,WOS:000238730000013,A spectroscopic comparison of femtosecond-laser-modified fused silica using kilohertz and megahertz laser systems,10.1063/1.2207556,JOURNAL OF APPLIED PHYSICS,2006,Article,51,False
IMRA America Inc,WOS:000238717200038,<i>p</i>-type behavior in nominally undoped ZnO thin films by oxygen plasma growth,10.1063/1.2217165,APPLIED PHYSICS LETTERS,2006,Article,67,True
IMRA America Inc,WOS:000241116200031,Fiber-laser frequency combs with subhertz relative linewidths,10.1364/ol.31.003046,OPTICS LETTERS,2006,Article,99,True
IMRA America Inc,WOS:000241517400065,Self-assembled periodic sub-wavelength structures by femtosecond laser direct writing,10.1364/oe.14.010117,OPTICS EXPRESS,2006,Article,89,True
IMRA America Inc,WOS:000242325700004,Bend-resistant fundamental mode operation in ytterbium-doped leakage channel fibers with effective areas up to 3160μm<SUP>2</SUP>,10.1364/oe.14.011512,OPTICS EXPRESS,2006,Article,59,True
IMRA America Inc,WOS:000207057500005,High Power Femtosecond Fiber Chirped Pulse Amplification System for High Speed Micromachining,10.2961/jlmn.2006.03.0005,JOURNAL OF LASER MICRO NANOENGINEERING,2006,Article,21,True
IMRA America Inc,WOS:000207057500021,High Energy-High Repetition Rate Fiber Laser System for Precision Micromachining with Fundamental and Second Harmonic Wavelengths,10.2961/jlmn.2006.03.0021,JOURNAL OF LASER MICRO NANOENGINEERING,2006,Article,5,True
IMRA America Inc,WOS:000242964300075,"Micromachining with a 50 W, 50 μJ, sub-picosecond fiber laser system",10.1364/oe.14.012546,OPTICS EXPRESS,2006,Article,80,True
IMRA America Inc,WOS:000243379900047,ZnMgO quantum dots grown by low-pressure metal organic chemical vapor deposition,10.1063/1.2428853,APPLIED PHYSICS LETTERS,2007,Article,18,True
IMRA America Inc,WOS:000252102000082,Er- and Yb-doped fiber laser frequency combs and their applications,10.1109/leosst.2007.4288382,2007 DIGEST OF THE LEOS SUMMER TOPICAL MEETINGS,2007,Meeting,0,False
IMRA America Inc,WOS:000246047000020,Ultrafast pulsed laser ablation for synthesis of nanocrystals,10.1117/12.713263,COMMERCIAL AND BIOMEDICAL APPLICATIONS OF ULTRAFAST LASERS VII,2007,Meeting,6,False
IMRA America Inc,WOS:000242511300011,Study on the Hall-effect and photoluminescence of N-doped p-type ZnO thin films,10.1016/j.matlet.2006.04.001,MATERIALS LETTERS,2007,Article,84,True
IMRA America Inc,WOS:000250804900014,Ultrafast pulsed laser ablation for synthesis of nanocrystals,10.1117/12.736522,"NANOENGINEERING: FABRICATION, PROPERTIES, OPTICS, AND DEVICES IV",2007,Meeting,0,True
IMRA America Inc,WOS:000246052100032,Robust single-mode operation in 50pm ytterbium-doped leakage channel fibers,10.1117/12.706121,"FIBER LASERS IV: TECHNOLOGY, SYSTEMS, AND APPLICATIONS",2007,Meeting,0,True
IMRA America Inc,WOS:000246052100026,Compact 50W ultrashort pulse fiber laser for precision and high-speed material processing,10.1117/12.713437,"FIBER LASERS IV: TECHNOLOGY, SYSTEMS, AND APPLICATIONS",2007,Meeting,1,True
IMRA America Inc,WOS:000268751001023,"""Quill"" Writing with Ultrashort Light Pulses in Transparent Optical Materials",,"2007 CONFERENCE ON LASERS & ELECTRO-OPTICS/QUANTUM ELECTRONICS AND LASER SCIENCE CONFERENCE (CLEO/QELS 2007), VOLS 1-5",2007,Meeting,0,False
IMRA America Inc,WOS:000268751000284,Octave-level spectral broadening in RPE PPLN waveguides,,"2007 CONFERENCE ON LASERS & ELECTRO-OPTICS/QUANTUM ELECTRONICS AND LASER SCIENCE CONFERENCE (CLEO/QELS 2007), VOLS 1-5",2007,Meeting,0,False
IMRA America Inc,WOS:000268751000123,Self-referenced Yb-fiber-laser frequency comb using a dispersion micromanaged tapered holey fiber,,"2007 CONFERENCE ON LASERS & ELECTRO-OPTICS/QUANTUM ELECTRONICS AND LASER SCIENCE CONFERENCE (CLEO/QELS 2007), VOLS 1-5",2007,Meeting,0,False
IMRA America Inc,WOS:000243789600120,Nanoparticle generation in ultrafast pulsed laser ablation of nickel,10.1063/1.2434168,APPLIED PHYSICS LETTERS,2007,Article,91,True
IMRA America Inc,WOS:000244083700012,Fundamental-mode operation in polarization-maintaining ytterbium-doped fiber with an effective area of 1400 μm<SUP>2</SUP>,10.1364/ol.32.000358,OPTICS LETTERS,2007,Article,39,True
IMRA America Inc,WOS:000207058000011,Fusion Welding of Glass Using Femtosecond Laser Pulses with High-repetition Rates,10.2961/jlmn.2007.01.0011,JOURNAL OF LASER MICRO NANOENGINEERING,2007,Article,126,False
IMRA America Inc,WOS:000245500200040,Fabrication of Sb-doped p-type ZnO thin films by pulsed laser deposition,10.1016/j.apsusc.2006.11.014,APPLIED SURFACE SCIENCE,2007,Article,77,False
IMRA America Inc,WOS:000245690700020,"""Quill"" writing with ultrashort light pulses in transparent materials",10.1063/1.2722240,APPLIED PHYSICS LETTERS,2007,Article,188,False
IMRA America Inc,WOS:000247390200013,High-power ultrashort-pulse fiber amplifiers,10.1109/jstqe.2007.896096,IEEE JOURNAL OF SELECTED TOPICS IN QUANTUM ELECTRONICS,2007,Article,30,True
IMRA America Inc,WOS:000246601200022,Fabrication of p-type ZnMgO films via pulsed laser deposition method by using Li as dopant source,10.1016/j.apsusc.2007.01.003,APPLIED SURFACE SCIENCE,2007,Article,11,False
IMRA America Inc,WOS:000247305400048,Microstructure and properties of epitaxial antimony-doped p-type ZnO films fabricated by pulsed laser deposition,10.1063/1.2747669,APPLIED PHYSICS LETTERS,2007,Article,80,True
IMRA America Inc,WOS:000247290500022,Investigation on ultraviolet photoconductivity in p-type ZnO thin films,10.1016/j.cplett.2007.04.089,CHEMICAL PHYSICS LETTERS,2007,Article,17,True
IMRA America Inc,WOS:000247930400021,Preparation of p-type ZnMgO thin films by Sb doping method,10.1088/0022-3727/40/14/020,JOURNAL OF PHYSICS D-APPLIED PHYSICS,2007,Article,21,False
IMRA America Inc,WOS:000248521500038,Synthesis and properties of <i>p</i>-type nitrogen-doped ZnO thin films by pulsed laser ablation of a Zn-rich Zn<sub>3</sub>N<sub>2</sub> target,10.1557/jmr.2007.0294,JOURNAL OF MATERIALS RESEARCH,2007,Article,11,True
IMRA America Inc,WOS:000249087200053,"Dispersion management for a sub-10-fs, 10 TW optical parametric chirped-pulse amplifier",10.1364/ol.32.002227,OPTICS LETTERS,2007,Article,81,False
IMRA America Inc,WOS:000249315300032,Direct-write patterning of indium-tin-oxide film by high pulse repetition frequency femtosecond laser ablation,10.1364/ao.46.005792,APPLIED OPTICS,2007,Article,82,False
IMRA America Inc,WOS:000249908000005,Generation of octave-spanning spectra inside reverse-photon-exchanged periodically poled lithium niobate waveguides,10.1364/ol.32.002478,OPTICS LETTERS,2007,Article,82,True
IMRA America Inc,WOS:000250499900035,Cavity-enhanced similariton Yb-fiber laser frequency comb:: 3 X 10<SUP>14</SUP> W/Cm<SUP>2</SUP> peak intensity at 136 MHz,10.1364/ol.32.002870,OPTICS LETTERS,2007,Article,75,False
IMRA America Inc,WOS:000250735600043,Amphoteric phosphorus doping for stable p-type ZnO,10.1002/adma.200700083,ADVANCED MATERIALS,2007,Article,75,False
IMRA America Inc,WOS:000255941700024,Laser micromachining of branching networks,10.1117/12.761821,LASER-BASED MICRO- AND NANOPACKAGING AND ASSEMBLY II,2008,Meeting,4,False
IMRA America Inc,WOS:000258905800009,Fabrication of microfluidic networks using a high power femtosecond fiber laser,10.1117/12.782655,"HIGH-POWER LASER ABLATION VII, PTS 1-2",2008,Meeting,2,False
IMRA America Inc,WOS:000257878700017,Terahertz near-field microscopy,10.1007/978-3-540-74325-5_17,ADVANCES IN SOLID STATE PHYSICS,2008,Meeting,12,False
IMRA America Inc,WOS:000255942100021,Structural modifications in Er-Yb doped phosphate glass induced by femtosecond laser waveguide writing,10.1117/12.763982,COMMERCIAL AND BIOMEDICAL APPLICATIONS OF ULTRAFAST LASERS VIII,2008,Meeting,0,True
IMRA America Inc,WOS:000252634000018,Temperature dependence of ytterbium-doped fiber amplifiers,10.1364/josab.25.000126,JOURNAL OF THE OPTICAL SOCIETY OF AMERICA B-OPTICAL PHYSICS,2008,Article,60,True
IMRA America Inc,WOS:000300411200471,Single-Mode Optical Fibres with Record Core Diameters,,2008 34TH EUROPEAN CONFERENCE ON OPTICAL COMMUNICATION (ECOC),2008,Meeting,1,False
IMRA America Inc,WOS:000260498400554,A Real-Time Terahertz Wave Imager,,"2008 CONFERENCE ON LASERS AND ELECTRO-OPTICS & QUANTUM ELECTRONICS AND LASER SCIENCE CONFERENCE, VOLS 1-9",2008,Meeting,0,False
IMRA America Inc,WOS:000255547100026,Analytical solutions for nonlinear waveguide equation under Gaussian mode approximation,10.1117/12.774052,"FIBER LASERS V: TECHNOLOGY, SYSTEMS, AND APPLICATIONS",2008,Meeting,0,True
IMRA America Inc,WOS:000260498400655,10 W average power frequency comb with sub-mHz relative linewidths from an Yb:fiber system,,"2008 CONFERENCE ON LASERS AND ELECTRO-OPTICS & QUANTUM ELECTRONICS AND LASER SCIENCE CONFERENCE, VOLS 1-9",2008,Meeting,0,False
IMRA America Inc,WOS:000260498400658,Self-referenced f<sub>CEO</sub> stabilization of a low noise femtosecond fiber oscillator,,"2008 CONFERENCE ON LASERS AND ELECTRO-OPTICS & QUANTUM ELECTRONICS AND LASER SCIENCE CONFERENCE, VOLS 1-9",2008,Meeting,0,False
IMRA America Inc,WOS:000252470900049,Violet luminescence in phosphorus-doped ZnO epitaxial films,10.1063/1.2834696,APPLIED PHYSICS LETTERS,2008,Article,23,False
IMRA America Inc,WOS:000253177600018,Microstructure and electrical properties of p-type phosphorus-doped ZnO films,10.1088/0022-3727/41/2/025103,JOURNAL OF PHYSICS D-APPLIED PHYSICS,2008,Article,23,False
IMRA America Inc,WOS:000254121400083,Bend performance of leakage channel fibers,10.1364/oe.16.004278,OPTICS EXPRESS,2008,Article,37,True
IMRA America Inc,WOS:000262657200056,Approximate Treatment of the Nonlinear Waveguide Equation in the Regime of Nonlinear Self-Focus,10.1109/jlt.2008.925685,JOURNAL OF LIGHTWAVE TECHNOLOGY,2008,Article,7,True
IMRA America Inc,WOS:000260864900015,Highly nonlinear silica suspended core fibers,10.1364/oe.16.016423,OPTICS EXPRESS,2008,Article,65,True
IMRA America Inc,WOS:000260218400040,Growth of ZnO nanoparticles and nanorods with ultrafast pulsed laser deposition,10.1007/s00339-008-4754-1,APPLIED PHYSICS A-MATERIALS SCIENCE & PROCESSING,2008,Article,33,True
IMRA America Inc,WOS:000261373000009,All-glass endless single-mode photonic crystal fibers,10.1364/ol.33.002440,OPTICS LETTERS,2008,Article,24,False
IMRA America Inc,WOS:000261561900023,Efficient supercontinuum generations in silica suspended core fibers,10.1364/oe.16.019629,OPTICS EXPRESS,2008,Article,58,True
IMRA America Inc,WOS:000266639600006,Micromachining with a High Repetition Rate Femtosecond Fiber Laser,10.2961/jlmn.2008.03.0006,JOURNAL OF LASER MICRO NANOENGINEERING,2008,Article,14,True
IMRA America Inc,WOS:000300493200031,All Glass Micro-structured Optical Fibres,,2009 35TH EUROPEAN CONFERENCE ON OPTICAL COMMUNICATION (ECOC),2009,Meeting,0,False
IMRA America Inc,WOS:000285708800002,Efficient Highly Ytterbium-Doped Silica Fibers with Low Photo-darkening for High Power Fiber Lasers,,"FIBER LASERS VI: TECHNOLOGY, SYSTEMS, AND APPLICATIONS",2009,Meeting,0,False
IMRA America Inc,WOS:000285708800017,Large Effective Mode Area Optical Fibers for High Power Lasers,10.1117/12.806609,"FIBER LASERS VI: TECHNOLOGY, SYSTEMS, AND APPLICATIONS",2009,Meeting,11,False
IMRA America Inc,WOS:000285750700016,Latest developments of ultrafast fiber laser and its material applications,10.1117/12.808582,ULTRAFAST PHENOMENA IN SEMICONDUCTORS AND NANOSTRUCTURE MATERIALS XIII,2009,Meeting,1,False
IMRA America Inc,WOS:000274751301166,Multi-core leakage-channel fibers with up to 26000 μm<SUP>2</SUP> combined effective mode-field area,,"2009 CONFERENCE ON LASERS AND ELECTRO-OPTICS AND QUANTUM ELECTRONICS AND LASER SCIENCE CONFERENCE (CLEO/QELS 2009), VOLS 1-5",2009,Meeting,0,False
IMRA America Inc,WOS:000274751300554,The Art of Femtosecond Laser Writing,,"2009 CONFERENCE ON LASERS AND ELECTRO-OPTICS AND QUANTUM ELECTRONICS AND LASER SCIENCE CONFERENCE (CLEO/QELS 2009), VOLS 1-5",2009,Meeting,0,False
IMRA America Inc,WOS:000274751300568,All-glass Leakage Channel Fibers with Fluorine-doped Silica Pump Cladding,,"2009 CONFERENCE ON LASERS AND ELECTRO-OPTICS AND QUANTUM ELECTRONICS AND LASER SCIENCE CONFERENCE (CLEO/QELS 2009), VOLS 1-5",2009,Meeting,0,False
IMRA America Inc,WOS:000274751300407,"Phase-stabilized, 1.5-W mid-infrared frequency comb",,"2009 CONFERENCE ON LASERS AND ELECTRO-OPTICS AND QUANTUM ELECTRONICS AND LASER SCIENCE CONFERENCE (CLEO/QELS 2009), VOLS 1-5",2009,Meeting,0,False
IMRA America Inc,WOS:000274751300404,Rapidly scanning Fourier transform spectrometer based on a GHz repetition rate Yb-fiber laser pair,,"2009 CONFERENCE ON LASERS AND ELECTRO-OPTICS AND QUANTUM ELECTRONICS AND LASER SCIENCE CONFERENCE (CLEO/QELS 2009), VOLS 1-5",2009,Meeting,0,False
IMRA America Inc,WOS:000274751300293,GHz Yb-femtosecond-fiber laser frequency comb,,"2009 CONFERENCE ON LASERS AND ELECTRO-OPTICS AND QUANTUM ELECTRONICS AND LASER SCIENCE CONFERENCE (CLEO/QELS 2009), VOLS 1-5",2009,Meeting,3,False
IMRA America Inc,WOS:000274751300091,"A Compact kHz-Repetition-Rate 2-mJ sub-200-fs cw-Pumped Yb,Na:CaF<sub>2</sub> Amplifier",,"2009 CONFERENCE ON LASERS AND ELECTRO-OPTICS AND QUANTUM ELECTRONICS AND LASER SCIENCE CONFERENCE (CLEO/QELS 2009), VOLS 1-5",2009,Meeting,0,False
IMRA America Inc,WOS:000274751300047,Highly Ytterbium-Doped Phosphosilicate Fibers for Fiber Lasers and Amplifiers with High Peak Powers,,"2009 CONFERENCE ON LASERS AND ELECTRO-OPTICS AND QUANTUM ELECTRONICS AND LASER SCIENCE CONFERENCE (CLEO/QELS 2009), VOLS 1-5",2009,Meeting,0,False
IMRA America Inc,WOS:000263480100052,Fusion Splicing Holey Fibers and Single-Mode Fibers: A Simple Method to Reduce Loss and Increase Strength,10.1109/lpt.2008.2009467,IEEE PHOTONICS TECHNOLOGY LETTERS,2009,Article,47,False
IMRA America Inc,WOS:000263315100025,Ultrafast Fiber Laser Technology,10.1109/jstqe.2008.2010246,IEEE JOURNAL OF SELECTED TOPICS IN QUANTUM ELECTRONICS,2009,Review,368,False
IMRA America Inc,WOS:000264633500024,Epitaxial ZnO films on (111) Si substrates with Sc<sub>2</sub>O<sub>3</sub> buffer layers,10.1063/1.3095506,APPLIED PHYSICS LETTERS,2009,Article,35,False
IMRA America Inc,WOS:000264632100033,Few-Cycle Laser-Driven Electron Acceleration,10.1103/physrevlett.102.124801,PHYSICAL REVIEW LETTERS,2009,Article,109,False
IMRA America Inc,WOS:000265659500013,Burst-Mode Femtosecond Pulsed Laser Deposition for Control of Thin Film Morphology and Material Ablation,10.1143/apex.2.042501,APPLIED PHYSICS EXPRESS,2009,Article,46,False
IMRA America Inc,WOS:000266475000013,"Phase-stabilized, 1.5 W frequency comb at 2.8-4.8 μm",10.1364/ol.34.001330,OPTICS LETTERS,2009,Article,267,False
IMRA America Inc,WOS:000266382200029,Ytterbium-doped all glass leakage channel fibers with highly fluorine-doped silica pump cladding,10.1364/oe.17.008962,OPTICS EXPRESS,2009,Article,87,False
IMRA America Inc,WOS:000267712900019,Extending Effective Area of Fundamental Mode in Optical Fibers,10.1109/jlt.2009.2020181,JOURNAL OF LIGHTWAVE TECHNOLOGY,2009,Article,64,False
IMRA America Inc,WOS:000267053200049,Optical properties of antimony-doped <i>p</i>-type ZnO films fabricated by pulsed laser deposition,10.1063/1.3126518,JOURNAL OF APPLIED PHYSICS,2009,Article,38,False
IMRA America Inc,WOS:000266906400045,Highly ytterbium-doped silica fibers with low photo-darkening,10.1364/oe.17.009924,OPTICS EXPRESS,2009,Article,78,False
IMRA America Inc,WOS:000268376200055,"Multi-mJ, 200-fs, cw-pumped, cryogenically cooled, Yb,Na:CaF<sub>2</sub> amplifier",,OPTICS LETTERS,2009,Article,55,False
IMRA America Inc,WOS:000267761200057,Extremely large mode area optical fibers formed by thermal stress,10.1364/oe.17.011782,OPTICS EXPRESS,2009,Article,16,False
IMRA America Inc,WOS:000271089300012,"Spectroscopy and lasing of cryogenically cooled Yb, Na:CaF<sub>2</sub>",10.1007/s00340-009-3740-4,APPLIED PHYSICS B-LASERS AND OPTICS,2009,Article,36,False
IMRA America Inc,WOS:000270915700036,Temperature-dependent Hall and photoluminescence evidence for conduction-band edge shift induced by alloying ZnO with magnesium,10.1063/1.3236771,APPLIED PHYSICS LETTERS,2009,Article,13,False
IMRA America Inc,WOS:000271630000010,All-fiber CARS microscopy of live cells,10.1364/oe.17.020700,OPTICS EXPRESS,2009,Article,75,False
IMRA America Inc,WOS:000273326700013,Ultrashort Pulse Laser Processing of Transparent Materials,10.2961/jlmn.2009.03.0013,JOURNAL OF LASER MICRO NANOENGINEERING,2009,Article,4,False
IMRA America Inc,WOS:000301111700369,Advancing Frontier of Specialty Fibers for Fiber Lasers,,2010 15TH OPTOELECTRONICS AND COMMUNICATIONS CONFERENCE (OECC),2010,Meeting,0,False
IMRA America Inc,WOS:000272901300001,Terahertz Radiation,10.1007/978-1-4419-0978-7_1,INTRODUCTION TO THZ WAVE PHOTONICS,2010,Article; Book,64,False
IMRA America Inc,WOS:000290513600286,75 W Yb-fiber laser frequency comb,,2010 CONFERENCE ON LASERS AND ELECTRO-OPTICS (CLEO) AND QUANTUM ELECTRONICS AND LASER SCIENCE CONFERENCE (QELS),2010,Meeting,0,False
IMRA America Inc,WOS:000287574100186,Yb-Fiber Laser Frequency Combs,,2010 CONFERENCE ON OPTICAL FIBER COMMUNICATION OFC COLLOCATED NATIONAL FIBER OPTIC ENGINEERS CONFERENCE OFC-NFOEC,2010,Meeting,0,False
IMRA America Inc,WOS:000284358900001,Ultrafast pulsed laser micro-deposition printing on transparent media,10.1117/12.842806,MICROMACHINING AND MICROFABRICATION PROCESS TECHNOLOGY XV,2010,Meeting,2,False
IMRA America Inc,WOS:000284358000003,High performance multimodal CARS microscopy using a single femtosecond source,10.1117/12.841396,MULTIPHOTON MICROSCOPY IN THE BIOMEDICAL SCIENCES X,2010,Meeting,1,False
IMRA America Inc,WOS:000287700900021,Extending Bandgap of Air-core Photonic Bandgap fibers,10.1117/12.866979,2ND WORKSHOP ON SPECIALTY OPTICAL FIBERS AND THEIR APPLICATIONS WSOF-2,2010,Meeting,0,False
IMRA America Inc,WOS:000287700900002,Specialty Fibers and Their Applications in Fiber Lasers,10.1117/12.868414,2ND WORKSHOP ON SPECIALTY OPTICAL FIBERS AND THEIR APPLICATIONS WSOF-2,2010,Meeting,1,False
IMRA America Inc,WOS:000272901300008,THz Technology in Nondestructive Evaluation,10.1007/978-1-4419-0978-7_8,INTRODUCTION TO THZ WAVE PHOTONICS,2010,Article; Book,1,False
IMRA America Inc,WOS:000272901300002,Generation and Detection of THz Waves,10.1007/978-1-4419-0978-7_2,INTRODUCTION TO THZ WAVE PHOTONICS,2010,Article; Book,15,False
IMRA America Inc,WOS:000272901300009,THz Technology in Security Checks,10.1007/978-1-4419-0978-7_9,INTRODUCTION TO THZ WAVE PHOTONICS,2010,Article; Book,25,False
IMRA America Inc,WOS:000272901300007,THz Wave Near-Field Imaging,10.1007/978-1-4419-0978-7_7,INTRODUCTION TO THZ WAVE PHOTONICS,2010,Article; Book,6,False
IMRA America Inc,WOS:000272901300005,THz Air Photonics,10.1007/978-1-4419-0978-7_5,INTRODUCTION TO THZ WAVE PHOTONICS,2010,Article; Book,2,False
IMRA America Inc,WOS:000272901300006,THz Wave 3D Imaging and Tomography,10.1007/978-1-4419-0978-7_6,INTRODUCTION TO THZ WAVE PHOTONICS,2010,Article; Book,1,False
IMRA America Inc,WOS:000272901300004,THz Wave Interaction with Materials,10.1007/978-1-4419-0978-7_4,INTRODUCTION TO THZ WAVE PHOTONICS,2010,Article; Book,4,False
IMRA America Inc,WOS:000272901300003,THz Spectroscopy and Imaging,10.1007/978-1-4419-0978-7_3,INTRODUCTION TO THZ WAVE PHOTONICS,2010,Article; Book,16,False
IMRA America Inc,WOS:000273782600019,Epitaxial Zn<sub>1-<i>x</i></sub>Mg<i><sub>x</sub></i>O films grown on (111) Si by pulsed laser deposition,10.1016/j.cplett.2009.12.046,CHEMICAL PHYSICS LETTERS,2010,Article,4,False
IMRA America Inc,WOS:000281042400110,Observation of symmetrical reflection sidebands in a silica suspended-core fiber Bragg grating,10.1364/oe.18.017373,OPTICS EXPRESS,2010,Article,9,False
IMRA America Inc,WOS:000281994500006,"80 W, 120 fs Yb-fiber frequency comb",10.1364/ol.35.003015,OPTICS LETTERS,2010,Article,133,False
IMRA America Inc,WOS:000283686500039,Mid-infrared Fourier transform spectroscopy with a broadband frequency comb,10.1364/oe.18.021861,OPTICS EXPRESS,2010,Article,241,False
IMRA America Inc,WOS:000284876700012,Extending transmission bandwidth of air-core photonic bandgap fibers,10.1016/j.yofte.2010.08.003,OPTICAL FIBER TECHNOLOGY,2010,Article,12,False
IMRA America Inc,WOS:000297791600034,Advanced Specialty Fiber Designs for Fiber Lasersre,10.1117/12.878831,"FIBER LASERS VIII: TECHNOLOGY, SYSTEMS, AND APPLICATIONS",2011,Meeting,1,True
IMRA America Inc,WOS:000368862900033,Progress on the Finite Element Simulation of the Hot Stamping Process,,HOT SHEET METAL FORMING OF HIGH-PERFORMANCE STEEL CHS2 (3RD INTERNATIONAL CONFERENCE PROCEEDINGS),2011,Meeting,0,False
IMRA America Inc,WOS:000295612403214,Self-Referenced Frequency Comb From a Tm-fiber Amplifier via PPLN Waveguide Supercontinuum Generation,,2011 CONFERENCE ON LASERS AND ELECTRO-OPTICS (CLEO),2011,Meeting,0,False
IMRA America Inc,WOS:000295612401346,1.5 Octave Highly Coherent Fiber Frequency Comb,,2011 CONFERENCE ON LASERS AND ELECTRO-OPTICS (CLEO),2011,Meeting,0,False
IMRA America Inc,WOS:000295612401252,Tunable Coherent Raman Soliton Generation with a Tm-Fiber System,,2011 CONFERENCE ON LASERS AND ELECTRO-OPTICS (CLEO),2011,Meeting,0,False
IMRA America Inc,WOS:000295612401077,Passively Mode Locked GHz Femtosecond Yb-Fiber Laser Using an Intra-Cavity Martinez Compressor,,2011 CONFERENCE ON LASERS AND ELECTRO-OPTICS (CLEO),2011,Meeting,0,False
IMRA America Inc,WOS:000295935600021,Electrophoretic deposition of Cu-In composite nanoparticle thin films for fabrication of CuInSe<sub>2</sub> solar cells,10.1117/12.894109,NANOSTRUCTURED THIN FILMS IV,2011,Meeting,2,False
IMRA America Inc,WOS:000287912500050,Broadband phase noise suppression in a Yb-fiber frequency comb,10.1364/ol.36.000743,OPTICS LETTERS,2011,Article,27,False
IMRA America Inc,WOS:000288751400029,Femtosecond laser machining of multi-depth microchannel networks onto silicon,10.1088/0960-1317/21/4/045027,JOURNAL OF MICROMECHANICS AND MICROENGINEERING,2011,Article,48,False
IMRA America Inc,WOS:000295822700001,Ultrabroadband coherent supercontinuum frequency comb,10.1103/physreva.84.011806,PHYSICAL REVIEW A,2011,Article,63,False
IMRA America Inc,WOS:000295373800002,Supercontinuum generation in quasi-phasematched waveguides,10.1364/oe.19.018754,OPTICS EXPRESS,2011,Article,96,False
IMRA America Inc,WOS:000295415600066,Supercontinuum generation in quasi-phase-matched LiNbO<sub>3</sub> waveguide pumped by a Tm-doped fiber laser system,10.1364/ol.36.003912,OPTICS LETTERS,2011,Article,122,False
IMRA America Inc,WOS:000296904700129,Power optimization of XUV frequency combs for spectroscopy applications [Invited],10.1364/oe.19.023483,OPTICS EXPRESS,2011,Article,46,False
IMRA America Inc,WOS:000297195200007,Highly Efficient and Controllable PEGylation of Gold Nanoparticles Prepared by Femtosecond Laser Ablation in Water,10.1021/jp2079567,JOURNAL OF PHYSICAL CHEMISTRY C,2011,Article,82,False
IMRA America Inc,WOS:000299726000036,Direct frequency comb spectroscopy in the extreme ultraviolet,10.1038/nature10711,NATURE,2012,Article,403,True
IMRA America Inc,WOS:000300057700015,Multiplex Raman induced Kerr effect microscopy,10.1364/oe.20.000835,OPTICS EXPRESS,2012,Article,19,False
IMRA America Inc,WOS:000324475103939,Highly efficient and controllable PEGylation of gold nanoparticles prepared by femtosecond laser ablation in water,,ABSTRACTS OF PAPERS OF THE AMERICAN CHEMICAL SOCIETY,2012,Abstract,0,False
IMRA America Inc,WOS:000302138800024,Octave-spanning ultrafast OPO with 2.6-6.1μm instantaneous bandwidth pumped by femtosecond Tm-fiber laser,10.1364/oe.20.007046,OPTICS EXPRESS,2012,Article,272,True
IMRA America Inc,WOS:000302562300015,Stable gold nanocolloids with controllable surface modification and functionalization,10.1117/12.906451,COLLOIDAL NANOCRYSTALS FOR BIOMEDICAL APPLICATIONS VII,2012,Meeting,0,True
IMRA America Inc,WOS:000305410500009,Full phase stabilization of a Yb:fiber femtosecond frequency comb via high-bandwidth transducers,10.1364/ol.37.002196,OPTICS LETTERS,2012,Article,56,False
IMRA America Inc,WOS:000305410500021,Widely-tunable mid-infrared frequency comb source based on difference frequency generation,10.1364/ol.37.002232,OPTICS LETTERS,2012,Article,90,False
IMRA America Inc,WOS:000306294100004,Synthesis and electrophoretic deposition of composite metal nanoparticles and non-vacuum fabrication of CuInSe<sub>2</sub> solar cells,10.1117/12.894047,THIN FILM SOLAR TECHNOLOGY III,2011,Meeting,0,False
IMRA America Inc,WOS:000306709900053,Widely tunable midinfrared difference frequency generation in orientation-patterned GaAs pumped with a femtosecond Tm-fiber system,10.1364/ol.37.002928,OPTICS LETTERS,2012,Article,72,True
IMRA America Inc,WOS:000307226700026,Frequency comb stabilization with bandwidth beyond the limit of gain lifetime by an intracavity graphene electro-optic modulator,10.1364/ol.37.003084,OPTICS LETTERS,2012,Article,97,True
IMRA America Inc,WOS:000309542900053,Coherent phase lock of a 9 μm quantum cascade laser to a 2 μm thulium optical frequency comb,10.1364/ol.37.004083,OPTICS LETTERS,2012,Article,51,False
IMRA America Inc,WOS:000313149800083,Liquid-Phase Pulsed Laser Ablation and Electrophoretic Deposition for Chalcopyrite Thin-Film Solar Cell Application,10.1021/am3022976,ACS APPLIED MATERIALS & INTERFACES,2012,Article,46,False
IMRA America Inc,WOS:000355316301464,Comb-assisted precision spectroscopy of NH<sub>3</sub> at 9.1 μm,,2013 CONFERENCE ON LASERS AND ELECTRO-OPTICS EUROPE AND INTERNATIONAL QUANTUM ELECTRONICS CONFERENCE (CLEO EUROPE/IQEC),2013,Meeting,0,False
IMRA America Inc,WOS:000355316300230,Mid infrared supercontinuum generation in nanotapered chalcogenide-silica step-index waveguides,,2013 CONFERENCE ON LASERS AND ELECTRO-OPTICS EUROPE AND INTERNATIONAL QUANTUM ELECTRONICS CONFERENCE (CLEO EUROPE/IQEC),2013,Meeting,0,False
IMRA America Inc,WOS:000355262503255,Precision spectroscopy of NH<sub>3</sub> at 9.1 μm by a comb-referenced quantum cascade laser,,2013 CONFERENCE ON LASERS AND ELECTRO-OPTICS (CLEO),2013,Meeting,0,False
IMRA America Inc,WOS:000355262502008,"Carrier Envelope Offset of Nondegenerate, Doubly-Resonant, Midinfrared GaAs Optical Parametric Oscillators",,2013 CONFERENCE ON LASERS AND ELECTRO-OPTICS (CLEO),2013,Meeting,0,False
IMRA America Inc,WOS:000310362401159,"Mode locked fiber lasers, past, present and future",,2012 CONFERENCE ON LASERS AND ELECTRO-OPTICS (CLEO),2012,Meeting,1,False
IMRA America Inc,WOS:000310362401129,"500 MHz, 58fs highly coherent Tm fiber soliton laser",,2012 CONFERENCE ON LASERS AND ELECTRO-OPTICS (CLEO),2012,Meeting,26,False
IMRA America Inc,WOS:000310362401002,Ultra-low phase-noise Tm-fiber frequency comb with an intra-cavity graphene electro-optic modulator,,2012 CONFERENCE ON LASERS AND ELECTRO-OPTICS (CLEO),2012,Meeting,0,False
IMRA America Inc,WOS:000310362401001,Phase Stabilization of a Yb:fiber Frequency Comb via High-Bandwidth Transducers,,2012 CONFERENCE ON LASERS AND ELECTRO-OPTICS (CLEO),2012,Meeting,0,False
IMRA America Inc,WOS:000310362400182,Nearly 3-6 m Spectral Comb Derived from Tm Mode-locked Laser using GaAs-based Degenerate OPO,,2012 CONFERENCE ON LASERS AND ELECTRO-OPTICS (CLEO),2012,Meeting,0,False
IMRA America Inc,WOS:000310362400181,Tunable Mid-Infrared Source Based on Difference Frequency Generation of a Femtosecond Tm-fiber System in Orientation Patterned GaAs,,2012 CONFERENCE ON LASERS AND ELECTRO-OPTICS (CLEO),2012,Meeting,0,False
IMRA America Inc,WOS:000310362400121,Broadband Intracavity Molecular Spectroscopy with a Degenerate Mid-IR OPO,,2012 CONFERENCE ON LASERS AND ELECTRO-OPTICS (CLEO),2012,Meeting,2,False
IMRA America Inc,WOS:000310362400120,Frequency Comb Synthesizer Tunable from 3 to 10 μm,,2012 CONFERENCE ON LASERS AND ELECTRO-OPTICS (CLEO),2012,Meeting,0,False
IMRA America Inc,WOS:000317580200002,"Carrier envelope offset frequency of a doubly resonant, nondegenerate, mid-infrared GaAs optical parametric oscillator",10.1364/ol.38.001191,OPTICS LETTERS,2013,Article,38,False
IMRA America Inc,WOS:000318694100257,Quantitative optimization of <SUP>125</SUP>I-labeled RGD-PEGylated gold nanoparticle,,JOURNAL OF LABELLED COMPOUNDS & RADIOPHARMACEUTICALS,2013,Abstract,0,False
IMRA America Inc,WOS:000318906500085,"Mid-infrared supercontinuum generation in As<sub>2</sub>S<sub>3</sub>-silica ""nano-spike"" step-index waveguide",10.1364/oe.21.010969,OPTICS EXPRESS,2013,Article,95,False
IMRA America Inc,WOS:000320558600264,High Brightness XUV Frequency Combs via Intracavity High Harmonic Generation,10.1051/epjconf/20134111006,XVIIITH INTERNATIONAL CONFERENCE ON ULTRAFAST PHENOMENA,2013,Meeting,1,False
IMRA America Inc,WOS:000321924800001,Frequency-comb-calibrated Doppler broadening thermometry,10.1103/physreva.88.012514,PHYSICAL REVIEW A,2013,Article,11,False
IMRA America Inc,WOS:000321896700024,Targeted delivery of peptide-conjugated biocompatible gold nanoparticles into cancer cell nucleus,10.1117/12.2005328,COLLOIDAL NANOCRYSTALS FOR BIOMEDICAL APPLICATIONS VIII,2013,Meeting,1,False
IMRA America Inc,WOS:000322450200004,XUV SOURCES 13-nm XUV pulses from a cavity,10.1038/nphoton.2013.152,NATURE PHOTONICS,2013,News,0,False
IMRA America Inc,WOS:000323136000001,Living' PEGylation on gold nanoparticles to optimize cancer cell uptake by controlling targeting ligand and charge densities,10.1088/0957-4484/24/35/355101,NANOTECHNOLOGY,2013,Article,69,False
IMRA America Inc,WOS:000326394600011,Ultrafast fibre lasers,10.1038/nphoton.2013.280,NATURE PHOTONICS,2013,Review,1082,False
IMRA America Inc,WOS:000369908603349,Mid-infrared Supercontinuum Generation in Robust Step-Index Chalcogenide Nanotapers Pumped with a Thulium Fiber Laser,,2014 CONFERENCE ON LASERS AND ELECTRO-OPTICS (CLEO),2014,Meeting,1,False
IMRA America Inc,WOS:000369908602449,Broadband Midinfrared Comb-Resolved Fourier Transform Spectroscopy,,2014 CONFERENCE ON LASERS AND ELECTRO-OPTICS (CLEO),2014,Meeting,0,False
IMRA America Inc,WOS:000369908602215,Phase Locked System for Dual Comb Molecular Spectroscopy at 2-6 μm Based on Tm-fiber Laser,,2014 CONFERENCE ON LASERS AND ELECTRO-OPTICS (CLEO),2014,Meeting,0,False
IMRA America Inc,WOS:000369908600125,"High Repetition-Rate, Pulse-Burst Assisted Desorption, Electrospray Post-Ionization Mass Spectrometry",,2014 CONFERENCE ON LASERS AND ELECTRO-OPTICS (CLEO),2014,Meeting,0,False
IMRA America Inc,WOS:000329618402461,Optimization of peptide conjugation onto partially PEGylated gold nanoparticles for their delivery into cancer cell nuclei,,ABSTRACTS OF PAPERS OF THE AMERICAN CHEMICAL SOCIETY,2013,Abstract,0,False
IMRA America Inc,WOS:000329618402212,Stable gold nanocolloids with controllable surface modification and functionalization,,ABSTRACTS OF PAPERS OF THE AMERICAN CHEMICAL SOCIETY,2013,Abstract,0,False
IMRA America Inc,WOS:000333122600013,Thiol-reactive amphiphilic block copolymer for coating gold nanoparticles with neutral and functionable surfaces,10.1039/c3py01652h,POLYMER CHEMISTRY,2014,Article,15,False
IMRA America Inc,WOS:000333887800089,Midinfrared frequency combs from coherent supercontinuum in chalcogenide and optical parametric oscillation,10.1364/ol.39.002056,OPTICS LETTERS,2014,Article,58,False
IMRA America Inc,WOS:000334176100187,Mid-IR Frequency Comb with Sub-Hertz Residual Linewidth From a Doubly-Resonant OPGaAs OPO,,2013 CONFERENCE ON LASERS AND ELECTRO-OPTICS PACIFIC RIM (CLEO-PR),2013,Meeting,2,False
IMRA America Inc,WOS:000340672800007,Developments of mid-infrared optical parametric oscillators for spectroscopic sensing: a review,10.1117/1.oe.53.6.061613,OPTICAL ENGINEERING,2014,Article,8,False
IMRA America Inc,WOS:000209928600176,The invasion activity after radiation treatment is suppressed by RGD peptide conjugated gold nanoparticles in breast cancer cells,,MOLECULAR BIOLOGY OF THE CELL,2015,Abstract,0,False
IMRA America Inc,WOS:000370627102431,"Broadband, Comb-resolved, High-Finesse Enhancement Cavity Spectrometer with Graphene Modulator",,2015 CONFERENCE ON LASERS AND ELECTRO-OPTICS (CLEO),2015,Meeting,0,False
IMRA America Inc,WOS:000347435200066,Quantitatively Understanding Cellular Uptake of Gold Nanoparticles via Radioactivity Analysis,10.1166/jnn.2015.9486,JOURNAL OF NANOSCIENCE AND NANOTECHNOLOGY,2015,Article,17,False
IMRA America Inc,WOS:000354259800011,Broadband midinfrared frequency comb with tooth scanning,10.1117/12.2077789,"FRONTIERS IN ULTRAFAST OPTICS: BIOMEDICAL, SCIENTIFIC, AND INDUSTRIAL APPLICATIONS XV",2015,Meeting,1,False
IMRA America Inc,WOS:000365077900114,Midinfrared frequency comb from self-stable degenerate GaAs optical parametric oscillator,10.1364/oe.23.026596,OPTICS EXPRESS,2015,Article,25,False
IMRA America Inc,WOS:000365076400054,Ultra-low noise all polarization-maintaining Er fiber-based optical frequency combs facilitated with a graphene modulator,10.1364/oe.23.024342,OPTICS EXPRESS,2015,Article,52,False
IMRA America Inc,WOS:000391286403499,VIPA Spectrometer for Accurate and Sensitive Self-Referenced Frequency Comb Spectroscopy,,2016 CONFERENCE ON LASERS AND ELECTRO-OPTICS (CLEO),2016,Meeting,0,False
IMRA America Inc,WOS:000391286403493,Optical Frequency Comb Fourier Transform Spectroscopy with Resolution beyond the Path Difference Limit,,2016 CONFERENCE ON LASERS AND ELECTRO-OPTICS (CLEO),2016,Meeting,0,False
IMRA America Inc,WOS:000378437000151,Label-free imaging of gold nanoparticles in single live cells by photoacoustic microscopy,10.1117/12.2213744,PHOTONS PLUS ULTRASOUND: IMAGING AND SENSING 2016,2016,Meeting,1,False
IMRA America Inc,WOS:000369724700001,Surpassing the path-limited resolution of Fourier-transform spectrometry with frequency combs,10.1103/physreva.93.021802,PHYSICAL REVIEW A,2016,Article,129,False
IMRA America Inc,WOS:000371029100034,"Self-referenced, accurate and sensitive optical frequency comb spectroscopy with a virtually imaged phased array spectrometer",10.1364/ol.41.000974,OPTICS LETTERS,2016,Article,20,False
IMRA America Inc,WOS:000369950200322,Cellular uptakes of novel gold nanoparticle conjugates via radioactivity analysis and photoacoustic imaging,,JOURNAL OF LABELLED COMPOUNDS & RADIOPHARMACEUTICALS,2015,Abstract,0,False
IMRA America Inc,WOS:000370627103030,Ultra low noise all polarization-maintaining fiber-based Er optical frequency combs,,2015 CONFERENCE ON LASERS AND ELECTRO-OPTICS (CLEO),2015,Meeting,0,False
IMRA America Inc,WOS:000370627102136,Measured Carrier Envelope Offset and Linewidth of Degenerate Optical Parametric Oscillator,,2015 CONFERENCE ON LASERS AND ELECTRO-OPTICS (CLEO),2015,Meeting,0,False
IMRA America Inc,WOS:000371427100111,All polarization-maintaining Er fiber-based optical frequency combs with nonlinear amplifying loop mirror,10.1364/oe.24.003095,OPTICS EXPRESS,2016,Article,247,False
IMRA America Inc,WOS:000442211001259,Chelator Free 64Cu-Labeled Gold Nanoparticles for PET imaging,,JOURNAL OF NUCLEAR MEDICINE,2016,Abstract,0,False
IMRA America Inc,WOS:000377466000038,Fourier transform and Vernier spectroscopy using an optical frequency comb at 3-5.4 μm,10.1364/ol.41.002541,OPTICS LETTERS,2016,Article,67,False
IMRA America Inc,WOS:000381883700001,Self-stabilized 3-5 μm frequency comb based on frequency-divide-by-two GaAs OPO,10.1117/12.2218427,"NONLINEAR FREQUENCY GENERATION AND CONVERSION: MATERIALS, DEVICES, AND APPLICATIONS XV",2016,Meeting,0,False
IMRA America Inc,WOS:000383993700024,Photonic-Assisted Error-Free Wireless Communication With Multipath Precompensation Covering 2-18 GHz,10.1109/jlt.2016.2591438,JOURNAL OF LIGHTWAVE TECHNOLOGY,2016,Article,9,False
IMRA America Inc,WOS:000384715800066,Low noise electro-optic comb generation by fully stabilizing to a mode-locked fiber comb,10.1364/oe.24.016884,OPTICS EXPRESS,2016,Article,16,False
IMRA America Inc,WOS:000384959100067,Molecular Interactions between Gold Nanoparticles and Model Cell Membranes: A Study of Nanoparticle Surface Charge Effect,10.1021/acs.jpcc.6b07565,JOURNAL OF PHYSICAL CHEMISTRY C,2016,Article,23,False
IMRA America Inc,WOS:000382938100590,Full stabilization of an electro-optic comb to a mode-locked fiber comb,,2016 OPTICAL FIBER COMMUNICATIONS CONFERENCE AND EXHIBITION (OFC),2016,Meeting,0,False
IMRA America Inc,WOS:000385579500001,Scanning micro-resonator direct-comb absolute spectroscopy,10.1038/srep35541,SCIENTIFIC REPORTS,2016,Article,16,False
IMRA America Inc,WOS:000387760700068,Three-photon absorption in optical parametric oscillators based on OP-GaAs,10.1364/ol.41.005405,OPTICS LETTERS,2016,Article,31,False
IMRA America Inc,WOS:000390399000013,Plasmonic Nanoparticles with Quantitatively Controlled Bioconjugation for Photoacoustic Imaging of Live Cancer Cells,10.1002/advs.201600237,ADVANCED SCIENCE,2016,Article,54,False
IMRA America Inc,WOS:000405608300003,Targeting integrins with RGD-conjugated gold nanoparticles in radiotherapy decreases the invasive activity of breast cancer cells,10.2147/ijn.s137833,INTERNATIONAL JOURNAL OF NANOMEDICINE,2017,Article,113,False
IMRA America Inc,WOS:000390361300003,Frequency combs for cavity cascades: OPO combs and graphene-coupled cavities,10.1088/1361-6455/50/1/014003,JOURNAL OF PHYSICS B-ATOMIC MOLECULAR AND OPTICAL PHYSICS,2017,Article,3,False
IMRA America Inc,WOS:000390625200042,Laser-fabricated gold nanoparticles for lateral flow immunoassays,10.1016/j.colsurfb.2016.10.035,COLLOIDS AND SURFACES B-BIOINTERFACES,2017,Article,10,False
IMRA America Inc,WOS:000391286403277,Difference Frequency Generation in Orientation-Patterned Gallium Phosphide,,2016 CONFERENCE ON LASERS AND ELECTRO-OPTICS (CLEO),2016,Meeting,0,False
IMRA America Inc,WOS:000391286403137,Intensity Noise Coupling in Soliton Fiber Oscillators,,2016 CONFERENCE ON LASERS AND ELECTRO-OPTICS (CLEO),2016,Meeting,0,False
IMRA America Inc,WOS:000391286402424,Precision polarization-maintaining Er optical frequency comb based on a nonlinear amplifying loop mirror,,2016 CONFERENCE ON LASERS AND ELECTRO-OPTICS (CLEO),2016,Meeting,3,False
IMRA America Inc,WOS:000391286401197,Optical Frequency Comb Spectroscopy at 3.3 and 5.2 μm by a Tm:fiber-Laser-Pumped Optical Parametric Oscillator,,2016 CONFERENCE ON LASERS AND ELECTRO-OPTICS (CLEO),2016,Meeting,0,False
IMRA America Inc,WOS:000387655803718,Gold Nanoparticles With RGD Peptide in Radiation Therapy Suppress the Invasion Activity of Breast Cancer Cells,10.1016/j.ijrobp.2016.06.2065,INTERNATIONAL JOURNAL OF RADIATION ONCOLOGY BIOLOGY PHYSICS,2016,Abstract,5,False
IMRA America Inc,WOS:000397916400026,Harmonic generation in solids with direct fiber laser pumping,10.1364/ol.42.001113,OPTICS LETTERS,2017,Article,32,False
IMRA America Inc,WOS:000402558000002,"All-polarization-maintaining, single-port Er: fiber comb for high-stability comparison of optical lattice clocks",10.7567/apex.10.062503,APPLIED PHYSICS EXPRESS,2017,Article,34,False
IMRA America Inc,WOS:000408584400103,"Low noise, self-referenced all polarization maintaining Ytterbium fiber laser frequency comb",10.1364/oe.25.018017,OPTICS EXPRESS,2017,Article,45,False
IMRA America Inc,WOS:000405951000018,Broadband midinfrared from fiber laser difference frequency generation in OP-GaP,,NONLINEAR FREQUENCY GENERATION AND CONVERSION: MATERIALS AND DEVICES XVI,2017,Meeting,0,False
IMRA America Inc,WOS:000408584400046,Midinfrared frequency comb by difference frequency of erbium and thulium fiber lasers in orientation-patterned gallium phosphide,10.1364/oe.25.017411,OPTICS EXPRESS,2017,Article,34,False
IMRA America Inc,WOS:000406490900140,DC-AC inverter with Heterodyne technique and GaN power device,,"2016 IEEE INTERNATIONAL CONFERENCE ON POWER ELECTRONICS, DRIVES AND ENERGY SYSTEMS (PEDES)",2016,Meeting,0,False
IMRA America Inc,WOS:000409326900046,Fast ultra-wideband microwave spectral scanning utilizing photonic wavelength- and time-division multiplexing,10.1364/oe.25.018863,OPTICS EXPRESS,2017,Article,12,False
IMRA America Inc,WOS:000413562200029,In-process debris removal in femtosecond laser processing,10.1007/s00339-017-1333-3,APPLIED PHYSICS A-MATERIALS SCIENCE & PROCESSING,2017,Article,4,False
IMRA America Inc,WOS:000412328400007,Size control and luminescence properties of Eu<SUP>2+</SUP> : LiCaAlF<sub>6</sub> particles prepared by femtosecond pulsed laser ablation,10.1063/1.4996626,JOURNAL OF APPLIED PHYSICS,2017,Article,4,False
IMRA America Inc,WOS:000526031001320,Photonic Measurement of Broadband Microwave Bursts,,2018 CONFERENCE ON LASERS AND ELECTRO-OPTICS (CLEO),2018,Meeting,0,False
IMRA America Inc,WOS:000526031002243,Multimodality Imaging Guided Retichoroidal Neovascularization in a Rabbit Model,,2018 CONFERENCE ON LASERS AND ELECTRO-OPTICS (CLEO),2018,Meeting,0,False
IMRA America Inc,WOS:000418019100055,Intensity noise coupling in soliton fiber oscillators,10.1364/ol.42.005266,OPTICS LETTERS,2017,Article,13,False
IMRA America Inc,WOS:000422904600005,Absolute spectroscopy near 7.8 μm with a comb-locked extended-cavity quantum-cascade-laser,10.1038/s41598-018-19188-2,SCIENTIFIC REPORTS,2018,Article,19,False
IMRA America Inc,WOS:000425908400001,Electro-optic comb based real time ultra-high sensitivity phase noise measurement system for high frequency microwaves,10.1038/s41598-017-03049-5,SCIENTIFIC REPORTS,2017,Article,35,False
IMRA America Inc,WOS:000425170800104,Photonic high speed ultra-wideband microwave spectral scanning,,2017 INTERNATIONAL TOPICAL MEETING ON MICROWAVE PHOTONICS (MWP),2017,Meeting,1,False
IMRA America Inc,WOS:000427415100025,Coherent frequency division with a degenerate synchronously pumped optical parametric oscillator,10.1364/ol.43.001059,OPTICS LETTERS,2018,Article,5,False
IMRA America Inc,WOS:000427296202162,Ultra-low noise robust Er fiber-based optical frequency comb with a graphene modulator,,2017 CONFERENCE ON LASERS AND ELECTRO-OPTICS (CLEO),2017,Meeting,0,False
IMRA America Inc,WOS:000427296202076,Locking of two widely separated cw lasers through a two-wavelength delayed self-heterodyne interferometer,,2017 CONFERENCE ON LASERS AND ELECTRO-OPTICS (CLEO),2017,Meeting,0,False
IMRA America Inc,WOS:000427296200293,Harmonic Generation in Solids from a Fiber Laser,,2017 CONFERENCE ON LASERS AND ELECTRO-OPTICS (CLEO),2017,Meeting,0,False
IMRA America Inc,WOS:000427296203093,"A Carrier Offset Tunable, Highly Integrated, Fiber-Based Comb in the 7-10 μm Range via DFG in OP-GaP",,2017 CONFERENCE ON LASERS AND ELECTRO-OPTICS (CLEO),2017,Meeting,2,False
IMRA America Inc,WOS:000428941300020,Photonics-enabled wideband microwave burst detection,10.1364/ol.43.001491,OPTICS LETTERS,2018,Article,5,False
IMRA America Inc,WOS:000467489901208,Towards the development of brain-penetrating gold nanoparticle-transactivator of transcription (TAT) peptide conjugates,,JOURNAL OF NUCLEAR MEDICINE,2018,Abstract,4,False
IMRA America Inc,WOS:000432100500017,High accuracy line positions of the <i>v</i><sub>1</sub> fundamental band of <SUP>14</SUP>N<sub>2</sub><SUP>16</SUP>O,10.1016/j.jqsrt.2018.03.005,JOURNAL OF QUANTITATIVE SPECTROSCOPY & RADIATIVE TRANSFER,2018,Article,18,False
IMRA America Inc,WOS:000432564601236,"Offset-tunable, Fiber-Pumped Frequency Comb at 7-10 μm by Difference Frequency in Orientation-Patterned GaP",,2017 CONFERENCE ON LASERS AND ELECTRO-OPTICS EUROPE & EUROPEAN QUANTUM ELECTRONICS CONFERENCE (CLEO/EUROPE-EQEC),2017,Meeting,0,False
IMRA America Inc,WOS:000432564601248,Frequency locking of an extended-cavity quantum cascade laser to a frequency comb for precision mid infrared spectroscopy,,2017 CONFERENCE ON LASERS AND ELECTRO-OPTICS EUROPE & EUROPEAN QUANTUM ELECTRONICS CONFERENCE (CLEO/EUROPE-EQEC),2017,Meeting,0,False
IMRA America Inc,WOS:000432564601238,Phase noise reduction of an RF oscillator by photonic-based highly sensitive phase noise analyzer,,2017 CONFERENCE ON LASERS AND ELECTRO-OPTICS EUROPE & EUROPEAN QUANTUM ELECTRONICS CONFERENCE (CLEO/EUROPE-EQEC),2017,Meeting,0,False
IMRA America Inc,WOS:000444379300001,A photonic frequency discriminator based on a two wavelength delayed self-heterodyne interferometer for low phase noise tunable micro/mm wave synthesis,10.1038/s41598-018-31712-y,SCIENTIFIC REPORTS,2018,Article,19,False
IMRA America Inc,WOS:000445107900006,Ultra-broadband dual-branch optical frequency comb with 10<SUP>-18</SUP> instability,10.1364/optica.5.001070,OPTICA,2018,Article,31,False
IMRA America Inc,WOS:000449683700268,Studying of Thermal Influence for Improving Anti-Reflective Characteristics of Moth-Eye Structures Fabricated by Femtosecond Laser Processing,,"2018 43RD INTERNATIONAL CONFERENCE ON INFRARED, MILLIMETER, AND TERAHERTZ WAVES (IRMMW-THZ)",2018,Meeting,0,False
IMRA America Inc,WOS:000505772701461,Multi-color targeted imaging of live cancer cells and tissues using fluorophore-labeled and peptide-conjugated plasmonic metal nanoparticles,,MOLECULAR BIOLOGY OF THE CELL,2018,Abstract,0,False
IMRA America Inc,WOS:000447609103640,Rotationally-resolved infrared frequency comb spectroscopy of the C60 fullerene,,ABSTRACTS OF PAPERS OF THE AMERICAN CHEMICAL SOCIETY,2018,Abstract,0,False
IMRA America Inc,WOS:000451173600313,A high sensitivity photonic frequency discriminator for low phase noise tunable micro/mm wave synthesis,,2018 IEEE/MTT-S INTERNATIONAL MICROWAVE SYMPOSIUM - IMS,2018,Meeting,0,False
IMRA America Inc,WOS:000451173600405,Photonic-assisted Wideband Microwave Measurement,,2018 IEEE/MTT-S INTERNATIONAL MICROWAVE SYMPOSIUM - IMS,2018,Meeting,0,False
IMRA America Inc,WOS:000434394200002,Phase-stabilized 100 mW frequency comb near 10 μm,10.1007/s00340-018-6996-8,APPLIED PHYSICS B-LASERS AND OPTICS,2018,Article,29,False
IMRA America Inc,WOS:000427296203096,Optical Frequency Comb Spectroscopy for Gas Metrology and Trace Gas Detection,,2017 CONFERENCE ON LASERS AND ELECTRO-OPTICS (CLEO),2017,Meeting,0,False
IMRA America Inc,WOS:000439640200035,VIPA spectrometer calibration and comb-cavity locking schemes comparison for sensitive and accurate frequency comb spectroscopy,10.1088/1742-6596/810/1/012035,XXIII INTERNATIONAL CONFERENCE ON SPECTRAL LINE SHAPES,2017,Meeting,3,False
IMRA America Inc,WOS:000630002701226,Phase locking of a tunable OEO to an optical frequency comb for microwave synthesis from an optical reference,10.1109/cleoe-eqec.2019.8872909,2019 CONFERENCE ON LASERS AND ELECTRO-OPTICS EUROPE & EUROPEAN QUANTUM ELECTRONICS CONFERENCE (CLEO/EUROPE-EQEC),2019,Meeting,0,False
IMRA America Inc,WOS:000630002701053,High-Power Broadband Midinfrared Dual Comb Spectroscopy,10.1109/cleoe-eqec.2019.8872732,2019 CONFERENCE ON LASERS AND ELECTRO-OPTICS EUROPE & EUROPEAN QUANTUM ELECTRONICS CONFERENCE (CLEO/EUROPE-EQEC),2019,Meeting,0,False
IMRA America Inc,WOS:000630002700848,Scanning of a dissipative Kerr-microresonator soliton comb for direct optical frequency comb spectroscopy,10.1109/cleoe-eqec.2019.8872546,2019 CONFERENCE ON LASERS AND ELECTRO-OPTICS EUROPE & EUROPEAN QUANTUM ELECTRONICS CONFERENCE (CLEO/EUROPE-EQEC),2019,Meeting,0,False
IMRA America Inc,WOS:000482226302440,Phase locking of a tunable OEO to an optical frequency comb for microwave synthesis from an optical reference,10.1364/cleo_si.2019.sw4g.4,2019 CONFERENCE ON LASERS AND ELECTRO-OPTICS (CLEO),2019,Meeting,0,False
IMRA America Inc,WOS:000459787700001,Subtypes of tumour cell-derived small extracellular vesicles having differently externalized phosphatidylserine,10.1080/20013078.2019.1579541,JOURNAL OF EXTRACELLULAR VESICLES,2019,Article,91,False
IMRA America Inc,WOS:000455315800057,Rovibrational quantum state resolution of the C<sub>60</sub> fullerene,10.1126/science.aav2616,SCIENCE,2019,Article,92,False
IMRA America Inc,WOS:000453499500054,Evaluation of Ce<SUP>3+</SUP> : LiCaAlF<sub>6</sub> single crystal by Multi-Photon Luminescence Measurement,10.1016/j.optmat.2018.10.036,OPTICAL MATERIALS,2018,Article,2,False
IMRA America Inc,WOS:000455620100045,Low-noise millimeter-wave synthesis from a dual-wavelength fiber Brillouin cavity,10.1364/ol.44.000359,OPTICS LETTERS,2019,Article,30,False
IMRA America Inc,WOS:000457574900018,Patterning of OLED Glass Substrate for Improving Light Outcoupling Efficiency,10.1587/transele.2018oms0010,IEICE TRANSACTIONS ON ELECTRONICS,2019,Article; Meeting,6,False
IMRA America Inc,WOS:000459152800023,Control of Kerr-microresonator optical frequency comb by a dual-parallel Mach-Zehnder interferometer,10.1364/oe.27.003873,OPTICS EXPRESS,2019,Article,23,False
IMRA America Inc,WOS:000461346200002,A photonic system for broadband microwave measurement,10.1117/12.2501089,"REAL-TIME PHOTONIC MEASUREMENTS, DATA MANAGEMENT, AND PROCESSING III",2019,Meeting,0,False
IMRA America Inc,WOS:000464094200052,Contrast Agent Enhanced Multimodal Photoacoustic Microscopy and Optical Coherence Tomography for Imaging of Rabbit Choroidal and Retinal Vessels <i>in vivo</i>,10.1038/s41598-019-42324-5,SCIENTIFIC REPORTS,2019,Article,53,False
IMRA America Inc,WOS:000473243700204,DEVELOPMENT OF A NEW ETOPOSIDE-BOUND MAGNETIC NANOPARTICLE DESIGNED TO TREAT MEDULLOBLASTOMA CELLS DISSEMINATED WITHIN CEREBROSPINAL FLUID PATHWAYS,,NEURO-ONCOLOGY,2019,Abstract,1,False
IMRA America Inc,WOS:000475532200006,Self-Assembled Au@Fe Core/Satellite Magnetic Nanoparticles for Versatile Biomolecule Functionalization,10.1021/acsami.9b05544,ACS APPLIED MATERIALS & INTERFACES,2019,Article,14,False
IMRA America Inc,WOS:000482086500031,Shape Dependence of Terahertz Anti-Reflective Structures Fabricated by Femtosecond Laser Processing,10.1117/12.2507534,LASER-BASED MICRO- AND NANOPROCESSING XIII,2019,Meeting,1,False
IMRA America Inc,WOS:000482226301279,Low-noise THz-wave generation from a dual-wavelength fiber Brillouin cavity coupled to a UTC-photodiode,,2019 CONFERENCE ON LASERS AND ELECTRO-OPTICS (CLEO),2019,Meeting,0,False
IMRA America Inc,WOS:000482226302501,Continuous scanning of a dissipative Kerr-microresonator soliton comb by Pound-Drever-Hall locking,,2019 CONFERENCE ON LASERS AND ELECTRO-OPTICS (CLEO),2019,Meeting,0,False
IMRA America Inc,WOS:000482226302403,Surface modification of polycrystalline CVD diamond films with femtosecond laser,,2019 CONFERENCE ON LASERS AND ELECTRO-OPTICS (CLEO),2019,Meeting,0,False
IMRA America Inc,WOS:000482226302429,Control of Kerr-microresonator optical frequency comb by a dual-parallel Mach-Zehnder interferometer,,2019 CONFERENCE ON LASERS AND ELECTRO-OPTICS (CLEO),2019,Meeting,0,False
IMRA America Inc,WOS:000482226303106,A Comparative Study of Surface Modification effects of Femtosecond and Nanosecond Laser on CVD Diamond Tools during Sharpening Processing,,2019 CONFERENCE ON LASERS AND ELECTRO-OPTICS (CLEO),2019,Meeting,0,False
IMRA America Inc,WOS:000483065100034,Pulse destacking and restacking for coherent combination of amplified pulses using spatial offset and intensity splitting,10.1117/12.2508538,FIBER LASERS XVI: TECHNOLOGY AND SYSTEMS,2019,Meeting,0,False
IMRA America Inc,WOS:000484578600002,Contrast Agent Enhanced Multimodal Photoacoustic Microscopy and Optical Coherence Tomography for Imaging of Rabbit Choroidal and Retinal Vessels <i>in vivo</i>,10.1117/12.2510756,ADVANCED BIOMEDICAL AND CLINICAL DIAGNOSTIC AND SURGICAL GUIDANCE SYSTEMS XVII,2019,Meeting,1,False
IMRA America Inc,WOS:000500822400012,Frequency-modulated comb LIDAR,10.1063/1.5120321,APL PHOTONICS,2019,Article,75,True
IMRA America Inc,WOS:000488279400160,A novel etoposide-bound magnetic nanoparticle for remote targeting of cancer cells,10.1158/1538-7445.am2019-2166,CANCER RESEARCH,2019,Abstract,1,False
IMRA America Inc,WOS:000502086200014,Femtosecond-laser-fabricated periodic tapered structures on a silicon substrate for terahertz antireflection,10.1364/ao.58.009595,APPLIED OPTICS,2019,Article,16,False
IMRA America Inc,WOS:000520495200067,300-GHz-band wireless communication using a low phase noise photonic source,10.23919/eumic.2019.8909509,2019 14TH EUROPEAN MICROWAVE INTEGRATED CIRCUITS CONFERENCE (EUMIC 2019),2019,Meeting,2,False
IMRA America Inc,WOS:000520507700198,300-GHz-band wireless communication using a low phase noise photonic source,10.23919/eumc.2019.8910724,2019 49TH EUROPEAN MICROWAVE CONFERENCE (EUMC),2019,Meeting,3,True
IMRA America Inc,WOS:000522827600038,"Continuous scanning of a dissipative Kerr-microresonator soliton comb for broadband, high-resolution spectroscopy",10.1364/ol.383036,OPTICS LETTERS,2020,Article,24,True
IMRA America Inc,WOS:000541729300043,In-system optimization of a hologram for high-stability parallel laser processing,10.1364/ol.392578,OPTICS LETTERS,2020,Article,32,True
IMRA America Inc,WOS:000551875700018,High-peak-power 918-nm laser light source based two-photon spinning-disk microscopy for green fluorophores,10.1016/j.bbrc.2020.05.213,BIOCHEMICAL AND BIOPHYSICAL RESEARCH COMMUNICATIONS,2020,Article,12,True
IMRA America Inc,WOS:000558311300003,300-GHz-band wireless communication using a low phase noise photonic source,10.1017/s175907872000029x,INTERNATIONAL JOURNAL OF MICROWAVE AND WIRELESS TECHNOLOGIES,2020,Article,13,False
IMRA America Inc,WOS:000558347500039,Clusters gold nanoparticle-enhanced multimodal photoacoustic microscopy and optical coherence tomography for the identification of choroidal neovascularization in living rabbits,10.1117/12.2543208,PHOTONS PLUS ULTRASOUND: IMAGING AND SENSING 2020,2020,Meeting,0,False
IMRA America Inc,WOS:000564903500003,300 GHz wave generation based on a Kerr microresonator frequency comb stabilized to a low noise microwave reference,10.1364/ol.398345,OPTICS LETTERS,2020,Article,34,True
IMRA America Inc,WOS:000570137600001,Milliwatt midinfrared from intrapulse difference frequency with a single erbium fiber laser,10.1117/12.2543079,NONLINEAR FREQUENCY GENERATION AND CONVERSION: MATERIALS AND DEVICES XIX,2020,Meeting,4,False
IMRA America Inc,WOS:000568290501016,Radiosynthesis and Bioevaluation of Glucose-modified Gold Nanoparticles,,JOURNAL OF NUCLEAR MEDICINE,2020,Abstract,0,False
IMRA America Inc,WOS:000597279800001,Etoposide-Bound Magnetic Nanoparticles Designed for Remote Targeting of Cancer Cells Disseminated Within Cerebrospinal Fluid Pathways,10.3389/fneur.2020.596632,FRONTIERS IN NEUROLOGY,2020,Article,11,True
IMRA America Inc,WOS:000596707100043,"Low noise, self-referenced all polarization maintaining Ytterbium fiber laser frequency comb (vol 25, pg 18017, 2017)",10.1364/oe.414929,OPTICS EXPRESS,2020,Correction,0,False
IMRA America Inc,WOS:000612090001408,High Power Er Fiber Comb Beyond Soliton Compression,,2020 CONFERENCE ON LASERS AND ELECTRO-OPTICS (CLEO),2020,Meeting,0,False
IMRA America Inc,WOS:000612090000158,Pump frequency noise influence on a microresonator-based soliton frequency comb,,2020 CONFERENCE ON LASERS AND ELECTRO-OPTICS (CLEO),2020,Meeting,0,False
IMRA America Inc,WOS:000612090001288,Frequency-modulated comb LIDAR,,2020 CONFERENCE ON LASERS AND ELECTRO-OPTICS (CLEO),2020,Meeting,0,False
IMRA America Inc,WOS:000612090003118,High-Power Broadband Dual Comb Spectroscopy in the Mid Infrared,,2020 CONFERENCE ON LASERS AND ELECTRO-OPTICS (CLEO),2020,Meeting,0,False
IMRA America Inc,WOS:000645429400021,"Au Nanobead Chains with Tunable Plasmon Resonance and Intense Optical Scattering: Scalable Green Synthesis, Monte Carlo Assembly Kinetics, Discrete Dipole Approximation Modeling, and Nano-Biophotonic Application",10.1021/acs.chemmater.1c00336,CHEMISTRY OF MATERIALS,2021,Article,9,True
IMRA America Inc,WOS:000642374500002,Optically referenced 300 GHz millimetre-wave oscillator,10.1038/s41566-021-00790-2,NATURE PHOTONICS,2021,Article,141,True
IMRA America Inc,WOS:000607952900001,Optimized femtosecond laser patterning of organic light-emitting diode substrates for the extraction of substrate guided modes,10.35848/1347-4065/abd539,JAPANESE JOURNAL OF APPLIED PHYSICS,2021,Article,0,True
IMRA America Inc,WOS:000640772700002,Effects of a quiet point on a Kerr microresonator frequency comb,10.1364/osac.422925,OSA CONTINUUM,2021,Article,11,True
IMRA America Inc,WOS:000663363600013,Surpassing soliton compression limits in anomalous dispersion high-power erbium fiber comb,10.1364/optica.427977,OPTICA,2021,Article,9,True
IMRA America Inc,WOS:000665627200010,Chain-like gold nanoparticle clusters for multimodal photoacoustic microscopy and optical coherence tomography enhanced molecular imaging,10.1038/s41467-020-20276-z,NATURE COMMUNICATIONS,2021,Article,134,True
IMRA America Inc,WOS:000662887600369,Low-noise 300-GHz oscillator based on an optical SiN microresonator,10.1109/irmmw-thz46771.2020.9370805,"2020 45TH INTERNATIONAL CONFERENCE ON INFRARED, MILLIMETER, AND TERAHERTZ WAVES (IRMMW-THZ)",2020,Meeting,0,False
IMRA America Inc,WOS:000662887600088,Ultra-high performance millimeter-wave oscillator and metrology,10.1109/irmmw-thz46771.2020.9370469,"2020 45TH INTERNATIONAL CONFERENCE ON INFRARED, MILLIMETER, AND TERAHERTZ WAVES (IRMMW-THZ)",2020,Meeting,0,False
IMRA America Inc,WOS:000694461400001,Direct Comb Vernier Spectroscopy for Fractional Isotopic Ratio Determinations,10.3390/s21175883,SENSORS,2021,Article,1,True
IMRA America Inc,WOS:000691545100028,Megawatt single mode femtosecond erbium fiber laser,10.1117/12.2577649,FIBER LASERS XVIII: TECHNOLOGY AND SYSTEMS,2021,Meeting,2,True
IMRA America Inc,WOS:000693105500064,"Long-Term, Noninvasive <i>In</i> <i>Vivo</i> Tracking of Progenitor Cells Using Multimodality Photoacoustic, Optical Coherence Tomography, and Fluorescence Imaging",10.1021/acsnano.1c03035,ACS NANO,2021,Article,39,True
IMRA America Inc,WOS:000709779300019,"Functionalized contrast agents for multimodality photoacoustic microscopy, optical coherence tomography, and fluorescence microscopy molecular retinal imaging",10.1016/bs.mie.2021.06.038,PHOTOACOUSTIC PROBES FOR IN VIVO IMAGING,2021,Review; Book,13,True
IMRA America Inc,WOS:000738278500037,Coherent supercontinuum shaping for multiple wavelength optimization over an octave,10.1364/oe.445586,OPTICS EXPRESS,2022,Article,7,False
IMRA America Inc,WOS:000728078300647,"Erbium Fiber Laser with 340 nJ, 63 fs Pulses from Standard Single Mode Telecom Fiber",10.1109/cleo/europe-eqec52157.2021.9542278,2021 CONFERENCE ON LASERS AND ELECTRO-OPTICS EUROPE & EUROPEAN QUANTUM ELECTRONICS CONFERENCE (CLEO/EUROPE-EQEC),2021,Meeting,0,False
IMRA America Inc,WOS:000728078300791,Towards CEP-stable single-cycle pulses with microjoule-level energy at 8 MHz repetition rate,10.1109/cleo/europe-eqec52157.2021.9542437,2021 CONFERENCE ON LASERS AND ELECTRO-OPTICS EUROPE & EUROPEAN QUANTUM ELECTRONICS CONFERENCE (CLEO/EUROPE-EQEC),2021,Meeting,0,False
IMRA America Inc,WOS:000813479600055,Coherent frequency transfer with &lt; 5*10<SUP>-21</SUP> stability via a multi- branch comb with noise cancellation,10.1364/oe.461440,OPTICS EXPRESS,2022,Article,6,True
IMRA America Inc,WOS:000832068800008,Supercontinuum optimization at six spectral lines for frequency metrology using phase shaping,10.1117/12.2608270,NONLINEAR FREQUENCY GENERATION AND CONVERSION: MATERIALS AND DEVICES XXI,2022,Meeting,1,False
IMRA America Inc,WOS:000831479801292,Toward a Tunable VUV Frequency Comb for <SUP>229m</SUP>Th Nuclear Spectroscopy,,2021 CONFERENCE ON LASERS AND ELECTRO-OPTICS (CLEO),2021,Meeting,0,False
IMRA America Inc,WOS:000831479801110,Longitudinal 3D Visualization of Choroidal Neovascularization in a Rabbit Model using Multimodal Photoacoustic Microscopy and Optical Coherence Tomography Molecular Imaging,,2021 CONFERENCE ON LASERS AND ELECTRO-OPTICS (CLEO),2021,Meeting,0,False
IMRA America Inc,WOS:000831479800267,On spectral purity of a soliton microcomb as a function of pump detuning and mode temperature,,2021 CONFERENCE ON LASERS AND ELECTRO-OPTICS (CLEO),2021,Meeting,0,False
IMRA America Inc,WOS:000831479802026,An ultralow phase noise 300 GHz wave based on optical frequency division via an integrated dissipative Kerr soliton comb,,2021 CONFERENCE ON LASERS AND ELECTRO-OPTICS (CLEO),2021,Meeting,0,False
IMRA America Inc,WOS:000831479800489,Ultrashort green laser pulse amplification in praseodymium doped LiYF<sub>4</sub> crystal pumped by InGaN based laser diodes,,2021 CONFERENCE ON LASERS AND ELECTRO-OPTICS (CLEO),2021,Meeting,4,False
IMRA America Inc,WOS:000844401305220,"In Vivo Tracking of Transplanted Progenitor Cells after Photocoagulation Using Multimodal Photoacoustic Microscopy, OCT, and Fluorescence Imaging",,INVESTIGATIVE OPHTHALMOLOGY & VISUAL SCIENCE,2022,Abstract,1,False
IMRA America Inc,WOS:000859480600002,Age differential response to bevacizumab therapy in choroidal neovascularization in rabbits,10.1016/j.exer.2022.109215,EXPERIMENTAL EYE RESEARCH,2022,Article,15,True
IMRA America Inc,WOS:000856135000043,Shaped Supercontinuum for Precision Frequency Transfer,10.1109/eftf/ifcs54560.2022.9850631,2022 JOINT CONFERENCE OF THE EUROPEAN FREQUENCY AND TIME FORUM AND IEEE INTERNATIONAL FREQUENCY CONTROL SYMPOSIUM (EFTF/IFCS),2022,Meeting,0,False
IMRA America Inc,WOS:000856135000002,Millimeter-Wave Oscillator Disciplined by Molecular Rotational Spectroscopy,10.1109/eftf/ifcs54560.2022.9850447,2022 JOINT CONFERENCE OF THE EUROPEAN FREQUENCY AND TIME FORUM AND IEEE INTERNATIONAL FREQUENCY CONTROL SYMPOSIUM (EFTF/IFCS),2022,Meeting,0,False
IMRA America Inc,WOS:000865953000323,0.5 THz Wave based on Two Wavelength Difference Beat with Self-Injected Diode Lasers,10.1109/irmmw-thz50927.2022.9895837,"2022 47TH INTERNATIONAL CONFERENCE ON INFRARED, MILLIMETER AND TERAHERTZ WAVES (IRMMW-THZ 2022)",2022,Meeting,0,False
IMRA America Inc,WOS:000865953000262,Low phase noise 300 GHz generation from laser diodes injection-locked to a dissipative Kerr soliton microcomb,10.1109/irmmw-thz50927.2022.9895776,"2022 47TH INTERNATIONAL CONFERENCE ON INFRARED, MILLIMETER AND TERAHERTZ WAVES (IRMMW-THZ 2022)",2022,Meeting,2,False
IMRA America Inc,WOS:000882956100008,Ultra-low noise 300 GHz signal generation with a Kerr soliton comb,10.1117/12.2633983,"TERAHERTZ EMITTERS, RECEIVERS, AND APPLICATIONS XIII",2022,Meeting,0,False
IMRA America Inc,WOS:000886080700007,Tunable VUV frequency comb for 229mTh nuclear spectroscopy,10.1364/ol.473006,OPTICS LETTERS,2022,Article,24,False
IMRA America Inc,WOS:000890877600001,Precision frequency transfer with fiber frequency combs,10.3389/fphy.2022.1005074,FRONTIERS IN PHYSICS,2022,Review,2,True
IMRA America Inc,WOS:000905101100005,Temporal Self-Compression and Self-Frequency Shift of Submicrojoule Pulses at a Repetition Rate of 8 MHz,10.1103/physrevapplied.18.064069,PHYSICAL REVIEW APPLIED,2022,Article,9,True
IMRA America Inc,WOS:000916429500001,Preparation and Evaluation of <SUP>64</SUP>Cu-Radiolabled Dual-Ligand Multifunctional Gold Nanoparticles for Tumor Theragnosis,10.3390/ph16010071,PHARMACEUTICALS,2023,Article,0,True
IMRA America Inc,WOS:000944615000004,Compact Yb fiber few-cycle pulse source based on precision pulse compression and shaping with an adaptive fiber Bragg grating,10.1364/oe.483277,OPTICS EXPRESS,2023,Article,6,True
IMRA America Inc,WOS:000968340600001,Parallel Multichannel Assessment of Rotationally Manipulated Magnetic Nanoparticles,10.2147/nsa.s358931,NANOTECHNOLOGY SCIENCE AND APPLICATIONS,2022,Article,3,False
IMRA America Inc,WOS:001013724200001,Renally Clearable Ultraminiature Chain-Like Gold Nanoparticle Clusters for Multimodal Molecular Imaging of Choroidal Neovascularization,10.1002/adma.202302069,ADVANCED MATERIALS,2023,Article,36,True
IMRA America Inc,WOS:001012133300001,60 Gbps real-time wireless communications at 300 GHz carrier using a Kerr microcomb-based source,10.1063/5.0146957,APL PHOTONICS,2023,Article,23,True
IMRA America Inc,WOS:001009232500098,300-GHz-band Wireless Link Using Photonics-based Ultralow-noise Transmitter and Receiver,10.1364/ofc.2023.th1i.4,"2023 OPTICAL FIBER COMMUNICATIONS CONFERENCE AND EXHIBITION, OFC",2023,Meeting,7,True
IMRA America Inc,WOS:001052064700088,3D Photoacoustic Microscopy and OCT Molecular Imaging of Choroidal Neovascularization using Gold Nanoparticle Clusters,,INVESTIGATIVE OPHTHALMOLOGY & VISUAL SCIENCE,2023,Abstract,0,False
IMRA America Inc,WOS:001053795603126,"Multimodal Photoacoustic Microscopy, OCT, and Fluorescence Imaging for Tracking of Human Induced Pluripotent Stem Cell Derived RPE In Vivo",,INVESTIGATIVE OPHTHALMOLOGY & VISUAL SCIENCE,2023,Abstract,0,False
IMRA America Inc,WOS:001099165000001,Flexible Synthesis Scheme and Application of AuNP Surface-Conjugatable Metaiodobenzylguanidine Derivatives for Enhanced Cellular Internalization,10.1021/acsmaterialslett.3c00781,ACS MATERIALS LETTERS,2023,Article,2,False
IMRA America Inc,WOS:001098999800286,Photonic terahertz source frequency stabilized to the part per trillion level through molecular spectroscopy,10.1109/irmmw-thz57677.2023.10299136,"2023 48TH INTERNATIONAL CONFERENCE ON INFRARED, MILLIMETER, AND TERAHERTZ WAVES, IRMMW-THZ",2023,Meeting,0,False
IMRA America Inc,WOS:001098999800112,140 Gbit/s Wireless Sub-THz Communication Using Ultra-Low Phase Noise Light Source,10.1109/irmmw-thz57677.2023.10298961,"2023 48TH INTERNATIONAL CONFERENCE ON INFRARED, MILLIMETER, AND TERAHERTZ WAVES, IRMMW-THZ",2023,Meeting,1,False
IMRA America Inc,WOS:001098999800309,Coherent THz Wireless Communication Using a Microcomb and Photonic LO,10.1109/irmmw-thz57677.2023.10299160,"2023 48TH INTERNATIONAL CONFERENCE ON INFRARED, MILLIMETER, AND TERAHERTZ WAVES, IRMMW-THZ",2023,Meeting,0,False
IMRA America Inc,WOS:001532177002162,3 THz Frequency Synthesizer with Hz Stability,,"2024 CONFERENCE ON LASERS AND ELECTRO-OPTICS, CLEO",2024,Meeting,0,False
IMRA America Inc,WOS:001532177003404,Hertz-Level Linewidth Brillouin Fiber Laser Using Doubly Resonant Cavities,,"2024 CONFERENCE ON LASERS AND ELECTRO-OPTICS, CLEO",2024,Meeting,0,False
IMRA America Inc,WOS:001133671800001,Single-channel 240-Gbit/s sub-THz wireless communications using ultra-low phase noise receiver,10.1587/elex.20.20230584,IEICE ELECTRONICS EXPRESS,2024,Article,26,True
IMRA America Inc,WOS:001174207300244,Photonics-based 130-Gbit/s 300-GHz-Band Wireless Communications over 13 Meters,10.1109/apmc57107.2023.10439845,"2023 ASIA-PACIFIC MICROWAVE CONFERENCE, APMC",2023,Meeting,2,False
IMRA America Inc,WOS:001198668600003,Supercontinuum neural network and analog computing evaluation,10.1103/physreva.109.033521,PHYSICAL REVIEW A,2024,Article,4,True
IMRA America Inc,WOS:001201992300001,Excited-Band Coherent Delocalization for Improved Optical Lattice Clock Performance,10.1103/physrevlett.132.133201,PHYSICAL REVIEW LETTERS,2024,Article,12,False
IMRA America Inc,WOS:001233180700001,Multimodal Imaging-Guided Stem Cell Ocular Treatment,10.1021/acsnano.3c10632,ACS NANO,2024,Article,11,False
IMRA America Inc,WOS:001312354900130,"Longitudinal Molecular Visualization of Choroidal Neovascularization Using Multimodal Photoacoustic Microscopy, OCT, and Fluorescence Imaging",,INVESTIGATIVE OPHTHALMOLOGY & VISUAL SCIENCE,2024,Abstract,1,False
IMRA America Inc,WOS:001341589900001,The impact of femtosecond fiber lasers in technology and science,10.1016/j.optcom.2024.131197,OPTICS COMMUNICATIONS,2025,Article,7,True
IMRA America Inc,WOS:001345693100001,Multimodal photoacoustic microscopy and optical coherence tomography ocular biomarker imaging in Alzheimer's disease in mice,10.1364/boe.532042,BIOMEDICAL OPTICS EXPRESS,2024,Article,5,True
IMRA America Inc,WOS:001355770800003,Green pulse regenerative amplification using a Pr3+:LiYF4 crystal pumped by GaN blue laser diodes,10.1364/oe.541513,OPTICS EXPRESS,2024,Article,2,True
IMRA America Inc,WOS:001334520200312,Compact hertz linewidth photonic terahertz oscillator using molecular spectroscopy,10.1109/irmmw-thz60956.2024.10697839,"2024 49TH INTERNATIONAL CONFERENCE ON INFRARED, MILLIMETER, AND TERAHERTZ WAVES, IRMMW-THZ 2024",2024,Meeting,1,False
IMRA America Inc,WOS:001313316206274,"Longitudinal hiPSC-RPE Stem Cell Imaging using Multinodal Photoacoustic Microscopy, OCT and Fluorescence Imaging",,INVESTIGATIVE OPHTHALMOLOGY & VISUAL SCIENCE,2024,Abstract,0,False
IMRA America Inc,WOS:001327205300029,First fluoride ceramics lasing at 605 nm at ambient temperature fabricated from chemically synthesized powders,10.1038/s41598-024-73172-7,SCIENTIFIC REPORTS,2024,Article,1,True
IMRA America Inc,WOS:001417412400006,Green picosecond pulse over 10 μJ directly amplified by diode-pumped Pr3+:LiYF4 crystal,10.1364/optcon.543988,OPTICS CONTINUUM,2025,Article,0,True
IMRA America Inc,WOS:001442630100028,Dual wavelength Brillouin laser terahertz source stabilized to carbonyl sulfide rotational transition,10.1038/s41467-025-57826-2,NATURE COMMUNICATIONS,2025,Article,8,True
IMRA America Inc,WOS:001559838700047,"Lifetime Tracking of Stem Cell-Replaced RPE Degeneration Using Triple Photoacoustic Microscopy, OCT, and Fluorescence Imaging",,INVESTIGATIVE OPHTHALMOLOGY & VISUAL SCIENCE,2025,Abstract,0,False
IMRA America Inc,WOS:001589617000018,Fully stabilized Er fiber comb at 1 GHz by harmonic modelocking,10.1364/optica.568460,OPTICA,2025,Article,2,True
IMRA America Inc,WOS:001610688500015,Terahertz Molecular Frequency References: Theoretical Analysis of Optimal Instability,10.1109/tthz.2025.3592353,IEEE TRANSACTIONS ON TERAHERTZ SCIENCE AND TECHNOLOGY,2025,Article,1,True
IMRA America Inc,WOS:001583595800020,Self-injection of fiber frequency combs with reference cavities,10.1109/sum65312.2025.11121764,"2025 IEEE PHOTONICS SOCIETY SUMMER TOPICALS MEETING SERIES, SUM",2025,Meeting,0,False
IMRA America Inc,WOS:001676218700002,Terahertz Amplification by Injection Locking of Waveguide Resonant Tunneling Diode,10.1109/jqe.2026.3652530,IEEE JOURNAL OF QUANTUM ELECTRONICS,2026,Article,0,True
IMRA America Inc,WOS:001698318500040,"Multimodal PAM, OCT, and Fluorescence Imaging Guided Stem Cell Treatment of Macular Degeneration",10.1117/12.3098066,ADVANCES IN MICROSCOPIC IMAGING V,2025,Meeting,0,False
IMRA America Inc,WOS:001824263100007,Low noise resonant amplification by optical injection locking and residual phase noise cancellation,10.1364/ol.603468,OPTICS LETTERS,2026,Article,0,True
Aisin Seiki,WOS:A1980JU42900005,DEVELOPMENT OF A 4-SPEED AUTOMATIC-TRANSMISSION WITH OVERDRIVE,,INTERNATIONAL JOURNAL OF VEHICLE DESIGN,1980,Article,0,False
Aisin Seiki,WOS:A1982PN21900002,A STUDY OF CAST ALLOYS WITH PARTIALLY DISPERSED GRAPHITE .1. THE PROCESS OF PARTIAL DISPERSION WITH UNCOATED CARBON MICROBALLOONS,10.1016/0043-1648(82)90271-x,WEAR,1982,Article,15,False
Aisin Seiki,WOS:A1982PT35500003,A STUDY OF CAST ALLOYS WITH PARTIALLY DISPERSED GRAPHITE .2. THE PROCESS OF PARTIAL DISPERSION WITH UNCOATED FLAKE GRAPHITES,10.1016/0043-1648(82)90290-3,WEAR,1982,Article,2,False
Aisin Seiki,WOS:A1983QM63400002,TRANSIENT-BEHAVIOR IN ELECTROREDUCTIONS OF ETHYLENE AND ACETYLENE ON PT IN H2SO4 SOLUTION,10.5796/kogyobutsurikagaku.51.250,DENKI KAGAKU,1983,Article,1,False
Aisin Seiki,WOS:A1983RQ84900107,PRESS-FORMABILITY OF ALUMINUM-ALLOY SHEETS OF SOLUTION-HARDENING TYPE,,MECHANICAL ENGINEERING,1983,Abstract,0,False
Aisin Seiki,WOS:A1983QT69400016,DROPLET SIZE DISTRIBUTION IN DIESEL FUEL SPRAY,,BULLETIN OF THE JSME-JAPAN SOCIETY OF MECHANICAL ENGINEERS,1983,Article,0,False
Aisin Seiki,WOS:A1983RQ39800001,PRESS-FORMABILITY OF ALUMINUM-ALLOY SHEETS OF SOLUTION-HARDENING TYPE,10.1115/1.3185893,JOURNAL OF ENGINEERING FOR INDUSTRY-TRANSACTIONS OF THE ASME,1983,Article,1,False
Aisin Seiki,WOS:A1984TB40200001,TIME-RESOLVED LDV AND CARS MEASUREMENTS IN A PREMIXED REACTING FLOW,10.1080/00102208408923736,COMBUSTION SCIENCE AND TECHNOLOGY,1984,Article,14,False
Aisin Seiki,WOS:A1986C046600038,SURFACE ROUGHENING MECHANISM OF POLYCRYSTALLINE METAL SHEET DURING PLASTIC-DEFORMATION - EFFECT OF STRAIN PATH ON SURFACE-TOPOGRAPHY,,BULLETIN OF THE JSME-JAPAN SOCIETY OF MECHANICAL ENGINEERS,1986,Article,14,False
Aisin Seiki,WOS:A1987G208300001,A GROUP OF REPETITIVE HUMAN DNA FAMILIES THAT IS CHARACTERIZED BY EXTRACHROMOSOMAL OLIGOMERS AND RESTRICTION-FRAGMENT-LENGTH-POLYMORPHISM,10.1016/0022-2836(87)90342-1,JOURNAL OF MOLECULAR BIOLOGY,1987,Article,27,False
Aisin Seiki,WOS:A1987L928200050,NEW TORQUE SENSORS USING AMORPHOUS STAR-SHAPED CORES,10.1109/tmag.1987.1065300,IEEE TRANSACTIONS ON MAGNETICS,1987,Article,4,False
Aisin Seiki,WOS:A1988N332300014,THE FORMING LIMIT DIAGRAMS OF A BRASS SHEET,10.1299/jsmea1988.31.2_249,JSME INTERNATIONAL JOURNAL SERIES I-SOLID MECHANICS STRENGTH OF MATERIALS,1988,Article,5,False
Aisin Seiki,WOS:A1989AZ97600014,EFFECT OF SURFACE OXIDATION ON STRENGTH AND FRACTURE-TOUGHNESS OF SI3N4,,NIPPON SERAMIKKUSU KYOKAI GAKUJUTSU RONBUNSHI-JOURNAL OF THE CERAMIC SOCIETY OF JAPAN,1989,Article,0,False
Aisin Seiki,WOS:A1989T265800002,THE MIXING LAYER NEAR THE JET EXIT AND VISUALIZATION BY THE DYE METHOD - A STUDY ON THE SPREAD OF RECTANGULAR JETS,10.1299/jsmeb1988.32.1_11,JSME INTERNATIONAL JOURNAL SERIES II-FLUIDS ENGINEERING HEAT TRANSFER POWER COMBUSTION THERMOPHYSICAL PROPERTIES,1989,Article,6,False
Aisin Seiki,WOS:A1989AP50900030,SUPERCONDUCTING AND MECHANICAL-PROPERTIES OF YBCO-AG COMPOSITE SUPERCONDUCTORS,10.1007/bf01139045,JOURNAL OF MATERIALS SCIENCE,1989,Article,85,False
Aisin Seiki,WOS:A1990DN49700005,A PROPOSAL FOR A FINITE-ELEMENT FORCE APPROXIMATION OF AN AUTOMOTIVE MAGNETIC ACTUATOR,10.1109/20.54017,IEEE TRANSACTIONS ON MAGNETICS,1990,Article,7,False
Aisin Seiki,WOS:A1991GW82700121,MECHANICAL-PROPERTIES OF ZR-YBCO/AG SINTERED SUPERCONDUCTING COMPOSITES,10.1016/0921-4534(91)92056-h,PHYSICA C,1991,Article; Meeting,2,False
Aisin Seiki,WOS:A1992JW47500001,A FLUORESCENT DETECTION METHOD FOR DNA HYBRIDIZATION USING 2-HYDROXY-3-NAPHTHOIC ACID-2'-PHENYLANILIDE PHOSPHATE AS A SUBSTRATE FOR ALKALINE-PHOSPHATASE,10.1267/ahc.25.467,ACTA HISTOCHEMICA ET CYTOCHEMICA,1992,Article,17,False
Aisin Seiki,WOS:A1992JK68600011,FRICTION DRIVING COMPOSED OF THE HYBRID WAY,,JOURNAL OF JAPANESE SOCIETY OF TRIBOLOGISTS,1992,Article,1,False
Aisin Seiki,WOS:A1992HH40900011,AISIN ENVISIONS ITS PATH TO SUCCESS,,QUALITY PROGRESS,1992,Article,0,False
Aisin Seiki,WOS:A1992JH48300013,METALLURGICAL REACTIONS AND THEIR RELATIONSHIPS TO ENHANCED MECHANICAL STRENGTH IN ZR-BEARING YBCO COMPOSITE SUPERCONDUCTORS,10.1143/jjap.31.1760,JAPANESE JOURNAL OF APPLIED PHYSICS PART 1-REGULAR PAPERS SHORT NOTES & REVIEW PAPERS,1992,Article,9,False
Aisin Seiki,WOS:A1992HW87100017,DEVELOPMENT OF A FLOW-TRANSFORMED PULSATILE TOTAL ARTIFICIAL-HEART FOR TOTAL IMPLANTATION,10.1111/j.1525-1594.1992.tb00318.x,ARTIFICIAL ORGANS,1992,Article; Meeting,7,False
Aisin Seiki,WOS:A1992JP08700008,"CRITICAL CURRENT-DENSITY AND MECHANICAL STRENGTH OF YBA2CU3O7-DELTA SUPERCONDUCTING COMPOSITES CONTAINING ZR, AG AND Y2BACUO5 DISPERSIONS BY MELT-PROCESSING",10.1016/0921-4534(92)90322-4,PHYSICA C,1992,Article,70,False
Aisin Seiki,WOS:A1993NA36600014,A NOVEL FLUORESCENT METHOD FOR IN-SITU HYBRIDIZATION,10.1267/ahc.26.441,ACTA HISTOCHEMICA ET CYTOCHEMICA,1993,Letter,32,False
Aisin Seiki,WOS:A1993LN32300001,"DEVELOPMENT AND APPLICATION OF ALUMINUM EXTRUSION FOR AUTOMOTIVE PARTS, MAINLY BUMPER REINFORCEMENT",10.1016/0924-0136(93)90041-4,JOURNAL OF MATERIALS PROCESSING TECHNOLOGY,1993,Article,5,False
Aisin Seiki,WOS:A1994NF41100025,FLUORESCENT SUBSTRATES FOR POTENTIAL USE IN ENZYME-LINKED-IMMUNOSORBENT-ASSAY OF MEMBRANE-BOUND NUCLEIC-ACIDS,10.1021/ac00080a022,ANALYTICAL CHEMISTRY,1994,Article,16,False
Aisin Seiki,WOS:A1994PH53700016,SINTERABILITY AND FRACTURE-TOUGHNESS OF BETA-SI3N4 WHISKER-ADDED SILICON-NITRIDE,,NIPPON SERAMIKKUSU KYOKAI GAKUJUTSU RONBUNSHI-JOURNAL OF THE CERAMIC SOCIETY OF JAPAN,1994,Article,1,False
Aisin Seiki,WOS:000208381800315,A Construction of High Temperature Superconducting Motor Using YBCO Bulk Magnets,10.1016/0921-4534(94)91249-1,PHYSICA C-SUPERCONDUCTIVITY AND ITS APPLICATIONS,1994,Article,11,False
Aisin Seiki,WOS:A1995BD02V00240,MEASUREMENT OF ACOUSTOELASTIC COEFFICIENT OF SURFACE WAVES WITH SCANNING ACOUSTIC MICROSCOPE,,"REVIEW OF PROGRESS IN QUANTITATIVE NONDESTRUCTIVE EVALUATION, VOLS 14A AND 14B",1995,Meeting,5,False
Aisin Seiki,WOS:A1995UE56000012,A novel fluorogenic substrate for alkaline phosphatase for the use of nucleic acid hybridization histochemistry and cytochemistry,10.1267/ahc.28.581,ACTA HISTOCHEMICA ET CYTOCHEMICA,1995,Article,7,False
Aisin Seiki,WOS:A1995QW46500004,DELETION OF THE WILSONS-DISEASE GENE IN HEREDITARY HEPATITIS LEC RATS,10.1266/jjg.70.25,JAPANESE JOURNAL OF GENETICS,1995,Article,7,False
Aisin Seiki,WOS:A1995TF79500016,HIGH-TEMPERATURE SUPERCONDUCTING MOTOR USING Y-BA-CU-O BULK MAGNETS,10.1143/jjap.34.5574,JAPANESE JOURNAL OF APPLIED PHYSICS PART 1-REGULAR PAPERS SHORT NOTES & REVIEW PAPERS,1995,Article,70,False
Aisin Seiki,WOS:A1996BH18C00112,New digital techniques for precise measurement of surface wave velocity with acoustic microscope,10.4028/www.scientific.net/msf.210-213.839,"NONDESTRUCTIVE CHARACTERIZATION OF MATERIALS VII, PTS 1 AND 2",1996,Article; Meeting,2,False
Aisin Seiki,WOS:A1996BH18C00022,Localized stress measurement of aluminum alloy with acoustic microscope,10.4028/www.scientific.net/msf.210-213.163,"NONDESTRUCTIVE CHARACTERIZATION OF MATERIALS VII, PTS 1 AND 2",1996,Article; Meeting,1,False
Aisin Seiki,WOS:A1996BG96N00151,New generation of metal hydride tube bundle reactors with improved heat transport and examples of applications,,"HYDROGEN ENERGY PROGRESS XI, VOLS 1-3",1996,Meeting,0,False
Aisin Seiki,WOS:A1996VZ39600031,Efficient detection of membrane-bound nucleic acids using new fluorescein derivative,10.1246/cl.1996.1073,CHEMISTRY LETTERS,1996,Article,4,False
Aisin Seiki,WOS:A1996UF03500013,Changes of intraaortic balloon volume during pumping in a mock circulation system,10.1111/j.1525-1594.1996.tb04439.x,ARTIFICIAL ORGANS,1996,Article,6,False
Aisin Seiki,WOS:A1996UC98100005,Rectangular loop antenna for circular polarization,10.1002/ecja.4410790305,ELECTRONICS AND COMMUNICATIONS IN JAPAN PART I-COMMUNICATIONS,1996,Article,8,False
Aisin Seiki,WOS:A1996UQ18800051,Evaluation of low-temperature specific heats and thermal conductivities of Er-Ag alloys as regenerator materials,10.1143/jjap.35.2244,JAPANESE JOURNAL OF APPLIED PHYSICS PART 1-REGULAR PAPERS SHORT NOTES & REVIEW PAPERS,1996,Article,5,False
Aisin Seiki,WOS:A1996UZ59000024,Effect of holding time in the (alpha+gamma) temperature range on toughness of specially austempered ductile iron,10.1007/bf02651945,METALLURGICAL AND MATERIALS TRANSACTIONS A-PHYSICAL METALLURGY AND MATERIALS SCIENCE,1996,Article,33,False
Aisin Seiki,WOS:A1996VC54000013,A volume-controlled liquid ventilator with pressure-limit mode: Imperative expiratory control,10.1111/j.1525-1594.1996.tb04594.x,ARTIFICIAL ORGANS,1996,Article,14,False
Aisin Seiki,WOS:A1996VC54000010,Optimal control algorithm for pneumatic ventricular assist devices: Its application to automatic control and monitoring of ventricular assist devices,10.1111/j.1525-1594.1996.tb04591.x,ARTIFICIAL ORGANS,1996,Article,1,False
Aisin Seiki,WOS:A1996VP50800003,"Set-up, improvement, and evaluation of an electrohydraulic total artificial heart with a separately placed energy converter",10.1097/00002480-199609000-00004,ASAIO JOURNAL,1996,Article,5,False
Aisin Seiki,WOS:A1997BH55X00047,A laser-powered micro-gripper,10.1109/memsys.1997.581822,"MEMS 97, PROCEEDINGS - IEEE THE TENTH ANNUAL INTERNATIONAL WORKSHOP ON MICRO ELECTRO MECHANICAL SYSTEMS",1997,Meeting,15,False
Aisin Seiki,WOS:A1997YC17200057,A novel fluorogenic substrate for horseradish peroxidase: Efficient detection of membrane-bound nucleic acids and simultaneous detection of DNAs,10.1246/cl.1997.1075,CHEMISTRY LETTERS,1997,Article,2,False
Aisin Seiki,WOS:A1997BJ03K00197,Nondestructive evaluation of surface properties of sintered Si3N4 ceramics with surface wave dispersion,,"REVIEW OF PROGRESS IN QUANTITATIVE NONDESTRUCTIVE EVALUATION, VOLS 16A AND 16B",1997,Meeting,0,False
Aisin Seiki,WOS:A1997WX18800006,A novel fluorogenic substrate for the use of nucleic acid hybridization,10.1267/ahc.30.165,ACTA HISTOCHEMICA ET CYTOCHEMICA,1997,Article; Meeting,4,False
Aisin Seiki,WOS:A1997WE76000016,Working pressure for full balloon inflation during intraaortic balloon pumping,,ARTIFICIAL ORGANS,1997,Article,0,False
Aisin Seiki,WOS:A1997WN51900011,Highly sensitive detection of membrane-bound DNA using fluorescein derivatives,10.1016/s0003-2670(96)00479-5,ANALYTICA CHIMICA ACTA,1997,Article,10,False
Aisin Seiki,WOS:A1997XG01200017,Development of the undulation pump total artificial heart,10.1111/j.1525-1594.1997.tb03719.x,ARTIFICIAL ORGANS,1997,Article,24,False
Aisin Seiki,WOS:A1997YA41600023,High temperature superconducting quasi-permanent magnets and their application to superconducting motor,10.2320/jinstmet1952.61.9_931,JOURNAL OF THE JAPAN INSTITUTE OF METALS,1997,Article,2,False
Aisin Seiki,WOS:A1997YE80400048,Studies of low temperature specific heats and thermal conductivities of the CsCl-type (Pr1-xNdx)Ag (0<=z<=1) intermetallic compounds: Application to regenerator materials,10.1143/jjap.36.5638,JAPANESE JOURNAL OF APPLIED PHYSICS PART 1-REGULAR PAPERS SHORT NOTES & REVIEW PAPERS,1997,Article,3,False
Aisin Seiki,WOS:000077358800013,"Isolation, tissue expression, and chromosomal assignment of a novel human gene which encodes a protein with RING finger motif",10.1007/s100380050088,JOURNAL OF HUMAN GENETICS,1998,Article,16,False
Aisin Seiki,WOS:000077768700035,Thermoelectric properties of <i>p</i>-type Bi-Sb-Te crystals with a composite structure,10.1109/ict.1998.740341,"XVII INTERNATIONAL CONFERENCE ON THERMOELECTRICS, PROCEEDINGS ICT 98",1998,Meeting,2,False
Aisin Seiki,WOS:000072123400001,Convenient preparation of fluorescein derivatives,10.1080/00397919808005091,SYNTHETIC COMMUNICATIONS,1998,Article,1,False
Aisin Seiki,WOS:000073773600037,Structural and electronic transport properties of polycrystalline p-type CoSb<sub>3</sub>,10.1063/1.367350,JOURNAL OF APPLIED PHYSICS,1998,Article,80,False
Aisin Seiki,WOS:000074719900006,Waiting time effect of a GM type orifice pulse tube refrigerator,10.1016/s0011-2275(98)00026-5,CRYOGENICS,1998,Article,14,False
Aisin Seiki,WOS:000076454600005,Work loss in double-inlet pulse tube refrigerators,10.1016/s0011-2275(98)00065-4,CRYOGENICS,1998,Article,3,False
Aisin Seiki,WOS:000075006600003,Local stress measurement on polycrystalline aluminum by an acoustic microscope,10.1016/s0041-624x(98)00020-1,ULTRASONICS,1998,Article,8,False
Aisin Seiki,WOS:000076313200023,"Evaluation of low-temperature specific heats and thermal conductivities of REGa<sub>2</sub> (RE = Pr, Nd, Gd, Tb, Dy, Ho and Er) and Dy<sub>1-x</sub>Ho<sub>x</sub>Ga<sub>2</sub> (0&lt;x&lt;1) intermetallic compounds as regenerator materials",10.1143/jjap.37.4787,JAPANESE JOURNAL OF APPLIED PHYSICS PART 1-REGULAR PAPERS SHORT NOTES & REVIEW PAPERS,1998,Article,2,False
Aisin Seiki,WOS:000076412600084,Characterization and optimization of the flow pattern inside a diaphragm blood pump based on flow visualization techniques,10.1097/00002480-199809000-00084,ASAIO JOURNAL,1998,Article; Meeting,16,False
Aisin Seiki,WOS:000076372200006,Anti-DNA IgA autoantibodies are spontaneously generated in mouse Peyer's patches,,IMMUNOLOGY,1998,Article,10,False
Aisin Seiki,WOS:000076881700014,Transcutaneous optical telemetry system with infrared laser diode,10.1097/00002480-199811000-00014,ASAIO JOURNAL,1998,Article,11,False
Aisin Seiki,WOS:000078989800004,Enthalpy flow rate of a pulse tube in pulse tube refrigerator,10.1016/s0011-2275(98)00107-6,CRYOGENICS,1998,Article,1,False
Aisin Seiki,WOS:000077724900026,Direct probing: covalent attachment of probe DNA to double-stranded target DNA,10.1093/nar/26.24.5728,NUCLEIC ACIDS RESEARCH,1998,Article,7,False
Aisin Seiki,WOS:000077724900027,Direct cloning by covalent attachment of probe DNA to target DNA,10.1093/nar/26.24.5734,NUCLEIC ACIDS RESEARCH,1998,Article,2,False
Aisin Seiki,WOS:000080379500009,Effect of normal load on friction characteristics (Part 1) - Friction between a hard conical projection and a soft rubbing surface having triangular prismatic projection,,JOURNAL OF JAPANESE SOCIETY OF TRIBOLOGISTS,1999,Article,0,False
Aisin Seiki,WOS:000078967300017,Chromosomal assignment of a human apoptosis-associated tyrosine kinase gene on chromosome 17q25.3 by somatic hybrid analysis and fluorescence <i>in situ</i> hybridization,10.1007/s100380050130,JOURNAL OF HUMAN GENETICS,1999,Article,4,False
Aisin Seiki,WOS:000078601000018,"Structure, expression profile and chromosomal location of an isolog of DNA-PKcs interacting protein (KIP) gene",10.1016/s0167-4781(98)00253-x,BIOCHIMICA ET BIOPHYSICA ACTA-GENE STRUCTURE AND EXPRESSION,1999,Article,25,False
Aisin Seiki,WOS:000079232900005,In vivo evaluation of the national cardiovascular center electrohydraulic total artificial heart,10.1046/j.1525-1594.1999.06315.x,ARTIFICIAL ORGANS,1999,Article; Meeting,4,False
Aisin Seiki,WOS:000078881200022,"Structure, expression profile, and chromosomal location of a mouse gene homologous to human DNA-PK<sub>cs</sub> interacting protein (KIP) gene",10.1007/s003359900994,MAMMALIAN GENOME,1999,Article,8,False
Aisin Seiki,WOS:000080460700005,A new tooth finishing method with cBN wheel for involute internal spline - Improvement of tooth accuracy with slant traverse method,,INTERNATIONAL JOURNAL OF THE JAPAN SOCIETY FOR PRECISION ENGINEERING,1999,Article,1,False
Aisin Seiki,WOS:000078371800005,A compound-wire loop antenna for circular polarization,,ELECTRONICS AND COMMUNICATIONS IN JAPAN PART I-COMMUNICATIONS,1999,Article,0,False
Aisin Seiki,WOS:000080367500016,In situ reflection high-energy electron diffraction (RHEED) observation of Bi<sub>2</sub>Te<sub>3</sub>/Sb<sub>2</sub>Te<sub>3</sub> multilayer film growth,10.1016/s0022-0248(99)00055-x,JOURNAL OF CRYSTAL GROWTH,1999,Article,22,False
Aisin Seiki,WOS:000080227500011,"PKCν, a new member of the protein kinase C family, composes a fourth subfamily with PKCμ",10.1016/s0167-4889(99)00040-3,BIOCHIMICA ET BIOPHYSICA ACTA-MOLECULAR CELL RESEARCH,1999,Article,173,False
Aisin Seiki,WOS:000082688600019,A transcutaneous energy transmission system with rechargeable internal back-up battery for a totally implantable total artificial heart,10.1097/00002480-199909000-00019,ASAIO JOURNAL,1999,Article,13,False
Aisin Seiki,WOS:000082688600020,Progress of an electrohydraulic total artificial heart system with a separate energy converter,10.1097/00002480-199909000-00020,ASAIO JOURNAL,1999,Article,6,False
Aisin Seiki,WOS:000082652400047,Effects of doping on the transport properties of CoSb<sub>3</sub>,10.1063/1.371287,JOURNAL OF APPLIED PHYSICS,1999,Article,162,False
Aisin Seiki,WOS:000084528300022,"Cloning and expression profile of mouse and human genes, <i>Rnf11</i>/<i>RNF11</i>, encoding a novel RING-H2 finger protein",10.1016/s0167-4781(99)00190-6,BIOCHIMICA ET BIOPHYSICA ACTA-GENE STRUCTURE AND EXPRESSION,1999,Article,25,False
Aisin Seiki,WOS:000165225400008,Wear properties of a glass fiber filled PTFE composite under oil lubricaton,,JOURNAL OF JAPANESE SOCIETY OF TRIBOLOGISTS,2000,Article,2,False
Aisin Seiki,WOS:000086784200006,Communication breaking space for CDMA portable radio telephone,10.1002/(sici)1520-6424(200010)83:10<48::aid-ecja6>3.0.co;2-w,ELECTRONICS AND COMMUNICATIONS IN JAPAN PART I-COMMUNICATIONS,2000,Article,0,False
Aisin Seiki,WOS:000084968300004,Development of robust motor servo control for rear steering actuator based on the two-degree-of-freedom control system,10.1016/s0957-4158(99)00051-3,MECHATRONICS,2000,Article,8,False
Aisin Seiki,WOS:000087205800009,Intelligent mobility enhancement system,10.1016/s0389-4304(99)00094-6,JSAE REVIEW,2000,Article,2,False
Aisin Seiki,WOS:000087713400009,Inverse energy cascade structure of turbulence in a bubbly flow (PIV measurement and results),10.1299/jsmeb.43.188,JSME INTERNATIONAL JOURNAL SERIES B-FLUIDS AND THERMAL ENGINEERING,2000,Article,15,False
Aisin Seiki,WOS:000087400700030,Identification of the UV-responsive sequence in the human tissue plasminogen activator gene,10.1271/bbb.64.1084,BIOSCIENCE BIOTECHNOLOGY AND BIOCHEMISTRY,2000,Article,1,False
Aisin Seiki,WOS:000089153500021,Optical frequency link between an acetylene stabilized laser at 1542 nm and an Rb stabilized laser at 778 nm using a two-color mode-locked fiber laser,10.1016/s0030-4018(00)00854-3,OPTICS COMMUNICATIONS,2000,Article,40,False
Aisin Seiki,WOS:000090007100014,Zircon-cordierite ceramics with a thermal expansion matching that of silicon,10.2109/jcersj.108.1262_932,JOURNAL OF THE CERAMIC SOCIETY OF JAPAN,2000,Article,3,False
Aisin Seiki,WOS:000167029700006,Characterization of long cDNA clones from human adult spleen,10.1093/dnares/7.6.357,DNA RESEARCH,2000,Article,10,False
Aisin Seiki,WOS:000167029700005,Prediction of the coding sequences of unidentified human genes. XIX. The complete sequences of 100 new cDNA clones from brain which code for large proteins <i>in vitro</i>,10.1093/dnares/7.6.347,DNA RESEARCH,2000,Article,78,False
Aisin Seiki,WOS:000177163500037,The Hall carrier mobility of AgBiTe<sub>2</sub>-Ag<sub>2</sub>Te composite,,THERMOELECTRIC MATERIALS 2001-RESEARCH AND APPLICATIONS,2001,Meeting,0,False
Aisin Seiki,WOS:000173666500032,Two-stage 4 K pulse tube refrigerator,,CRYOCOOLERS 11,2001,Meeting,3,False
Aisin Seiki,WOS:000167071000005,Electronically controlled high-speed wavelength-tunable femtosecond soliton pulse generation using acoustooptic modulator,10.1109/68.903205,IEEE PHOTONICS TECHNOLOGY LETTERS,2001,Article,18,False
Aisin Seiki,WOS:000168003800005,Tumour suppressor activity of human imprinted gene <i>PEG3</i> in a glioma cell line,10.1046/j.1365-2443.2001.00412.x,GENES TO CELLS,2001,Article,75,False
Aisin Seiki,WOS:000170243200019,A tooth surface finishing method with a new tool of a vitrified cubic boron nitride wheel for involute internal spline,10.1299/jsmec.44.445,JSME INTERNATIONAL JOURNAL SERIES C-MECHANICAL SYSTEMS MACHINE ELEMENTS AND MANUFACTURING,2001,Article,1,False
Aisin Seiki,WOS:000171979300001,Genomic organization and chromosomal distribution of rat ID elements,10.1266/ggs.76.213,GENES & GENETIC SYSTEMS,2001,Article,6,False
Aisin Seiki,WOS:000170989400014,Cross-correlation measurement without mechanical delay scanning using electronically controlled wavelength-tunable femtosecond soliton pulse,10.1049/el:20010743,ELECTRONICS LETTERS,2001,Article,10,False
Aisin Seiki,WOS:000171061400019,The influence of porous ceramic particle size and fertigation quantity on the yield and quality of roses grown in soilless culture,,JOURNAL OF THE JAPANESE SOCIETY FOR HORTICULTURAL SCIENCE,2001,Article,1,False
Aisin Seiki,WOS:000180981000005,Microstructural modelling for the prediction of tensile strength and elongation in automotive aluminium alloy castings,,INTERNATIONAL JOURNAL OF CAST METALS RESEARCH,2002,Article; Meeting,3,False
Aisin Seiki,WOS:000176920700077,4K pulse tube refrigerator and excess cooling power,,"ADVANCES IN CRYOGENIC ENGINEERING, VOL 47, PTS A AND B",2002,Meeting,17,False
Aisin Seiki,WOS:000174153300003,Development of robust motor servo control for rear steering actuator based on two-degree-of-freedom control system,10.1504/ijvd.2002.002000,INTERNATIONAL JOURNAL OF VEHICLE DESIGN,2002,Article,0,False
Aisin Seiki,WOS:000178328100010,Improvement of thermoelectric properties by dispersing Ag<sub>2</sub>Te grains in AgBiTe<sub>2</sub> matrix:: Composition effects in (AgBiTe<sub>2</sub>)<sub>1-<i>x</i></sub>(Ag<sub>2</sub>Te)<i><sub>x</sub></i>,10.2109/jcersj.110.259,JOURNAL OF THE CERAMIC SOCIETY OF JAPAN,2002,Article,4,False
Aisin Seiki,WOS:000176515700009,Hall mobility enhancement in AgBiTe<sub>2</sub>-Ag<sub>2</sub>Te composites,10.1143/jjap.41.2842,JAPANESE JOURNAL OF APPLIED PHYSICS PART 1-REGULAR PAPERS SHORT NOTES & REVIEW PAPERS,2002,Article,5,False
Aisin Seiki,WOS:000177393000013,Correlation factor in diffusion in the L1<sub>2</sub> structure for atomic migration via triple defects,10.1016/s0966-9795(02)00050-x,INTERMETALLICS,2002,Article,4,False
Aisin Seiki,WOS:000178125900069,High-temperature growth of thin film microcrystalline silicon on silicon carbide using EBEP-CVD,10.1016/s0927-0248(02)00077-6,SOLAR ENERGY MATERIALS AND SOLAR CELLS,2002,Article,3,False
Aisin Seiki,WOS:000183794800155,Improvement of ASIC-based sensorless control for ultrahigh-speed brushless DC motor drive,,"IEEE IEMDC'03: IEEE INTERNATIONAL ELECTRIC MACHINES AND DRIVES CONFERENCE, VOLS 1-3",2003,Meeting,13,False
Aisin Seiki,WOS:000180839600007,Fiber optic sensor saves the job,,CONTROL SOLUTIONS,2003,Article,0,False
Aisin Seiki,WOS:000180453600021,Development of a YBa<sub>2</sub>Cu<sub>3</sub>O<sub>7</sub> filament leads unit,10.1016/s0921-4534(02)01993-7,PHYSICA C-SUPERCONDUCTIVITY AND ITS APPLICATIONS,2003,Article,4,False
Aisin Seiki,WOS:000180810400011,Development of disposable self-regulating blood pumps and automatically-controlled portable extracorporeal membrane oxygenation systems for neonatal extracorporeal membrane oxygenation,10.1046/j.1525-1594.2003.t01-3-06993.x,ARTIFICIAL ORGANS,2003,Article,1,False
Aisin Seiki,WOS:000181066000008,Anomalous power and spectrum dependence of terahertz radiation from femtosecond-laser-irradiated indium arsenide in high magnetic fields up to 14 T,10.1063/1.1556963,APPLIED PHYSICS LETTERS,2003,Article,21,False
Aisin Seiki,WOS:000181898100051,"Low friction of a diamond/H-terminated, Si(111) sliding system",10.1109/tmag.2003.808918,IEEE TRANSACTIONS ON MAGNETICS,2003,Article; Meeting,7,False
Aisin Seiki,WOS:000181801100003,Significant enhancement of terahertz radiation from InSb by use of a compact fiber laser and an external magnetic field,10.1063/1.1564290,APPLIED PHYSICS LETTERS,2003,Article,33,False
Aisin Seiki,WOS:000183048400003,The National Cardiovascular Center electrohydraulic total artificial heart and ventricular assist device systems: Current status of development,10.1097/01.mat.0000065374.83106.fe,ASAIO JOURNAL,2003,Article,13,False
Aisin Seiki,WOS:000185138800006,A wavelet collocation method for evolution equations with energy conservation property,10.1016/s0007-4497(03)00044-7,BULLETIN DES SCIENCES MATHEMATIQUES,2003,Article,8,False
Aisin Seiki,WOS:000184836900006,Broad-spectrum frequency comb generation and carrier-envelope offset frequency measurement by second-harmonic generation of a mode-locked fiber laser,10.1364/ol.28.001516,OPTICS LETTERS,2003,Article,78,False
Aisin Seiki,WOS:000186187800009,Development of 4WS control algorithms for an SUV,10.1016/s0389-4304(03)00070-5,JSAE REVIEW,2003,Article,8,False
Aisin Seiki,WOS:000186745400017,Investigating the functionality of diamond-like carbon films on an artificial heart diaphragm,10.1097/01.mat.0000093970.59796.40,ASAIO JOURNAL,2003,Article,15,False
Aisin Seiki,WOS:000186441400024,"Wideband and nonmechanical sonogram measurement by use of an electronically controlled, wavelength-tunable, femtosecond soliton pulse",10.1364/josab.20.002410,JOURNAL OF THE OPTICAL SOCIETY OF AMERICA B-OPTICAL PHYSICS,2003,Article,8,False
Aisin Seiki,WOS:000186813700002,Estimation of automotive tire force characteristics using wheel velocity,10.1016/s0967-0661(03)00073-x,CONTROL ENGINEERING PRACTICE,2003,Article,69,False
Aisin Seiki,WOS:000187666800012,"Complete sequencing and characterization of 21,243 full-length human cDNAs",10.1038/ng1285,NATURE GENETICS,2004,Article,779,False
Aisin Seiki,WOS:000226898300004,Role of Si particle damage on fatigue characteristics of cast Al-Si alloys,10.1179/136404604225022702,INTERNATIONAL JOURNAL OF CAST METALS RESEARCH,2004,Article,10,False
Aisin Seiki,WOS:000220092400028,Investigation on sub-20fs fiber-soliton compression performance of dispersion-flattened fibers,10.1143/jjap.43.132,JAPANESE JOURNAL OF APPLIED PHYSICS PART 1-REGULAR PAPERS BRIEF COMMUNICATIONS & REVIEW PAPERS,2004,Article,1,False
Aisin Seiki,WOS:000187805000008,A numerical method of regenerator,10.1016/j.cryogenics.2003.10.002,CRYOGENICS,2004,Article,22,False
Aisin Seiki,WOS:000221843000033,Outdoor performance of large scale DSC modules,10.1016/j.jphotochem.2003.11.022,JOURNAL OF PHOTOCHEMISTRY AND PHOTOBIOLOGY A-CHEMISTRY,2004,Article; Meeting,123,False
Aisin Seiki,WOS:000222509400004,Generalized energy integrals and energy conserving numerical schemes for partial differential equations,10.1007/bf03167470,JAPAN JOURNAL OF INDUSTRIAL AND APPLIED MATHEMATICS,2004,Article,1,False
Aisin Seiki,WOS:000222044000019,Uniform deposition of diamond-like carbon films on polymeric materials for biomedical applications,10.1016/j.surfcoat.2003.10.009,SURFACE & COATINGS TECHNOLOGY,2004,Article,33,False
Aisin Seiki,WOS:000222364900007,Numerical method of inertance tube pulse tube refrigerator,10.1016/j.cryogenics.2004.03.006,CRYOGENICS,2004,Review,53,False
Aisin Seiki,WOS:000224711400153,Generation of extremely strong magnetic fields in open space by using metal-ring-reinforced 60 mm⊘ Sm-Ba-Cu-O superconducting bulk,10.1016/j.physc.2004.01.099,PHYSICA C-SUPERCONDUCTIVITY AND ITS APPLICATIONS,2004,Article; Meeting,19,False
Aisin Seiki,WOS:000224197300021,A through-process model of an A356 brake caliper for fatigue life prediction,10.1007/s11661-004-0070-3,METALLURGICAL AND MATERIALS TRANSACTIONS A-PHYSICAL METALLURGY AND MATERIALS SCIENCE,2004,Article,23,False
Aisin Seiki,WOS:000224894900006,Generation and detection of terahertz radiation by electro-optical process in GaAs using 1.56 μm fiber laser pulses,10.1063/1.1813645,APPLIED PHYSICS LETTERS,2004,Article,169,False
Aisin Seiki,WOS:000224973300012,Experimental and numerical analysis of widely broadened supercontinuum generation in highly nonlinear dispersion-shifted fiber with a femtosecond pulse,10.1364/josab.21.001969,JOURNAL OF THE OPTICAL SOCIETY OF AMERICA B-OPTICAL PHYSICS,2004,Article,85,False
Aisin Seiki,WOS:000231362600003,Multiplex PCR: use of heat-stable <i>Thermus thermophilus</i> RecA protein to minimize non-specific PCR products - art. no. e126,10.1093/nar/gni111,NUCLEIC ACIDS RESEARCH,2005,Article,46,True
Aisin Seiki,WOS:000228997000048,On-chip sorting system using charged droplets,,"Micro Total Analysis Systems 2004, Vol 1",2005,Meeting,1,False
Aisin Seiki,WOS:000231214500008,Functionality of amorphous hydrogenated carbon (a-C:H) film coatings for an artificial heart,,NEW DIAMOND AND FRONTIER CARBON TECHNOLOGY,2005,Article; Meeting,0,False
Aisin Seiki,WOS:000232641900015,Giant vesicle fusion on microelectrodes fabricated by femtosecond laser ablation followed by synchrotron radiation etching,10.1143/jjap.44.l1207,JAPANESE JOURNAL OF APPLIED PHYSICS PART 2-LETTERS & EXPRESS LETTERS,2005,Article,6,False
Aisin Seiki,WOS:000230786400004,Enhanced generation of terahertz radiation from semiconductor surfaces with external magnetic field,10.1007/10828028_4,TERAHERTZ OPTOELECTRONICS,2005,Review,0,False
Aisin Seiki,WOS:000226996600037,High-peak-power ultrashort pulse generation using all-fiber chirped pulse amplification system with small core multimode fiber,10.1143/jjap.44.177,JAPANESE JOURNAL OF APPLIED PHYSICS PART 1-REGULAR PAPERS BRIEF COMMUNICATIONS & REVIEW PAPERS,2005,Article,1,False
Aisin Seiki,WOS:000226063700012,Generation of high-power femtosecond pulse and octave-spanning ultrabroad supercontinuum using all-fiber system,10.1109/lpt.2004.837741,IEEE PHOTONICS TECHNOLOGY LETTERS,2005,Article,41,False
Aisin Seiki,WOS:000226839300021,Simple chromatic dispersion measurement by use of wavelength-tunable Raman soliton pulse and two-photon absorption,10.1049/el:20056912,ELECTRONICS LETTERS,2005,Article,0,False
Aisin Seiki,WOS:000227195900006,Producing gear teeth with high form accuracy and fine surface finish using water-lubricated chemical reactions,10.1016/j.triboint.2004.08.022,TRIBOLOGY INTERNATIONAL,2005,Article; Meeting,3,False
Aisin Seiki,WOS:000227223000017,A novel means of asymmetric linker attachment to DNA molecule by RecA-mediated multistranded DNA formation,10.1016/j.ab.2004.10.045,ANALYTICAL BIOCHEMISTRY,2005,Article,0,False
Aisin Seiki,WOS:000242119400004,Signal sequence and keyword trap <i>in silico</i> for selection of full-length human cDNAs encoding secretion or membrane proteins from oligo-capped cDNA libraries,10.1093/dnares/12.2.117,DNA RESEARCH,2005,Article,42,False
Aisin Seiki,WOS:000230330300127,The merits/demerits of biochemical reaction measurements by SPR reflectance signal at a fixed angle,10.1016/j.snb.2004.12.034,SENSORS AND ACTUATORS B-CHEMICAL,2005,Article; Meeting,9,False
Aisin Seiki,WOS:000232678100011,Numerical simulation of fracture of model Al-Si alloys,10.1007/s11661-005-0071-x,METALLURGICAL AND MATERIALS TRANSACTIONS A-PHYSICAL METALLURGY AND MATERIALS SCIENCE,2005,Article,6,False
Aisin Seiki,WOS:000242119900005,Stable triple-stranded DNA formation and its application to the SNP detection,10.1093/dnares/dsi022,DNA RESEARCH,2005,Article,4,True
Aisin Seiki,WOS:000238763700005,Improvements of rolling circle amplification (RCA) efficiency and accuracy using <i>Thermus thermophilus</i> SSB mutant protein,10.1093/nar/gkl350,NUCLEIC ACIDS RESEARCH,2006,Article,46,True
Aisin Seiki,WOS:000245452404072,"Autonomous traveling control of the ""TAO Aicle"" intelligent wheelchair",10.1109/iros.2006.281966,"2006 IEEE/RSJ INTERNATIONAL CONFERENCE ON INTELLIGENT ROBOTS AND SYSTEMS, VOLS 1-12",2006,Meeting,30,False
Aisin Seiki,WOS:000243018100001,Porphyrin-rhodanine dyads for dye sensitized solar cells,10.1142/s1088424606000351,JOURNAL OF PORPHYRINS AND PHTHALOCYANINES,2006,Article,64,True
Aisin Seiki,WOS:000239567900026,Parametric design method for shapes with aesthetic free-form surfaces,,"GEOMETRIC MODELING AND PROCESSING - GMP 2006, PROCEEDINGS",2006,Article; Meeting,3,False
Aisin Seiki,WOS:000234910700073,Resource recovery of founding waste containing transition elements: Conversion into hydrogen sulfide sorbent,10.1016/j.jeurceramsoc.2005.06.017,JOURNAL OF THE EUROPEAN CERAMIC SOCIETY,2006,Article; Meeting,4,False
Aisin Seiki,WOS:000235151200010,FEM modeling of crack propagation in a model multiphase alloy,,JOURNAL OF MATERIALS SCIENCE & TECHNOLOGY,2006,Article,0,False
Aisin Seiki,WOS:000231761700005,Multiple stable patterns for some reaction-diffusion equation in disrupted environments,,DISCRETE AND CONTINUOUS DYNAMICAL SYSTEMS,2006,Article,0,False
Aisin Seiki,WOS:000242043800022,Movement detection for safer backward maneuvers,,2006 IEEE INTELLIGENT VEHICLES SYMPOSIUM,2006,Meeting,2,False
Aisin Seiki,WOS:000236215600008,Conjugated organic dyes for dye-sensitized solar cells,,INDIAN JOURNAL OF CHEMISTRY SECTION A-INORGANIC BIO-INORGANIC PHYSICAL THEORETICAL & ANALYTICAL CHEMISTRY,2006,Article,21,False
Aisin Seiki,WOS:000236674000008,Generation of pedestal-free 22-fs ultrashort pulse using highly nonlinear fiber and reverse-dispersion fiber,10.1109/jqe.2006.869815,IEEE JOURNAL OF QUANTUM ELECTRONICS,2006,Article,18,False
Aisin Seiki,WOS:000241776800022,Some energy preserving finite element schemes based on the discrete variational derivative method,10.1016/j.amc.2005.07.031,APPLIED MATHEMATICS AND COMPUTATION,2006,Article,16,False
Aisin Seiki,WOS:000237881900001,Gene expression analysis using a modified HiCEP method applicable to prokaryotes:: A study of the response of <i>Rhodococcus</i> to isoniazid and ethambutol,10.1016/j.jbiotec.2005.11.004,JOURNAL OF BIOTECHNOLOGY,2006,Article,4,True
Aisin Seiki,WOS:000239022100015,Resource recovery of cupola dust: Study on sorptive property and mechanism for hydrogen sulfide,10.1007/s10853-006-6223-6,JOURNAL OF MATERIALS SCIENCE,2006,Article,14,False
Aisin Seiki,WOS:000239342300044,Structural modification in fused silica by a femtosecond fiber laser at 1558 nm,10.1364/oe.14.006971,OPTICS EXPRESS,2006,Article,43,False
Aisin Seiki,WOS:000240236600011,Excitation wavelength dependence of terahertz emission from semiconductor surface,10.1063/1.2338430,APPLIED PHYSICS LETTERS,2006,Article,53,False
Aisin Seiki,WOS:000240403500017,"Electronic structures and absorption spectra of linkage isomers of trithiocyanato (4,4′,4""-tricarboxy-2,2′: 6,2""-terpyridine) ruthenium(II) complexes: A DFT study",10.1021/ic051851g,INORGANIC CHEMISTRY,2006,Article,95,False
Aisin Seiki,WOS:000240721000009,Statistical modeling of microstructure and defect population effects on the fatigue performance of cast A356-T6 automotive components,10.1016/j.msea.2006.07.003,MATERIALS SCIENCE AND ENGINEERING A-STRUCTURAL MATERIALS PROPERTIES MICROSTRUCTURE AND PROCESSING,2006,Article,86,False
Aisin Seiki,WOS:000241435900023,Experimental and numerical investigations of the effects of the spatial distribution of α phase on fracture behavior in hypoeutectic Al-Si alloys,10.1016/j.actamat.2006.06.036,ACTA MATERIALIA,2006,Article,27,False
Aisin Seiki,WOS:000238303200017,Numerical simulation for a nonlinear partial differential equation with variable coefficients by means of the discrete variational derivative method,10.1016/j.cam.2005.08.009,JOURNAL OF COMPUTATIONAL AND APPLIED MATHEMATICS,2006,Article,14,False
Aisin Seiki,WOS:000242393700006,Fatigue strength improvement by peening treatment in degassing processed cast aluminum alloys,10.1142/s0217979206040040,INTERNATIONAL JOURNAL OF MODERN PHYSICS B,2006,Article; Meeting,3,False
Aisin Seiki,WOS:000243173300032,1.0-1.7-μm wavelength-tunable ultrashort-pulse generation using femtosecond Yb-doped fiber laser and photonic crystal fiber,10.1109/lpt.2006.884891,IEEE PHOTONICS TECHNOLOGY LETTERS,2006,Article,52,False
Aisin Seiki,WOS:000241784800008,Comparison of different packing materials for the biofiltration of air toxics,10.1080/10473289.2006.10464564,JOURNAL OF THE AIR & WASTE MANAGEMENT ASSOCIATION,2006,Article,57,False
Aisin Seiki,WOS:000252643500075,Modeling on molten metal's pressure in an innovative press casting process using greensand molding and switching control of press velocity,,"ICINCO 2007: PROCEEDINGS OF THE FOURTH INTERNATIONAL CONFERENCE ON INFORMATICS IN CONTROL, AUTOMATION AND ROBOTICS, VOL RA-2",2007,Meeting,0,False
Aisin Seiki,WOS:000247070800028,THz wave generation and detection system using ∼ 1000 nm Yb-doped fiber laser,,ULTRAFAST OPTICS V,2007,Meeting,0,False
Aisin Seiki,WOS:000243454000011,Efficient Sensitization of nanocrystalline TiO<sub>2</sub> films by a near-IR-absorbing unsymmetrical zinc phthalocyanine,10.1002/anie.200603098,ANGEWANDTE CHEMIE-INTERNATIONAL EDITION,2007,Article,349,True
Aisin Seiki,WOS:000207194700007,Simplified Deformation Analysis of 3D-body by First Order Analysis,10.1299/jamdsm.1.505,JOURNAL OF ADVANCED MECHANICAL DESIGN SYSTEMS AND MANUFACTURING,2007,Article,0,False
Aisin Seiki,WOS:000243789600124,Ultrathin amorphous Si layer formation by femtosecond laser pulse irradiation,10.1063/1.2431709,APPLIED PHYSICS LETTERS,2007,Article,71,False
Aisin Seiki,WOS:000248949300016,Specific terminal labeling of DNA molecules,10.2144/000112418,BIOTECHNIQUES,2007,Article,1,False
Aisin Seiki,WOS:000245898200156,Prediction of curvatures of parts extruded through rotary die using fuzzy inference,10.1016/j.jmatprotec.2006.11.212,JOURNAL OF MATERIALS PROCESSING TECHNOLOGY,2007,Article; Meeting,2,False
Aisin Seiki,WOS:000248356200044,Evaluation of a terahertz wave spectrum and construction of a terahertz wave-sensing system using a Yb-doped fiber laser,10.1364/josab.24.002006,JOURNAL OF THE OPTICAL SOCIETY OF AMERICA B-OPTICAL PHYSICS,2007,Article,16,False
Aisin Seiki,WOS:000250777400004,Numerical simulation of a step-piston type series two-stage pulse tube refrigerator,10.1016/j.cryogenics.2007.04.008,CRYOGENICS,2007,Article,7,False
Aisin Seiki,WOS:000250396000308,Development of high capacity Stirling type pulse tube cryocooler,10.1016/j.physc.2007.04.309,PHYSICA C-SUPERCONDUCTIVITY AND ITS APPLICATIONS,2007,Article; Meeting,7,False
Aisin Seiki,WOS:000263160700358,High-resolution terahertz tomography using 17-fs ultrashort-pulse fiber laser,,"2008 33RD INTERNATIONAL CONFERENCE ON INFRARED, MILLIMETER AND TERAHERTZ WAVES, VOLS 1 AND 2",2008,Meeting,0,False
Aisin Seiki,WOS:000252976500018,Alkali-tolerant high-activity catalase from a thermophilic bacterium and its overexpression in <i>Escherichia coli</i>,10.1016/j.pep.2007.09.015,PROTEIN EXPRESSION AND PURIFICATION,2008,Article,14,True
Aisin Seiki,WOS:000259268700046,Generation and detection of broadband coherent terahertz radiation using 17-fs ultrashort pulse fiber laser,10.1364/oe.16.012859,OPTICS EXPRESS,2008,Article,51,False
Aisin Seiki,WOS:000259712900269,Optimization of regenerator in high capacity Stirling type pulse tube cryocooler,10.1016/j.physc.2008.05.281,PHYSICA C-SUPERCONDUCTIVITY AND ITS APPLICATIONS,2008,Article; Meeting,11,False
Aisin Seiki,WOS:000260706500009,Removal of ammonia from contaminated air in a biotrickling filter - Denitrifying bioreactor combination system,10.1016/j.watres.2008.07.036,WATER RESEARCH,2008,Article,79,False
Aisin Seiki,WOS:000261794500025,Multiscale Numerical Simulation of Fluid-Solid Interaction,10.2320/matertrans.mb200814,MATERIALS TRANSACTIONS,2008,Article,4,False
Aisin Seiki,WOS:000261184100026,New infrared reflection absorption spectroscopy (IRRAS) system for observation of solid-solution interface biomaterials,10.1016/j.cplett.2008.10.039,CHEMICAL PHYSICS LETTERS,2008,Article,2,True
Aisin Seiki,WOS:000282796300201,Terahertz pulse generation beyond excitation pulse limitation by χ<SUP>(2)</SUP> cascaded processes,,"2009 34TH INTERNATIONAL CONFERENCE ON INFRARED, MILLIMETER, AND TERAHERTZ WAVES, VOLS 1 AND 2",2009,Meeting,0,False
Aisin Seiki,WOS:000280762000224,A System Identification Method with Roughly Quantized Data using Semidefinite Programming,10.1109/iecon.2009.5414725,"IECON: 2009 35TH ANNUAL CONFERENCE OF IEEE INDUSTRIAL ELECTRONICS, VOLS 1-6",2009,Meeting,0,False
Aisin Seiki,WOS:000277502600034,Defect Inspection System by Dot Data,10.1109/isot.2009.5326122,ISOT: 2009 INTERNATIONAL SYMPOSIUM ON OPTOMECHATRONIC TECHNOLOGIES,2009,Meeting,0,False
Aisin Seiki,WOS:000274751300326,Broadband and high power monocycle terahertz pulse generation by χ<SUP>(2)</SUP> cascaded processes in LiNbO<sub>3</sub>,,"2009 CONFERENCE ON LASERS AND ELECTRO-OPTICS AND QUANTUM ELECTRONICS AND LASER SCIENCE CONFERENCE (CLEO/QELS 2009), VOLS 1-5",2009,Meeting,0,False
Aisin Seiki,WOS:000263574400007,Friction and Wear Properties of Aluminum-Silicon Alloy Impregnated Graphite Composite (ALGR-MMC) under Lubricated Sliding Conditions,10.1080/10402000802475353,TRIBOLOGY TRANSACTIONS,2009,Article,14,False
Aisin Seiki,WOS:000266024800008,The effects of a lower irrigation system on pollutant removal and on the microflora of a biofilter,10.1080/09593330902838106,ENVIRONMENTAL TECHNOLOGY,2009,Article,17,False
Aisin Seiki,WOS:000263530300002,Analysis of DC gas flow in GM type double inlet pulse tube refrigerators,10.1016/j.cryogenics.2008.10.003,CRYOGENICS,2009,Article,17,False
Aisin Seiki,WOS:000266381700068,High-resolution time-of-flight terahertz tomography using a femtosecond fiber laser,10.1364/oe.17.007533,OPTICS EXPRESS,2009,Article,129,False
Aisin Seiki,WOS:000266641100106,Long-term durability and degradation mechanism of dye-sensitized solar cells sensitized with indoline dyes,10.1016/j.solmat.2009.02.006,SOLAR ENERGY MATERIALS AND SOLAR CELLS,2009,Article; Meeting,58,False
Aisin Seiki,WOS:000266641100050,Degradation analysis of dye-sensitized solar cell module after long-term stability test under outdoor working condition,10.1016/j.solmat.2008.10.022,SOLAR ENERGY MATERIALS AND SOLAR CELLS,2009,Article; Meeting,141,False
Aisin Seiki,WOS:000266641100031,Monolithically series-interconnected transparent modules of dye-sensitized solar cells,10.1016/j.solmat.2008.09.054,SOLAR ENERGY MATERIALS AND SOLAR CELLS,2009,Article; Meeting,50,False
Aisin Seiki,WOS:000265527000002,Vibration of the Rigid Rotor Supported by a Repulsive Magnetic Bearing (Influences of Magnetic Anisotropies of Magnets),10.1115/1.3085887,JOURNAL OF VIBRATION AND ACOUSTICS-TRANSACTIONS OF THE ASME,2009,Article,7,False
Aisin Seiki,WOS:000265422100074,Synthesis and Application of a Silica Nanocomposite Filler Using Water Glass and a Resole-Type Phenol Resin,10.1002/app.29770,JOURNAL OF APPLIED POLYMER SCIENCE,2009,Article,3,False
Aisin Seiki,WOS:000267761200035,Broadband and high power terahertz pulse generation beyond excitation bandwidth limitation via χ<SUP>(2)</SUP> cascaded processes in LiNbO<sub>3</sub>,10.1364/oe.17.011543,OPTICS EXPRESS,2009,Article,44,False
Aisin Seiki,WOS:000267623600001,Single-stranded DNA binding protein facilitates specific enrichment of circular DNA molecules using rolling circle amplification,10.1016/j.ab.2009.05.013,ANALYTICAL BIOCHEMISTRY,2009,Article,6,True
Aisin Seiki,WOS:000394069200227,Contactless Power Transfer System for Electric Vehicle Battery Charger,,"25TH WORLD BATTERY, HYBRID AND FUEL CELL ELECTRIC VEHICLE SYMPOSIUM AND EXHIBITION PROCEEDINGS, VOLS 1 & 2",2010,Meeting,0,False
Aisin Seiki,WOS:000288130600115,Visualization of Carbon Black Distribution in Rubber Vulcanizates by Terahertz Time-Domain Spectroscopy,,"35TH INTERNATIONAL CONFERENCE ON INFRARED, MILLIMETER, AND TERAHERTZ WAVES (IRMMW-THZ 2010)",2010,Meeting,0,False
Aisin Seiki,WOS:000287169300063,Forming Limit Prediction of Sheet Metals Subjected to Combined Loading Using Forming Limit Stress Curve,,"INTERNATIONAL CONFERENCE ON ADVANCES IN MATERIALS AND PROCESSING TECHNOLOGIES, PTS ONE AND TWO",2010,Meeting,2,False
Aisin Seiki,WOS:000284181400006,Trends and Tribology in Water Pumps,,JOURNAL OF JAPANESE SOCIETY OF TRIBOLOGISTS,2010,Article,0,False
Aisin Seiki,WOS:000277954300004,Pulse tube stirling machine with warm gas-driven displacer,10.1016/j.cryogenics.2010.01.011,CRYOGENICS,2010,Article,49,False
Aisin Seiki,WOS:000280458200024,Enhancement of Thermal Stabilization of Formaldehyde Dehydrogenase from <i>Pseudomonas putida</i> by Directed Evolution,10.1271/bbb.100026,BIOSCIENCE BIOTECHNOLOGY AND BIOCHEMISTRY,2010,Article,4,False
Aisin Seiki,WOS:000393147800380,Examination of Detectability of Driver's Fatigue Level by Neural Network Using Hyper Spectrum Camera,,"IDW'11: PROCEEDINGS OF THE 18TH INTERNATIONAL DISPLAY WORKSHOPS, VOLS 1-3",2011,Meeting,0,False
Aisin Seiki,WOS:000393147800128,Development of vehicle surroundings view system considering color vision characteristics,,"IDW'11: PROCEEDINGS OF THE 18TH INTERNATIONAL DISPLAY WORKSHOPS, VOLS 1-3",2011,Meeting,0,False
Aisin Seiki,WOS:000297545900038,Small-Size Light-Weight Transformer with New Core Structure for Contactless Electric Vehicle Power Transfer System,,2011 IEEE ENERGY CONVERSION CONGRESS AND EXPOSITION (ECCE),2011,Meeting,82,False
Aisin Seiki,WOS:000289686600020,A new familiy of heteroleptic ruthenium(II) polypyridyl complexes for sensitization of nanocrystalline TiO<sub>2</sub> films,10.1039/c0dt01417f,DALTON TRANSACTIONS,2011,Article,47,True
Aisin Seiki,WOS:000291962900074,Optimum Pressure Control of Molten Metals for Casting Production Using a Novel Greensand Mold Press Casting Method,10.4028/www.scientific.net/kem.457.453,SCIENCE AND PROCESSING OF CAST IRON IX,2011,Meeting,0,False
Aisin Seiki,WOS:000287899400012,Hydrogenation Properties of Vanadium-Based Alloys with Large Hydrogen Storage Capacity,10.2320/matertrans.m2010216,MATERIALS TRANSACTIONS,2011,Article,45,False
Aisin Seiki,WOS:000287013800075,Improvement in long-term stability of dye-sensitized solar cell for outdoor use,10.1016/j.solmat.2010.04.019,SOLAR ENERGY MATERIALS AND SOLAR CELLS,2011,Article; Meeting,90,False
Aisin Seiki,WOS:000288109500005,High spectral response heteroleptic ruthenium (II) complexes as sensitizers for dye sensitized solar cells,10.1007/s12039-011-0066-7,JOURNAL OF CHEMICAL SCIENCES,2011,Article,27,True
Aisin Seiki,WOS:000291832600006,Triphenylamine-phthalocyanine based sensitizer for sensitization of nanocrystalline TiO<sub>2</sub> films,10.1016/j.solener.2011.02.027,SOLAR ENERGY,2011,Article,41,True
Aisin Seiki,WOS:000292744500008,Sleep evaluation by a newly developed PVDF sensor non-contact sheet: a comparison with standard polysomnography and wrist actigraphy,10.1111/j.1479-8425.2011.00506.x,SLEEP AND BIOLOGICAL RHYTHMS,2011,Article,14,False
Aisin Seiki,WOS:000292676600028,Polypyridyl Ru(II)-sensitizers with extended π-system enhances the performance of dye sensitized solar cells,10.1016/j.synthmet.2011.03.022,SYNTHETIC METALS,2011,Article,25,True
Aisin Seiki,WOS:000294113500001,Synthesis and photoelectrochemical characterization of a high molar extinction coefficient heteroleptic ruthenium(II) complex,10.1007/s12039-011-0096-1,JOURNAL OF CHEMICAL SCIENCES,2011,Article,21,True
Aisin Seiki,WOS:000294971700004,Phenothiazine conjugated bipyridine as ancillary ligand in Ru(II)-complexes for application in dye sensitized solar cell,10.1016/j.synthmet.2011.04.001,SYNTHETIC METALS,2011,Article,25,True
Aisin Seiki,WOS:000295982900002,Ruthenium(II)-bipyridyl with extended π-system: Improved thermo-stable sensitizer for efficient and long-term durable dye sensitized solar cells,,JOURNAL OF CHEMICAL SCIENCES,2011,Article,16,False
Aisin Seiki,WOS:000297788800010,Nondestructive Evaluation of Rubber Compounds by Terahertz Time-Domain Spectroscopy,10.1007/s10762-011-9832-3,JOURNAL OF INFRARED MILLIMETER AND TERAHERTZ WAVES,2011,Article,20,False
Aisin Seiki,WOS:000464834300136,A Proposal of an Active Indicator for Haptic Figure Recognition,10.1016/j.proeng.2012.07.291,INTERNATIONAL SYMPOSIUM ON ROBOTICS AND INTELLIGENT SENSORS 2012 (IRIS 2012),2012,Meeting,0,False
Aisin Seiki,WOS:000308618001015,TORQUE CONVERTER STRESS ANALYSIS BY TRANSIENT FSI TECHNIQUE,,"PROCEEDINGS OF THE ASME/JSME/KSME JOINT FLUIDS ENGINEERING CONFERENCE 2011, VOL 1, PTS A-D",2012,Meeting,0,False
Aisin Seiki,WOS:000325479800190,EFFECT OF Ag AND Cu CONTENTS ON THE AGE HARDNING BEHAVIOR OF Al-Zn-Mg ALLOYS,,PROCEEDINGS OF THE 13TH INTERNATIONAL CONFERENCE ON ALUMINUM ALLOYS (ICAA13),2012,Meeting,0,False
Aisin Seiki,WOS:000299471700001,Experiments on chaotic vibrations of a post-buckled cantilevered beam connected by a string to an axial spring,10.1177/1077546311408472,JOURNAL OF VIBRATION AND CONTROL,2012,Article,2,False
Aisin Seiki,WOS:000301501900002,Vibration suppression of the rotor system using both a ball balancer and axial control of the repulsive magnetic bearing,10.1177/1077546310379626,JOURNAL OF VIBRATION AND CONTROL,2012,Article,18,False
Aisin Seiki,WOS:000302730000013,A Glucose/O<sub>2</sub> Biofuel Cell Using Recombinant Thermophilic Enzymes,,INTERNATIONAL JOURNAL OF ELECTROCHEMICAL SCIENCE,2012,Article,29,False
Aisin Seiki,WOS:000308218101125,A brain-computer interface based on steady-state visual evoked potential,10.1016/j.neures.2011.07.880,NEUROSCIENCE RESEARCH,2011,Abstract,0,False
Aisin Seiki,WOS:000307364700346,Trial Test of Fully HTS Induction/Synchronous Machine for Next Generation Electric Vehicle,10.1109/tasc.2011.2176094,IEEE TRANSACTIONS ON APPLIED SUPERCONDUCTIVITY,2012,Article; Meeting,66,False
Aisin Seiki,WOS:000310118200016,A BETTER DYNAMIC CLUSTER-BASED STRUCTURE OF WIRELESS SENSOR NETWORK FOR EFFICIENT ROUTING,,INTERNATIONAL JOURNAL OF INNOVATIVE COMPUTING INFORMATION AND CONTROL,2012,Article,3,False
Aisin Seiki,WOS:000310662100009,Recovery and Separation of Rare Earth Elements Using Columns Loaded with DNA-filter Hybrid,10.2116/analsci.28.985,ANALYTICAL SCIENCES,2012,Article,19,True
Aisin Seiki,WOS:000310867800014,Improved Performance of Solid-State Dye-Sensitized Solar Cells with CuI: Structure Control of Porous TiO<sub>2</sub> Films,10.1143/apex.5.112302,APPLIED PHYSICS EXPRESS,2012,Article,11,False
Aisin Seiki,WOS:000310500400006,Vibration Analysis of a Self-Excited Vibration in a Rotor System Caused by a Ball Balancer,10.1115/1.4005141,JOURNAL OF VIBRATION AND ACOUSTICS-TRANSACTIONS OF THE ASME,2012,Article,13,False
Aisin Seiki,WOS:000372859400014,Properties of New TS 1800 MPa Grade Hot Stamping Steel and Application for Bumper Beam,,HOT SHEET METAL FORMING OF HIGH-PERFORMANCE STEEL CHS2 (4TH INTERNATIONAL CONFERENCE),2013,Meeting,9,False
Aisin Seiki,WOS:000312943100028,Evaluation of changes in power wheelchair maneuver induced by a downhill turning prevention control on cross sloped surfaces,10.1002/tee.21823,IEEJ TRANSACTIONS ON ELECTRICAL AND ELECTRONIC ENGINEERING,2012,Letter,5,False
Aisin Seiki,WOS:000316045300005,Abnormal Low Surface Carbon Concentration in Gas Carburized Nb-Bearing Case Hardening Steel after Severe Machining,10.2355/tetsutohagane.99.32,TETSU TO HAGANE-JOURNAL OF THE IRON AND STEEL INSTITUTE OF JAPAN,2013,Article,1,False
Aisin Seiki,WOS:000318895100147,Controllability of HTS Induction/Synchronous Machine for Variable Speed Control,10.1109/tasc.2013.2246756,IEEE TRANSACTIONS ON APPLIED SUPERCONDUCTIVITY,2013,Article,6,False
Aisin Seiki,WOS:000321046700022,Novel ruthenium sensitizer with multiple butadiene equivalent thienyls as conjugation on ancillary ligand for dye-sensitized solar cells,10.1016/j.orgel.2013.04.048,ORGANIC ELECTRONICS,2013,Article,19,True
Aisin Seiki,WOS:000324562100007,Effect of Prior Heat Treatment and Machining Condition on the Surface Carbon Concentration in Gas Carburized Nb-Bearing Case Hardening Steel,10.2355/tetsutohagane.99.564,TETSU TO HAGANE-JOURNAL OF THE IRON AND STEEL INSTITUTE OF JAPAN,2013,Article,3,False
Aisin Seiki,WOS:000328449900017,Broadband THz-wave generation by satisfying the noncollinear phase-matching condition with a reflected signal beam,10.1364/ao.52.008305,APPLIED OPTICS,2013,Article,7,False
Aisin Seiki,WOS:000328006200021,"Effects of amine, amine salt and amide on the behaviour of carbon dioxide absorption into calcium hydroxide suspension to precipitate calcium carbonate",10.1016/s1001-0742(12)60284-8,JOURNAL OF ENVIRONMENTAL SCIENCES,2013,Article,15,False
Aisin Seiki,WOS:000325479800191,EFFECT OF Cu OR Ag ADDITION ON TENSILE DEFORMATION IN Al-Zn-Mg ALLOYS,,PROCEEDINGS OF THE 13TH INTERNATIONAL CONFERENCE ON ALUMINUM ALLOYS (ICAA13),2012,Meeting,0,False
Aisin Seiki,WOS:000326951100002,Mechanism of Abnormal Surface Carbon Content Reduction in Nb-Bearing Case Hardening Steel Gas Carburized after Machining,10.2355/tetsutohagane.99.642,TETSU TO HAGANE-JOURNAL OF THE IRON AND STEEL INSTITUTE OF JAPAN,2013,Article,3,False
Aisin Seiki,WOS:000324782300112,Torque converter transient characteristics prediction using computational fluid dynamics,10.1088/1755-1315/15/4/042020,"26TH IAHR SYMPOSIUM ON HYDRAULIC MACHINERY AND SYSTEMS, PTS 1-7",2013,Meeting,1,False
Aisin Seiki,WOS:000327556200021,"The influence of aliphatic amines, diamines, and amino acids on the polymorph of calcium carbonate precipitated by the introduction of carbon dioxide gas into calcium hydroxide aqueous suspensions",10.1016/j.jcrysgro.2013.10.009,JOURNAL OF CRYSTAL GROWTH,2014,Article,57,False
Aisin Seiki,WOS:000380485300016,Robust control design for ball screw system via descriptor representation and loop shaping,,"2014 PROCEEDINGS OF THE 6TH INTERNATIONAL CONFERENCE ON MODELLING, IDENTIFICATION & CONTROL (ICMIC)",2014,Meeting,1,False
Aisin Seiki,WOS:000378889200351,Achromatic THz wave plate composed of stacked parallel metal plates with a pillar array,,"2014 39TH INTERNATIONAL CONFERENCE ON INFRARED, MILLIMETER, AND TERAHERTZ WAVES (IRMMW-THZ)",2014,Meeting,0,False
Aisin Seiki,WOS:000378889200321,THz time-domain spectroscopy beyond 4 THz using a sub-picosecond Yb-doped fiber laser system,,"2014 39TH INTERNATIONAL CONFERENCE ON INFRARED, MILLIMETER, AND TERAHERTZ WAVES (IRMMW-THZ)",2014,Meeting,0,False
Aisin Seiki,WOS:000348897900162,TEM Observation of precipitate structures in Al-Zn-Mg alloys with additions of Cu/Ag,10.4028/www.scientific.net/msf.794-796.985,ALUMINIUM ALLOYS 2014 - ICAA14,2014,Meeting,3,False
Aisin Seiki,WOS:000348897900079,EFFECT OF THE Zn/Mg RATIO ON MICROSTRUCTURE AND MECHANICAL PROPERTIES IN Al-Zn-Mg ALLOYS,10.4028/www.scientific.net/msf.794-796.479,ALUMINIUM ALLOYS 2014 - ICAA14,2014,Meeting,10,False
Aisin Seiki,WOS:000347334600010,Classification of Four Eye Directions from EEG Signals for Eye-Movement-Based Communication Systems,10.5405/jmbe.1596,JOURNAL OF MEDICAL AND BIOLOGICAL ENGINEERING,2014,Article,28,False
Aisin Seiki,WOS:000329033400040,Achromatic THz wave plate composed of stacked parallel metal plates,10.1364/ol.39.000146,OPTICS LETTERS,2014,Article,40,False
Aisin Seiki,WOS:000328453500027,Nondestructive Analysis of Structure and Components of Tablet Coated with Film by the Usage of Terahertz Time-Domain Reflection Spectroscopy,10.1002/jps.23797,JOURNAL OF PHARMACEUTICAL SCIENCES,2014,Article,15,False
Aisin Seiki,WOS:000329055300012,Sensorless Predictive Peak Current Control for Boost Converter Using Comprehensive Compensation Strategy,10.1109/tie.2013.2274428,IEEE TRANSACTIONS ON INDUSTRIAL ELECTRONICS,2014,Article,43,False
Aisin Seiki,WOS:000330581100033,Robust LQ control for parallel wheeled inverted pendulum,,2013 3RD AUSTRALIAN CONTROL CONFERENCE (AUCC),2013,Meeting,2,False
Aisin Seiki,WOS:000334176100616,Distribution Variation of Carbon Black in Tensile-Tested Rubbers Estimated by Terahertz Time-Domain Spectroscopy,,2013 CONFERENCE ON LASERS AND ELECTRO-OPTICS PACIFIC RIM (CLEO-PR),2013,Meeting,1,False
Aisin Seiki,WOS:000335375900143,Examination of The Alarm System Using Visibility Evaluation of Intersection,,2013 IEEE INTERNATIONAL CONFERENCE ON MECHATRONICS AND AUTOMATION (ICMA),2013,Meeting,0,False
Aisin Seiki,WOS:000336486600010,Simple and effective preparation of nano-pulverized curcumin by femtosecond laser ablation and the cytotoxic effect on C6 rat glioma cells <i>in vitro</i>,10.1016/j.ijpharm.2014.04.013,INTERNATIONAL JOURNAL OF PHARMACEUTICS,2014,Article,26,False
Aisin Seiki,WOS:000339012200007,Generation and Detection of THz Pulses With a Bandwidth Extending Beyond 4 THz Using a Subpicosecond Yb-Doped Fiber Laser System,10.1109/tthz.2014.2327377,IEEE TRANSACTIONS ON TERAHERTZ SCIENCE AND TECHNOLOGY,2014,Article,22,False
Aisin Seiki,WOS:000340429600053,Viscous and damping properties of magnetic compound fluids containing alpha-cellulose,10.3233/jae-141857,INTERNATIONAL JOURNAL OF APPLIED ELECTROMAGNETICS AND MECHANICS,2014,Article; Meeting,1,False
Aisin Seiki,WOS:000343800700036,Synthesis and Characterization of Donor-π-Acceptor-Based Porphyrin Sensitizers: Potential Application of Dye-Sensitized Solar Cells,10.1002/chem.201403660,CHEMISTRY-A EUROPEAN JOURNAL,2014,Article,24,False
Aisin Seiki,WOS:000209928600176,The invasion activity after radiation treatment is suppressed by RGD peptide conjugated gold nanoparticles in breast cancer cells,,MOLECULAR BIOLOGY OF THE CELL,2015,Abstract,0,False
Aisin Seiki,WOS:000359568400064,Application of biogenic iron phosphate for lithiumion batteries,10.1039/c5ra11090d,RSC ADVANCES,2015,Article,4,False
Aisin Seiki,WOS:000347515300085,Recovery and Separation of Rare Earth Elements Using Salmon Milt,10.1371/journal.pone.0114858,PLOS ONE,2014,Article,35,True
Aisin Seiki,WOS:000350872700078,Achromatic wave plate in THz frequency region based on parallel metal plate waveguides with a pillar array,10.1364/oe.23.004641,OPTICS EXPRESS,2015,Article,14,False
Aisin Seiki,WOS:000348383200046,Gear noise prediction in automotive transmissions,,INTERNATIONAL GEAR CONFERENCE 2014,2014,Meeting,8,False
Aisin Seiki,WOS:000348554500023,Mechanism of Abnormal Surface Carbon Content Reduction in Nb-bearing Case Hardening Steel Gas Carburized after Machining,10.2355/isijinternational.55.227,ISIJ INTERNATIONAL,2015,Article,5,False
Aisin Seiki,WOS:000349110600131,Topology optimization of an electromagnetic cloak using a ferrite material,,2014 8TH INTERNATIONAL CONGRESS ON ADVANCED ELECTROMAGNETIC MATERIALS IN MICROWAVES AND OPTICS (METAMATERIALS),2014,Meeting,0,False
Aisin Seiki,WOS:000349392800013,Tremendous Enhancement of Torque Density in HTS Induction/Synchronous Machine for Transportation Equipments,10.1109/tasc.2014.2382337,IEEE TRANSACTIONS ON APPLIED SUPERCONDUCTIVITY,2015,Article,32,False
Aisin Seiki,WOS:000349395800015,Structural optimization methods and techniques to design light and efficient automatic transmission of vehicles with low radiated noise,10.1007/s00158-014-1143-6,STRUCTURAL AND MULTIDISCIPLINARY OPTIMIZATION,2014,Article,23,False
Aisin Seiki,WOS:000349884800036,A NEW ONE DIMENSIONAL MODELING METHOD FOR COMPLEX OIL PASSAGE COUPLED WITH CFD RESULTS,,"PROCEEDINGS OF THE ASME/BATH SYMPOSIUM ON FLUID POWER AND MOTION CONTROL, 2014",2014,Meeting,0,False
Aisin Seiki,WOS:000353934100024,"Electrochemical Activation of a Novel Laccase, MELAC, Isolated from Compost",10.1246/cl.150057,CHEMISTRY LETTERS,2015,Article,3,True
Aisin Seiki,WOS:000354618000020,Holographic laser sweeper for in-process debris removal,10.1007/s00340-015-6011-6,APPLIED PHYSICS B-LASERS AND OPTICS,2015,Article; Meeting,16,False
Aisin Seiki,WOS:000356523600028,Optimal Servo Design for Lock-Up Slip Control for Torque Converter-Nonlinear Output Regulation Approach,10.1109/tcst.2014.2366077,IEEE TRANSACTIONS ON CONTROL SYSTEMS TECHNOLOGY,2015,Article,16,False
Aisin Seiki,WOS:000358994000321,Sliding characteristics in hot working tool steel at high pressure,10.1016/j.proeng.2014.10.267,"11TH INTERNATIONAL CONFERENCE ON TECHNOLOGY OF PLASTICITY, ICTP 2014",2014,Meeting,0,False
Aisin Seiki,WOS:000358626600004,Effect of sensitization on corrosion fatigue behavior of type 304 stainless steel annealed in nitrogen gas,10.1016/j.msea.2015.05.080,MATERIALS SCIENCE AND ENGINEERING A-STRUCTURAL MATERIALS PROPERTIES MICROSTRUCTURE AND PROCESSING,2015,Article,10,False
Aisin Seiki,WOS:000359955000073,TEM OBSERVATION OF PRECIPITATE STRUCTURES IN Al-Zn-Mg ALLOYS WITH ADDITIONS OF Cu/Ag,10.1515/amm-2015-0244,ARCHIVES OF METALLURGY AND MATERIALS,2015,Article,6,False
Aisin Seiki,WOS:000366311900021,An acoustic metasurface design for wave motion conversion of longitudinal waves to transverse waves using topology optimization,10.1063/1.4936997,APPLIED PHYSICS LETTERS,2015,Article,67,False
Aisin Seiki,WOS:000364422400012,Scalable Hardware Winner-Take-All Neural Network with DPLL,10.1587/transinf.2014edp7371,IEICE TRANSACTIONS ON INFORMATION AND SYSTEMS,2015,Article,0,False
Aisin Seiki,WOS:000562444500206,Fundamental study of subharmonic vibration of order 1/2 in automatic transmissions for cars,10.1088/1742-6596/744/1/012206,13TH INTERNATIONAL CONFERENCE ON MOTION AND VIBRATION CONTROL (MOVIC 2016) AND THE 12TH INTERNATIONAL CONFERENCE ON RECENT ADVANCES IN STRUCTURAL DYNAMICS (RASD 2016),2016,Meeting,0,False
Aisin Seiki,WOS:000562444500208,Optimal Design of Spring Characteristics of Damper for Subharmonic Vibration in Automatic Transmission Powertrain,10.1088/1742-6596/744/1/012208,13TH INTERNATIONAL CONFERENCE ON MOTION AND VIBRATION CONTROL (MOVIC 2016) AND THE 12TH INTERNATIONAL CONFERENCE ON RECENT ADVANCES IN STRUCTURAL DYNAMICS (RASD 2016),2016,Meeting,0,False
Aisin Seiki,WOS:000376076800014,Structural optimization methods of nonlinear static analysis with contact and its application to design lightweight gear box of automatic transmission of vehicles,10.1007/s00158-015-1369-y,STRUCTURAL AND MULTIDISCIPLINARY OPTIMIZATION,2016,Article,12,False
Aisin Seiki,WOS:000378857500024,Numerical Investigation of the Effect of Capsule Half-Cone Angle on a Supersonic Parachute System,10.1061/(asce)as.1943-5525.0000606,JOURNAL OF AEROSPACE ENGINEERING,2016,Article,8,False
Aisin Seiki,WOS:000379405000008,Virtual interferogram-generation algorithm for phase measurement using two interferograms,10.1117/12.2212015,PRACTICAL HOLOGRAPHY XXX: MATERIALS AND APPLICATIONS,2016,Meeting,0,False
Aisin Seiki,WOS:000380392500145,IMPROVEMENT OF MEASUREMENT-SPEED BY VIRTUAL OPTICAL-SYSTEM FOR CONFOCAL LASER SCANNING MICROSCOPE,,2015 20TH MICROOPTICS CONFERENCE (MOC),2015,Meeting,0,False
Aisin Seiki,WOS:000380392500144,EXPANSION METHOD FOR DEPTH MEASUREMENT RANGE BASED ON NUMBER THEORY USING TWO WAVELENGTH LIGHT SOURCES,,2015 20TH MICROOPTICS CONFERENCE (MOC),2015,Meeting,0,False
Aisin Seiki,WOS:000380392500070,VIRTUAL INTERFEROGRAM-GENERATION ALGORITHM FOR PHASE-SHIFTING DIGITAL HOLOGRAPHY,,2015 20TH MICROOPTICS CONFERENCE (MOC),2015,Meeting,0,False
Aisin Seiki,WOS:000380565800015,Ontology-based Decision Making on Uncontrolled Intersections and Narrow Roads,,2015 IEEE INTELLIGENT VEHICLES SYMPOSIUM (IV),2015,Meeting,30,False
Aisin Seiki,WOS:000380413500033,CALCULATION MODEL FOR INTERNAL GEAR SKIVING WITH A PINION-TYPE CUTTER HAVING PITCH DEVIATION AND A RUN-OUT,,"INTERNATIONAL DESIGN ENGINEERING TECHNICAL CONFERENCES AND COMPUTERS AND INFORMATION IN ENGINEERING CONFERENCE, 2015, VOL 10",2016,Meeting,0,False
Aisin Seiki,WOS:000380765100003,Temperature dependence of the stacking fault energy of glide set-dissociated dislocations in Si,10.1080/09500839.2016.1198052,PHILOSOPHICAL MAGAZINE LETTERS,2016,Article,1,False
Aisin Seiki,WOS:000381104400014,Shape and topology optimization based on the convected level set method,10.1007/s00158-016-1444-z,STRUCTURAL AND MULTIDISCIPLINARY OPTIMIZATION,2016,Article,36,False
Aisin Seiki,WOS:000380819100022,Digital confocal microscopy using a virtual 4<i>f</i>-system based on numerical beam propagation for depth measurement without mechanical scanning,10.7567/jjap.55.08re04,JAPANESE JOURNAL OF APPLIED PHYSICS,2016,Article,1,False
Aisin Seiki,WOS:000381238900008,Behavior of thermo-sensitive gel in polymer solution,10.1016/j.icheatmasstransfer.2016.05.002,INTERNATIONAL COMMUNICATIONS IN HEAT AND MASS TRANSFER,2016,Article,1,False
Aisin Seiki,WOS:000382710900010,Dissolution of Water-insoluble Curcumin by Femtosecond-laser Ablation in the Presence of Cyclodextrins and Its Cytotoxic Bioactivity against Lung Cancer Cells,10.1246/cl.160509,CHEMISTRY LETTERS,2016,Article,1,False
Aisin Seiki,WOS:000382954100110,Audio-visual speech recognition using deep bottleneck features and high-performance lipreading,,2015 ASIA-PACIFIC SIGNAL AND INFORMATION PROCESSING ASSOCIATION ANNUAL SUMMIT AND CONFERENCE (APSIPA),2015,Meeting,33,False
Aisin Seiki,WOS:000385177200007,An efficient perovskite solar cell with symmetrical Zn(II) phthalocyanine infiltrated buffering porous Al<sub>2</sub>O<sub>3</sub> as the hybrid interfacial hole-transporting layer,10.1039/c6cp03396b,PHYSICAL CHEMISTRY CHEMICAL PHYSICS,2016,Article,37,True
Aisin Seiki,WOS:000385350000009,Nondestructive thickness measurement system for multiple layers of paint based on femtosecond fiber laser technologies,10.1007/s10762-016-0303-8,JOURNAL OF INFRARED MILLIMETER AND TERAHERTZ WAVES,2016,Article,4,False
Aisin Seiki,WOS:000386652200001,Formation of Through Holes in Glass Substrates by Laser-Assisted Etching,10.2961/jlmn.2016.02.0001,JOURNAL OF LASER MICRO NANOENGINEERING,2016,Article,7,False
Aisin Seiki,WOS:000388743500004,Investigation of DNN-Based Audio-Visual Speech Recognition,10.1587/transinf.2016slp0019,IEICE TRANSACTIONS ON INFORMATION AND SYSTEMS,2016,Article,2,False
Aisin Seiki,WOS:000903671600001,Application of magnetic arrangement of microbeads for CMOS biosensor array sensitivity,,2017 IEEE BIOMEDICAL CIRCUITS AND SYSTEMS CONFERENCE (BIOCAS),2017,Meeting,0,False
Aisin Seiki,WOS:000389866300004,Amphiphilic Polymer Mediators Promoting Electron Transfer on Bioanodes with PQQ-Dependent Glucose Dehydrogenase,10.1021/acs.langmuir.6b03145,LANGMUIR,2016,Article,6,True
Aisin Seiki,WOS:000390215900430,Quantitative characterization of color vision using steady state visual evoked potentials,,PERCEPTION,2016,Abstract,0,False
Aisin Seiki,WOS:000390744800008,Cavitation simulation of automotive torque converter using a homogeneous cavitation model,10.1016/j.euromechflu.2016.09.001,EUROPEAN JOURNAL OF MECHANICS B-FLUIDS,2017,Article,38,False
Aisin Seiki,WOS:000390845600030,Fast Decision Making using Ontology-based Knowledge Base,,2016 IEEE INTELLIGENT VEHICLES SYMPOSIUM (IV),2016,Meeting,21,False
Aisin Seiki,WOS:000390842100076,Modeling of Common-mode Noise Generated by Motor Control Unit on Vehicle,,2016 ASIA-PACIFIC INTERNATIONAL SYMPOSIUM ON ELECTROMAGNETIC COMPATIBILITY (APEMC),2016,Meeting,1,False
Aisin Seiki,WOS:000392235600010,Effect of Coating Thickness on the Molten Metal Filling Rate of Cast Iron in the Evaporative Pattern Casting Process,10.1007/s40962-016-0108-5,INTERNATIONAL JOURNAL OF METALCASTING,2017,Article,5,False
Aisin Seiki,WOS:000397029400008,Micron/Submicron Hybrid Topography of Titanium Surfaces Influences Adhesion and Differentiation Behaviors of the Mesenchymal Stem Cells,10.1166/jbn.2017.2335,JOURNAL OF BIOMEDICAL NANOTECHNOLOGY,2017,Article,27,False
Aisin Seiki,WOS:000387655803718,Gold Nanoparticles With RGD Peptide in Radiation Therapy Suppress the Invasion Activity of Breast Cancer Cells,10.1016/j.ijrobp.2016.06.2065,INTERNATIONAL JOURNAL OF RADIATION ONCOLOGY BIOLOGY PHYSICS,2016,Abstract,5,False
Aisin Seiki,WOS:000398362700005,Molecularly Engineered Phthalocyanines as Hole-Transporting Materials in Perovskite Solar Cells Reaching Power Conversion Efficiency of 17.5%,10.1002/aenm.201601733,ADVANCED ENERGY MATERIALS,2017,Article,102,False
Aisin Seiki,WOS:000395507800007,Cutting Tool Parameters of Cylindrical Skiving Cutter With Sharpening Angle for Internal Gears,10.1115/1.4035432,JOURNAL OF MECHANICAL DESIGN,2017,Article,39,False
Aisin Seiki,WOS:000398114200012,Topology optimization of hyperbolic metamaterials for an optical hyperlens,10.1007/s00158-016-1543-x,STRUCTURAL AND MULTIDISCIPLINARY OPTIMIZATION,2017,Article,30,False
Aisin Seiki,WOS:000397615800001,Experimental and Analytical Studies on Highly Efficient Regenerative Characteristics of a 20-kW Class HTS Induction/Synchronous Motor,10.1109/tasc.2017.2671682,IEEE TRANSACTIONS ON APPLIED SUPERCONDUCTIVITY,2017,Article,10,False
Aisin Seiki,WOS:000398270500001,Control of interfacial charge-transfer interaction of dye and p-CuI in solid-state dye-sensitized solar cells,10.7567/apex.10.042301,APPLIED PHYSICS EXPRESS,2017,Article,5,False
Aisin Seiki,WOS:000398840400016,Highly Parallel Computation of Generalized Eigenvalue Problem in Vibration for Automatic Transmission of Vehicles Using the Sakurai-Sugiura Method and Supercomputers,10.1007/978-981-10-2633-1_16,MATHEMATICAL ANALYSIS OF CONTINUUM MECHANICS AND INDUSTRIAL APPLICATIONS,2017,Meeting,3,False
Aisin Seiki,WOS:000398854500001,Hysteretic Rotating Characteristics of an HTS Induction/Synchronous Motor,10.1109/tasc.2017.2671739,IEEE TRANSACTIONS ON APPLIED SUPERCONDUCTIVITY,2017,Article,11,False
Aisin Seiki,WOS:000400503400008,Growth Process of <i>ω</i>-precipitates in a Ti-20 mass% Mo Alloy,10.2320/jinstmet.j2016049,JOURNAL OF THE JAPAN INSTITUTE OF METALS AND MATERIALS,2017,Article,0,False
Aisin Seiki,WOS:000406355700005,Defect Chemistry and Electrical Conductivity of Sm-Doped La<sub>1-x</sub>Sr<sub>x</sub>CoO<sub>3-δ</sub> for Solid Oxide Fuel Cells,10.1021/acs.jpcc.7b02608,JOURNAL OF PHYSICAL CHEMISTRY C,2017,Article,13,False
Aisin Seiki,WOS:000404126100049,Towards overcoming the Monte Carlo sign problem with tensor networks,10.1051/epjconf/201713704001,XIITH QUARK CONFINEMENT AND THE HADRON SPECTRUM,2017,Meeting,22,False
Aisin Seiki,WOS:000408695500001,Carbonization of Silicon Nanoparticles via Ablation Induced by Femtosecond Laser Pulses in Hexane,10.1007/s13369-017-2619-7,ARABIAN JOURNAL FOR SCIENCE AND ENGINEERING,2017,Article,17,False
Aisin Seiki,WOS:000417293500013,Basic Study on Calculation of Cutting Forces Useful for Reducing Vibration in Skiving,10.1115/1.4037625,JOURNAL OF MECHANICAL DESIGN,2017,Article,14,False
Aisin Seiki,WOS:000511407100006,Telewheelchair: the Remote Controllable Electric Wheelchair System combined Human and Machine Intelligence,10.1145/3174910.3174914,AUGMENTED HUMAN 2018: PROCEEDINGS OF THE 9TH AUGMENTED HUMAN INTERNATIONAL CONFERENCE,2018,Meeting,14,False
Aisin Seiki,WOS:000542969300014,Characterization of a High Speed 24 kW Class Squirrel-cage Induction Motor for Electric Vehicles,,2018 XIII INTERNATIONAL CONFERENCE ON ELECTRICAL MACHINES (ICEM),2018,Meeting,0,False
Aisin Seiki,WOS:000554532000101,Practical examples of sheet metal forming simulations using the subroutine library 'UMMDp',10.1088/1742-6596/1063/1/012102,NUMISHEET 2018: 11TH INTERNATIONAL CONFERENCE AND WORKSHOP ON NUMERICAL SIMULATION OF 3D SHEET METAL FORMING PROCESSES,2018,Meeting,2,False
Aisin Seiki,WOS:000424192900019,Complete Fabrication of a Traversable 3 μm Thick NbN Film Superconducting Coil with Cu plated layer of 42m in Length in a Spiral Three-Storied Trench Engraved in a Si Wafer of 76.2 mm in Diameter Formed by MEMS Technology for a Compact SMES with High Energy Storage Volume Density,10.1088/1742-6596/897/1/012019,1ST ASIAN ICMC & CSSJ 50TH ANNIVERSARY CONFERENCE,2017,Meeting,10,False
Aisin Seiki,WOS:000418294200056,Atomic scale HAADF-STEM study of η′ and η<sub>1</sub> phases in peak-aged Al-Zn-Mg alloys,10.1007/s10853-017-1873-0,JOURNAL OF MATERIALS SCIENCE,2018,Article,87,False
Aisin Seiki,WOS:000425283600019,Effect of dC → d(m<SUP>5</SUP>C) substitutions on the folding of intramolecular triplexes with mixed TAT and C<SUP>+</SUP>GC base triplets,10.1016/j.biochi.2017.12.008,BIOCHIMIE,2018,Article,8,False
Aisin Seiki,WOS:000426994600127,A Human Machine Interface Framework for Autonomous Vehicle Control,,2017 IEEE 6TH GLOBAL CONFERENCE ON CONSUMER ELECTRONICS (GCCE),2017,Meeting,5,False
Aisin Seiki,WOS:000426968702121,Convolutional Neural Networks with Multi-valued Neurons,,2017 INTERNATIONAL JOINT CONFERENCE ON NEURAL NETWORKS (IJCNN),2017,Meeting,7,False
Aisin Seiki,WOS:000442932800281,Quantitative evaluation of glare perception using steady state visual evoked potentials,,INVESTIGATIVE OPHTHALMOLOGY & VISUAL SCIENCE,2018,Abstract,0,False
Aisin Seiki,WOS:000439259800209,A Study on Characteristics of 10 MHz to 30 MHz in CISPR 25 ALSF Method CISPR 25 Annex J Reference Data Verification of Long-wire Method,,2018 JOINT IEEE INTERNATIONAL SYMPOSIUM ON ELECTROMAGNETIC COMPATIBILITY AND 2018 IEEE ASIA-PACIFIC SYMPOSIUM ON ELECTROMAGNETIC COMPATIBILITY (EMC/APEMC),2018,Meeting,6,False
Aisin Seiki,WOS:000440716400015,Telewheelchair: A Demonstration of the Intelligent Electric Wheelchair System towards Human-Machine,10.1145/3132818.3132834,SA'17: SIGGRAPH ASIA 2017 EMERGING TECHNOLOGIES,2017,Meeting,8,False
Aisin Seiki,WOS:000444009500036,Development and <i>In Vivo </i>Performance Evaluation of 10-60-MHz Band Impulse-Radio-Based Transceiver for Deep Implantation Having 10 Mb/s,10.1109/tmtt.2018.2854165,IEEE TRANSACTIONS ON MICROWAVE THEORY AND TECHNIQUES,2018,Article,11,False
Aisin Seiki,WOS:000448177600017,Adhesion and differentiation behaviors of mesenchymal stem cells on titanium with micrometer and nanometer-scale grid patterns produced by femtosecond laser irradiation,10.1002/jbm.a.36503,JOURNAL OF BIOMEDICAL MATERIALS RESEARCH PART A,2018,Article,48,False
Aisin Seiki,WOS:000451738200013,Improved conversion efficiency of 10% for solid-state dye-sensitized solar cells utilizing P-type semiconducting CuI and multi-dye consisting of novel porphyrin dimer and organic dyes,10.1039/c8ta06418k,JOURNAL OF MATERIALS CHEMISTRY A,2018,Article,22,True
Aisin Seiki,WOS:000861752800120,Influence of Antenna Cabling on Measurement Results below 30 MHz in CISPR 25 Ed. 4 Annex J,10.1109/emceurope.2019.8871962,2019 INTERNATIONAL SYMPOSIUM ON ELECTROMAGNETIC COMPATIBILITY (EMC EUROPE 2019),2019,Meeting,0,False
Aisin Seiki,WOS:000461368600234,Evaluation of Position Estimation of a Human Body around a Vehicle,,2018 INTERNATIONAL SYMPOSIUM ON ANTENNAS AND PROPAGATION (ISAP),2018,Meeting,0,False
Aisin Seiki,WOS:000464974200030,"Crystallization temperature, vapor pressure, density and viscosity of lithium bromide plus lithium iodide plus ethylene glycol plus water system for absorption refrigerators for automotive use",10.1016/j.ijrefrig.2019.02.016,INTERNATIONAL JOURNAL OF REFRIGERATION,2019,Article,13,False
Aisin Seiki,WOS:000466813900007,Effect of spraying of fine water particles on facial skin moisture and viscoelasticity in adult women,10.1111/srt.12648,SKIN RESEARCH AND TECHNOLOGY,2019,Article,13,False
Aisin Seiki,WOS:000462767000040,Brass bonding using copper nanoparticles and zinc powder for packaging of power electronic devices,10.1016/j.jallcom.2019.02.249,JOURNAL OF ALLOYS AND COMPOUNDS,2019,Article,5,True
Aisin Seiki,WOS:000474327300004,High-performance enzymatic biofuel cell based on flexible carbon cloth modified with MgO-templated porous carbon,10.1016/j.jpowsour.2019.04.064,JOURNAL OF POWER SOURCES,2019,Article,61,False
Aisin Seiki,WOS:000474770300054,Migration to Software Product Line Development of Automotive Body Parts by Architectural Refinement with Feature Analysis,10.1109/apsec.2018.00067,2018 25TH ASIA-PACIFIC SOFTWARE ENGINEERING CONFERENCE (APSEC 2018),2018,Meeting,8,False
Aisin Seiki,WOS:000478913400025,The detection of drowsiness using a driver monitoring system,10.1080/15389588.2019.1622005,TRAFFIC INJURY PREVENTION,2019,Article; Meeting,30,False
Aisin Seiki,WOS:000481564100009,Impact Property of Case Hardening Steel Subjected to Combined Heat Treatment with Excess Vacuum Carburizing and Subsequent Induction Hardening,10.2355/tetsutohagane.tetsu-2018-166,TETSU TO HAGANE-JOURNAL OF THE IRON AND STEEL INSTITUTE OF JAPAN,2019,Article,5,False
Aisin Seiki,WOS:000489753200029,Anomaly detection of solder joint on print circuit board by using Adversarial Autoencoder,10.1117/12.2521762,FOURTEENTH INTERNATIONAL CONFERENCE ON QUALITY CONTROL BY ARTIFICIAL VISION,2019,Meeting,2,False
Aisin Seiki,WOS:000525366100034,Feature Oriented Refinement from Requirements to System Decomposition: Quantitative and Accountable Approach,10.1145/3336294.3336314,"SPLC'19: PROCEEDINGS OF THE 23RD INTERNATIONAL SYSTEMS AND SOFTWARE PRODUCT LINE CONFERENCE, VOL A",2020,Meeting,1,False
Aisin Seiki,WOS:000520543703063,Comparison of Different Capacitor Tuning Criteria in Air-Cored Resonant Induction Machines,10.1109/ecce.2019.8913143,2019 IEEE ENERGY CONVERSION CONGRESS AND EXPOSITION (ECCE),2019,Meeting,12,False
Aisin Seiki,WOS:000528909200006,Detection of car abnormal vibration using machine learning,10.1109/ism46123.2019.00015,2019 IEEE INTERNATIONAL SYMPOSIUM ON MULTIMEDIA (ISM 2019),2019,Meeting,2,False
Aisin Seiki,WOS:000540875900002,Friction Property under Lubrication for Case Hardening Steel Subjected to Combined Thermomechanical Treatment with Excess Vacuum Carburizing and Subsequent Severe Plastic Deformation and Induction Hardening,10.2355/tetsutohagane.tetsu-2019-082,TETSU TO HAGANE-JOURNAL OF THE IRON AND STEEL INSTITUTE OF JAPAN,2020,Article,2,False
Aisin Seiki,WOS:000560282603016,Investigation of flattened torque converter performance at low speed ratio,10.1088/1755-1315/240/9/092007,29TH IAHR SYMPOSIUM ON HYDRAULIC MACHINERY AND SYSTEMS,2019,Meeting,2,False
Aisin Seiki,WOS:000554528301139,A brain-based luminance contrast sensitivity test for screening scotopic sensitivity syndrome,,INVESTIGATIVE OPHTHALMOLOGY & VISUAL SCIENCE,2020,Abstract,0,False
Aisin Seiki,WOS:000572832600052,Arranging Diamagnetic Particles in a Modulated Magnetic Field Originating in Microelectromechanical Systems Compatible with an Integrated Circuit upon Halbach Array Magnet,10.1021/acsomega.0c02933,ACS OMEGA,2020,Article,3,True
Aisin Seiki,WOS:000569381600052,GAS DETECTION BY NEAR-INFRARED SPECTROSCOPY BASED ON A SURFACE PLASMON RESONANCE PHOTODETECTOR,10.1109/mems46641.2020.9056266,2020 33RD IEEE INTERNATIONAL CONFERENCE ON MICRO ELECTRO MECHANICAL SYSTEMS (MEMS 2020),2020,Meeting,1,False
Aisin Seiki,WOS:000575861600010,Effect of Formic Acid on Corrosion Behavior of STBA24 Low-Alloyed Steel and Its Weldment in Simulated Boiler Water Containing Chloride Ions,10.2320/matertrans.mt-m2020129,MATERIALS TRANSACTIONS,2020,Article,1,False
Aisin Seiki,WOS:000576663400050,Raindrop Removal in a Vehicle Camera Video Considering the Temporal Consistency for Driving Support,10.5220/0009106504290436,"VISAPP: PROCEEDINGS OF THE 15TH INTERNATIONAL JOINT CONFERENCE ON COMPUTER VISION, IMAGING AND COMPUTER GRAPHICS THEORY AND APPLICATIONS, VOL 4: VISAPP",2020,Meeting,0,False
Aisin Seiki,WOS:000586868400057,Earth-Abundant Fe-Al-Si Thermoelectric (FAST) Materials: from Fundamental Materials Research to Module Development,10.1021/acsami.0c15063,ACS APPLIED MATERIALS & INTERFACES,2020,Article,20,False
Aisin Seiki,WOS:000582373000013,Adversarial autoencoder for detecting anomalies in soldered joints on printed circuit boards,10.1117/1.jei.29.4.041013,JOURNAL OF ELECTRONIC IMAGING,2020,Article; Meeting,18,False
Aisin Seiki,WOS:000612152100079,Development of Artificial Intelligence to Classify Quality of Transmission Shift Control Using Deep Convolutional Neural Networks,10.1109/tvt.2020.3032191,IEEE TRANSACTIONS ON VEHICULAR TECHNOLOGY,2020,Article,6,False
Aisin Seiki,WOS:000593996500034,Crack Propagation Behavior of Impact Fracture in Case Hardening Steel Subjected to Combined Heat Treatment with Excess Vacuum Carburizing and Subsequent Induction Hardening,10.2355/isijinternational.isijint-2019-826,ISIJ INTERNATIONAL,2020,Article,7,False
Aisin Seiki,WOS:000767230600078,Hybrid Resonant Induction Machine for High-Speed Applications,10.1109/iecon48115.2021.9589125,IECON 2021 - 47TH ANNUAL CONFERENCE OF THE IEEE INDUSTRIAL ELECTRONICS SOCIETY,2021,Meeting,1,False
Aisin Seiki,WOS:000616006700001,Calcium-free double-layered cuprate superconductors with critical temperature above 100 K,10.1038/s43246-020-00116-9,COMMUNICATIONS MATERIALS,2021,Article,6,True
Aisin Seiki,WOS:000613139300085,Practitioners' insights on machine-learning software engineering design patterns: a preliminary study,10.1109/icsme46990.2020.00095,2020 IEEE INTERNATIONAL CONFERENCE ON SOFTWARE MAINTENANCE AND EVOLUTION (ICSME 2020),2020,Meeting,8,False
Aisin Seiki,WOS:000632658800003,The Challenge of Controlling a Small Mars Exploration Plane,10.1117/12.2551042,ELECTROACTIVE POLYMER ACTUATORS AND DEVICES (EAPAD) XXII,2020,Meeting,4,False
Aisin Seiki,WOS:000635599300006,Local reaction fields on a CMOS sensor array utilizing a magneto-Archimedes levitation-based magnetic particle-arrangement method,10.1016/j.sna.2021.112655,SENSORS AND ACTUATORS A-PHYSICAL,2021,Article,2,True
Aisin Seiki,WOS:000645593602018,Design and Analysis of a High Saliency Transverse Flux Machine with a Novel Rotor Structure for Traction Applications,,2020 IEEE ENERGY CONVERSION CONGRESS AND EXPOSITION (ECCE),2020,Meeting,7,False
Aisin Seiki,WOS:000645593606104,Optimum PWM Switching Mode Selection of Dual Inverter-fed Open Winding IPMSM Drive System for High-power Premium Class EV,,2020 IEEE ENERGY CONVERSION CONGRESS AND EXPOSITION (ECCE),2020,Meeting,9,False
Aisin Seiki,WOS:000645593606029,Winding Inductance Estimations in Air-Cored Resonant Induction Machines,,2020 IEEE ENERGY CONVERSION CONGRESS AND EXPOSITION (ECCE),2020,Meeting,6,False
Aisin Seiki,WOS:000653124200153,Identifying High-Risk Older Drivers by Head-Movement Monitoring Using a Commercial Driver Monitoring Camera,,2020 IEEE INTELLIGENT VEHICLES SYMPOSIUM (IV),2020,Meeting,5,False
Aisin Seiki,WOS:000653124200300,On-the-fly Extrinsic Calibration of Non-Overlapping in-Vehicle Cameras based on Visual SLAM under 90-degree Backing-up Parking,10.1109/iv47402.2020.9304530,2020 IEEE INTELLIGENT VEHICLES SYMPOSIUM (IV),2020,Meeting,3,False
Aisin Seiki,WOS:000678188700001,Echo State Network Based Model Predictive Control for Active Vibration Control of Hybrid Electric Vehicle Powertrains,10.3390/app11146621,APPLIED SCIENCES-BASEL,2021,Article,8,False
Aisin Seiki,WOS:000641958700001,2-DOF Spherical Parallel Mechanism Capable of Biaxial Swing Motion with Active Arc Sliders,10.1109/lra.2021.3064187,IEEE ROBOTICS AND AUTOMATION LETTERS,2021,Article,9,False
Aisin Seiki,WOS:000673633200033,Air-Cored Resonant Induction Machines: Comparison of Capacitor Tuning Criteria and Experimental Validation,10.1109/tia.2021.3075646,IEEE TRANSACTIONS ON INDUSTRY APPLICATIONS,2021,Article; Meeting,8,False
Aisin Seiki,WOS:000678409202025,Removing Raindrops from a Single Image using Synthetic Data,10.1109/icpr48806.2021.9412888,2020 25TH INTERNATIONAL CONFERENCE ON PATTERN RECOGNITION (ICPR),2021,Meeting,2,False
Aisin Seiki,WOS:000696146300001,Dual-frequency ultrasonic cleaning with diluted phosphoric acid solution for removing oxide scale of uncoated steel sheets in hot stamping,10.1007/s00170-021-08015-0,INTERNATIONAL JOURNAL OF ADVANCED MANUFACTURING TECHNOLOGY,2022,Article,6,False
Aisin Seiki,WOS:000695318700036,Challenge of creating high performance dielectric elastomers,10.1117/12.2581255,ELECTROACTIVE POLYMER ACTUATORS AND DEVICES (EAPAD) XXIII,2021,Meeting,0,False
Aisin Seiki,WOS:000777865700001,Comparison of Different Winding Configurations for Dual Three-Phase Interior PM Machines in Electric Vehicles,10.3390/wevj13030051,WORLD ELECTRIC VEHICLE JOURNAL,2022,Article,16,False
Aisin Seiki,WOS:000805434404042,Design Optimization Procedure of Air-Cored Resonant Induction Machines,10.1109/ecce47101.2021.9595712,2021 IEEE ENERGY CONVERSION CONGRESS AND EXPOSITION (ECCE),2021,Meeting,4,False
Aisin Seiki,WOS:001157513600006,Relationship between sweat lactate secretion rate and blood lactate concentration during exercise near the lactate threshold,10.23736/s0393-3660.22.04780-5,GAZZETTA MEDICA ITALIANA ARCHIVIO PER LE SCIENZE MEDICHE,2022,Article,2,False
Aisin Seiki,WOS:001423025300042,Prototyping Mobile Lifestyle,10.1145/3581961.3609825,"15TH INTERNATIONAL ACM CONFERENCE ON AUTOMOTIVE USER INTERFACES AND INTERACTIVE VEHICULAR APPLICATIONS, AUTOMOTIVEUI 2023",2023,Meeting,1,False
Aisin Seiki,WOS:001694989500036,Resonant and Hybrid Resonant Induction Machine Performance Comparison for High-Speed Applications,10.1109/iecon51785.2023.10312211,49TH ANNUAL CONFERENCE OF THE IEEE INDUSTRIAL ELECTRONICS SOCIETY (IECON 2023),2023,Meeting,0,False
Aisin Seiki,WOS:000953577700001,Sequence Analysis of Monitored Drowsy Driving,10.1177/03611981231157401,TRANSPORTATION RESEARCH RECORD,2023,Article,5,False
Aisin Seiki,WOS:000975608000007,Correlation between Vickers Hardness and Electromagnetic Properties of Automotive Die-Quenched Steel under Various Die Temperatures,10.2320/jinstmet.jbw202204],JOURNAL OF THE JAPAN INSTITUTE OF METALS AND MATERIALS,2023,Article,1,False
Aisin Seiki,WOS:000991735700001,S3NN: Time step reduction of spiking surrogate gradients for training energy efficient single-step spiking neural networks,10.1016/j.neunet.2022.12.008,NEURAL NETWORKS,2023,Article,23,False
Aisin Seiki,WOS:001000514800015,Multi-sensor driver monitoring for drowsiness prediction,10.1080/15389588.2023.2164839,TRAFFIC INJURY PREVENTION,2023,Article,14,False
Aisin Seiki,WOS:001131816600002,Giant adiabatic temperature change and its direct measurement of a barocaloric effect in a charge-transfer solid,10.1038/s41467-023-44350-4,NATURE COMMUNICATIONS,2023,Article,37,False
Aisin Seiki,WOS:001258853000122,Tension-compression asymmetry of ferritic stainless steel sheet,10.21741/9781644903131-122,"MATERIAL FORMING, ESAFORM 2024",2024,Meeting,0,False
Aisin Seiki,WOS:001318698100001,Next-Generation Structural Adhesives Composed of Epoxy Resins and Hydrogen-Bonded Styrenic Block Polymer-Based Thermoplastic Elastomers,10.1021/acsami.4c12540,ACS APPLIED MATERIALS & INTERFACES,2024,Article,18,False
Aisin Seiki,WOS:001331777000025,AdVANcing Design: Customizing Spaces for Vanlife,10.1145/3580585.3607175,"PROCEEDINGS OF THE 15TH INTERNATIONAL CONFERENCE ON AUTOMOTIVE USER INTERFACES AND INTERACTIVE VEHICULAR APPLICATIONS, AUTOMOTIVEUI 2023",2023,Meeting,3,False
Aisin Seiki,WOS:001524220600001,Function and mechanism of hydrophilic drug-penetration enhancement using ultra-fine water particles on treated skin,10.1016/j.jddst.2025.107226,JOURNAL OF DRUG DELIVERY SCIENCE AND TECHNOLOGY,2025,Article,0,False
Aisin Seiki,WOS:001543191300034,EFFECT OF THE GRAIN BOUNDARY MICROSTRUCTURE ON SCC RESISTANCE OF HIGH STRENGTH Al-Zn-Mg ALLOY EXTRUDED MATERIALS,10.24425/amm.2025.153490,ARCHIVES OF METALLURGY AND MATERIALS,2025,Article,0,False
Aisin Seiki,WOS:001603529600044,STUDY ON THE PRECIPITATION SEQUENCE IN Al-Zn-Mg WITH LOW Zn/MgAGED AT 200°C,10.24425/amm.2025.155488,ARCHIVES OF METALLURGY AND MATERIALS,2025,Article,2,False
Aisin Seiki,WOS:001625803500001,The Microstructural Observation in Precipitations of Peak-Aged Al-Zn-Mg Alloys with Various Zn/Mg Ratios,10.3390/met15111260,METALS,2025,Article,3,False
Aisin Seiki,WOS:001697684800025,Magic for the Age of Quantized DNNs,,"2025 19TH INTERNATIONAL CONFERENCE ON MACHINE VISION AND APPLICATIONS, MVA",2025,Meeting,0,False
Aisin Seiki,WOS:001725970100001,The Relationship Between Hardness and Microstructure in Zn/Mg Ratio-Controlled Al-Zn-Mg Alloys Aged at 120 °C,10.3390/met16030246,METALS,2026,Article,0,False
Aisin Seiki,WOS:001736621200001,Atomic structure of novel precipitates in an Al-Zn-Mg alloy with low Zn/Mg ratio determined by HAADF-STEM and first-principles calculation,10.1016/j.matchar.2026.116327,MATERIALS CHARACTERIZATION,2026,Article,0,False
