paper_uid,year,n_pairs,n_pairs_with_z,median_z,p10_z,work_id,doi_norm,source_org,year_openalex,paperid,ss_year,doctype,ss_median_z,ss_p10_z,ss_pairs,ss_disruption,ss_ref_count
50f826f12bd5,2000,3,3,1231.753613130688,721.4548241687155,https://openalex.org/W2065237229,10.1049/el:20001259,AISIN IMRA(米国・imra.com),2000.0,W2065237229,2000,article,508.86940921881376,508.86940921881376,1,-0.006779661016949152,5
5b15247f6f4b,2000,4,4,937.1243728342876,184.42710447420015,https://openalex.org/W2067840963,10.1063/1.1150240,AISIN IMRA(米国・imra.com),2000.0,W2067840963,2000,article,835.4240172915481,300.07674792279715,3,-0.0299625468164794,6
5d3193ae4d37,2000,82,82,61.0717736473226,-27.277377783137652,https://openalex.org/W2127233141,,AISIN IMRA(米国・imra.com),2000.0,W2127233141,2000,article,737.7390700302104,53.561808840867975,45,-0.009753901560624249,36
887a6d40e7c3,2000,22,22,204.23520455840924,-25.19642999755528,https://openalex.org/W1998588863,10.1063/1.126390,AISIN IMRA(米国・imra.com),2000.0,W1998588863,2000,article,300.8167238489346,-22.41233340425625,15,0.007367990176013099,9
b1e1391a57e1,2000,94,94,29.93357292855239,-5.268722113270055,https://openalex.org/W2067393704,,AISIN IMRA(米国・imra.com),2000.0,W2067393704,2000,article,245.5313228777137,50.610052242191465,28,0.001164740961610138,19
bdc4a84b1e1e,2000,13,13,577.9916424617495,50.86014817309919,https://openalex.org/W1984592295,,AISIN IMRA(米国・imra.com),2000.0,W1984592295,2000,article,592.5246476827449,3.5587430311206285,10,-0.023701462430660614,15
1f0abf73662a,2001,23,23,87.62377396684155,-45.728961593502454,https://openalex.org/W2047050546,10.1364/ol.26.000268,AISIN IMRA(米国・imra.com),2001.0,W2047050546,2001,article,1239.4045896605248,128.0585803450905,10,-0.002035830618892508,16
1f69ed8351f9,2001,13,13,624.7770615085309,24.00798660005354,https://openalex.org/W1992740538,10.1063/1.1373406,AISIN IMRA(米国・imra.com),2001.0,W1992740538,2001,article,807.492868997728,72.12985485308334,6,0.000722543352601156,10
531b7496f032,2001,17,17,192.64578719403855,24.045524956128386,https://openalex.org/W2015967960,10.1143/jjap.40.l1223,AISIN IMRA(米国・imra.com),2001.0,W2015967960,2001,article,147.70335823918253,42.35924297330705,15,0.004464285714285714,11
e7105e8bf2cc,2001,30,30,214.08885784100957,54.02414012562224,https://openalex.org/W2108343528,10.1364/josab.18.000534,AISIN IMRA(米国・imra.com),2001.0,W2108343528,2001,article,618.6569351263828,90.96808046900087,28,0.0,16
ebb2cae0ca8c,2001,5,5,507.5686661771932,312.3635285020846,https://openalex.org/W1982465938,10.1364/ol.26.000935,AISIN IMRA(米国・imra.com),2001.0,W1982465938,2001,article,1239.4045896605248,601.7007010337065,1,0.04144527098831031,8
fb134c4bc485,2001,143,125,24.711117827048923,-1.4996707715293247,https://openalex.org/W2115150018,10.1109/2944.974221,AISIN IMRA(米国・imra.com),2001.0,W2115150018,2001,article,455.0512360548699,33.55893817435987,78,-0.0021470746108427268,42
64a24b69ace0,2002,11,11,225.81413162064715,0.1918053639991918,https://openalex.org/W2133204230,10.1109/lpt.2002.1021998,AISIN IMRA(米国・imra.com),2002.0,W2133204230,2002,article,515.0601720478858,30.583710111361974,6,-0.02586206896551724,9
ae0ef0b96600,2003,48,48,34.36572478826478,-16.877634131215256,https://openalex.org/W2004986322,10.1063/1.1616668,AISIN IMRA(米国・imra.com),2003.0,W2004986322,2003,article,218.02404820466452,-8.482983137260023,28,-0.015544801290511806,17
46de8cd4a6be,2004,4,4,944.4529391801126,573.5665238532039,https://openalex.org/W2064854978,10.1016/j.ab.2004.10.045,AISIN IMRA(日本・aisin.com),2004.0,W2064854978,2004,article,435.91071351332994,431.9253178401095,1,0.020833333333333332,5
9d7e9c821311,2004,23,23,256.8259837013343,77.25064391814428,https://openalex.org/W2033726753,10.1364/ol.29.000679,AISIN IMRA(米国・imra.com),2004.0,W2033726753,2004,article,687.0570421110416,72.04822837368793,15,-0.0022904260192395786,11
a9965af309ce,2004,23,23,251.55569614179737,-22.551129557538133,https://openalex.org/W2029807715,10.1364/ol.29.002467,AISIN IMRA(米国・imra.com),2004.0,W2029807715,2004,article,293.0341149718125,5.767365838589991,21,-0.01863905325443787,10
b880ccda364f,2004,31,31,88.56558978450248,-13.903690769947737,https://openalex.org/W2070382005,10.1364/opex.12.006508,AISIN IMRA(米国・imra.com),2004.0,W2070382005,2004,article,9.801427996935491,-13.425958039621667,21,-0.001910828025477707,12
be27986bcef2,2004,81,81,41.39080459770115,-13.903690769947737,https://openalex.org/W2083769613,10.1103/physrevlett.93.267401,AISIN IMRA(米国・imra.com),2004.0,W2083769613,2004,article,88.10083571951486,-11.833775349187338,55,-0.0012542482602362843,19
c471018605a3,2004,16,14,129.2201702880316,10.333333333333332,https://openalex.org/W2005773820,10.1109/jqe.2004.831633,AISIN IMRA(米国・imra.com),2004.0,W2005773820,2004,article,687.0570421110416,73.20124617958511,10,-0.005128205128205128,9
e9ac119e8dae,2004,96,96,183.99130908880895,23.574065187852963,https://openalex.org/W2106629363,10.1093/nar/gnh004,AISIN IMRA(日本・aisin.com),2004.0,W2106629363,2004,article,188.43757195648084,12.495250123137724,91,-0.0018181818181818182,26
06e902a79421,2005,30,30,272.68816441943227,97.04535022349089,https://openalex.org/W2166224202,10.1364/opex.13.007424,AISIN IMRA(米国・imra.com),2005.0,W2166224202,2005,article,819.7421610383651,236.29090173746096,15,0.00992234685073339,21
0a90cfe47e38,2005,24,24,192.15971797849124,-0.901788191627652,https://openalex.org/W2047596169,10.1364/opex.13.006490,AISIN IMRA(米国・imra.com),2005.0,W2047596169,2005,article,326.67810031256477,15.310815538958638,21,-0.007326932794340576,17
17e701b729d3,2005,263,263,119.9100266618037,4.3455653557285805,https://openalex.org/W2004321806,10.1016/j.jbiotec.2005.11.004,AISIN IMRA(日本・aisin.com),2005.0,W2004321806,2005,article,213.03441708532532,53.20743538736076,66,-0.00035107076583579917,38
3d700028390d,2005,242,242,146.54138270224166,0.4296217165635305,https://openalex.org/W2085917239,,AISIN IMRA(日本・aisin.com),2005.0,W2085917239,2005,article,189.76736616553077,29.001490757638877,190,-8.58340393275962e-05,57
565a9b51b57d,2005,57,57,11.400684617868242,-23.32043845832363,https://openalex.org/W2058066118,10.1088/1464-4258/7/2/024,AISIN IMRA(米国・imra.com),2005.0,W2058066118,2005,article,291.12583040244874,45.562907255210426,21,-9.728099615740066e-05,26
7115b529d2e8,2005,7,7,582.0552754282812,217.5102317235145,https://openalex.org/W2027382113,10.1016/j.ab.2005.03.016,AISIN IMRA(日本・aisin.com),2005.0,W2027382113,2005,article,774.7494288535329,273.8579856726059,3,3.5814053434567724e-05,10
7d426362713f,2005,30,30,293.03985723450734,93.6278298290244,https://openalex.org/W2026472887,10.1364/ol.30.002855,AISIN IMRA(米国・imra.com),2005.0,W2026472887,2005,article,513.9180850020847,320.4263092333714,15,0.0,11
8a7d15106cd7,2005,142,142,94.05546924083508,-6.899836744020677,https://openalex.org/W2048703965,10.1093/nar/gni111,AISIN IMRA(日本・aisin.com),2005.0,W2048703965,2005,article,363.16981335098404,4.009251620079725,66,0.007042253521126761,29
9cd8815aa40f,2005,174,174,6.779243522961741,-11.985287699077125,https://openalex.org/W1970026623,10.1088/0268-1242/20/7/020,AISIN IMRA(米国・imra.com),2005.0,W1970026623,2005,article,283.1426287674699,33.515905670054345,66,-0.0005385512970110403,36
1d0ed5210dcd,2006,31,31,352.6742771800683,58.469732492260555,https://openalex.org/W2074723994,10.1016/j.matlet.2006.04.001,AISIN IMRA(米国・imra.com),2006.0,W2074723994,2006,article,622.5726242222393,186.3775102853404,28,0.0,17
39dcba207806,2006,26,26,669.931950443629,68.62207705088015,https://openalex.org/W2024036368,10.1063/1.2217165,AISIN IMRA(米国・imra.com),2006.0,W2024036368,2006,article,643.4381445861097,151.23165199910645,21,-0.0029708853238265003,22
4b5fbbf57346,2006,110,110,74.00465184374781,-1.650164018705911,https://openalex.org/W2053222609,10.1002/anie.200603098,AISIN IMRA(日本・aisin.com),2006.0,W2053222609,2006,article,104.26874897321305,3.10682001431508,91,-0.007069408740359897,25
6ac6c722b8f0,2006,25,25,311.61474000418025,74.14401478759565,https://openalex.org/W2035122914,10.1364/oe.14.010117,AISIN IMRA(米国・imra.com),2006.0,W2035122914,2006,article,415.65483196189837,88.20026514193665,21,-0.014925373134328358,17
6bb04cc720e9,2006,17,16,34.628961460948105,2.091239591879125,https://openalex.org/W2019187822,10.1364/oe.14.012546,AISIN IMRA(米国・imra.com),2006.0,W2019187822,2006,article,87.81883271289183,3.7370465934182984,6,0.0677361853832442,10
7092e633df0d,2006,81,81,92.51168447664264,9.916094298062376,https://openalex.org/W2156865345,10.1093/nar/gkl350,AISIN IMRA(日本・aisin.com),2006.0,W2156865345,2006,article,170.5937461992847,23.728108210022494,66,-0.003601108033240997,22
9bcb2adab51f,2006,23,23,135.22020380385584,-29.151557364477377,https://openalex.org/W2039754168,10.1364/ol.31.003046,AISIN IMRA(米国・imra.com),2006.0,W2039754168,2006,article,873.7642279499753,13.130140146895155,21,-0.00956738768718802,17
a00c47d2a0a7,2006,612,612,77.52377996285756,1.482188332873781,https://openalex.org/W2402011585,10.3209/saj.20.55,AISIN IMRA(日本・aisin.com),2006.0,W2402011585,2006,article,143.328448751111,0.9951227022774749,351,-0.00035437430786268,71
b2782d95e10c,2006,236,236,53.66872174826629,-22.6624981459076,https://openalex.org/W2149614387,10.1142/s1088424606000351,AISIN IMRA(日本・aisin.com),2006.0,W2149614387,2006,article,50.64490975157872,-13.277302625757557,231,-0.0007174763348531488,30
bd67deff48c0,2006,5,5,1544.6064505413285,201.70976456244483,https://openalex.org/W2048152194,10.1364/oe.14.011512,AISIN IMRA(米国・imra.com),2006.0,W2048152194,2006,article,1070.89929073845,58.980486413588835,3,-0.0311284046692607,5
d93bb332a08f,2006,31,31,595.6196120194686,80.23963036307117,https://openalex.org/W2147935803,10.2961/jlmn.2006.03.0005,AISIN IMRA(米国・imra.com),2006.0,W2147935803,2006,article,531.0352691942672,104.00047613320524,28,0.0005491488193300384,21
e22edc08944b,2006,30,30,303.97477167937393,68.09374316437192,https://openalex.org/W2019809725,,AISIN IMRA(米国・imra.com),2006.0,W2019809725,2006,article,459.2716794226122,136.801723448433,28,-0.005723781388478582,14
eda00a147ef4,2006,49,49,439.9376171443945,90.045666358902,https://openalex.org/W2136372718,10.1093/dnares/dsi022,AISIN IMRA(日本・aisin.com),2006.0,W2136372718,2006,article,296.98875953297915,44.13020401319344,36,-0.025806451612903226,18
06a94e525622,2007,6,6,1237.3601777324145,796.9756794148489,https://openalex.org/W2150329833,10.1364/ol.32.000358,AISIN IMRA(米国・imra.com),2007.0,W2150329833,2007,article,715.5725667814804,489.9789373001396,3,-0.0033305578684429643,8
0a4c5e96d285,2007,112,105,72.94118635357302,0.66775291716731,https://openalex.org/W2104556863,10.1109/jstqe.2007.896096,AISIN IMRA(米国・imra.com),2007.0,W2104556863,2007,article,489.9789373001396,14.468167432417246,91,-0.0007933073705466609,50
0c5047e5b1d5,2007,72,72,178.04847150596385,24.419079989476316,https://openalex.org/W2082398020,10.1063/1.2434168,AISIN IMRA(米国・imra.com),2007.0,W2082398020,2007,article,176.80159604277156,31.58177735425981,55,0.0,23
1d3310e699ac,2007,69,69,165.24375494300247,7.854225788195284,https://openalex.org/W2111899806,,AISIN IMRA(米国・imra.com),2007.0,W2111899806,2007,article,387.82064988514225,24.23429328191327,66,-1.9081674716811287e-05,23
4ecb63be2ce0,2007,68,68,91.38352070796628,-2.043046842223416,https://openalex.org/W1998844945,10.1063/1.2747669,AISIN IMRA(米国・imra.com),2007.0,W1998844945,2007,article,436.70938050542395,34.455512250411964,55,-0.004247815981405787,23
542cb02422fd,2007,69,69,126.1871521978093,-11.731633934355257,https://openalex.org/W2071118350,10.1063/1.2428853,AISIN IMRA(米国・imra.com),2007.0,W2071118350,2007,article,278.7417200362915,48.05273870854917,45,-0.00015550890288469014,25
96263eebccf9,2007,13,13,836.460823083608,366.7440831520543,https://openalex.org/W2040848603,10.1364/josab.24.001689,AISIN IMRA(米国・imra.com),2007.0,W2040848603,2007,article,761.1279708817661,518.6978853696215,10,-0.018739352640545145,17
adce50423e8a,2007,7,7,747.1544201184633,78.29737977635672,https://openalex.org/W2021350894,,AISIN IMRA(日本・aisin.com),2007.0,W2021350894,2007,article,651.9966918641542,54.06038808667561,6,0.034482758620689655,5
bb9d728e9ad2,2007,68,65,98.32537711938362,0.4222182134306455,https://openalex.org/W2053537346,10.2174/1874070700701010066,AISIN IMRA(日本・aisin.com),2007.0,W2053537346,2007,article,536.7904614396978,7.992714567142272,10,0.0003083564600678384,15
c257d70b8717,2007,18,18,163.51141377717573,16.75385201502416,https://openalex.org/W2026694947,10.1016/j.pep.2007.09.015,AISIN IMRA(日本・aisin.com),2007.0,W2026694947,2007,article,183.8984361410751,11.708015152565155,15,-0.008174386920980926,9
c786b0df039f,2007,69,69,124.09687484239689,1.7432568904303054,https://openalex.org/W2048362658,10.1016/j.cplett.2007.04.089,AISIN IMRA(米国・imra.com),2007.0,W2048362658,2007,article,410.6557613838271,52.31119014103879,45,0.00019788265558523795,21
d390bf8bc04b,2007,38,38,182.32880332026912,76.1852336313977,https://openalex.org/W2084000053,,AISIN IMRA(米国・imra.com),2007.0,W2084000053,2007,article,507.67652783317567,165.8659102217434,28,-0.00021427040925648167,22
ea44d855708f,2007,6,6,611.7714982348917,65.70121675210777,https://openalex.org/W1967310990,10.1364/oe.15.012161,AISIN IMRA(米国・imra.com),2007.0,W1967310990,2007,article,112.92563621983454,58.347677488601306,3,0.1286549707602339,4
f97079941223,2007,85,85,213.04792040016915,-0.628502344918767,https://openalex.org/W2035890327,10.1557/jmr.2007.0294,AISIN IMRA(米国・imra.com),2007.0,W2035890327,2007,article,273.2668931332498,65.44432961544989,66,-0.0006713211600429646,26
0cb5ea330cbb,2008,261,258,13.62411359075946,-26.785401526649572,https://openalex.org/W2091242066,10.1016/j.cplett.2008.10.039,AISIN IMRA(日本・aisin.com),2008.0,W2091242066,2008,article,40.54784817923141,-24.851909629749116,190,-0.0011283497884344146,37
20ae4348c56e,2008,12,12,809.9760958763981,278.35205954063036,https://openalex.org/W1972132333,,AISIN IMRA(米国・imra.com),2008.0,W1972132333,2008,article,676.1544200176395,283.05059013926376,10,-0.00020475020475020476,9
36a623b61079,2008,283,261,25.122085973136045,-8.284913724282083,https://openalex.org/W1985661810,10.1002/lapl.200810090,AISIN IMRA(米国・imra.com),2008.0,W1985661810,2008,article,594.4833807227316,24.182062242462916,120,-0.00023596035865974517,78
73651e78d378,2008,38,38,282.4982075487724,-12.23161221765061,https://openalex.org/W1993638097,10.1364/oe.16.016423,AISIN IMRA(米国・imra.com),2008.0,W1993638097,2008,article,214.8099085293936,0.8179904289178395,45,-0.0008594757198109154,15
7c48b8f9cb13,2008,30,30,18.99610043110713,-4.505714949876235,https://openalex.org/W2136243903,10.1109/jlt.2008.925685,AISIN IMRA(米国・imra.com),2008.0,W2136243903,2008,article,115.46089517349009,-2.881427263502217,21,-0.0007867820613690008,16
a69178a343f9,2008,70,70,86.82409754436732,0.4125338114217959,https://openalex.org/W2009459426,10.1038/nphoton.2008.79,AISIN IMRA(米国・imra.com),2008.0,W2009459426,2008,article,188.3762863413895,10.641284355669542,66,-0.0003884249368809478,31
b43f432fe548,2008,111,111,67.37507987636938,-9.416238748582172,https://openalex.org/W2080142255,10.1007/s00339-008-4754-1,AISIN IMRA(米国・imra.com),2008.0,W2080142255,2008,article,197.86995148777257,3.107836579331034,91,0.0,32
d2ba4d05d1a8,2008,49,49,126.77027084723228,16.070687593516627,https://openalex.org/W2040400358,10.1364/oe.16.019629,AISIN IMRA(米国・imra.com),2008.0,W2040400358,2008,article,417.36080900100745,36.31796556860709,45,0.002025409685140858,26
0d18f50d9e8f,2009,13,13,497.1624126550944,190.83342690924553,https://openalex.org/W2064449433,,AISIN IMRA(米国・imra.com),2009.0,W2064449433,2009,article,1042.362445171438,282.6034575420331,10,-0.000586051963274077,19
1fa415734e17,2009,32,32,526.3763416916009,137.6998550494328,https://openalex.org/W1972933050,,AISIN IMRA(米国・imra.com),2009.0,W1972933050,2009,article,563.0240020223343,120.5,21,0.0005165289256198347,17
291f9a7a64b1,2009,681,594,25.541522190590214,-11.97801349154519,https://openalex.org/W2132781385,,AISIN IMRA(米国・imra.com),2009.0,W2132781385,2009,article,540.8594266274055,37.16541155539922,351,-0.0030220356768100734,199
2fdccb60f1e4,2009,41,41,235.18095771751624,-41.145532901808934,https://openalex.org/W2103328179,,AISIN IMRA(米国・imra.com),2009.0,W2103328179,2009,article,749.55865614645,122.0775402781164,21,-0.007804632426988922,21
3ff1a2b6712e,2009,17,17,242.9096496639473,74.2072915182305,https://openalex.org/W2095437783,10.1016/j.ab.2009.05.013,AISIN IMRA(日本・aisin.com),2009.0,W2095437783,2009,article,155.0542158367992,56.92715677888772,15,-0.00411522633744856,9
8a2fdf6bfb57,2009,17,17,392.48374915788304,95.99940179667442,https://openalex.org/W2070421439,,AISIN IMRA(米国・imra.com),2009.0,W2070421439,2009,article,563.0240020223343,104.78426919974744,10,-0.0010672358591248667,11
8ccdd3e64603,2009,59,56,147.8801133940982,-0.9981929806248828,https://openalex.org/W1983363485,,AISIN IMRA(米国・imra.com),2009.0,W1983363485,2009,article,563.0240020223343,0.18851329448993454,36,0.000690846286701209,18
aa8326c76602,2009,19,19,714.4851019955889,104.58077911915969,https://openalex.org/W2120533354,,AISIN IMRA(米国・imra.com),2009.0,W2120533354,2009,article,1114.6869193348145,511.81594718357525,10,-0.017337031900138695,15
b43c242d618e,2009,12,12,831.7865383731839,622.7646795401181,https://openalex.org/W2042426995,,AISIN IMRA(米国・imra.com),2009.0,W2042426995,2009,article,825.4314818723913,650.9144314353534,6,0.035653650254668934,10
b4fe1f56acd7,2009,81,81,148.69588093583715,31.356044666822005,https://openalex.org/W1534298520,,AISIN IMRA(米国・imra.com),2009.0,W1534298520,2009,article,377.0714733218254,61.16912100524641,66,-0.0009099818003639928,21
6b50834cd8e3,2010,46,46,110.54244632510012,-14.470090756336727,https://openalex.org/W2167837504,10.1271/bbb.100026,AISIN IMRA(日本・aisin.com),2010.0,W2167837504,2010,article,178.87281115870812,44.40400131804648,15,-0.000547645125958379,12
70618903a605,2010,18,18,524.9125013411044,80.68307599756723,https://openalex.org/W2074959060,,AISIN IMRA(米国・imra.com),2010.0,W2074959060,2010,article,461.14337348422583,96.87522965968299,21,-0.016896398399288574,15
eb6b3ca63f6c,2010,360,360,4.301000531632775,-14.251755372826358,https://openalex.org/W2053845346,,AISIN IMRA(米国・imra.com),2010.0,W2053845346,2010,article,45.30412809669416,-14.021336019981055,253,-0.002848926992917621,48
070b47e118ec,2011,161,161,142.166693136764,3.253480324977542,https://openalex.org/W2134395847,10.1155/2011/376369,AISIN IMRA(日本・aisin.com),2011.0,W2134395847,2011,article,85.19167771102708,8.139081986437274,120,-0.00013689253935660506,29
399c62c60b72,2011,260,257,222.8714854385923,4.365514387541182,https://openalex.org/W2132560043,10.1155/2011/963068,AISIN IMRA(日本・aisin.com),2011.0,W2132560043,2011,article,88.64299025864987,6.250012959365607,210,3.047479734259767e-05,33
3a657746996c,2011,309,309,92.08455914972548,-27.91688631506927,https://openalex.org/W2072590192,10.1007/s12039-011-0066-7,AISIN IMRA(日本・aisin.com),2011.0,W2072590192,2011,article,90.49897159150615,-8.42546558716216,253,-0.00027134364439182024,38
5503e4f7dfb2,2011,234,232,52.79031561138263,-2.033324038330345,https://openalex.org/W2027919758,10.1007/s12039-011-0096-1,AISIN IMRA(日本・aisin.com),2011.0,W2027919758,2011,article,42.73345360166003,-0.35883853091424933,153,-6.577845121154234e-06,27
5be9396c98ab,2011,285,283,218.48533789652367,8.034652898790435,https://openalex.org/W2037315596,,AISIN IMRA(日本・aisin.com),2011.0,W2037315596,2011,article,103.08770730674996,7.1217204472407145,210,-2.7017044281321535e-06,36
5d12aa09c7f9,2011,96,96,92.71044780398316,-0.5735447692221003,https://openalex.org/W2088283543,10.1016/j.solener.2011.02.027,AISIN IMRA(日本・aisin.com),2011.0,W2088283543,2011,article,50.04432594459437,-1.3071634619318002,78,-6.591277955742283e-06,25
721d06c6711b,2011,110,110,155.4621617691864,2.3812085498388984,https://openalex.org/W2091772759,,AISIN IMRA(米国・imra.com),2011.0,W2091772759,2011,article,246.77046272959456,14.42188420635201,105,-0.005883962780514505,44
8a2242a7cabb,2011,176,176,291.8146786761026,21.04009687369908,https://openalex.org/W2109198249,10.1016/j.synthmet.2011.03.022,AISIN IMRA(日本・aisin.com),2011.0,W2109198249,2011,article,203.19544822312363,26.062742638759243,136,-8.10982400909536e-06,28
8e123337385d,2011,197,197,144.1813133319473,-1.1793070852502814,https://openalex.org/W2078827253,10.1155/2011/294353,AISIN IMRA(日本・aisin.com),2011.0,W2078827253,2011,article,94.6902841592655,0.18169639062821027,136,-0.00016493485073396007,33
a8cacb8a650c,2011,195,195,345.68837814910484,21.01201161787162,https://openalex.org/W1969521002,10.1016/j.synthmet.2011.04.001,AISIN IMRA(日本・aisin.com),2011.0,W1969521002,2011,article,198.83006976996865,27.52731049804493,153,-8.135700383075264e-06,30
b024e6ffda17,2011,359,357,92.08455914972548,-2.590383151033675,https://openalex.org/W1999608536,10.1039/c0dt01417f,AISIN IMRA(日本・aisin.com),2011.0,W1999608536,2011,article,83.22268376265131,0.36646507518404275,300,-1.2839122770712904e-05,42
d43dd3c043cd,2011,158,151,39.22222222222222,0.524461766334241,https://openalex.org/W2068461541,,AISIN IMRA(米国・imra.com),2011.0,W2068461541,2011,article,277.1516302928417,11.141806097686793,120,-0.009166302924487123,37
e49d832d6174,2011,238,238,66.25639649016506,-13.084734495578864,https://openalex.org/W2314217080,,AISIN IMRA(米国・imra.com),2011.0,W2314217080,2011,article,67.80866146568933,-5.867127775988304,210,0.0005357211188918226,35
f07d611839ce,2011,71,71,143.94751168740794,2.6549539521063035,https://openalex.org/W2007144249,,AISIN IMRA(米国・imra.com),2011.0,W2007144249,2011,article,314.95705691651546,16.212848170559354,66,-0.006452738053714684,24
4501228b76d0,2012,177,177,34.76337693190839,-21.4690608789313,https://openalex.org/W2552161059,,AISIN IMRA(日本・aisin.com),2012.0,W2552161059,2012,article,33.462827755629014,-18.5391094601987,105,0.0008067769261799112,27
4a3c6cd0a3b2,2012,194,190,60.34684132384386,-2.320624492515187,https://openalex.org/W2011516454,10.1038/nature10711,AISIN IMRA(米国・imra.com),2012.0,W2011516454,2012,article,366.89801080966413,23.882493894163172,120,-0.026353670689846086,39
55875b781991,2012,24,24,207.748064941746,-9.108910435156792,https://openalex.org/W2030401892,10.1364/ol.37.002928,AISIN IMRA(米国・imra.com),2012.0,W2030401892,2012,article,1053.7838812619946,38.61685988481332,15,0.002182453077258839,16
6c9c3b0305e0,2012,444,444,100.1227724058183,-13.417288846447898,https://openalex.org/W1983891857,,AISIN IMRA(米国・imra.com),2012.0,W1983891857,2012,article,174.98512351448997,-2.591195172335331,406,0.0,54
7d47f7f65c0b,2012,69,69,112.41924521968822,-0.5103907130471685,https://openalex.org/W1989076549,10.1364/oe.20.007046,AISIN IMRA(米国・imra.com),2012.0,W1989076549,2012,article,366.89801080966413,16.56559857229609,55,0.004199823165340406,21
a607b9af8630,2012,255,255,-1.4798801467918874,-32.623055087427886,https://openalex.org/W2099003491,10.2116/analsci.28.985,AISIN IMRA(日本・aisin.com),2012.0,W2099003491,2012,article,4.4294398739028535,-25.57657673700034,171,-0.0008968609865470852,28
b68c11ed7d50,2012,113,113,225.8627882147964,0.1972413237531887,https://openalex.org/W1975938606,10.1155/2012/482074,AISIN IMRA(日本・aisin.com),2012.0,W1975938606,2012,article,437.7839716355658,22.42942390360727,78,0.0,28
3b23bbdfa0b5,2013,422,422,345.71537853847883,25.454798193177854,https://openalex.org/W2315671501,,AISIN IMRA(米国・imra.com),2013.0,W2315671501,2013,article,1975.4270824380312,347.0488709573953,210,-0.01873675286138194,101
3be7c4e77b95,2013,243,243,225.63298173713284,28.59311749702485,https://openalex.org/W2087759536,10.1016/j.orgel.2013.04.048,AISIN IMRA(日本・aisin.com),2013.0,W2087759536,2013,article,324.0217418939084,43.86988405745388,231,-5.643598301841271e-06,40
f093823fb012,2014,234,233,2.7394277296023497,-39.46820797987253,https://openalex.org/W2046750153,10.1371/journal.pone.0114858,AISIN IMRA(日本・aisin.com),2014.0,W2046750153,2014,article,14.86075860687952,-22.533443824022193,153,0.000903954802259887,30
025329be2f96,2015,39,39,201.34345877196716,13.57812059383456,https://openalex.org/W2051723858,10.1246/cl.150057,AISIN IMRA(日本・aisin.com),2015.0,W2051723858,2015,article,207.70766516534925,12.923447058672885,21,-0.00045433893684688776,13
12694fc1f57c,2015,18,18,167.969142478991,8.099815202942896,https://openalex.org/W1757198163,,AISIN IMRA(米国・imra.com),2015.0,W1757198163,2015,article,1066.3034750719328,10.815148859308598,15,-0.011931394481730051,16
42bfe10e2f8e,2015,83,83,185.90503431365275,-5.035570883040586,https://openalex.org/W2265314834,,AISIN IMRA(米国・imra.com),2015.0,W2265314834,2015,article,866.9843270294641,46.56377729738565,66,-0.008387251377905584,33
4e1bc421b023,2016,143,143,171.5603992523856,1.4006586514513262,https://openalex.org/W2407850561,10.7566/jpsj.85.064710,AISIN IMRA(日本・aisin.com),2016.0,W2407850561,2016,article,253.09123581515124,8.862114539738574,136,-0.0027110140001618517,32
6d14350cd432,2016,159,159,55.5216019091691,-32.740443244289004,https://openalex.org/W1574368976,,AISIN IMRA(米国・imra.com),2016.0,W1574368976,2016,article,144.42378020271207,-3.8578205720004037,153,-0.007391852162956741,39
81b853e4c154,2016,260,259,22.588235294117645,-13.121959962051864,https://openalex.org/W2535357380,,AISIN IMRA(米国・imra.com),2016.0,W2535357380,2016,article,70.96681909195368,-16.00763559582471,120,7.863489816780687e-05,34
853b21f8f5a3,2016,110,110,94.45415099197557,5.027350290748731,https://openalex.org/W2290799182,10.1021/jacs.5b12571,AISIN IMRA(日本・aisin.com),2016.0,W2290799182,2016,article,172.56386468843274,9.683046677015927,91,-0.002206880941602535,24
86077d096a6b,2016,73,73,61.596052043811845,-16.45129416316883,https://openalex.org/W2273928293,,AISIN IMRA(米国・imra.com),2016.0,W2273928293,2016,article,278.17356810056054,2.058505999320046,66,-0.0031165593185123624,27
a8042ac2cc4c,2016,444,444,97.17057114651578,-23.957197029832244,https://openalex.org/W2553892836,10.1021/acs.langmuir.6b03145,AISIN IMRA(日本・aisin.com),2016.0,W2553892836,2016,article,220.6569147689515,-18.49949511837273,300,-0.0006709158000670916,44
d22f851a67ba,2016,48,48,700.6700820699734,49.66096855795573,https://openalex.org/W2252398950,,AISIN IMRA(米国・imra.com),2016.0,W2252398950,2016,article,1399.6245887371426,351.4945667206816,45,-0.022602902688555793,33
e165cf6e3e93,2016,329,329,193.66143022506395,0.7469077801058314,https://openalex.org/W2462662853,10.1039/c6cp03396b,AISIN IMRA(日本・aisin.com),2016.0,W2462662853,2016,article,312.17547749546924,12.537331213810164,300,-0.0009437523593808985,40
1bcaa3c25be8,2017,68,68,23.633841308814915,-53.16052939399719,https://openalex.org/W2751052747,,トヨタ自動車未来創成センター,2017.0,W2751052747,2017,article,-15.659292866735193,-51.42901813064869,28,-0.0014953271028037382,14
236e80a16dd5,2017,41,41,568.1972786812398,84.86176627220614,https://openalex.org/W2736424045,,AISIN IMRA(米国・imra.com),2017.0,W2736424045,2017,article,856.0252624110497,163.9107005056541,36,-0.001388888888888889,17
330c974be7cd,2017,59,59,454.9248409297316,28.066363490476196,https://openalex.org/W2736461642,,AISIN IMRA(米国・imra.com),2017.0,W2736461642,2017,article,706.0839451755685,55.34607884129333,66,-0.01282051282051282,24
82de53fe58e5,2017,217,217,85.31569282295295,1.3218585673729626,https://openalex.org/W2727620014,10.1021/acs.inorgchem.7b01446,AISIN IMRA(日本・aisin.com),2017.0,W2727620014,2017,article,129.72192714435113,4.70623005523329,120,-2.47903152501756e-05,32
bbd5871c0e12,2017,139,118,9.174694645697096,1.1852863099401851,https://openalex.org/W2774494190,10.1016/j.tws.2017.10.052,トヨタ自動車未来創成センター,2017.0,W2774494190,2017,article,69.1750712048096,6.957395477727173,45,0.0,26
edb94f886caa,2017,183,183,364.2068237752669,30.65438040641848,https://openalex.org/W2760496482,10.1038/s41467-017-00815-x,AISIN IMRA(日本・aisin.com),2017.0,W2760496482,2017,article,433.9855477131546,45.3366393934385,171,0.0004685037693257805,50
00daac7f1163,2018,95,95,100.51976140933266,-52.21785658577352,https://openalex.org/W2887153291,10.1016/j.ceramint.2018.08.177,豊田中央研究所,2018.0,W2887153291,2018,article,412.63083146029925,24.17474563864586,91,-0.0005599104143337066,36
0149cb4ccfc4,2018,69,69,0.95831484749991,-12.34649085864011,https://openalex.org/W2896347422,10.1186/s12976-018-0094-9,豊田中央研究所,2018.0,W2896347422,2018,article,20.873592784997985,-8.255248758441914,55,0.0014012143858010276,20
0d830264daab,2018,534,528,12.457260189667725,-16.624909714235894,https://openalex.org/W2963505665,10.1038/s41598-018-29572-7,豊田中央研究所,2018.0,W2963505665,2018,article,296.3835809097302,-9.056916390492571,210,-0.0008537522410996329,47
0e54be0b9a1d,2018,502,493,69.5585088732129,-8.868350331743578,https://openalex.org/W2903097311,10.1016/j.actamat.2018.11.058,豊田中央研究所,2018.0,W2903097311,2018,article,138.52769071175774,-2.363539552925028,351,-2.143071450002143e-05,43
16c675fefb5b,2018,6714,6710,34.6311176038805,-2.864580912375841,https://openalex.org/W2951505038,,トヨタ自動車未来創成センター,2018.0,W2951505038,2018,article,67.04403365917753,-2.6085767367064236,4371,-0.00039529703366969195,212
172f74f3d172,2018,39,39,11.777038258279807,-10.270323416267532,https://openalex.org/W2901381232,10.1109/tac.2018.2876793,豊田中央研究所,2018.0,W2901381232,2018,article,309.7557793765004,-7.073076762951529,36,-0.0002180454406698356,27
1edf950142dc,2018,38,37,36.90078071923433,4.401668750491494,https://openalex.org/W2884249193,,トヨタ自動車未来創成センター,2018.0,W2884249193,2018,article,90.5560133823,6.7738506894089525,36,0.004985044865403789,18
22c563fee328,2018,95,94,24.499334288637897,1.1248245742410283,https://openalex.org/W2897652053,,トヨタ自動車未来創成センター,2018.0,W2897652053,2018,article,65.30207010777193,16.88888888888889,66,0.0003215434083601286,30
27d68fbe666c,2018,124,124,146.70246472941176,3.737120236797581,https://openalex.org/W2903947135,,トヨタ自動車未来創成センター,2018.0,W2903947135,2018,article,124.4481746677614,1.3986116666465485,105,-7.164350193437455e-05,22
27d7e2b65c8d,2018,310,293,32.87248130649861,-0.1807773905088247,https://openalex.org/W2809574832,10.1016/j.compstruct.2018.06.014,豊田中央研究所,2018.0,W2809574832,2018,article,74.435783939177,0.7143878466391216,231,0.0,40
295dd1f33ebb,2018,214,214,8.789311903614452,-17.663147185132267,https://openalex.org/W2885862219,,トヨタ自動車未来創成センター,2018.0,W2885862219,2018,article,21.615695398723936,-15.113065856884825,171,-0.0004764173415912339,29
2cfb4180b387,2018,112,112,140.30274228772072,-0.3115746355080798,https://openalex.org/W2787139622,10.1021/acs.jpclett.8b00162,AISIN IMRA(日本・aisin.com),2018.0,W2787139622,2018,article,201.78328390973303,23.494412006835685,91,-0.003024886566753747,29
3c78286b82cc,2018,157,141,8.801310916692774,-5.690231007918396,https://openalex.org/W2789406905,10.1109/tits.2018.2812147,豊田中央研究所,2018.0,W2789406905,2018,article,31.402977243734824,-1.213643057058635,91,-0.001023142509135201,40
409fe09dac16,2018,159,159,109.62368423665228,-34.44807182802565,https://openalex.org/W2806476106,10.1016/j.apenergy.2018.06.015,豊田中央研究所,2018.0,W2806476106,2018,article,99.71255219739118,-39.67160077187406,136,0.0011924636298592892,34
461bd60b5c38,2018,16,16,33.431162283389256,5.692472121485791,https://openalex.org/W2782089919,10.1186/s40648-017-0098-y,トヨタ自動車未来創成センター,2018.0,W2782089919,2018,article,68.68084757433772,7.354161834588661,21,-0.0002101723413198823,16
5b11303e20ac,2018,124,124,49.58008828074634,-3.8002759418057175,https://openalex.org/W2901077201,10.1109/tits.2018.2876905,豊田中央研究所,2018.0,W2901077201,2018,article,198.88068444037475,2.836832573067901,105,-0.0008557108512285563,32
5c321ecf5f6b,2018,573,573,46.9271936116998,-17.653492792192804,https://openalex.org/W2894533688,10.1038/s41467-018-03829-1,豊田中央研究所,2018.0,W2894533688,2018,article,226.2634924635498,-15.596751562218056,378,-0.001657727937591419,63
5dafa7d353d8,2018,46,46,0.6366005422165214,-7.112195776378015,https://openalex.org/W2810013368,10.1016/j.optcom.2018.02.029,豊田中央研究所,2018.0,W2810013368,2018,article,6.030435689619224,-10.518444824844035,28,-0.00014710208884966165,12
620cfcc9aab5,2018,144,144,155.8767734414595,17.52171669802199,https://openalex.org/W2883411115,10.1021/acs.inorgchem.8b01247,AISIN IMRA(日本・aisin.com),2018.0,W2883411115,2018,article,229.47422971141273,20.466319747372598,136,-6.805730425017866e-05,37
66640bfaa5c2,2018,111,111,176.7624117889267,12.290933152052846,https://openalex.org/W2899245046,,AISIN IMRA(日本・aisin.com),2018.0,W2899245046,2018,article,144.7211209748443,8.9123055160375,105,-0.0015987210231814548,24
6e8e782da858,2018,337,337,243.48306745332155,4.378326489553656,https://openalex.org/W2802674238,,トヨタ自動車未来創成センター,2018.0,W2802674238,2018,article,215.33551638172605,10.105538227829964,300,-0.000222000222000222,40
797169e09f2b,2018,197,197,170.91396209394452,-39.510208700152475,https://openalex.org/W2825347181,10.1039/c8bm00412a,豊田中央研究所,2018.0,W2825347181,2018,article,298.11473770753474,-55.904329435247696,120,-0.00229147571035747,29
7ec6007a8aff,2018,178,175,55.0,-1.4336704984536492,https://openalex.org/W2888313026,10.1103/physrevlett.121.087202,豊田中央研究所,2018.0,W2888313026,2018,article,126.95472464506643,3.5684487172564867,153,-0.001559792027729636,31
a1ab3f636a10,2018,36,33,36.44238766941072,-2.5047859055761705,https://openalex.org/W2902990176,10.1016/j.trpro.2018.11.025,豊田中央研究所,2018.0,W2902990176,2018,article,196.3593021464568,84.26925218132008,10,0.002577319587628866,7
a2a7d8abd373,2018,573,573,229.0422794815308,22.70449425300195,https://openalex.org/W2803927834,,トヨタ自動車未来創成センター,2018.0,W2803927834,2018,article,361.7829165023708,69.06696490285847,406,-8.391921377021054e-05,62
b569a0b0b052,2018,106,105,16.229032807836322,-11.46801920158302,https://openalex.org/W2886179568,,トヨタ自動車未来創成センター,2018.0,W2886179568,2018,article,18.275850358791466,-10.705876941988254,105,0.0,19
b93796e1efb7,2018,158,150,76.77651170522805,5.291646919449858,https://openalex.org/W2804891162,10.1007/s00158-018-1999-y,トヨタ自動車未来創成センター,2018.0,W2804891162,2018,article,201.51821019723235,6.999999999999999,136,-0.00011766090128250382,28
d322f98677a3,2018,577,577,218.7536266527672,-18.160710176785937,https://openalex.org/W2884157010,10.1021/acs.jpcc.8b03730,豊田中央研究所,2018.0,W2884157010,2018,article,325.6411661032191,12.346105769911036,465,-1.8749062546872656e-05,70
dd7bb73849f9,2018,69,69,22.563172921379657,-15.145430341635342,https://openalex.org/W2886911841,10.1016/j.jmatprotec.2018.08.021,豊田中央研究所,2018.0,W2886911841,2018,article,157.98141026055123,65.60734425909064,28,0.001735106998264893,20
df50988911f4,2018,40,39,41.556602598289906,-7.76601599045159,https://openalex.org/W2886173269,10.1177%2f1468087418791684,豊田中央研究所,2018.0,W2886173269,2018,article,11.905465677341239,-23.773693779855872,28,0.0,20
e17bcf32ce5e,2018,98,98,151.60426865691096,-0.9264851161130832,https://openalex.org/W2900239400,10.1038/s41598-018-34265-2,AISIN IMRA(日本・aisin.com),2018.0,W2900239400,2018,article,183.41192174910802,23.494412006835685,78,-0.000474158368895211,26
e2f184676ee7,2018,68,68,288.9770151263233,-4.696257013446218,https://openalex.org/W2883669953,10.1021/acs.chemmater.8b02153,豊田中央研究所,2018.0,W2883669953,2018,article,253.9652004432523,-7.7693867569376405,55,-0.0009291862284820031,14
ea1a7d98c912,2018,177,177,271.9015281588182,7.434081264749365,https://openalex.org/W2890354229,10.1002/cctc.201801257,豊田中央研究所,2018.0,W2890354229,2018,article,786.6970111266132,16.654288725062553,136,-0.0031570639305445935,36
eecedac52fc4,2018,71,71,288.2119799019799,48.469739063764415,https://openalex.org/W2850279973,10.1063/1.5019998,豊田中央研究所,2018.0,W2850279973,2018,article,784.3130174642521,84.29553488180657,55,-0.0018726591760299626,27
f50c46f2229e,2018,411,411,1.1983701992058209,-38.18599723192182,https://openalex.org/W2907678173,,トヨタ自動車未来創成センター,2018.0,W2907678173,2018,article,18.575758938262627,-13.209123619361357,231,0.00045113398679407787,49
fc21db55464c,2018,87,87,273.1248933922795,10.119183486709757,https://openalex.org/W2883650730,10.1016/j.cattod.2018.07.046,豊田中央研究所,2018.0,W2883650730,2018,article,558.7890697950535,12.827450185476048,55,0.004838709677419355,35
fc84ee0d99af,2018,56,55,2.0691823084742187,-43.99226434672366,https://openalex.org/W2789591649,10.1109/lsp.2018.2816579,豊田中央研究所,2018.0,W2789591649,2018,article,6.19562740834081,-27.8431219169424,55,-0.0021092102179517225,14
07706fdeeba6,2019,122,122,159.20943165997028,4.156311221425349,https://openalex.org/W2912795073,10.1039/c9cy00176j,豊田中央研究所,2019.0,W2912795073,2019,article,217.96191061931933,-3.2001987291112206,120,-0.0165016501650165,21
082c4c8c3162,2019,1008,1008,102.8351026270283,-0.8321054217506139,https://openalex.org/W2957974712,10.1038/s41929-019-0282-y,豊田中央研究所,2019.0,W2957974712,2019,article,340.71836815135754,20.693318576569098,780,-0.005570245020271461,107
177ea6b960cc,2019,193,193,150.04722363222874,-5.817475510934087,https://openalex.org/W2936324948,10.1002/cctc.201900264,豊田中央研究所,2019.0,W2936324948,2019,article,108.06220630861796,-10.944573739719777,171,-0.00338409475465313,26
1f5dbacce0f0,2019,83,83,37.8691704962503,-27.01541015641671,https://openalex.org/W2984271195,10.1016/j.asoc.2019.105932,豊田中央研究所,2019.0,W2984271195,2019,article,30.803470918031408,-36.37378297648456,45,7.240081088908195e-05,33
2072206cf1cb,2019,238,238,176.92540029936413,-4.912585553953249,https://openalex.org/W2971745035,10.1039/c9cc05921k,豊田中央研究所,2019.0,W2971745035,2019,article,313.12949938902034,-0.34132807439314483,210,-0.0008135041692088672,35
20bac751660f,2019,258,258,106.33044387951875,-0.9604284661052116,https://openalex.org/W2921091441,10.1016/j.jpowsour.2019.02.058,豊田中央研究所,2019.0,W2921091441,2019,article,162.79388660429242,3.4539892639938095,210,-0.011881668283220174,32
23e2740de448,2019,196,184,10.283187116882363,-0.4424821525918792,https://openalex.org/W2962692363,10.1007/s00158-019-02345-0,トヨタ自動車未来創成センター,2019.0,W2962692363,2019,article,1372.4313509272986,16.1729435343138,105,-0.00017580872011251758,57
24d8666c37ef,2019,61,61,695.3852966943826,87.94183485398686,https://openalex.org/W2948636765,10.1016/j.apcata.2019.06.003,豊田中央研究所,2019.0,W2948636765,2019,article,1175.9007620654754,233.67373519178935,36,0.0019815059445178335,24
28772b2ede0a,2019,124,123,20.601043300634725,-6.555134137878665,https://openalex.org/W2985193180,,トヨタ自動車未来創成センター,2019.0,W2985193180,2019,article,70.13309463104675,17.304857788439477,91,2.9074838634645577e-05,32
2c3d42bcf54c,2019,79,72,0.9822311897700522,-28.05309438722897,https://openalex.org/W2998246714,10.1016/j.automatica.2019.108769,豊田中央研究所,2019.0,W2998246714,2019,article,84.87544469014293,0.10783277320343826,28,-0.00025700334104343357,20
304d77bab749,2019,1194,1183,35.38167244631095,-6.637014951590195,https://openalex.org/W2937027327,,トヨタ自動車未来創成センター,2019.0,W2937027327,2019,article,54.617637917790056,-6.66360786096921,780,-0.006566442025228962,78
3425e5e11a32,2019,110,110,34.365165286722686,-26.60938506151275,https://openalex.org/W2955742561,10.1016/j.jpowsour.2019.226809,豊田中央研究所,2019.0,W2955742561,2019,article,414.15121042216884,-14.024846536349607,78,-0.04788961038961039,31
3a72fab5f46c,2019,281,281,134.3539648108478,4.3613285178576,https://openalex.org/W2917930200,10.1016/j.apcata.2019.02.033,豊田中央研究所,2019.0,W2917930200,2019,article,807.400251982648,54.62172184063421,190,-0.0045627376425855515,46
3c0408528e38,2019,155,155,3.1010212543164957,-29.276357380827108,https://openalex.org/W2975230390,10.1016/j.trc.2019.09.005,豊田中央研究所,2019.0,W2975230390,2019,article,75.20551518562895,-25.37749076420285,105,-0.0015931177314003505,34
4be4d8d9a2e3,2019,238,238,1.9890690189747875,-31.13892041856973,https://openalex.org/W2973091745,10.1109/tvt.2019.2934502,豊田中央研究所,2019.0,W2973091745,2019,article,9.415367759290756,-74.55874145638217,153,-0.00018864365214110544,37
4bf9bc666b75,2019,412,399,54.81882560697132,-6.556413536884631,https://openalex.org/W2975988526,10.1016/j.jtherbio.2019.102424,豊田中央研究所,2019.0,W2975988526,2019,article,72.94204694751667,-13.376437163854119,276,0.0,41
4c238eac194e,2019,216,216,127.60368101555063,-6.284075212950592,https://openalex.org/W2971693987,10.1016/j.polymer.2019.121667,豊田中央研究所,2019.0,W2971693987,2019,article,326.2208761392541,14.420175469079854,171,-0.0015329586101175269,42
4d302e3f916b,2019,510,510,28.927815814519334,-10.67620400839917,https://openalex.org/W2995428702,10.1126/science.aax9167,豊田中央研究所,2019.0,W2995428702,2019,article,95.22062929596994,-2.9186972323923586,435,-0.016388645010242904,91
4d81d895acf6,2019,213,213,27.78554075811992,-26.500341690715626,https://openalex.org/W2965269258,10.1021/acs.inorgchem.9b01370,豊田中央研究所,2019.0,W2965269258,2019,article,30.860446915242612,-17.19503789273972,136,-3.800065867808375e-05,25
55380b96f4d2,2019,126,126,77.6059159236236,-0.8453329138365115,https://openalex.org/W2918540092,10.1016/j.jallcom.2019.02.249,豊田中央研究所,2019.0,W2918540092,2019,article,204.606328093223,15.003253396486103,105,0.0010147133434804667,33
5ea500536453,2019,263,263,83.9671210715176,-13.678477827671887,https://openalex.org/W2914551589,10.1021/acs.jpclett.9b00321,AISIN IMRA(日本・aisin.com),2019.0,W2914551589,2019,article,304.3222252953857,4.075620412235945,231,-0.0017574692442882249,49
62bebd280b1b,2019,260,260,88.70672656165678,-19.117685906460977,https://openalex.org/W2919099715,,トヨタ自動車未来創成センター,2019.0,W2919099715,2019,article,201.5916796140794,-7.63759158719803,231,-0.001979293544457978,35
648a01917ce3,2019,304,304,19.354926765546153,-20.702992779195608,https://openalex.org/W2985489019,10.1103/physreve.100.052303,豊田中央研究所,2019.0,W2985489019,2019,article,88.74293749047791,-10.865980318443242,231,-0.0002536783358701167,32
64fbec506d1c,2019,177,177,86.95448905693692,-3.0659040932953987,https://openalex.org/W2921737013,10.1016/j.jpowsour.2019.02.064,豊田中央研究所,2019.0,W2921737013,2019,article,107.37909048597152,-3.15289151172915,136,-0.0004085245455164431,29
691b574f30ae,2019,838,838,74.00438068396741,-0.6919196662805706,https://openalex.org/W2951461412,,トヨタ自動車未来創成センター,2019.0,W2951461412,2019,article,87.87227052122674,-2.791935082764841,561,-0.0015718972115910334,74
69ad9829dc95,2019,30,30,4.739123603820145,-57.33951120524882,https://openalex.org/W2970855822,,豊田中央研究所,2019.0,W2970855822,2019,article,52.39064107952015,4.368709087827559,3,-3.311433718342693e-05,19
74d1d9aa4eb7,2019,359,359,2.9911216141505017,-45.73251660339295,https://openalex.org/W2965720469,10.1016/j.asoc.2019.105682,豊田中央研究所,2019.0,W2965720469,2019,article,17.1193467264686,-39.73256469269797,136,1.1190438889013228e-05,56
819730a30c79,2019,331,331,34.10503224117498,-17.20810058863923,https://openalex.org/W2990767070,10.1038/s41598-019-54324-6,豊田中央研究所,2019.0,W2990767070,2019,article,19.24693850460071,-30.26552827431782,300,-8.320159747067144e-05,36
8528eb8cdf26,2019,94,92,17.803396113134305,-0.4856758790944374,https://openalex.org/W2947311533,,トヨタ自動車未来創成センター,2019.0,W2947311533,2019,article,38.048951048951075,1.640311309985473,105,0.013051963893632593,30
8532fbe50387,2019,238,238,11.995214505489614,-15.535883654885668,https://openalex.org/W2958768244,10.1016/j.compositesb.2019.107187,豊田中央研究所,2019.0,W2958768244,2019,article,113.23095920238303,-20.70481971021926,210,-0.00702265800980522,45
87932aedc212,2019,644,644,104.15264165170096,-6.588254390906674,https://openalex.org/W2949048446,10.1016/j.jpowsour.2019.226721,豊田中央研究所,2019.0,W2949048446,2019,article,145.23132379121307,-15.182145635572981,465,-0.00047445832674363435,62
8afae8fb5634,2019,9,9,280.0156273367525,20.891629277408523,https://openalex.org/W2990975554,10.1016/j.apsusc.2019.144813,豊田中央研究所,2019.0,W2990975554,2019,article,124.73676903467432,57.15804368918695,6,0.0,24
8b18c26f5781,2019,74,72,145.88641555464508,8.659310765970044,https://openalex.org/W2953827410,10.1016/j.compositesa.2019.105514,豊田中央研究所,2019.0,W2953827410,2019,article,90.08725052515656,-1.7048760231841906,66,-0.020785219399538105,25
8dbb4da58f57,2019,362,362,257.84351722438043,11.241302608847375,https://openalex.org/W2923062096,10.1021/acs.jpcc.9b01195,豊田中央研究所,2019.0,W2923062096,2019,article,392.40495995278957,30.237399094151336,276,-0.00028120496326760166,51
907a94c73649,2019,262,262,539.8896476026969,24.07316795330766,https://openalex.org/W2914890781,10.1038/s41467-019-08536-z,豊田中央研究所,2019.0,W2914890781,2019,article,676.485289984174,173.08101977508346,210,-0.0015965166908563134,50
91362cf0491b,2019,637,636,20.502134343114214,-36.47249185852896,https://openalex.org/W2968112904,10.1007/s12010-019-03108-9,豊田中央研究所,2019.0,W2968112904,2019,article,15.620689655172413,-15.027873609505098,351,-0.0004719949653870359,47
94f03262b23f,2019,17,16,510.72393619672835,3.846674398791821,https://openalex.org/W2965735194,10.1007/s00158-019-02341-4,豊田中央研究所,2019.0,W2965735194,2019,article,1372.4313509272986,13.0,15,-0.002598077422707197,13
9920fa812ab7,2019,258,254,22.9467821465729,0.1068859604519917,https://openalex.org/W2982081936,10.1007/s11340-019-00552-w,豊田中央研究所,2019.0,W2982081936,2019,article,93.44773971137796,4.783969554765455,210,-1.1001342163743977e-05,38
9defcdf411af,2019,329,296,7.059576403425309,-1.5677649880038858,https://openalex.org/W2931696084,,トヨタ自動車未来創成センター,2019.0,W2931696084,2019,article,6.333333333333333,-5.431725766078345,253,0.0002007897731075564,30
aabc78be0164,2019,180,180,-3.320558261184531,-46.28684732014949,https://openalex.org/W2910711584,10.1007/s00158-018-02187-2,豊田中央研究所,2019.0,W2910711584,2019,article,95.18169758706532,-18.59271070608474,153,-0.000740521327014218,48
b0cc27e28ca4,2019,83,83,71.33602661902434,-30.568031957353774,https://openalex.org/W2971258406,10.1016/j.molliq.2019.111567,豊田中央研究所,2019.0,W2971258406,2019,article,1206.4505585885493,66.21694038069931,36,-5.6439778756067275e-05,29
b867068a797e,2019,194,194,36.669392100858815,-17.942019032790174,https://openalex.org/W2990811730,10.1016/j.jpowsour.2019.227464,豊田中央研究所,2019.0,W2990811730,2019,article,198.14858804015591,-3.2042154589014467,120,-0.001724294400580815,45
b8c4e453c17b,2019,60,60,22.818914056723123,-40.54699158683886,https://openalex.org/W2997410131,10.1016/j.elecom.2019.106644,豊田中央研究所,2019.0,W2997410131,2019,article,2090.8951409943506,1.7395691686429477,28,-0.00033998483144598166,34
b8db44443d66,2019,128,128,255.8598036757764,0.6468006585800425,https://openalex.org/W2945673139,10.7567/1347-4065/ab0d06,豊田中央研究所,2019.0,W2945673139,2019,article,844.5254104248169,97.06217146016591,120,-0.0051099755609864475,52
bf633aca41b0,2019,308,308,13.927038431526924,-12.988757038737374,https://openalex.org/W2986021936,10.1080/00140139.2019.1683616,豊田中央研究所,2019.0,W2986021936,2019,article,173.88379626614227,-1.6265589096794941,171,0.0003749531308586427,57
c2a9ceb6c91e,2019,713,713,193.0258860197308,1.1906456627329656,https://openalex.org/W2908299407,10.1021/acsami.8b18088,豊田中央研究所,2019.0,W2908299407,2019,article,466.2415754653358,29.409741033306933,595,-0.0009517766497461929,68
c409bfe590bc,2019,7,7,180.02435055331586,19.354673434644894,https://openalex.org/W2914472749,10.1364/oe.27.002499,豊田中央研究所,2019.0,W2914472749,2019,article,152.28513747749298,137.16977746823775,6,-0.025473071324599708,7
d325ef8f3824,2019,123,123,21.54359102233814,-3.800034207805306,https://openalex.org/W2991521698,10.3390/app9235008,豊田中央研究所,2019.0,W2991521698,2019,article,19.314741510874054,-5.288735328251163,78,0.0002449179524859172,24
d91a49dff2bf,2019,16,16,63.18358513814435,-9.374407816870807,https://openalex.org/W2945002376,10.3390/app9101983,豊田中央研究所,2019.0,W2945002376,2019,article,349.39674464420494,10.682360888994184,6,5.751357320327597e-05,11
e060b98a7df3,2019,159,149,9.666666666666664,-18.609082523091523,https://openalex.org/W2968241482,10.1016/j.conengprac.2019.104114,豊田中央研究所,2019.0,W2968241482,2019,article,231.00468525723443,-6.421152161687902,78,1.0483718784727318e-05,38
e1cb6802c070,2019,123,123,-3.644287975650808,-76.21508431941227,https://openalex.org/W2946484354,,トヨタ自動車未来創成センター,2019.0,W2946484354,2019,article,-12.049808239953107,-83.16536847214925,66,-0.0004789272030651341,19
e1db59ff2223,2019,31,31,111.2847947734277,1.5827680307534828,https://openalex.org/W2984868618,10.1016/j.ijhydene.2019.10.105,豊田中央研究所,2019.0,W2984868618,2019,article,420.6744560950235,3.2527752938778307,21,-0.010424422933730455,18
e2975bb03fa9,2019,180,180,128.68148825352318,5.3260580799473685,https://openalex.org/W2982535948,10.1021/acs.inorgchem.9b02709,AISIN IMRA(日本・aisin.com),2019.0,W2982535948,2019,article,301.67618193134297,20.73395632791103,136,-4.752083788741363e-05,44
e60ed3dfaed8,2019,956,956,110.27955718899982,-18.601625695726035,https://openalex.org/W2913880202,10.1080/14686996.2019.1578183,豊田中央研究所,2019.0,W2913880202,2019,article,187.4204912819085,11.982660616015963,666,-3.2134502172292343e-05,73
ed3d3fcd7d15,2019,238,238,50.79868605894616,-20.13749938480783,https://openalex.org/W2938247778,,AISIN IMRA(日本・aisin.com),2019.0,W2938247778,2019,article,53.10391632143349,-26.694119804885375,171,-0.008363201911589008,31
efbd8be53d77,2019,414,414,97.91885617382243,-13.85177783041445,https://openalex.org/W2929595970,10.1002/pip.3129,豊田中央研究所,2019.0,W2929595970,2019,article,369.3505992355782,-8.933267062286694,325,-0.0008277003724651677,63
f23efac3ac9c,2019,179,179,485.8676418723978,4.479464339020597,https://openalex.org/W2962758216,10.1021/acs.jpclett.9b01670,豊田中央研究所,2019.0,W2962758216,2019,article,562.7514554128779,-6.580501670027507,120,-0.0002822466836014677,39
f8e7fa4fef81,2019,237,237,13.514492570346926,-16.147652565623478,https://openalex.org/W2946590662,10.1016/j.apenergy.2019.05.065,豊田中央研究所,2019.0,W2946590662,2019,article,20.028062504177303,-7.866999499489959,190,-0.001661631419939577,31
f9574c4ea78c,2019,357,352,7.127664350367747,-32.95415899138524,https://openalex.org/W2945544002,10.1039/c9gc00525k,豊田中央研究所,2019.0,W2945544002,2019,article,8.810595983971806,-42.20355235526407,190,0.00015377518068583732,37
fa69d608af2b,2019,23,23,363.3674462821021,9.762463402899392,https://openalex.org/W2952996180,10.1177%2f1468087419848236,豊田中央研究所,2019.0,W2952996180,2019,article,513.277825713974,12.794574622358123,21,-0.005235602094240838,9
faf402990b3c,2019,330,330,54.68689398284568,-12.664384192528145,https://openalex.org/W2982092939,10.1016/j.jpowsour.2019.227351,豊田中央研究所,2019.0,W2982092939,2019,article,50.23660834825921,-35.09464248430695,190,-0.00017278617710583154,33
fe74947aa34c,2019,258,255,6.333333333333332,-13.8802296499543,https://openalex.org/W2990929481,10.1007/s00158-019-02418-0,トヨタ自動車未来創成センター,2019.0,W2990929481,2019,article,335.99418864713897,-17.533347958234344,190,-0.00019928258270227183,53
0506b29523e0,2020,1096,1095,77.41809970647796,-7.061376708232073,https://openalex.org/W3046503435,10.1021/acs.jpclett.0c01061,豊田中央研究所,2020.0,W3046503435,2020,article,256.1517196666031,7.887634564651264,903,-0.002554278416347382,94
055660bec4db,2020,177,176,54.13585111566047,-23.133353710399277,https://openalex.org/W3115891827,10.35848/1347-4065/abd539,AISIN IMRA(米国・imra.com),2020.0,W3115891827,2020,article,133.96509258112357,-13.97627714629168,136,0.0,31
0a4f67d7efa2,2020,332,332,10.922304075171391,-50.905455208912805,https://openalex.org/W3005426019,10.3390/molecules25030761,豊田中央研究所,2020.0,W3005426019,2020,article,16.66993750122066,-32.02828233728769,190,-0.0007140307033202428,36
1132359b512f,2020,340,340,357.7687655880326,38.272131631445674,https://openalex.org/W3017185512,10.1038/s41467-020-15850-4,豊田中央研究所,2020.0,W3017185512,2020,article,407.6370896408252,51.31005415088761,253,-0.00041152263374485596,55
1207ea357f89,2020,39,39,251.0763698502903,9.190689025290323,https://openalex.org/W3036147805,10.1109/tpel.2020.3003618,豊田中央研究所,2020.0,W3036147805,2020,article,2166.6976433465998,94.36949629690157,66,0.006708760852407261,38
144b89d5eaf0,2020,71,71,480.0000159621597,28.887538227839094,https://openalex.org/W3080513741,10.1016/j.cattod.2020.08.019,豊田中央研究所,2020.0,W3080513741,2020,article,1075.0741219926906,217.7201419660158,36,0.00332667997338656,20
15b165947742,2020,283,283,478.6667657420412,58.9651021820406,https://openalex.org/W3087452068,10.1016/j.jpowsour.2020.228926,豊田中央研究所,2020.0,W3087452068,2020,article,646.7507360960634,64.5487211455609,210,-0.0018790570550051248,47
189f5c2c8316,2020,110,109,1.3416407864998738,-10.474914822091318,https://openalex.org/W3090569407,10.1016/j.measurement.2020.108530,豊田中央研究所,2020.0,W3090569407,2020,article,9.819388074905945,-20.609654022112462,55,0.000970873786407767,21
1ae39310f94e,2020,215,215,110.8675173131974,-16.06466564686058,https://openalex.org/W3011304249,10.1016/j.apsusc.2020.146058,豊田中央研究所,2020.0,W3011304249,2020,article,192.08463788470164,18.97011851343079,190,-0.0002818754110683078,33
1d43bf8758de,2020,141,141,218.4801756589446,3.064338984251681,https://openalex.org/W3016590251,10.1039/d0ra02344b,豊田中央研究所,2020.0,W3016590251,2020,article,571.7199530300912,53.12491145843674,105,0.0021645021645021645,31
2322e40dc6bc,2020,15,14,-0.2644015835924148,-9.641553021024652,https://openalex.org/W3092475698,10.1109/tits.2020.3026679,豊田中央研究所,2020.0,W3092475698,2020,article,0.5714285714285713,-6.269545391740097,3,0.0048543689320388345,12
27c195fa72d9,2020,217,217,321.6898185830298,12.478005423525143,https://openalex.org/W3067846212,10.1016/j.jpowsour.2020.228584,豊田中央研究所,2020.0,W3067846212,2020,article,482.3330892362675,72.56386975570133,190,-0.0047694753577106515,41
2b3bda66c720,2020,194,194,61.4050158290151,1.7703663329733137,https://openalex.org/W3020990750,,トヨタ自動車未来創成センター,2020.0,W3020990750,2020,article,137.87050014111176,28.819383565170632,171,-0.009408602150537635,35
3624008ea75c,2020,70,70,211.33640252249148,31.65416991715097,https://openalex.org/W3080715543,10.1021/acs.inorgchem.0c01482,AISIN IMRA(日本・aisin.com),2020.0,W3080715543,2020,article,388.16275891570655,40.70874802870977,66,-0.00029394473838918284,20
40c3900e414c,2020,613,613,174.26246857579392,1.1348587269514467,https://openalex.org/W3012111352,,トヨタ自動車未来創成センター,2020.0,W3012111352,2020,article,442.3866338054732,23.11811659006643,496,-7.769019973444078e-05,80
4315f6ee6cc0,2020,39,36,19.75751436305579,-7.556008922874417,https://openalex.org/W3043041792,10.1016/j.eml.2020.100867,豊田中央研究所,2020.0,W3043041792,2020,article,64.02329506503571,-33.92150478460505,28,-0.004244482173174873,19
4cd5da3f8b8e,2020,12,12,79.25146884523119,3.8855705574291823,https://openalex.org/W3015629277,10.1016/j.mechmachtheory.2020.103880,豊田中央研究所,2020.0,W3015629277,2020,article,77.75008617582698,5.427602585850971,10,0.024752475247524754,13
506a1080ada9,2020,258,257,28.171363813895784,-27.939680875847262,https://openalex.org/W3012047476,10.1016/j.triboint.2020.106304,豊田中央研究所,2020.0,W3012047476,2020,article,33.29077204832818,-17.216510104059157,231,0.0,29
595e09614da9,2020,109,109,99.37159883478483,-8.906010787538213,https://openalex.org/W3082305404,10.1007/s10853-020-05169-2,豊田中央研究所,2020.0,W3082305404,2020,article,209.7592908993018,6.583786996108976,91,-0.00046533271288971617,19
59cf6843c915,2020,155,155,103.09489419444934,-16.52671110342398,https://openalex.org/W3081863494,10.1021/acs.inorgchem.0c02090,AISIN IMRA(日本・aisin.com),2020.0,W3081863494,2020,article,174.51488355485742,-1.1221650639724394,120,0.0,21
5a21732a5b83,2020,51,51,82.26814461896912,0.0,https://openalex.org/W3085574276,10.1016/j.compositesa.2020.106115,豊田中央研究所,2020.0,W3085574276,2020,article,164.1744981486141,14.6077752164453,36,-0.009296148738379814,25
5bb3bccedf53,2020,714,714,179.02401610396845,10.443513231254563,https://openalex.org/W2998843146,10.1111/tpj.14687,豊田中央研究所,2020.0,W2998843146,2020,article,298.5239244988591,49.48795868847688,378,-4.195158786760079e-05,62
5e8c0cf41e6b,2020,536,536,228.8803821890452,34.04792643722701,https://openalex.org/W3037607497,10.1111/tpj.14888,豊田中央研究所,2020.0,W3037607497,2020,article,364.12877384286423,52.29977193874724,210,-0.00019557989438685703,54
6008737b26b3,2020,106,106,14.369728557384535,-11.766425336042854,https://openalex.org/W3016760652,10.1016/j.robot.2020.103527,豊田中央研究所,2020.0,W3016760652,2020,article,172.17585113893017,10.19985290234049,78,0.0,46
61ddd223a0b4,2020,141,141,301.82192866658266,4.092908184781967,https://openalex.org/W2999832125,10.1021/acs.iecr.9b05970,豊田中央研究所,2020.0,W2999832125,2020,article,433.41265615072564,101.42711696693111,120,0.006396588486140725,32
654c8be729a9,2020,174,165,-1.3142574813455417,-52.21183678608251,https://openalex.org/W3094602391,10.1162/neco_a_01333,豊田中央研究所,2020.0,W3094602391,2020,article,38.53811953701185,-8.672011828502269,45,-9.674922600619196e-05,30
67639a157887,2020,107,107,29.31578947368421,-23.605291672863032,https://openalex.org/W3037085313,10.1016/j.bbrc.2020.05.213,AISIN IMRA(米国・imra.com),2020.0,W3037085313,2020,article,30.438385606862653,-28.64423312615489,78,-0.0017953321364452424,19
68eb53081212,2020,23,22,48.43591577071911,7.229423668774431,https://openalex.org/W3036195468,10.1177%2f1468087420931247,豊田中央研究所,2020.0,W3036195468,2020,article,578.6378295232106,11.62586402319046,10,-0.004132231404958678,15
6f916e51d266,2020,112,112,247.36302756388784,-40.98170093838495,https://openalex.org/W3037526837,10.1002/admt.202000254,豊田中央研究所,2020.0,W3037526837,2020,article,217.3758925321725,-17.23014326432175,91,3.175157567194272e-05,24
70199f67b6cd,2020,412,412,14.213783519372694,-19.717788285335168,https://openalex.org/W3088320917,10.1021/acs.jcim.0c00692,豊田中央研究所,2020.0,W3088320917,2020,article,23.827523175581074,-17.554807704963338,325,-5.950078838544611e-05,39
70e545fca1e3,2020,332,332,301.7855571857591,9.06802720793091,https://openalex.org/W3088090278,10.1039/d0ta07707k,豊田中央研究所,2020.0,W3088090278,2020,article,405.89789120850486,33.06996349263726,276,8.101101749837978e-05,33
71c35125510f,2020,108,108,383.0079181428856,107.40241701521936,https://openalex.org/W3019511690,10.1149/1945-7111/ab8b97,豊田中央研究所,2020.0,W3019511690,2020,article,781.2793483800993,97.84897622463824,91,-0.006056527590847914,27
7331f3e8995a,2020,212,211,5.958519764475163,-9.798771622798473,https://openalex.org/W3039586424,10.1016/j.ijheatmasstransfer.2020.120081,豊田中央研究所,2020.0,W3039586424,2020,article,147.47933362391439,-6.598345256912385,120,-0.00040941658137154553,29
739cc3e7a4c4,2020,82,82,316.0328803530596,36.13131717591744,https://openalex.org/W3041236441,10.35848/1882-0786/aba494,豊田中央研究所,2020.0,W3041236441,2020,article,828.4133555343026,126.435849202796,66,-0.0020798668885191347,32
76ef1c151dbc,2020,218,216,5.743696671298812,-16.872658040941065,https://openalex.org/W3082761471,10.14778/3407790.3407818,豊田中央研究所,2020.0,W3082761471,2020,article,67.57188815401723,-5.391205205889474,171,-0.0003388328511481221,61
842346c1157b,2020,236,236,24.680225366605537,-1.6742843224622894,https://openalex.org/W3005696980,10.1109/tcns.2020.2972590,豊田中央研究所,2020.0,W3005696980,2020,article,287.6716661508511,12.809538483048303,136,-0.00026125576939824087,45
8745baba9eb7,2020,443,443,326.7876151895068,16.7507586952927,https://openalex.org/W3014500671,10.1021/acs.chemmater.9b04984,豊田中央研究所,2020.0,W3014500671,2020,article,480.6536874949074,25.77304486011322,351,-0.0003178235443681668,53
8766c1c7499a,2020,47,44,240.1707203230266,9.51661638902951,https://openalex.org/W3048665232,10.1177%2f1468087420945905,豊田中央研究所,2020.0,W3048665232,2020,article,1193.9798255189712,81.60202694047604,28,-0.0021141649048625794,20
91915a5261d7,2020,241,241,383.8668441516128,-18.98429976808808,https://openalex.org/W3128507998,10.1002/cssc.202002557,豊田中央研究所,2020.0,W3128507998,2020,article,518.7883568666244,7.17320391536608,190,-0.0033117804762655733,39
924f917944e7,2020,237,237,310.27273161739856,33.00944683019805,https://openalex.org/W3113400144,10.1021/acs.chemmater.0c04570,豊田中央研究所,2020.0,W3113400144,2020,article,334.2732118990209,37.717582356849185,190,-0.01017984390906006,30
9378c80aa06e,2020,124,97,38.66479270097553,0.056508877447869,https://openalex.org/W3007851985,10.1038/s41598-020-59179-w,豊田中央研究所,2020.0,W3007851985,2020,article,40.72120417136148,1.6713830304680029,66,0.0,38
948ef8d751d5,2020,111,111,118.264571553581,-21.2727484201207,https://openalex.org/W3038269138,10.1364/ol.398345,AISIN IMRA(米国・imra.com),2020.0,W3038269138,2020,article,239.53718475649814,-1.1948616222526363,105,-0.0022639800769753225,30
951a88b7dad8,2020,569,569,3.0,-22.333106529619275,https://openalex.org/W3026536569,10.1038/s42005-020-0338-y,豊田中央研究所,2020.0,W3026536569,2020,article,39.293565836329705,-19.829214671525403,435,-3.532476707731709e-05,50
97acc8adcdff,2020,219,219,303.65373654810975,-9.54204337569286,https://openalex.org/W3019268428,10.1246/bcsj.20200044,豊田中央研究所,2020.0,W3019268428,2020,article,332.2600095811473,-10.819013420683957,190,-0.0006013831813170291,37
a32287fa690e,2020,160,160,372.3911028092192,44.754706930659474,https://openalex.org/W3029501683,10.1016/j.jelechem.2020.114250,豊田中央研究所,2020.0,W3029501683,2020,article,456.8351923886913,45.00688128159458,120,-0.015345268542199489,30
a3a98f9f1c8f,2020,333,330,8.598294932465816,-28.00122867800621,https://openalex.org/W3031709455,10.1021/acs.analchem.0c00370,豊田中央研究所,2020.0,W3031709455,2020,article,13.848630342349692,-25.545936070644544,253,-0.0011465866995942846,38
a564ffe029cb,2020,412,412,42.9598331323857,-18.139146292665192,https://openalex.org/W3046435354,10.1016/j.carbon.2020.07.047,豊田中央研究所,2020.0,W3046435354,2020,article,148.46221013990638,-14.4760845306228,300,-0.013737836290784202,46
a598563f6426,2020,177,177,20.87683178222112,-5.955107844278947,https://openalex.org/W3003851191,10.1016/j.cma.2019.112763,豊田中央研究所,2020.0,W3003851191,2020,article,291.5487159686394,4.4566881162492455,91,-0.004456327985739751,32
b2a807d42b60,2020,85,85,476.3821021110672,-8.721161953702905,https://openalex.org/W2999387408,10.1364/ol.383036,AISIN IMRA(米国・imra.com),2020.0,W2999387408,2020,article,1188.9679600028371,174.73017850268116,66,-0.003990178023327195,23
b3f4bf80e66b,2020,261,261,363.5943112219043,27.55874632341844,https://openalex.org/W2998526596,10.1039/c9cc09051g,豊田中央研究所,2020.0,W2998526596,2020,article,375.7563288755661,25.42386388523709,231,-0.0013513513513513514,33
b974472df54a,2020,59,59,260.2176709508704,3.908084806117151,https://openalex.org/W3084742387,10.1149/1945-7111/abb7e6,豊田中央研究所,2020.0,W3084742387,2020,article,334.2732118990209,71.80138849087695,28,0.00041981528127623844,22
bc536ccccd39,2020,194,192,2.710960485511691,-38.927919751015935,https://openalex.org/W3082783730,10.1021/acsomega.0c02933,AISIN IMRA(日本・aisin.com),2020.0,W3082783730,2020,article,9.072826867321265,-41.791300745498646,190,0.00028153153153153153,26
c5373839c4d0,2020,287,284,44.39177524953855,-9.9770475100001,https://openalex.org/W3088294940,,トヨタ自動車未来創成センター,2020.0,W3088294940,2020,article,71.19354838709677,-9.33398269716093,231,-0.0014605100550499944,43
d00b67385d55,2020,390,390,374.69768257069666,30.908982259979837,https://openalex.org/W3024709002,,トヨタ自動車未来創成センター,2020.0,W3024709002,2020,article,559.9570778070045,60.05056052373655,351,-0.0014347202295552368,46
d1611c0113d3,2020,258,258,10.987678118455529,-47.616179313466674,https://openalex.org/W3047501426,10.1109/tpel.2020.3013399,豊田中央研究所,2020.0,W3047501426,2020,article,40.10400950345649,-57.83049313160073,231,-0.0007445224420336099,42
d302e98b589f,2020,472,471,0.6201736729460422,-39.002332478015475,https://openalex.org/W3004136046,10.1038/s41598-020-58081-9,豊田中央研究所,2020.0,W3004136046,2020,article,-1.898272398644102,-44.80655771645407,210,0.0,38
d3fad117f121,2020,128,128,609.0074783701834,141.32344544295117,https://openalex.org/W3080420415,10.1021/acs.jpclett.0c01877,豊田中央研究所,2020.0,W3080420415,2020,article,763.9375060820666,132.7891655955389,105,-0.0006032575909913533,32
d492ca90aab5,2020,37,32,96.059193094783,17.355882352941176,https://openalex.org/W3036480421,,トヨタ自動車未来創成センター,2020.0,W3036480421,2020,article,51.49031563475472,-1.6325456948772932,55,-0.0010152284263959391,27
d59ef6856782,2020,240,240,92.1274173391664,-34.308698587895,https://openalex.org/W3013780659,,トヨタ自動車未来創成センター,2020.0,W3013780659,2020,article,213.70710485294308,-9.450254180085185,153,-0.009769933816577371,36
d608d5ab506d,2020,570,567,36.878909645924175,-1.9211240597456736,https://openalex.org/W3009050857,10.1039/c9ce01971e,豊田中央研究所,2020.0,W3009050857,2020,article,148.57129421205047,10.22656134677052,325,-0.0004103967168262654,63
d97d2f5454d9,2020,826,825,6.964377714502258,-10.025139636322685,https://openalex.org/W3110328839,10.3389/fneur.2020.596632,AISIN IMRA(米国・imra.com),2020.0,W3110328839,2020,article,1.0753552227211165,-24.672014494726703,210,0.0,47
d9e378213490,2020,443,443,90.81655816248066,-22.169428523107005,https://openalex.org/W3037447001,,トヨタ自動車未来創成センター,2020.0,W3037447001,2020,article,143.4958847426345,-9.492112711347612,351,-0.0019718680163007757,40
e412e60bed4c,2020,441,441,77.35758915169461,-15.403218605444849,https://openalex.org/W3017826127,10.1038/s41427-020-0211-1,豊田中央研究所,2020.0,W3017826127,2020,article,66.73310086097868,-20.112573070484924,325,-0.00018695620910332925,38
e520c37a5e2c,2020,58,58,218.95128745159255,22.81492209216948,https://openalex.org/W3026658737,10.1364/ol.392578,AISIN IMRA(米国・imra.com),2020.0,W3026658737,2020,article,1130.0867817582048,74.64788408418669,55,-0.00546448087431694,29
e5ccfdc37bf7,2020,238,238,83.58843046598278,-18.332409129046084,https://openalex.org/W3011651006,10.1007/s10854-020-03211-2,豊田中央研究所,2020.0,W3011651006,2020,article,113.54742629411736,-2.702290867577967,190,0.0,42
e8d00ca7dc08,2020,233,213,8.306623862918077,-6.481717787810758,https://openalex.org/W3044114636,10.1080/10255842.2020.1795142,豊田中央研究所,2020.0,W3044114636,2020,article,8.303282232779264,-10.569289336626923,78,-0.0006455777921239509,25
eb2ae282030f,2020,37,37,55.81318399544932,5.328637593780588,https://openalex.org/W3114570494,10.1080/01691864.2020.1863260,トヨタ自動車未来創成センター,2020.0,W3114570494,2020,article,441.31057956257,14.806798010992944,45,-0.00023832221163012392,26
ebbae55688d7,2020,919,919,106.12727125799093,-1.97143721918318,https://openalex.org/W2999702058,10.1021/acs.chemmater.9b02044,豊田中央研究所,2020.0,W2999702058,2020,article,161.7550732645036,17.497191625628286,666,-2.5803455082635563e-05,73
ec00b36d914f,2020,84,84,182.7155770415775,1.355914972490282,https://openalex.org/W3115171496,10.1063/5.0030825,豊田中央研究所,2020.0,W3115171496,2020,article,828.4133555343026,27.065895369632194,55,-0.006462731581214994,31
f3e11bf7d10e,2020,261,256,31.97566251365168,-9.443293769027338,https://openalex.org/W3088156800,10.1080/10402004.2020.1820123,豊田中央研究所,2020.0,W3088156800,2020,article,131.19392742355245,-0.517247504674954,190,-0.00123334977799704,47
fd6f17d55ed0,2020,416,416,276.83042686779106,-2.8002258827747606,https://openalex.org/W3083229727,10.1021/acscatal.0c01593,豊田中央研究所,2020.0,W3083229727,2020,article,501.21000088046117,8.873114194600237,325,-0.0006449235304956698,53
fdcffd044b77,2020,329,317,4.538461538461538,-46.10558342170728,https://openalex.org/W3099034975,10.1038/s41598-020-76527-y,豊田中央研究所,2020.0,W3099034975,2020,article,67.25940139423788,-23.339060671364106,120,-6.625368536124821e-05,37
026001f353bd,2021,639,639,212.71149507210097,-5.837839609722155,https://openalex.org/W3127744242,10.1021/acsnano.0c08290,豊田中央研究所,2021.0,W3127744242,2021,article,336.9778232524957,-1.18941872935253,561,-2.8079633841574706e-05,54
0bfb72a23530,2021,2099,2099,35.366033174799355,-25.622162451444424,https://openalex.org/W3143062591,10.1021/acs.chemmater.1c00336,AISIN IMRA(米国・imra.com),2021.0,W3143062591,2021,article,65.3873271629829,-21.775326829711105,1431,-6.76773145641581e-05,95
0cd754b72582,2021,505,505,317.3227862540704,37.54058336232369,https://openalex.org/W3214045451,10.1021/acssuschemeng.1c06390,豊田中央研究所,2021.0,W3214045451,2021,article,418.8547316601177,42.525575740797166,378,-0.001682085786375105,48
13b111cc27fa,2021,572,566,1.9999999999999996,-32.59983192432429,https://openalex.org/W3158982304,10.1016/j.jneumeth.2021.109215,豊田中央研究所,2021.0,W3158982304,2021,article,6.333333333333333,-21.727487209535493,406,0.0002990430622009569,52
140342bb6f20,2021,387,387,57.22292016613172,-5.5188279105672455,https://openalex.org/W3157392895,,トヨタ自動車未来創成センター,2021.0,W3157392895,2021,article,59.91336687769609,-6.09830541768783,300,-0.007157464212678937,41
1925ac4fe1eb,2021,126,126,800.0312909309882,290.767003116392,https://openalex.org/W3127136564,10.1149/1945-7111/abe34b,豊田中央研究所,2021.0,W3127136564,2021,article,706.3045529801835,299.5669821265853,105,-0.0003351206434316354,31
194945adb4d3,2021,178,178,227.2291784995557,0.600492875413383,https://openalex.org/W3134139808,10.1016/j.jelechem.2021.115115,豊田中央研究所,2021.0,W3134139808,2021,article,328.11270933856036,-0.5570860145311556,153,-0.0025921658986175116,38
1a579881105c,2021,180,179,71.70648478994661,-15.615784002427516,https://openalex.org/W3171479198,10.1021/acssuschemeng.1c02105,豊田中央研究所,2021.0,W3171479198,2021,article,1208.6033010523179,3.4867717650209338,171,-0.0010507246376811595,56
2468c6cb6d58,2021,31,31,900.8727315609792,2.23606797749979,https://openalex.org/W3163436309,10.1109/jphot.2021.3079933,豊田中央研究所,2021.0,W3163436309,2021,article,2014.025235902207,13.02033411741421,28,0.0007930214115781126,19
2676674cf3fa,2021,640,640,103.40184285528996,-11.97972368571392,https://openalex.org/W3126417102,10.1016/j.joule.2021.01.002,豊田中央研究所,2021.0,W3126417102,2021,article,222.598820159471,-1.1677484162422844,465,-0.0031650841246043645,51
2c5a4b7fddcc,2021,180,180,132.67263349648977,-20.88210366965587,https://openalex.org/W3128828800,,トヨタ自動車未来創成センター,2021.0,W3128828800,2021,article,115.96830597457688,-21.27930049446068,190,-0.0008764241893076249,46
2e3443dcdd7b,2021,92,92,8.073954330378662,-16.923252613936505,https://openalex.org/W3216575798,,トヨタ自動車未来創成センター,2021.0,W3216575798,2021,article,116.02129989353466,-6.026113970609657,78,0.0,28
333dd0a7d26d,2021,412,412,8.832720523095226,-33.99635377305205,https://openalex.org/W3118676914,10.1038/s41467-020-20276-z,AISIN IMRA(米国・imra.com),2021.0,W3118676914,2021,article,22.4190780979394,-20.532609516887657,325,0.0017139796464916979,41
35324f645852,2021,476,469,59.92092490423784,-9.6562349185603,https://openalex.org/W3139329743,10.1002/ggn2.10040,AISIN IMRA(日本・aisin.com),2021.0,W3139329743,2021,article,161.21444193234615,-0.9464189466215587,406,-0.00028625954198473283,54
409870da2c10,2021,123,123,7.159949028312946,-7.406072035465072,https://openalex.org/W3166736434,10.1016/j.tws.2021.108010,豊田中央研究所,2021.0,W3166736434,2021,article,255.79134884482764,6.359165036667167,21,-0.0008216926869350862,27
438325c7829e,2021,11,11,114.24799443136544,0.0840662703418394,https://openalex.org/W3203648144,,トヨタ自動車未来創成センター,2021.0,W3203648144,2021,article,5124.1340999143395,156.1040510237569,10,0.0,15
582ffd86f677,2021,501,491,2.0,-44.186473327525626,https://openalex.org/W3127384664,10.1038/s41598-021-82740-0,豊田中央研究所,2021.0,W3127384664,2021,article,-0.1576691400560745,-56.888482633244884,210,-0.001888985759953502,50
58efc627e18e,2021,644,644,87.273077239044,-12.973321174084283,https://openalex.org/W3214235559,10.1016/j.ensm.2021.11.013,豊田中央研究所,2021.0,W3214235559,2021,article,218.64370876704683,-6.391176874237357,528,-6.532105297537396e-05,68
5b5d15d42d8b,2021,444,444,165.70115089042866,-10.954006383841865,https://openalex.org/W3155397888,10.1016/j.jpowsour.2021.229788,豊田中央研究所,2021.0,W3155397888,2021,article,439.1498608711875,-5.621556135309684,351,-0.0004437738528445904,67
6044a8508221,2021,357,356,132.91184976871818,-16.685588724805786,https://openalex.org/W3171250805,10.1021/acsomega.1c01535,豊田中央研究所,2021.0,W3171250805,2021,article,248.4302896659707,-12.49889115169855,325,-0.01320321469575201,47
6b3c5fd5ef28,2021,197,197,207.1892626147613,-3.99643836555152,https://openalex.org/W3135752247,10.1016/j.compositesa.2021.106338,豊田中央研究所,2021.0,W3135752247,2021,article,257.3118031134717,-3.058059358966969,190,-0.001017293997965412,34
74417f7270c2,2021,531,531,16.208718289136648,-31.66026360793294,https://openalex.org/W3188421958,10.1021/acsnano.1c03035,AISIN IMRA(米国・imra.com),2021.0,W3188421958,2021,article,23.40510665789644,-32.814114651182166,276,-0.0018671645772205922,37
768082aac403,2021,94,90,6.493194807789811,-10.16661375854262,https://openalex.org/W3141566799,10.1016/j.jpowsour.2021.229800,豊田中央研究所,2021.0,W3141566799,2021,article,448.0542847553124,-2.104021270539884,55,0.0005260389268805891,25
7e70f9aa21b2,2021,124,124,222.06979780012975,31.168664085509615,https://openalex.org/W3193809359,10.1039/d1cp02613e,AISIN IMRA(日本・aisin.com),2021.0,W3193809359,2021,article,186.80704504707518,17.03354286311254,120,-0.005945303210463734,27
8d0baa6811a4,2021,504,504,11.519231529110828,-42.33574788598441,https://openalex.org/W3134665544,10.1016/j.sna.2021.112655,AISIN IMRA(日本・aisin.com),2021.0,W3134665544,2021,article,25.05093388513057,-53.164624439843834,351,0.000354735721887194,55
8e431102a190,2021,235,235,96.55840883004169,5.040784256330427,https://openalex.org/W3184131807,10.1016/j.elecom.2021.107099,豊田中央研究所,2021.0,W3184131807,2021,article,112.72188956695493,7.538450156456846,190,-0.0014084507042253522,30
8fdeb70de0e5,2021,505,505,161.76160442659645,-12.519099768532303,https://openalex.org/W3148969157,10.1016/j.joule.2021.02.015,豊田中央研究所,2021.0,W3148969157,2021,article,381.75285585234224,24.9361449748412,325,-0.003871570656164475,55
91abded8809b,2021,175,175,117.07593577821378,14.734301685296348,https://openalex.org/W4200422723,10.1021/acs.chemmater.1c03343,AISIN IMRA(日本・aisin.com),2021.0,W4200422723,2021,article,107.02785224885022,13.786232655678798,136,-9.706853038245001e-06,28
99212c83a3d7,2021,126,126,499.04170019379,68.52103151183755,https://openalex.org/W3160050504,10.1364/optica.427977,AISIN IMRA(米国・imra.com),2021.0,W3160050504,2021,article,904.663316604863,198.68746831275465,105,0.0005685048322910744,31
9a26fdb832dd,2021,98,98,172.41780202965143,-17.71986806349229,https://openalex.org/W3168669779,10.1016/j.elecom.2021.107059,豊田中央研究所,2021.0,W3168669779,2021,article,891.9549418463774,-2.4845958819871603,66,-3.696311081540623e-05,34
a4f1361ca8da,2021,157,157,366.97682999706393,33.70510120543006,https://openalex.org/W3138966673,10.1021/acsaem.0c02971,豊田中央研究所,2021.0,W3138966673,2021,article,374.43819077347325,17.837575769613856,153,-0.0005652911249293386,26
a50a9d26ea49,2021,176,172,14.958327203059827,-5.2315798769388655,https://openalex.org/W3173143252,10.1109/access.2021.3091757,豊田中央研究所,2021.0,W3173143252,2021,article,24.749145987516957,-3.667118417150163,171,0.00012006964039142703,35
a5678f00dcfb,2021,140,140,206.43953079802168,13.049810775916548,https://openalex.org/W3166887568,10.1016/j.jallcom.2021.160733,AISIN IMRA(日本・aisin.com),2021.0,W3166887568,2021,article,540.5047247678257,55.69512460801967,105,-2.66844563042028e-05,31
a6302d08bc70,2021,236,236,154.76081849934377,1.0016059730987286,https://openalex.org/W3197425957,10.1073/pnas.2101101118,AISIN IMRA(日本・aisin.com),2021.0,W3197425957,2021,article,381.5139611361403,20.73499540752811,171,-0.016229712858926344,39
aab54922c525,2021,23,23,152.49983606548565,-0.3888424806503993,https://openalex.org/W3155606610,10.1109/tpel.2021.3073991,豊田中央研究所,2021.0,W3155606610,2021,article,571.461198771468,12.847281096751459,21,-0.008869179600886918,18
aae8e51eeeb8,2021,39,39,30.48038742463268,-20.69088109411984,https://openalex.org/W3163948835,10.1109/tpel.2021.3081121,豊田中央研究所,2021.0,W3163948835,2021,article,58.60309421055638,-5.304649619532995,55,0.0,21
ab48e902e881,2021,161,161,221.43199190884903,31.128791715519224,https://openalex.org/W3126686073,10.1038/s43246-020-00116-9,AISIN IMRA(日本・aisin.com),2021.0,W3126686073,2021,article,290.20756767188567,29.734238295115617,153,-0.0003748125937031484,46
b64d72588d55,2021,304,302,22.844196331353483,-1.7793994383912817,https://openalex.org/W3201035186,,トヨタ自動車未来創成センター,2021.0,W3201035186,2021,article,18.997393366253224,-3.5689703028138404,136,0.0001902587519025875,28
b6c429dd1a94,2021,174,174,127.36550743194296,-11.024331255605226,https://openalex.org/W3212287534,10.1021/acs.inorgchem.1c02604,AISIN IMRA(日本・aisin.com),2021.0,W3212287534,2021,article,260.3878216188397,16.113706578818725,120,-8.013676674858425e-05,27
bba9a9c60e94,2021,281,281,42.175136748035406,-18.68871820681426,https://openalex.org/W3144412032,10.1246/bcsj.20200387,豊田中央研究所,2021.0,W3144412032,2021,article,60.85477222299679,-14.758739521269913,253,-7.558578987150416e-05,33
bcff240f9eed,2021,417,417,173.55596562494668,-12.87219853932863,https://openalex.org/W3195792810,10.1038/s41467-021-25301-3,豊田中央研究所,2021.0,W3195792810,2021,article,332.4995681483579,20.575104695169028,253,-0.003851994518315493,55
c1b40c48d343,2021,199,199,446.98079670654295,44.65185423262647,https://openalex.org/W3118291135,10.1039/d0ta10215f,豊田中央研究所,2021.0,W3118291135,2021,article,848.7724258894744,76.96483448370091,153,-0.0008320852055250458,39
cefee6d1f84d,2021,216,216,113.27838557786504,4.952485390747711,https://openalex.org/W3215391064,,AISIN IMRA(日本・aisin.com),2021.0,W3215391064,2021,article,197.70961051524552,17.37222953125095,136,0.00021510002151000216,30
d7e466fe9b68,2021,384,384,21.44109016054688,-11.045793767810554,https://openalex.org/W3155804136,10.1038/s41467-021-26652-7,AISIN IMRA(日本・aisin.com),2021.0,W3155804136,2021,article,33.0,-6.441214952430813,253,0.0022606382978723402,35
db19d8fe035f,2021,216,216,94.94960431098076,-24.164980718861187,https://openalex.org/W4200326678,,トヨタ自動車未来創成センター,2021.0,W4200326678,2021,article,191.71972752080003,-2.5841279790672305,136,-0.0035739814152966403,27
e053f4e24d79,2021,83,83,26.99338543315486,-1.7707303697559775,https://openalex.org/W3140898540,10.1109/tits.2021.3067603,豊田中央研究所,2021.0,W3140898540,2021,article,242.23963009367415,6.65079365079365,136,0.0003211303789338471,45
eb1807302f31,2021,541,541,242.77500608552825,-1.355342309125339,https://openalex.org/W3215150760,10.1021/acs.accounts.1c00564,豊田中央研究所,2021.0,W3215150760,2021,article,422.2506576998261,32.64410831033755,378,-0.0022812667740203974,60
eb1d1e40510a,2021,333,333,12.999999999999998,-55.727976811063,https://openalex.org/W3208005496,10.1021/acsanm.1c02563,豊田中央研究所,2021.0,W3208005496,2021,article,184.46642912897556,-49.79685747094212,210,-0.00017001020061203673,40
ecd3e5253c09,2021,355,349,1.0834726777719228,-22.008069706699334,https://openalex.org/W3216776138,10.1038/s41928-021-00669-8,豊田中央研究所,2021.0,W3216776138,2021,article,0.780926286713828,-24.11857824281373,325,-0.00978698906160046,48
ed377f142b71,2021,305,305,400.3686543463505,6.332398756859982,https://openalex.org/W3126620624,10.1016/j.apcatb.2021.119965,豊田中央研究所,2021.0,W3126620624,2021,article,605.9950647734137,103.28057761535116,190,0.0008832946891906813,34
f0fb901e4d31,2021,123,121,9.141401281603622,-16.41626846024451,https://openalex.org/W3131695008,10.1177/1687814020984651,豊田中央研究所,2021.0,W3131695008,2021,article,12.238957439582869,-19.07609031486196,105,-0.005226480836236934,21
f4965e1283d7,2021,362,362,63.81482689408443,-14.886177667895913,https://openalex.org/W3159267410,10.1038/s41566-021-00790-2,AISIN IMRA(米国・imra.com),2021.0,W3159267410,2021,article,393.3820517214566,6.29132881056535,253,-0.009660639088432003,60
f98c15486acf,2021,111,111,764.531596714545,119.36309962403205,https://openalex.org/W3174556937,10.1021/acssuschemeng.1c01151,豊田中央研究所,2021.0,W3174556937,2021,article,529.1336721316517,50.606456082249906,78,0.000100993098804915,26
fb60971e4891,2021,1335,1333,18.180283199759195,-5.789650452800103,https://openalex.org/W3159866022,10.1088/1758-5090/abff11,豊田中央研究所,2021.0,W3159866022,2021,article,52.266888144535336,-4.233142470964771,378,-0.0006006607267994795,66
fb7ca8fb5298,2021,753,753,91.67191737733908,-6.40775917872419,https://openalex.org/W3199405447,10.1371/journal.pcbi.1009373,豊田中央研究所,2021.0,W3199405447,2021,article,245.4995910622466,19.95536063092942,378,4.3265694630727294e-05,62
fc7a8f94e639,2021,174,169,14.957635287427117,-5.562020338981683,https://openalex.org/W3194751264,,トヨタ自動車未来創成センター,2021.0,W3194751264,2021,article,46.26599944106745,-3.9997812986950483,120,-0.0009583133684714902,28
fdd8a9a5bf43,2021,1096,1062,2.9999999999999996,-19.942742747116704,https://openalex.org/W3172903980,10.1371/journal.pcbi.1009043,豊田中央研究所,2021.0,W3172903980,2021,article,33.43648550639015,-14.13588008698199,741,0.00015190642564180464,98
fe42adf66fde,2021,506,506,1.4865267956948245,-41.07425069045192,https://openalex.org/W3197436840,10.3390/s21175883,AISIN IMRA(米国・imra.com),2021.0,W3197436840,2021,article,11.94069519817747,-21.682813922053576,300,-0.0002469745616201531,44
01e1e998335f,2022,39,37,37.68383510965184,1.031128903000315,https://openalex.org/W4281627546,,トヨタ自動車未来創成センター,2022.0,W4281627546,2022,article,353.58823529411757,36.0967021589831,36,-0.005359877488514548,36
107e1cb7d44d,2022,218,218,165.22612982337364,-20.588642454290188,https://openalex.org/W3205670890,10.22331/q-2022-04-13-688,豊田中央研究所,2022.0,W3205670890,2022,article,544.2803523032024,20.39452913758419,153,-0.0017208413001912047,42
18d086e044b5,2022,217,217,526.4409985933847,43.95031966158623,https://openalex.org/W4297225042,10.1021/acsaem.2c01721,豊田中央研究所,2022.0,W4297225042,2022,article,1114.9916973624524,229.59570328701105,153,-0.0008762322015334064,60
286de4654671,2022,194,186,1.0883445054960823,-29.001876468541823,https://openalex.org/W4311109694,10.1038/s41598-022-25489-4,豊田中央研究所,2022.0,W4311109694,2022,article,1.6822503767175474,-32.70355082800163,171,-0.0014958863126402393,28
34968a6178b0,2022,125,125,518.6657228262018,85.99640604829169,https://openalex.org/W4312191635,10.1103/physrevapplied.18.064069,AISIN IMRA(米国・imra.com),2022.0,W4312191635,2022,article,1347.4746086311234,140.09228035871692,120,-0.001951219512195122,34
3681a81ae703,2022,716,716,148.56564744037263,0.7094754447356362,https://openalex.org/W4309728406,10.1021/acsami.2c14574,豊田中央研究所,2022.0,W4309728406,2022,article,216.81398116373242,6.003294197580033,630,-0.0005809610756079343,69
369182d11651,2022,216,216,208.17355720782797,8.201611474054731,https://openalex.org/W4283369536,10.1016/j.intermet.2022.107643,AISIN IMRA(日本・aisin.com),2022.0,W4283369536,2022,article,497.55620516346164,116.78999790547816,136,-8.648723448419014e-05,35
5abede2611b7,2022,258,252,40.03125,-7.063869112846268,https://openalex.org/W4294611869,10.1016/j.apenergy.2022.119773,豊田中央研究所,2022.0,W4294611869,2022,article,206.4570746400146,-8.990828815099034,171,-0.00031377470975839345,36
5b588890d274,2022,306,304,29.484625628895376,-29.72748737619003,https://openalex.org/W4281617945,10.1016/j.jpowsour.2022.231698,豊田中央研究所,2022.0,W4281617945,2022,article,91.52649334909702,-20.771437842306547,171,-0.0005123607019341616,34
5f8f0b88d1fd,2022,501,501,67.10330519930976,-33.99211535401677,https://openalex.org/W4292809811,10.1021/acsami.2c09298,豊田中央研究所,2022.0,W4292809811,2022,article,123.4642734245273,-36.6031063001984,378,-0.00026459693067560415,43
6888cae6908f,2022,261,261,171.66416052904648,-6.185953008780408,https://openalex.org/W4224991239,10.1016/j.jpowsour.2022.231473,豊田中央研究所,2022.0,W4224991239,2022,article,307.20348790842667,-5.490711862801017,231,0.0,39
781c6f821e73,2022,476,474,91.69525113179108,-5.247039026242209,https://openalex.org/W4313530481,10.1016/j.apcatb.2022.122352,豊田中央研究所,2022.0,W4313530481,2022,article,650.8473214521159,7.502559646808447,378,-0.0011977004152028106,66
782fef87cdf1,2022,1188,1188,26.29139075913134,-28.49670337852723,https://openalex.org/W4225407872,10.1002/adfm.202202674,豊田中央研究所,2022.0,W4225407872,2022,article,69.38362947051829,-23.89110975439712,990,-0.0005458515283842794,80
81fea8954ac5,2022,335,335,187.66378172654444,2.6704335934614334,https://openalex.org/W4284976711,10.1038/s42005-022-00957-5,豊田中央研究所,2022.0,W4284976711,2022,article,842.4398146688475,119.45073833551378,231,-0.0013005202080832333,54
830446678bba,2022,675,659,9.751254099947303,-30.92477931683046,https://openalex.org/W4313379526,10.1016/j.matdes.2022.111497,豊田中央研究所,2022.0,W4313379526,2022,article,83.09862011672061,-29.553061129670045,528,-0.003676470588235294,68
834eb990d026,2022,216,210,158.96977225087932,9.291337221757754,https://openalex.org/W4306861683,10.3389/fphy.2022.1005074,AISIN IMRA(米国・imra.com),2022.0,W4306861683,2022,article,1505.2441662401484,150.88354357696977,171,-0.0004714757190004715,50
8e1cca9218d0,2022,415,413,21.719655511710325,-20.786756623851097,https://openalex.org/W4297181329,10.1016/j.matdes.2022.111200,豊田中央研究所,2022.0,W4297181329,2022,article,28.556341715173364,-22.102277235097148,325,-0.00033433634236041456,53
9b37f0f8cf85,2022,96,96,115.66673886772097,-19.20672770095821,https://openalex.org/W4288038407,10.1021/acs.inorgchem.2c00960,AISIN IMRA(日本・aisin.com),2022.0,W4288038407,2022,article,113.75594453875331,18.43994834024178,66,-0.0003244646333549643,19
9e2145e4bb1b,2022,570,570,418.9755048887366,49.62602967512681,https://openalex.org/W4281737137,10.1016/j.apcatb.2022.121600,豊田中央研究所,2022.0,W4281737137,2022,article,561.716670414154,59.99895213952451,378,0.00028398718000730255,53
9f023d213053,2022,786,786,35.54733932537329,-25.927886091017335,https://openalex.org/W4224045071,10.1021/acsami.2c01594,豊田中央研究所,2022.0,W4224045071,2022,article,40.35687904664461,-31.73111208893851,630,0.0,48
aa8666a45b6a,2022,331,331,105.159509202454,-10.691000900150142,https://openalex.org/W4285725551,10.1016/j.jpowsour.2022.231850,豊田中央研究所,2022.0,W4285725551,2022,article,337.8487663322414,-6.735413345431228,253,-0.0006798096532970768,47
adc8ac843935,2022,389,389,483.4343278327637,35.864382138414875,https://openalex.org/W4300772321,10.1016/j.apcatb.2022.122030,豊田中央研究所,2022.0,W4300772321,2022,article,500.7739471007699,61.70453513273715,325,-0.0013179237631792376,51
b482e43eb89f,2022,358,358,71.61699441738695,-32.3823174778178,https://openalex.org/W4309836407,,トヨタ自動車未来創成センター,2022.0,W4309836407,2022,article,81.49923986787454,-39.49022295881474,210,0.0,37
bd5ec03bcf0b,2022,3,3,19.666666666666664,7.666666666666666,https://openalex.org/W4290964347,,トヨタ自動車未来創成センター,2022.0,W4290964347,2022,article,99.29768079751263,15.192648182717802,15,0.004081632653061225,11
c0a5f14be1a4,2022,194,194,10.622299727398726,-29.29753147099224,https://openalex.org/W4307047914,10.1038/s41598-022-22266-1,豊田中央研究所,2022.0,W4307047914,2022,article,25.278853809018916,-42.737388544606446,66,0.0,25
c3c8ba653e72,2022,33,33,311.5361695207378,46.94112515182738,https://openalex.org/W4286643433,10.1364/oe.461440,AISIN IMRA(米国・imra.com),2022.0,W4286643433,2022,article,224.5443604891736,57.645361245631676,28,-0.006535947712418301,15
c62d92671467,2022,213,189,2.9999999999999996,-7.6227500836659665,https://openalex.org/W4281728106,,トヨタ自動車未来創成センター,2022.0,W4281728106,2022,article,2.1257168671227418,-9.805642943199478,55,0.0034263338228095936,25
ccfc3ebd75d1,2022,215,215,53.483935117316534,-34.6511027536862,https://openalex.org/W4280511325,10.1002/smll.202200113,豊田中央研究所,2022.0,W4280511325,2022,article,115.66906296490384,-30.41494093560913,153,-4.937296336526118e-05,34
d4f0d6c91116,2022,71,71,43.65189348559864,-1.643989873053573,https://openalex.org/W4206116909,,トヨタ自動車未来創成センター,2022.0,W4206116909,2022,article,97.6338040613098,-1.9961636630768376,55,0.0024937655860349127,33
da52c0e0b2a1,2022,415,415,59.379731445976624,-7.44243938614173,https://openalex.org/W4280608607,10.1021/acsami.2c02868,豊田中央研究所,2022.0,W4280608607,2022,article,75.87930090782706,-8.658086243259966,325,-0.00036870890432003935,47
e6c714afd89b,2022,601,596,4.8434803003413425,-30.66719699870221,https://openalex.org/W4291710943,10.1016/j.exer.2022.109215,AISIN IMRA(米国・imra.com),2022.0,W4291710943,2022,article,13.424088112755978,-31.039816523600244,351,-0.003239390994493035,47
e768b5a29265,2022,215,215,39.79374669349334,-12.400646347807069,https://openalex.org/W4302009602,10.1016/j.apsusc.2022.155198,豊田中央研究所,2022.0,W4302009602,2022,article,50.32123251648433,-16.43665161742589,136,0.00040096230954290296,26
e7dd86304107,2022,476,476,225.07934751897903,21.85199913800178,https://openalex.org/W4205675201,10.1021/acscatal.1c03948,豊田中央研究所,2022.0,W4205675201,2022,article,482.83334138086536,38.39849924066456,231,0.0,49
e8e2ae16d950,2022,264,264,194.94283734263692,-22.51277723849445,https://openalex.org/W4280544807,10.1021/acsami.2c06471,豊田中央研究所,2022.0,W4280544807,2022,article,494.3644739818484,11.053850634206684,210,-0.001063264221158958,48
099f28065ed7,2023,414,407,17.59527383434489,-12.9474107872635,https://openalex.org/W4318939461,10.1016/j.jcis.2023.01.101,豊田中央研究所,2023.0,W4318939461,2023,article,48.78163941488852,-8.423062728103748,325,0.0005482456140350877,45
12a9a39144c1,2023,8,8,596.184602901252,7.924612646826168,https://openalex.org/W4320476346,10.1109/tasc.2023.3238293,AISIN IMRA(日本・aisin.com),2023.0,W4320476346,2023,article,11334.126839748715,11334.126839748715,1,0.0,16
18f2851796a0,2023,605,605,284.00638454606,11.362743791500368,https://openalex.org/W4386328706,10.1002/sstr.202300106,豊田中央研究所,2023.0,W4386328706,2023,article,501.66986101462163,33.60099521983737,496,-0.0001993421708362404,58
1bdf12171b37,2023,330,330,90.93580459755064,-18.606010805338588,https://openalex.org/W4388574316,10.1038/s41467-023-43138-w,豊田中央研究所,2023.0,W4388574316,2023,article,444.9256373019481,-10.61541693086956,276,0.0,48
1d454f14594b,2023,234,232,56.27749635970201,-16.498504164750358,https://openalex.org/W4385502773,10.1016/j.jpowsour.2023.233466,豊田中央研究所,2023.0,W4385502773,2023,article,349.68021158278066,2.4372083674408374,136,-0.00047904191616766467,36
2389d6e7b9fe,2023,22,22,164.68918785191966,25.00963172592977,https://openalex.org/W4320018383,10.1109/tasc.2023.3244118,AISIN IMRA(日本・aisin.com),2023.0,W4320018383,2023,article,157.81690806307236,24.558208473915105,15,0.0,7
25fd989cb588,2023,718,718,287.13688104032434,10.901893209653974,https://openalex.org/W4327550258,10.1038/s41467-023-37120-9,豊田中央研究所,2023.0,W4327550258,2023,article,429.0193639411845,37.44843168614878,561,-6.440705257225666e-05,67
2720738ce536,2023,279,279,84.81045832607666,-11.174181369797424,https://openalex.org/W4383213525,10.1016/j.jpowsour.2023.233387,豊田中央研究所,2023.0,W4383213525,2023,article,455.26924785612175,-3.6047374071418767,190,0.0002840909090909091,44
2c9a350e970a,2023,239,238,123.10471366574546,-10.841237083158408,https://openalex.org/W4387717705,10.1109/jphot.2023.3325088,AISIN IMRA(米国・imra.com),2023.0,W4387717705,2023,article,247.60765279673723,6.27682485362426,190,-0.0005497526113249038,39
2daf5908a8e8,2023,503,499,95.16047918994828,-5.6988193047833295,https://openalex.org/W4386305445,10.1021/acsami.3c08432,豊田中央研究所,2023.0,W4386305445,2023,article,154.68935159460005,0.6103679378930733,406,-0.0010691375623663579,49
2e553763fd60,2023,671,667,33.76393817561513,-11.961992701593758,https://openalex.org/W4387448120,10.1039/d3sc03377e,豊田中央研究所,2023.0,W4387448120,2023,article,63.93398661751622,-12.172966244599069,528,-0.000338684549210865,53
30f2b9606c0f,2023,386,386,223.1678171089082,-10.807636251974856,https://openalex.org/W4327679238,10.1002/smll.202300298,豊田中央研究所,2023.0,W4327679238,2023,article,165.1356663845858,-25.457962101785192,253,0.0,41
3301cbb6232e,2023,571,556,4.48606797749979,-47.15188333581558,https://openalex.org/W4320032965,10.1126/sciadv.ade4381,豊田中央研究所,2023.0,W4320032965,2023,article,29.99186415760064,-54.69511278773358,435,-0.0027821939586645467,54
3c0c02f98e81,2023,22,19,36.33333333333333,4.8313909247705675,https://openalex.org/W4377287537,,トヨタ自動車未来創成センター,2023.0,W4377287537,2023,article,541.7670609102767,13.68649003766951,28,-0.0010438413361169101,14
3ecc54161003,2023,53,53,545.2587504142972,45.890795646734574,https://openalex.org/W4386844921,10.1364/optica.498402,豊田中央研究所,2023.0,W4386844921,2023,article,552.9406629863156,46.68947247818734,45,-0.00102880658436214,32
4893c5cc197b,2023,140,140,571.0117139098988,42.76945917438744,https://openalex.org/W4386870144,10.1039/d3cc03940d,豊田中央研究所,2023.0,W4386870144,2023,article,623.7343479941701,60.142192555370954,91,0.0,25
571992758989,2023,539,539,150.43271000810154,-24.739174676175193,https://openalex.org/W4384296509,10.1021/acsami.3c05521,豊田中央研究所,2023.0,W4384296509,2023,article,407.685908049466,-15.097827980519215,496,0.0001429388221841052,63
5a7d0bb7c38b,2023,412,412,232.29007015058136,5.304552637777636,https://openalex.org/W4384924962,10.1002/cssc.202300679,豊田中央研究所,2023.0,W4384924962,2023,article,181.4460783175463,3.0812955104098516,351,0.0,41
5d24803d1222,2023,788,785,3.558547905466801,-26.885096749804205,https://openalex.org/W4377137320,,トヨタ自動車未来創成センター,2023.0,W4377137320,2023,article,14.661576724932036,-27.398978388530082,465,5.502517401711283e-05,48
5e0365d1b9b2,2023,1554,1549,4.499999999999999,-12.60246455526423,https://openalex.org/W4367597931,10.1038/s41598-023-32995-6,豊田中央研究所,2023.0,W4367597931,2023,article,22.664430927006116,-11.136562317781323,903,-0.0007590132827324478,76
5f8ac6858045,2023,48,48,-0.2810031824551515,-43.69773712144442,https://openalex.org/W4388919076,,トヨタ自動車未来創成センター,2023.0,W4388919076,2023,article,59.89329182549537,-16.399597815514802,28,-0.0009372071227741331,14
633f9e3621b3,2023,178,178,4.111177930669117,-30.69840424465003,https://openalex.org/W4382360343,10.1016/j.cma.2023.116187,豊田中央研究所,2023.0,W4382360343,2023,article,289.2453234589233,-8.109899051988993,120,0.0,52
6433436a43c6,2023,111,111,47.681310787238345,-42.0621650519437,https://openalex.org/W4375851753,,トヨタ自動車未来創成センター,2023.0,W4375851753,2023,article,82.60348953251315,-51.67092555656562,78,0.0029069767441860465,24
68b17ed89811,2023,124,124,1.2762701504663874,-33.59248958203514,https://openalex.org/W4383875406,10.1038/s41598-023-38393-2,豊田中央研究所,2023.0,W4383875406,2023,article,3.3281580558551647,-27.080817137968797,91,0.0004570383912248629,22
6c8a55a54b45,2023,216,206,103.55199809184931,-2.4417598147490542,https://openalex.org/W4376277740,10.1016/j.jcou.2023.102482,豊田中央研究所,2023.0,W4376277740,2023,article,86.73265958781457,0.5466081666101211,153,0.0006915629322268327,28
7000e6cffc55,2023,161,161,333.47051350081495,39.7498347292619,https://openalex.org/W4323667716,10.1038/s41378-023-00504-4,AISIN IMRA(日本・aisin.com),2023.0,W4323667716,2023,article,498.97881494438286,95.91030232866328,136,-0.004874651810584958,34
7335c131b803,2023,472,471,76.85970093862205,-7.7084390610984626,https://openalex.org/W4389666658,10.1021/acs.chemmater.3c02217,豊田中央研究所,2023.0,W4389666658,2023,article,260.249131233451,0.11124713267539527,435,-0.0001010611419909045,50
74a274aea889,2023,476,476,77.00030293990032,-12.883249413569157,https://openalex.org/W4360619556,10.1038/s41598-023-31917-w,AISIN IMRA(日本・aisin.com),2023.0,W4360619556,2023,article,317.2127779007246,11.506461816018724,325,-6.821592614489063e-05,51
796b6591e65e,2023,385,385,186.23151429909328,-59.44093415153309,https://openalex.org/W4377939938,10.1038/s41598-023-35509-6,豊田中央研究所,2023.0,W4377939938,2023,article,462.8624989583796,-58.48079845183511,276,-0.00043078690407811603,46
7dcf92bf8b48,2023,538,538,193.43534810944672,5.158094747389155,https://openalex.org/W4360849771,10.1021/acssuschemeng.2c06665,豊田中央研究所,2023.0,W4360849771,2023,article,163.79107037079083,3.8622992338632733,465,-0.0012647554806070826,50
7e082b22cb62,2023,143,143,46.59094246657538,-3.799129753557627,https://openalex.org/W4390171143,10.1587/elex.20.20230584,AISIN IMRA(米国・imra.com),2023.0,W4390171143,2023,article,112.1237977939832,11.847190899254974,120,-0.003286770747740345,30
824f1914626e,2023,56,56,98.67299863743676,-8.062668686059185,https://openalex.org/W4388918005,,トヨタ自動車未来創成センター,2023.0,W4388918005,2023,article,104.62509086521366,-14.540988278186163,36,0.0010217983651226157,13
848bce5662d4,2023,383,383,44.47463979814368,-8.569471635318838,https://openalex.org/W4389886486,10.35848/1347-4065/ad1699,AISIN IMRA(日本・aisin.com),2023.0,W4389886486,2023,article,49.3455311231652,-10.82881027639956,325,-0.0010256410256410256,35
88099efca158,2023,474,474,114.83305340301192,-29.34163477845692,https://openalex.org/W4362657767,10.1021/acsami.3c00397,豊田中央研究所,2023.0,W4362657767,2023,article,233.74071078825858,-39.46801284677047,378,-0.0013303769401330377,47
88f4dfffc486,2023,284,283,151.70417856921588,-1.0435609195484965,https://openalex.org/W4380986089,10.1063/5.0146957,AISIN IMRA(米国・imra.com),2023.0,W4380986089,2023,article,568.6771932096284,45.50786142309478,210,-0.0036572622779519333,35
8cba5682b348,2023,831,827,21.027667996188818,-31.10685956476157,https://openalex.org/W4379879593,10.1016/j.triboint.2023.108675,豊田中央研究所,2023.0,W4379879593,2023,article,68.51987250958021,-9.060817225622484,595,-0.00017955470433325354,75
8e3772120e45,2023,750,746,43.890101889495035,-15.421402028796178,https://openalex.org/W4379599762,10.1002/adma.202302069,AISIN IMRA(米国・imra.com),2023.0,W4379599762,2023,article,76.66926946763655,-12.074856313257307,595,-0.0006829046209879354,52
8e8c8c512240,2023,716,716,161.24631800118937,-6.041393229643948,https://openalex.org/W4384076641,10.1039/d3ta03164k,豊田中央研究所,2023.0,W4384076641,2023,article,243.57868422826817,0.22249707974499236,528,-6.262132882459766e-05,62
90d902dc51ec,2023,745,729,21.262543539818612,-21.70749155588314,https://openalex.org/W4317538561,10.1021/acsami.2c19593,豊田中央研究所,2023.0,W4317538561,2023,article,35.944749664469924,-14.706867977361702,528,0.0,48
931ba4a1bd27,2023,126,126,155.10418648572892,11.21667188122568,https://openalex.org/W4386761670,,AISIN IMRA(日本・aisin.com),2023.0,W4386761670,2023,article,132.36265010710417,13.015663448944998,105,-0.00013559322033898305,30
95ac08bdc27e,2023,832,832,34.60963224313494,-23.232638290190796,https://openalex.org/W4385323395,10.1038/s41598-023-39200-8,豊田中央研究所,2023.0,W4385323395,2023,article,45.23327635015385,-29.92859840141289,666,-0.0023907103825136613,61
95c595888652,2023,601,601,14.84812302049994,-25.967029492565704,https://openalex.org/W4313402110,10.3390/ph16010071,AISIN IMRA(米国・imra.com),2023.0,W4313402110,2023,article,37.90275340238095,-20.686751195137585,276,0.0,43
a07af36ee29a,2023,280,280,89.16842621131002,-3.984948818845625,https://openalex.org/W4315705585,10.1103/physrevb.107.045116,AISIN IMRA(日本・aisin.com),2023.0,W4315705585,2023,article,368.592384517751,24.5660490772451,210,0.0,38
a0b900a7c2c5,2023,388,388,312.12497409598166,52.8645567954857,https://openalex.org/W4323438480,10.1016/j.jpowsour.2023.232909,豊田中央研究所,2023.0,W4323438480,2023,article,836.1929706313516,119.5118908458794,276,-0.004343629343629344,65
a1f086f4885f,2023,500,497,3.417128571881321,-52.876107488811925,https://openalex.org/W4353020325,10.1021/acsami.3c01400,豊田中央研究所,2023.0,W4353020325,2023,article,22.131307087975884,-37.64250028520485,276,-0.00024905049498785876,38
a54e71c6c535,2023,122,122,22.02814754955361,-0.4510565874904038,https://openalex.org/W4384159685,10.1109/tcst.2023.3291880,豊田中央研究所,2023.0,W4384159685,2023,article,194.704632063508,3.2867938806664054,66,0.00018772292096865028,27
a741b6125efa,2023,198,198,349.2438827993941,12.064573566676865,https://openalex.org/W4390036065,10.1038/s42005-023-01490-9,豊田中央研究所,2023.0,W4390036065,2023,article,676.2192191765245,37.748503105507275,171,-0.0006048387096774194,35
a8111a316d03,2023,217,216,44.322768694232025,-1.6817489683139668,https://openalex.org/W4352977395,10.1109/tcyb.2023.3252673,豊田中央研究所,2023.0,W4352977395,2023,article,430.57171121748075,11.985037791803286,153,-0.00011479738261967628,56
ad90d790c9d8,2023,194,194,121.51001588167456,-18.0193834336829,https://openalex.org/W4386003140,10.1016/j.carbon.2023.118381,AISIN IMRA(日本・aisin.com),2023.0,W4386003140,2023,article,175.27685857900119,4.577013635959839,136,-0.0012953367875647669,31
b07c3c3610d2,2023,32,32,982.2204612424244,160.57253428480453,https://openalex.org/W4319788841,10.1364/oe.483277,AISIN IMRA(米国・imra.com),2023.0,W4319788841,2023,article,1665.750902132014,428.7842131054392,28,-0.004261363636363636,18
b5ce9968101b,2023,96,95,70.41234329993647,2.291759123843774,https://openalex.org/W4389215125,10.1016/j.jpowsour.2023.233883,豊田中央研究所,2023.0,W4389215125,2023,article,306.95909119328826,8.697900275546244,66,-0.0011025358324145535,30
be2c7d15b528,2023,749,741,9.64436909048528,-24.513128638518328,https://openalex.org/W4366991492,10.1038/s41598-023-32947-0,豊田中央研究所,2023.0,W4366991492,2023,article,53.50560035948122,-12.711028075171548,496,-0.0013118440779610195,51
c34d0399d40e,2023,48,48,125.38411265585404,-9.554395764492297,https://openalex.org/W4384927159,10.1021/acsenergylett.3c01096,豊田中央研究所,2023.0,W4384927159,2023,article,14.705813604875267,-8.236332504798709,28,-0.002974714923153198,13
ce3127e45bf1,2023,540,540,187.9587952103673,-15.819140049993685,https://openalex.org/W4387741619,10.1002/aenm.202301843,豊田中央研究所,2023.0,W4387741619,2023,article,401.68036345508347,-0.1735946712705509,465,0.0,65
d88090b1aef1,2023,383,383,93.15138133036494,11.531876730632645,https://openalex.org/W4385607595,10.1038/s41524-023-01096-3,豊田中央研究所,2023.0,W4385607595,2023,article,117.0068813587848,10.26799805427911,300,4.9814441206505766e-05,35
e5082d83466d,2023,640,639,33.65500816324496,-5.068125394119287,https://openalex.org/W4381929853,10.3389/fnins.2023.1191617,豊田中央研究所,2023.0,W4381929853,2023,article,58.59137444257884,-0.7811334658849433,378,-0.0016488046166529267,61
f0a5307b776a,2023,465,465,29.634577225441863,-22.618723770879217,https://openalex.org/W4387451379,,AISIN IMRA(米国・imra.com),2023.0,W4387451379,2023,article,116.28208219770694,-9.514904981746824,136,-0.0012961762799740765,30
f9298abe7a2b,2023,535,535,248.18672331084943,14.110588470504634,https://openalex.org/W4388507706,10.1126/sciadv.adh9986,豊田中央研究所,2023.0,W4388507706,2023,article,320.91639574164645,12.053700750870311,406,-0.00020885547201336674,50
fd5af67ca365,2023,81,79,56.76603168217042,2.9285714285714284,https://openalex.org/W4321442155,10.1016/j.trb.2023.02.009,豊田中央研究所,2023.0,W4321442155,2023,article,209.61761958574607,2.98368325730679,55,0.0015479876160990713,25
02aab106bc82,2024,236,236,18.83260745187733,-18.62289809874023,https://openalex.org/W4396759936,10.1021/acsami.4c00626,豊田中央研究所,2024.0,W4396759936,2024,article,63.21719385345897,-21.495055177292606,136,-0.0011185682326621924,35
0497ac6b974f,2024,84,84,580.4777656617823,149.29562684141663,https://openalex.org/W4403472971,10.1364/oe.541513,AISIN IMRA(米国・imra.com),2024.0,W4403472971,2024,article,1471.8930585874464,293.2584659256296,78,0.0,33
08c88d3d6aca,2024,542,539,149.3316045900306,-2.1682666610450303,https://openalex.org/W4396220655,10.1002/smll.202402570,豊田中央研究所,2024.0,W4396220655,2024,article,277.11703279470436,1.0989803033781287,378,0.0,54
117fa6c79e15,2024,194,194,207.97974329233188,-18.53469680985793,https://openalex.org/W4404442401,10.1016/j.ijhydene.2024.11.178,豊田中央研究所,2024.0,W4404442401,2024,article,286.5320326057693,-7.3937927814657085,190,-0.0007849293563579278,29
1bddc29450af,2024,332,332,30.38968039596838,-49.29505512140611,https://openalex.org/W4403155160,10.1016/j.jpowsour.2024.235544,豊田中央研究所,2024.0,W4403155160,2024,article,51.44297689947343,-70.52621709973641,300,0.0,47
2281572086af,2024,791,791,133.00869494243943,-26.353726847462696,https://openalex.org/W4399009285,10.1016/j.jpowsour.2024.234739,豊田中央研究所,2024.0,W4399009285,2024,article,385.05484179352334,-14.256492455626443,741,0.0,81
2407f4665bf6,2024,928,928,123.95162996108068,-9.143935911051743,https://openalex.org/W4403011843,10.1021/acs.chemmater.4c01351,豊田中央研究所,2024.0,W4403011843,2024,article,256.54048837993827,5.3447864519588295,741,-3.386272053096746e-05,96
27d541dbdac6,2024,173,173,151.5487181216437,-9.11763092980012,https://openalex.org/W4393026435,10.1103/physreva.109.033521,AISIN IMRA(米国・imra.com),2024.0,W4393026435,2024,article,107.1478660420562,-1.5927268737115277,171,0.0,22
2caafd6d935d,2024,676,676,39.64180593333937,-40.97750541716279,https://openalex.org/W4402444801,10.1364/boe.532042,AISIN IMRA(米国・imra.com),2024.0,W4402444801,2024,article,28.639618812524045,-37.96676402445326,351,0.0,50
331e86c52bd7,2024,418,418,94.6985715727088,-6.885052258086637,https://openalex.org/W4390990741,10.1063/5.0175547,AISIN IMRA(米国・imra.com),2024.0,W4390990741,2024,article,162.16030574552434,-3.3593967339361974,378,0.0008403361344537816,48
33f950f1f37b,2024,537,534,13.06085545537954,-19.46199441745412,https://openalex.org/W4401837940,10.1016/j.resconrec.2024.107856,豊田中央研究所,2024.0,W4401837940,2024,article,39.40488396184933,-35.91775773205783,351,-0.00024354603019970775,52
34cee59bdcd0,2024,332,332,78.63917127183258,-32.590652581576606,https://openalex.org/W4402521660,10.1038/s41566-024-01513-z,AISIN IMRA(米国・imra.com),2024.0,W4402521660,2024,article,230.67712311380447,-20.74514935133359,253,-0.0019880715705765406,43
3d136358ea7a,2024,445,445,86.86369512755712,-5.144689660710202,https://openalex.org/W4403071452,10.1038/s41598-024-73172-7,AISIN IMRA(米国・imra.com),2024.0,W4403071452,2024,article,237.88967978243429,-3.383869995374979,378,0.0,53
3f9a312a8d6c,2024,475,475,312.83837328613663,17.925161222030905,https://openalex.org/W4404311215,10.1016/j.ijhydene.2024.11.053,豊田中央研究所,2024.0,W4404311215,2024,article,443.76326268940085,49.29232158831293,465,0.0,67
41a5039f67b9,2024,1004,996,138.82362641677508,2.174981175502422,https://openalex.org/W4393107765,10.1039/d3ta06719j,豊田中央研究所,2024.0,W4393107765,2024,article,192.5671785720218,6.029358831424434,861,-0.0004926108374384236,68
45d2de2795e0,2024,384,384,11.912894231562335,-54.82724722100871,https://openalex.org/W4404581249,10.1016/j.mechmachtheory.2024.105851,豊田中央研究所,2024.0,W4404581249,2024,article,15.988292357984133,-59.41993866411279,325,0.0,39
4c9bf19b87e0,2024,833,821,6.280639184941973,-39.06547482088576,https://openalex.org/W4400945001,10.1126/sciadv.adn6129,豊田中央研究所,2024.0,W4400945001,2024,article,14.084566021003276,-41.487285533871,528,0.0003756574004507889,72
60eec938a61c,2024,508,508,123.872710447906,-21.77958536537808,https://openalex.org/W4400341557,10.1021/acsami.4c07867,豊田中央研究所,2024.0,W4400341557,2024,article,329.6119973750116,-5.655287929486837,406,-0.0003898635477582846,62
61d6bc9bd0ea,2024,159,159,95.28047840569124,-21.601915511709716,https://openalex.org/W4393899631,10.1103/physrevlett.132.148201,豊田中央研究所,2024.0,W4393899631,2024,article,693.2632942836417,62.13456574626263,91,-0.0017513134851138354,36
62c9b2b2cc62,2024,910,909,14.95698924731183,-22.92093928259334,https://openalex.org/W4399041614,,AISIN IMRA(米国・imra.com),2024.0,W4399041614,2024,article,16.625968077505796,-32.60490644545301,465,0.0,54
6868015b5fd4,2024,569,569,152.21602940105544,-8.69852035813286,https://openalex.org/W4392018595,10.1021/acsami.4c01794,豊田中央研究所,2024.0,W4392018595,2024,article,334.200985608676,6.842504625018671,528,-0.008383233532934131,63
697c470ad7e9,2024,675,675,83.33073472284732,-29.630093120124997,https://openalex.org/W4392584750,10.1016/j.joule.2024.02.010,豊田中央研究所,2024.0,W4392584750,2024,article,243.86259825549277,-3.957219215991056,378,-0.000545219109929803,57
7cfad49db475,2024,411,408,13.763877442157323,-14.765825944572413,https://openalex.org/W4402574122,10.1016/j.automatica.2024.111901,豊田中央研究所,2024.0,W4402574122,2024,article,219.53821809969602,4.0030823799863455,325,0.0,62
7d4d22b5226f,2024,1234,1234,21.261553906680227,-22.36124999547953,https://openalex.org/W4392644777,10.1016/j.optmat.2024.115175,AISIN IMRA(日本・aisin.com),2024.0,W4392644777,2024,article,31.8082639534753,-8.314299903195025,903,-0.000407000407000407,62
7d73fb679c9e,2024,331,325,40.30769230769231,-4.87700848160269,https://openalex.org/W4404067400,10.1080/00207543.2024.2416560,豊田中央研究所,2024.0,W4404067400,2024,article,172.67176667167905,4.579408184722401,300,0.0,50
84a58934cd79,2024,39,35,68.79386241241276,1.5823069146422268,https://openalex.org/W4401726313,10.1080/01691864.2024.2391831,トヨタ自動車未来創成センター,2024.0,W4401726313,2024,article,152.34757896243713,47.40203382271352,10,0.0,13
861ea269ddac,2024,538,538,221.54375495525855,31.564019177430225,https://openalex.org/W4400789469,10.1002/cssc.202401082,豊田中央研究所,2024.0,W4400789469,2024,article,375.6163545911897,50.535746878658564,496,0.0,55
88e8125ccb6f,2024,471,464,1.8521533407523352,-8.825080199223239,https://openalex.org/W4402529802,,トヨタ自動車未来創成センター,2024.0,W4402529802,2024,article,51.248868679030394,-4.975139628601633,300,0.0,54
8c99fa9c2405,2024,478,478,204.47336027819796,-3.3807611042715484,https://openalex.org/W4393170608,10.1039/d4ee00283k,豊田中央研究所,2024.0,W4393170608,2024,article,326.82744344769634,-5.575110789836978,325,0.0,54
8ebce782e65d,2024,1494,1475,11.748198396188636,-23.486231086304556,https://openalex.org/W4391752092,10.1021/acsami.3c15125,豊田中央研究所,2024.0,W4391752092,2024,article,43.24155540817777,-16.800485732173502,435,-0.000936768149882904,64
920b9183f217,2024,357,357,31.287783515938816,-46.04233924879205,https://openalex.org/W4401701958,10.1038/s41598-024-69450-z,豊田中央研究所,2024.0,W4401701958,2024,article,38.64401823609574,-55.57794300011559,276,0.0,39
9402d0146f24,2024,309,309,149.08113324904775,6.152873262248816,https://openalex.org/W4402221022,10.1038/s41586-024-07839-6,AISIN IMRA(米国・imra.com),2024.0,W4402221022,2024,article,603.0357280412702,32.518936383134786,253,-0.0038035961272475795,56
9c589dc07196,2024,96,96,15.098761831116128,-24.723651931208664,https://openalex.org/W4391927821,10.1038/s44172-024-00176-6,豊田中央研究所,2024.0,W4391927821,2024,article,92.52848651935497,-39.12101391301503,78,-0.0004449058282663503,27
a15173de925e,2024,636,636,50.407590054589534,-12.98058966720578,https://openalex.org/W4394719443,10.1016/j.carbon.2024.119120,豊田中央研究所,2024.0,W4394719443,2024,article,63.03786133184031,-11.41572316657885,528,-0.0007598784194528875,43
aa1250500a72,2024,174,171,19.900250140490748,-2.192645048267573,https://openalex.org/W4401710732,10.1038/s41598-024-69726-4,豊田中央研究所,2024.0,W4401710732,2024,article,55.50435345267434,-0.40159849159196526,91,6.589351607801793e-05,23
b887c1331218,2024,355,355,308.86659228330683,4.052616737738839,https://openalex.org/W4390750551,10.1039/d3gc04472f,豊田中央研究所,2024.0,W4390750551,2024,article,274.87067976104237,-4.6297477973773455,300,0.0,35
beadab5078f1,2024,719,719,161.1236582043638,4.725464620247972,https://openalex.org/W4398143044,10.1038/s41524-024-01295-6,豊田中央研究所,2024.0,W4398143044,2024,article,568.276767387364,54.24050226133141,528,-0.00028647822765469827,102
cbb4826fbe11,2024,510,510,245.2705729780605,2.87127949279619,https://openalex.org/W4394813132,10.1038/s41929-024-01147-y,豊田中央研究所,2024.0,W4394813132,2024,article,446.8015369894624,49.14876996019719,406,0.0006341154090044388,68
ce686dd841f8,2024,503,503,84.85815392400711,-5.590943876751133,https://openalex.org/W4402829246,10.1016/j.carbon.2024.119664,豊田中央研究所,2024.0,W4402829246,2024,article,209.02715387003582,3.353020869104569,325,0.0,57
d2b6efef2403,2024,1293,1281,11.855852942711431,-28.95916675536292,https://openalex.org/W4392095754,10.1016/j.triboint.2024.109449,豊田中央研究所,2024.0,W4392095754,2024,article,64.14216796174713,-17.00815994963194,946,-9.897070467141726e-05,94
dfe6285a2ec4,2024,794,794,107.7611799572092,-8.237003569603907,https://openalex.org/W4401684147,10.1021/acs.jctc.4c00167,豊田中央研究所,2024.0,W4401684147,2024,article,223.57114479716986,-9.434155917786784,528,0.0,67
e0e14d9230bf,2024,177,177,161.5209448533629,-16.387222096835952,https://openalex.org/W4391734674,10.1038/s41598-024-53895-3,豊田中央研究所,2024.0,W4391734674,2024,article,789.3505582582336,-7.7537615159997975,105,-0.000591016548463357,29
e88e930525d2,2024,31,31,279.49999999999994,54.76565388669785,https://openalex.org/W4400411437,10.1080/01691864.2024.2369816,トヨタ自動車未来創成センター,2024.0,W4400411437,2024,article,321.9275907095113,68.41191324190343,45,0.0,26
e9cf2137cf5d,2024,238,238,39.69590961341883,-18.28904661433703,https://openalex.org/W4392261795,10.1016/j.trd.2024.104124,豊田中央研究所,2024.0,W4392261795,2024,article,134.13484533261416,-0.8675121437695429,153,0.0,40
ebba26c7a70a,2024,81,81,175.2824886281346,-11.6587836631904,https://openalex.org/W4403528386,10.1016/j.ijhydene.2024.10.062,豊田中央研究所,2024.0,W4403528386,2024,article,644.4660330879452,100.75285220757766,55,0.0,21
f936923f9e6a,2024,25,25,229.7714836333942,2.8334936448856407,https://openalex.org/W4403094391,,トヨタ自動車未来創成センター,2024.0,W4403094391,2024,article,538.6210963317019,11.756898139268797,21,0.0,25
f9809bf7d1f6,2024,218,218,300.0895462800918,11.594189880651903,https://openalex.org/W4405591787,10.1038/s42005-024-01899-w,豊田中央研究所,2024.0,W4405591787,2024,article,502.3937427898456,42.81773982790109,210,0.0,38
fb8db110b12d,2024,1140,1126,12.284214124157463,-24.64131072487463,https://openalex.org/W4402638249,10.1016/j.triboint.2024.110258,豊田中央研究所,2024.0,W4402638249,2024,article,66.04266042970254,-14.3335730861536,903,0.0,99
fdac5daf6da0,2024,449,438,36.654889619552854,-7.846667271107198,https://openalex.org/W4403316693,10.1016/j.optcom.2024.131197,AISIN IMRA(米国・imra.com),2024.0,W4403316693,2024,article,509.1476877640207,9.828317712090255,351,0.0,103
