cand,n_seeds,n_back,n_fwd,seed_ids,doi,publication_year,type,cited_by_count,source_id,field_id,n_refs
1965631677,9,9,0,"2303284028,2547045893,2066752129,3201257425,2913773162,2808505390,2793071066,4378980478,4313545395",https://doi.org/10.1126/science.1136099,2007,article,3621,3880285,14,19
4379016496,9,1,9,"2066752129,2303284028,2547045893,2793071066,2808505390,2913773162,3201257425,4378980478,3123050710",https://doi.org/10.1038/s41562-023-01562-4,2023,review,106,2764866340,18,262
4401547570,9,0,9,"2066752129,2303284028,2547045893,2793071066,2808505390,2913773162,3201257425,4313545395,3123050710",https://doi.org/10.1016/j.respol.2024.105081,2024,article,8,9731383,27,91
4408969437,9,0,9,"2066752129,2303284028,2547045893,2793071066,2808505390,2913773162,3201257425,4313545395,3123050710",https://doi.org/10.1038/s41598-025-95264-8,2025,article,0,196734849,18,62
4378980478,8,1,8,"2793071066,2808505390,2913773162,4378980478,2066752129,2303284028,2547045893,3201257425",https://doi.org/10.1038/s41597-023-02198-9,2023,article,116,2607323502,18,124
4397001202,8,0,8,"4313545395,4378980478,2913773162,2793071066,2808505390,2066752129,2303284028,2547045893",https://doi.org/10.1073/pnas.2322462121,2024,article,19,125754415,18,45
4367833763,8,1,7,"4378980478,4313545395,2793071066,2808505390,2913773162,2303284028,2547045893,2066752129",https://doi.org/10.1162/qss_a_00260,2023,article,16,4210195326,18,61
4409170445,8,0,8,"4313545395,2913773162,3201257425,2793071066,2808505390,2066752129,2303284028,2547045893",https://doi.org/10.1016/j.ipm.2025.104171,2025,article,9,174847851,18,60
4399187919,8,0,8,"2066752129,3123050710,4378980478,4313545395,2303284028,2547045893,2913773162,2793071066",https://doi.org/10.1177/01655515241244462,2024,article,6,68913162,18,64
4413806180,8,0,8,"4313545395,3123050710,2913773162,2793071066,2808505390,2066752129,2303284028,2547045893",https://doi.org/10.1057/s41599-025-05701-2,2025,article,0,4210206302,18,59
4411162844,8,0,8,"3201257425,2303284028,2547045893,4313545395,2066752129,2793071066,2808505390,2913773162",https://doi.org/10.1016/j.joi.2025.101688,2025,article,0,205292342,18,50
2066752129,7,7,0,"4378980478,3123050710,4313545395,2808505390,2793071066,3201257425,2913773162",https://doi.org/10.1126/science.1240474,2013,article,1417,3880285,18,27
3124253902,7,7,0,"2066752129,2808505390,2793071066,2913773162,3201257425,4313545395,4378980478",https://doi.org/10.1111/j.1467-937x.2008.00531.x,2008,article,1041,88935262,20,38
2936399355,7,2,5,"2547045893,4313545395,4378980478,2066752129,2793071066,2808505390,2913773162",https://doi.org/10.1038/s41597-019-0033-6,2019,article,82,2607323502,18,54
4381432765,7,0,7,"2303284028,2547045893,2066752129,2913773162,2793071066,2808505390,4313545395",https://doi.org/10.1016/j.ipm.2023.103420,2023,article,35,174847851,18,78
4318594095,7,0,7,"2066752129,3123050710,2303284028,2547045893,2913773162,2793071066,2808505390",https://doi.org/10.1007/s11192-023-04635-3,2023,article,22,148561398,18,115
4401241097,7,0,7,"2303284028,2547045893,4313545395,3123050710,4378980478,2793071066,2913773162",https://doi.org/10.1002/asi.24947,2024,article,20,4210197613,18,50
4389321424,7,0,7,"2913773162,2793071066,4313545395,2303284028,2066752129,3123050710,4378980478",https://doi.org/10.1016/j.joi.2023.101480,2023,article,18,205292342,18,77
4396534991,7,0,7,"4313545395,4378980478,2913773162,3201257425,2793071066,2808505390,2547045893",https://doi.org/10.1007/s11192-024-04987-4,2024,article,18,148561398,32,94
4390645192,7,0,7,"4313545395,3123050710,3201257425,2808505390,2066752129,2303284028,2547045893",https://doi.org/10.1016/j.joi.2024.101492,2024,article,16,205292342,18,96
4406854761,7,0,7,"2066752129,2303284028,2547045893,2913773162,4313545395,3123050710,4378980478",https://doi.org/10.1007/s11192-025-05234-0,2025,review,16,148561398,18,77
4412570109,7,0,7,"2793071066,2808505390,2547045893,2066752129,3123050710,4378980478,3201257425",https://doi.org/10.1073/pnas.2500322122,2025,article,8,125754415,18,70
4401322032,7,0,7,"2913773162,2793071066,4313545395,2303284028,2066752129,3123050710,4378980478",https://doi.org/10.1016/j.ipm.2024.103863,2024,article,5,174847851,31,57
4413808155,7,0,7,"4313545395,4378980478,2913773162,2793071066,2066752129,2303284028,2547045893",https://doi.org/10.1002/asi.70021,2025,article,3,4210197613,31,99
4416810596,7,0,7,"2066752129,3123050710,4378980478,4313545395,2303284028,2913773162,2793071066",https://doi.org/10.1002/asi.70043,2025,article,2,4210197613,27,64
4413935428,7,0,7,"2303284028,2547045893,2066752129,2913773162,2793071066,3123050710,4313545395",https://doi.org/10.1016/j.ipm.2025.104382,2025,article,0,174847851,18,50
2124689612,6,6,0,"2547045893,4313545395,4378980478,2808505390,2793071066,2913773162",https://doi.org/10.1126/science.1237825,2013,article,873,3880285,18,58
3149363172,6,1,5,"2913773162,2793071066,2303284028,2547045893,2066752129,3201257425",https://doi.org/10.1038/s41562-021-01084-x,2021,article,103,2764866340,18,45
3201257425,6,1,5,"2913773162,2793071066,2808505390,2547045893,2066752129,4378980478",https://doi.org/10.1038/s41467-021-25477-8,2021,article,79,4306400194,32,76
4290725181,6,0,6,"2793071066,2808505390,3201257425,2913773162,2547045893,2066752129",https://doi.org/10.1073/pnas.2207436119,2022,article,47,125754415,31,40
3214365005,6,0,6,"2066752129,2303284028,2547045893,2793071066,2808505390,2913773162",https://doi.org/10.1016/j.joi.2022.101290,2022,article,37,205292342,18,182
4375840565,6,0,6,"2793071066,2913773162,3123050710,2066752129,2303284028,4313545395",https://doi.org/10.1016/j.joi.2023.101411,2023,article,29,205292342,31,50
4389703715,6,0,6,"2303284028,2066752129,2913773162,2793071066,3123050710,4313545395",https://doi.org/10.1007/s11192-023-04889-x,2023,article,23,148561398,18,68
4411980088,6,0,6,"2793071066,2913773162,3123050710,2066752129,2303284028,4313545395",https://doi.org/10.1016/j.respol.2025.105295,2025,article,20,9731383,18,64
4401358970,6,0,6,"2303284028,2547045893,4313545395,2066752129,2793071066,2913773162",https://doi.org/10.1162/qss_a_00323,2024,article,10,4210195326,31,72
4391955679,6,0,6,"4313545395,2303284028,2547045893,2913773162,2793071066,2808505390",https://doi.org/10.1140/epjds/s13688-024-00451-8,2024,article,10,2504380752,33,72
4284886732,6,0,6,"2913773162,3201257425,2793071066,2808505390,2066752129,2547045893",https://doi.org/10.1038/s41598-022-15724-3,2022,article,7,196734849,17,55
4410521329,6,0,6,"4313545395,4378980478,2913773162,2066752129,2303284028,2547045893",https://doi.org/10.1038/s43588-025-00808-7,2025,article,7,4210228084,18,40
3046545064,6,0,6,"2303284028,2547045893,2066752129,2913773162,2808505390,3123050710",https://doi.org/10.1145/3383583.3398500,2020,article,6,,17,378
4405616180,6,0,6,"2066752129,3123050710,4313545395,2303284028,2913773162,2793071066",https://doi.org/10.1371/journal.pone.0313268,2024,article,5,202381698,18,72
4407630774,6,0,6,"4313545395,3123050710,4378980478,2066752129,2793071066,2913773162",https://doi.org/10.1016/j.ipm.2025.104100,2025,article,5,174847851,18,67
4410867941,6,0,6,"4313545395,3123050710,2913773162,2793071066,2066752129,2303284028",https://doi.org/10.2478/jdis-2025-0029,2025,article,5,2764801193,18,41
4408730777,6,0,6,"2066752129,2303284028,2547045893,2793071066,2913773162,3201257425",https://doi.org/10.1016/j.joi.2025.101657,2025,article,1,205292342,18,92
7127057942,6,0,6,"2066752129,2547045893,2793071066,2808505390,2913773162,4313545395",https://doi.org/10.1007/s11192-025-05503-y,2026,article,1,148561398,18,45
4416412425,6,0,6,"3201257425,2303284028,2547045893,4378980478,2066752129,2793071066",https://doi.org/10.1016/j.dsim.2025.11.003,2025,article,0,4387290350,18,48
7164852245,6,0,6,"2913773162,3201257425,2793071066,2808505390,2066752129,2547045893",https://doi.org/10.1038/s44260-026-00081-3,2026,article,0,5407025833,18,61
6977030425,6,0,6,"2303284028,2547045893,2793071066,2808505390,2913773162,4313545395",https://doi.org/10.6084/m9.figshare.26683300.v1,2024,article,0,4377196282,33,58
7118884143,6,0,6,"2913773162,2793071066,2808505390,2547045893,2066752129,4378980478",https://doi.org/10.1007/978-3-032-07781-3_6,2026,book-chapter,0,4210171903,18,78
7140103820,6,0,6,"2066752129,4378980478,4313545395,2303284028,2913773162,2793071066",https://doi.org/10.1007/s11192-026-05600-6,2026,article,0,148561398,18,53
6976813744,6,0,6,"2303284028,2547045893,2913773162,2793071066,2808505390,4313545395",https://doi.org/10.6084/m9.figshare.26683300,2024,article,0,4406922384,33,58
4416810217,6,0,6,"2913773162,2808505390,2303284028,2066752129,3123050710,4378980478",https://doi.org/10.1093/reseval/rvaf055,2024,article,0,16793705,18,60
4380592195,6,0,6,"2066752129,2303284028,2913773162,4313545395,3123050710,4378980478",https://doi.org/10.2139/ssrn.4478791,2023,preprint,0,4210172589,18,89
4221161647,6,0,6,"2303284028,2547045893,2066752129,2913773162,2793071066,2808505390",https://doi.org/10.1162/qss_a_00186,2022,article,0,4210195326,18,50
2100390860,5,5,0,"3201257425,2066752129,3123050710,4313545395,2303284028",https://doi.org/10.1287/mnsc.47.1.117.10671,2001,article,2801,33323087,18,72
2793071066,5,3,2,"2066752129,2547045893,2808505390,3201257425,4378980478",https://doi.org/10.1126/science.aao0185,2018,review,1380,3880285,18,117
2913773162,5,3,2,"4313545395,4378980478,3201257425,2066752129,2303284028",https://doi.org/10.1038/s41586-019-0941-9,2019,article,1023,137773608,18,42
2096523843,5,5,0,"2066752129,4378980478,4313545395,2547045893,2913773162",https://doi.org/10.1126/science.1158357,2008,article,795,3880285,18,14
2158550208,5,5,0,"2547045893,2066752129,2793071066,3123050710,4313545395",https://doi.org/10.1111/j.1756-2171.2011.00140.x,2011,article,654,34139249,18,45
2171817276,5,4,1,"2066752129,2913773162,2808505390,2793071066,4378980478",https://doi.org/10.1073/pnas.1424329112,2015,article,419,125754415,31,77
2808505390,5,2,3,"2066752129,2547045893,2793071066,3201257425,4378980478",https://doi.org/10.1038/s41586-018-0315-8,2018,article,197,137773608,20,86
2977412048,5,1,4,"2066752129,4378980478,2547045893,2793071066,2808505390",https://doi.org/10.1038/s41467-019-12189-3,2019,article,102,64187185,27,69
2990160624,5,1,4,"2913773162,3123050710,2066752129,2303284028,4313545395",https://doi.org/10.1162/qss_a_00068,2020,article,89,4210195326,18,43
4388797015,5,0,5,"4313545395,3123050710,2913773162,2066752129,2303284028",https://doi.org/10.1007/s11192-023-04873-5,2023,article,67,148561398,18,82
4303449333,5,0,5,"2793071066,2913773162,3123050710,2066752129,2303284028",https://doi.org/10.1002/asi.24719,2022,article,52,4210197613,18,40
4376505099,5,0,5,"2913773162,3123050710,2066752129,2303284028,4313545395",https://doi.org/10.1177/00031224231168074,2023,article,48,157620343,18,106
4313530501,5,0,5,"3123050710,2913773162,2303284028,2547045893,2066752129",https://doi.org/10.1016/j.ipm.2022.103252,2023,article,35,174847851,18,101
4309583152,5,0,5,"2793071066,2913773162,3123050710,2066752129,2303284028",https://doi.org/10.1002/asi.24725,2022,article,31,4210197613,18,57
4301180256,5,0,5,"3201257425,2066752129,2793071066,2808505390,2913773162",https://doi.org/10.1016/j.joi.2022.101337,2022,article,29,205292342,18,133
4402483649,5,0,5,"2793071066,2913773162,3123050710,2066752129,2303284028",https://doi.org/10.1016/j.joi.2024.101587,2024,article,25,205292342,18,58
4392023274,5,0,5,"4313545395,4378980478,2913773162,2066752129,2303284028",https://doi.org/10.1016/j.joi.2024.101520,2024,article,20,205292342,33,100
3123684900,5,0,5,"2547045893,2066752129,2793071066,2808505390,3123050710",https://doi.org/10.2139/ssrn.3353841,2019,article,16,4210172589,33,90
4386525060,5,0,5,"2066752129,3123050710,4313545395,2303284028,2913773162",https://doi.org/10.1016/j.joi.2023.101451,2023,article,14,205292342,18,47
4401473531,5,0,5,"4313545395,3123050710,2913773162,2066752129,2303284028",https://doi.org/10.1007/s11192-024-05126-9,2024,article,12,148561398,14,78
3134958513,5,0,5,"2913773162,2793071066,2808505390,2547045893,2066752129",https://doi.org/10.1038/s41467-021-25477-8,2021,preprint,11,64187185,28,65
4401525538,5,0,5,"2913773162,2793071066,4313545395,2547045893,2066752129",https://doi.org/10.1016/j.heliyon.2024.e36066,2024,article,11,2898612692,18,134
4391019454,5,0,5,"2793071066,2808505390,2913773162,2547045893,2066752129",https://doi.org/10.1016/j.techfore.2024.123208,2024,article,10,39307421,14,118
4402526665,5,0,5,"2066752129,4378980478,4313545395,2303284028,2913773162",https://doi.org/10.1007/s11192-024-05134-9,2024,article,10,148561398,14,133
4386983354,5,0,5,"2303284028,2547045893,2066752129,2793071066,4313545395",https://doi.org/10.1016/j.joi.2023.101456,2023,article,7,205292342,18,86
4399611671,5,0,5,"2913773162,2793071066,4313545395,2303284028,4378980478",https://doi.org/10.1016/j.joi.2024.101549,2024,article,6,205292342,33,36
4385644490,5,0,5,"3123050710,4313545395,2913773162,2303284028,2066752129",https://doi.org/10.48550/arxiv.2308.02383,2023,preprint,6,4306400194,18,77
4404301261,5,0,5,"2547045893,2066752129,2913773162,2793071066,4313545395",https://doi.org/10.1093/9780198937401.001.0001,2024,book,5,,12,222
4403682064,5,0,5,"4313545395,2913773162,2793071066,2066752129,2303284028",https://doi.org/10.1162/qss_a_00335,2024,article,5,4210195326,27,62
4408129230,5,0,5,"3201257425,2913773162,2793071066,2808505390,4378980478",https://doi.org/10.1057/s41599-025-04617-1,2025,article,5,4210206302,18,96
4411660041,5,0,5,"2066752129,4313545395,2303284028,2913773162,2793071066",https://doi.org/10.1177/01655515251330614,2025,article,4,68913162,18,41
4413809072,5,0,5,"2303284028,4313545395,2793071066,2808505390,2913773162",https://doi.org/10.1002/asi.70023,2025,article,3,4210197613,18,39
4404301300,5,0,5,"2066752129,4313545395,2547045893,2913773162,2793071066",https://doi.org/10.1093/9780198937401.003.0013,2024,book-chapter,3,,18,222
4409828432,5,0,5,"2913773162,3123050710,4378980478,2066752129,2303284028",https://doi.org/10.1007/s11192-025-05295-1,2025,article,3,148561398,20,89
4402814566,5,0,5,"2913773162,2793071066,4313545395,2303284028,2066752129",https://doi.org/10.1016/j.joi.2024.101594,2024,article,3,205292342,18,57
4399284318,5,0,5,"2303284028,2913773162,3123050710,4378980478,4313545395",https://doi.org/10.3390/math12111741,2024,article,2,4210192031,31,57
4416839398,5,0,5,"3123050710,4378980478,2913773162,2066752129,2303284028",https://doi.org/10.1007/s11192-025-05497-7,2025,article,2,148561398,18,103
7147612290,5,0,5,"2303284028,2066752129,2913773162,2793071066,4313545395",https://doi.org/10.1126/sciadv.adx3420,2026,article,2,2737427234,33,114
4393241776,5,0,5,"4378980478,2808505390,2913773162,2303284028,2066752129",https://doi.org/10.2139/ssrn.4749118,2024,article,2,4210172589,18,43
4402372022,5,0,5,"2913773162,3123050710,2066752129,2303284028,4313545395",https://doi.org/10.1016/j.joi.2024.101584,2024,article,1,205292342,14,70
4411754096,5,0,5,"4313545395,3123050710,2913773162,2066752129,2303284028",https://doi.org/10.1093/reseval/rvaf026,2024,article,1,16793705,18,92
4404301232,5,0,5,"4313545395,2913773162,2793071066,2066752129,2547045893",https://doi.org/10.1093/9780198937401.003.0009,2024,book-chapter,1,,12,222
4404301267,5,0,5,"2066752129,4313545395,2547045893,2913773162,2793071066",https://doi.org/10.1093/9780198937401.003.0005,2024,book-chapter,1,,12,222
4413242487,5,0,5,"2303284028,3123050710,4378980478,2066752129,2913773162",https://doi.org/10.1016/j.joi.2025.101710,2025,article,1,205292342,18,71
4411326205,5,0,5,"2913773162,4313545395,2303284028,2066752129,4378980478",https://doi.org/10.1080/19761597.2025.2518526,2025,article,1,116778711,33,67
3190677640,5,0,5,"2547045893,2066752129,2793071066,2808505390,2913773162",https://doi.org/10.21203/rs.3.rs-1068232/v1,2021,preprint,1,4306525896,18,81
4413963722,5,0,5,"4313545395,4378980478,2913773162,2793071066,2303284028",https://doi.org/10.1016/j.joi.2025.101723,2025,article,1,205292342,18,72
4414998955,5,0,5,"2303284028,2066752129,2913773162,3123050710,4378980478",https://doi.org/10.1016/j.joi.2025.101734,2025,article,1,205292342,18,44
4404301285,5,0,5,"2793071066,2913773162,2066752129,2547045893,4313545395",https://doi.org/10.1093/9780198937401.003.0001,2024,book-chapter,1,,12,222
4404301253,5,0,5,"2066752129,4313545395,2547045893,2913773162,2793071066",https://doi.org/10.1093/9780198937401.003.0016,2024,book-chapter,0,,33,222
4415129172,5,0,5,"4378980478,4313545395,2793071066,2913773162,2303284028",https://doi.org/10.1007/s11192-025-05424-w,2025,article,0,148561398,17,39
7124904280,5,0,5,"4313545395,2793071066,2913773162,2303284028,2066752129",https://doi.org/10.1016/j.ipm.2026.104634,2026,article,0,174847851,18,88
4404301271,5,0,5,"2547045893,4313545395,2066752129,2793071066,2913773162",https://doi.org/10.1093/9780198937401.003.0002,2024,book-chapter,0,,12,222
4404301235,5,0,5,"4313545395,2913773162,2793071066,2066752129,2547045893",https://doi.org/10.1093/9780198937401.003.0007,2024,book-chapter,0,,12,222
4404301256,5,0,5,"4313545395,2793071066,2913773162,2547045893,2066752129",https://doi.org/10.1093/9780198937401.003.0021,2024,book-chapter,0,,12,222
4415427308,5,0,5,"2303284028,2066752129,2913773162,2793071066,4313545395",https://doi.org/10.1057/s41599-025-05887-5,2025,article,0,4210206302,18,41
4404301231,5,0,5,"2913773162,2793071066,4313545395,2547045893,2066752129",https://doi.org/10.1093/9780198937401.003.0003,2024,book-chapter,0,,12,222
4404301322,5,0,5,"4313545395,2913773162,2793071066,2066752129,2547045893",https://doi.org/10.1093/9780198937401.003.0004,2024,book-chapter,0,,17,222
7154971465,5,0,5,"2913773162,2793071066,4313545395,2547045893,2066752129",https://doi.org/10.1057/s41599-026-06865-1,2026,article,0,4210206302,27,57
4404301245,5,0,5,"2066752129,2547045893,2793071066,2913773162,4313545395",https://doi.org/10.1093/9780198937401.003.0018,2024,book-chapter,0,,12,222
4400075051,5,0,5,"2303284028,2066752129,2913773162,3123050710,4313545395",https://doi.org/10.1007/s11192-024-05071-7,2024,article,0,148561398,14,33
4404301334,5,0,5,"2066752129,2547045893,2793071066,2913773162,4313545395",https://doi.org/10.1093/9780198937401.003.0019,2024,book-chapter,0,,12,222
4411073301,5,0,5,"2913773162,3123050710,4378980478,2066752129,2303284028",https://doi.org/10.1007/s11192-025-05349-4,2025,article,0,148561398,18,59
4404301247,5,0,5,"2066752129,2547045893,2793071066,2913773162,4313545395",https://doi.org/10.1093/9780198937401.003.0014,2024,book-chapter,0,,12,222
4404301230,5,0,5,"4313545395,2793071066,2913773162,2547045893,2066752129",https://doi.org/10.1093/9780198937401.003.0010,2024,book-chapter,0,,12,222
4414474275,5,0,5,"2303284028,2547045893,2066752129,2913773162,2793071066",https://doi.org/10.1108/el-04-2025-0145,2025,article,0,902750600,18,40
4404301244,5,0,5,"2793071066,2913773162,2066752129,2547045893,4313545395",https://doi.org/10.1093/9780198937401.003.0015,2024,book-chapter,0,,12,222
4404301260,5,0,5,"4313545395,2793071066,2913773162,2547045893,2066752129",https://doi.org/10.1093/9780198937401.003.0006,2024,book-chapter,0,,12,222
4404301341,5,0,5,"2547045893,4313545395,2066752129,2793071066,2913773162",https://doi.org/10.1093/9780198937401.003.0012,2024,book-chapter,0,,31,222
4404301284,5,0,5,"2066752129,4313545395,2547045893,2913773162,2793071066",https://doi.org/10.1093/9780198937401.003.0022,2024,book-chapter,0,,18,222
4404301238,5,0,5,"2547045893,2066752129,2913773162,2793071066,4313545395",https://doi.org/10.1093/9780198937401.003.0020,2024,book-chapter,0,,12,222
4404301302,5,0,5,"2913773162,2793071066,4313545395,2547045893,2066752129",https://doi.org/10.1093/9780198937401.003.0011,2024,book-chapter,0,,12,222
7153472410,5,0,5,"2066752129,3123050710,4313545395,2303284028,2913773162",https://doi.org/10.1007/s11192-026-05612-2,2026,article,0,148561398,14,77
4404301250,5,0,5,"2066752129,2547045893,2793071066,2913773162,4313545395",https://doi.org/10.1093/9780198937401.005.0001,2024,book-chapter,0,,12,222
4404301274,5,0,5,"2793071066,2913773162,2066752129,2547045893,4313545395",https://doi.org/10.1093/9780198937401.003.0008,2024,book-chapter,0,,18,222
4411887410,5,0,5,"3201257425,2066752129,2547045893,2913773162,2793071066",https://doi.org/10.1093/pnasnexus/pgaf174,2025,article,0,4220651275,32,56
4404301254,5,0,5,"2913773162,2793071066,4313545395,2547045893,2066752129",https://doi.org/10.1093/9780198937401.003.0017,2024,book-chapter,0,,12,222
7117486912,5,0,5,"2547045893,2793071066,2808505390,2913773162,4313545395",https://doi.org/10.1145/3778534.3778629,2025,article,0,,18,9
2128438887,4,4,0,"2808505390,2793071066,4378980478,2547045893",https://doi.org/10.1073/pnas.0507655102,2005,article,11535,125754415,17,4
2150443611,4,4,0,"2066752129,2913773162,2793071066,4313545395",https://doi.org/10.1126/science.1106340,2005,article,1148,3880285,31,28
2151866568,4,4,0,"2547045893,2808505390,2793071066,4378980478",https://doi.org/10.1073/pnas.0806977105,2008,article,834,125754415,18,32
2547045893,4,4,0,"3201257425,4378980478,2808505390,2793071066",https://doi.org/10.1126/science.aaf5239,2016,article,638,3880285,18,50
2102017123,4,4,0,"2547045893,4378980478,2808505390,2793071066",https://doi.org/10.1126/sciadv.1400005,2015,article,617,2737427234,18,47
2154053722,4,3,1,"3123050710,2793071066,3201257425,2066752129",https://doi.org/10.1177/0003122415601618,2015,article,602,157620343,18,110
3103058826,4,1,3,"2066752129,2547045893,2793071066,4378980478",https://doi.org/10.1038/s41467-018-07634-8,2018,article,491,64187185,18,57
2765658614,4,2,2,"2066752129,2547045893,2808505390,4378980478",https://doi.org/10.1016/j.physrep.2017.10.001,2017,article,418,48633963,31,546
2152513188,4,4,0,"2808505390,2793071066,3201257425,4378980478",https://doi.org/10.1073/pnas.1323111111,2014,article,311,125754415,18,76
3203516702,4,2,2,"2913773162,4313545395,2303284028,4378980478",https://doi.org/10.1073/pnas.2021636118,2021,article,309,125754415,18,27
2001425859,4,4,0,"4378980478,4313545395,2808505390,2547045893",https://doi.org/10.1073/pnas.1102895108,2011,article,304,125754415,32,28
2109746829,4,3,1,"2793071066,2913773162,4378980478,2066752129",https://doi.org/10.1073/pnas.1309723111,2014,article,266,125754415,31,44
2395804017,4,2,2,"2913773162,4378980478,2066752129,2303284028",https://doi.org/10.1146/annurev-soc-081715-074219,2016,article,245,61274580,18,149
2596990011,4,2,2,"3201257425,2066752129,2547045893,2793071066",https://doi.org/10.1038/s41562-017-0078,2017,article,172,2764866340,31,71
4389132405,4,0,4,"2066752129,2303284028,2913773162,4313545395",https://doi.org/10.1038/s41586-023-06767-1,2023,article,170,137773608,17,42
2905469878,4,1,3,"3201257425,2547045893,2793071066,2808505390",https://doi.org/10.1038/s41467-019-11401-8,2019,article,141,64187185,18,42
2565597050,4,3,1,"2808505390,4378980478,2547045893,3201257425",https://doi.org/10.1073/pnas.1702121114,2017,article,132,125754415,18,54
3016737084,4,0,4,"2793071066,2808505390,2913773162,2547045893",https://doi.org/10.1098/rsif.2020.0135,2020,article,121,129150467,18,96
3039347329,4,0,4,"2066752129,3123050710,2547045893,2793071066",https://doi.org/10.1016/j.respol.2020.104063,2020,article,112,9731383,18,77
2986257978,4,0,4,"2913773162,3123050710,2066752129,2303284028",https://doi.org/10.1007/s11192-019-03263-0,2019,article,92,148561398,18,74
2891006732,4,2,2,"3201257425,2066752129,4378980478,2808505390",https://doi.org/10.1126/science.aav2484,2018,article,87,3880285,18,30
3187218587,4,0,4,"2303284028,3123050710,2066752129,2913773162",https://doi.org/10.1016/j.techfore.2021.121071,2021,article,71,39307421,18,26
2904444295,4,0,4,"2793071066,2808505390,2547045893,2066752129",https://doi.org/10.1038/s42254-018-0005-3,2018,review,59,4210234670,18,61
3088847729,4,0,4,"3123050710,2913773162,2303284028,2066752129",https://doi.org/10.1016/j.respol.2020.104115,2020,article,54,9731383,14,76
4223921289,4,0,4,"2066752129,2303284028,2793071066,3123050710",https://doi.org/10.1016/j.joi.2022.101282,2022,article,45,205292342,17,66
3112759612,4,0,4,"2303284028,3123050710,2793071066,2913773162",https://doi.org/10.1016/j.techfore.2020.120502,2020,article,45,39307421,18,77
3194111265,4,1,3,"2066752129,4378980478,2547045893,2808505390",https://doi.org/10.1038/s41467-021-25712-2,2021,article,42,64187185,18,79
3034043167,4,0,4,"2547045893,2066752129,2793071066,3123050710",https://doi.org/10.1016/j.joi.2020.101053,2020,article,34,205292342,18,101
3095343655,4,0,4,"2303284028,3123050710,2066752129,2913773162",https://doi.org/10.1007/s11192-020-03757-2,2020,article,32,148561398,18,103
2938980366,4,1,3,"2547045893,4378980478,2808505390,2913773162",https://doi.org/10.1038/s42254-019-0057-z,2019,review,31,4210234670,18,10
4406061216,4,0,4,"2793071066,2913773162,3123050710,2066752129",https://doi.org/10.1038/s41467-024-55115-y,2025,article,31,64187185,20,75
3181107731,4,0,4,"2303284028,2547045893,2913773162,2793071066",https://doi.org/10.1371/journal.pone.0270131,2022,article,27,202381698,31,70
4389215998,4,0,4,"3123050710,2793071066,2808505390,2066752129",https://doi.org/10.1016/j.joi.2023.101468,2023,article,27,205292342,18,68
4281735940,4,0,4,"3123050710,2913773162,2066752129,2303284028",https://doi.org/10.1016/j.joi.2022.101306,2022,article,26,205292342,18,74
4318457104,4,0,4,"2303284028,2547045893,2793071066,2913773162",https://doi.org/10.1007/s11192-023-04631-7,2023,article,24,148561398,18,58
3098771157,4,0,4,"2793071066,2913773162,2303284028,2066752129",https://doi.org/10.1038/s41598-020-76916-3,2020,article,24,196734849,20,45
4380046124,4,0,4,"2913773162,3123050710,2066752129,2303284028",https://doi.org/10.1007/s11192-023-04751-0,2023,article,22,148561398,18,85
4392231898,4,0,4,"3123050710,2913773162,2066752129,2303284028",https://doi.org/10.1140/epjds/s13688-024-00453-6,2024,article,20,2504380752,31,99
4399445161,4,0,4,"2066752129,2913773162,2793071066,4313545395",https://doi.org/10.1073/pnas.2320066121,2024,preprint,20,125754415,13,61
4388819481,4,0,4,"2793071066,2066752129,2547045893,4313545395",https://doi.org/10.1073/pnas.2309378120,2023,article,19,125754415,18,56
4327614966,4,0,4,"2303284028,3123050710,2066752129,2913773162",https://doi.org/10.1177/01655515231161133,2023,article,18,68913162,18,46
4320039360,4,0,4,"2913773162,2066752129,2303284028,2547045893",https://doi.org/10.1007/s11192-023-04644-2,2023,article,17,148561398,31,17
4394768444,4,0,4,"3123050710,2913773162,2303284028,2066752129",https://doi.org/10.1007/s11192-024-04981-w,2024,article,17,148561398,18,75
4396633884,4,0,4,"2066752129,2303284028,2913773162,4313545395",https://doi.org/10.1016/j.ipm.2024.103757,2024,article,16,174847851,18,88
4404405613,4,0,4,"2913773162,4378980478,2303284028,4313545395",https://doi.org/10.1016/j.joi.2024.101605,2024,article,16,205292342,18,52
4292559846,4,0,4,"2066752129,2303284028,2913773162,3123050710",https://doi.org/10.1007/s11192-022-04499-z,2022,article,16,148561398,18,21
4206733540,4,0,4,"2303284028,2913773162,2793071066,3123050710",https://doi.org/10.1371/journal.pbio.3001520,2022,review,15,154343897,13,83
3096147865,4,0,4,"2303284028,3123050710,2066752129,2913773162",https://doi.org/10.1007/s11192-020-03756-3,2020,article,14,148561398,18,42
4319296609,4,0,4,"3201257425,2793071066,2808505390,2547045893",https://doi.org/10.1038/s41598-023-27735-9,2023,article,14,196734849,20,48
4401040764,4,0,4,"2066752129,2793071066,4378980478,4313545395",https://doi.org/10.1093/jrsssa/qnae068,2024,article,14,185328345,18,84
4221034140,4,0,4,"3123050710,2913773162,2066752129,2303284028",https://doi.org/10.1007/s11192-022-04350-5,2022,article,14,148561398,17,62
4403052255,4,0,4,"3123050710,2913773162,2303284028,2066752129",https://doi.org/10.1073/pnas.2402802121,2024,article,11,125754415,17,56
4401373509,4,0,4,"4313545395,2793071066,2913773162,2303284028",https://doi.org/10.1016/j.ipm.2024.103851,2024,article,11,174847851,18,67
4385373424,4,0,4,"2913773162,2303284028,2066752129,3123050710",https://doi.org/10.1016/j.joi.2023.101434,2023,article,11,205292342,18,76
4404827300,4,0,4,"4313545395,2793071066,2913773162,2547045893",https://doi.org/10.1098/rspa.2024.0141,2024,article,11,3006183880,18,70
4394573127,4,0,4,"2066752129,4378980478,2303284028,2913773162",https://doi.org/10.1108/el-06-2023-0141,2024,article,10,902750600,18,44
4410221857,4,0,4,"2547045893,2793071066,2913773162,4378980478",https://doi.org/10.1088/2632-2153/add6ef,2025,article,9,4210200687,17,63
4405624725,4,0,4,"4378980478,4313545395,2793071066,2066752129",https://doi.org/10.1016/j.joi.2024.101634,2024,article,8,205292342,18,95
4399912718,4,0,4,"4378980478,4313545395,2913773162,2303284028",https://doi.org/10.1007/s11192-024-05201-1,2024,preprint,7,148561398,20,40
4293545873,4,0,4,"2793071066,2913773162,2303284028,2547045893",https://doi.org/10.1007/s11192-022-04505-4,2022,article,7,148561398,18,40
4402289053,4,0,4,"2066752129,4313545395,2303284028,2913773162",https://doi.org/10.1016/j.joi.2024.101588,2024,article,7,205292342,32,97
3036432969,4,0,4,"2793071066,2913773162,2066752129,2303284028",https://doi.org/10.1016/j.joi.2021.101159,2021,preprint,6,205292342,18,94
4411848025,4,0,4,"2066752129,2913773162,3123050710,4313545395",https://doi.org/10.1016/j.aei.2025.103567,2025,review,6,112141509,22,77
4410553520,4,0,4,"2303284028,2066752129,2913773162,4313545395",https://doi.org/10.1038/d41586-025-01548-4,2025,article,6,137773608,13,18
4388163155,4,0,4,"2303284028,2547045893,2913773162,4313545395",https://doi.org/10.1016/j.joi.2023.101463,2023,article,6,205292342,18,88
4409160369,4,0,4,"4313545395,3123050710,2066752129,2303284028",https://doi.org/10.1080/10438599.2025.2486344,2025,article,6,192056284,20,39
3176173426,4,0,4,"2793071066,2913773162,2547045893,2066752129",https://doi.org/10.1088/2632-072x/ac24f1,2021,article,6,4210184083,20,46
4300979839,4,0,4,"2793071066,2913773162,2066752129,2303284028",https://doi.org/10.1103/physrevresearch.4.l042001,2022,article,6,4210240247,31,36
4403377417,4,0,4,"3123050710,4378980478,2066752129,2913773162",https://doi.org/10.1007/s11192-024-05173-2,2024,article,6,148561398,18,45
4408743946,4,0,4,"2303284028,2913773162,4378980478,4313545395",https://doi.org/10.1016/j.ipm.2025.104121,2025,article,5,174847851,18,92
4404392530,4,0,4,"3201257425,2547045893,2808505390,2913773162",https://doi.org/10.1038/s41598-024-77206-y,2024,article,5,196734849,18,24
4404038935,4,0,4,"4313545395,2913773162,2303284028,2066752129",https://doi.org/10.1007/s11192-024-05184-z,2024,article,5,148561398,18,52
4387934855,4,0,4,"2066752129,2793071066,2913773162,3201257425",https://doi.org/10.1109/tvcg.2023.3327387,2023,article,5,84775595,17,76
3204799561,4,0,4,"2808505390,2913773162,2547045893,2066752129",https://doi.org/10.1016/j.joi.2021.101217,2021,article,5,205292342,18,34
4381982771,4,0,4,"2303284028,4313545395,4378980478,2913773162",https://doi.org/10.2139/ssrn.4486421,2023,article,5,4210172589,18,32
4376612598,4,0,4,"2913773162,2303284028,2066752129,3123050710",https://doi.org/10.1007/s11192-023-04706-5,2023,article,5,148561398,18,63
4409591101,4,0,4,"2066752129,2303284028,2793071066,2913773162",https://doi.org/10.1007/s11192-025-05319-w,2025,article,4,148561398,32,62
7119230500,4,0,4,"4378980478,4313545395,2303284028,2913773162",https://doi.org/10.1162/qss.a.409,2026,article,4,4210195326,18,27
2974207573,4,0,4,"2547045893,2066752129,2793071066,2808505390",https://doi.org/10.1140/epjds/s13688-020-00227-w,2020,preprint,4,2504380752,32,51
4404643212,4,0,4,"2066752129,3123050710,2303284028,2913773162",https://doi.org/10.1007/s11192-024-05196-9,2024,article,3,148561398,17,98
4409884745,4,0,4,"2913773162,4313545395,2303284028,2066752129",https://doi.org/10.1145/3706598.3713917,2025,article,3,,17,80
4415134643,4,0,4,"2913773162,2793071066,4313545395,2066752129",https://doi.org/10.1057/s41599-025-05797-6,2025,article,3,4210206302,18,37
4401936689,4,0,4,"2547045893,2793071066,2808505390,4378980478",https://doi.org/10.1088/1748-9326/ad7479,2024,article,3,139338987,22,60
4388021812,4,0,4,"2913773162,2808505390,2547045893,3201257425",https://doi.org/10.1038/s41598-023-44563-z,2023,article,2,196734849,33,63
7131072697,4,0,4,"4313545395,2913773162,2793071066,2303284028",https://doi.org/10.1016/j.respol.2026.105451,2026,article,2,9731383,18,61
4416297677,4,0,4,"2303284028,2066752129,2913773162,4313545395",https://doi.org/10.1057/s41599-025-06038-6,2025,article,2,4210206302,14,92
4412988641,4,0,4,"2913773162,4313545395,2303284028,2066752129",https://doi.org/10.5465/amj.2023.1010,2025,article,2,117778295,14,76
4392612010,4,0,4,"2793071066,2913773162,2303284028,4313545395",https://doi.org/10.1016/j.joi.2024.101524,2024,article,2,205292342,14,62
7125936030,4,0,4,"2303284028,4313545395,2066752129,2913773162",https://doi.org/10.1002/asi.70053,2026,article,1,4210197613,18,25
4385616457,4,0,4,"2547045893,3201257425,2913773162,2808505390",https://doi.org/10.21203/rs.3.rs-3069473/v1,2023,preprint,1,4306525896,33,43
4381163577,4,0,4,"2913773162,3201257425,2808505390,2547045893",https://doi.org/10.31235/osf.io/x9zwn,2023,preprint,1,,33,50
7126122475,4,0,4,"2303284028,4313545395,3123050710,2066752129",https://doi.org/10.3390/systems14020142,2026,article,1,4210219410,14,59
4406598145,4,0,4,"2913773162,2793071066,4313545395,2547045893",https://doi.org/10.1016/j.chaos.2025.116004,2025,article,1,70718007,18,125
4412042968,4,0,4,"2913773162,4378980478,2066752129,2303284028",https://doi.org/10.1007/s11192-025-05370-7,2025,article,1,148561398,18,89
4323316344,4,0,4,"2913773162,2793071066,2547045893,3201257425",https://doi.org/10.31235/osf.io/zu4bm,2023,preprint,1,,33,107
4402526490,4,0,4,"2066752129,3123050710,2303284028,2913773162",https://doi.org/10.1007/s11192-024-05140-x,2024,article,1,148561398,31,26
7148577872,4,0,4,"2913773162,3123050710,2066752129,4313545395",https://doi.org/10.1007/s11192-026-05607-z,2026,article,1,148561398,14,59
4392454432,4,0,4,"2066752129,2303284028,2913773162,3123050710",https://doi.org/10.3103/s014768822304007x,2023,article,1,189109583,18,38
4389939593,4,0,4,"2066752129,2547045893,2913773162,2793071066",https://doi.org/10.1140/epjds/s13688-023-00439-w,2023,article,1,2504380752,18,62
7118177187,4,0,4,"4313545395,2913773162,2066752129,2303284028",https://doi.org/10.2139/ssrn.6017638,2026,preprint,0,4210172589,11,48
4408983276,4,0,4,"2066752129,4313545395,2303284028,2913773162",https://doi.org/10.1007/978-3-031-82431-9_23,2025,book-chapter,0,2764461748,18,27
7129540593,4,0,4,"2793071066,2913773162,4313545395,4378980478",https://doi.org/10.64898/2026.02.12.705484,2026,article,0,4306402567,18,19
4415480546,4,0,4,"2303284028,3123050710,2066752129,2913773162",https://doi.org/10.2139/ssrn.5648547,2025,preprint,0,4210172589,33,28
7134933997,4,0,4,"2793071066,4313545395,2303284028,2547045893",https://doi.org/10.2139/ssrn.6390925,2026,preprint,0,4210172589,14,56
7084618185,4,0,4,"2066752129,2303284028,2913773162,4313545395",https://doi.org/10.1007/978-3-032-02932-4_9,2025,book-chapter,0,4404663223,13,54
4405523710,4,0,4,"3201257425,2303284028,2547045893,2808505390",https://doi.org/10.1162/qss_a_00342,2024,article,0,4210195326,18,49
7154858064,4,0,4,"3123050710,2913773162,2066752129,2303284028",https://doi.org/10.1016/j.joi.2026.101805,2026,article,0,205292342,18,53
4380897851,4,0,4,"2913773162,2066752129,2303284028,2547045893",https://doi.org/10.59494/dsi.2023.1.7,2023,article,0,4387290350,18,83
4416333340,4,0,4,"2066752129,2793071066,2913773162,4378980478",https://doi.org/10.1016/j.ipm.2025.104475,2025,article,0,174847851,18,41
6921085615,4,0,4,"2066752129,2547045893,2913773162,2793071066",https://doi.org/10.6084/m9.figshare.24873114,2023,article,0,4406922384,18,58
4414116595,4,0,4,"2066752129,3123050710,2913773162,2793071066",https://doi.org/10.1016/j.joi.2025.101730,2025,article,0,205292342,14,85
4412434613,4,0,4,"4313545395,2913773162,2303284028,2066752129",https://doi.org/10.1016/j.joi.2025.101703,2025,article,0,205292342,14,128
4416271362,4,0,4,"2066752129,4313545395,2303284028,2913773162",https://doi.org/10.1007/s11192-025-05486-w,2025,article,0,148561398,18,57
7128679114,4,0,4,"2066752129,3123050710,4313545395,2913773162",https://doi.org/10.1016/j.joi.2026.101779,2026,article,0,205292342,14,57
7119032721,4,0,4,"2547045893,2793071066,3201257425,4378980478",https://doi.org/10.1007/s11192-025-05534-5,2026,article,0,148561398,18,48
7124222049,4,0,4,"2793071066,2913773162,2066752129,4313545395",https://doi.org/10.21203/rs.3.rs-8382973/v1,2026,preprint,0,4306525896,33,50
6958277793,4,0,4,"2066752129,2547045893,2793071066,2913773162",https://doi.org/10.6084/m9.figshare.24873114.v1,2023,article,0,4377196282,18,58
7124470926,4,0,4,"2066752129,2303284028,2913773162,4313545395",https://doi.org/10.1016/j.techfore.2026.124537,2026,article,0,39307421,18,52
3113189577,4,0,4,"2793071066,2808505390,2547045893,2066752129",https://doi.org/10.21203/rs.3.rs-121409/v1,2020,preprint,0,4306525896,18,80
7161302989,4,0,4,"3123050710,2913773162,2303284028,2066752129",https://doi.org/10.3390/publications14020032,2026,article,0,2738007992,18,72
7161897661,4,0,4,"2913773162,3201257425,2793071066,2547045893",https://doi.org/10.1093/pnasnexus/pgag169,2026,article,0,4220651275,18,50
6976994353,4,0,4,"2547045893,2066752129,2793071066,2808505390",https://doi.org/10.6084/m9.figshare.12262646,2020,article,0,4377196282,27,36
4400026641,4,0,4,"2913773162,4313545395,2303284028,2066752129",https://doi.org/10.2139/ssrn.4877993,2024,preprint,0,4210172589,14,70
4402214939,4,0,4,"4313545395,2303284028,2913773162,2793071066",https://doi.org/10.1162/qss_a_00328,2024,article,0,4210195326,14,29
4417318361,4,0,4,"2913773162,2066752129,2303284028,4313545395",https://doi.org/10.21203/rs.3.rs-8119156/v1,2025,preprint,0,4306525896,18,52
4414601301,4,0,4,"4313545395,2793071066,2913773162,2066752129",https://doi.org/10.1073/pnas.2424143122,2025,article,0,125754415,18,72
4407692253,4,0,4,"2913773162,3123050710,2066752129,2303284028",https://doi.org/10.2139/ssrn.5140742,2025,article,0,4210172589,27,94
4412988960,4,0,4,"2913773162,3123050710,2066752129,2303284028",https://doi.org/10.2139/ssrn.5379973,2025,preprint,0,4210172589,18,47
4397030762,4,0,4,"3201257425,2547045893,2793071066,2808505390",https://doi.org/10.1016/j.joi.2024.101543,2024,article,0,205292342,18,72
4417034487,4,0,4,"2913773162,4313545395,2303284028,3123050710",https://doi.org/10.2139/ssrn.5868077,2025,preprint,0,4210172589,18,28
4412929271,4,0,4,"2303284028,4313545395,4378980478,2913773162",https://doi.org/10.1007/s11192-025-05395-y,2025,article,0,148561398,18,73
7165566743,4,0,4,"2793071066,3123050710,2066752129,4313545395",https://doi.org/10.1007/978-981-95-9877-9_8,2026,book-chapter,0,2764900261,27,34
2164284962,3,3,0,"3201257425,2913773162,3123050710",https://doi.org/10.1287/orsc.2.1.71,1991,article,21364,206124708,14,26
4292887282,3,3,0,"3201257425,2808505390,2793071066",https://doi.org/10.1126/science.159.3810.56,1968,article,6270,3880285,31,16
2023754051,3,3,0,"3201257425,2808505390,2793071066",,1968,article,4878,4306525036,31,22
2125315567,3,3,0,"4313545395,4378980478,2793071066",https://doi.org/10.1073/pnas.98.2.404,2001,article,4502,125754415,31,34
2080450835,3,3,0,"4378980478,2808505390,2793071066",https://doi.org/10.1002/asi.4630270505,1976,article,2063,4210220780,20,32
2050990045,3,3,0,"2547045893,2793071066,4378980478",https://doi.org/10.1038/504211a,2013,article,1487,137773608,33,8
4234441199,3,3,0,"4313545395,3123050710,2066752129",https://doi.org/10.1162/003355398555595,1998,article,956,203860005,20,6
3006753318,3,1,2,"4378980478,2547045893,2793071066",https://doi.org/10.1073/pnas.1914221117,2020,article,937,125754415,33,66
4313545395,3,0,3,"2913773162,2303284028,2066752129",https://doi.org/10.1038/s41586-022-05543-x,2023,article,829,137773608,18,72
2465739951,3,2,1,"2066752129,2793071066,4378980478",https://doi.org/10.1038/nature18315,2016,article,597,137773608,18,31
3122634626,3,2,1,"2066752129,2793071066,3123050710",https://doi.org/10.1287/mnsc.2015.2285,2016,article,473,33323087,14,86
2303284028,3,3,0,"4313545395,4378980478,2913773162",https://doi.org/10.1287/mnsc.2015.2366,2016,article,463,33323087,14,84
2193631239,3,2,1,"4378980478,4313545395,2303284028",https://doi.org/10.1257/aer.20161574,2019,article,369,23254222,18,60
4293483937,3,1,2,"2793071066,4378980478,2066752129",https://doi.org/10.1073/pnas.2200841119,2022,article,344,125754415,18,60
1690291114,3,2,1,"2066752129,2793071066,3123050710",https://doi.org/10.1371/journal.pone.0135095,2015,article,334,202381698,18,93
2585057539,3,2,1,"2547045893,2793071066,4378980478",https://doi.org/10.1126/science.aal4217,2017,review,269,3880285,18,31
2130145803,3,2,1,"2793071066,2066752129,3123050710",https://doi.org/10.1073/pnas.1509757112,2015,article,251,125754415,18,83
4246649397,3,3,0,"2793071066,2547045893,2066752129",https://doi.org/10.1126/science.1201765,2011,article,251,3880285,33,46
3047037404,3,0,3,"2913773162,2793071066,2066752129",https://doi.org/10.1080/13662716.2020.1792274,2020,article,246,36209479,17,361
1970372549,3,2,1,"2066752129,3123050710,2793071066",https://doi.org/10.1371/journal.pone.0122565,2015,article,208,202381698,18,24
2037997493,3,3,0,"2793071066,4378980478,2547045893",https://doi.org/10.1073/pnas.1401992111,2014,article,202,125754415,18,58
2085692706,3,3,0,"2808505390,2793071066,2066752129",https://doi.org/10.1371/journal.pone.0001683,2008,article,182,202381698,18,37
2049213211,3,3,0,"2793071066,4378980478,2547045893",https://doi.org/10.1038/srep04770,2014,article,181,196734849,18,37
2067878796,3,3,0,"2547045893,3201257425,4378980478",https://doi.org/10.1038/nature09040,2010,article,180,137773608,33,35
2192866431,3,2,1,"2066752129,4378980478,2547045893",https://doi.org/10.1038/nphys3494,2015,article,153,156274416,17,27
2902096938,3,0,3,"2793071066,2066752129,2547045893",https://doi.org/10.1038/s41562-018-0474-5,2018,article,149,2764866340,12,80
2950285081,3,1,2,"4378980478,2793071066,2547045893",https://doi.org/10.1038/s41467-018-07034-y,2018,article,123,64187185,36,55
3034146980,3,1,2,"4378980478,2547045893,2066752129",https://doi.org/10.1073/pnas.1915516117,2020,article,120,125754415,36,60
2979661385,3,0,3,"2547045893,2793071066,2913773162",https://doi.org/10.1371/journal.pbio.3000385,2019,article,117,154343897,18,16
3084203476,3,1,2,"4378980478,2793071066,2547045893",https://doi.org/10.1073/pnas.2001682117,2020,article,107,125754415,17,42
2889066974,3,0,3,"2793071066,2066752129,2547045893",https://doi.org/10.1073/pnas.1800485115,2018,article,105,125754415,18,84
4360827085,3,0,3,"3201257425,2066752129,2793071066",https://doi.org/10.1038/s41467-023-36741-4,2023,article,99,64187185,18,76
2950657507,3,0,3,"2793071066,2066752129,2547045893",https://doi.org/10.1073/pnas.1914370116,2020,article,97,125754415,17,62
2982316861,3,0,3,"2547045893,2793071066,2808505390",https://doi.org/10.1038/s41586-019-1725-y,2019,article,82,137773608,18,113
3177048599,3,0,3,"2913773162,2066752129,2303284028",https://doi.org/10.1016/j.joi.2021.101234,2021,article,75,205292342,31,100
3034472220,3,0,3,"3123050710,2066752129,2913773162",https://doi.org/10.1002/asi.24416,2020,article,74,4210197613,14,75
4388129970,3,0,3,"2547045893,2913773162,2793071066",https://doi.org/10.1038/s41598-023-46050-x,2023,article,70,196734849,18,45
2924476770,3,1,2,"4313545395,2913773162,2066752129",https://doi.org/10.3145/epi.2019.mar.07,2019,article,63,180455664,18,9
2979845147,3,0,3,"2793071066,2808505390,2547045893",https://doi.org/10.1109/tkde.2019.2946825,2019,article,62,30698027,17,52
3152800444,3,2,1,"4378980478,3201257425,2066752129",https://doi.org/10.1126/sciadv.abb9004,2021,article,61,2737427234,18,58
4403338646,3,0,3,"2913773162,2793071066,4378980478",https://doi.org/10.1038/s41562-024-02020-5,2024,article,57,2764866340,27,135
3098671446,3,0,3,"2808505390,2066752129,2547045893",https://doi.org/10.1038/s41467-020-19723-8,2020,article,50,64187185,32,53
3041673792,3,0,3,"2793071066,3123050710,2066752129",https://doi.org/10.1016/j.respol.2020.104071,2020,article,50,9731383,20,65
4220652835,3,0,3,"3201257425,2066752129,2808505390",https://doi.org/10.1177/00018392221083650,2022,article,48,143668711,33,96
2908116483,3,1,2,"2547045893,3201257425,2808505390",https://doi.org/10.1038/s41467-019-10213-0,2019,article,48,64187185,20,48
3168344805,3,0,3,"2913773162,2066752129,2303284028",https://doi.org/10.1007/s11192-022-04293-x,2022,article,44,148561398,18,71
4287510462,3,0,3,"2066752129,2913773162,3123050710",https://doi.org/10.1371/journal.pone.0271678,2022,article,43,202381698,20,52
2955377093,3,0,3,"2303284028,2066752129,3123050710",https://doi.org/10.1016/j.respol.2019.103807,2019,article,41,9731383,33,118
3202581213,3,0,3,"2066752129,2913773162,2808505390",https://doi.org/10.1016/bs.hesind.2021.11.013,2021,book-chapter,40,72310667,20,579
2607159947,3,1,2,"2066752129,4378980478,2547045893",https://doi.org/10.1016/j.joi.2017.04.002,2017,article,40,205292342,18,69
4391843732,3,0,3,"2913773162,2547045893,2066752129",https://doi.org/10.1057/s41599-024-02781-4,2024,article,37,4210206302,18,33
3128803561,3,0,3,"2913773162,2793071066,2547045893",https://doi.org/10.1371/journal.pone.0253397,2021,preprint,36,202381698,18,53
3092548724,3,0,3,"2066752129,2793071066,2913773162",https://doi.org/10.1186/s12915-020-00868-3,2020,article,35,25903957,17,25
4388416783,3,0,3,"2913773162,2066752129,2303284028",https://doi.org/10.1002/asi.24840,2023,article,34,4210197613,18,67
3178771062,3,0,3,"2808505390,2913773162,2547045893",https://doi.org/10.1016/j.joi.2021.101193,2021,article,31,205292342,18,73
4392935278,3,0,3,"2913773162,2303284028,4313545395",https://doi.org/10.1016/j.respol.2024.104992,2024,article,29,9731383,14,23
4410818492,3,0,3,"2913773162,2066752129,3201257425",https://doi.org/10.1038/s41586-025-09048-1,2025,article,29,137773608,18,77
4404947271,3,0,3,"2303284028,2547045893,2066752129",https://doi.org/10.1016/j.ipm.2024.103973,2024,article,27,174847851,32,48
3129670331,3,1,2,"2303284028,2913773162,4313545395",https://doi.org/10.3145/epi.2021.ene.21,2021,article,26,180455664,18,17
2951456998,3,0,3,"2547045893,2913773162,2808505390",https://doi.org/10.1109/tcss.2019.2913460,2019,article,26,2490693980,32,36
3114853674,3,0,3,"2066752129,2547045893,2808505390",https://doi.org/10.1038/s41467-020-20617-y,2020,retraction,25,64187185,32,52
4383041473,3,0,3,"2303284028,4313545395,2066752129",https://doi.org/10.1016/j.techfore.2023.122735,2023,article,24,39307421,20,121
4403121713,3,0,3,"2303284028,2913773162,4313545395",https://doi.org/10.1162/qss_a_00333,2024,article,23,4210195326,18,57
4401533943,3,0,3,"4313545395,2303284028,2913773162",https://doi.org/10.1287/orsc.2022.16770,2024,article,22,206124708,20,121
3037119610,3,0,3,"2547045893,2793071066,2808505390",https://doi.org/10.1145/3385530,2020,article,22,41523882,18,47
4200591549,3,0,3,"2303284028,2913773162,2793071066",https://doi.org/10.1162/qss_a_00158,2021,article,21,4210195326,33,70
4396763965,3,0,3,"2066752129,3123050710,4378980478",https://doi.org/10.1016/j.ipm.2024.103766,2024,article,21,174847851,31,80
3175210347,3,0,3,"2808505390,2913773162,2547045893",https://doi.org/10.1016/j.ipm.2021.102661,2021,article,20,174847851,18,68
4200595950,3,0,3,"2793071066,2547045893,2066752129",https://doi.org/10.1016/j.knosys.2021.107839,2021,article,20,10169007,17,79
2926948308,3,1,2,"2808505390,3201257425,2547045893",https://doi.org/10.1609/icwsm.v13i01.3219,2019,article,20,4387284482,31,38
3162584809,3,0,3,"2913773162,2793071066,2066752129",https://doi.org/10.1016/j.joi.2021.101165,2021,article,20,205292342,18,58
4394975915,3,0,3,"4313545395,2066752129,3123050710",https://doi.org/10.1016/j.ipm.2024.103743,2024,article,20,174847851,18,136
3173135198,3,0,3,"2303284028,2066752129,2913773162",https://doi.org/10.31235/osf.io/2t46f,2021,article,20,,14,107
2922274385,3,0,3,"2547045893,2793071066,2808505390",https://doi.org/10.1109/access.2019.2905955,2019,article,19,2485537415,18,114
4311700917,3,0,3,"2913773162,2066752129,2303284028",https://doi.org/10.1093/pnasnexus/pgac275,2022,article,19,4220651275,33,45
4401071832,3,0,3,"3123050710,2793071066,2066752129",https://doi.org/10.1073/pnas.2402646121,2024,article,18,125754415,18,101
3134786756,3,0,3,"2793071066,2913773162,2066752129",https://doi.org/10.1007/s11192-021-03885-3,2021,article,18,148561398,18,66
2970585409,3,0,3,"2547045893,2793071066,2808505390",https://doi.org/10.1038/s41598-020-60055-w,2020,article,17,196734849,12,37
4387150591,3,0,3,"2303284028,2547045893,4313545395",https://doi.org/10.1016/j.ipm.2023.103512,2023,article,16,174847851,17,58
4396694003,3,0,3,"2066752129,2913773162,2793071066",https://doi.org/10.1093/pnasnexus/pgae155,2024,article,16,4220651275,18,43
4410892607,3,0,3,"2913773162,2303284028,2066752129",https://doi.org/10.1016/j.ipm.2025.104225,2025,article,16,174847851,17,38
3129116370,3,0,3,"2066752129,2547045893,2793071066",https://doi.org/10.1007/s11192-020-03860-4,2021,article,16,148561398,17,33
3088965122,3,0,3,"3123050710,2913773162,2066752129",,2020,preprint,15,,33,61
3006044141,3,0,3,"2547045893,2913773162,2793071066",https://doi.org/10.1109/vast47406.2019.8986934,2019,article,14,,31,48
4234267853,3,0,3,"2066752129,2303284028,2913773162",https://doi.org/10.31235/osf.io/mjbxg,2021,preprint,14,,13,66
4319879122,3,0,3,"2066752129,2808505390,3123050710",https://doi.org/10.1140/epjds/s13688-023-00377-7,2023,article,13,2504380752,17,43
3194513023,3,0,3,"2066752129,2913773162,2808505390",https://doi.org/10.3386/w29173,2021,preprint,13,2809516038,20,708
4402526580,3,0,3,"2066752129,2303284028,2913773162",https://doi.org/10.1007/s11192-024-05150-9,2024,article,13,148561398,18,62
3209223379,3,0,3,"2303284028,2066752129,2793071066",https://doi.org/10.1109/tem.2021.3119437,2021,article,13,154533451,14,75
4323271756,3,0,3,"2793071066,2066752129,2547045893",https://doi.org/10.2478/jdis-2023-0003,2023,article,12,2764801193,26,44
4388531256,3,0,3,"2913773162,2793071066,4313545395",https://doi.org/10.1002/agt2.451,2023,article,12,4210220553,25,49
4285731179,3,0,3,"2913773162,2066752129,3123050710",https://doi.org/10.1007/s11192-022-04462-y,2022,article,12,148561398,18,73
3100786668,3,1,2,"2793071066,2303284028,2066752129",https://doi.org/10.2139/ssrn.3034125,2017,article,11,4210172589,14,38
4394018818,3,0,3,"4313545395,2303284028,2913773162",https://doi.org/10.1016/j.eist.2024.100836,2024,article,11,2764720322,20,111
3135677247,3,0,3,"2793071066,2913773162,2066752129",https://doi.org/10.3390/educsci11030107,2021,article,10,2738008561,33,120
3049463120,3,0,3,"2793071066,2808505390,2547045893",https://doi.org/10.48550/arxiv.2008.07097,2020,preprint,10,4306400194,17,38
4386158338,3,0,3,"2913773162,4313545395,3123050710",https://doi.org/10.1093/scipol/scad047,2023,article,9,4210168539,18,64
4399208773,3,0,3,"2303284028,2913773162,4313545395",https://doi.org/10.2196/55121,2024,article,9,17147534,18,58
4311177633,3,0,3,"2547045893,2808505390,2913773162",https://doi.org/10.1038/s41598-022-25714-0,2022,article,9,196734849,20,92
4249955386,3,1,2,"2303284028,4313545395,3123050710",https://doi.org/10.1787/06913b3b-en,2021,paratext,9,4210170535,27,16
4402373562,3,0,3,"4313545395,2066752129,3123050710",https://doi.org/10.1108/el-03-2024-0071,2024,article,9,902750600,18,36
4312863230,3,0,3,"2793071066,2303284028,2066752129",https://doi.org/10.1109/tem.2022.3212793,2022,article,9,154533451,14,71
4293428552,3,0,3,"2793071066,2913773162,3201257425",https://doi.org/10.1016/j.joi.2022.101321,2022,article,9,205292342,18,54
4388398979,3,0,3,"2793071066,2066752129,3123050710",https://doi.org/10.1002/smj.3564,2023,article,8,102949365,33,81
4396674048,3,0,3,"2547045893,2913773162,2793071066",https://doi.org/10.1162/qss_a_00312,2024,article,8,4210195326,14,44
4362715514,3,0,3,"3201257425,2547045893,2808505390",https://doi.org/10.33871/23179937.2022.10.1.2,2022,article,8,2738558080,14,24
4385537590,3,0,3,"2913773162,2303284028,2066752129",https://doi.org/10.1016/j.joi.2023.101432,2023,article,8,205292342,18,97
4400610252,3,0,3,"2066752129,2793071066,3123050710",https://doi.org/10.1007/s11192-024-05085-1,2024,article,7,148561398,18,215
4401199402,3,0,3,"2913773162,3123050710,4313545395",https://doi.org/10.1111/puar.13857,2024,article,7,76877748,18,88
4399678874,3,0,3,"2793071066,2913773162,2066752129",https://doi.org/10.1111/psj.12548,2024,article,7,119514724,33,28
4319240607,3,0,3,"2547045893,2793071066,2913773162",https://doi.org/10.1016/j.joi.2022.101375,2023,article,7,205292342,20,81
4310063356,3,0,3,"3201257425,2793071066,2547045893",https://doi.org/10.1016/j.joi.2022.101356,2022,article,7,205292342,18,51
4404995171,3,0,3,"2913773162,2303284028,4313545395",https://doi.org/10.1007/s10961-024-10173-8,2024,article,7,185905316,14,96
4308149270,3,0,3,"2913773162,2793071066,2808505390",https://doi.org/10.1016/j.joi.2022.101346,2022,article,7,205292342,31,76
4284965777,3,0,3,"2808505390,2913773162,2547045893",https://doi.org/10.1038/s41598-022-14980-7,2022,article,6,196734849,20,66
4229443326,3,0,3,"2547045893,2793071066,2808505390",https://doi.org/10.1038/s41598-022-10837-1,2022,article,6,196734849,31,36
4401481851,3,0,3,"2913773162,4313545395,2303284028",https://doi.org/10.1016/j.techfore.2024.123586,2024,article,6,39307421,20,62
4417152112,3,0,3,"2793071066,2913773162,4378980478",https://doi.org/10.1038/s43588-025-00906-6,2025,article,6,4210228084,18,54
4407385616,3,0,3,"2303284028,2066752129,3123050710",https://doi.org/10.1016/j.eswa.2025.126778,2025,article,6,13144211,25,74
4400136398,3,0,3,"2066752129,2913773162,4378980478",https://doi.org/10.1007/s11192-024-05089-x,2024,article,5,148561398,33,56
4309713194,3,0,3,"2547045893,2913773162,2793071066",https://doi.org/10.1140/epjds/s13688-022-00369-z,2022,article,5,2504380752,32,43
4389167573,3,0,3,"4313545395,2303284028,2793071066",https://doi.org/10.1371/journal.pone.0294946,2023,article,5,202381698,18,95
2987881686,3,0,3,"2066752129,2808505390,3123050710",https://doi.org/10.48550/arxiv.1911.02712,2019,preprint,5,4306400194,18,34
4200013400,3,0,3,"2793071066,2808505390,2303284028",https://doi.org/10.1109/bigdia53151.2021.9619692,2021,article,4,,18,19
4411092606,3,0,3,"2303284028,2913773162,4313545395",https://doi.org/10.1016/j.ipm.2025.104207,2025,article,4,174847851,33,38
4388270696,3,0,3,"2547045893,3123050710,2793071066",https://doi.org/10.1109/tcss.2023.3325264,2023,article,4,2490693980,18,91
4200080656,3,0,3,"2547045893,2793071066,2808505390",https://doi.org/10.1371/journal.pone.0260567,2021,article,4,202381698,32,86
4322494904,3,0,3,"2547045893,2793071066,2808505390",https://doi.org/10.1007/s11192-023-04660-2,2023,article,4,148561398,31,44
3123746466,3,0,3,"2913773162,3123050710,2066752129",https://doi.org/10.2139/ssrn.3560339,2020,article,4,4210172589,14,72
4309297773,3,0,3,"2066752129,3123050710,2913773162",https://doi.org/10.1016/b978-0-12-818630-5.02086-8,2022,book-chapter,4,4306463230,14,126
4409841107,3,0,3,"2066752129,3201257425,2913773162",https://doi.org/10.1016/j.joi.2025.101673,2025,article,3,205292342,18,86
4281397747,3,0,3,"2808505390,2547045893,3201257425",https://doi.org/10.33871/23179937.2022.10.1.4689,2022,article,3,2738558080,14,24
4366769271,3,0,3,"2793071066,2808505390,2913773162",https://doi.org/10.2478/jdis-2023-0008,2023,article,3,2764801193,26,64
4392109872,3,0,3,"2913773162,2066752129,3123050710",https://doi.org/10.1007/s11192-024-04937-0,2024,article,3,148561398,18,45
4416186255,3,0,3,"2066752129,2913773162,3123050710",https://doi.org/10.1016/j.respol.2025.105358,2025,article,3,9731383,36,79
4389913927,3,0,3,"2066752129,2793071066,2913773162",https://doi.org/10.3390/su152416915,2023,article,3,10134376,26,54
3160403291,3,0,3,"2913773162,2066752129,2303284028",https://doi.org/10.31235/osf.io/j24pw,2020,article,3,,33,39
4416980522,3,0,3,"2913773162,2303284028,4313545395",https://doi.org/10.1007/s11023-025-09755-8,2025,article,2,160466889,20,59
4226043506,3,0,3,"3201257425,2808505390,2547045893",https://doi.org/10.1371/journal.pone.0265446,2022,article,2,202381698,32,28
3188762338,3,0,3,"2913773162,2793071066,2066752129",,2021,preprint,2,4306400194,32,78
3179925474,3,0,3,"2066752129,2913773162,2793071066",https://doi.org/10.2139/ssrn.3886142,2021,preprint,2,4210172589,26,62
4394730027,3,0,3,"4313545395,2913773162,2303284028",https://doi.org/10.2139/ssrn.4790784,2024,article,2,4210172589,14,61
4407847728,3,0,3,"2303284028,2547045893,2913773162",https://doi.org/10.1016/j.techfore.2025.124053,2025,article,2,39307421,14,85
2938371471,3,0,3,"2547045893,2793071066,2808505390",https://doi.org/10.1140/epjds/s13688-019-0205-9,2019,preprint,2,2504380752,18,40
4396916022,3,0,3,"2547045893,2066752129,2793071066",https://doi.org/10.1525/collabra.95047,2024,article,2,4210175756,18,153
4406721862,3,0,3,"3123050710,2913773162,2066752129",https://doi.org/10.1162/qss_a_00349,2025,article,2,4210195326,17,57
4401942199,3,0,3,"2303284028,2913773162,4313545395",https://doi.org/10.1016/j.joi.2024.101570,2024,article,2,205292342,31,58
4399580116,3,0,3,"4313545395,2303284028,2913773162",https://doi.org/10.1038/s44319-024-00177-8,2024,article,2,57252141,22,16
4389165997,3,0,3,"4313545395,2913773162,2303284028",https://doi.org/10.1016/j.jvsvi.2023.100036,2023,article,2,4387286742,27,27
4394626855,3,0,3,"4313545395,3123050710,2066752129",https://doi.org/10.1007/978-3-031-57867-0_31,2024,book-chapter,2,106296714,18,29
4409800288,3,0,3,"2547045893,2913773162,2808505390",https://doi.org/10.1007/s11192-025-05329-8,2025,article,2,148561398,33,74
4412441430,3,0,3,"2303284028,2793071066,2913773162",https://doi.org/10.1016/j.joi.2025.101706,2025,article,2,205292342,18,37
4406388459,3,0,3,"4313545395,3123050710,2913773162",https://doi.org/10.2196/59598,2025,article,2,17147534,18,44
4413781108,3,0,3,"3123050710,2913773162,2066752129",https://doi.org/10.1016/j.joi.2025.101725,2025,article,2,205292342,18,76
4383988707,3,0,3,"2547045893,2793071066,2808505390",https://doi.org/10.1371/journal.pone.0287226,2023,article,2,202381698,13,80
4410489600,3,0,3,"4313545395,2913773162,2303284028",https://doi.org/10.1016/j.joi.2025.101685,2025,article,1,205292342,18,85
4400537346,3,0,3,"4313545395,2913773162,2303284028",https://doi.org/10.1136/medhum-2024-012928,2024,article,1,159563226,27,34
4387215235,3,0,3,"4313545395,2913773162,2303284028",https://doi.org/10.1177/08997640231196892,2023,article,1,168572994,33,61
4409443622,3,0,3,"2913773162,2303284028,2066752129",https://doi.org/10.1177/01655515251330608,2025,article,1,68913162,18,41
4417453569,3,0,3,"3123050710,2793071066,2066752129",https://doi.org/10.1016/j.ipm.2025.104557,2025,article,1,174847851,13,58
4387987353,3,0,3,"3201257425,4313545395,2808505390",https://doi.org/10.2139/ssrn.4586863,2023,article,1,4210172589,28,78
4381058749,3,0,3,"2303284028,2913773162,4313545395",https://doi.org/10.2139/ssrn.4483032,2023,preprint,1,4210172589,20,17
4412609675,3,0,3,"2066752129,2303284028,2913773162",https://doi.org/10.51408/issi2025_085,2025,article,1,,27,46
4387860811,3,0,3,"2303284028,2913773162,4313545395",https://doi.org/10.1002/pra2.989,2023,article,1,4393918545,31,13
4391648250,3,0,3,"3123050710,2066752129,2793071066",https://doi.org/10.31222/osf.io/hva4p,2024,preprint,1,,18,234
3014575707,3,0,3,"2303284028,2913773162,2793071066",https://doi.org/10.48550/arxiv.2004.00520,2020,preprint,1,4306400194,33,22
4200351311,3,0,3,"2303284028,2066752129,2913773162",https://doi.org/10.31219/osf.io/3h8xp,2021,preprint,1,,32,65
7083314789,3,0,3,"2913773162,3123050710,2066752129",https://doi.org/10.1016/j.eswa.2025.129794,2025,article,1,13144211,17,58
3157875203,3,0,3,"2547045893,2793071066,2808505390",https://doi.org/10.1073/pnas.2106152118,2021,preprint,1,125754415,33,68
4405533285,3,0,3,"2913773162,2066752129,3123050710",https://doi.org/10.1007/978-3-031-75216-2_7,2024,book-chapter,0,,14,57
4415267170,3,0,3,"2066752129,3123050710,4313545395",https://doi.org/10.1016/j.respol.2025.105345,2025,article,0,9731383,20,54
4413305244,3,0,3,"2303284028,4313545395,2913773162",https://doi.org/10.1007/s11192-025-05404-0,2025,article,0,148561398,36,50
4407857998,3,0,3,"4313545395,2066752129,3123050710",https://doi.org/10.2139/ssrn.5148652,2025,preprint,0,4210172589,18,70
4417142236,3,0,3,"2303284028,4313545395,2913773162",https://doi.org/10.1016/j.ipm.2025.104547,2025,article,0,174847851,14,72
4226244244,3,0,3,"2808505390,2913773162,2547045893",https://doi.org/10.21203/rs.3.rs-1003454/v2,2021,preprint,0,4306525896,20,54
4412901163,3,0,3,"4378980478,2793071066,2066752129",https://doi.org/10.1145/3715928.3737492,2025,article,0,4306400393,18,55
4408508639,3,0,3,"4313545395,2303284028,2913773162",https://doi.org/10.2139/ssrn.5130373,2025,preprint,0,4210172589,17,65
7162287248,3,0,3,"4313545395,2793071066,2913773162",https://doi.org/10.1007/s11192-026-05661-7,2026,article,0,148561398,18,56
7161808749,3,0,3,"2303284028,2913773162,4313545395",https://doi.org/10.21203/rs.3.rs-9585548/v1,2026,preprint,0,4306525896,14,29
4410795204,3,0,3,"2913773162,4313545395,4378980478",https://doi.org/10.1038/s43588-025-00812-x,2025,article,0,4210228084,13,8
7148403339,3,0,3,"4313545395,2913773162,2303284028",https://doi.org/10.1057/s41270-026-00475-1,2026,article,0,4210182956,14,44
4402469273,3,0,3,"2547045893,2066752129,2793071066",https://doi.org/10.1016/j.physa.2024.130096,2024,article,0,24688465,18,33
7160053201,3,0,3,"4313545395,2303284028,2913773162",https://doi.org/10.1007/s11192-026-05618-w,2026,article,0,148561398,18,71
7165031885,3,0,3,"2913773162,4313545395,2066752129",https://doi.org/10.1177/17479541261445519,2026,article,0,33049603,32,38
2965769976,3,0,3,"2547045893,2793071066,2913773162",https://doi.org/10.48550/arxiv.1907.12748,2019,preprint,0,4306400194,31,42
3205440086,3,0,3,"2066752129,4313545395,2303284028",https://doi.org/10.2139/ssrn.3944922,2021,article,0,4210172589,14,66
4412628839,3,0,3,"2066752129,3123050710,2913773162",https://doi.org/10.1007/s11192-025-05383-2,2025,article,0,148561398,18,67
7139087325,3,0,3,"2913773162,4313545395,2303284028",https://doi.org/10.1057/s41599-026-06992-9,2026,article,0,4210206302,33,72
7119663505,3,0,3,"2303284028,2793071066,2913773162",https://doi.org/10.1016/j.joi.2025.101758,2026,article,0,205292342,31,73
7154494373,3,0,3,"2913773162,4313545395,2303284028",https://doi.org/10.1016/j.joi.2026.101806,2026,article,0,205292342,12,41
3163871880,3,0,3,"3123050710,2066752129,2793071066",https://doi.org/10.33540/686,2021,dissertation,0,,14,434
7164880105,3,0,3,"2793071066,2066752129,3123050710",https://doi.org/10.1016/j.joi.2026.101840,2026,article,0,205292342,18,26
7151060575,3,0,3,"4313545395,2913773162,2303284028",https://doi.org/10.1016/j.apenergy.2026.127832,2026,article,0,109565702,15,57
7154686052,3,0,3,"4313545395,2793071066,2066752129",https://doi.org/10.1073/pnas.2500343123,2026,article,0,125754415,14,42
7162429004,3,0,3,"2303284028,2913773162,4313545395",https://doi.org/10.1016/j.ipm.2026.104899,2026,article,0,174847851,17,18
4283764309,3,0,3,"2913773162,2303284028,2066752129",https://doi.org/10.1371/journal.pone.0270648,2022,article,0,202381698,33,82
7129754739,3,0,3,"2303284028,2913773162,4313545395",https://doi.org/10.1093/icc/dtag002,2026,article,0,145507837,14,81
4411885786,3,0,3,"2066752129,2913773162,4313545395",https://doi.org/10.1057/s41599-025-05124-z,2025,article,0,4210206302,18,53
4407389569,3,0,3,"2303284028,2913773162,4313545395",https://doi.org/10.1101/2025.02.11.637417,2025,preprint,0,4306402567,18,62
4322491276,3,0,3,"2547045893,2913773162,2793071066",https://doi.org/10.1093/pnasnexus/pgad060,2023,article,0,4220651275,20,62
4413076986,3,0,3,"2913773162,4313545395,2303284028",https://doi.org/10.1007/s11192-025-05362-7,2025,article,0,148561398,14,47
4377087849,3,0,3,"4313545395,2066752129,3123050710",https://doi.org/10.55835/643b16770dbbd7f8a6d7c898,2023,article,0,,18,6
7162498035,3,0,3,"2303284028,4313545395,2066752129",https://doi.org/10.2139/ssrn.6835483,2026,preprint,0,4210172589,14,44
4402445675,3,0,3,"2913773162,2793071066,4378980478",https://doi.org/10.17853/1994-5639-2024-7-116-141,2024,article,0,2737075480,17,20
4405533608,3,0,3,"3123050710,2066752129,2913773162",https://doi.org/10.1007/978-3-031-75216-2_5,2024,book-chapter,0,,14,127
4408601348,3,0,3,"3123050710,2793071066,2066752129",https://doi.org/10.1057/s41599-025-04714-1,2025,article,0,4210206302,33,57
7139012483,3,0,3,"4313545395,2913773162,2303284028",https://doi.org/10.1016/j.techfore.2026.124649,2026,article,0,39307421,14,66
7130653081,3,0,3,"2913773162,2303284028,2066752129",https://doi.org/10.1002/asi.70067,2026,article,0,4210197613,18,43
3126032076,3,0,3,"2547045893,2913773162,2793071066",https://doi.org/10.1038/s42005-021-00693-2,2021,preprint,0,4210200995,31,36
4392975421,3,0,3,"2913773162,2066752129,3123050710",https://doi.org/10.2139/ssrn.4766907,2024,preprint,0,4210172589,18,66
4413412689,3,0,3,"2066752129,2793071066,4378980478",https://doi.org/10.1140/epjds/s13688-025-00580-8,2025,article,0,2504380752,18,83
4380487169,3,0,3,"2303284028,2913773162,4313545395",https://doi.org/10.31219/osf.io/eh7ga,2023,preprint,0,,33,107
4413118314,3,0,3,"2913773162,4313545395,2303284028",https://doi.org/10.2139/ssrn.5391174,2025,preprint,0,4210172589,31,42
4412515387,3,0,3,"2793071066,2913773162,4378980478",https://doi.org/10.1111/1365-2435.70109,2025,article,0,174303711,17,40
4413966485,3,0,3,"3123050710,4313545395,2913773162",https://doi.org/10.2139/ssrn.5401167,2025,preprint,0,4210172589,33,40
4413979289,3,0,3,"3123050710,2913773162,2066752129",https://doi.org/10.1108/ajim-12-2024-0987,2025,article,0,4210181081,18,57
3048805497,3,0,3,"2547045893,2793071066,2808505390",https://doi.org/10.48550/arxiv.2008.04648,2020,preprint,0,4306400194,18,99
7129025385,3,0,3,"4313545395,2303284028,2066752129",https://doi.org/10.1287/orsc.2023.17601,2026,article,0,206124708,36,69
4412475394,3,0,3,"4313545395,2793071066,2066752129",https://doi.org/10.1140/epjds/s13688-025-00568-4,2025,article,0,2504380752,17,23
4377087573,3,0,3,"4313545395,2303284028,2913773162",https://doi.org/10.55835/644117475a1411a1cb49918d,2023,article,0,,31,13
3211569674,3,0,3,"2808505390,2913773162,2547045893",https://doi.org/10.21203/rs.3.rs-1003454/v1,2021,preprint,0,4306525896,20,55
7155621229,3,0,3,"2303284028,2913773162,4313545395",https://doi.org/10.1016/j.joi.2026.101811,2026,article,0,205292342,18,74
7125497925,3,0,3,"2913773162,2303284028,2066752129",https://doi.org/10.1108/ajim-06-2025-0404,2026,article,0,4210181081,18,79
7162794330,3,0,3,"2547045893,2066752129,2913773162",https://doi.org/10.1007/s11192-026-05660-8,2026,article,0,148561398,18,108
2008620264,2,2,0,"2808505390,2793071066",https://doi.org/10.1126/science.286.5439.509,1999,article,36366,3880285,31,19
2137358449,2,2,0,"3123050710,2303284028",https://doi.org/10.2307/2232409,1983,article,21731,45992627,20,0
3105982350,2,2,0,"3201257425,4378980478",https://doi.org/10.15488/5174,2019,article,8266,4306401977,31,55
2099670044,2,2,0,"2303284028,4313545395",https://doi.org/10.2307/2392832,1986,article,6132,143668711,14,28
2002779084,2,2,0,"2303284028,3123050710",https://doi.org/10.1086/421787,2004,article,5410,122471516,14,106
1546171873,2,2,0,"4378980478,2793071066",https://doi.org/10.7312/pric91844,1963,book,4251,4306463045,33,0
2088209891,2,2,0,"4378980478,2793071066",https://doi.org/10.1126/science.149.3683.510,1965,article,3114,3880285,18,6
2068452509,2,2,0,"2547045893,3123050710",https://doi.org/10.1038/520429a,2015,article,2643,137773608,18,11
1961310889,2,2,0,"3123050710,2303284028",,2009,book,2040,,14,0
2136968651,2,2,0,"2066752129,4313545395",https://doi.org/10.1086/432782,2005,article,1907,122471516,31,87
2092124750,2,2,0,"2808505390,2793071066",https://doi.org/10.1038/nature05670,2007,article,1680,137773608,31,35
2156539182,2,2,0,"3201257425,2793071066",https://doi.org/10.1177/053901847501400602,1975,article,1455,50876694,33,151
767067438,2,2,0,"4313545395,2793071066",https://doi.org/10.1016/j.joi.2016.02.007,2016,review,1266,205292342,18,388
1968410348,2,2,0,"2793071066,3201257425",https://doi.org/10.7208/9780226217239,1977,article,1210,147691735,12,0
3043042346,2,1,1,"2793071066,4378980478",https://doi.org/10.1038/s41562-020-0921-y,2020,article,732,2764866340,27,10
1530265405,2,2,0,"4313545395,2303284028",https://doi.org/10.1515/9781400837342,2011,book,703,4306463805,20,11
956237728,2,1,1,"2913773162,2066752129",https://doi.org/10.17226/19007,2015,book,633,4306463641,18,533
2077497904,2,2,0,"2793071066,2547045893",https://doi.org/10.1037/0033-295x.104.1.66,1997,article,617,35223124,32,172
2159299749,2,2,0,"3123050710,2793071066",https://doi.org/10.1023/b:scie.0000018543.82441.f1,2004,article,587,148561398,31,3
2146435332,2,2,0,"2303284028,4313545395",https://doi.org/10.1016/j.respol.2006.11.005,2007,article,473,9731383,14,70
4233975025,2,2,0,"2793071066,2547045893",https://doi.org/10.1037//0033-295x.104.1.66,1997,article,448,35223124,32,0
1983454294,2,2,0,"2547045893,2808505390",https://doi.org/10.1063/1.1996475,2005,article,427,180907581,18,33
1998116478,2,1,1,"2066752129,3123050710",https://doi.org/10.1016/j.respol.2014.10.007,2014,article,351,9731383,18,152
3103443220,2,1,1,"2793071066,2066752129",https://doi.org/10.1002/asi.23734,2016,article,343,4210197613,18,58
2743628650,2,1,1,"2066752129,4378980478",https://doi.org/10.1126/science.aam9527,2017,article,300,3880285,14,46
3022499311,2,0,2,"2913773162,2066752129",https://doi.org/10.1146/annurev-soc-121919-054621,2020,article,289,61274580,31,142
2088909840,2,2,0,"4378980478,2547045893",https://doi.org/10.1126/science.1154562,2009,article,264,3880285,18,18
2075054625,2,2,0,"2808505390,2793071066",https://doi.org/10.1371/journal.pone.0051332,2012,article,256,202381698,33,40
2936032879,2,1,1,"4378980478,3123050710",https://doi.org/10.1002/smj.3145,2020,article,254,102949365,14,48
2949684159,2,0,2,"2547045893,2793071066",https://doi.org/10.1038/s41467-019-13130-4,2019,article,250,64187185,18,54
1968900087,2,2,0,"2793071066,2547045893",https://doi.org/10.1038/489201a,2012,article,247,137773608,18,7
2133115696,2,2,0,"4313545395,2303284028",https://doi.org/10.5465/amj.2012.0585,2013,article,240,117778295,14,110
3095837292,2,0,2,"2066752129,2303284028",https://doi.org/10.1016/j.respol.2020.104144,2020,article,237,9731383,14,82
3130449896,2,0,2,"2913773162,2793071066",https://doi.org/10.1093/scipol/scab010,2021,article,234,4210168539,18,96
2896629373,2,0,2,"2066752129,3123050710",https://doi.org/10.1016/j.respol.2019.01.002,2019,article,229,9731383,18,101
2899748628,2,0,2,"2808505390,2547045893",https://doi.org/10.1126/science.aau7224,2018,article,212,3880285,12,23
4205302485,2,2,0,"3201257425,4378980478",https://doi.org/10.1017/9781108610834,2021,book,212,4306462995,18,0
2757063724,2,2,0,"2793071066,4378980478",https://doi.org/10.1038/550029a,2017,article,211,137773608,27,4
363554780,2,1,1,"3123050710,2066752129",https://doi.org/10.1371/journal.pone.0127298,2015,article,208,202381698,18,73
1525763102,2,2,0,"3201257425,2808505390",https://doi.org/10.1515/9781400837397,2006,book,208,4377196299,32,0
4289877870,2,0,2,"3123050710,2066752129",https://doi.org/10.1016/j.respol.2022.104604,2022,article,193,9731383,18,79
1972499088,2,2,0,"2547045893,2793071066",https://doi.org/10.1073/pnas.1121429109,2012,article,190,125754415,18,62
2148434025,2,1,1,"2066752129,2793071066",https://doi.org/10.1073/pnas.1501444112,2015,article,165,125754415,18,63
340874798,2,2,0,"2793071066,3123050710",https://doi.org/10.1016/j.socnet.2015.02.006,2015,article,163,26186134,31,63
2903667613,2,0,2,"2547045893,2793071066",https://doi.org/10.1073/pnas.1800478115,2018,article,163,125754415,36,58
4226148732,2,0,2,"2066752129,2913773162",https://doi.org/10.1073/pnas.2200927119,2022,article,158,125754415,18,19
4213132988,2,0,2,"2793071066,2547045893",https://doi.org/10.1038/s41598-022-05146-6,2022,article,158,196734849,12,26
2080799411,2,2,0,"2913773162,2066752129",https://doi.org/10.3152/095820211x12941371876580,2011,article,157,16793705,18,73
2816355363,2,0,2,"3123050710,2913773162",https://doi.org/10.1287/mnsc.2019.3381,2020,article,150,33323087,18,42
2606807691,2,1,1,"2066752129,4313545395",https://doi.org/10.1126/sciadv.1601315,2017,article,144,2737427234,18,37
2915733332,2,0,2,"3123050710,2066752129",https://doi.org/10.1016/j.respol.2019.01.019,2019,article,134,9731383,18,60
1981328197,2,2,0,"2793071066,2547045893",https://doi.org/10.1038/srep03052,2013,article,127,196734849,33,22
4284704491,2,1,1,"4378980478,2793071066",https://doi.org/10.1038/s41562-022-01397-5,2022,article,120,2764866340,18,51
2794465725,2,0,2,"2066752129,3123050710",https://doi.org/10.1016/j.respol.2018.03.014,2018,article,110,9731383,18,71
2946320709,2,0,2,"2793071066,2547045893",https://doi.org/10.1016/j.physrep.2019.05.002,2019,article,110,48633963,31,1172
3103665095,2,2,0,"2793071066,2547045893",,2013,article,108,4306401340,18,30
2988233634,2,0,2,"2066752129,2793071066",https://doi.org/10.1038/d41586-019-03308-7,2019,article,101,137773608,18,14
4242576001,2,2,0,"2066752129,4378980478",https://doi.org/10.1002/asi.21335,2010,article,100,80113298,18,33
2128525455,2,1,1,"2066752129,2793071066",https://doi.org/10.1177/2329496514540131,2014,article,95,2764533491,33,113
2935482946,2,1,1,"2793071066,4313545395",https://doi.org/10.1016/j.respol.2019.04.009,2019,article,91,9731383,18,74
3136742816,2,0,2,"2066752129,3123050710",https://doi.org/10.1016/j.respol.2021.104226,2021,article,88,9731383,18,189
3161947065,2,0,2,"2793071066,2913773162",https://doi.org/10.1038/s42256-021-00339-6,2021,article,86,2912241403,25,57
3123726009,2,1,1,"2808505390,2793071066",,2018,article,86,4306401271,18,95
3004433783,2,0,2,"2913773162,2066752129",https://doi.org/10.1016/j.respol.2019.103910,2020,article,83,9731383,18,101
3026180388,2,2,0,"4313545395,4378980478",https://doi.org/10.1073/pnas.1910160117,2020,review,80,125754415,27,48
2251013823,2,2,0,"2808505390,3201257425",https://doi.org/10.1515/9781400837397,2011,book,79,4306463805,31,0
3176835866,2,0,2,"2066752129,3123050710",https://doi.org/10.1371/journal.pone.0254034,2021,article,79,202381698,18,35
2967837635,2,1,1,"2913773162,4313545395",https://doi.org/10.1016/j.joi.2019.07.004,2019,article,74,205292342,17,80
4387673980,2,0,2,"4378980478,2793071066",https://doi.org/10.1038/s42256-023-00735-0,2023,article,73,2912241403,31,80
4292475382,2,0,2,"3201257425,2793071066",https://doi.org/10.1038/s41467-022-32604-6,2022,article,70,64187185,18,61
4320709689,2,0,2,"4313545395,2913773162",https://doi.org/10.1111/1751-7915.14222,2023,article,67,4210238104,18,329
3037190511,2,0,2,"2066752129,2913773162",https://doi.org/10.1007/s11192-020-03811-z,2021,article,66,148561398,13,121
2955203674,2,0,2,"2793071066,2066752129",https://doi.org/10.1073/pnas.1812341116,2019,article,66,125754415,18,41
4313545078,2,0,2,"2913773162,4313545395",https://doi.org/10.1038/d41586-022-04577-5,2023,letter,66,137773608,18,3
3097046318,2,0,2,"2066752129,3123050710",https://doi.org/10.1016/j.ipm.2020.102428,2020,article,65,174847851,18,73
3121088567,2,0,2,"2303284028,2913773162",https://doi.org/10.1162/qss_a_00109,2021,article,63,4210195326,18,37
4376504550,2,0,2,"2066752129,2913773162",https://doi.org/10.31235/osf.io/rwtzs,2023,preprint,63,,33,65
3161063227,2,0,2,"2303284028,2913773162",https://doi.org/10.1038/s41587-021-00907-6,2021,article,62,106963461,13,34
3006456429,2,1,1,"2066752129,4313545395",https://doi.org/10.3386/w26752,2020,preprint,60,2809516038,18,115
2196635810,2,1,1,"2793071066,2066752129",https://doi.org/10.1140/epjds/s13688-016-0069-1,2016,article,59,2504380752,18,47
2902658188,2,0,2,"3123050710,2066752129",https://doi.org/10.1016/j.respol.2018.11.006,2018,article,59,9731383,18,71
3094073079,2,0,2,"2793071066,2913773162",https://doi.org/10.1007/s11051-020-05032-0,2020,article,57,194298869,31,63
4243795529,2,0,2,"2066752129,3123050710",https://doi.org/10.1177/0149206318774619,2018,article,56,122767448,18,91
3115533035,2,0,2,"2066752129,3123050710",https://doi.org/10.1016/j.joi.2020.101124,2020,article,56,205292342,18,67
4200030831,2,0,2,"3123050710,2066752129",https://doi.org/10.1016/j.respol.2021.104451,2021,article,54,9731383,32,138
2791572729,2,1,1,"2066752129,2913773162",https://doi.org/10.1073/pnas.1719792115,2018,article,54,125754415,33,48
3112943580,2,0,2,"2547045893,2793071066",https://doi.org/10.1103/physrevlett.125.248301,2020,article,53,24807848,31,95
2979505613,2,0,2,"2066752129,2793071066",https://doi.org/10.1017/cts.2019.402,2019,article,53,4210205013,18,58
2974277618,2,0,2,"2793071066,2547045893",https://doi.org/10.1016/j.cosrev.2019.100193,2019,review,52,73121659,17,52
4200491461,2,0,2,"2066752129,2793071066",https://doi.org/10.1002/asi.24612,2021,article,51,4210197613,33,86
3011163443,2,0,2,"2913773162,2303284028",https://doi.org/10.1007/s11192-020-03406-8,2020,article,51,148561398,18,29
2901134720,2,0,2,"3123050710,2066752129",https://doi.org/10.1016/j.respol.2018.10.030,2018,article,49,9731383,36,125
2154674172,2,2,0,"3201257425,2808505390",https://doi.org/10.1073/pnas.1412198112,2015,article,48,125754415,23,30
1905893694,2,1,1,"4313545395,2066752129",https://doi.org/10.1111/jpim.12294,2015,article,47,93630570,18,34
3011163375,2,0,2,"2303284028,2913773162",https://doi.org/10.3386/w26889,2020,report,46,2809516038,18,114
2891622994,2,1,1,"2793071066,2066752129",https://doi.org/10.3386/w22180,2016,report,44,2809516038,18,46
2985885616,2,0,2,"2303284028,2913773162",https://doi.org/10.1007/s11192-019-03288-5,2019,article,44,148561398,18,98
3217108371,2,0,2,"2066752129,2547045893",https://doi.org/10.1177/00031224211056267,2021,article,43,157620343,33,93
3092423708,2,1,1,"2808505390,3201257425",https://doi.org/10.1073/pnas.2011927117,2020,article,43,125754415,28,54
4220877524,2,0,2,"3123050710,2066752129",https://doi.org/10.1007/s11192-022-04338-1,2022,article,42,148561398,18,55
3111238755,2,0,2,"2066752129,2913773162",https://doi.org/10.1016/j.joi.2020.101104,2020,article,42,205292342,18,90
4206584942,2,0,2,"3123050710,2303284028",https://doi.org/10.1016/j.ipm.2021.102862,2022,article,42,174847851,31,100
2904226860,2,0,2,"2066752129,2793071066",https://doi.org/10.1073/pnas.1818750115,2018,article,41,125754415,27,78
3034897642,2,0,2,"2066752129,2913773162",https://doi.org/10.1007/s11162-020-09603-x,2020,article,40,130619902,18,86
3130482906,2,0,2,"2066752129,3123050710",https://doi.org/10.1016/j.joi.2021.101140,2021,article,40,205292342,18,99
2951806838,2,0,2,"3123050710,2066752129",https://doi.org/10.1371/journal.pone.0202712,2019,article,40,202381698,18,50
2982907616,2,0,2,"2547045893,2793071066",https://doi.org/10.1140/epjds/s13688-019-0210-z,2019,article,40,2504380752,18,109
3200093863,2,0,2,"2913773162,2066752129",https://doi.org/10.1016/j.joi.2021.101205,2021,article,39,205292342,18,69
4322720083,2,0,2,"2303284028,4313545395",https://doi.org/10.1038/s41467-023-36891-5,2023,article,39,64187185,25,14
4309264245,2,0,2,"3123050710,2066752129",https://doi.org/10.1073/pnas.2118046119,2022,article,39,125754415,18,71
4386238137,2,0,2,"3123050710,2066752129",https://doi.org/10.1016/j.joi.2023.101450,2023,article,39,205292342,17,39
4367308548,2,0,2,"2913773162,2066752129",https://doi.org/10.1140/epjds/s13688-023-00378-6,2023,article,38,2504380752,18,45
3126850993,2,0,2,"2066752129,3123050710",https://doi.org/10.1016/j.respol.2021.104454,2021,article,38,9731383,14,65
4206873779,2,0,2,"2913773162,2066752129",https://doi.org/10.1002/asi.24653,2022,article,37,4210197613,32,74
4312054762,2,0,2,"3123050710,2793071066",https://doi.org/10.1016/j.respol.2022.104706,2022,article,37,9731383,18,119
3175669252,2,0,2,"2303284028,2913773162",https://doi.org/10.1016/j.respol.2022.104629,2022,article,36,9731383,14,57
3040611898,2,0,2,"2066752129,2913773162",https://doi.org/10.1162/qss_a_00079,2020,article,36,4210195326,18,41
2908727066,2,0,2,"2547045893,2793071066",https://doi.org/10.1371/journal.pone.0218793,2019,article,36,202381698,20,36
3007921022,2,0,2,"2793071066,2808505390",https://doi.org/10.1371/journal.pone.0229436,2020,article,35,202381698,33,54
4386990899,2,0,2,"2303284028,2913773162",https://doi.org/10.1016/j.techfore.2023.122879,2023,article,35,39307421,14,81
4230020450,2,0,2,"3123050710,2066752129",https://doi.org/10.1787/299731d2-en,2020,book,35,4210227252,33,260
2993107135,2,0,2,"2066752129,3123050710",https://doi.org/10.1007/s11192-019-03314-6,2019,article,35,148561398,18,77
2914281332,2,0,2,"2303284028,2913773162",https://doi.org/10.1038/d41586-019-00350-3,2019,letter,34,137773608,18,6
2943912266,2,0,2,"2913773162,2303284028",https://doi.org/10.1007/s11192-019-03113-z,2019,article,34,148561398,18,10
2077274726,2,2,0,"2547045893,2793071066",https://doi.org/10.1038/484031a,2012,article,34,137773608,27,4
4386457540,2,0,2,"2066752129,3123050710",https://doi.org/10.1016/j.respol.2023.104886,2023,article,32,9731383,14,178
2885686290,2,0,2,"2793071066,2066752129",https://doi.org/10.1126/sciadv.aat4211,2018,article,32,2737427234,13,62
4304997918,2,0,2,"2808505390,3201257425",https://doi.org/10.1016/j.ipm.2022.103110,2022,article,32,174847851,18,53
3038012100,2,0,2,"2793071066,2913773162",https://doi.org/10.1162/qss_a_00056,2020,article,32,4210195326,33,48
4281666097,2,0,2,"2066752129,3123050710",https://doi.org/10.1016/j.techfore.2022.121767,2022,article,31,39307421,20,100
4381461412,2,0,2,"2066752129,3123050710",https://doi.org/10.1007/s11192-023-04715-4,2023,article,31,148561398,18,101
4310022061,2,0,2,"2793071066,2547045893",https://doi.org/10.1007/s11192-022-04547-8,2022,review,31,148561398,18,172
3137915221,2,0,2,"2793071066,2808505390",https://doi.org/10.1007/s11192-021-03929-8,2021,article,31,148561398,31,88
3029435288,2,0,2,"2066752129,2547045893",https://doi.org/10.1002/asi.24370,2020,article,30,4210197613,18,48
2969221854,2,0,2,"2793071066,2547045893",https://doi.org/10.1109/tvcg.2019.2934667,2019,article,30,84775595,17,80
3203252693,2,0,2,"2913773162,2303284028",https://doi.org/10.1016/j.joi.2021.101219,2021,article,30,205292342,18,64
3191376372,2,0,2,"2547045893,2793071066",https://doi.org/10.1103/physrevresearch.3.033158,2021,article,30,4210240247,18,52
2963363694,2,0,2,"2066752129,2793071066",https://doi.org/10.1016/j.im.2021.103427,2021,article,29,38883057,14,135
3214831119,2,0,2,"2303284028,2066752129",https://doi.org/10.1016/j.joi.2021.101227,2021,article,29,205292342,33,62
2947522344,2,0,2,"2793071066,2547045893",https://doi.org/10.1140/epjds/s13688-019-0199-3,2019,article,29,2504380752,18,46
2809081890,2,0,2,"2066752129,2547045893",https://doi.org/10.1093/reseval/rvy017,2018,article,29,16793705,32,69
3043547199,2,0,2,"2913773162,2303284028",https://doi.org/10.3386/w27563,2020,report,29,2809516038,20,55
3173773522,2,0,2,"3123050710,2066752129",https://doi.org/10.1007/s11192-021-04049-z,2021,article,29,148561398,18,33
2984511001,2,0,2,"2066752129,3123050710",https://doi.org/10.1016/j.respol.2019.103881,2019,article,29,9731383,17,99
2986236253,2,0,2,"2066752129,3123050710",https://doi.org/10.1016/j.joi.2019.100985,2019,article,28,205292342,14,79
4388775210,2,0,2,"3123050710,2547045893",https://doi.org/10.1007/s11192-023-04868-2,2023,review,28,148561398,36,175
2991041283,2,0,2,"2793071066,2547045893",https://doi.org/10.1038/s41598-019-53657-6,2019,article,27,196734849,31,51
4225096162,2,0,2,"2913773162,2066752129",https://doi.org/10.1016/j.ipm.2022.102944,2022,article,27,174847851,18,55
4381432265,2,0,2,"3123050710,2066752129",https://doi.org/10.1371/journal.pone.0284567,2023,article,27,202381698,18,49
3195346375,2,0,2,"2793071066,2547045893",,2021,article,26,4377196302,18,60
3049750534,2,0,2,"2303284028,2913773162",https://doi.org/10.1016/j.amjsurg.2020.07.037,2020,article,26,101510409,27,10
3024223041,2,0,2,"2808505390,2547045893",https://doi.org/10.1007/s11192-020-03501-w,2020,article,26,148561398,18,39
4220797793,2,0,2,"2303284028,2913773162",https://doi.org/10.1016/j.techfore.2022.121628,2022,article,26,39307421,14,162
3142411813,2,0,2,"2066752129,3123050710",https://doi.org/10.1016/j.respol.2021.104256,2021,article,26,9731383,33,118
4280638714,2,0,2,"2913773162,2793071066",https://doi.org/10.1016/j.ipm.2022.102980,2022,article,26,174847851,18,77
2800563398,2,0,2,"2547045893,2793071066",https://doi.org/10.1002/asi.24041,2018,article,25,4210197613,18,77
4388672512,2,0,2,"2066752129,3123050710",https://doi.org/10.5465/annals.2022.0005,2023,article,24,27614628,14,165
3140102975,2,0,2,"2913773162,2303284028",https://doi.org/10.1097/gox.0000000000003446,2021,article,23,2754281505,18,35
4404510222,2,0,2,"2066752129,2547045893",https://doi.org/10.1038/s41598-024-79863-5,2024,article,23,196734849,18,98
3128688064,2,0,2,"2793071066,2066752129",https://doi.org/10.1016/j.socnet.2021.01.001,2021,article,23,26186134,31,136
4308412097,2,0,2,"3123050710,2066752129",https://doi.org/10.1177/26339137221131816,2022,article,23,4220651559,18,66
3047759639,2,0,2,"2066752129,2793071066",https://doi.org/10.1145/3411764.3445776,2021,article,23,,33,22
3099768595,2,0,2,"2793071066,2547045893",,2019,article,23,4306401271,18,40
3120607483,2,0,2,"2303284028,2913773162",https://doi.org/10.1016/j.urology.2020.10.073,2021,article,23,196979320,18,24
4225729895,2,0,2,"2066752129,3123050710",https://doi.org/10.1093/rof/rfac018,2022,article,22,49857371,14,52
4393075989,2,0,2,"2913773162,2303284028",https://doi.org/10.1111/radm.12685,2024,article,22,43637407,20,90
2913769907,2,0,2,"2793071066,2547045893",https://doi.org/10.1103/physreve.99.060301,2019,article,22,4210235286,20,48
3121582215,2,0,2,"2793071066,2913773162",https://doi.org/10.1162/qss_a_00099,2021,article,21,4210195326,18,71
4407567707,2,0,2,"2913773162,2547045893",https://doi.org/10.1038/s41598-025-88709-7,2025,article,21,196734849,18,57
3127261805,2,0,2,"2913773162,2303284028",https://doi.org/10.1016/j.jpedsurg.2021.02.002,2021,review,21,39924113,18,25
3165613826,2,0,2,"2793071066,2547045893",https://doi.org/10.1140/epjds/s13688-021-00282-x,2021,article,21,2504380752,31,39
2983983302,2,0,2,"2913773162,2303284028",https://doi.org/10.1007/s11192-019-03280-z,2019,article,21,148561398,18,66
4213280056,2,0,2,"2066752129,3123050710",https://doi.org/10.1007/s11192-022-04272-2,2022,article,20,148561398,18,88
3205568835,2,0,2,"2303284028,2913773162",https://doi.org/10.1002/pra2.454,2021,article,20,4393918545,18,39
4290695256,2,0,2,"3123050710,2066752129",https://doi.org/10.3386/w30320,2022,report,20,2809516038,14,38
2806773064,2,0,2,"2066752129,3123050710",https://doi.org/10.25384/sage.c.4123424,2018,article,20,4306401033,18,81
4366252991,2,0,2,"2066752129,2913773162",https://doi.org/10.1016/j.joi.2023.101407,2023,article,19,205292342,18,99
3200509928,2,0,2,"2303284028,2066752129",https://doi.org/10.5281/zenodo.5205271,2021,article,19,4306400194,18,100
2802274394,2,0,2,"2547045893,2793071066",https://doi.org/10.1145/3209542.3209554,2018,preprint,19,,20,49
4301180951,2,0,2,"3123050710,2066752129",https://doi.org/10.1016/j.respol.2022.104624,2022,article,19,9731383,18,64
4353089835,2,0,2,"4313545395,2793071066",https://doi.org/10.1007/s10961-023-10001-5,2023,article,19,185905316,20,118
4401818617,2,0,2,"2303284028,2913773162",https://doi.org/10.1038/s41562-024-01957-x,2024,article,19,2764866340,31,44
3164477488,2,0,2,"2913773162,2303284028",https://doi.org/10.1097/scs.0000000000007804,2021,article,19,36642063,18,31
3165004857,2,0,2,"2066752129,3123050710",https://doi.org/10.1016/j.ijinfomgt.2021.102371,2021,article,19,189354248,18,107
2990165386,2,0,2,"2303284028,2066752129",https://doi.org/10.1016/j.techfore.2019.119803,2019,article,19,39307421,20,95
3014564757,2,0,2,"2066752129,2913773162",https://doi.org/10.1016/j.joi.2020.101036,2020,article,19,205292342,18,71
4245628708,2,0,2,"2303284028,2913773162",https://doi.org/10.31235/osf.io/d3wpk,2019,preprint,18,,14,4
2964203040,2,0,2,"2793071066,2547045893",https://doi.org/10.1371/journal.pone.0205771,2019,article,17,202381698,33,82
4391972404,2,0,2,"4313545395,2303284028",https://doi.org/10.1007/s13593-024-00949-5,2024,article,17,17425584,11,110
4387937804,2,0,2,"2066752129,3123050710",https://doi.org/10.1007/s11192-023-04846-8,2023,article,17,148561398,18,54
2883210303,2,0,2,"2303284028,3123050710",https://doi.org/10.1371/journal.pone.0200597,2018,article,17,202381698,18,25
2947206978,2,0,2,"2793071066,2547045893",https://doi.org/10.1007/s11192-019-03135-7,2019,article,17,148561398,18,34
4377098668,2,0,2,"2303284028,2913773162",https://doi.org/10.1007/s11192-023-04737-y,2023,article,17,148561398,18,61
4400648021,2,0,2,"2066752129,3123050710",https://doi.org/10.1109/tem.2024.3422821,2024,article,17,154533451,22,193
3092314761,2,0,2,"2793071066,2066752129",https://doi.org/10.1155/2020/5208356,2020,article,16,207319443,18,35
4417474099,2,0,2,"3201257425,2066752129",https://doi.org/10.1126/science.adt7790,2025,review,16,3880285,32,111
4403498473,2,0,2,"2793071066,4313545395",https://doi.org/10.1111/joes.12666,2024,article,16,124549413,18,46
4220844637,2,0,2,"2303284028,2913773162",https://doi.org/10.1097/dcr.0000000000002118,2021,article,16,170496595,18,18
2946434137,2,0,2,"2547045893,2793071066",https://doi.org/10.1109/access.2019.2916630,2019,article,16,2485537415,17,60
4402705022,2,0,2,"2303284028,4313545395",https://doi.org/10.1016/j.respol.2024.105126,2024,article,16,9731383,20,140
4360862318,2,0,2,"2066752129,2808505390",https://doi.org/10.1002/asi.24754,2023,article,16,4210197613,31,60
3090382920,2,0,2,"3123050710,2913773162",https://doi.org/10.1371/journal.pone.0239805,2020,article,16,202381698,20,51
3022607465,2,0,2,"2066752129,3123050710",https://doi.org/10.1371/journal.pone.0230107,2020,article,16,202381698,20,75
4293238168,2,0,2,"2066752129,3123050710",https://doi.org/10.1007/s11192-022-04368-9,2022,article,15,148561398,18,161
4383599096,2,0,2,"2793071066,2808505390",https://doi.org/10.1016/j.respol.2023.104844,2023,article,15,9731383,18,104
4404462126,2,0,2,"2066752129,4378980478",https://doi.org/10.1016/j.joi.2024.101611,2024,article,15,205292342,18,57
3110489943,2,0,2,"2913773162,2793071066",https://doi.org/10.1007/s11192-020-03789-8,2020,article,15,148561398,26,51
4400452588,2,0,2,"2913773162,2066752129",https://doi.org/10.1016/j.jksuci.2024.102119,2024,article,15,2764955546,17,74
2932771539,2,0,2,"2793071066,2066752129",https://doi.org/10.1109/cscwd.2019.8791855,2019,article,15,,17,45
4297903111,2,0,2,"2547045893,2808505390",https://doi.org/10.1007/s11192-022-04509-0,2022,article,15,148561398,18,69
4389348933,2,0,2,"2793071066,2547045893",https://doi.org/10.1103/physrevresearch.5.043203,2023,article,15,4210240247,18,61
4310336786,2,0,2,"2547045893,2793071066",https://doi.org/10.1590/0001-3765202220201428,2022,article,15,111086706,18,29
4389674511,2,0,2,"2066752129,3123050710",https://doi.org/10.1057/s41599-023-02475-3,2023,article,15,4210206302,18,35
4403559181,2,0,2,"2913773162,2303284028",https://doi.org/10.1016/j.ipm.2024.103933,2024,article,14,174847851,18,81
4408119612,2,0,2,"2913773162,2793071066",https://doi.org/10.1038/s41562-025-02114-8,2025,article,14,2764866340,36,85
3187055757,2,0,2,"2547045893,2793071066",https://doi.org/10.31478/202107e,2021,review,14,4210231605,27,105
4294707619,2,0,2,"2793071066,2066752129",https://doi.org/10.1080/1533015x.2022.2115226,2022,article,14,119317614,23,33
4386238391,2,0,2,"2303284028,4313545395",https://doi.org/10.1142/s0219525923500066,2023,article,14,107361000,31,30
4380537379,2,0,2,"2793071066,2066752129",https://doi.org/10.1371/journal.pone.0287058,2023,article,14,202381698,31,111
3092152866,2,0,2,"2808505390,2547045893",https://doi.org/10.1080/10400419.2020.1827605,2020,article,14,9211381,32,53
3193552037,2,0,2,"2066752129,2793071066",https://doi.org/10.1098/rsos.210072,2021,article,14,2737558550,18,67
3113808652,2,0,2,"3123050710,2066752129",https://doi.org/10.1093/reseval/rvaa029,2020,article,14,16793705,18,77
3036139985,2,0,2,"2066752129,3123050710",https://doi.org/10.2139/ssrn.3012169,2017,article,13,4210172589,14,49
3010776853,2,0,2,"2913773162,2066752129",https://doi.org/10.1111/jpim.12521,2020,article,13,93630570,14,95
4385945315,2,0,2,"3123050710,2066752129",https://doi.org/10.1371/journal.pone.0290077,2023,article,13,202381698,18,57
4400426890,2,0,2,"3123050710,2066752129",https://doi.org/10.1108/el-03-2024-0070,2024,article,13,902750600,33,44
2979353389,2,0,2,"3123050710,2066752129",https://doi.org/10.1016/j.joi.2019.100979,2019,preprint,13,205292342,14,46
4394951158,2,0,2,"2793071066,2913773162",https://doi.org/10.1073/pnas.2209196121,2024,article,13,125754415,23,79
4411361849,2,0,2,"2793071066,4378980478",https://doi.org/10.1038/s41597-025-05343-8,2025,article,13,2607323502,13,83
4223985358,2,0,2,"3123050710,2547045893",https://doi.org/10.1371/journal.pone.0265831,2022,article,12,202381698,18,84
3160510015,2,0,2,"2066752129,3123050710",https://doi.org/10.1787/675cbef6-en,2021,paratext,12,4210210614,20,37
4390696752,2,0,2,"2913773162,4313545395",https://doi.org/10.1038/s41467-023-44249-0,2024,article,12,64187185,18,67
4388083409,2,0,2,"2913773162,4313545395",https://doi.org/10.1016/j.nbt.2023.10.012,2023,article,12,139345353,13,24
4283737610,2,0,2,"2066752129,3123050710",https://doi.org/10.1371/journal.pone.0269991,2022,article,12,202381698,18,87
4328126415,2,0,2,"2066752129,2303284028",https://doi.org/10.1287/orsc.2023.1665,2023,article,12,206124708,14,122
4388706049,2,0,2,"2913773162,2793071066",https://doi.org/10.1098/rsos.231100,2023,article,12,2737558550,23,70
4285342902,2,0,2,"2808505390,2547045893",https://doi.org/10.5753/sbcm.2021.19440,2021,article,12,,20,22
4294011860,2,0,2,"2066752129,2913773162",https://doi.org/10.1016/j.patter.2022.100584,2022,article,12,4210198061,20,74
3034266515,2,0,2,"2547045893,2793071066",https://doi.org/10.1007/s11192-020-03544-z,2020,article,12,148561398,18,71
2973837020,2,0,2,"2066752129,3123050710",https://doi.org/10.1162/qss_a_00007,2019,article,12,4210195326,18,20
4404437555,2,0,2,"4378980478,2793071066",https://doi.org/10.1057/s41599-024-04088-w,2024,article,12,4210206302,18,73
4292553389,2,0,2,"2066752129,3123050710",https://doi.org/10.1177/02662426221115717,2022,article,12,107859553,14,67
3202774468,2,0,2,"2913773162,2066752129",https://doi.org/10.1038/s41598-022-13929-0,2022,article,12,196734849,33,53
4387257891,2,0,2,"2793071066,2066752129",https://doi.org/10.1162/qss_a_00267,2023,article,12,4210195326,18,41
4392353974,2,0,2,"2547045893,4313545395",https://doi.org/10.1007/s11192-024-04962-z,2024,article,11,148561398,18,58
4400603791,2,0,2,"2808505390,2547045893",https://doi.org/10.1057/s41599-024-03402-w,2024,article,11,4210206302,18,53
4404515110,2,0,2,"2303284028,2913773162",https://doi.org/10.1016/j.joi.2024.101606,2024,article,11,205292342,22,67
4367845101,2,0,2,"4313545395,2913773162",https://doi.org/10.1177/01708406231175292,2023,article,11,28882882,18,6
4402586479,2,0,2,"2066752129,2793071066",https://doi.org/10.1162/qss_a_00329,2024,article,11,4210195326,18,63
4365816659,2,0,2,"2547045893,2808505390",https://doi.org/10.1016/j.joi.2023.101408,2023,article,11,205292342,18,60
4400145542,2,0,2,"2793071066,2066752129",https://doi.org/10.1016/j.ipm.2024.103826,2024,article,11,174847851,18,78
2917742510,2,0,2,"2793071066,2547045893",https://doi.org/10.1371/journal.pone.0212167,2019,article,11,202381698,13,72
4390848168,2,0,2,"2303284028,2913773162",https://doi.org/10.1016/j.joi.2024.101493,2024,article,11,205292342,18,39
4387366877,2,0,2,"3123050710,2066752129",https://doi.org/10.1177/23794607231192734,2023,article,11,4210180011,32,72
4200001833,2,0,2,"2066752129,2547045893",https://doi.org/10.1037/amp0000863,2021,article,11,80146597,17,68
4212942187,2,0,2,"2547045893,2808505390",https://doi.org/10.1007/s11192-022-04286-w,2022,article,11,148561398,18,61
4307169255,2,0,2,"3123050710,2066752129",https://doi.org/10.1111/poms.13908,2022,article,10,149070780,18,91
4399335878,2,0,2,"2793071066,4378980478",https://doi.org/10.1038/s41597-024-03416-8,2024,article,10,2607323502,13,42
4392180692,2,0,2,"3123050710,2066752129",https://doi.org/10.1016/j.joi.2024.101517,2024,article,10,205292342,18,73
4317499684,2,0,2,"2913773162,2793071066",https://doi.org/10.1007/s11192-022-04621-1,2023,article,10,148561398,18,77
4393246164,2,0,2,"3123050710,2913773162",https://doi.org/10.1016/j.joi.2024.101525,2024,article,10,205292342,18,120
2904531441,2,0,2,"2066752129,2793071066",https://doi.org/10.1016/j.jbi.2018.11.014,2018,article,10,11622463,31,96
3111692134,2,0,2,"3123050710,2066752129",https://doi.org/10.1016/j.joi.2020.101122,2020,article,10,205292342,18,81
4404462159,2,0,2,"2913773162,2303284028",https://doi.org/10.1016/j.joi.2024.101613,2024,article,10,205292342,14,62
3114787562,2,0,2,"2793071066,2913773162",https://doi.org/10.1162/qss_a_00101,2021,article,10,4210195326,33,55
4405939588,2,0,2,"2303284028,4313545395",https://doi.org/10.1016/j.joi.2024.101636,2025,article,10,205292342,14,107
4385387205,2,0,2,"2303284028,2913773162",https://doi.org/10.1016/j.joi.2023.101436,2023,article,10,205292342,18,89
3000299920,2,0,2,"2066752129,2793071066",https://doi.org/10.1073/pnas.1915378117,2020,preprint,10,125754415,33,50
4394972334,2,0,2,"4313545395,2066752129",https://doi.org/10.1017/dsj.2024.10,2024,article,10,4210173131,18,67
3028528968,2,0,2,"2547045893,2793071066",https://doi.org/10.1007/s11192-020-03503-8,2020,article,10,148561398,18,31
4385802210,2,0,2,"2793071066,2547045893",https://doi.org/10.1073/pnas.2305196120,2023,article,10,125754415,18,39
4408099026,2,0,2,"4378980478,2793071066",https://doi.org/10.1057/s41599-025-04550-3,2025,article,9,4210206302,33,46
4387801255,2,0,2,"2913773162,2547045893",https://doi.org/10.1016/j.joi.2023.101459,2023,article,9,205292342,33,70
2950127657,2,0,2,"2793071066,2066752129",https://doi.org/10.1007/s11192-019-03154-4,2019,article,9,148561398,32,42
4393311190,2,0,2,"2793071066,2808505390",https://doi.org/10.1007/s10462-023-10655-5,2024,article,9,122814990,31,60
4395043958,2,0,2,"2066752129,2793071066",https://doi.org/10.1007/s11192-024-04973-w,2024,article,9,148561398,18,112
4311820047,2,0,2,"2793071066,2913773162",https://doi.org/10.1007/s11192-022-04590-5,2022,article,9,148561398,17,71
2944357344,2,0,2,"2913773162,2303284028",https://doi.org/10.48550/arxiv.1905.03461,2019,preprint,9,4306400194,18,12
3174975840,2,0,2,"2808505390,2066752129",https://doi.org/10.1007/s41109-021-00389-0,2021,article,9,3035517252,25,63
4392180481,2,0,2,"2303284028,2066752129",https://doi.org/10.1109/ms.2023.3340831,2024,article,9,6725529,17,21
4395956034,2,0,2,"2913773162,2066752129",https://doi.org/10.1177/00031224241246271,2024,article,9,157620343,33,145
3203935409,2,0,2,"2913773162,2793071066",https://doi.org/10.1017/cts.2021.863,2021,article,9,4210205013,27,48
4229049063,2,0,2,"2913773162,2066752129",https://doi.org/10.1016/j.joi.2022.101294,2022,article,9,205292342,18,60
2982133349,2,0,2,"2303284028,2913773162",https://doi.org/10.48550/arxiv.1901.09663,2019,preprint,9,4306400194,18,30
3145225459,2,0,2,"2066752129,2793071066",https://doi.org/10.5194/hess-25-4631-2021,2021,article,8,93121129,23,59
3136747880,2,0,2,"2066752129,3123050710",https://doi.org/10.5465/ambpp.2022.16263abstract,2022,article,8,4210223487,20,58
4328051159,2,0,2,"2913773162,2793071066",https://doi.org/10.1016/j.joi.2023.101399,2023,article,8,205292342,31,109
4383617069,2,0,2,"4313545395,2793071066",https://doi.org/10.1016/j.joi.2023.101431,2023,article,8,205292342,25,65
4387459422,2,0,2,"2913773162,2793071066",https://doi.org/10.1140/epjds/s13688-023-00411-8,2023,article,8,2504380752,31,50
4404844798,2,0,2,"2066752129,3123050710",https://doi.org/10.1016/j.technovation.2024.103112,2024,article,8,70698675,18,90
4407236276,2,0,2,"2913773162,2066752129",https://doi.org/10.1093/bib/bbaf045,2024,article,8,91767247,13,63
4313485219,2,0,2,"2066752129,2913773162",https://doi.org/10.1371/journal.pone.0279314,2023,article,8,202381698,18,41
3150011452,2,0,2,"3123050710,2793071066",https://doi.org/10.1162/qss_a_00130,2021,article,8,4210195326,18,61
4405570986,2,0,2,"2547045893,2808505390",https://doi.org/10.1038/s41467-024-54612-4,2024,review,8,64187185,31,194
4292223529,2,0,2,"2066752129,3123050710",https://doi.org/10.1016/j.eswa.2022.118564,2022,article,8,13144211,14,42
3197121419,2,0,2,"2793071066,2066752129",https://doi.org/10.1016/j.clinimag.2021.08.012,2021,review,8,113483602,18,19
4408405799,2,0,2,"4313545395,2303284028",https://doi.org/10.1002/eet.2155,2025,article,8,44419007,23,81
4386984867,2,0,2,"2547045893,2808505390",https://doi.org/10.1007/s11192-023-04835-x,2023,article,8,148561398,20,26
3155099784,2,0,2,"2066752129,3123050710",https://doi.org/10.2139/ssrn.3803654,2021,article,8,4210172589,14,79
4409173914,2,0,2,"3123050710,2066752129",https://doi.org/10.1016/j.techfore.2025.124114,2025,article,8,39307421,14,119
4302283161,2,0,2,"2913773162,2066752129",https://doi.org/10.1111/soc4.13043,2022,article,8,100176667,33,194
4285393834,2,0,2,"3123050710,2793071066",https://doi.org/10.1177/01655515211061219,2022,article,8,68913162,18,103
2886421582,2,0,2,"3123050710,2066752129",https://doi.org/10.1101/388678,2018,preprint,8,4306402567,18,33
3036144803,2,0,2,"2547045893,2793071066",https://doi.org/10.1371/journal.pone.0233997,2020,article,8,202381698,18,50
3162630026,2,0,2,"2303284028,2913773162",https://doi.org/10.3386/w28769,2021,report,8,2809516038,20,66
2991003614,2,0,2,"2793071066,2808505390",https://doi.org/10.1162/qss_a_00070,2020,article,8,4210195326,18,29
4391565221,2,0,2,"3123050710,4313545395",https://doi.org/10.1016/j.respol.2024.104974,2024,article,7,9731383,18,57
4283381968,2,0,2,"2808505390,2547045893",https://doi.org/10.1016/j.ipm.2022.102996,2022,article,7,174847851,31,49
4408805406,2,0,2,"2303284028,2913773162",https://doi.org/10.1007/s11192-025-05285-3,2025,article,7,148561398,18,101
2979377052,2,0,2,"3123050710,2066752129",https://doi.org/10.1093/scipol/scab031,2021,preprint,7,4210168539,18,46
4404929753,2,0,2,"2303284028,2793071066",https://doi.org/10.1038/s41562-024-02041-0,2024,article,7,2764866340,18,54
4312603812,2,0,2,"2793071066,2547045893",https://doi.org/10.1177/26339137221109839,2022,article,7,4220651559,33,61
4280652854,2,0,2,"2913773162,2066752129",https://doi.org/10.1093/icb/icac041,2022,article,7,103356783,18,78
4404047061,2,0,2,"2913773162,2066752129",https://doi.org/10.3390/app142110054,2024,article,7,4210205812,33,99
3020775153,2,0,2,"2066752129,3123050710",https://doi.org/10.1007/s11192-020-03478-6,2020,article,7,148561398,18,49
4412521604,2,0,2,"3123050710,2066752129",https://doi.org/10.1038/s41597-025-05518-3,2025,article,7,2607323502,14,27
2900825635,2,0,2,"2066752129,2793071066",https://doi.org/10.1111/jnu.12446,2018,review,7,205285807,18,24
4413919184,2,0,2,"2793071066,4313545395",https://doi.org/10.1162/qss.a.22,2025,article,7,4210195326,33,93
4414280510,2,0,2,"4313545395,2066752129",https://doi.org/10.5465/amj.2023.1307,2025,article,7,117778295,14,156
4281562063,2,0,2,"2066752129,2793071066",https://doi.org/10.1142/s0219525921500168,2022,article,6,107361000,13,37
4402633081,2,0,2,"3123050710,2793071066",https://doi.org/10.1038/s41598-024-72364-5,2024,article,6,196734849,26,45
4376130339,2,0,2,"2793071066,2547045893",https://doi.org/10.1016/j.physa.2023.128846,2023,article,6,24688465,31,39
4399722070,2,0,2,"4313545395,2913773162",https://doi.org/10.1016/j.ipm.2024.103806,2024,article,6,174847851,26,68
4399698690,2,0,2,"2793071066,2913773162",https://doi.org/10.1016/j.agsy.2024.104013,2024,article,6,157560195,17,82
4285191138,2,0,2,"2066752129,3123050710",https://doi.org/10.2139/ssrn.4117951,2022,article,6,4210172589,33,123
4409254577,2,0,2,"4378980478,4313545395",https://doi.org/10.1016/j.joi.2025.101663,2025,article,6,205292342,18,51
4403677164,2,0,2,"2913773162,4313545395",https://doi.org/10.1109/tem.2024.3485751,2024,article,6,154533451,14,130
4281255308,2,0,2,"2066752129,3123050710",https://doi.org/10.1007/s11192-022-04387-6,2022,article,6,148561398,18,36
4296613330,2,0,2,"2913773162,2303284028",https://doi.org/10.1016/j.crad.2022.07.003,2022,article,6,180082538,18,5
4417351462,2,0,2,"4313545395,2303284028",https://doi.org/10.1016/j.eneco.2025.109093,2025,article,6,94499970,14,41
2952611337,2,0,2,"2913773162,3123050710",https://doi.org/10.1038/s41562-019-0643-1,2019,article,6,2764866340,18,11
2806963674,2,0,2,"2066752129,3123050710",https://doi.org/10.1016/j.joi.2018.07.005,2018,preprint,6,205292342,18,106
4313451844,2,0,2,"2066752129,3123050710",https://doi.org/10.1016/j.respol.2022.104707,2022,article,6,9731383,18,37
3035950354,2,0,2,"2913773162,2303284028",https://doi.org/10.3390/publications8020034,2020,article,6,2738007992,18,74
4376609674,2,0,2,"2303284028,2913773162",https://doi.org/10.1097/ta.0000000000004009,2023,article,6,4210177186,27,25
3007281182,2,0,2,"3123050710,2793071066",https://doi.org/10.1162/qss_a_00037,2020,article,6,4210195326,18,33
4403454040,2,0,2,"2913773162,2303284028",https://doi.org/10.1016/j.joi.2024.101596,2024,article,6,205292342,18,77
4307280317,2,0,2,"2066752129,2793071066",https://doi.org/10.1146/annurev-anthro-012121-012127,2022,article,6,195167216,33,111
4382657081,2,0,2,"2066752129,3123050710",https://doi.org/10.1016/j.joi.2023.101426,2023,article,5,205292342,18,61
4396591452,2,0,2,"2913773162,2303284028",https://doi.org/10.1007/s11192-024-05001-7,2024,article,5,148561398,13,45
4403873557,2,0,2,"2066752129,4313545395",https://doi.org/10.3390/cancers16213646,2024,article,5,168415115,13,37
4378575425,2,0,2,"2066752129,3123050710",https://doi.org/10.1007/s11123-023-00681-4,2023,article,5,34280410,36,43
4391026106,2,0,2,"2066752129,4313545395",https://doi.org/10.1007/s10037-023-00199-0,2024,article,5,4210170851,14,98
4388945428,2,0,2,"3201257425,2808505390",https://doi.org/10.1140/epjds/s13688-023-00428-z,2023,article,5,2504380752,33,46
2922056523,2,0,2,"3123050710,2066752129",https://doi.org/10.1108/rausp-02-2019-0017,2019,article,5,2898603574,18,19
3135317443,2,0,2,"2066752129,3123050710",https://doi.org/10.1016/j.econ.2021.02.002,2021,article,5,4210229507,32,56
4411236131,2,0,2,"2066752129,2793071066",https://doi.org/10.1002/asi.25014,2025,article,5,4210197613,18,69
4388188435,2,0,2,"2793071066,2913773162",https://doi.org/10.1177/01655515231204800,2023,article,5,68913162,18,61
2891269725,2,0,2,"2303284028,2913773162",https://doi.org/10.2139/ssrn.3245839,2018,article,5,4210172589,14,61
3145100588,2,0,2,"2547045893,2913773162",https://doi.org/10.1016/j.joi.2021.101157,2021,article,5,205292342,18,38
4390690991,2,0,2,"3123050710,2066752129",https://doi.org/10.1093/scipol/scad083,2024,article,5,4210168539,18,103
4406045355,2,0,2,"2793071066,2066752129",https://doi.org/10.3389/fphy.2024.1492731,2025,article,5,2596760093,14,78
4388182425,2,0,2,"2066752129,2913773162",https://doi.org/10.1093/scipol/scad058,2023,article,5,4210168539,18,48
3195427892,2,0,2,"3123050710,2066752129",https://doi.org/10.1007/s10961-021-09876-z,2021,article,5,185905316,18,84
4393491834,2,0,2,"2547045893,2793071066",https://doi.org/10.1140/epjds/s13688-024-00468-z,2024,article,4,2504380752,33,35
4402988401,2,0,2,"2793071066,2547045893",https://doi.org/10.3390/info15100597,2024,article,4,4210219776,18,68
4308026199,2,0,2,"3123050710,2547045893",https://doi.org/10.1093/icesjms/fsac187,2022,article,4,200038611,18,71
4397034445,2,0,2,"2547045893,2793071066",https://doi.org/10.1007/s11192-024-05023-1,2024,article,4,148561398,18,46
4403128303,2,0,2,"2913773162,2303284028",https://doi.org/10.1177/01655515241263545,2024,article,4,68913162,31,35
4307644495,2,0,2,"3123050710,2066752129",https://doi.org/10.1080/00330124.2022.2125881,2022,article,4,67739838,31,55
4412998513,2,0,2,"3123050710,4313545395",https://doi.org/10.1007/s11192-025-05389-w,2025,article,4,148561398,14,95
4393333866,2,0,2,"2303284028,4313545395",https://doi.org/10.2139/ssrn.4775979,2024,article,4,4210172589,14,34
3193655370,2,0,2,"2793071066,2547045893",https://doi.org/10.1016/j.joi.2021.101203,2021,article,4,205292342,18,67
4403664905,2,0,2,"2913773162,4313545395",https://doi.org/10.1093/ajhp/zxae309,2024,article,4,105051383,18,30
4409840851,2,0,2,"2913773162,2066752129",https://doi.org/10.1016/j.joi.2025.101675,2025,article,4,205292342,14,61
4403482516,2,0,2,"4313545395,3123050710",https://doi.org/10.1093/reseval/rvae038,2024,article,4,16793705,18,62
4410489236,2,0,2,"2793071066,2547045893",https://doi.org/10.1016/j.joi.2025.101683,2025,article,4,205292342,18,63
4210677938,2,0,2,"2913773162,2793071066",https://doi.org/10.1093/logcom/exac021,2022,article,4,47057106,13,49
3200480365,2,0,2,"3123050710,2066752129",https://doi.org/10.2139/ssrn.3920711,2021,article,4,4210172589,18,65
4403203968,2,0,2,"2066752129,2303284028",https://doi.org/10.1016/j.techfore.2024.123794,2024,article,4,39307421,14,102
4394995951,2,0,2,"2303284028,4313545395",https://doi.org/10.2139/ssrn.4802795,2024,article,4,4210172589,14,45
3090883967,2,0,2,"2066752129,2913773162",https://doi.org/10.5465/amproc.2023.240bp,2023,article,4,4210223487,31,40
4292405670,2,0,2,"2913773162,2303284028",https://doi.org/10.1080/08820538.2022.2112851,2022,article,4,118649763,18,12
4319165953,2,0,2,"2913773162,2066752129",https://doi.org/10.1016/j.joi.2023.101378,2023,article,4,205292342,18,48
4408041134,2,0,2,"2913773162,4313545395",https://doi.org/10.3389/fbloc.2025.1524222,2025,article,4,4210212584,18,44
2963351820,2,0,2,"3123050710,2066752129",https://doi.org/10.1093/icc/dtz042,2019,article,4,145507837,18,60
4409615723,2,0,2,"4378980478,2793071066",https://doi.org/10.1007/s11192-025-05322-1,2025,article,4,148561398,18,182
3048559849,2,0,2,"2793071066,2913773162",https://doi.org/10.2215/cjn.06570520,2020,article,4,184267533,27,10
4377087656,2,0,2,"2913773162,2066752129",https://doi.org/10.55835/6442f3fd947802668eee976c,2023,article,4,,17,11
4396706214,2,0,2,"2066752129,2547045893",https://doi.org/10.1177/00018392241247744,2024,article,4,143668711,33,122
4285357023,2,0,2,"2913773162,3123050710",https://doi.org/10.1109/dsc53577.2021.00050,2021,article,4,,31,34
4406611721,2,0,2,"2066752129,3123050710",https://doi.org/10.1109/tem.2025.3528070,2025,article,3,154533451,33,99
3152650605,2,0,2,"2066752129,2303284028",https://doi.org/10.1142/s0219525921500053,2021,preprint,3,107361000,23,79
3165371237,2,0,2,"2547045893,2066752129",https://doi.org/10.20913/1815-3186-2021-1-25-42,2021,article,3,4210185581,18,118
4396674056,2,0,2,"2547045893,2808505390",https://doi.org/10.1162/qss_a_00313,2024,article,3,4210195326,33,34
4410392812,2,0,2,"4313545395,2913773162",https://doi.org/10.1371/journal.pone.0323297,2025,article,3,202381698,14,24
4405027804,2,0,2,"4313545395,2066752129",https://doi.org/10.1007/978-981-96-0868-3_2,2024,book-chapter,3,106296714,14,66
4387770435,2,0,2,"2547045893,3123050710",https://doi.org/10.1093/scipol/scad064,2023,article,3,4210168539,20,117
4405388059,2,0,2,"2793071066,2913773162",https://doi.org/10.1016/j.techfore.2024.123949,2024,article,3,39307421,14,87
4366749161,2,0,2,"2793071066,2547045893",https://doi.org/10.1016/j.heliyon.2023.e15673,2023,article,3,2898612692,18,68
4408388314,2,0,2,"3123050710,2066752129",https://doi.org/10.1016/j.joi.2025.101656,2025,article,3,205292342,18,46
4403525673,2,0,2,"2913773162,3123050710",https://doi.org/10.1016/j.joi.2024.101597,2024,article,3,205292342,14,61
2777606335,2,0,2,"2547045893,2066752129",https://doi.org/10.1209/0295-5075/120/50001,2017,article,3,161185981,18,16
4403706684,2,0,2,"3123050710,2066752129",https://doi.org/10.1016/j.respol.2024.105139,2024,article,3,9731383,17,63
4401700602,2,0,2,"2913773162,2303284028",https://doi.org/10.1016/j.joi.2024.101573,2024,article,3,205292342,18,119
4317214838,2,0,2,"2793071066,3123050710",https://doi.org/10.1093/icc/dtac047,2023,article,3,145507837,20,130
2998821194,2,0,2,"2793071066,2913773162",https://doi.org/10.48550/arxiv.2001.04777,2020,preprint,3,4306400194,18,46
4392010737,2,0,2,"4313545395,2303284028",https://doi.org/10.1016/j.respol.2024.104983,2024,article,3,9731383,18,105
3120372291,2,0,2,"2547045893,2808505390",https://doi.org/10.48550/arxiv.2101.00863,2021,preprint,3,4306400194,31,973
4312220802,2,0,2,"2793071066,2547045893",https://doi.org/10.1016/j.physa.2022.128437,2022,article,3,24688465,18,35
3021937716,2,0,2,"3123050710,2066752129",https://doi.org/10.1162/qss_a_00075,2020,article,3,4210195326,12,50
4302304031,2,0,2,"2793071066,2066752129",https://doi.org/10.1017/cts.2022.472,2022,article,3,4210205013,18,26
4281688392,2,0,2,"2303284028,2913773162",https://doi.org/10.31219/osf.io/jrqyu,2022,preprint,3,,33,121
3162630356,2,0,2,"2793071066,2547045893",https://doi.org/10.2139/ssrn.3229271,2018,article,3,4210172589,18,42
4379803257,2,0,2,"2808505390,2547045893",https://doi.org/10.4054/mpidr-wp-2023-029,2023,report,3,,18,80
3091963979,2,0,2,"2066752129,2547045893",https://doi.org/10.1101/2020.10.08.330696,2020,preprint,3,4306402567,18,64
3040469764,2,0,2,"2303284028,2913773162",https://doi.org/10.1051/medsci/2020109,2020,article,3,20253135,18,8
4414982411,2,0,2,"4313545395,2547045893",https://doi.org/10.1007/s11024-025-09602-1,2025,article,3,205537954,18,101
4393065064,2,0,2,"2066752129,3123050710",https://doi.org/10.2139/ssrn.4769282,2024,article,3,4210172589,32,156
3158487556,2,0,2,"2793071066,2913773162",https://doi.org/10.1371/journal.pone.0262933,2022,article,3,202381698,31,55
4379470274,2,0,2,"2547045893,2808505390",https://doi.org/10.1007/s11192-023-04756-9,2023,article,3,148561398,18,26
4403615149,2,0,2,"4313545395,2913773162",https://doi.org/10.1002/asi.24959,2024,article,3,4210197613,18,69
4381995879,2,0,2,"2913773162,2547045893",https://doi.org/10.2478/jdis-2023-0016,2023,article,3,2764801193,18,59
4283374435,2,0,2,"2808505390,2547045893",https://doi.org/10.3389/fphy.2022.902890,2022,article,3,2596760093,33,39
4408688731,2,0,2,"4313545395,3123050710",https://doi.org/10.5334/irsp.979,2025,article,3,4210210927,18,92
3038660768,2,0,2,"2066752129,3123050710",https://doi.org/10.3389/frma.2020.577131,2021,article,3,2596295431,18,30
4319333959,2,0,2,"2303284028,4313545395",https://doi.org/10.15252/embr.202356876,2023,article,3,57252141,24,8
4302023770,2,0,2,"3201257425,2808505390",https://doi.org/10.5753/jidm.2022.2350,2022,article,3,2764435056,17,38
4379473752,2,0,2,"2913773162,4313545395",https://doi.org/10.32388/ky5y9l,2023,preprint,2,4210177074,18,8
4230055470,2,0,2,"2547045893,2808505390",https://doi.org/10.31234/osf.io/mw8fs,2020,preprint,2,,32,99
4366199525,2,0,2,"2793071066,2303284028",https://doi.org/10.1101/2023.04.15.536986,2023,preprint,2,4306402567,18,47
4394961244,2,0,2,"2547045893,2793071066",https://doi.org/10.1140/epjds/s13688-024-00472-3,2024,article,2,2504380752,20,44
4411977569,2,0,2,"3201257425,2913773162",https://doi.org/10.1038/s41526-025-00485-w,2025,article,2,4210211936,22,28
4382397472,2,0,2,"2913773162,2793071066",https://doi.org/10.3389/fphy.2023.1161019,2023,article,2,2596760093,33,18
4408259384,2,0,2,"2913773162,4313545395",https://doi.org/10.1007/s11192-025-05275-5,2025,article,2,148561398,14,51
4398155455,2,0,2,"3201257425,2808505390",https://doi.org/10.1016/j.newideapsych.2024.101095,2024,article,2,158706580,28,113
4313451848,2,0,2,"2913773162,2066752129",https://doi.org/10.1016/j.respol.2022.104708,2022,article,2,9731383,20,17
4388414132,2,0,2,"2547045893,3123050710",https://doi.org/10.1017/s1473550423000241,2023,article,2,120171627,31,75
4379468371,2,0,2,"4313545395,2913773162",https://doi.org/10.32388/ky5y9l.2,2023,preprint,2,4210177074,18,8
4281663831,2,0,2,"2913773162,2793071066",https://doi.org/10.31219/osf.io/j62sb,2022,preprint,2,,23,88
4412345721,2,0,2,"2066752129,2913773162",https://doi.org/10.1109/tem.2025.3584244,2025,article,2,154533451,14,136
4392386241,2,0,2,"2913773162,2303284028",https://doi.org/10.1016/j.pirs.2024.100012,2024,article,2,101788309,20,78
3183736878,2,0,2,"2066752129,2913773162",https://doi.org/10.2139/ssrn.3890190,2021,preprint,2,4210172589,18,15
3199546592,2,0,2,"2793071066,2547045893",https://doi.org/10.1007/978-3-030-74051-1_4,2021,book-chapter,2,4210219319,18,29
4317513344,2,0,2,"2913773162,2793071066",https://doi.org/10.31234/osf.io/vfz9q,2023,preprint,2,,18,39
4224994372,2,0,2,"3201257425,2808505390",https://doi.org/10.31235/osf.io/7h3jy,2022,preprint,2,,33,74
4386187695,2,0,2,"2547045893,2793071066",https://doi.org/10.1016/j.physa.2023.129075,2023,article,2,24688465,31,58
4382061090,2,0,2,"2793071066,2913773162",https://doi.org/10.1787/7b7b1bce-en,2023,book-chapter,2,4306463687,27,332
4309855402,2,0,2,"2793071066,2066752129",https://doi.org/10.37467/revtechno.v11.3795,2022,article,2,4210224737,33,50
2812417249,2,0,2,"2793071066,2547045893",https://doi.org/10.1145/3216122.3229862,2018,article,2,,31,50
4382060947,2,0,2,"2793071066,2913773162",https://doi.org/10.1787/b885eecd-en,2023,book-chapter,2,4306463687,27,332
4410536815,2,0,2,"4313545395,2303284028",https://doi.org/10.1080/09537325.2025.2505077,2025,article,2,130699561,14,38
3148960965,2,0,2,"2793071066,2547045893",https://doi.org/10.1016/j.labeco.2021.101992,2021,article,2,163774179,20,75
4404345752,2,0,2,"3123050710,4313545395",https://doi.org/10.1093/scipol/scae062,2024,article,2,4210168539,33,42
4284663981,2,0,2,"2547045893,2808505390",https://doi.org/10.1101/2022.07.05.498860,2022,preprint,2,4306402567,18,60
4404580055,2,0,2,"4313545395,3123050710",https://doi.org/10.1016/j.joi.2024.101609,2024,article,2,205292342,26,58
3093752337,2,0,2,"2066752129,2913773162",https://doi.org/10.1098/rspa.2019.0797,2020,article,2,3006183880,31,48
4403566141,2,0,2,"3123050710,2066752129",https://doi.org/10.1007/s11192-024-05156-3,2024,article,2,148561398,18,83
3012692028,2,0,2,"2066752129,2913773162",https://doi.org/10.48550/arxiv.2003.09315,2020,preprint,2,4306400194,18,48
4396229330,2,0,2,"2066752129,4313545395",https://doi.org/10.1007/s11192-024-05014-2,2024,article,2,148561398,33,73
7134182645,2,0,2,"2913773162,2066752129",https://doi.org/10.1111/ejed.70530,2026,article,2,71191459,18,61
3033004663,2,0,2,"3123050710,2066752129",https://doi.org/10.2139/ssrn.3500916,2019,article,2,4210172589,33,46
2797341967,2,0,2,"2547045893,2066752129",https://doi.org/10.48550/arxiv.1804.05705,2018,preprint,2,4306400194,31,38
4413273324,2,0,2,"2793071066,3201257425",https://doi.org/10.1073/pnas.2502791122,2025,article,1,125754415,28,73
4411087025,2,0,2,"2808505390,2547045893",https://doi.org/10.1073/pnas.2408163122,2025,article,1,125754415,32,89
4392888140,2,0,2,"4313545395,2303284028",https://doi.org/10.2139/ssrn.4769906,2024,article,1,4210172589,14,22
3044954158,2,0,2,"2913773162,2808505390",https://doi.org/10.1371/journal.pone.0244618,2021,article,1,202381698,31,38
4388514604,2,0,2,"2547045893,2793071066",https://doi.org/10.48550/arxiv.2311.03834,2023,preprint,1,4306400194,18,60
4205973573,2,0,2,"2303284028,2913773162",https://doi.org/10.31235/osf.io/mqcj8,2022,preprint,1,,14,189
4306964237,2,0,2,"2913773162,2066752129",https://doi.org/10.31235/osf.io/27vhg,2022,preprint,1,,33,119
7108619901,2,0,2,"2303284028,4313545395",https://doi.org/10.1177/10591478251408173,2025,article,1,149070780,20,68
4409459502,2,0,2,"2793071066,4313545395",https://doi.org/10.1177/01655515251330617,2025,article,1,68913162,13,65
3090042487,2,0,2,"2547045893,2808505390",https://doi.org/10.3389/frma.2020.575862,2020,article,1,2596295431,14,52
4295700917,2,0,2,"2913773162,2793071066",https://doi.org/10.23919/picmet53225.2022.9882662,2022,article,1,4363608108,14,47
4360611457,2,0,2,"2547045893,2793071066",https://doi.org/10.1162/qss_a_00252,2023,article,1,4210195326,18,18
2789656070,2,0,2,"3123050710,2066752129",https://doi.org/10.1007/s11192-018-2734-6,2018,preprint,1,148561398,18,63
4415694102,2,0,2,"2303284028,4313545395",https://doi.org/10.1016/j.techfore.2025.124401,2025,article,1,39307421,14,77
4414711068,2,0,2,"2066752129,3123050710",https://doi.org/10.1016/j.joi.2025.101731,2025,article,1,205292342,18,66
4293238822,2,0,2,"2793071066,2066752129",https://doi.org/10.1162/99608f92.d5684866,2022,article,1,4306511929,18,50
4416813222,2,0,2,"3123050710,2066752129",https://doi.org/10.2528/pier25100702,2025,article,1,4210208108,22,71
3037757426,2,0,2,"2913773162,2066752129",https://doi.org/10.31222/osf.io/fdv92,2020,preprint,1,,18,90
4385976011,2,0,2,"2066752129,3123050710",https://doi.org/10.23919/picmet59654.2023.10216869,2023,article,1,,14,62
4297988702,2,0,2,"3123050710,2066752129",https://doi.org/10.1186/s12915-022-01400-5,2022,article,1,25903957,18,66
4399363072,2,0,2,"2913773162,2547045893",https://doi.org/10.1111/nyas.15154,2024,article,1,8802318,18,29
4411078351,2,0,2,"2913773162,2066752129",https://doi.org/10.1016/j.joi.2025.101687,2025,article,1,205292342,18,76
4387378886,2,0,2,"3201257425,2808505390",https://doi.org/10.5753/sbbd.2023.232399,2023,article,1,,17,20
4409744596,2,0,2,"2913773162,4313545395",https://doi.org/10.1016/j.jpedsurg.2025.162338,2025,review,1,39924113,27,50
2919765473,2,0,2,"2547045893,2066752129",https://doi.org/10.32657/10220/47756,2019,dissertation,1,,31,111
4389937507,2,0,2,"2303284028,4313545395",https://doi.org/10.33612/diss.849175103,2023,dissertation,1,,12,222
7147528512,2,0,2,"4313545395,2303284028",https://doi.org/10.3390/jtaer21040110,2026,article,1,27967161,22,52
3107339397,2,0,2,"2547045893,2793071066",https://doi.org/10.1016/j.joi.2021.101218,2021,article,1,205292342,18,37
4387819001,2,0,2,"3201257425,2547045893",https://doi.org/10.31235/osf.io/5v4py,2023,preprint,1,,33,60
7164399074,2,0,2,"4313545395,2793071066",https://doi.org/10.1186/s41073-026-00206-1,2026,article,1,4210167556,27,49
4412619911,2,0,2,"2303284028,2913773162",https://doi.org/10.51408/issi2025_121,2025,article,1,,33,17
3006069191,2,0,2,"3123050710,2793071066",https://doi.org/10.1093/bioinformatics/btaa071,2020,article,1,52395412,18,24
4413176382,2,0,2,"2793071066,4378980478",https://doi.org/10.1017/cts.2025.10124,2025,article,1,4210205013,18,40
4317402075,2,0,2,"2066752129,2303284028",https://doi.org/10.3389/fphy.2023.1107446,2023,article,1,2596760093,18,74
4231807524,2,0,2,"3123050710,2066752129",https://doi.org/10.1787/2246251c-en,2020,book-chapter,1,4210227252,33,293
3216017395,2,0,2,"2547045893,2808505390",https://doi.org/10.1017/9781108755726.031,2021,book-chapter,1,4306462995,32,102
3197186253,2,0,2,"2547045893,2066752129",https://doi.org/10.1007/s11518-021-5509-1,2021,article,1,153731000,31,37
4318294140,2,0,2,"2066752129,2793071066",https://doi.org/10.1101/2023.01.26.525747,2023,preprint,1,4306402567,18,43
3121933215,2,0,2,"2793071066,2913773162",https://doi.org/10.48550/arxiv.2101.09426,2021,preprint,1,4306400194,18,58
7152900086,2,0,2,"2066752129,4313545395",https://doi.org/10.1016/j.respol.2026.105478,2026,article,1,9731383,27,67
7133830057,2,0,2,"3123050710,2066752129",https://doi.org/10.1016/j.jce.2026.02.004,2026,article,1,138645024,33,41
4385937957,2,0,2,"2808505390,3201257425",https://doi.org/10.1093/oxfordhb/9780198869252.013.45,2023,book-chapter,1,4306463708,17,58
4410640182,2,0,2,"2913773162,2066752129",https://doi.org/10.1371/journal.pone.0322943,2025,article,1,202381698,18,40
4415106832,2,0,2,"2793071066,2066752129",https://doi.org/10.3390/metrics2040022,2025,article,1,4404675543,14,77
4386170285,2,0,2,"2303284028,4313545395",https://doi.org/10.1016/j.qref.2023.08.002,2023,article,1,125273398,17,89
7126110102,2,0,2,"3123050710,2066752129",https://doi.org/10.1016/j.joi.2026.101774,2026,article,1,205292342,14,65
7138847878,2,0,2,"4378980478,2303284028",https://doi.org/10.1093/reseval/rvag016,2026,article,1,16793705,23,239
4413352227,2,0,2,"2793071066,2066752129",https://doi.org/10.2139/ssrn.5390403,2025,preprint,1,4210172589,33,43
4413466065,2,0,2,"2066752129,3123050710",https://doi.org/10.1109/tem.2025.3598780,2025,article,1,154533451,17,112
4290928407,2,0,2,"3123050710,2066752129",https://doi.org/10.2139/ssrn.4180052,2022,article,1,4210172589,14,68
7124663244,2,0,2,"2303284028,2913773162",https://doi.org/10.1007/s11192-025-05513-w,2026,article,1,148561398,33,36
4412491179,2,0,2,"4313545395,2913773162",https://doi.org/10.1038/s41597-025-05541-4,2025,article,1,2607323502,18,8
4313442633,2,0,2,"3123050710,2793071066",https://doi.org/10.1016/j.respol.2022.104710,2022,article,1,9731383,18,6
4396956202,2,0,2,"2793071066,2066752129",https://doi.org/10.1017/pds.2024.29,2024,article,1,4210205958,14,43
4415994113,2,0,2,"2808505390,3201257425",https://doi.org/10.1177/01708406251397720,2025,article,1,28882882,28,71
4391467304,2,0,2,"2303284028,2913773162",https://doi.org/10.1136/tsaco-2023-001291,2024,article,1,4210198761,27,24
4402787555,2,0,2,"3201257425,2793071066",https://doi.org/10.1007/s11192-024-05090-4,2024,article,1,148561398,31,88
4313231352,2,0,2,"2808505390,3201257425",https://doi.org/10.31234/osf.io/4y5aw,2022,preprint,1,,32,92
4256148265,2,0,2,"2066752129,2303284028",https://doi.org/10.2139/ssrn.3919866,2021,article,1,4210172589,14,124
4410823545,2,0,2,"3123050710,2547045893",https://doi.org/10.1038/d41586-025-01448-7,2025,article,1,137773608,18,11
4410758765,2,0,2,"2303284028,4313545395",https://doi.org/10.1016/j.gr.2025.04.017,2025,article,1,158567263,18,34
7160521530,2,0,2,"2066752129,2913773162",https://doi.org/10.1126/science.ady8732,2026,article,1,3880285,13,12
4416211901,2,0,2,"2913773162,4313545395",https://doi.org/10.1080/00336297.2025.2586504,2025,article,1,4210187016,32,136
4416796624,2,0,2,"2913773162,2066752129",https://doi.org/10.1016/j.respol.2025.105379,2025,article,1,9731383,18,71
4391211752,2,0,2,"2793071066,3123050710",https://doi.org/10.52949/32,2023,report,1,,17,133
2989903415,2,0,2,"2793071066,2547045893",https://doi.org/10.22503/inftars.xix.2019.1.2,2019,article,1,1001451782,33,75
4414639724,2,0,2,"3123050710,2793071066",https://doi.org/10.1101/2025.09.29.25336909,2025,preprint,1,3005729997,27,32
7122841500,2,0,2,"2793071066,2913773162",https://doi.org/10.1038/s41598-025-32583-w,2026,article,1,196734849,27,80
4413819346,2,0,2,"3123050710,2913773162",https://doi.org/10.1016/j.joi.2025.101722,2025,article,1,205292342,20,48
4406388549,2,0,2,"3123050710,2913773162",https://doi.org/10.2196/preprints.59598,2024,preprint,0,,18,38
7117776985,2,0,2,"2547045893,2793071066",https://doi.org/10.2478/jdis-2025-0057,2025,article,0,2764801193,18,42
7131844820,2,0,2,"2066752129,2793071066",https://doi.org/10.2139/ssrn.6315227,2026,preprint,0,4210172589,33,18
4413791651,2,0,2,"2793071066,2547045893",https://doi.org/10.5753/brasnam.2025.8934,2025,article,0,,33,10
4396859802,2,0,2,"2913773162,4313545395",https://doi.org/10.2139/ssrn.4823725,2024,article,0,4210172589,33,119
4245003118,2,0,2,"2066752129,3123050710",https://doi.org/10.1787/169f15be-en,2020,book-chapter,0,4210227252,33,260
4414993284,2,0,2,"2793071066,2066752129",https://doi.org/10.1103/l2xd-43n9,2025,article,0,4210235286,20,81
4410109107,2,0,2,"2793071066,4313545395",https://doi.org/10.1098/rsob.240392,2025,review,0,80033963,13,46
4408858372,2,0,2,"2808505390,2547045893",https://doi.org/10.1109/tcss.2025.3546474,2025,article,0,2490693980,20,42
7134123530,2,0,2,"2547045893,2066752129",https://doi.org/10.2139/ssrn.6362173,2026,preprint,0,4210172589,18,36
7130609589,2,0,2,"2793071066,4378980478",https://doi.org/10.1371/journal.pone.0340642,2026,article,0,202381698,36,82
7092177237,2,0,2,"2793071066,2547045893",https://doi.org/10.1002/pra2.1278,2025,article,0,4393918545,18,13
4405439605,2,0,2,"2913773162,4313545395",https://doi.org/10.2139/ssrn.5017170,2024,preprint,0,4210172589,18,9
7144017088,2,0,2,"2066752129,2793071066",https://doi.org/10.1007/s11192-026-05595-0,2026,article,0,148561398,18,81
4413855878,2,0,2,"2793071066,2303284028",https://doi.org/10.1007/978-3-031-93138-3_20,2025,book-chapter,0,4210221231,33,98
2974396410,2,0,2,"2303284028,2066752129",https://doi.org/10.1016/j.joi.2020.101067,2020,preprint,0,205292342,14,53
4403567167,2,0,2,"2547045893,3201257425",https://doi.org/10.1007/s11192-024-05179-w,2024,article,0,148561398,33,69
4407691139,2,0,2,"4313545395,4378980478",https://doi.org/10.1101/2025.02.17.638429,2025,preprint,0,4306402567,27,80
7162194193,2,0,2,"3123050710,2793071066",https://doi.org/10.1016/j.respol.2026.105528,2026,article,0,9731383,14,61
7162438466,2,0,2,"2303284028,4313545395",https://doi.org/10.21203/rs.3.rs-9304663/v1,2026,preprint,0,4306525896,14,34
7162767103,2,0,2,"2913773162,2303284028",https://doi.org/10.1016/j.joi.2026.101834,2026,article,0,205292342,32,32
7161400984,2,0,2,"2913773162,2066752129",https://doi.org/10.1007/s11192-026-05630-0,2026,article,0,148561398,18,186
7163666910,2,0,2,"2913773162,2066752129",https://doi.org/10.1016/j.ipm.2026.104956,2026,article,0,174847851,17,44
3164343506,2,0,2,"2793071066,2066752129",https://doi.org/10.5194/hess-2021-106-ac4,2021,peer-review,0,,23,40
4402751166,2,0,2,"2793071066,4313545395",https://doi.org/10.1007/s10734-024-01312-z,2024,article,0,94908168,18,16
4406912165,2,0,2,"2303284028,2066752129",https://doi.org/10.2139/ssrn.5114754,2025,preprint,0,4210172589,14,99
4417192977,2,0,2,"2913773162,2303284028",https://doi.org/10.1038/s41597-025-06232-w,2025,article,0,2607323502,18,27
4206070137,2,0,2,"2547045893,3201257425",https://doi.org/10.2139/ssrn.4005902,2022,article,0,4210172589,18,28
4401593113,2,0,2,"2793071066,2913773162",https://doi.org/10.1007/978-3-319-14702-4_3,2024,book-chapter,0,4210204429,14,655
4416927407,2,0,2,"2066752129,2913773162",https://doi.org/10.1038/s41598-025-27099-2,2025,article,0,196734849,32,51
4415812364,2,0,2,"4313545395,2066752129",https://doi.org/10.3390/e27111124,2025,article,0,195231649,18,30
7142495679,2,0,2,"2303284028,2066752129",https://doi.org/10.2139/ssrn.6487431,2026,preprint,0,4210172589,20,87
4382061812,2,0,2,"2793071066,2913773162",https://doi.org/10.1787/f1262928-en,2023,book-chapter,0,4306463687,13,332
4411317201,2,0,2,"4313545395,2303284028",https://doi.org/10.1007/978-3-031-96303-2_54,2025,book-chapter,0,,22,18
4406233296,2,0,2,"2066752129,2303284028",https://doi.org/10.1007/s11192-024-05224-8,2025,article,0,148561398,33,55
4408388123,2,0,2,"4313545395,2303284028",https://doi.org/10.1017/9781009391733.006,2025,book-chapter,0,4306462995,27,397
3136743873,2,0,2,"2808505390,2547045893",https://doi.org/10.1609/icwsm.v15i1.18131,2021,preprint,0,4387284482,31,31
4390778309,2,0,2,"4313545395,2303284028",https://doi.org/10.2139/ssrn.4688358,2024,preprint,0,4210172589,14,20
4416205687,2,0,2,"4313545395,2303284028",https://doi.org/10.32028/exnovo-vol-9-pp.55-98,2025,article,0,4210212619,18,63
6939765632,2,0,2,"2547045893,2793071066",https://doi.org/10.6084/m9.figshare.14594160,2021,article,0,4377196282,11,32
4404878778,2,0,2,"2066752129,4313545395",https://doi.org/10.1007/978-3-031-75212-4_4,2024,book-chapter,0,,23,83
4398193053,2,0,2,"3123050710,4313545395",https://doi.org/10.2139/ssrn.4838427,2024,preprint,0,4210172589,20,62
7126266233,2,0,2,"2913773162,4313545395",https://doi.org/10.21203/rs.3.rs-8523910/v1,2026,preprint,0,4306525896,18,15
4387000151,2,0,2,"3123050710,2066752129",https://doi.org/10.1787/0d7b74b6-en,2020,book-chapter,0,4210227252,33,260
4414844685,2,0,2,"2066752129,4313545395",https://doi.org/10.1111/jems.70009,2025,article,0,115237062,18,91
4413847326,2,0,2,"2793071066,3123050710",https://doi.org/10.2139/ssrn.5416815,2025,preprint,0,4210172589,18,37
7162871882,2,0,2,"4313545395,2913773162",https://doi.org/10.2139/ssrn.6852810,2026,preprint,0,4210172589,27,26
4415892445,2,0,2,"2066752129,3123050710",https://doi.org/10.1016/j.euroecorev.2025.105204,2025,article,0,69338747,18,52
4412609516,2,0,2,"2913773162,4378980478",https://doi.org/10.51408/issi2025_082,2025,article,0,,18,37
4394626821,2,0,2,"2913773162,4313545395",https://doi.org/10.1007/978-3-031-57860-1_23,2024,book-chapter,0,106296714,18,30
4415293606,2,0,2,"2793071066,3123050710",https://doi.org/10.1017/9781009381338.004,2025,book-chapter,0,4306462995,27,74
4295778895,2,0,2,"3123050710,2066752129",https://doi.org/10.20396/rbi.v21i00.8667409,2022,article,0,2736497804,18,29
4415293603,2,0,2,"3123050710,2793071066",https://doi.org/10.1017/9781009381338.002,2025,book-chapter,0,4306462995,18,80
4416956116,2,0,2,"2913773162,2066752129",https://doi.org/10.1016/j.ipm.2025.104484,2025,article,0,174847851,14,83
7127096636,2,0,2,"4378980478,2793071066",https://doi.org/10.1109/jcdl67857.2025.00065,2025,article,0,,18,8
4410217675,2,0,2,"2066752129,2793071066",https://doi.org/10.1093/icb/icaf033,2025,article,0,103356783,18,85
4213122207,2,0,2,"2066752129,2913773162",https://doi.org/10.53846/goediss-8006,2020,dissertation,0,,18,175
4415608095,2,0,2,"2066752129,3123050710",https://doi.org/10.1016/j.joi.2025.101740,2025,article,0,205292342,33,65
6939617114,2,0,2,"2808505390,3201257425",https://doi.org/10.6084/m9.figshare.26644423,2024,article,0,4406922384,32,42
4399380182,2,0,2,"2547045893,4313545395",https://doi.org/10.31219/osf.io/pwvn6,2024,preprint,0,,18,66
7134242300,2,0,2,"2913773162,2303284028",https://doi.org/10.1038/s41390-026-04823-w,2026,article,0,167664057,27,51
4387950922,2,0,2,"3123050710,2066752129",https://doi.org/10.1787/44b6c0fb-en,2020,book-chapter,0,4210227252,27,260
4405804855,2,0,2,"2066752129,2793071066",https://doi.org/10.1080/09537325.2024.2434491,2024,article,0,130699561,17,36
2992741714,2,0,2,"2066752129,3123050710",https://doi.org/10.2139/ssrn.3487999,2019,article,0,4210172589,14,189
6939840561,2,0,2,"3201257425,2808505390",https://doi.org/10.6084/m9.figshare.26644423.v1,2024,article,0,4377196282,32,42
7128515286,2,0,2,"3201257425,2066752129",https://doi.org/10.1007/s11192-026-05561-w,2026,article,0,148561398,18,78
4408868576,2,0,2,"2913773162,2066752129",https://doi.org/10.1162/qss_a_00360,2025,article,0,4210195326,14,43
7155695892,2,0,2,"2913773162,2793071066",https://doi.org/10.1515/jdis-2025-0318,2026,article,0,2764801193,18,67
7129229856,2,0,2,"2066752129,3123050710",https://doi.org/10.1016/j.respol.2026.105445,2026,article,0,9731383,20,80
4400042772,2,0,2,"3201257425,2913773162",https://doi.org/10.21203/rs.3.rs-4406627/v1,2024,preprint,0,4306525896,31,29
7160696423,2,0,2,"4313545395,2303284028",https://doi.org/10.1016/j.respol.2026.105512,2026,article,0,9731383,14,55
4213311921,2,0,2,"2793071066,2066752129",https://doi.org/10.5194/hess-2021-106-rc2,2021,peer-review,0,,23,40
2797711845,2,0,2,"2547045893,2793071066",https://doi.org/10.1145/3201064.3201097,2018,article,0,,33,11
4206400707,2,0,2,"2793071066,2066752129",https://doi.org/10.5194/hess-2021-106-ac3,2021,peer-review,0,,23,40
4411270621,2,0,2,"3123050710,2066752129",https://doi.org/10.2139/ssrn.5284877,2025,preprint,0,4210172589,33,41
4411880444,2,0,2,"2066752129,2793071066",https://doi.org/10.1162/qss.a.9,2025,article,0,4210195326,17,66
4390893680,2,0,2,"2066752129,3123050710",https://doi.org/10.3386/w32033,2024,report,0,2809516038,20,48
4382060930,2,0,2,"2913773162,2793071066",https://doi.org/10.1787/0e1b4c2f-en,2023,book-chapter,0,4306463687,18,332
4412565675,2,0,2,"4313545395,2913773162",https://doi.org/10.51408/issi2025_088,2025,article,0,,14,64
4382061682,2,0,2,"2793071066,2913773162",https://doi.org/10.1787/2d0478b9-en,2023,book-chapter,0,4306463687,17,332
4416818168,2,0,2,"2066752129,2793071066",https://doi.org/10.1080/13662716.2025.2592924,2025,article,0,36209479,18,74
4207078538,2,0,2,"2547045893,2808505390",https://doi.org/10.21203/rs.3.rs-959213/v1,2021,preprint,0,4306525896,26,13
3173257247,2,0,2,"2066752129,3123050710",https://doi.org/10.1086/719252,2022,article,0,4387280560,27,45
4283385396,2,0,2,"2913773162,3123050710",https://doi.org/10.31235/osf.io/cvkmw,2022,preprint,0,,32,40
4245230110,2,0,2,"3123050710,2066752129",https://doi.org/10.1787/9748266c-en,2020,book-chapter,0,4210227252,33,260
4408388126,2,0,2,"4313545395,2303284028",https://doi.org/10.1017/9781009391733.015,2025,book-chapter,0,4306462995,17,46
2910261844,2,0,2,"2793071066,2547045893",https://doi.org/10.1145/3291533.3291547,2018,article,0,,23,43
4408905387,2,0,2,"2547045893,2793071066",https://doi.org/10.1007/978-3-031-82415-9_7,2025,book-chapter,0,,32,106
7134943291,2,0,2,"2547045893,2793071066",https://doi.org/10.1093/pnasnexus/pgag059,2026,article,0,4220651275,33,56
4416845058,2,0,2,"2303284028,2913773162",https://doi.org/10.1007/s13194-025-00698-6,2025,article,0,2764495318,33,121
3098351533,2,0,2,"2547045893,2066752129",https://doi.org/10.18653/v1/2020.sdp-1.6,2020,article,0,,18,65
3155063201,2,0,2,"2066752129,2793071066",https://doi.org/10.5194/hess-2021-106-rc1,2021,peer-review,0,,23,45
7143483484,2,0,2,"2913773162,2303284028",https://doi.org/10.1016/j.joi.2026.101801,2026,article,0,205292342,18,54
7134124132,2,0,2,"3123050710,2066752129",https://doi.org/10.1038/s41598-026-43158-8,2026,article,0,196734849,36,81
7131422681,2,0,2,"2303284028,4313545395",https://doi.org/10.2139/ssrn.6304756,2026,preprint,0,4210172589,20,8
7131152865,2,0,2,"2066752129,4313545395",https://doi.org/10.1057/s41599-026-06490-y,2026,article,0,4210206302,33,34
3174422692,2,0,2,"2913773162,2066752129",,2021,preprint,0,4306400194,33,43
4295453813,2,0,2,"2547045893,2793071066",https://doi.org/10.1038/s41598-022-19433-9,2022,article,0,196734849,33,49
7155084853,2,0,2,"2303284028,2066752129",https://doi.org/10.1287/orsc.2023.17475,2026,article,0,206124708,14,114
4414374672,2,0,2,"3123050710,2066752129",https://doi.org/10.2139/ssrn.5508715,2025,preprint,0,4210172589,14,62
6958249013,2,0,2,"2793071066,2547045893",https://doi.org/10.6084/m9.figshare.26708918.v1,2024,article,0,4377196282,20,39
4382061472,2,0,2,"2913773162,2793071066",https://doi.org/10.1787/63e48242-en,2023,book-chapter,0,4306463687,18,332
4206566214,2,0,2,"2547045893,2066752129",https://doi.org/10.3410/f.738127326.793578286,2020,dataset,0,4363604054,27,51
4403388504,2,0,2,"3201257425,2808505390",https://doi.org/10.5753/webmedia_estendido.2024.244326,2024,article,0,,12,12
7164940094,2,0,2,"2793071066,4378980478",https://doi.org/10.1016/j.joi.2026.101843,2026,article,0,205292342,27,45
4200411897,2,0,2,"2808505390,2547045893",https://doi.org/10.1017/9781108755726.028,2021,book-chapter,0,4306462995,28,188
7128442872,2,0,2,"2808505390,2547045893",https://doi.org/10.1016/j.physa.2026.131353,2026,article,0,24688465,33,21
4413176944,2,0,2,"2913773162,4313545395",https://doi.org/10.3390/app15168912,2025,article,0,4210205812,13,62
4392179829,2,0,2,"2303284028,2066752129",https://doi.org/10.1109/ms.2024.3358034,2024,paratext,0,6725529,22,11
6957948284,2,0,2,"2913773162,2066752129",https://doi.org/10.6084/m9.figshare.13088107,2020,article,0,4406922384,23,23
4399456308,2,0,2,"2303284028,4313545395",https://doi.org/10.2139/ssrn.4858322,2024,preprint,0,4210172589,14,49
4388787335,2,0,2,"2547045893,2913773162",https://doi.org/10.48550/arxiv.2311.09262,2023,preprint,0,4306400194,18,58
7130520916,2,0,2,"3123050710,2066752129",https://doi.org/10.1007/s11192-026-05562-9,2026,article,0,148561398,14,83
7156221773,2,0,2,"3123050710,2066752129",https://doi.org/10.1371/journal.pone.0346227,2026,article,0,202381698,18,74
4295769389,2,0,2,"2547045893,2793071066",https://doi.org/10.23919/picmet53225.2022.9882578,2022,article,0,4363608108,32,22
7140214331,2,0,2,"4313545395,2913773162",https://doi.org/10.1098/rspb.2025.2120,2026,article,0,3006207977,32,38
4414000757,2,0,2,"3123050710,2793071066",https://doi.org/10.2139/ssrn.5422062,2025,preprint,0,4210172589,18,60
7128817874,2,0,2,"2913773162,4313545395",https://doi.org/10.1016/j.xinn.2026.101316,2026,article,0,4210236180,27,4
4205655790,2,0,2,"2793071066,2066752129",https://doi.org/10.5194/hess-2021-106-cc1,2021,peer-review,0,,23,40
3160211085,2,0,2,"2547045893,2066752129",https://doi.org/10.48550/arxiv.2105.08089,2021,preprint,0,4306400194,18,44
4394626856,2,0,2,"4313545395,2913773162",https://doi.org/10.1007/978-3-031-57860-1_27,2024,book-chapter,0,106296714,33,21
4416293180,2,0,2,"2066752129,3123050710",https://doi.org/10.1016/j.jbi.2025.104952,2025,article,0,11622463,13,25
7134187776,2,0,2,"4313545395,2303284028",https://doi.org/10.1093/anncom/wlag008,2026,article,0,2764627845,12,39
4382061651,2,0,2,"2913773162,2793071066",https://doi.org/10.1787/1f717652-en,2023,book-chapter,0,4306463687,18,332
7134844586,2,0,2,"2913773162,2303284028",https://doi.org/10.1093/icc/dtag012,2026,article,0,145507837,18,81
4411746258,2,0,2,"2793071066,2066752129",https://doi.org/10.1101/2025.06.25.661621,2025,preprint,0,4306402567,18,17
4383499380,2,0,2,"2913773162,4313545395",https://doi.org/10.21203/rs.3.rs-3102533/v1,2023,preprint,0,4306525896,20,43
4382061131,2,0,2,"2793071066,2913773162",https://doi.org/10.1787/6f256d17-en,2023,book-chapter,0,4306463687,27,332
7116721492,2,0,2,"2913773162,2793071066",https://doi.org/10.1007/978-3-032-13509-4_23,2025,book-chapter,0,4210173728,31,20
4413045231,2,0,2,"3123050710,2066752129",https://doi.org/10.2139/ssrn.5382070,2025,preprint,0,4210172589,33,84
3185471751,2,0,2,"2547045893,2793071066",https://doi.org/10.12688/f1000research.53743.1,2021,preprint,0,4210239046,18,35
4285168742,2,0,2,"2547045893,2793071066",https://doi.org/10.2139/ssrn.4093415,2022,article,0,4210172589,14,46
2595269458,2,0,2,"2547045893,2793071066",https://doi.org/10.48550/arxiv.1703.01476,2017,preprint,0,4306400194,31,69
3126898324,2,0,2,"2793071066,2066752129",https://doi.org/10.1371/journal.pone.0254744,2021,preprint,0,202381698,31,78
4402568934,2,0,2,"2793071066,4313545395",https://doi.org/10.23919/ccc63176.2024.10661876,2024,article,0,,17,27
7147726352,2,0,2,"2913773162,2793071066",https://doi.org/10.1016/j.joi.2026.101802,2026,article,0,205292342,18,101
7162750590,2,0,2,"2303284028,4313545395",https://doi.org/10.5465/amj.2023.1020,2026,article,0,117778295,14,85
4414621880,2,0,2,"2066752129,3123050710",https://doi.org/10.1016/j.chaos.2025.117295,2025,article,0,70718007,12,40
4328103758,2,0,2,"4313545395,2303284028",https://doi.org/10.1016/j.physbeh.2023.114161,2023,review,0,167407068,32,69
6939926379,2,0,2,"2547045893,2793071066",https://doi.org/10.6084/m9.figshare.26708918,2024,article,0,4406922384,20,39
4205748517,2,0,2,"2066752129,2793071066",https://doi.org/10.5194/hess-2021-106-ac2,2021,peer-review,0,,23,40
7131800211,2,0,2,"2913773162,2793071066",https://doi.org/10.1177/10464964251404492,2026,article,0,133913429,18,51
4385316699,2,0,2,"3123050710,4313545395",https://doi.org/10.2139/ssrn.4522732,2023,preprint,0,4210172589,18,21
4394955491,2,0,2,"2808505390,2547045893",https://doi.org/10.15626/mp.2020.2740,2024,article,0,4210215799,32,117
3203734760,2,0,2,"2547045893,2808505390",https://doi.org/10.48550/arxiv.2012.09269,2020,preprint,0,4306401271,18,13
3041788073,2,0,2,"2547045893,2913773162",https://doi.org/10.1155/2020/8842221,2020,article,0,72372694,33,20
7163583015,2,0,2,"4313545395,3123050710",https://doi.org/10.1007/s10734-026-01704-3,2026,article,0,94908168,36,37
4399441519,2,0,2,"4313545395,2303284028",https://doi.org/10.34133/hds.0112,2024,article,0,4210185134,36,50
4361803371,2,0,2,"2066752129,4313545395",https://doi.org/10.1007/978-3-031-28276-8_13,2023,book-chapter,0,4210188945,18,43
7125510321,2,0,2,"4313545395,2303284028",https://doi.org/10.2139/ssrn.6110933,2026,preprint,0,4210172589,14,15
4415423026,2,0,2,"2808505390,2547045893",https://doi.org/10.2139/ssrn.5641007,2025,preprint,0,4210172589,33,26
7160784876,2,0,2,"2913773162,3123050710",https://doi.org/10.1080/13662716.2026.2662857,2026,article,0,36209479,18,87
3166207074,2,0,2,"2066752129,2913773162",https://doi.org/10.48550/arxiv.2106.02989,2021,preprint,0,4306400194,31,38
4410986648,2,0,2,"2913773162,2793071066",https://doi.org/10.1109/iscait64916.2025.11010778,2025,article,0,,17,13
4323780473,2,0,2,"2913773162,2066752129",https://doi.org/10.1007/978-3-031-28035-1_23,2023,book-chapter,0,106296714,31,14
4392091253,2,0,2,"2793071066,2066752129",https://doi.org/10.3917/ems.burge.2023.01.0249,2023,book-chapter,0,4306463238,14,26
4395015987,2,0,2,"4313545395,2303284028",https://doi.org/10.2139/ssrn.4802379,2024,article,0,4210172589,14,111
7119536299,2,0,2,"2913773162,2793071066",https://doi.org/10.1111/ejed.70455,2026,article,0,71191459,14,83
4293196172,2,0,2,"2066752129,2913773162",https://doi.org/10.2139/ssrn.4133073,2022,article,0,4210172589,12,43
4251478970,2,0,2,"2066752129,3123050710",https://doi.org/10.1787/59afe597-en,2020,book-chapter,0,4210227252,33,260
4414659999,2,0,2,"2066752129,3123050710",https://doi.org/10.1140/epjds/s13688-025-00586-2,2025,article,0,2504380752,28,51
3184778534,2,0,2,"2913773162,2066752129",https://doi.org/10.3390/books978-3-0365-1689-9,2021,book,0,,33,533
4405266067,2,0,2,"3123050710,4313545395",https://doi.org/10.2139/ssrn.5052547,2024,preprint,0,4210172589,18,55
7125403801,2,0,2,"2913773162,2793071066",https://doi.org/10.1007/s44443-026-00474-3,2026,article,0,2764955546,17,38
4381232881,2,0,2,"3123050710,2066752129",https://doi.org/10.2139/ssrn.4483648,2023,article,0,4210172589,36,50
7140864044,2,0,2,"2913773162,4313545395",https://doi.org/10.1016/j.jseint.2026.101701,2026,article,0,4210204847,27,37
4385724288,2,0,2,"2066752129,2793071066",https://doi.org/10.1177/01655515231191213,2023,article,0,68913162,18,65
4417420787,2,0,2,"4313545395,4378980478",https://doi.org/10.1093/icc/dtaf050,2025,article,0,145507837,14,33
4405022544,2,0,2,"2303284028,4313545395",https://doi.org/10.1109/ms.2024.3477013,2024,article,0,6725529,17,4
4312118827,2,0,2,"2793071066,2066752129",https://doi.org/10.5772/intechopen.109207,2022,book-chapter,0,4306463448,18,49
4205974196,2,0,2,"2913773162,2793071066",https://doi.org/10.22163/fteval.2020.529,2020,report,0,,33,14
3211929535,2,0,2,"2808505390,2547045893",https://doi.org/10.1088/1674-1056/ac364c,2021,article,0,33442941,20,42
7122554714,2,0,2,"2793071066,2547045893",https://doi.org/10.21203/rs.3.rs-8275731/v1,2026,preprint,0,4306525896,33,39
7140316188,2,0,2,"4313545395,2066752129",https://doi.org/10.2139/ssrn.6467493,2026,preprint,0,4210172589,17,23
7140210190,2,0,2,"3201257425,4313545395",https://doi.org/10.1140/epjds/s13688-026-00646-1,2026,article,0,2504380752,28,17
4415303915,2,0,2,"2913773162,2793071066",https://doi.org/10.1002/pra2.1298,2025,article,0,4393918545,31,26
4412608527,2,0,2,"4313545395,2913773162",https://doi.org/10.51408/issi2025_009,2025,article,0,,18,51
2919115771,1,1,0,3201257425,https://doi.org/10.1038/nature14539,2015,review,81659,137773608,17,53
2138270253,1,1,0,4313545395,https://doi.org/10.1073/pnas.74.12.5463,1977,article,69306,125754415,23,12
2230728100,1,1,0,4313545395,https://doi.org/10.1103/physrev.140.a1133,1965,article,63214,54862371,31,13
2753533763,1,1,0,3123050710,https://doi.org/10.1063/1.3050879,1963,article,35548,180907581,13,8
4214717370,1,1,0,3201257425,https://doi.org/10.1109/tnn.1998.712192,1998,article,27076,42080949,17,0
2121863487,1,1,0,3201257425,https://doi.org/10.1109/tnn.2004.842673,2005,article,25790,42080949,17,82
2073832139,1,1,0,4313545395,https://doi.org/10.1086/300499,1998,article,19474,100695177,31,121
4236965008,1,1,0,3201257425,https://doi.org/10.1109/cvpr.1993,1993,paratext,17738,,22,0
2136120210,1,1,0,2808505390,https://doi.org/10.1111/j.1540-6261.1997.tb03808.x,1997,article,17012,5353659,20,31
2066636486,1,1,0,2303284028,https://doi.org/10.1016/s0169-7552(98)00110-x,1998,article,16015,3084184,17,22
2990138404,1,1,0,3201257425,https://doi.org/10.7551/mitpress/7503.001.0001,2007,book,15653,4306463997,17,0
1485300768,1,1,0,4313545395,https://doi.org/10.1007/bf01303701,1986,article,14219,9051360,31,23
2126466006,1,1,0,4313545395,https://doi.org/10.1038/171737a0,1953,article,13208,137773608,13,5
4301409532,1,1,0,3201257425,https://doi.org/10.1109/iccv.1995.466933,1995,article,12927,,22,0
2144981148,1,1,0,4313545395,https://doi.org/10.1371/journal.pmed.0020124,2005,article,10529,197939330,18,40
2313339984,1,1,0,4378980478,https://doi.org/10.2307/2532051,1989,article,8705,8265502,22,2
3121707495,1,1,0,3123050710,https://doi.org/10.1515/9781400879762-024,1962,book-chapter,8660,4306463805,14,0
2006546769,1,1,0,2793071066,https://doi.org/10.1037/0033-2909.86.3.638,1979,article,8595,75627607,32,16
2751624169,1,1,0,3123050710,https://doi.org/10.1111/j.1468-0149.1963.tb00813.x,1963,article,8502,168628147,12,0
1973459906,1,1,0,2303284028,https://doi.org/10.2307/2393988,1996,article,8463,143668711,14,27
2095561982,1,1,0,2066752129,https://doi.org/10.2307/2393549,1990,article,8324,143668711,14,35
2790756470,1,1,0,4378980478,https://doi.org/10.1038/s41467-018-07882-8,2018,article,8249,64187185,31,46
2165429918,1,1,0,2059615831,https://doi.org/10.2307/2118401,1993,article,7811,203860005,20,16
2075514521,1,1,0,2913773162,https://doi.org/10.1103/physrevlett.59.381,1987,article,7645,24807848,31,3
2000042664,1,1,0,4378980478,https://doi.org/10.1137/070710111,2009,article,7604,160107561,31,40
2071249181,1,1,0,2059615831,https://doi.org/10.2307/1880689,1966,article,7508,203860005,20,2
2165144879,1,1,0,2059615831,https://doi.org/10.2307/2171753,1997,article,7327,95464858,20,0
1500657154,1,1,0,2547045893,https://doi.org/10.1007/978-1-4471-3675-0,2001,book,7261,4210187552,20,1
1535129021,1,1,0,2303284028,https://doi.org/10.1016/0048-7333(82)90016-6,1982,article,6588,9731383,14,58
3123888140,1,1,0,2059615831,https://doi.org/10.1016/s0022-1996(97)00033-0,1998,article,5966,198098467,20,32
2132639490,1,1,0,2913773162,https://doi.org/10.1103/physrevlett.75.3969,1995,article,5545,24807848,31,15
3119774682,1,1,0,4378980478,https://doi.org/10.1038/s41467-020-20314-w,2021,article,5189,64187185,19,44
2005207065,1,1,0,2066752129,https://doi.org/10.1002/asi.4630240406,1973,article,5183,4210220780,18,9
2164998314,1,1,0,3201257425,https://doi.org/10.1073/pnas.0706851105,2008,review,4688,125754415,31,36
4301031038,1,1,0,2303284028,https://doi.org/10.4324/9780203202050,2010,book,4424,,33,0
2058105398,1,1,0,4378980478,https://doi.org/10.1103/revmodphys.81.591,2009,article,4148,73260565,31,610
2086438570,1,1,0,3123050710,https://doi.org/10.1037/h0048850,1962,article,4105,35223124,32,24
2791544114,1,1,0,4378980478,https://doi.org/10.1126/science.aao2998,2018,article,3810,3880285,33,6
2138632812,1,1,0,3123050710,https://doi.org/10.1257/jep.8.1.3,1994,article,3774,72880728,20,51
2081631040,1,1,0,2059615831,https://doi.org/10.1257/aer.89.3.605,1999,article,3621,23254222,14,31
3124567902,1,1,0,2303284028,https://doi.org/10.2307/1911191,1984,article,3435,95464858,20,18
2159397589,1,1,0,4378980478,https://doi.org/10.1126/science.1167742,2009,article,3299,3880285,33,46
3186861947,1,1,0,3123050710,,1994,article,3224,4210197683,33,0
2170508806,1,1,0,2793071066,https://doi.org/10.1073/pnas.1211286109,2012,article,3124,125754415,33,67
2020595149,1,1,0,2059615831,https://doi.org/10.1057/palgrave.jibs.8400275,2007,article,3060,38024979,14,57
2035943167,1,1,0,2059615831,https://doi.org/10.1057/palgrave.jibs.8490593,1980,article,3018,38024979,20,34
1976395435,1,1,0,2303284028,https://doi.org/10.2307/2555502,1990,article,2993,34139249,20,17
2077710056,1,1,0,2059615831,https://doi.org/10.1257/0002828041464605,2004,article,2858,23254222,14,44
3121537542,1,1,0,2059615831,https://doi.org/10.3386/w1815,1986,report,2855,2809516038,20,31
2053549370,1,1,0,2793071066,https://doi.org/10.1126/science.178.4060.471,1972,article,2801,3880285,18,35
2161291053,1,1,0,2303284028,https://doi.org/10.1073/pnas.0610172104,2007,article,2675,125754415,23,50
4252718264,1,1,0,4313545395,https://doi.org/10.1021/ja00538a077,1980,article,2619,111155417,16,0
2592084954,1,1,0,4378980478,https://doi.org/10.1007/s11192-017-2300-7,2017,article,2577,148561398,31,28
2026119611,1,1,0,2303284028,https://doi.org/10.1016/0048-7333(94)01002-1,1994,article,2484,9731383,20,126
2125922307,1,1,0,2303284028,https://doi.org/10.2307/3324062,1983,article,2361,25370267,20,0
2069656088,1,1,0,2793071066,https://doi.org/10.1126/science.122.3159.108,1955,article,2289,3880285,28,11
4235019172,1,1,0,3201257425,https://doi.org/10.1093/oso/9780198805090.001.0001,2018,book,2263,,31,314
2154325204,1,1,0,2303284028,https://doi.org/10.1287/orsc.1030.0054,2004,article,2235,206124708,14,69
2025572017,1,1,0,4313545395,https://doi.org/10.1103/physreve.64.016131,2001,article,2109,4210224030,31,51
3122266454,1,1,0,2059615831,https://doi.org/10.1596/1813-9450-2923,2002,book,2091,4306464317,14,70
2013241878,1,1,0,4313545395,https://doi.org/10.1038/2261209a0,1970,article,2030,137773608,11,17
4241742455,1,1,0,2303284028,https://doi.org/10.1016/0048-7333(85)90021-6,1985,article,1991,9731383,20,21
2101585503,1,1,0,2303284028,https://doi.org/10.2189/asqu.2005.50.1.100,2005,article,1767,143668711,14,97
2098249941,1,1,0,3123050710,https://doi.org/10.1074/jbc.m101287200,2001,article,1748,140251998,13,67
2038665424,1,1,0,3123050710,https://doi.org/10.1371/journal.pbio.0020329,2004,article,1713,154343897,13,44
2109047492,1,1,0,2808505390,https://doi.org/10.1016/0010-0285(85)90010-6,1985,article,1695,36783443,20,612
3124491808,1,1,0,2059615831,https://doi.org/10.1093/wbro/lkh019,2004,article,1623,117685085,14,146
2110295930,1,1,0,2072576647,https://doi.org/10.1146/annurev.es.17.110186.003031,1986,article,1567,4210205963,23,191
2104115831,1,1,0,2303284028,https://doi.org/10.1162/003465399558265,1999,article,1543,180061323,14,12
1816275442,1,1,0,3201257425,https://doi.org/10.1038/44831,1999,article,1531,137773608,13,23
2914761779,1,1,0,3201257425,https://doi.org/10.1145/2623330,2014,paratext,1525,,14,0
1907286193,1,1,0,4313545395,https://doi.org/10.1002/asi.23329,2015,article,1520,4210197613,18,31
2038249383,1,1,0,2913773162,https://doi.org/10.1007/bf01327326,1924,article,1516,4210173186,16,0
2057953526,1,1,0,2547045893,https://doi.org/10.1038/356168a0,1992,article,1434,137773608,13,12
2073387430,1,1,0,2303284028,https://doi.org/10.1016/0048-7333(94)90042-6,1994,article,1432,9731383,18,42
3202243234,1,1,0,3123050710,,1973,book,1427,,18,0
2010635808,1,1,0,2303284028,https://doi.org/10.1111/j.1468-0297.2004.00216.x,2004,article,1402,45992627,14,37
2073765149,1,1,0,2059615831,https://doi.org/10.2307/2553765,1974,article,1393,108845946,14,17
2041710630,1,1,0,2808505390,https://doi.org/10.1086/354848,1988,article,1386,192525298,18,1
3125555497,1,1,0,2303284028,https://doi.org/10.1002/smj.384,2004,article,1361,102949365,14,85
1974822575,1,1,0,2059615831,https://doi.org/10.2307/2234150,1990,article,1355,45992627,20,0
2037270829,1,1,0,2066752129,https://doi.org/10.5860/choice.36-5015,1999,article,1309,2764375719,33,0
2080838006,1,1,0,4378980478,https://doi.org/10.1016/s0048-7333(97)00013-9,1997,article,1289,9731383,14,12
3135122946,1,1,0,4313545395,https://doi.org/10.1515/9781400873302,2016,book,1266,4306463805,20,0
1495063011,1,1,0,2303284028,,2002,book,1265,4210197683,14,0
2102027449,1,1,0,2303284028,https://doi.org/10.2189/asqu.52.3.443,2007,article,1250,143668711,17,100
1967629308,1,1,0,2303284028,https://doi.org/10.1080/10438599700000006,1997,article,1230,192056284,14,31
3123271837,1,1,0,2303284028,https://doi.org/10.2307/2555791,1996,article,1189,34139249,20,0
2028203519,1,1,0,2808505390,https://doi.org/10.1111/j.1540-6261.1993.tb04703.x,1993,article,1169,5353659,20,36
2134243390,1,1,0,3201257425,https://doi.org/10.1098/rstb.2007.2098,2007,review,1152,91660768,28,58
2953641512,1,1,0,3201257425,https://doi.org/10.1038/s41586-019-1335-8,2019,article,1096,137773608,25,41
4247511298,1,1,0,3201257425,https://doi.org/10.5465/19416521003691287,2010,article,1087,27614628,14,136
1617641394,1,1,0,2547045893,https://doi.org/10.2307/3088904,2003,article,1086,157620343,33,140
1978413276,1,1,0,2059615831,https://doi.org/10.1111/j.1468-0297.2007.02018.x,2007,article,1072,45992627,20,135
2079063728,1,1,0,2059615831,https://doi.org/10.1016/s0048-7333(02)00072-0,2002,article,1056,9731383,14,56
4225296409,1,0,1,3123050710,https://doi.org/10.1016/j.jbusres.2022.04.042,2022,article,1041,93284759,33,71
2006927408,1,1,0,3201257425,https://doi.org/10.1080/19416521003691287,2010,article,1019,27614628,14,168
2094749002,1,1,0,3123050710,https://doi.org/10.1016/j.respol.2011.09.007,2011,article,1008,9731383,18,42
2083039938,1,1,0,2059615831,https://doi.org/10.1016/s0022-1996(00)00069-6,2001,article,1000,198098467,14,42
2089644168,1,1,0,2913773162,https://doi.org/10.1177/000312240406900204,2004,article,992,157620343,33,74
190535179,1,1,0,3201257425,https://doi.org/10.1007/bf01101453,1962,article,989,205537954,18,0
2035230633,1,1,0,2059615831,https://doi.org/10.1016/j.jinteco.2007.05.011,2007,article,981,198098467,14,54
2488172819,1,1,0,3123050710,https://doi.org/10.1007/1-4020-2755-9,2005,book,977,,17,346
1982218215,1,1,0,2793071066,https://doi.org/10.1073/pnas.0707962104,2007,article,968,125754415,18,12
2884617417,1,0,1,2793071066,https://doi.org/10.1002/9781118900772,2015,book,968,,18,27
170821200,1,1,0,2303284028,https://doi.org/10.7551/mitpress/5263.001.0001,2002,book,961,4306463997,18,0
4252541056,1,1,0,3123050710,https://doi.org/10.17226/11153,2004,book,961,4306463641,18,0
2098089300,1,1,0,2303284028,https://doi.org/10.1002/(sici)1097-0266(199707)18:1+<119::aid-smj921>3.3.co;2-s,1997,article,949,102949365,20,40
4387500346,1,0,1,4313545395,https://doi.org/10.1038/s43856-023-00370-1,2023,review,944,4210167893,27,63
3122619127,1,1,0,2059615831,https://doi.org/10.1162/rest.89.3.482,2007,article,941,180061323,20,72
2750722266,1,1,0,4313545395,https://doi.org/10.1257/aer.20180338,2020,article,924,23254222,20,50
2159171830,1,1,0,2303284028,https://doi.org/10.1016/s0048-7333(02)00098-7,2003,article,920,9731383,14,89
2073023209,1,1,0,4378980478,https://doi.org/10.1371/journal.pone.0064841,2013,article,913,202381698,18,50
2083258699,1,1,0,4313545395,https://doi.org/10.1038/nrd3405,2011,review,907,186543748,20,50
2004168327,1,1,0,2059615831,https://doi.org/10.2307/2109888,1994,article,907,180061323,20,8
2066520537,1,1,0,2793071066,https://doi.org/10.1371/journal.pone.0066212,2013,article,903,202381698,33,39
2277805675,1,1,0,2793071066,https://doi.org/10.1007/s11192-016-1889-2,2016,review,901,148561398,18,214
2910172717,1,1,0,4378980478,https://doi.org/10.1073/pnas.1805871115,2019,article,869,125754415,33,93
2169089330,1,1,0,2547045893,https://doi.org/10.1016/j.joi.2009.04.001,2009,review,853,205292342,18,118
2128543716,1,1,0,4378980478,https://doi.org/10.1016/j.respol.2008.07.007,2008,article,831,9731383,14,38
1966297423,1,1,0,3201257425,https://doi.org/10.1371/journal.pone.0010271,2010,article,807,202381698,18,62
2024375001,1,1,0,2059615831,https://doi.org/10.1016/s0014-2921(02)00264-7,2002,article,806,69338747,14,61
2020740069,1,1,0,2059615831,https://doi.org/10.1057/palgrave.jibs.8490289,1991,article,798,38024979,14,34
1574946700,1,1,0,2059615831,https://doi.org/10.2307/20049465,1999,article,795,7015929,33,0
2059095876,1,1,0,2059615831,https://doi.org/10.1016/j.respol.2003.07.004,2004,article,781,9731383,14,40
2163354434,1,1,0,2793071066,https://doi.org/10.1016/j.joi.2010.06.004,2010,review,773,205292342,18,59
3123927737,1,1,0,2303284028,https://doi.org/10.1287/mnsc.1090.1072,2009,article,773,33323087,14,80
2551317447,1,1,0,2793071066,https://doi.org/10.1093/qje/qjx032,2017,article,760,203860005,20,64
2152696494,1,1,0,2072576647,https://doi.org/10.1899/08-170.1,2010,review,756,81067756,23,382
1970832650,1,1,0,2059615831,https://doi.org/10.1016/j.worlddev.2006.04.001,2007,article,753,85457386,14,108
2074975096,1,1,0,2303284028,https://doi.org/10.1177/0306312705055535,2005,article,748,68632876,14,42
2164277894,1,1,0,2793071066,https://doi.org/10.1002/asi.23309,2014,article,727,4210197613,18,31
2152313867,1,1,0,2066752129,https://doi.org/10.1016/j.amepre.2008.05.002,2008,article,724,195759676,18,102
2562219501,1,0,1,2059615831,https://doi.org/10.1080/00343404.2016.1254767,2016,article,724,175672440,20,112
1974992581,1,1,0,2808505390,https://doi.org/10.3905/jpm.1998.409643,1998,article,710,143806524,20,7
2097141357,1,1,0,3201257425,https://doi.org/10.2189/asqu.52.4.667,2007,article,708,143668711,31,93
1979116104,1,1,0,2793071066,https://doi.org/10.1002/asi.22803,2012,article,706,80113298,18,83
3124634564,1,1,0,2808505390,https://doi.org/10.2307/2329419,1995,article,694,5353659,20,0
1493632573,1,1,0,2913773162,https://doi.org/10.1002/3527608958.ch27,2005,other,678,,31,0
1713342896,1,1,0,4378980478,https://doi.org/10.1002/asi.20609,2007,article,663,80113298,18,45
4237421641,1,1,0,2793071066,https://doi.org/10.1162/qjec.2010.125.2.549,2010,article,663,203860005,33,33
2741951152,1,1,0,3201257425,,2014,article,654,,17,0
4234989302,1,1,0,4378980478,https://doi.org/10.1093/acprof:oso/9780199206650.003.0001,2010,book-chapter,654,191798613,31,0
4388278374,1,1,0,3201257425,https://doi.org/10.1093/oso/9780195128796.001.0001,1999,book,630,,28,0
2913550731,1,1,0,3201257425,https://doi.org/10.1145/3123266,2017,paratext,620,,17,0
1549022070,1,1,0,2913773162,,2011,book,615,,14,0
4206071945,1,0,1,2913773162,https://doi.org/10.1016/j.physrep.2021.10.005,2022,article,610,48633963,31,1227
2011111873,1,1,0,4378980478,https://doi.org/10.1016/0306-4573(76)90048-0,1976,article,609,174847851,18,10
2008216296,1,1,0,2059615831,https://doi.org/10.1016/j.respol.2011.09.008,2011,article,604,9731383,14,59
2055202133,1,1,0,4313545395,https://doi.org/10.1198/000313007x188252,2007,article,598,4179095,26,37
2943121181,1,0,1,2066752129,https://doi.org/10.5465/annals.2017.0099,2019,article,591,27614628,33,218
3096396710,1,1,0,2059615831,https://doi.org/10.1016/0014-2921(92)90021-n,1992,article,588,69338747,20,22
3123685555,1,1,0,2059615831,https://doi.org/10.4337/9781035305421.00014,2008,book-chapter,582,4306463223,33,0
2316463966,1,1,0,2808505390,https://doi.org/10.5860/choice.26-3262,1989,article,580,2764375719,14,0
2802509651,1,0,1,2547045893,https://doi.org/10.1073/pnas.1719557115,2018,article,571,125754415,18,46
1981240770,1,1,0,2059615831,https://doi.org/10.1057/palgrave.jibs.8490002,1998,article,571,38024979,14,41
2890416412,1,1,0,2793071066,https://doi.org/10.3386/w23180,2017,preprint,569,2809516038,20,40
3036899478,1,0,1,3123050710,https://doi.org/10.1002/bse.2554,2020,article,567,205793605,14,130
2039499026,1,1,0,2059615831,https://doi.org/10.1016/j.respol.2006.12.003,2007,article,567,9731383,14,71
3124856069,1,1,0,3123050710,https://doi.org/10.1016/j.respol.2005.01.014,2005,article,558,9731383,14,52
2039675166,1,1,0,2059615831,https://doi.org/10.1111/1467-9442.00300,2002,article,554,165253824,20,22
2063570851,1,1,0,2303284028,https://doi.org/10.1016/j.jsis.2009.01.002,2009,article,548,6144335,14,42
1481752887,1,1,0,2066752129,https://doi.org/10.2307/1983351,1955,article,546,4210198458,22,26
1566707375,1,1,0,3201257425,,1999,book,540,,32,0
3040558155,1,0,1,2913773162,https://doi.org/10.1038/s41562-020-01024-1,2021,article,538,2764866340,33,68
1503819872,1,1,0,2059615831,https://doi.org/10.1023/a:1007995512597,1997,article,531,41869786,14,29
4392504765,1,0,1,4313545395,https://doi.org/10.1038/s41586-024-07146-0,2024,article,529,137773608,17,172
2006153666,1,1,0,2303284028,https://doi.org/10.1016/j.respol.2014.01.012,2014,article,525,9731383,14,48
4238183946,1,1,0,2059615831,https://doi.org/10.1257/aer.100.2.373,2010,article,524,23254222,17,1
4235683296,1,1,0,3201257425,https://doi.org/10.1037/e578662012-001,2010,dataset,519,4306524878,32,0
3123050710,1,0,1,2066752129,https://doi.org/10.1016/j.respol.2017.06.006,2017,article,517,9731383,18,67
3175084823,1,1,0,2808505390,https://doi.org/10.2307/2280955,1954,article,511,4394736638,33,0
1503742580,1,1,0,4378980478,https://doi.org/10.1023/a:1007892413701,2001,article,508,185905316,14,16
2094161147,1,1,0,2059615831,https://doi.org/10.1111/j.1467-9442.2005.00427.x,2005,article,505,165253824,14,45
3002924435,1,1,0,4378980478,https://doi.org/10.1162/qss_a_00021,2020,article,505,4210195326,17,52
2012470677,1,1,0,2793071066,https://doi.org/10.1007/s00005-009-0001-5,2009,review,502,25199142,18,17
2096006550,1,1,0,2059615831,https://doi.org/10.1111/1467-9485.00189,2001,article,501,111496547,20,16
62727724,1,1,0,2059615831,https://doi.org/10.4337/9781847207012,2007,book,499,4306463223,20,0
1999847415,1,1,0,2059615831,https://doi.org/10.1016/j.jdeveco.2006.08.005,2006,article,495,101209419,14,53
2137524855,1,1,0,2808505390,https://doi.org/10.3758/bf03206327,2004,article,484,114265899,20,62
2130456849,1,1,0,2793071066,https://doi.org/10.1002/asi.23266,2014,article,476,4210197613,18,63
107885560,1,1,0,2303284028,https://doi.org/10.1086/ipe.6.25056183,2006,article,469,2735558270,20,118
2096513687,1,1,0,4378980478,https://doi.org/10.1177/0963662513480091,2013,article,467,124907306,33,55
2068326946,1,1,0,2059615831,https://doi.org/10.1016/0014-2921(88)90051-7,1988,article,464,69338747,14,21
2049043260,1,1,0,2913773162,https://doi.org/10.1086/349468,1961,article,461,192525298,31,0
1516807289,1,1,0,3201257425,https://doi.org/10.1145/3240508,2018,paratext,456,,33,0
2998542624,1,1,0,4378980478,https://doi.org/10.1038/s41593-020-0658-y,2020,article,454,2298632,33,50
2617903180,1,1,0,3201257425,https://doi.org/10.2307/1854704,1978,article,452,197437610,12,0
1996382919,1,1,0,2303284028,https://doi.org/10.1016/s0048-7333(01)00116-0,2002,article,451,9731383,14,26
2095271263,1,1,0,3123050710,https://doi.org/10.1016/s0048-7333(02)00007-0,2002,article,451,9731383,18,12
11254957,1,1,0,3123050710,https://doi.org/10.5860/choice.42-2773,2005,article,451,2764375719,32,371
2124836818,1,0,1,2066752129,https://doi.org/10.1098/rsif.2014.0378,2014,article,442,129150467,31,152
1975865715,1,1,0,2793071066,https://doi.org/10.1126/science.123.3185.61-a,1956,article,440,3880285,13,1
3157999218,1,0,1,2793071066,https://doi.org/10.1109/tai.2021.3076021,2021,article,439,4210169448,17,179
1887814245,1,0,1,2066752129,https://doi.org/10.1177/0001839216665364,2016,article,438,143668711,18,119
2002285880,1,1,0,2303284028,https://doi.org/10.1080/19416520802211446,2008,article,438,27614628,14,477
2115787744,1,1,0,2303284028,https://doi.org/10.1142/s0219525907000945,2007,article,433,107361000,14,22
1970289200,1,1,0,2059615831,https://doi.org/10.1016/j.tourman.2008.02.023,2008,article,430,6814119,14,142
2031055067,1,1,0,3123050710,https://doi.org/10.1016/j.joi.2009.03.004,2009,article,430,205292342,31,137
1482675582,1,1,0,2059615831,https://doi.org/10.1007/978-1-4615-4425-8_5,2000,book-chapter,422,4210217752,14,18
3118906589,1,0,1,2913773162,https://doi.org/10.5167/uzh-214990,2021,article,420,4306401281,33,81
3081158114,1,1,0,4378980478,https://doi.org/10.1126/science.aaz8170,2020,article,420,3880285,33,14
2001662846,1,1,0,3123050710,https://doi.org/10.1001/jama.1990.03440100162024,1990,article,418,172573765,27,18
2120318169,1,1,0,2303284028,https://doi.org/10.1016/s0048-7333(03)00045-3,2003,article,413,9731383,14,60
4283373899,1,0,1,2303284028,https://doi.org/10.1038/s41586-022-04966-w,2022,article,413,137773608,18,30
1972230306,1,1,0,3123050710,https://doi.org/10.1007/s11192-012-0775-9,2012,article,410,148561398,18,37
3038100267,1,1,0,2066752129,https://doi.org/10.1007/s11192-006-0176-z,2006,article,408,148561398,31,30
2094193531,1,1,0,3123050710,https://doi.org/10.1007/bf02459299,1997,article,404,148561398,18,4
2883284975,1,1,0,4378980478,https://doi.org/10.7717/peerj-cs.156,2018,article,404,4210178049,17,25
2317894896,1,1,0,3123050710,https://doi.org/10.2307/2278731,1940,article,392,4394736638,33,0
2000716096,1,1,0,4378980478,https://doi.org/10.1126/science.1124832,2006,article,392,3880285,33,11
2087052816,1,1,0,2808505390,https://doi.org/10.1007/s11166-005-1153-2,2005,article,387,106686155,18,37
4236496927,1,1,0,2303284028,https://doi.org/10.5465/19416520802211446,2008,article,386,27614628,14,376
1993304997,1,1,0,2808505390,https://doi.org/10.1037/0033-2909.104.2.251,1988,review,384,75627607,32,169
3122809592,1,1,0,2059615831,https://doi.org/10.1111/1467-9442.00298,2002,article,374,165253824,14,28
2125660293,1,1,0,2913773162,https://doi.org/10.1126/science.1150473,2008,article,366,3880285,18,16
2107764793,1,1,0,3201257425,https://doi.org/10.1177/1056492605276850,2005,article,363,17986141,14,37
1967829734,1,1,0,2793071066,https://doi.org/10.1038/508312a,2014,article,362,137773608,18,9
2115723149,1,1,0,2303284028,https://doi.org/10.1016/j.jebo.2006.05.015,2007,article,357,62201805,20,47
3104836124,1,1,0,4313545395,,2018,article,355,4306401127,18,75
2155180196,1,1,0,2303284028,https://doi.org/10.1016/j.respol.2010.05.013,2010,article,355,9731383,14,54
2022369531,1,1,0,4313545395,https://doi.org/10.1177/000312240707200403,2007,article,350,157620343,33,191
2955244474,1,0,1,3123050710,https://doi.org/10.1371/journal.pone.0230416,2020,article,349,202381698,17,96
1490843091,1,1,0,2059615831,https://doi.org/10.7208/chicago/9780226036557.003.0010,2004,book-chapter,349,,20,103
4304185479,1,0,1,2793071066,https://doi.org/10.1038/s42254-022-00518-3,2022,review,348,4210234670,18,121
1976036348,1,1,0,3123050710,https://doi.org/10.1037/0033-2909.125.5.524,1999,article,347,75627607,32,142
2062812033,1,1,0,2059615831,https://doi.org/10.1057/palgrave.jibs.8490914,2000,article,343,38024979,20,17
2150385690,1,1,0,2793071066,https://doi.org/10.1177/0003122410388488,2010,article,340,157620343,31,112
55473955,1,1,0,3123050710,https://doi.org/10.1007/1-4020-2755-9_22,2006,book-chapter,339,4306463519,18,50
2033296544,1,1,0,2072576647,https://doi.org/10.1111/j.1467-2979.2007.00232.x,2007,article,339,103284624,23,67
2592798214,1,0,1,2066752129,https://doi.org/10.1016/j.hrmr.2017.03.002,2017,article,337,185253248,32,172
1747769665,1,1,0,3123050710,https://doi.org/10.1023/a:1022378804087,2003,article,337,148561398,18,3
3080357992,1,1,0,2303284028,https://doi.org/10.1002/(sici)1097-0266(199707)18:1+<119::aid-smj921>3.0.co;2-0,1997,article,337,102949365,14,0
2890107153,1,0,1,2793071066,https://doi.org/10.1093/gigascience/giz053,2019,article,335,2735135405,18,116
2299249951,1,1,0,2072576647,https://doi.org/10.1016/b978-0-12-088449-0.x5001-8,2008,book,334,4306463230,11,0
2142701897,1,1,0,2303284028,https://doi.org/10.1287/mnsc.49.4.478.14416,2003,article,333,33323087,14,62
2128132605,1,1,0,2547045893,https://doi.org/10.1103/physreve.80.056103,2009,article,330,35412551,31,20
3088993044,1,1,0,4378980478,https://doi.org/10.1126/sciadv.abd4563,2020,article,320,2737427234,33,35
2003954422,1,1,0,2547045893,https://doi.org/10.1038/nature01604,2003,article,318,137773608,11,31
2118105624,1,1,0,2059615831,https://doi.org/10.1093/wbro/lkn003,2008,article,316,117685085,14,102
1967900905,1,1,0,2059615831,https://doi.org/10.1111/j.1467-9701.2007.00875.x,2007,article,307,45372229,20,66
2074040980,1,1,0,2303284028,https://doi.org/10.1038/464488a,2010,article,307,137773608,27,3
2064568176,1,1,0,2547045893,https://doi.org/10.1073/pnas.0307625100,2004,article,306,125754415,31,35
2020487764,1,1,0,2303284028,https://doi.org/10.1002/(sici)1520-6688(199821)17:2<253::aid-pam8>3.0.co;2-g,1998,article,301,25370267,27,40
2129558264,1,1,0,4378980478,https://doi.org/10.1145/2350036.2350040,2012,article,295,47508943,18,57
3115677442,1,0,1,2793071066,https://doi.org/10.1063/5.0021106,2020,article,294,4210229136,25,141
2134895693,1,1,0,2547045893,https://doi.org/10.1016/j.joi.2011.01.006,2011,article,291,205292342,18,125
2164323720,1,1,0,2066752129,https://doi.org/10.1177/1046496408317797,2008,article,291,133913429,18,76
1999923533,1,1,0,2303284028,https://doi.org/10.1016/s0048-7333(02)00111-7,2003,article,291,9731383,18,59
2985942842,1,0,1,2793071066,https://doi.org/10.1016/j.crme.2019.11.009,2019,article,289,4210193431,22,163
2901073753,1,0,1,2066752129,https://doi.org/10.1016/j.respol.2018.10.021,2018,article,288,9731383,14,96
1964879903,1,1,0,4378980478,https://doi.org/10.1145/1552303.1552304,2009,article,287,41523882,18,40
2889722506,1,0,1,2066752129,https://doi.org/10.1371/journal.pbio.2006643,2018,article,287,154343897,13,87
2005933779,1,1,0,3123050710,https://doi.org/10.1038/scientificamerican1272-84,1972,article,286,100460328,28,19
2086719521,1,1,0,2547045893,https://doi.org/10.1038/4441003a,2006,article,283,137773608,18,6
4205221150,1,0,1,2066752129,https://doi.org/10.1017/9781108993647.010,2021,book-chapter,279,4306462995,36,892
2051561710,1,1,0,2808505390,https://doi.org/10.1016/j.psychsport.2006.03.001,2006,article,279,131954271,20,92
2167266304,1,1,0,2303284028,https://doi.org/10.1287/mnsc.48.1.73.14278,2002,article,278,33323087,20,17
1577520517,1,1,0,2793071066,https://doi.org/10.1126/science.1165878,2008,article,277,3880285,27,11
4211056783,1,0,1,3123050710,https://doi.org/10.1017/9781108762519.002,2020,book-chapter,275,4306462995,33,1034
3160655769,1,1,0,4378980478,https://doi.org/10.3389/fpsyg.2021.663252,2021,article,274,9692511,33,79
2466144917,1,1,0,4313545395,https://doi.org/10.1177/2378023117738903,2017,article,273,4210198833,18,66
2515380863,1,1,0,2793071066,https://doi.org/10.7554/elife.21451,2016,article,272,1336409049,17,66
4230455786,1,1,0,2808505390,https://doi.org/10.2307/2328883,1993,article,271,5353659,14,0
2145893390,1,1,0,4378980478,https://doi.org/10.1109/tkde.2011.13,2011,article,269,30698027,18,70
2131707073,1,0,1,2059615831,https://doi.org/10.1016/j.respol.2015.07.003,2015,article,265,9731383,14,119
3123045587,1,1,0,2808505390,https://doi.org/10.1037/a0014821,2009,review,262,75627607,20,151
1595739362,1,1,0,2303284028,https://doi.org/10.2307/2534746,1996,article,261,4210211670,22,26
2562983080,1,1,0,3201257425,https://doi.org/10.1080/15332276.2000.11672932,2000,article,260,2764504085,32,0
2039723993,1,1,0,4313545395,https://doi.org/10.1007/s11192-007-1777-2,2007,article,260,148561398,18,20
2018805474,1,1,0,2808505390,https://doi.org/10.1109/jrproc.1957.278364,1957,article,256,4210173308,18,3
2752171192,1,0,1,2066752129,https://doi.org/10.1177/0003122417728662,2017,article,256,157620343,33,131
4319600682,1,0,1,4313545395,https://doi.org/10.3390/info14020105,2023,article,255,4210219776,32,83
2026499502,1,1,0,4378980478,https://doi.org/10.1002/aris.2009.1440430113,2009,article,254,91943596,18,92
2906109115,1,0,1,2793071066,https://doi.org/10.1016/j.tree.2018.11.007,2018,article,254,79131028,18,101
2101310129,1,1,0,2303284028,https://doi.org/10.1093/icc/12.2.203,2003,article,252,145507837,14,72
2087346837,1,1,0,2547045893,https://doi.org/10.1073/pnas.0902667106,2009,article,250,125754415,31,47
2072002353,1,0,1,2066752129,https://doi.org/10.1098/rsif.2015.0272,2015,article,249,129150467,14,61
1602346759,1,1,0,2913773162,,1998,book,248,4210197683,14,0
2324355742,1,0,1,2066752129,https://doi.org/10.5465/amj.2014.0861,2016,article,247,117778295,14,89
1877800658,1,1,0,3123050710,,2005,article,242,2764539367,27,0
2038217319,1,1,0,2303284028,https://doi.org/10.1086/681213,2015,article,241,122471516,32,141
4230037897,1,1,0,2303284028,https://doi.org/10.1017/cbo9780511522031,1995,book,240,,27,0
2096698370,1,1,0,2808505390,https://doi.org/10.1198/016214501753168217,2001,article,240,4394736638,20,47
2791975964,1,1,0,4378980478,https://doi.org/10.1073/pnas.1715368115,2018,article,239,125754415,20,54
3123272046,1,1,0,2303284028,https://doi.org/10.1162/rest_a_00194,2011,article,238,180061323,14,17
2044360356,1,1,0,3201257425,https://doi.org/10.1126/science.1240064,2014,article,237,3880285,31,36
2161926107,1,1,0,2059615831,https://doi.org/10.1287/mnsc.1060.0658,2006,article,236,33323087,20,50
2050705076,1,1,0,2059615831,https://doi.org/10.1080/00343400050078105,2000,article,234,175672440,33,59
2780810807,1,0,1,2066752129,https://doi.org/10.5465/annals.2016.0041,2018,review,234,27614628,14,392
4205379106,1,0,1,2066752129,https://doi.org/10.1017/9781108993647,2021,book,234,4306462995,36,893
2972597827,1,0,1,2793071066,https://doi.org/10.1038/s41586-019-1540-5,2019,letter,231,137773608,25,42
2060671788,1,1,0,2808505390,https://doi.org/10.1093/geronj/21.1.1,1966,article,230,2735781901,33,0
2154347050,1,1,0,2808505390,https://doi.org/10.1073/pnas.1016733108,2010,article,229,125754415,20,58
1993258254,1,1,0,2059615831,https://doi.org/10.1080/00343409312331347575,1993,article,228,175672440,33,37
2573516793,1,1,0,4313545395,https://doi.org/10.1073/pnas.1613559113,2016,article,228,125754415,20,19
2051358370,1,1,0,2066752129,https://doi.org/10.1103/physreve.68.026127,2003,article,227,4210224030,31,54
2129095037,1,1,0,2059615831,https://doi.org/10.1111/j.1540-5982.2012.01733.x,2012,article,226,76440981,26,40
2135766264,1,1,0,2059615831,https://doi.org/10.1080/00343404.2010.505915,2010,article,226,175672440,20,122
2037915805,1,1,0,4378980478,https://doi.org/10.1007/s11192-007-2046-8,2009,article,225,148561398,18,32
2954057334,1,0,1,2793071066,https://doi.org/10.1016/j.softx.2019.100263,2019,article,224,2506067282,18,22
2799873802,1,0,1,2066752129,https://doi.org/10.1287/mnsc.2017.3001,2018,article,223,33323087,32,128
2134866961,1,1,0,2547045893,https://doi.org/10.1073/pnas.0307626100,2004,article,223,125754415,17,13
3001137683,1,1,0,4378980478,https://doi.org/10.1162/qss_a_00020,2020,article,223,4210195326,18,14
3102590789,1,0,1,2547045893,,2017,article,222,4306401086,31,376
1963998475,1,1,0,2303284028,https://doi.org/10.1086/385281,2001,article,221,192525298,12,0
3010383177,1,0,1,3123050710,https://doi.org/10.5465/amr.2018.0271,2020,article,221,46763546,18,160
2083743389,1,1,0,4313545395,https://doi.org/10.1038/srep05890,2014,article,220,196734849,31,46
2609596385,1,0,1,2547045893,https://doi.org/10.1016/j.physrep.2017.05.001,2017,article,215,48633963,31,303
2041432040,1,1,0,2793071066,https://doi.org/10.1016/j.econlet.2013.10.040,2013,article,215,36178057,33,42
3122398734,1,1,0,2059615831,https://doi.org/10.1257/pol.1.1.181,2009,article,211,158011328,20,65
2064674995,1,1,0,2059615831,https://doi.org/10.1016/s0167-6245(99)00005-0,1999,article,208,169221615,14,46
4220653365,1,0,1,3123050710,https://doi.org/10.1016/j.neubiorev.2022.104608,2022,review,208,170052170,27,91
3216898476,1,0,1,2793071066,https://doi.org/10.1007/s11301-021-00247-4,2021,article,205,4210189013,18,115
1971555783,1,1,0,2303284028,https://doi.org/10.1007/s10961-007-9030-6,2007,article,204,185905316,14,36
3143370782,1,1,0,2303284028,,1993,book-chapter,204,4306401852,33,0
2058498906,1,1,0,4378980478,https://doi.org/10.1007/s11192-011-0369-y,2011,article,204,148561398,18,83
3092330694,1,0,1,3123050710,https://doi.org/10.1101/2020.10.12.336230,2020,preprint,203,4306402567,33,76
2186572134,1,0,1,2066752129,https://doi.org/10.1016/j.respol.2015.09.003,2015,article,202,9731383,14,158
2938815745,1,0,1,2066752129,https://doi.org/10.1177/0001839219844175,2019,article,200,143668711,14,116
2913350752,1,0,1,2793071066,https://doi.org/10.1016/j.jnca.2019.01.029,2019,article,199,30128005,31,338
2054096179,1,1,0,2793071066,https://doi.org/10.1371/journal.pone.0024926,2011,article,198,202381698,31,48
2597693078,1,1,0,4378980478,https://doi.org/10.1126/science.aal0010,2017,article,198,3880285,20,45
3118864605,1,1,0,4378980478,https://doi.org/10.1126/sciadv.abd0299,2021,article,198,2737427234,33,51
3038003025,1,1,0,4378980478,https://doi.org/10.1038/s41597-020-0543-2,2020,article,188,2607323502,13,65
2917178759,1,1,0,3201257425,https://doi.org/10.7554/elife.42254,2019,article,188,1336409049,18,72
4282007505,1,0,1,2793071066,https://doi.org/10.1038/s41562-022-01351-5,2022,article,187,2764866340,18,35
2093499537,1,1,0,4378980478,https://doi.org/10.1287/mnsc.48.1.0.14277,2002,article,187,33323087,14,0
1515497241,1,1,0,3123050710,https://doi.org/10.1007/978-94-010-9521-1_16,1977,book-chapter,186,2764493452,17,7
633666888,1,0,1,2066752129,https://doi.org/10.1016/j.respol.2015.05.008,2015,article,186,9731383,14,58
2291914866,1,0,1,2066752129,https://doi.org/10.1177/0003122416632787,2016,article,186,157620343,33,89
2045548642,1,1,0,2547045893,https://doi.org/10.1037/0012-1649.27.1.119,1991,article,184,126635229,32,42
2794377347,1,0,1,2059615831,https://doi.org/10.1016/j.respol.2018.02.006,2018,article,184,9731383,20,113
1523268234,1,1,0,2059615831,https://doi.org/10.1016/j.jue.2013.05.002,2013,article,180,147692640,20,51
2952066651,1,1,0,4378980478,https://doi.org/10.1126/science.aaw2373,2019,article,179,3880285,20,15
1833467796,1,1,0,2793071066,https://doi.org/10.1016/j.joi.2015.07.006,2015,article,179,205292342,31,38
1598630259,1,1,0,2059615831,https://doi.org/10.1023/a:1023622407571,2003,article,177,3416249,14,46
3208825505,1,0,1,2066752129,https://doi.org/10.1038/s41467-021-26428-z,2021,article,177,64187185,27,29
2842887116,1,0,1,2066752129,https://doi.org/10.1016/j.joi.2018.12.006,2019,article,177,205292342,18,58
3041682641,1,0,1,2066752129,https://doi.org/10.3389/fbuil.2020.00110,2020,article,176,2597036347,18,139
2088221087,1,1,0,2913773162,https://doi.org/10.1007/s12108-008-9042-1,2008,article,174,190552063,33,49
1544154202,1,1,0,2303284028,https://doi.org/10.3386/w10901,2004,report,173,2809516038,14,32
2263509601,1,0,1,2066752129,https://doi.org/10.5465/amj.2014.0756,2015,article,173,117778295,14,75
2966432713,1,0,1,2793071066,https://doi.org/10.1093/migration/mnz031,2019,article,171,2735101957,33,58
2888846225,1,0,1,2793071066,https://doi.org/10.1002/adfm.201803380,2018,article,171,135204980,25,155
4242863454,1,1,0,3201257425,https://doi.org/10.5465/amd.2015.0108,2016,article,170,4210202650,31,70
2886439396,1,0,1,2066752129,https://doi.org/10.1177/0001839218793384,2018,article,170,143668711,20,83
2734536567,1,0,1,2547045893,https://doi.org/10.1103/physrevlett.120.048301,2018,article,169,24807848,31,74
3002281830,1,1,0,4378980478,https://doi.org/10.1162/qss_a_00022,2020,article,169,4210195326,17,18
1486263742,1,1,0,2303284028,,1990,article,167,23254222,18,14
3163271954,1,0,1,2913773162,https://doi.org/10.1073/pnas.2005737118,2021,article,166,125754415,17,48
2077586206,1,1,0,3123050710,https://doi.org/10.1007/bf01064262,1981,article,164,255146,13,0
2548781101,1,1,0,2793071066,https://doi.org/10.1371/journal.pbio.1002573,2016,article,161,154343897,18,53
3091513613,1,0,1,2913773162,https://doi.org/10.1371/journal.pcbi.1008210,2020,editorial,160,86033158,33,28
4255910556,1,1,0,2913773162,https://doi.org/10.1007/bf02448034,1920,article,160,44783556,31,0
2021463916,1,1,0,2072576647,https://doi.org/10.1899/08-146.1,2009,article,160,81067756,23,52
1658345176,1,1,0,3123050710,https://doi.org/10.1063/1.2435652,2006,article,159,180907581,33,0
4385759414,1,0,1,4313545395,https://doi.org/10.3390/inventions8040103,2023,article,159,4210172385,22,225
2033745439,1,1,0,2793071066,https://doi.org/10.1016/j.joi.2009.03.001,2009,article,158,205292342,31,56
2141691039,1,1,0,2059615831,https://doi.org/10.1504/ijtm.2001.002972,2001,article,158,171720814,20,36
2102145901,1,1,0,2059615831,https://doi.org/10.1111/j.1468-2257.2004.00259.x,2004,article,158,100141487,14,153
2095330575,1,1,0,2059615831,https://doi.org/10.1080/09595237600185431,1976,article,154,175672440,14,38
2985420014,1,0,1,2066752129,https://doi.org/10.1007/978-3-030-02511-3_10,2019,book-chapter,153,4210224236,18,257
4229909869,1,1,0,3123050710,https://doi.org/10.5860/choice.43-1628,2005,article,153,2764375719,33,0
4304187829,1,0,1,2066752129,https://doi.org/10.1007/s11187-022-00698-3,2022,article,152,41869786,20,136
4301379772,1,1,0,2808505390,https://doi.org/10.2307/2074119,1989,article,151,4789869,28,0
2080099271,1,1,0,2808505390,https://doi.org/10.1145/1555400.1555408,2009,article,151,,18,30
2779231960,1,1,0,4313545395,https://doi.org/10.1016/j.joi.2018.01.002,2018,article,150,205292342,18,150
2072746611,1,1,0,2303284028,https://doi.org/10.1162/003465303765299864,2003,article,149,180061323,14,40
2027880518,1,1,0,4313545395,https://doi.org/10.1007/bf02017571,1991,article,149,148561398,18,8
2884288553,1,1,0,4378980478,https://doi.org/10.1073/pnas.1800615115,2018,article,149,125754415,33,20
1529732113,1,1,0,2072576647,https://doi.org/10.1127/lr/11/1999/261,1999,article,148,67052599,23,0
2993670251,1,1,0,4378980478,https://doi.org/10.3389/fdata.2019.00045,2019,review,147,4210201220,18,40
2094011140,1,1,0,2059615831,https://doi.org/10.1093/oxrep/16.3.90,2000,review,147,106098198,14,57
2116489627,1,1,0,2303284028,https://doi.org/10.1016/j.respol.2014.04.007,2014,article,146,9731383,22,84
2555315083,1,0,1,2066752129,https://doi.org/10.1371/journal.pone.0166149,2016,article,146,202381698,18,32
2888817066,1,0,1,2547045893,https://doi.org/10.1073/pnas.1800083115,2018,article,146,125754415,28,88
2769315101,1,1,0,4378980478,https://doi.org/10.1080/00345334.1980.11756595,1980,article,146,2764763442,18,2
3023903873,1,0,1,2793071066,https://doi.org/10.1007/s11192-020-03464-y,2020,article,144,148561398,18,213
2191720934,1,0,1,2066752129,https://doi.org/10.1016/j.joi.2015.09.003,2015,article,144,205292342,18,87
2167919917,1,1,0,2793071066,https://doi.org/10.1016/s0140-6736(97)11129-1,1998,review,143,49861241,18,100
2757298325,1,0,1,2066752129,https://doi.org/10.1093/qje/qjx046,2017,article,142,203860005,20,91
2029437810,1,1,0,2808505390,https://doi.org/10.1037/a0025951,2011,article,142,79587319,20,48
2094679307,1,1,0,2793071066,https://doi.org/10.1177/016224398501000309,1985,article,141,2181421,18,12
2805607506,1,0,1,2066752129,https://doi.org/10.5465/amj.2016.0942,2018,article,139,117778295,32,126
2022121550,1,1,0,2793071066,https://doi.org/10.2139/ssrn.608702,2004,article,139,4210172589,20,36
2142966375,1,1,0,2059615831,https://doi.org/10.1093/oep/gpp010,2009,article,139,26073974,20,82
2959453623,1,0,1,2793071066,https://doi.org/10.1007/s42532-019-00018-2,2019,article,138,4210223094,18,54
4288457740,1,0,1,2793071066,https://doi.org/10.1016/j.eswa.2022.118221,2022,article,138,13144211,17,153
2785722028,1,0,1,2066752129,https://doi.org/10.1098/rstb.2017.0062,2018,article,138,91660768,33,70
2232112412,1,0,1,2066752129,https://doi.org/10.1016/j.joi.2016.02.005,2016,article,138,205292342,18,54
1980233487,1,1,0,4313545395,https://doi.org/10.1016/j.joi.2015.01.006,2015,article,137,205292342,18,51
2007341732,1,1,0,3201257425,https://doi.org/10.1353/jhe.0.0041,2009,article,136,71326023,33,70
2063626260,1,1,0,2793071066,https://doi.org/10.1038/srep01069,2013,article,136,196734849,31,50
4386831162,1,0,1,4313545395,https://doi.org/10.1590/1806-9282.20230560,2023,review,135,11235429,27,19
2101579108,1,1,0,2808505390,https://doi.org/10.2139/ssrn.686604,2010,article,135,4210172589,20,53
2775747480,1,0,1,2066752129,https://doi.org/10.1177/1745691617697078,2017,article,134,27228949,32,45
1978700375,1,1,0,2913773162,https://doi.org/10.1038/nbt.2495,2013,letter,134,106963461,22,25
2593672369,1,0,1,2066752129,https://doi.org/10.1016/j.joi.2017.02.007,2017,article,133,205292342,18,93
4367048273,1,0,1,2793071066,https://doi.org/10.1177/15291006231163179,2023,review,133,4394735540,33,283
2915612428,1,0,1,2547045893,https://doi.org/10.1016/j.joi.2019.01.010,2019,article,133,205292342,18,46
2904801760,1,0,1,2547045893,https://doi.org/10.1073/pnas.1800471115,2018,article,132,125754415,27,31
1851795978,1,1,0,3123050710,https://doi.org/10.1016/j.respol.2015.09.001,2015,article,130,9731383,18,41
2896585721,1,0,1,2303284028,https://doi.org/10.1016/j.joi.2018.09.007,2018,article,130,205292342,18,73
3118796057,1,1,0,4378980478,https://doi.org/10.1126/science.abe3084,2021,article,129,3880285,36,15
1986534314,1,1,0,2059615831,https://doi.org/10.1007/s10290-011-0094-x,2011,article,128,78091837,20,63
2914356797,1,0,1,2066752129,https://doi.org/10.3389/fpsyg.2019.00112,2019,article,128,9692511,33,107
3033797387,1,0,1,3123050710,https://doi.org/10.1126/sciadv.aaz4868,2020,article,128,2737427234,33,41
2912235763,1,0,1,2066752129,https://doi.org/10.1177/0149206319827088,2019,review,128,122767448,32,109
4211227646,1,0,1,3123050710,https://doi.org/10.1017/9781108762519,2020,book,127,4306462995,33,1034
3005314780,1,0,1,2793071066,https://doi.org/10.1093/biosci/biz167,2019,article,127,121830084,33,65
2511081032,1,0,1,2066752129,https://doi.org/10.1287/mksc.2016.0994,2016,article,126,163534328,17,45
2035064966,1,1,0,2913773162,https://doi.org/10.1126/science.1252743,2014,article,126,3880285,18,27
3203842599,1,0,1,2303284028,https://doi.org/10.1016/j.respol.2021.104376,2021,article,126,9731383,14,81
2949884440,1,0,1,2793071066,https://doi.org/10.1371/journal.pone.0218309,2019,article,125,202381698,18,106
2162844216,1,1,0,3123050710,https://doi.org/10.1023/a:1016078331752,2002,article,125,148561398,18,19
4206127007,1,0,1,3123050710,https://doi.org/10.1787/0f8bd468-en,2021,report,124,4210170535,36,48
4368618104,1,0,1,4313545395,https://doi.org/10.1016/j.techfore.2023.122588,2023,article,123,39307421,33,340
2974391029,1,0,1,2066752129,https://doi.org/10.1177/1741143219859002,2019,article,121,185116427,33,71
4292079670,1,0,1,3123050710,https://doi.org/10.1098/rsos.220334,2022,article,120,2737558550,18,68
2893667345,1,0,1,2303284028,https://doi.org/10.1016/j.joi.2018.09.004,2018,article,120,205292342,31,62
3031940997,1,0,1,2913773162,https://doi.org/10.1016/j.respol.2020.103987,2020,article,120,9731383,14,110
2967123115,1,0,1,2793071066,https://doi.org/10.1038/s41467-019-09959-4,2019,article,119,64187185,33,69
2011691843,1,0,1,2066752129,https://doi.org/10.1038/514561a,2014,article,119,137773608,18,7
2049570184,1,1,0,2059615831,https://doi.org/10.1093/jeg/lbu035,2014,article,119,46039370,20,113
3125104456,1,1,0,2066752129,,2007,article,119,4210172589,18,0
4300690154,1,0,1,2913773162,https://doi.org/10.1177/17456916221082970,2022,article,119,27228949,18,97
4310337193,1,0,1,2066752129,https://doi.org/10.1371/journal.pone.0278043,2022,article,118,202381698,18,90
2787448179,1,0,1,2303284028,https://doi.org/10.1287/orsc.2017.1165,2018,article,118,206124708,14,82
2519860742,1,1,0,2808505390,https://doi.org/10.1007/s11192-016-2125-9,2016,article,117,148561398,18,28
2052160861,1,1,0,2808505390,https://doi.org/10.1371/journal.pone.0024532,2011,article,117,202381698,20,19
2995437101,1,0,1,3123050710,https://doi.org/10.1126/sciadv.aay7323,2019,article,116,2737427234,14,37
2608433037,1,0,1,2547045893,https://doi.org/10.1142/s0219525917500114,2017,article,116,107361000,18,54
3209152084,1,0,1,2059615831,https://doi.org/10.1016/j.respol.2021.104405,2021,article,116,9731383,20,105
2138170489,1,1,0,2547045893,https://doi.org/10.1038/embor.2009.74,2009,letter,115,57252141,18,11
3192760666,1,0,1,2066752129,https://doi.org/10.1002/smj.3329,2021,article,115,102949365,32,103
2999730974,1,0,1,2303284028,https://doi.org/10.1257/app.20180361,2020,article,115,42893225,14,32
2580740429,1,0,1,2059615831,https://doi.org/10.1080/00343404.2016.1262016,2017,article,115,175672440,20,110
2088626123,1,1,0,2793071066,https://doi.org/10.1038/490326a,2012,article,115,137773608,27,0
2963370915,1,1,0,3201257425,https://doi.org/10.1609/aaai.v32i1.11894,2018,article,115,,28,11
4287512175,1,0,1,2793071066,https://doi.org/10.1038/s43588-022-00281-6,2022,article,115,4210228084,31,45
3122464059,1,1,0,2808505390,https://doi.org/10.1287/mnsc.2017.2804,2017,article,114,33323087,20,39
4234594696,1,1,0,2913773162,https://doi.org/10.1007/bf01574580,1922,article,113,44783556,33,0
2884807317,1,0,1,2066752129,https://doi.org/10.1287/orsc.2018.1216,2018,article,113,206124708,14,84
2940864279,1,0,1,2059615831,https://doi.org/10.1080/00343404.2019.1596254,2019,article,112,175672440,20,57
4220929870,1,0,1,2059615831,https://doi.org/10.1016/j.technovation.2022.102512,2022,article,112,70698675,14,84
2970662515,1,0,1,3123050710,https://doi.org/10.1162/qss_a_00002,2019,article,112,4210195326,36,82
2605839703,1,0,1,2547045893,https://doi.org/10.1007/s11192-017-2388-9,2017,article,111,148561398,31,39
2117289768,1,1,0,2303284028,https://doi.org/10.1002/jae.1086,2009,article,110,85739584,14,51
890714660,1,1,0,2793071066,https://doi.org/10.1016/j.respol.2015.04.010,2015,article,110,9731383,18,126
2990898015,1,0,1,2066752129,https://doi.org/10.1073/pnas.2002923118,2021,article,109,125754415,33,115
4240360328,1,1,0,3201257425,https://doi.org/10.1080/00221546.2009.11772139,2009,article,108,71326023,14,60
1494096627,1,1,0,2059615831,https://doi.org/10.1111/j.1435-5957.2009.00225.x,2009,article,108,101788309,14,89
1658988635,1,1,0,2793071066,https://doi.org/10.1126/science.1067477,2001,article,108,3880285,33,3
4388473546,1,0,1,2793071066,https://doi.org/10.1016/j.physrep.2023.10.005,2023,article,108,48633963,17,566
3183213099,1,0,1,2059615831,https://doi.org/10.1016/j.respol.2021.104323,2021,article,108,9731383,20,92
1982765187,1,1,0,3123050710,https://doi.org/10.1016/j.joi.2013.11.005,2013,article,108,205292342,18,27
1994949463,1,1,0,2303284028,https://doi.org/10.1007/s11024-007-9034-2,2007,article,108,205537954,18,0
2947863870,1,0,1,2066752129,https://doi.org/10.1016/j.respol.2019.05.008,2019,article,107,9731383,18,104
2613126601,1,0,1,2066752129,https://doi.org/10.1007/s11192-017-2528-2,2017,article,107,148561398,18,88
3129603164,1,0,1,2066752129,https://doi.org/10.1016/j.knosys.2021.106873,2021,article,106,10169007,22,96
3013847853,1,0,1,2547045893,https://doi.org/10.1007/s41060-020-00213-5,2020,article,106,4210195017,33,185
2792066999,1,0,1,2066752129,https://doi.org/10.1038/s41562-018-0308-5,2018,review,105,2764866340,32,76
1975053417,1,1,0,2913773162,https://doi.org/10.1037/xlm0000037,2014,article,105,18666220,28,40
3123296054,1,1,0,2059615831,https://doi.org/10.1111/j.1467-9442.2009.01591.x,2009,article,105,165253824,20,21
2963865882,1,1,0,3201257425,https://doi.org/10.1038/s41467-019-11260-3,2019,article,105,64187185,25,42
2412621597,1,0,1,2066752129,https://doi.org/10.1038/nrneurol.2016.84,2016,review,105,22232893,13,260
2764329006,1,0,1,2066752129,https://doi.org/10.1016/j.respol.2017.07.001,2017,article,102,9731383,18,87
2121203651,1,1,0,2072576647,https://doi.org/10.1139/f05-201,2006,article,102,57183551,23,81
2071931795,1,1,0,2913773162,https://doi.org/10.1108/lodj.1999.02220aae.001,1999,article,102,4210189271,14,0
3217616488,1,0,1,2913773162,https://doi.org/10.1016/j.habitatint.2021.102490,2021,article,101,4210229294,20,89
1541089782,1,1,0,2793071066,https://doi.org/10.1016/j.joi.2015.06.005,2015,article,101,205292342,18,41
2753230830,1,0,1,2066752129,https://doi.org/10.17705/1jais.00500,2018,article,101,30879505,33,81
2788432705,1,0,1,2547045893,https://doi.org/10.1142/s0219525918500145,2018,article,101,107361000,20,55
3102109132,1,1,0,2547045893,,2013,article,101,,18,31
3023516546,1,0,1,2793071066,https://doi.org/10.1073/pnas.1909046117,2020,article,101,125754415,17,58
2295508865,1,1,0,4378980478,https://doi.org/10.1609/aimag.v36i3.2601,2015,article,100,163019073,17,42
2926615310,1,0,1,2913773162,https://doi.org/10.1146/annurev-statistics-031219-041104,2019,article,100,4210217375,18,194
2802211803,1,1,0,3123050710,https://doi.org/10.2307/40089223,1950,article,100,4210172978,12,0
2578906640,1,0,1,2066752129,https://doi.org/10.1287/mnsc.2017.2789,2017,article,99,33323087,14,43
2070136598,1,1,0,2547045893,https://doi.org/10.1007/s11192-007-1868-8,2008,article,99,148561398,31,25
2949136612,1,1,0,3123050710,https://doi.org/10.1002/asi.21244,2009,article,99,80113298,18,28
2969916750,1,0,1,3123050710,https://doi.org/10.1016/j.respol.2019.103831,2019,article,98,9731383,18,128
2600593726,1,0,1,2066752129,https://doi.org/10.1038/s41562-017-0079,2017,article,98,2764866340,33,37
1541887175,1,1,0,2547045893,https://doi.org/10.1038/35078161,2001,article,98,137773608,31,1
3157382227,1,0,1,2303284028,https://doi.org/10.1257/jep.35.2.191,2021,article,97,72880728,14,26
2156218521,1,1,0,2059615831,https://doi.org/10.1111/pirs.12095,2015,article,97,101788309,20,101
3175130084,1,0,1,2793071066,https://doi.org/10.1007/s11192-021-04077-9,2021,article,97,148561398,18,50
2137578331,1,1,0,2913773162,https://doi.org/10.1177/1046496413479674,2013,article,96,133913429,32,63
4389917421,1,0,1,3123050710,https://doi.org/10.34133/icomputing.0076,2023,article,96,4387281904,32,98
2994907129,1,1,0,2808505390,,2012,article,95,4306400425,31,21
1993817487,1,1,0,2808505390,https://doi.org/10.2202/1559-0410.1198,2010,article,95,78466176,20,9
3015095120,1,0,1,2913773162,https://doi.org/10.1523/jneurosci.1179-22.2022,2023,article,95,5555990,28,233
4211202729,1,0,1,2066752129,https://doi.org/10.1016/j.techfore.2022.121559,2022,article,94,39307421,14,143
2967647151,1,0,1,2793071066,https://doi.org/10.1080/09588221.2019.1647251,2019,article,93,100649693,17,123
4391521004,1,0,1,4313545395,https://doi.org/10.1016/j.ijinfomgt.2023.102750,2024,article,92,189354248,14,232
2610002097,1,0,1,2066752129,https://doi.org/10.1145/3097983.3098016,2017,article,91,,18,31
3016405606,1,0,1,2066752129,https://doi.org/10.1146/annurev-soc-121919-054833,2020,article,91,61274580,32,164
971187268,1,0,1,2059615831,https://doi.org/10.1016/j.sbspro.2015.06.469,2015,article,91,104917558,20,28
1982189541,1,1,0,2793071066,https://doi.org/10.1016/j.respol.2013.08.017,2013,article,91,9731383,17,56
3122012381,1,1,0,2059615831,,2004,article,91,4306520637,20,0
4283261413,1,0,1,2793071066,https://doi.org/10.1103/revmodphys.94.025007,2022,article,90,73260565,17,251
2782656361,1,0,1,2059615831,https://doi.org/10.1093/jeg/lbaa010,2020,article,90,46039370,14,82
4224047978,1,0,1,2547045893,https://doi.org/10.1080/10400419.2022.2059919,2022,article,89,9211381,32,164
2048848238,1,1,0,3201257425,https://doi.org/10.1002/mar.20280,2009,article,89,102896891,20,94
2008833953,1,1,0,2059615831,https://doi.org/10.1080/10438590701407349,2008,article,89,192056284,20,91
4398232810,1,0,1,2066752129,https://doi.org/10.1007/s11214-024-01070-5,2024,article,89,10873449,31,113
3087704451,1,0,1,2913773162,https://doi.org/10.1073/pnas.1921320117,2020,article,89,125754415,33,119
3104426032,1,0,1,2793071066,https://doi.org/10.5445/ir/1000123311,2020,article,89,4306401992,17,186
2068844935,1,1,0,2547045893,https://doi.org/10.1016/j.joi.2013.09.002,2013,article,88,205292342,18,25
4402713326,1,0,1,2913773162,https://doi.org/10.1038/s41562-024-01959-9,2024,review,88,2764866340,17,172
3191463694,1,0,1,2793071066,https://doi.org/10.1371/journal.pone.0254988,2021,article,88,202381698,36,77
2125810311,1,1,0,2793071066,https://doi.org/10.1002/asi.21671,2011,article,88,80113298,18,9
4299510085,1,1,0,3201257425,https://doi.org/10.48550/arxiv.1706.07068,2017,preprint,88,4306400194,17,0
2985492301,1,0,1,2066752129,https://doi.org/10.1287/orsc.2019.1308,2020,article,87,206124708,23,49
915745573,1,0,1,2066752129,https://doi.org/10.1016/j.respol.2015.05.007,2015,article,87,9731383,18,94
2116960027,1,1,0,2303284028,https://doi.org/10.1287/mnsc.1090.1027,2009,article,86,33323087,20,59
4220734792,1,0,1,2793071066,https://doi.org/10.1007/s11192-022-04300-1,2022,article,85,148561398,18,78
3135017631,1,0,1,2913773162,https://doi.org/10.1021/acs.jchemed.0c01363,2021,article,85,105208853,18,249
3097010852,1,1,0,4378980478,https://doi.org/10.2139/ssrn.3712813,2020,article,84,4210172589,33,26
2892860632,1,0,1,2793071066,https://doi.org/10.1098/rsif.2018.0580,2018,article,84,129150467,20,66
4318577410,1,0,1,2066752129,https://doi.org/10.1073/pnas.2208863120,2023,article,84,125754415,18,66
2136277708,1,1,0,2913773162,https://doi.org/10.1177/0956797611429132,2012,article,84,58854535,32,31
2157983719,1,1,0,2066752129,https://doi.org/10.1287/orsc.1100.0637,2011,article,84,206124708,14,95
2906370785,1,0,1,2059615831,https://doi.org/10.1080/00130095.2020.1721279,2020,article,83,38825547,14,79
2915156466,1,0,1,3123050710,https://doi.org/10.1016/j.cpa.2019.02.003,2019,article,83,66510378,14,137
3214905027,1,0,1,2793071066,https://doi.org/10.3390/s21237803,2021,article,83,101949793,23,144
4311421694,1,0,1,3123050710,https://doi.org/10.1016/j.neubiorev.2022.104979,2022,review,81,170052170,27,118
2995185148,1,0,1,2913773162,https://doi.org/10.1007/s11192-020-03348-1,2020,article,81,148561398,14,26
2487443737,1,0,1,2793071066,https://doi.org/10.1016/j.joi.2018.06.005,2018,article,81,205292342,18,63
1553101025,1,1,0,2793071066,https://doi.org/10.1162/rest_a_00472,2014,article,80,180061323,20,13
3037093653,1,0,1,2793071066,https://doi.org/10.1007/s11192-020-03576-5,2020,article,80,148561398,18,63
3170253459,1,0,1,2913773162,https://doi.org/10.1038/d41586-021-01570-2,2021,article,80,137773608,27,8
2972542348,1,0,1,2066752129,https://doi.org/10.1002/smj.3091,2019,article,80,102949365,33,85
2516558582,1,0,1,2059615831,https://doi.org/10.1080/1226508x.2016.1218294,2016,article,80,47824075,14,66
4237604845,1,1,0,2303284028,https://doi.org/10.7208/chicago/9780226306261.001.0001,2007,book,79,,22,0
2044186656,1,1,0,2547045893,https://doi.org/10.1038/441792b,2006,article,79,137773608,18,1
3135907907,1,0,1,2066752129,https://doi.org/10.1287/orsc.2021.1455,2022,article,78,4306402579,14,139
2895901222,1,0,1,2303284028,https://doi.org/10.1111/joms.12424,2018,article,78,151705444,14,105
3047000938,1,0,1,2066752129,https://doi.org/10.1002/smj.3256,2020,article,78,102949365,14,78
2173130871,1,1,0,2793071066,https://doi.org/10.3145/epi.2015.sep.09,2015,article,78,180455664,18,107
4405412293,1,0,1,4313545395,https://doi.org/10.1016/j.techfore.2024.123833,2024,article,78,39307421,18,152
2028018231,1,1,0,2793071066,https://doi.org/10.15265/iy-2014-0002,2014,article,77,4210231870,36,44
2411035889,1,0,1,2066752129,https://doi.org/10.1515/jdis-2017-0019,2017,article,77,2764801193,12,88
3080474460,1,0,1,2913773162,https://doi.org/10.1002/smj.3230,2020,article,76,102949365,17,195
4281262271,1,0,1,2059615831,https://doi.org/10.1016/j.jce.2022.05.005,2022,article,76,138645024,20,56
2187587692,1,1,0,2793071066,https://doi.org/10.3145/epi.2015.sep.08,2015,article,76,180455664,17,176
2930018783,1,0,1,3123050710,https://doi.org/10.1016/j.dss.2019.03.010,2019,article,76,11479521,22,61
2862477462,1,0,1,2547045893,https://doi.org/10.1016/j.joi.2018.06.006,2018,article,76,205292342,18,86
2935051602,1,1,0,4378980478,https://doi.org/10.1162/dint_a_00006,2019,article,76,4210186383,31,30
2512925182,1,0,1,2066752129,https://doi.org/10.1007/s11192-016-2111-2,2016,article,76,148561398,18,62
3175897018,1,0,1,2066752129,https://doi.org/10.1073/pnas.2011695118,2021,article,76,125754415,17,63
2083001791,1,1,0,2072576647,https://doi.org/10.1086/681302,2015,article,76,2490919458,23,90
2553813043,1,0,1,2066752129,https://doi.org/10.1287/orsc.2016.1106,2017,article,75,206124708,14,78
2150692266,1,1,0,2808505390,https://doi.org/10.1016/j.cognition.2014.01.002,2014,article,75,88198767,20,13
2275021452,1,0,1,2059615831,https://doi.org/10.1080/00130095.2016.1179570,2016,article,75,38825547,14,125
2016550186,1,1,0,2303284028,https://doi.org/10.1093/icc/dtr040,2011,article,75,145507837,20,34
1878016703,1,1,0,2808505390,https://doi.org/10.1080/09332480.1989.10554950,1989,article,75,121438726,20,2
2473242869,1,1,0,3201257425,https://doi.org/10.1073/pnas.1603723113,2016,article,75,125754415,33,54
3005588140,1,0,1,2793071066,https://doi.org/10.1007/s00799-020-00288-2,2020,article,75,110615584,17,139
3003960018,1,0,1,2913773162,https://doi.org/10.3145/epi.2020.ene.02,2020,review,75,180455664,14,158
2729801350,1,0,1,2066752129,https://doi.org/10.1002/jee.20168,2017,article,74,73400788,22,12
3011747784,1,0,1,2059615831,,2018,article,74,4306401271,20,95
2809090948,1,0,1,2547045893,https://doi.org/10.1096/fj.201800639,2018,article,74,25293849,33,20
4250106230,1,0,1,2066752129,https://doi.org/10.1093/acprof:oso/9780198758839.001.0001,2016,book,74,,17,233
3156004697,1,0,1,2059615831,https://doi.org/10.3390/world2020014,2021,article,74,4210212964,14,174
3013794879,1,1,0,4378980478,https://doi.org/10.1162/qss_a_00035,2020,article,74,4306402579,31,36
1669557367,1,1,0,2066752129,https://doi.org/10.1177/002182867000100203,1970,article,73,147718537,26,8
2056027589,1,1,0,2059615831,https://doi.org/10.1080/00343400500450091,2006,article,73,175672440,20,81
2055715892,1,1,0,2072576647,https://doi.org/10.1086/681093,2015,article,73,2490919458,23,38
2261335618,1,0,1,2066752129,https://doi.org/10.1093/ej/ueaa111,2020,article,73,45992627,20,63
2994874130,1,0,1,2793071066,https://doi.org/10.1162/qss_a_00014,2019,article,73,4210195326,13,43
4297231413,1,0,1,2913773162,https://doi.org/10.1016/j.tics.2022.08.009,2022,review,73,192051125,31,166
2344286452,1,0,1,2066752129,https://doi.org/10.1109/tbdata.2016.2521657,2016,article,73,2491400915,18,42
4309305981,1,0,1,2913773162,https://doi.org/10.1126/sciadv.abq7056,2022,article,73,2737427234,18,42
3092698280,1,0,1,2547045893,https://doi.org/10.1073/pnas.2006653117,2020,article,73,125754415,32,59
2887488392,1,0,1,2066752129,https://doi.org/10.1016/j.respol.2018.07.021,2018,article,72,9731383,18,45
2275153611,1,0,1,2066752129,https://doi.org/10.2139/ssrn.2710572,2015,article,72,4210172589,18,26
2308397208,1,0,1,2059615831,https://doi.org/10.1061/(asce)me.1943-5479.0000439,2016,article,72,144495243,22,41
4292560495,1,0,1,2793071066,https://doi.org/10.1007/s11192-022-04486-4,2022,article,71,148561398,18,60
2230582863,1,1,0,2793071066,https://doi.org/10.1016/j.joi.2015.12.007,2016,article,71,205292342,18,45
3197244229,1,0,1,2547045893,https://doi.org/10.7554/elife.71712,2021,article,71,1336409049,27,12
2911926823,1,0,1,2793071066,https://doi.org/10.1145/3308558.3313700,2019,preprint,71,,17,33
4313555553,1,0,1,2913773162,https://doi.org/10.1126/science.abq1218,2023,article,70,3880285,18,41
2623389180,1,0,1,2066752129,https://doi.org/10.1093/biosci/bix053,2017,article,70,121830084,18,42
2147266697,1,0,1,2066752129,https://doi.org/10.1002/ejsp.2016,2014,article,70,10288104,33,98
3130879909,1,0,1,2547045893,https://doi.org/10.1016/j.joi.2020.101128,2021,article,69,205292342,18,163
2945268375,1,0,1,2793071066,https://doi.org/10.1016/j.ijhcs.2019.05.009,2019,article,69,4210190811,17,76
2119205507,1,1,0,2808505390,https://doi.org/10.1080/13546780600717244,2006,article,69,177321595,20,65
2490321569,1,0,1,2066752129,https://doi.org/10.1103/physreve.95.012324,2017,article,69,4210235286,31,93
4310854750,1,0,1,2066752129,https://doi.org/10.1016/j.respol.2022.104609,2022,article,69,9731383,18,108
2543990039,1,0,1,2066752129,https://doi.org/10.1007/s40309-016-0087-z,2016,article,69,2737130822,33,64
4289847444,1,0,1,3123050710,https://doi.org/10.1016/j.respol.2022.104608,2022,article,68,9731383,18,141
3099590560,1,1,0,2808505390,,2008,article,68,,18,0
2905149812,1,0,1,2547045893,https://doi.org/10.1097/acm.0000000000002543,2018,article,68,19793444,32,15
2108789206,1,1,0,2808505390,https://doi.org/10.1016/j.jebo.2015.06.020,2015,article,68,62201805,20,35
2620774009,1,0,1,2547045893,https://doi.org/10.1371/journal.pone.0178074,2017,article,68,202381698,18,42
2990649609,1,1,0,4378980478,https://doi.org/10.1177/0165551519888605,2019,review,68,68913162,18,62
3211824650,1,1,0,4378980478,https://doi.org/10.1016/s0733-8619(02)00007-5,2002,review,67,62844684,28,94
2061926936,1,1,0,2059615831,https://doi.org/10.1093/cje/26.1.1,2002,article,67,67103694,14,95
4210988752,1,0,1,2793071066,https://doi.org/10.1109/tnnls.2022.3145092,2022,article,67,4210175523,17,62
3121676837,1,0,1,2793071066,https://doi.org/10.1007/s11160-020-09628-6,2021,article,67,140103977,23,152
1643249273,1,1,0,2913773162,https://doi.org/10.1098/rsos.160007,2016,article,66,2737558550,32,80
4353089587,1,0,1,2303284028,https://doi.org/10.1002/smj.3499,2023,article,66,102949365,14,53
2426938035,1,0,1,2066752129,https://doi.org/10.1007/s11192-016-2107-y,2016,article,66,148561398,14,51
2321496108,1,1,0,2303284028,https://doi.org/10.2307/2097628,1958,article,66,99067594,21,0
3170886182,1,0,1,2913773162,https://doi.org/10.1016/j.techfore.2021.120894,2021,article,66,39307421,17,130
2073969957,1,1,0,2808505390,https://doi.org/10.3758/bf03196542,2003,article,65,138679565,20,12
4311173162,1,0,1,2913773162,https://doi.org/10.1016/j.respol.2022.104698,2022,article,65,9731383,33,139
2084561173,1,1,0,2072576647,https://doi.org/10.1086/681252,2015,article,65,2490919458,23,48
1965529909,1,1,0,2303284028,https://doi.org/10.1093/icc/dth068,2005,article,64,145507837,20,0
4390545914,1,0,1,2913773162,https://doi.org/10.1038/s43246-023-00441-9,2024,article,64,4210233566,22,47
2070500613,1,1,0,2072576647,https://doi.org/10.1899/09-058.1,2010,article,64,81067756,23,71
2038053471,1,1,0,2072576647,https://doi.org/10.1086/681086,2015,article,64,2490919458,23,63
2921957626,1,0,1,2547045893,https://doi.org/10.1103/physrevlett.124.248301,2020,article,64,24807848,31,43
2995742707,1,0,1,3123050710,https://doi.org/10.1162/qss_a_00016,2019,article,63,4210195326,18,106
4367846789,1,0,1,4313545395,https://doi.org/10.1116/6.0002437,2023,article,63,4210190837,25,76
2223028523,1,1,0,2793071066,https://doi.org/10.1038/nbt.3276,2015,article,63,106963461,20,10
4389165073,1,0,1,2066752129,https://doi.org/10.1073/pnas.2309350120,2023,article,63,125754415,17,31
4376602130,1,0,1,2793071066,https://doi.org/10.1016/j.ipm.2023.103385,2023,article,63,174847851,18,78
4220993697,1,0,1,2303284028,https://doi.org/10.1287/mnsc.2022.4362,2022,article,63,33323087,20,41
2900589879,1,0,1,2793071066,https://doi.org/10.1093/reseval/rvy030,2018,article,62,16793705,18,118
4403300449,1,0,1,2913773162,https://doi.org/10.1016/j.patter.2024.101074,2024,review,62,4210198061,33,264
4220836094,1,0,1,3123050710,https://doi.org/10.1016/j.ijinfomgt.2022.102506,2022,article,62,189354248,17,188
2795885994,1,0,1,2066752129,https://doi.org/10.1007/s11077-018-9316-6,2018,article,61,197895017,14,53
3186268706,1,0,1,2913773162,https://doi.org/10.7861/fhj.2021-0025,2021,article,61,4210167701,20,23
3138838551,1,0,1,2066752129,https://doi.org/10.1177/0003122421996323,2021,article,61,157620343,18,90
2588422343,1,0,1,2066752129,https://doi.org/10.1037/apl0000206,2017,review,61,166002381,14,97
1974196570,1,1,0,2303284028,https://doi.org/10.1111/j.1468-0009.2009.00575.x,2009,article,61,1650206,14,22
3022907667,1,0,1,2793071066,https://doi.org/10.1016/j.ssci.2020.104797,2020,article,60,123149298,22,60
2895062415,1,0,1,3123050710,https://doi.org/10.3389/frma.2018.00028,2018,article,60,2596295431,18,22
3043637906,1,0,1,2059615831,https://doi.org/10.1080/00130095.2022.2026766,2022,article,60,38825547,14,75
4392142974,1,0,1,4313545395,https://doi.org/10.1111/joms.13047,2024,review,60,151705444,14,305
4417498005,1,0,1,2913773162,https://doi.org/10.1038/s41562-025-02373-5,2025,article,60,2764866340,31,264
4318905129,1,0,1,2808505390,https://doi.org/10.1145/3544548.3581108,2023,preprint,60,,14,81
1942534910,1,1,0,2793071066,https://doi.org/10.1103/physrevlett.109.098701,2012,article,60,24807848,31,32
2212947330,1,1,0,4378980478,https://doi.org/10.1038/sdata.2017.64,2017,article,60,2607323502,18,32
4313598827,1,0,1,2066752129,https://doi.org/10.1109/tem.2022.3232718,2023,article,60,154533451,20,143
2809958714,1,0,1,2547045893,https://doi.org/10.1007/s11192-018-2824-5,2018,article,59,148561398,18,51
3213563191,1,0,1,2793071066,https://doi.org/10.1038/s41598-021-01801-6,2021,article,59,196734849,18,70
3165310221,1,0,1,2913773162,https://doi.org/10.1057/s41599-021-00789-8,2021,article,58,4210206302,18,51
2615473284,1,0,1,2066752129,https://doi.org/10.1017/s0269888917000042,2017,article,58,137506714,13,162
2911262429,1,0,1,2793071066,https://doi.org/10.1016/j.tifs.2019.01.011,2019,article,58,89023782,11,141
3105907377,1,1,0,2808505390,,2012,article,57,,20,36
2738763945,1,1,0,4378980478,https://doi.org/10.1007/s11192-019-03140-w,2019,article,57,148561398,18,104
3034009801,1,0,1,2793071066,https://doi.org/10.1016/j.cosrev.2020.100267,2020,article,57,73121659,31,68
2736848916,1,0,1,2066752129,https://doi.org/10.1016/j.techfore.2017.07.018,2017,article,57,39307421,14,102
3011681628,1,0,1,2547045893,https://doi.org/10.1098/rsif.2019.0686,2020,article,57,129150467,28,141
2232326093,1,0,1,2066752129,https://doi.org/10.1177/0149206315609402,2015,article,57,122767448,32,59
3011701745,1,0,1,2303284028,https://doi.org/10.1109/tem.2020.2974761,2020,article,57,154533451,14,66
2963913883,1,0,1,2066752129,https://doi.org/10.1016/j.respol.2019.103834,2019,article,57,9731383,18,86
3122221459,1,0,1,3123050710,https://doi.org/10.1111/joes.12415,2021,article,56,124549413,18,128
3103427817,1,1,0,2913773162,https://doi.org/10.3929/ethz-b-000091888,2014,article,56,4306401340,18,33
2100404571,1,1,0,2303284028,https://doi.org/10.1287/orsc.1100.0616,2011,article,56,206124708,20,62
4220656825,1,0,1,2547045893,https://doi.org/10.1038/s41467-022-29256-x,2022,article,56,64187185,31,69
4392109933,1,0,1,4313545395,https://doi.org/10.1177/10564926231219622,2024,article,56,17986141,33,113
3170543343,1,0,1,2793071066,https://doi.org/10.1016/j.techfore.2021.120893,2021,article,56,39307421,22,103
2938198159,1,0,1,2913773162,https://doi.org/10.3354/esr00958,2019,article,56,116285706,23,51
3013824758,1,0,1,2059615831,https://doi.org/10.1057/s42214-020-00052-y,2020,article,55,4210186510,33,103
2600959891,1,1,0,4313545395,https://doi.org/10.1073/pnas.1611748114,2017,article,55,125754415,27,16
2045289948,1,0,1,2066752129,https://doi.org/10.1007/s11192-014-1355-y,2014,article,55,148561398,18,28
3120573025,1,0,1,2066752129,https://doi.org/10.1016/j.techfore.2021.120747,2021,article,55,39307421,14,68
2969485500,1,0,1,2066752129,https://doi.org/10.1111/faf.12399,2019,article,55,103284624,23,50
2566577737,1,0,1,2066752129,https://doi.org/10.1016/j.joi.2016.12.005,2016,article,55,205292342,18,98
2409125103,1,0,1,2066752129,https://doi.org/10.1177/1056492615586597,2015,article,54,17986141,14,135
3123381729,1,1,0,2059615831,https://doi.org/10.1080/13504850600706503,2007,article,54,96544531,14,13
2573294167,1,0,1,2547045893,https://doi.org/10.1098/rsos.160756,2017,review,54,2737558550,23,60
2019443987,1,0,1,2066752129,https://doi.org/10.1371/journal.pone.0094429,2014,article,54,202381698,31,35
3210207445,1,0,1,2793071066,https://doi.org/10.1007/s11192-021-04172-x,2021,article,54,148561398,26,76
4200444649,1,0,1,2066752129,https://doi.org/10.1002/smj.3367,2021,article,54,102949365,14,141
2606121251,1,1,0,2793071066,https://doi.org/10.1126/sciadv.1602232,2017,article,54,2737427234,18,49
3133850939,1,0,1,2066752129,https://doi.org/10.1093/reseval/rvab007,2021,article,54,16793705,18,62
4220899062,1,0,1,2066752129,https://doi.org/10.5465/annals.2020.0210,2022,review,54,27614628,32,194
2941223686,1,0,1,3123050710,https://doi.org/10.1016/j.respol.2019.04.004,2019,article,54,9731383,18,64
4384068848,1,0,1,2913773162,https://doi.org/10.1016/j.chb.2023.107874,2023,article,53,204030396,32,101
3097995379,1,0,1,2066752129,https://doi.org/10.1016/j.technovation.2020.102196,2020,article,53,70698675,14,83
2899292887,1,0,1,2066752129,https://doi.org/10.1038/s41562-018-0460-y,2018,article,53,2764866340,20,43
2728594344,1,0,1,2066752129,https://doi.org/10.1098/rsos.171545,2018,article,53,2737558550,31,66
4384023346,1,0,1,2066752129,https://doi.org/10.1002/smj.3535,2023,article,53,102949365,14,142
4309089854,1,0,1,2793071066,https://doi.org/10.3390/rs14215542,2022,article,53,43295729,19,125
3130382807,1,0,1,3123050710,https://doi.org/10.25300/misq/2021/15434,2021,article,53,57293258,18,146
2746935090,1,0,1,2066752129,https://doi.org/10.1115/1.4037680,2017,article,53,88457320,17,77
2137811660,1,1,0,2913773162,https://doi.org/10.1140/epjds/s13688-014-0011-3,2014,article,53,2504380752,18,18
2800439789,1,0,1,2066752129,https://doi.org/10.1016/j.respol.2018.04.017,2018,article,53,9731383,14,50
2778038465,1,0,1,2066752129,https://doi.org/10.1016/j.shpsa.2017.12.001,2018,article,52,21220828,18,244
3091733389,1,0,1,2066752129,https://doi.org/10.1108/ejim-03-2020-0100,2020,article,52,90149737,33,124
4381549667,1,0,1,2793071066,https://doi.org/10.1126/sciadv.abq4207,2023,review,52,2737427234,23,137
3201856824,1,0,1,2303284028,https://doi.org/10.1016/j.cie.2021.107716,2021,article,52,196821226,14,82
2984541178,1,0,1,2793071066,https://doi.org/10.1002/aelm.201900781,2019,article,52,2765003236,25,36
4389326598,1,0,1,2793071066,https://doi.org/10.1039/d3rp00245d,2023,article,52,165966090,16,136
3122334768,1,0,1,2303284028,https://doi.org/10.3386/w21788,2015,preprint,52,2809516038,18,80
3015015884,1,0,1,2547045893,https://doi.org/10.1371/journal.pone.0230325,2020,article,52,202381698,18,27
960004024,1,1,0,2808505390,https://doi.org/10.2139/ssrn.2627354,2015,article,52,4210172589,18,99
4396802934,1,0,1,2793071066,https://doi.org/10.1057/s41599-024-03044-y,2024,article,52,4210206302,18,101
2022282392,1,0,1,2066752129,https://doi.org/10.1073/pnas.1404649111,2014,article,51,125754415,28,6
7124140759,1,0,1,2793071066,https://doi.org/10.1038/s41586-025-09922-y,2026,article,51,137773608,27,57
1510498019,1,1,0,2303284028,https://doi.org/10.1186/1747-5333-1-7,2006,article,51,103987019,14,34
3208076782,1,0,1,2066752129,https://doi.org/10.1016/j.techfore.2021.121294,2021,article,51,39307421,14,54
2973183454,1,0,1,2303284028,https://doi.org/10.1007/s11192-019-03218-5,2019,article,51,148561398,14,96
4406855515,1,0,1,4313545395,https://doi.org/10.1073/pnas.2401227121,2025,article,51,125754415,17,68
4388303467,1,0,1,2793071066,https://doi.org/10.1007/s11739-023-03447-w,2023,review,51,140847651,18,68
2885616749,1,0,1,2066752129,https://doi.org/10.1016/j.jesp.2018.06.004,2018,article,50,12410666,33,88
3126696589,1,0,1,2059615831,https://doi.org/10.1016/j.ecosys.2021.100865,2021,article,50,206007305,14,116
2806155120,1,0,1,2547045893,https://doi.org/10.1016/j.physrep.2018.05.002,2018,article,50,48633963,31,459
3036894159,1,0,1,2066752129,https://doi.org/10.1089/pop.2020.0119,2020,article,50,115396579,32,16
2748548545,1,0,1,2066752129,https://doi.org/10.1115/1.4037613,2017,article,50,88457320,14,62
2601153696,1,1,0,4313545395,https://doi.org/10.1038/s41467-017-02042-w,2017,article,50,64187185,14,12
2591975457,1,0,1,2303284028,https://doi.org/10.1007/s11192-017-2337-7,2017,article,50,148561398,14,75
3097918897,1,0,1,2547045893,https://doi.org/10.1109/tbdata.2020.3034976,2020,article,50,2491400915,17,56
1776871976,1,1,0,2808505390,https://doi.org/10.2139/ssrn.2450479,2014,article,50,4210172589,20,151
1980154273,1,1,0,4313545395,https://doi.org/10.1086/348155,1952,article,49,192525298,31,0
3012475720,1,0,1,2547045893,https://doi.org/10.1016/j.knosys.2020.105760,2020,article,49,10169007,31,81
4283363996,1,0,1,2303284028,https://doi.org/10.1287/mnsc.2022.4469,2022,article,49,33323087,20,74
2510197999,1,1,0,2793071066,https://doi.org/10.1007/s11192-016-2110-3,2016,article,49,148561398,18,32
2805855635,1,0,1,2066752129,https://doi.org/10.1017/s0890060417000683,2018,article,49,4210193102,32,71
4302406680,1,0,1,2066752129,https://doi.org/10.1145/2684822.2685314,2015,article,49,,31,31
4321465726,1,0,1,2793071066,https://doi.org/10.1016/j.agee.2023.108405,2023,article,49,185297315,23,81
4393254437,1,0,1,3123050710,https://doi.org/10.1016/j.arr.2024.102283,2024,article,49,117312820,27,105
2903972759,1,0,1,2547045893,https://doi.org/10.1073/pnas.1807174115,2017,article,49,125754415,18,22
2038275347,1,1,0,2059615831,https://doi.org/10.1016/j.econlet.2007.07.015,2007,article,49,36178057,20,15
2966501066,1,0,1,2066752129,https://doi.org/10.1115/1.4044399,2019,article,48,88457320,22,54
3032147312,1,0,1,3123050710,https://doi.org/10.1016/j.joi.2020.101047,2020,article,48,205292342,18,63
3153009440,1,0,1,2793071066,https://doi.org/10.1038/s41598-021-87871-y,2021,article,48,196734849,23,48
2043996373,1,1,0,4313545395,https://doi.org/10.1177/0048393109359778,2010,article,48,188481820,12,30
2063580116,1,0,1,2066752129,https://doi.org/10.1016/j.joi.2014.12.006,2015,article,48,205292342,14,100
4322761842,1,0,1,2303284028,https://doi.org/10.1016/j.techfore.2023.122434,2023,article,48,39307421,14,144
2953149813,1,0,1,2066752129,https://doi.org/10.48550/arxiv.1510.06802,2015,preprint,48,4306400194,18,86
3172361188,1,0,1,2059615831,https://doi.org/10.1093/jeg/lbab016,2021,article,48,46039370,20,74
3131116300,1,0,1,2793071066,https://doi.org/10.1007/s11192-020-03821-x,2021,article,48,148561398,18,83
2988258804,1,0,1,2793071066,https://doi.org/10.1111/cobi.13435,2019,article,48,98137347,23,62
2609650890,1,0,1,2066752129,https://doi.org/10.1007/s11192-017-2384-0,2017,article,48,148561398,18,61
2582383738,1,1,0,3201257425,https://doi.org/10.1038/s41562-016-0040,2017,article,48,2764866340,33,33
2894106314,1,0,1,3123050710,https://doi.org/10.1016/j.joi.2019.01.009,2019,article,48,205292342,18,36
4405822361,1,0,1,4313545395,https://doi.org/10.1177/00018392241304403,2024,article,47,143668711,33,50
3137089508,1,0,1,2793071066,https://doi.org/10.1057/s41599-021-00869-9,2021,article,47,4210206302,18,61
3088518011,1,0,1,2066752129,https://doi.org/10.1016/j.respol.2020.104069,2020,article,47,9731383,33,92
4205801596,1,0,1,2793071066,https://doi.org/10.21638/spbu03.2021.404,2021,article,47,4210177096,11,5
3032885335,1,0,1,2066752129,https://doi.org/10.1002/smj.3179,2020,article,47,102949365,33,70
3133680709,1,0,1,2793071066,https://doi.org/10.3390/su13052668,2021,review,47,10134376,14,152
4251806090,1,0,1,2547045893,https://doi.org/10.31235/osf.io/nur8p,2018,preprint,47,,18,43
4362471908,1,0,1,2793071066,https://doi.org/10.1016/j.compind.2023.103908,2023,article,47,60779006,14,166
3126727862,1,0,1,2072576647,https://doi.org/10.1002/lno.11707,2021,review,47,207705515,23,76
1892144023,1,1,0,2808505390,https://doi.org/10.1371/journal.pone.0143108,2015,article,46,202381698,18,59
4318305556,1,0,1,4313545395,https://doi.org/10.1016/j.jhydrol.2023.129177,2023,review,46,55737203,23,138
2586122853,1,0,1,2066752129,https://doi.org/10.1177/1094428117690235,2017,article,46,133599136,14,37
2909417107,1,0,1,2066752129,https://doi.org/10.1147/jrd.2019.2893905,2019,article,46,4210219925,32,63
4303478035,1,0,1,2547045893,https://doi.org/10.1007/s12109-022-09920-2,2022,article,46,16603589,18,15
3112574992,1,0,1,2303284028,https://doi.org/10.1287/stsc.2020.0112,2020,article,46,4210183760,20,67
2486932837,1,1,0,3201257425,https://doi.org/10.1007/978-3-319-24403-7,2016,book,46,4210226652,12,9
3033715508,1,0,1,2793071066,https://doi.org/10.1016/j.joi.2020.101044,2020,article,46,205292342,18,76
2119551670,1,1,0,4378980478,https://doi.org/10.1016/j.cell.2015.09.007,2015,article,46,110447773,12,4
2988826827,1,0,1,2066752129,https://doi.org/10.1145/3359250,2019,article,46,4210183893,17,131
3002519755,1,0,1,2808505390,https://doi.org/10.1080/01605682.2019.1705194,2020,article,46,169988927,20,108
2987769481,1,0,1,2913773162,https://doi.org/10.1029/2019ea000946,2020,article,45,2764679394,33,43
2093637369,1,1,0,2059615831,https://doi.org/10.1111/j.1475-4991.1989.tb00592.x,1989,article,45,174413665,20,15
2115569642,1,1,0,2059615831,https://doi.org/10.1016/s1075-4253(01)00055-2,2002,article,45,960608072,20,55
3184794332,1,0,1,2913773162,https://doi.org/10.3389/fmars.2021.648492,2021,article,45,2596539584,23,62
2799811610,1,0,1,2066752129,https://doi.org/10.1002/ecs2.2206,2018,article,45,98723585,18,38
4367680457,1,0,1,4313545395,https://doi.org/10.21873/cdp.10212,2023,review,45,4210192968,13,74
4408900440,1,0,1,2793071066,https://doi.org/10.3389/fdgth.2025.1557467,2025,review,45,4210170686,36,248
2930078246,1,0,1,2066752129,https://doi.org/10.1037/amp0000445,2019,article,45,80146597,14,57
3086032441,1,0,1,2303284028,https://doi.org/10.1016/j.ijggc.2020.103149,2020,article,45,21262371,22,45
2092379971,1,0,1,2066752129,https://doi.org/10.1371/journal.pone.0108857,2014,article,45,202381698,31,64
3134308439,1,0,1,2066752129,https://doi.org/10.1177/00222429211005481,2021,article,45,142990027,14,40
3014187200,1,0,1,2793071066,https://doi.org/10.1016/j.cosust.2020.03.007,2020,editorial,45,153840704,18,21
4380924907,1,0,1,2913773162,https://doi.org/10.1016/j.technovation.2023.102790,2023,article,45,70698675,20,149
4380302072,1,1,0,4378980478,https://doi.org/10.1609/icwsm.v17i1.22195,2023,article,44,4387284482,33,64
3124069912,1,0,1,2066752129,https://doi.org/10.1093/oep/gpaa034,2020,article,44,26073974,20,43
2774864989,1,0,1,2066752129,https://doi.org/10.1007/s11192-017-2599-0,2017,article,44,148561398,18,51
3014766490,1,0,1,2793071066,https://doi.org/10.3390/su12072802,2020,article,44,10134376,23,88
4289333461,1,0,1,2059615831,https://doi.org/10.1057/s41599-022-01274-6,2022,article,44,4210206302,14,38
2132322078,1,1,0,2793071066,https://doi.org/10.1177/0003122412463574,2012,article,44,157620343,31,37
4388704277,1,0,1,2793071066,https://doi.org/10.1177/01492063231212416,2023,article,44,122767448,17,173
2980994818,1,0,1,2059615831,https://doi.org/10.1080/00130095.2019.1665465,2019,article,44,38825547,14,65
1495907886,1,0,1,2066752129,https://doi.org/10.1007/s11192-015-1796-y,2015,article,44,148561398,18,18
4285005855,1,0,1,2793071066,https://doi.org/10.1016/j.isci.2022.104735,2022,article,44,2898358376,23,69
2797885354,1,0,1,2547045893,https://doi.org/10.1080/08989621.2018.1463162,2018,article,44,36233454,33,34
2611983139,1,0,1,2066752129,https://doi.org/10.1016/j.respol.2019.103811,2019,article,44,9731383,33,118
4392059563,1,0,1,2793071066,https://doi.org/10.1016/j.heliyon.2024.e26686,2024,article,43,2898612692,20,64
2940131422,1,0,1,2793071066,https://doi.org/10.1002/celc.201900426,2019,article,43,4210214564,22,29
2788725334,1,0,1,2547045893,https://doi.org/10.1145/3178876.3186152,2018,article,43,,17,38
4206956225,1,0,1,2793071066,https://doi.org/10.1007/s11356-022-18491-w,2022,article,43,87561820,23,64
4297349368,1,0,1,2793071066,https://doi.org/10.3390/en15197068,2022,review,43,198098182,20,82
2944469448,1,0,1,2066752129,https://doi.org/10.1016/j.respol.2019.04.008,2019,article,43,9731383,33,97
2810968241,1,0,1,2066752129,https://doi.org/10.1002/smj.2923,2018,article,43,102949365,14,131
4380670431,1,0,1,2066752129,https://doi.org/10.1177/00018392231180872,2023,article,43,143668711,14,91
2966015885,1,0,1,2066752129,https://doi.org/10.1108/jea-02-2019-0018,2019,article,43,88066655,33,109
2096119600,1,0,1,2066752129,https://doi.org/10.1140/epjds/s13688-014-0024-y,2014,article,42,2504380752,18,70
2022267882,1,1,0,2793071066,https://doi.org/10.1140/epjst/e2012-01576-4,2012,article,42,138062970,20,44
2622201449,1,0,1,2066752129,https://doi.org/10.5751/es-09258-220229,2017,article,42,148307540,32,42
3122943269,1,0,1,2547045893,https://doi.org/10.1007/s11192-020-03806-w,2021,article,42,148561398,18,63
2078824863,1,1,0,2793071066,https://doi.org/10.2139/ssrn.2426903,2014,article,42,4210172589,33,40
3081243492,1,0,1,2793071066,https://doi.org/10.1177/0165551520932855,2020,article,42,68913162,33,39
3128558887,1,0,1,2059615831,https://doi.org/10.1007/s10109-020-00341-3,2021,article,42,144150890,20,133
4361303076,1,0,1,4313545395,https://doi.org/10.1016/j.jneuroling.2023.101180,2023,preprint,42,52978869,28,368
3213898752,1,0,1,2793071066,https://doi.org/10.1162/qss_a_00161,2021,article,42,4210195326,18,56
632080295,1,1,0,3123050710,https://doi.org/10.5860/choice.51-5800,2014,article,42,2764375719,12,0
4406855478,1,0,1,2913773162,https://doi.org/10.1073/pnas.2401231121,2025,article,42,125754415,18,42
3145746358,1,0,1,3123050710,https://doi.org/10.1257/mic.20190113,2021,article,42,96919139,14,41
2991255654,1,0,1,3123050710,https://doi.org/10.1016/j.jretconser.2019.101960,2019,review,41,25235501,14,265
2922604858,1,0,1,2793071066,https://doi.org/10.18653/v1/n19-1129,2019,article,41,,31,24
3162421902,1,0,1,2793071066,https://doi.org/10.1073/pnas.2018994118,2021,article,41,125754415,31,81
2137778825,1,1,0,2808505390,https://doi.org/10.1017/s193029750000098x,2010,article,41,179575189,20,50
3098224963,1,1,0,2808505390,,2013,article,41,,18,45
3033209787,1,0,1,2793071066,https://doi.org/10.1073/pnas.2001064117,2020,article,41,125754415,18,59
2465256529,1,0,1,2066752129,https://doi.org/10.1007/s00191-020-00661-z,2020,article,40,121026525,20,165
2883553537,1,0,1,2793071066,https://doi.org/10.1007/s11192-018-2855-y,2018,article,40,148561398,18,7
2058806723,1,1,0,2072576647,https://doi.org/10.1086/681094,2015,article,40,2490919458,23,37
4399238906,1,0,1,4378980478,https://doi.org/10.1016/j.spc.2024.05.029,2024,article,40,2764749963,11,34
2573160687,1,0,1,2066752129,https://doi.org/10.1039/c6ib00215c,2017,review,40,10577112,13,111
1986459334,1,1,0,3123050710,https://doi.org/10.1126/science.1197077,2010,editorial,40,3880285,27,0
3112129603,1,0,1,2793071066,https://doi.org/10.1057/s41599-021-00903-w,2021,preprint,40,4210206302,18,48
3049151294,1,0,1,2066752129,https://doi.org/10.1016/j.respol.2020.104085,2020,article,40,9731383,33,100
2950929952,1,0,1,2066752129,https://doi.org/10.2139/ssrn.2817895,2017,article,40,4210172589,33,172
3130481268,1,0,1,2066752129,https://doi.org/10.1177/00222429211001050,2021,article,40,4306401266,14,62
2906477049,1,0,1,2059615831,https://doi.org/10.1080/00036846.2018.1558356,2018,article,40,201533460,20,50
4230045052,1,1,0,2808505390,https://doi.org/10.1037//0033-2909.104.2.251,1988,article,39,75627607,32,0
2805137843,1,0,1,2066752129,https://doi.org/10.1016/j.techfore.2018.05.018,2018,article,39,39307421,18,106
3011213971,1,0,1,2066752129,https://doi.org/10.1111/pirs.12527,2020,article,39,101788309,14,70
2990224909,1,0,1,2547045893,https://doi.org/10.1080/09505431.2019.1694882,2019,article,39,190143089,18,61
4403965075,1,0,1,3201257425,https://doi.org/10.1038/s41467-024-52355-w,2024,article,39,64187185,31,81
2790538688,1,0,1,2066752129,https://doi.org/10.1007/s10506-018-9224-2,2018,article,39,96609033,33,39
2774275461,1,0,1,2066752129,https://doi.org/10.1016/j.ijmedinf.2017.12.003,2017,article,39,53142634,27,62
3123266304,1,0,1,2066752129,https://doi.org/10.1162/rest_a_00937,2020,article,39,180061323,14,68
2789477917,1,0,1,2808505390,https://doi.org/10.1111/rssa.12527,2019,article,39,185328345,20,40
2741751197,1,0,1,2066752129,https://doi.org/10.1007/s11192-017-2480-1,2017,article,39,148561398,14,101
3016937839,1,0,1,2808505390,https://doi.org/10.3390/jintelligence8020017,2020,article,39,2737368440,32,41
2179238341,1,1,0,2072576647,https://doi.org/10.1899/0887-3593(2006)25[61:nvinse]2.0.co;2,2006,article,39,81067756,23,42
1930715151,1,0,1,2066752129,https://doi.org/10.1920/wp.ifs.2016.1602,2017,paratext,39,,20,61
4387102286,1,0,1,4313545395,https://doi.org/10.1017/awf.2023.84,2023,article,39,144449874,34,79
3153786688,1,0,1,2913773162,https://doi.org/10.1080/09692290.2021.1904269,2021,article,38,2875300,20,101
4385729040,1,0,1,4313545395,https://doi.org/10.1016/j.psychsport.2023.102505,2023,review,38,131954271,33,69
4221123756,1,0,1,2066752129,https://doi.org/10.1287/mnsc.2022.4377,2022,article,38,33323087,31,36
4388265541,1,0,1,2913773162,https://doi.org/10.1016/j.ipm.2023.103542,2023,article,38,174847851,14,66
2916526936,1,0,1,2066752129,https://doi.org/10.1287/orsc.2018.1238,2019,article,38,206124708,14,76
2295380493,1,1,0,2808505390,https://doi.org/10.1016/j.jmp.2015.12.003,2016,article,38,126294776,20,49
3130037361,1,0,1,2066752129,https://doi.org/10.1109/tbcas.2021.3060617,2021,review,38,80299757,32,247
4384198044,1,0,1,2066752129,https://doi.org/10.1038/s41562-023-01637-2,2023,article,38,2764866340,18,50
3109146160,1,0,1,2793071066,https://doi.org/10.1371/journal.pone.0241797,2020,article,38,202381698,14,103
2998245413,1,0,1,2793071066,https://doi.org/10.1007/s42001-020-00082-9,2020,article,38,4210196583,33,91
3209480529,1,0,1,2066752129,https://doi.org/10.1177/00018392211055198,2021,article,38,143668711,33,113
4281896168,1,0,1,2793071066,https://doi.org/10.1080/00207543.2022.2081629,2022,article,37,65690446,14,161
2581307198,1,0,1,2547045893,https://doi.org/10.1371/journal.pone.0179656,2017,article,37,202381698,31,53
3016093981,1,0,1,2793071066,https://doi.org/10.1109/access.2020.2986383,2020,article,37,2485537415,18,50
4281755166,1,0,1,2303284028,https://doi.org/10.1257/aeri.20210063,2022,article,37,4210174288,20,31
2068936807,1,1,0,2072576647,https://doi.org/10.1086/681540,2015,article,37,2490919458,23,61
4248642401,1,1,0,2303284028,https://doi.org/10.1515/9781400845552-018,2012,book-chapter,37,4306463805,14,0
3101448662,1,0,1,2913773162,https://doi.org/10.1098/rsos.190868,2019,article,37,2737558550,31,59
3009312671,1,0,1,2066752129,https://doi.org/10.1007/s00168-020-00981-9,2020,article,37,203746597,20,85
3163295653,1,0,1,2913773162,https://doi.org/10.31234/osf.io/2mdxh,2020,preprint,37,,18,94
2767801665,1,0,1,2066752129,https://doi.org/10.1017/dsj.2017.23,2017,article,37,4210173131,18,58
4214604362,1,0,1,2793071066,https://doi.org/10.1162/qss_a_00183,2022,article,37,4210195326,13,124
4388710568,1,0,1,2303284028,https://doi.org/10.1016/j.ipm.2023.103574,2023,article,37,174847851,17,50
2559797800,1,0,1,2066752129,https://doi.org/10.3389/fimmu.2016.00587,2016,article,37,2595292759,32,92
4281291148,1,0,1,2303284028,https://doi.org/10.1016/j.respol.2022.104558,2022,article,36,9731383,20,110
4367669480,1,0,1,2793071066,https://doi.org/10.1038/s41597-023-02150-x,2023,article,36,2607323502,22,57
2373082566,1,0,1,2066752129,https://doi.org/10.1016/j.heliyon.2016.e00105,2016,review,36,2898612692,18,242
4225786050,1,0,1,2059615831,https://doi.org/10.1111/twec.13236,2021,article,36,45372229,14,76
2800736636,1,0,1,2066752129,https://doi.org/10.1177/1476127018770048,2018,article,36,11394615,18,74
3133004394,1,0,1,2059615831,https://doi.org/10.1016/j.seps.2021.101037,2021,article,36,153485742,20,77
3028625468,1,0,1,2066752129,https://doi.org/10.1016/j.techfore.2020.120046,2020,article,36,39307421,14,82
4283763264,1,0,1,2793071066,https://doi.org/10.1016/j.joi.2022.101311,2022,article,36,205292342,18,101
3020916510,1,0,1,2808505390,https://doi.org/10.1017/ehs.2020.21,2020,article,36,4210210912,33,59
4285587630,1,0,1,2066752129,https://doi.org/10.29333/ejmste/12235,2022,article,35,2764699309,23,113
4320038780,1,0,1,2066752129,https://doi.org/10.1177/00018392221146792,2023,article,35,143668711,32,82
4392763676,1,0,1,2913773162,https://doi.org/10.1186/s40359-024-01636-6,2024,article,35,2764871139,33,63
2994853157,1,0,1,2793071066,https://doi.org/10.1162/qss_a_00128,2021,article,35,4210195326,18,32
3133103807,1,0,1,2793071066,https://doi.org/10.48550/arxiv.2102.09066,2021,preprint,35,4306400194,18,25
2738434387,1,0,1,2066752129,https://doi.org/10.1287/orsc.2017.1141,2017,article,35,206124708,32,102
4291017337,1,0,1,2547045893,https://doi.org/10.3389/fonc.2022.948389,2022,review,35,2596394214,27,95
2121963506,1,1,0,2059615831,https://doi.org/10.1007/s10037-014-0084-2,2014,article,35,4210170851,20,66
2772036592,1,0,1,2547045893,https://doi.org/10.1007/s11192-017-2619-0,2017,article,35,148561398,31,47
2886930910,1,0,1,3123050710,https://doi.org/10.5465/amj.2016.0437,2018,article,35,117778295,33,115
4366829860,1,0,1,2793071066,https://doi.org/10.1007/s11024-023-09490-3,2023,article,35,205537954,17,65
4389312130,1,0,1,2793071066,https://doi.org/10.1371/journal.pbio.3002408,2023,article,35,154343897,18,13
2924086445,1,0,1,2913773162,https://doi.org/10.1038/s41558-019-0447-3,2019,article,35,183584863,33,15
2049406449,1,0,1,2066752129,https://doi.org/10.1103/physreve.90.032804,2014,article,35,35412551,31,45
1964894809,1,1,0,2808505390,https://doi.org/10.1080/00036846.2011.564141,2011,article,35,201533460,20,45
2951452237,1,0,1,2913773162,https://doi.org/10.1002/ece3.5244,2019,article,35,2482021738,23,67
2130261793,1,1,0,2808505390,https://doi.org/10.2202/1559-0410.1085,2008,article,35,78466176,20,15
3002662349,1,0,1,2793071066,https://doi.org/10.1007/978-3-030-67044-3_1,2021,book-chapter,35,4210173728,31,37
4300433505,1,0,1,2066752129,https://doi.org/10.2139/ssrn.3051728,2017,article,35,4210172589,18,37
3179974945,1,0,1,2913773162,https://doi.org/10.1111/tbed.14356,2021,review,34,91749377,27,172
2113052506,1,1,0,2793071066,https://doi.org/10.1038/srep01640,2013,article,34,196734849,18,40
2914588721,1,0,1,2066752129,https://doi.org/10.1016/j.cosrev.2018.12.001,2019,article,34,73121659,18,143
4206955091,1,0,1,2913773162,https://doi.org/10.3389/frma.2021.824518,2022,article,34,2596295431,18,37
2830552449,1,0,1,2066752129,https://doi.org/10.1145/3209219.3209226,2018,article,34,,31,13
4392284186,1,0,1,4313545395,https://doi.org/10.1038/s41416-024-02634-6,2024,article,34,62966998,13,33
2584156690,1,0,1,2066752129,https://doi.org/10.1177/0956797616685870,2017,article,34,58854535,12,41
4213358558,1,0,1,2066752129,https://doi.org/10.1016/j.techfore.2022.121561,2022,article,34,39307421,13,35
4396888590,1,0,1,2793071066,https://doi.org/10.3390/technologies12050066,2024,article,34,2738348041,18,121
3212718543,1,0,1,2066752129,,2021,article,34,4306400248,33,185
2314688299,1,1,0,2808505390,https://doi.org/10.2307/2291255,1993,article,34,4394736638,20,1
2768033733,1,0,1,2547045893,https://doi.org/10.1073/pnas.1716941114,2017,article,33,125754415,27,14
2750322552,1,0,1,2547045893,https://doi.org/10.1109/access.2017.2739179,2017,article,33,2485537415,18,31
3120485199,1,0,1,2793071066,https://doi.org/10.1063/5.0047608,2021,article,33,187806540,17,52
4387711259,1,0,1,3123050710,https://doi.org/10.5465/amj.2023.4005,2023,article,33,117778295,18,22
2735349746,1,0,1,2547045893,https://doi.org/10.2139/ssrn.3000628,2017,article,33,4210172589,27,78
2270440160,1,0,1,2066752129,https://doi.org/10.1017/nws.2016.15,2016,article,33,2530642067,18,45
3003671649,1,1,0,4378980478,https://doi.org/10.1063/1.3057695,1961,article,33,180907581,31,0
3206979440,1,0,1,2913773162,https://doi.org/10.1057/s41599-021-00957-w,2021,article,33,4306525036,18,31
3118385793,1,0,1,3123050710,https://doi.org/10.1016/j.futures.2020.102672,2021,article,33,130638383,33,243
2183647125,1,1,0,2303284028,https://doi.org/10.1108/s0277-2833(2010)0000021008,2010,book-chapter,33,4210197787,14,37
3090956807,1,0,1,2059615831,https://doi.org/10.1016/j.jbusres.2020.09.038,2020,article,33,93284759,14,101
3138966241,1,0,1,2793071066,https://doi.org/10.5281/zenodo.4493744,2021,article,33,4377196282,18,55
2797575854,1,0,1,2547045893,https://doi.org/10.1016/j.joi.2018.06.010,2018,article,33,205292342,18,45
3012150932,1,0,1,2066752129,https://doi.org/10.1287/orsc.2019.1323,2020,article,33,206124708,33,83
2972392392,1,0,1,2547045893,https://doi.org/10.1109/tkde.2019.2941206,2019,article,33,30698027,31,91
2114447345,1,1,0,2808505390,https://doi.org/10.2466/pms.100.3.806-814,2005,article,33,110965136,20,22
3008809822,1,0,1,2066752129,https://doi.org/10.1007/978-3-030-45784-6_5,2020,book-chapter,32,4210185808,13,59
2889164825,1,0,1,2066752129,https://doi.org/10.1017/s1062798718000261,2018,article,32,162792360,18,32
3020865462,1,0,1,2913773162,https://doi.org/10.1016/j.obhdp.2020.02.003,2020,article,32,64744539,33,120
4388857363,1,0,1,2793071066,https://doi.org/10.1371/journal.pone.0293289,2023,article,32,202381698,23,66
137401860,1,0,1,2066752129,https://doi.org/10.1086/676938,2014,article,32,2490919458,23,37
270763727,1,1,0,3201257425,https://doi.org/10.1007/978-3-319-13383-6,2015,book,32,2764493452,12,12
3196510535,1,0,1,2913773162,https://doi.org/10.1007/s11846-021-00492-7,2021,article,32,203071086,14,175
2136180676,1,0,1,2066752129,https://doi.org/10.2139/ssrn.2606033,2015,article,32,4210172589,33,89
2044748662,1,1,0,3123050710,https://doi.org/10.1353/pbm.1975.0014,1975,article,32,28937869,13,22
2489320692,1,0,1,2066752129,https://doi.org/10.1037/14805-029,2015,book-chapter,32,4306462819,32,721
4296299123,1,0,1,3123050710,https://doi.org/10.1016/j.techfore.2022.122042,2022,article,32,39307421,18,85
2996224107,1,0,1,2793071066,https://doi.org/10.1080/14789450.2019.1703678,2019,editorial,32,96346590,13,15
2900384830,1,0,1,3123050710,https://doi.org/10.1177/0011392118807514,2018,article,32,10591207,18,37
2883143848,1,0,1,2913773162,https://doi.org/10.1038/s41562-019-0803-3,2018,preprint,32,2764866340,20,46
4393903106,1,0,1,2913773162,https://doi.org/10.1016/j.bushor.2024.04.002,2024,article,32,113237667,14,49
3187734878,1,0,1,2066752129,https://doi.org/10.1016/j.respol.2021.104334,2021,article,32,9731383,18,44
2979356331,1,0,1,2066752129,https://doi.org/10.1073/pnas.1905819116,2019,article,32,125754415,18,43
4378783356,1,0,1,4313545395,https://doi.org/10.1002/anie.202302971,2023,article,32,67393510,25,150
2954395902,1,0,1,2793071066,https://doi.org/10.1109/access.2019.2927011,2019,article,32,2485537415,18,38
4200220700,1,0,1,2913773162,https://doi.org/10.1016/j.edurev.2021.100427,2021,review,32,43764696,33,113
2110050589,1,1,0,2072576647,https://doi.org/10.1086/681278,2015,article,31,2490919458,23,38
2743520753,1,0,1,2066752129,https://doi.org/10.1093/sf/sox055,2017,article,31,130611943,33,55
3012321595,1,0,1,2793071066,https://doi.org/10.1007/s11192-020-03416-6,2020,review,31,148561398,20,36
2607357450,1,0,1,2066752129,https://doi.org/10.1111/joms.12279,2017,article,31,151705444,14,85
4376126211,1,0,1,2066752129,https://doi.org/10.1016/j.inffus.2023.101830,2023,article,31,7560371,18,192
2949765072,1,0,1,2913773162,https://doi.org/10.1111/jeb.13497,2019,article,31,138169916,18,58
2037672446,1,1,0,2808505390,https://doi.org/10.1371/journal.pone.0030112,2012,article,31,202381698,20,35
4387211818,1,0,1,2793071066,https://doi.org/10.2196/45815,2023,article,31,17147534,27,120
2767292702,1,0,1,2066752129,https://doi.org/10.1016/j.respol.2017.10.015,2017,article,31,9731383,14,52
3162770111,1,0,1,2066752129,https://doi.org/10.1016/j.techfore.2021.120852,2021,article,31,39307421,18,71
3010707008,1,0,1,3123050710,https://doi.org/10.1017/9781108762519.009,2020,book-chapter,31,4306462995,33,1064
4200605672,1,0,1,2303284028,https://doi.org/10.1016/j.respol.2021.104329,2021,article,31,9731383,14,58
3006774895,1,0,1,2793071066,https://doi.org/10.1007/s11192-020-03397-6,2020,article,31,148561398,17,49
3098028234,1,1,0,2793071066,,2016,article,31,4306400714,18,51
3196961071,1,0,1,2793071066,https://doi.org/10.1098/rspb.2021.0219,2021,article,30,3006207977,18,72
2884061690,1,0,1,2066752129,https://doi.org/10.1016/j.respol.2018.07.012,2018,article,30,9731383,18,101
4367313056,1,0,1,2066752129,https://doi.org/10.1177/00031224231166955,2023,article,30,157620343,31,151
4322494864,1,0,1,2066752129,https://doi.org/10.1007/s11192-023-04662-0,2023,article,30,148561398,18,67
4285793106,1,0,1,2066752129,https://doi.org/10.1108/md-01-2022-0025,2022,article,30,154010748,14,98
4380355202,1,0,1,3123050710,https://doi.org/10.1016/j.respol.2023.104829,2023,article,29,9731383,18,88
4213421491,1,0,1,2066752129,https://doi.org/10.1016/j.techfore.2022.121558,2022,article,29,39307421,14,111
2744940703,1,0,1,2066752129,https://doi.org/10.1093/sf/sox043,2017,article,29,130611943,33,72
2113367096,1,1,0,2059615831,https://doi.org/10.1111/j.1467-9701.2011.01402.x,2011,article,29,45372229,20,46
2976257255,1,0,1,2547045893,https://doi.org/10.1162/qss_a_00092,2020,article,29,4210195326,31,50
3027913374,1,0,1,2913773162,https://doi.org/10.1007/s11192-020-03513-6,2020,review,29,148561398,18,51
3037720909,1,0,1,2808505390,https://doi.org/10.1007/s11192-020-03571-w,2020,article,29,148561398,18,59
2481908881,1,1,0,2913773162,https://doi.org/10.1287/isre.2016.0643,2016,article,29,202812398,33,31
3174360609,1,0,1,3123050710,https://doi.org/10.1007/s11192-021-04071-1,2021,article,29,148561398,18,62
4402533807,1,0,1,2793071066,https://doi.org/10.1038/s41467-024-51714-x,2024,article,29,64187185,27,37
2952391965,1,0,1,2793071066,https://doi.org/10.1016/j.joi.2019.100974,2019,article,29,205292342,18,70
3174223238,1,0,1,2793071066,https://doi.org/10.3389/fmars.2021.662350,2021,article,29,2596539584,18,71
4391810291,1,0,1,2547045893,https://doi.org/10.1080/00461520.2023.2291577,2024,article,29,168863630,32,182
3012407300,1,0,1,2913773162,https://doi.org/10.1098/rspb.2020.0012,2020,review,29,3006207977,23,58
2943083509,1,0,1,3123050710,https://doi.org/10.1016/j.annals.2019.04.003,2019,article,29,51885707,14,60
4293240672,1,0,1,2913773162,https://doi.org/10.1038/s42256-022-00474-8,2022,article,29,2912241403,18,56
2767293215,1,0,1,2066752129,https://doi.org/10.1007/978-3-319-70483-8_3,2017,book-chapter,28,4210186863,11,91
3104564914,1,0,1,2913773162,https://doi.org/10.23919/jsc.2020.0002,2020,article,28,4210224752,31,120
3181247111,1,0,1,2913773162,https://doi.org/10.1093/icb/icab160,2021,article,28,103356783,13,115
2613928526,1,0,1,2066752129,https://doi.org/10.3389/frma.2017.00003,2017,article,28,2596295431,13,22
3094800999,1,0,1,2793071066,https://doi.org/10.1007/s11192-021-03984-1,2021,article,28,148561398,33,125
2800446744,1,0,1,2066752129,https://doi.org/10.5334/ijic.4160,2018,article,28,2488126895,27,48
4392167917,1,0,1,2793071066,https://doi.org/10.2478/jdis-2024-0005,2024,article,28,2764801193,18,55
2945224674,1,0,1,2793071066,https://doi.org/10.1016/j.compind.2019.04.010,2019,article,28,60779006,17,45
2291349498,1,0,1,2066752129,https://doi.org/10.3389/frma.2016.00004,2016,article,28,2596295431,18,42
4387535095,1,0,1,4313545395,https://doi.org/10.1016/j.ins.2023.119765,2023,article,28,192650101,17,46
4415505032,1,0,1,2793071066,https://doi.org/10.1097/js9.0000000000003668,2025,article,28,67965910,27,93
3135366326,1,0,1,2793071066,https://doi.org/10.1177/1461444821994490,2021,article,28,88603889,17,46
1486017379,1,0,1,2793071066,https://doi.org/10.1162/qss_a_00058,2020,article,28,4210195326,18,73
4313652616,1,0,1,3123050710,https://doi.org/10.1007/s12144-022-04201-9,2023,article,28,203585231,32,94
2073083691,1,1,0,2072576647,https://doi.org/10.1086/681525,2015,article,28,2490919458,23,181
3209815458,1,0,1,2066752129,https://doi.org/10.1016/j.technovation.2021.102412,2021,article,28,70698675,33,122
4390427148,1,0,1,2066752129,https://doi.org/10.1016/j.respol.2023.104943,2023,article,28,9731383,18,70
4300347874,1,0,1,2066752129,https://doi.org/10.1002/per.2128,2017,article,28,13823553,32,379
2560940167,1,0,1,2066752129,https://doi.org/10.1016/j.jebo.2016.12.020,2016,article,28,62201805,32,41
4380685139,1,0,1,3201257425,https://doi.org/10.1140/epjds/s13688-023-00397-3,2023,article,28,2504380752,28,87
4381617163,1,0,1,2066752129,https://doi.org/10.1007/s11192-023-04762-x,2023,article,28,148561398,18,76
3021299056,1,0,1,2066752129,https://doi.org/10.1371/journal.pone.0239177,2020,article,27,202381698,18,33
3173517142,1,0,1,2547045893,https://doi.org/10.1002/asi.24546,2021,article,27,4210197613,17,52
3210412644,1,0,1,2793071066,https://doi.org/10.1002/anie.202108067,2021,review,27,67393510,23,100
2074987273,1,1,0,2547045893,https://doi.org/10.1038/502288a,2013,article,27,137773608,27,0
2956868858,1,0,1,2059615831,https://doi.org/10.1111/1758-5899.12695,2019,article,27,17594912,20,56
4296260819,1,0,1,2072576647,https://doi.org/10.3389/fenvs.2022.999349,2022,article,27,2596204836,23,141
3197713416,1,0,1,2793071066,https://doi.org/10.1590/0001-3765202120200261,2021,article,27,111086706,18,34
2987106204,1,0,1,2066752129,https://doi.org/10.1007/978-3-030-02511-3_8,2019,book-chapter,27,4210224236,31,89
3012543558,1,0,1,2793071066,https://doi.org/10.1371/journal.pone.0229928,2020,article,27,202381698,31,52
4298005584,1,0,1,2793071066,https://doi.org/10.3390/publications10040035,2022,article,27,2738007992,18,48
3122403554,1,0,1,2066752129,https://doi.org/10.2139/ssrn.2548957,2014,article,27,4210172589,18,52
4327630532,1,0,1,2793071066,https://doi.org/10.1016/j.ecolind.2023.110091,2023,article,27,194154261,11,100
1993193365,1,1,0,2808505390,https://doi.org/10.1198/000313001300339923,2001,article,27,4179095,20,13
3034702370,1,0,1,2793071066,https://doi.org/10.1007/s11192-020-03423-7,2020,article,27,148561398,18,36
3183893045,1,0,1,3123050710,https://doi.org/10.1016/j.joi.2021.101196,2021,article,27,205292342,33,145
3165879865,1,0,1,2913773162,https://doi.org/10.1038/s41467-021-23424-1,2021,article,27,64187185,31,64
3015977140,1,0,1,2913773162,https://doi.org/10.1002/smj.3162,2020,article,27,102949365,14,56
2947077132,1,0,1,2793071066,https://doi.org/10.1016/j.pubrev.2019.03.004,2019,article,27,193575162,33,105
2954912165,1,0,1,2913773162,https://doi.org/10.1073/pnas.1909217116,2019,article,27,125754415,27,22
2798485179,1,0,1,2793071066,https://doi.org/10.1021/acs.jproteome.8b00393,2018,article,27,74367812,13,35
4287958210,1,0,1,2059615831,https://doi.org/10.1108/cr-03-2022-0037,2022,article,26,4210226649,20,66
3043583108,1,0,1,2303284028,https://doi.org/10.1177/1046496420928405,2020,article,26,133913429,14,104
2520855119,1,0,1,2066752129,https://doi.org/10.1045/september2016-mishra,2016,article,26,119508283,13,8
4210923115,1,1,0,2808505390,https://doi.org/10.2307/2291254,1993,article,26,4394736638,22,0
1976138287,1,0,1,2066752129,https://doi.org/10.1016/j.poetic.2014.09.001,2014,article,26,98355519,14,110
4285076946,1,0,1,2808505390,https://doi.org/10.1177/00332941221114421,2022,article,26,147670119,32,92
2586938360,1,0,1,2066752129,https://doi.org/10.1017/cts.2016.17,2017,article,26,4210205013,18,30
2932251433,1,0,1,2066752129,https://doi.org/10.1093/joc/jqz012,2019,article,26,107737141,33,54
3082449428,1,0,1,2059615831,https://doi.org/10.1007/s43253-020-00021-4,2020,article,26,4210198095,23,174
3095491454,1,1,0,4378980478,https://doi.org/10.3386/w27987,2020,report,26,2809516038,14,30
2990955132,1,0,1,2793071066,https://doi.org/10.1016/j.socnet.2019.11.003,2019,article,26,26186134,33,89
4390581773,1,0,1,4313545395,https://doi.org/10.1111/gcb.17116,2024,article,26,74970393,23,70
3035621015,1,0,1,2913773162,https://doi.org/10.1162/qss_a_00077,2020,article,26,4210195326,18,61
2106117398,1,1,0,2072576647,https://doi.org/10.15517/rbt.v62i0.15775,2014,article,26,91797957,23,29
3198166244,1,0,1,3123050710,https://doi.org/10.1016/j.technovation.2021.102367,2021,article,26,70698675,33,125
2792996745,1,0,1,2066752129,https://doi.org/10.1007/s11192-018-2673-2,2018,article,26,148561398,33,78
3192175965,1,0,1,2793071066,https://doi.org/10.1109/access.2021.3102215,2021,article,26,2485537415,22,99
4206486904,1,0,1,2066752129,https://doi.org/10.1002/asi.24617,2022,article,26,4210197613,18,63
3169051220,1,0,1,2913773162,https://doi.org/10.3390/life11060551,2021,article,26,4210200765,13,53
2793795991,1,0,1,2066752129,https://doi.org/10.1080/13571516.2018.1438873,2018,article,25,35090897,14,62
2600142325,1,1,0,2793071066,https://doi.org/10.1126/science.caredit.a1600022,2016,dataset,25,4363604149,27,0
3100264649,1,0,1,2913773162,https://doi.org/10.1371/journal.pone.0242468,2020,article,25,202381698,18,110
3085989739,1,0,1,3123050710,https://doi.org/10.1080/03075079.2020.1817889,2020,article,25,162196882,36,84
2592401802,1,0,1,2547045893,https://doi.org/10.1007/s11192-017-2335-9,2017,article,25,148561398,18,32
4321769935,1,0,1,2793071066,https://doi.org/10.1016/j.shpsa.2022.12.009,2023,article,25,21220828,12,85
3202881039,1,0,1,2303284028,https://doi.org/10.1016/j.jclepro.2021.129232,2021,article,25,58516903,18,85
3195147020,1,0,1,2547045893,https://doi.org/10.3389/fpsyg.2021.721104,2021,article,25,9692511,32,76
4318766624,1,0,1,2913773162,https://doi.org/10.1016/j.riob.2023.100181,2022,article,25,55099511,14,142
3116030099,1,0,1,2303284028,https://doi.org/10.1016/j.techfore.2020.120534,2020,article,25,39307421,14,90
4362449304,1,0,1,2793071066,https://doi.org/10.3390/en16073171,2023,article,25,198098182,14,97
2171853027,1,1,0,2059615831,https://doi.org/10.1016/j.euroecorev.2013.10.004,2013,article,25,69338747,20,33
2611908068,1,0,1,2547045893,https://doi.org/10.1038/s41598-017-01955-2,2017,article,25,196734849,18,61
4280635530,1,0,1,2066752129,https://doi.org/10.1080/00130095.2022.2049228,2022,article,25,38825547,32,121
2975158504,1,0,1,2547045893,https://doi.org/10.1016/j.cosrev.2019.100197,2019,article,25,73121659,18,105
2979258009,1,0,1,2066752129,https://doi.org/10.1609/icwsm.v12i1.15003,2018,article,25,4387284482,31,61
2960571953,1,0,1,3123050710,https://doi.org/10.1016/j.respol.2019.103820,2019,article,25,9731383,33,66
3003666735,1,0,1,2913773162,https://doi.org/10.1038/s41557-019-0410-y,2020,article,24,202193212,33,11
3159124256,1,0,1,2066752129,https://doi.org/10.1007/s11192-021-03940-z,2021,article,24,148561398,33,95
4366975152,1,0,1,2059615831,https://doi.org/10.1515/zfw-2023-0001,2023,article,24,4210235882,14,84
2903264925,1,0,1,2303284028,https://doi.org/10.1142/s0219877019500408,2018,article,24,149146142,14,65
2400758345,1,0,1,2066752129,https://doi.org/10.1093/bjsw/bcw059,2016,article,24,202740514,33,25
4413128655,1,0,1,4313545395,https://doi.org/10.1111/jcal.70105,2025,article,24,5743915,17,77
2810667580,1,0,1,2066752129,https://doi.org/10.1609/hcomp.v6i1.13336,2018,article,24,4387284122,14,76
2896907502,1,0,1,2059615831,https://doi.org/10.1093/cje/bey036,2018,article,24,67103694,36,109
3092021640,1,0,1,2059615831,https://doi.org/10.1016/j.jwb.2020.101146,2020,article,24,143995394,14,116
2789376162,1,0,1,3123050710,https://doi.org/10.1108/jepp-d-17-00029,2018,article,24,2764875035,27,37
4391669196,1,0,1,4313545395,https://doi.org/10.1016/j.ipm.2024.103677,2024,article,24,174847851,17,71
2746196961,1,0,1,2066752129,https://doi.org/10.1186/s40594-017-0076-1,2017,editorial,24,2738571837,32,7
1964365134,1,1,0,2547045893,https://doi.org/10.1002/asi.v61:7,2010,paratext,24,80113298,17,0
2944581955,1,0,1,2066752129,https://doi.org/10.1007/s11192-019-03102-2,2019,article,24,148561398,14,68
3022525518,1,0,1,2793071066,https://doi.org/10.1098/rsif.2019.0610,2020,article,24,129150467,13,427
2991348450,1,0,1,2793071066,https://doi.org/10.1007/s11192-019-03297-4,2019,article,24,148561398,18,29
4296301530,1,0,1,2793071066,https://doi.org/10.1016/j.joi.2022.101333,2022,article,24,205292342,36,58
4385390877,1,0,1,3123050710,https://doi.org/10.1016/j.joi.2023.101435,2023,article,24,205292342,14,69
4402029393,1,0,1,3123050710,https://doi.org/10.1016/j.respol.2024.105093,2024,article,24,9731383,18,53
2800163029,1,0,1,2547045893,https://doi.org/10.1007/s11192-018-2762-2,2018,article,24,148561398,36,39
2920722693,1,0,1,2547045893,https://doi.org/10.1007/s11192-019-03065-4,2019,article,23,148561398,18,18
2921248625,1,0,1,2066752129,https://doi.org/10.1007/s00163-019-00312-w,2019,article,23,123543520,14,67
4220966743,1,0,1,2913773162,https://doi.org/10.1177/23780231221085118,2022,article,23,4210198833,32,111
2937371368,1,0,1,2066752129,https://doi.org/10.1038/s41562-019-0585-7,2019,letter,23,2764866340,18,57
4381929102,1,0,1,4313545395,https://doi.org/10.3389/fpsyg.2023.1145294,2023,article,23,9692511,32,63
4391598810,1,0,1,2066752129,https://doi.org/10.1108/md-06-2023-0910,2024,article,23,154010748,17,73
3042552340,1,0,1,2793071066,https://doi.org/10.1007/s41109-020-00276-0,2020,article,23,3035517252,18,36
3139034792,1,0,1,2913773162,https://doi.org/10.1038/s41598-021-85826-x,2021,article,23,196734849,31,50
4254383712,1,0,1,2793071066,https://doi.org/10.1787/2ae8c0dc-en,2018,paratext,23,4210170535,20,44
3099395587,1,0,1,2793071066,https://doi.org/10.1002/widm.1395,2020,review,23,2505707916,13,106
2043783027,1,1,0,2072576647,https://doi.org/10.1086/681256,2015,article,23,2490919458,23,54
4401115466,1,0,1,4313545395,https://doi.org/10.1016/j.jdent.2024.105275,2024,article,23,191726168,27,37
3124574237,1,0,1,2547045893,https://doi.org/10.1126/sciadv.abj3063,2022,article,23,2737427234,31,73
3090069633,1,0,1,2547045893,https://doi.org/10.1002/asi.24415,2020,article,23,4210197613,18,96
2952371693,1,0,1,2793071066,https://doi.org/10.1016/j.techfore.2019.06.004,2019,article,23,39307421,17,49
2964318514,1,0,1,2547045893,https://doi.org/10.1007/s11280-019-00703-y,2019,article,23,129236917,18,63
1980536519,1,1,0,2303284028,https://doi.org/10.1016/j.socnet.2014.11.004,2015,article,23,26186134,14,68
2950657157,1,0,1,2547045893,https://doi.org/10.2139/ssrn.3063273,2017,article,23,4210172589,18,71
4403920670,1,0,1,3123050710,https://doi.org/10.1371/journal.pone.0311493,2024,article,23,202381698,18,71
4396930942,1,0,1,2303284028,https://doi.org/10.1002/smj.3604,2024,article,23,102949365,26,70
1940480207,1,1,0,2808505390,https://doi.org/10.2139/ssrn.2611987,2015,article,22,4210172589,20,57
3202452261,1,0,1,2913773162,https://doi.org/10.1155/2021/8758161,2021,article,22,1010394304,27,45
4376107187,1,0,1,2793071066,https://doi.org/10.1016/j.tics.2023.04.006,2023,review,22,192051125,13,134
2889465551,1,0,1,2547045893,https://doi.org/10.1109/access.2018.2863938,2018,article,22,2485537415,18,50
4226366136,1,0,1,2808505390,https://doi.org/10.1007/s11192-021-04209-1,2022,article,22,148561398,33,85
3015574168,1,0,1,2547045893,https://doi.org/10.1002/jocb.445,2020,article,22,85265705,32,20
4308672460,1,0,1,2793071066,https://doi.org/10.1162/qss_a_00268,2023,article,22,4210195326,18,65
2945290335,1,0,1,2059615831,https://doi.org/10.1108/ejim-08-2018-0185,2019,article,22,90149737,14,106
4392651793,1,0,1,2066752129,https://doi.org/10.1057/s41599-024-02915-8,2024,article,22,4210206302,23,33
3162113012,1,0,1,3123050710,https://doi.org/10.1111/1467-8551.12510,2021,article,22,184126201,18,50
4225409663,1,0,1,2793071066,https://doi.org/10.1002/asi.24655,2022,article,22,4210197613,17,46
4385977054,1,0,1,2793071066,https://doi.org/10.1016/j.ipm.2023.103477,2023,article,22,174847851,18,96
4389775318,1,0,1,4313545395,https://doi.org/10.1016/j.heliyon.2023.e23781,2023,article,22,2898612692,18,48
4213031842,1,0,1,2793071066,https://doi.org/10.1007/s41651-021-00098-3,2022,article,22,4210196386,33,19
4283017099,1,0,1,2066752129,https://doi.org/10.1086/719937,2022,article,22,122471516,12,105
2239358280,1,1,0,2793071066,https://doi.org/10.1371/journal.pone.0144945,2016,article,22,202381698,17,35
4362621361,1,0,1,4313545395,https://doi.org/10.3390/en16073241,2023,review,22,198098182,22,71
2210701612,1,0,1,2066752129,https://doi.org/10.1371/journal.pone.0137856,2015,article,22,202381698,31,43
4390123116,1,0,1,2066752129,https://doi.org/10.1016/j.technovation.2023.102947,2023,article,22,70698675,14,165
2463624569,1,0,1,2066752129,https://doi.org/10.1177/2378023116654147,2016,article,22,4210198833,18,48
4385404085,1,0,1,2913773162,https://doi.org/10.1016/j.techsoc.2023.102330,2023,article,22,149100181,14,72
2885508969,1,0,1,2066752129,https://doi.org/10.1007/s11192-018-2867-7,2018,article,22,148561398,31,24
4233505086,1,0,1,2913773162,https://doi.org/10.31222/osf.io/juwck,2021,preprint,22,,18,113
4400948731,1,0,1,2793071066,https://doi.org/10.3390/informatics11030053,2024,article,22,2738238905,17,79
4390817905,1,0,1,4313545395,https://doi.org/10.1016/j.joule.2023.12.010,2024,article,22,2898305631,21,91
2745514548,1,0,1,2066752129,https://doi.org/10.1007/s00163-017-0266-3,2017,article,22,123543520,18,106
4206561912,1,0,1,2793071066,https://doi.org/10.1007/s11192-021-04240-2,2022,article,22,148561398,31,47
4200426310,1,0,1,2793071066,https://doi.org/10.1080/14479338.2021.1999248,2021,article,22,199690760,17,58
3208763342,1,0,1,3123050710,https://doi.org/10.1111/ecin.13047,2021,article,22,206615888,18,48
4376269638,1,0,1,2913773162,https://doi.org/10.1016/j.ajcnut.2023.01.020,2023,article,22,71285955,27,172
3200959306,1,0,1,2793071066,https://doi.org/10.7717/peerj.11999,2021,article,22,1983995261,18,39
3045078843,1,0,1,2913773162,https://doi.org/10.1080/14479338.2020.1790374,2020,article,22,199690760,32,153
2886547052,1,0,1,2793071066,https://doi.org/10.1177/0193945918793097,2018,article,22,83825622,18,14
3125286857,1,0,1,2793071066,https://doi.org/10.1111/joes.12416,2021,article,22,124549413,18,91
3170675628,1,0,1,2059615831,https://doi.org/10.1016/j.ibusrev.2021.101886,2021,article,21,23343376,14,116
2033898514,1,1,0,2072576647,https://doi.org/10.2307/1467919,1988,article,21,81067756,23,0
4295014675,1,0,1,2547045893,https://doi.org/10.1093/pnasnexus/pgac178,2022,article,21,4220651275,33,80
4308483865,1,0,1,2913773162,https://doi.org/10.1038/s41598-022-21821-0,2022,article,21,196734849,18,60
4308489142,1,0,1,3123050710,https://doi.org/10.1016/j.ebiom.2022.104317,2022,article,21,2531685872,29,76
4391784680,1,0,1,2059615831,https://doi.org/10.1080/23322039.2024.2312386,2024,article,21,2765075218,14,61
4401577644,1,0,1,2066752129,https://doi.org/10.1287/isre.2024.editorial.v35.n3,2024,article,21,202812398,17,50
3163923293,1,0,1,2793071066,https://doi.org/10.1007/s41109-021-00369-4,2021,article,21,3035517252,18,64
4394684647,1,0,1,4313545395,https://doi.org/10.1146/annurev-soc-071723-080605,2024,article,21,61274580,32,78
2945732904,1,0,1,2793071066,https://doi.org/10.1080/10511253.2019.1615522,2019,article,21,10689036,33,69
2891375887,1,0,1,2547045893,https://doi.org/10.1109/icws.2018.00041,2018,article,21,,18,38
2557512643,1,0,1,2066752129,https://doi.org/10.1007/s10869-016-9481-6,2016,article,21,61413993,32,50
3006840736,1,0,1,2793071066,https://doi.org/10.1162/qss_e_00025,2020,article,21,4210195326,18,10
2620019759,1,0,1,2547045893,https://doi.org/10.1101/142554,2017,preprint,21,4306402567,27,18
3175616462,1,0,1,2913773162,https://doi.org/10.1177/01622439211026020,2021,article,21,2181421,14,64
4296928857,1,0,1,2066752129,https://doi.org/10.1177/00031224221123030,2022,article,21,157620343,33,75
4313558916,1,0,1,2913773162,https://doi.org/10.3390/su15020969,2023,article,21,10134376,21,96
2991467152,1,0,1,2913773162,https://doi.org/10.1029/2019ea000930,2020,article,21,2764679394,33,29
2119377441,1,1,0,2913773162,https://doi.org/10.1093/reseval/rvu023,2014,article,21,16793705,18,23
4377862435,1,0,1,4313545395,https://doi.org/10.1016/j.foodpol.2023.102451,2023,article,21,63571384,11,44
2524703889,1,0,1,2066752129,https://doi.org/10.1007/978-3-319-47096-2_11,2016,book-chapter,21,106296714,17,32
3045560527,1,0,1,2913773162,https://doi.org/10.1371/journal.pone.0234612,2020,article,21,202381698,18,36
3044189835,1,0,1,2547045893,https://doi.org/10.1360/ssi-2019-0271,2020,article,21,4210201508,17,129
3126937680,1,0,1,2793071066,https://doi.org/10.1007/s11192-020-03853-3,2021,article,21,148561398,14,42
3027132030,1,0,1,2793071066,https://doi.org/10.1007/978-3-030-62466-8_28,2020,preprint,21,106296714,17,37
2784686202,1,0,1,2793071066,https://doi.org/10.3390/publications6020021,2018,article,21,2738007992,18,33
4220962719,1,0,1,3123050710,https://doi.org/10.1080/13662716.2022.2043147,2022,article,21,36209479,33,60
4294326462,1,0,1,2066752129,https://doi.org/10.1145/2783258.2783340,2015,preprint,21,,25,36
2945583244,1,0,1,2547045893,https://doi.org/10.1007/s11192-019-03117-9,2019,article,21,148561398,31,38
3093006603,1,0,1,2066752129,https://doi.org/10.1016/j.ijresmar.2020.09.009,2020,article,21,11810700,14,35
4304891690,1,0,1,2547045893,https://doi.org/10.1038/s42005-022-00997-x,2022,article,21,4210200995,18,55
4379348298,1,0,1,2793071066,https://doi.org/10.1021/acsami.3c01632,2023,review,21,164001016,25,31
3084795897,1,1,0,4313545395,https://doi.org/10.1162/qss_a_00089,2020,article,20,4210195326,18,85
2773402217,1,0,1,2066752129,https://doi.org/10.1007/s11192-017-2604-7,2017,article,20,148561398,17,30
3136678026,1,0,1,2066752129,https://doi.org/10.1016/j.heliyon.2021.e06484,2021,review,20,2898612692,18,112
4385441773,1,0,1,2913773162,https://doi.org/10.1177/17456916231182568,2023,article,20,27228949,32,98
3044347509,1,0,1,2793071066,https://doi.org/10.1002/pne2.12035,2020,review,20,4210191600,27,76
3047803582,1,0,1,2066752129,https://doi.org/10.1177/0165551520948744,2020,article,20,68913162,18,52
4211136435,1,0,1,2066752129,https://doi.org/10.1007/978-3-030-20992-6_17,2019,book-chapter,20,,18,190
3121397554,1,0,1,2547045893,https://doi.org/10.1016/j.joi.2020.101125,2021,article,20,205292342,18,87
2803177577,1,0,1,2066752129,https://doi.org/10.1037/amp0000288,2018,review,20,80146597,18,40
2439022684,1,1,0,2547045893,https://doi.org/10.1126/science.1245218,2013,letter,20,3880285,18,13
4404025665,1,0,1,2303284028,https://doi.org/10.1016/j.respol.2024.105144,2024,article,20,9731383,14,203
2986943692,1,0,1,2913773162,https://doi.org/10.1145/3359176,2019,article,20,4210183893,33,17
4404644017,1,0,1,2066752129,https://doi.org/10.1093/scipol/scae070,2024,review,20,4210168539,18,185
3035606253,1,0,1,2913773162,https://doi.org/10.1007/s11846-020-00397-x,2020,article,20,203071086,14,121
2070769906,1,1,0,2072576647,https://doi.org/10.1086/681527,2015,article,20,2490919458,23,78
4388837278,1,0,1,3123050710,https://doi.org/10.1016/j.arr.2023.102129,2023,review,20,117312820,27,58
2048765720,1,1,0,2072576647,https://doi.org/10.1086/681541,2015,article,20,2490919458,23,66
4394602794,1,0,1,2793071066,https://doi.org/10.1177/09622802241242325,2024,review,20,150263959,26,45
3109508592,1,0,1,2793071066,https://doi.org/10.3389/fdata.2020.556282,2020,article,20,4210201220,18,22
3108985447,1,0,1,2913773162,https://doi.org/10.1021/acs.jchemed.0c00395,2020,article,20,105208853,13,35
2903419529,1,0,1,2547045893,https://doi.org/10.1007/s41109-018-0105-0,2018,article,20,3035517252,33,43
4392051647,1,0,1,4313545395,https://doi.org/10.1038/s43586-024-00291-w,2024,article,20,4210231269,31,206
2788116469,1,1,0,3201257425,https://doi.org/10.48550/arxiv.1802.07858,2018,preprint,20,4306400194,17,1
3032915873,1,0,1,2547045893,https://doi.org/10.1016/j.joi.2020.101041,2020,article,20,205292342,31,40
4309333277,1,0,1,2547045893,https://doi.org/10.1038/s41597-022-01819-z,2022,article,20,2607323502,17,58
3158913017,1,0,1,2066752129,https://doi.org/10.1093/reseval/rvab011,2021,article,20,16793705,17,70
2318087363,1,0,1,2066752129,https://doi.org/10.5210/disco.v7i0.6654,2016,article,20,103987019,13,22
4360617210,1,0,1,2793071066,https://doi.org/10.1007/s11233-022-09101-y,2023,review,20,51425651,18,115
4377090660,1,0,1,2066752129,https://doi.org/10.1016/j.respol.2023.104810,2023,article,20,9731383,20,79
3125775732,1,0,1,2066752129,https://doi.org/10.1002/bies.201700150,2017,review,20,27819959,31,116
4289519051,1,0,1,2793071066,https://doi.org/10.1038/s41597-022-01578-x,2022,article,20,2607323502,27,29
3030307455,1,0,1,2793071066,https://doi.org/10.1007/978-3-030-49461-2_15,2020,book-chapter,20,106296714,17,26
4211255545,1,0,1,2913773162,https://doi.org/10.1057/s41291-022-00177-3,2022,article,19,82593474,14,85
2806388616,1,0,1,2547045893,https://doi.org/10.1016/j.ins.2019.03.021,2019,article,19,192650101,31,93
2801030106,1,0,1,2547045893,https://doi.org/10.1016/j.joi.2018.07.002,2018,article,19,205292342,18,47
4390838857,1,0,1,2913773162,https://doi.org/10.1038/s41598-024-51606-6,2024,article,19,196734849,18,34
4386543287,1,0,1,4313545395,https://doi.org/10.1039/d3sc03367h,2023,review,19,184645833,17,58
2966943609,1,1,0,4313545395,https://doi.org/10.1098/rspa.2019.0741,2020,article,19,3006183880,33,63
4328024213,1,0,1,2793071066,https://doi.org/10.1590/0001-3765202320220515,2023,article,19,111086706,18,90
2025844868,1,1,0,2808505390,https://doi.org/10.1080/00036846.2014.969830,2014,article,19,201533460,20,62
3127604666,1,0,1,2547045893,https://doi.org/10.1093/bjsopen/zraa039,2021,article,19,4210237822,18,38
2900938871,1,0,1,2066752129,https://doi.org/10.1016/j.outlook.2018.11.005,2018,article,19,163228481,18,15
2976694123,1,0,1,2066752129,https://doi.org/10.1177/0190272519871297,2019,article,19,131591925,33,68
2002397335,1,1,0,2072576647,https://doi.org/10.1086/681526,2015,article,19,2490919458,11,50
4310680896,1,0,1,2793071066,https://doi.org/10.1016/j.jbvi.2022.e00363,2022,article,19,2898242091,14,120
4410523896,1,0,1,4313545395,https://doi.org/10.1039/d5ee00301f,2025,article,19,117082959,14,62
4409415919,1,0,1,4313545395,https://doi.org/10.1073/pnas.2400698121,2025,article,19,125754415,19,93
4319317603,1,0,1,2066752129,https://doi.org/10.1177/01492063231151637,2023,article,19,122767448,14,203
3133830332,1,0,1,2793071066,https://doi.org/10.1007/s11606-021-06659-y,2021,article,19,116608325,27,7
3141437885,1,0,1,2913773162,https://doi.org/10.1016/j.ecoinf.2021.101280,2021,article,19,195809937,23,55
3095082332,1,0,1,3123050710,https://doi.org/10.1016/j.ipm.2020.102429,2020,article,19,174847851,18,82
3088244859,1,0,1,2066752129,https://doi.org/10.1177/0022243720943209,2020,article,19,119950638,17,40
4213289842,1,0,1,3123050710,https://doi.org/10.1080/13538322.2021.1951445,2022,article,19,46844745,33,34
2507652135,1,0,1,2066752129,https://doi.org/10.1002/asi.23935,2017,article,19,4210197613,14,39
4377862262,1,0,1,2793071066,https://doi.org/10.1002/wat2.1647,2023,article,19,2764490608,33,104
1979423019,1,0,1,2066752129,https://doi.org/10.48550/arxiv.1504.00948,2015,article,19,4306400194,25,33
4399475605,1,0,1,3123050710,https://doi.org/10.1016/j.joi.2024.101548,2024,article,19,205292342,27,67
4389782046,1,0,1,2066752129,https://doi.org/10.7554/elife.93429,2023,article,19,1336409049,13,67
3016429451,1,0,1,2913773162,https://doi.org/10.1016/j.eswa.2020.113519,2020,article,19,13144211,31,53
2888849740,1,0,1,3123050710,https://doi.org/10.3389/frma.2018.00024,2018,article,19,2596295431,33,54
2606646483,1,0,1,2547045893,https://doi.org/10.1140/epjds/s13688-017-0117-5,2017,article,19,2504380752,31,35
4384306182,1,0,1,2066752129,https://doi.org/10.1016/j.apgeog.2023.103048,2023,article,19,115443327,20,97
4283080588,1,0,1,2793071066,https://doi.org/10.3390/fi14060187,2022,article,19,34838331,18,42
4250075778,1,0,1,2066752129,https://doi.org/10.31222/osf.io/cm5v3,2020,preprint,19,,18,64
4234031005,1,0,1,2066752129,https://doi.org/10.5772/intechopen.95203,2021,book,18,4306463448,13,838
4387978433,1,0,1,2066752129,https://doi.org/10.1016/j.ijresmar.2023.10.002,2023,article,18,11810700,14,54
3036202334,1,0,1,2913773162,https://doi.org/10.1016/j.scitotenv.2020.140420,2020,article,18,86852077,23,135
2896235210,1,0,1,2066752129,https://doi.org/10.1371/journal.pone.0204547,2018,article,18,202381698,31,61
4365815401,1,0,1,2066752129,https://doi.org/10.31235/osf.io/3fyb9,2023,preprint,18,,14,119
2973601048,1,0,1,2066752129,https://doi.org/10.1037/pap0000253,2019,article,18,70609798,28,59
2614660309,1,0,1,2066752129,https://doi.org/10.1093/reseval/rvx015,2017,article,18,16793705,18,85
2108790549,1,0,1,2066752129,https://doi.org/10.3386/w19489,2013,report,18,2809516038,18,77
3214992392,1,0,1,2808505390,https://doi.org/10.1371/journal.pone.0260239,2021,article,18,202381698,18,73
4390639434,1,0,1,4313545395,https://doi.org/10.1007/s10712-023-09813-9,2024,article,18,194739432,19,227
4387847335,1,0,1,4313545395,https://doi.org/10.1057/s41267-023-00656-5,2023,article,18,38024979,14,25
2102186802,1,1,0,2072576647,https://doi.org/10.11646/zootaxa.3754.1.3,2014,article,18,171471881,23,20
3186948796,1,0,1,2793071066,https://doi.org/10.1080/09737766.2021.1943042,2021,article,18,2764846277,17,30
3006655792,1,0,1,2066752129,https://doi.org/10.1016/j.poetic.2019.101428,2020,article,18,98355519,31,164
2798225708,1,0,1,3123050710,https://doi.org/10.1016/j.respol.2018.04.006,2018,article,18,9731383,14,105
3088755323,1,0,1,2066752129,https://doi.org/10.1177/0021886320960245,2020,article,18,168717511,32,50
3013342106,1,0,1,2066752129,https://doi.org/10.1140/epjds/s13688-019-0214-8,2020,article,18,2504380752,28,61
3108429310,1,0,1,3123050710,https://doi.org/10.1016/j.joi.2020.101106,2020,article,18,205292342,18,51
2415480518,1,0,1,2066752129,https://doi.org/10.1016/j.socnet.2016.05.003,2016,article,18,26186134,32,41
2883157182,1,0,1,2066752129,https://doi.org/10.1007/s11192-018-2830-7,2018,article,18,148561398,18,34
4406255460,1,0,1,3123050710,https://doi.org/10.1007/s11192-024-05206-w,2025,article,18,148561398,14,146
4399779903,1,0,1,4313545395,https://doi.org/10.1016/j.joi.2024.101553,2024,article,18,205292342,14,96
4404913159,1,0,1,2913773162,https://doi.org/10.1073/pnas.2407644121,2024,article,18,125754415,18,109
2970694283,1,0,1,2059615831,https://doi.org/10.3390/su11174770,2019,article,18,10134376,20,84
4390806823,1,0,1,2913773162,https://doi.org/10.3389/fphy.2023.1301994,2024,article,18,2596760093,31,47
4407923069,1,0,1,2793071066,https://doi.org/10.1007/978-3-031-76859-0_15,2025,book-chapter,18,4404669424,27,128
3159335621,1,0,1,3123050710,https://doi.org/10.1111/hequ.12315,2021,article,18,184445340,32,37
1953706973,1,0,1,2066752129,https://doi.org/10.1007/s11192-016-2157-1,2016,article,18,148561398,18,48
3211934872,1,0,1,2913773162,https://doi.org/10.18653/v1/2021.emnlp-main.784,2021,article,18,4363608991,17,74
4366824725,1,0,1,4313545395,https://doi.org/10.1016/j.jhazmat.2023.131482,2023,article,18,145089992,23,106
3202061481,1,0,1,2793071066,https://doi.org/10.1109/tvcg.2021.3114790,2021,article,18,84775595,33,68
4250832487,1,1,0,2808505390,https://doi.org/10.1207/s15327043hup1203&4_2,1999,article,18,3835251,32,35
2999517783,1,0,1,2793071066,https://doi.org/10.3390/su12020660,2020,article,18,10134376,18,56
3124659118,1,0,1,2066752129,https://doi.org/10.2139/ssrn.3486314,2019,article,18,4210172589,33,93
4396218656,1,0,1,2793071066,https://doi.org/10.1145/3637419,2024,article,18,4210183893,17,95
3036723235,1,0,1,2793071066,https://doi.org/10.1007/978-3-030-50417-5_23,2020,book-chapter,18,106296714,13,32
2894203391,1,0,1,2547045893,https://doi.org/10.1016/j.shpsa.2018.11.007,2018,article,18,21220828,12,38
1976614097,1,1,0,2072576647,https://doi.org/10.2307/1467719,1995,article,18,81067756,23,0
3134391918,1,0,1,2913773162,https://doi.org/10.2478/jdis-2021-0019,2021,article,18,2764801193,18,66
4239023955,1,0,1,2913773162,https://doi.org/10.32942/osf.io/4a9p8,2020,preprint,17,,33,21
2144487957,1,0,1,2066752129,https://doi.org/10.2139/ssrn.2384068,2014,article,17,4210172589,17,197
4402704595,1,0,1,4313545395,https://doi.org/10.1109/cvpr52733.2024.01258,2024,article,17,,17,104
3010236929,1,0,1,2913773162,https://doi.org/10.1093/aesa/saz072,2020,article,17,79992667,23,127
1584011351,1,1,0,2808505390,https://doi.org/10.1080/09332480.1994.10542423,1994,article,17,121438726,22,0
3134355975,1,0,1,2066752129,https://doi.org/10.3897/zoologia.38.e61968,2021,article,17,98049309,33,39
1538595822,1,0,1,2066752129,https://doi.org/10.1002/asi.23505,2015,article,17,4210197613,18,51
3005900481,1,0,1,2547045893,https://doi.org/10.1038/s41598-020-71009-7,2020,article,17,196734849,18,26
4365790498,1,0,1,2066752129,https://doi.org/10.1109/tem.2023.3262257,2023,article,17,154533451,14,53
2032800154,1,1,0,2793071066,https://doi.org/10.1038/489496a,2012,article,17,137773608,27,1
3217410225,1,0,1,2303284028,https://doi.org/10.1287/msom.2021.1035,2021,article,17,81410195,14,57
4210502753,1,0,1,2793071066,https://doi.org/10.1007/s10584-021-03274-y,2022,article,17,204799461,18,68
2944612655,1,0,1,2793071066,https://doi.org/10.11606/issn.1982-8160.v13i1p27-48,2019,article,17,4210189121,33,37
4390663559,1,0,1,2913773162,https://doi.org/10.1038/s41587-023-02074-2,2024,letter,17,106963461,18,4
4404830201,1,0,1,2793071066,https://doi.org/10.1038/s41598-024-71230-8,2024,article,17,196734849,33,35
4205341691,1,0,1,2547045893,https://doi.org/10.1016/j.joi.2021.101248,2022,article,17,205292342,33,87
3036403688,1,0,1,2547045893,https://doi.org/10.1016/j.joi.2020.101065,2020,article,17,205292342,18,66
2770013698,1,0,1,2066752129,https://doi.org/10.1037/apl0000270,2017,article,17,166002381,32,37
4401256332,1,0,1,4313545395,https://doi.org/10.1038/s41467-024-50779-y,2024,article,17,64187185,17,48
3206826520,1,0,1,2303284028,https://doi.org/10.1038/s41598-022-05217-8,2022,article,17,196734849,17,42
2896864700,1,0,1,2547045893,https://doi.org/10.1140/epjds/s13688-019-0201-0,2019,article,17,2504380752,33,57
2909199843,1,0,1,2066752129,https://doi.org/10.1109/access.2018.2890372,2019,article,17,2485537415,14,86
3096250321,1,0,1,2066752129,https://doi.org/10.1007/s10489-020-01919-6,2020,article,17,74726891,33,109
4391933464,1,0,1,2793071066,https://doi.org/10.2478/jdis-2024-0006,2024,article,17,2764801193,18,88
3124832177,1,0,1,2066752129,https://doi.org/10.1287/mnsc.2018.3261,2019,article,17,33323087,31,48
2104108898,1,1,0,2808505390,https://doi.org/10.1123/jsep.25.2.253,2003,article,17,25288619,20,23
3010925935,1,0,1,2066752129,https://doi.org/10.1525/elementa.407,2020,article,17,4210174983,23,103
4390639884,1,0,1,2066752129,https://doi.org/10.1007/s11192-023-04924-x,2024,article,17,148561398,18,53
2215106148,1,0,1,2066752129,https://doi.org/10.2139/ssrn.2478627,2014,article,17,4210172589,18,98
2941315059,1,0,1,2059615831,https://doi.org/10.1080/09654313.2019.1606897,2019,article,17,175414165,33,91
2795415132,1,0,1,2066752129,https://doi.org/10.1007/s11192-018-2900-x,2018,article,17,148561398,18,51
2560266964,1,0,1,2072576647,https://doi.org/10.1002/ecs2.1479,2016,article,17,98723585,23,81
4205195364,1,0,1,2793071066,https://doi.org/10.1088/2632-072x/ac4bee,2022,article,17,4210184083,31,54
4308161732,1,0,1,2793071066,https://doi.org/10.1109/tkde.2022.3219209,2022,article,17,30698027,17,74
4318595768,1,0,1,2547045893,https://doi.org/10.1007/s11192-023-04633-5,2023,article,17,148561398,14,31
4293826008,1,0,1,3123050710,https://doi.org/10.1111/1756-2171.12422,2022,article,17,34139249,20,60
3188305254,1,0,1,2793071066,https://doi.org/10.1016/j.joi.2021.101199,2021,article,17,205292342,18,107
2883713496,1,0,1,3123050710,https://doi.org/10.1016/j.joi.2018.07.006,2018,article,17,205292342,18,101
4213169217,1,0,1,2793071066,https://doi.org/10.1007/s11192-022-04282-0,2022,article,17,148561398,13,76
4297910414,1,0,1,2793071066,https://doi.org/10.1016/j.jss.2022.111518,2022,article,17,37879656,17,109
2951507555,1,0,1,2793071066,https://doi.org/10.48550/arxiv.1903.11367,2019,preprint,17,4377196390,31,24
2997410851,1,0,1,2066752129,https://doi.org/10.1108/lht-01-2019-0026,2019,article,17,143568823,18,53
4388077846,1,0,1,2793071066,https://doi.org/10.1007/s11628-023-00547-7,2023,article,17,3409213,17,83
3177203044,1,0,1,2913773162,https://doi.org/10.1016/j.worlddev.2021.105602,2021,article,17,85457386,20,126
3018239759,1,0,1,2547045893,https://doi.org/10.1016/j.joi.2020.101038,2020,article,17,205292342,18,48
4321648234,1,0,1,2793071066,https://doi.org/10.1109/tkde.2023.3248608,2023,article,17,30698027,17,63
4280536899,1,0,1,2066752129,https://doi.org/10.1037/apl0001019,2022,article,16,166002381,32,66
4296808957,1,0,1,2793071066,https://doi.org/10.1371/journal.pone.0274810,2022,article,16,202381698,18,46
4280600976,1,0,1,2059615831,https://doi.org/10.1111/twec.13298,2022,article,16,45372229,14,77
2970497837,1,0,1,2913773162,https://doi.org/10.1017/cts.2019.398,2019,article,16,4210205013,18,13
2984371554,1,0,1,2793071066,https://doi.org/10.1007/s11123-019-00567-4,2019,article,16,34280410,18,31
3203824013,1,0,1,2913773162,https://doi.org/10.1371/journal.pcbi.1009330,2021,editorial,16,86033158,36,8
4223464570,1,0,1,3201257425,https://doi.org/10.1017/9781108937207,2022,book,16,4306462995,12,182
4367400101,1,0,1,2066752129,https://doi.org/10.1016/j.joi.2023.101410,2023,article,16,205292342,18,88
3010895283,1,0,1,3123050710,https://doi.org/10.1093/reseval/rvaa003,2020,article,16,16793705,18,28
4309338831,1,0,1,2066752129,https://doi.org/10.1016/j.jbusres.2022.08.027,2022,article,16,93284759,14,150
3173423342,1,0,1,2793071066,https://doi.org/10.1007/s11192-021-04079-7,2021,article,16,148561398,18,32
4317935178,1,0,1,2066752129,https://doi.org/10.29333/ejmste/12875,2023,article,16,2764699309,22,246
4411272998,1,0,1,2066752129,https://doi.org/10.1287/orsc.2024.19018,2025,article,16,206124708,14,202
4321496489,1,0,1,4313545395,https://doi.org/10.1038/d41586-023-00528-w,2023,article,16,137773608,27,2
3194963579,1,0,1,2793071066,https://doi.org/10.1109/access.2021.3105183,2021,article,16,2485537415,17,97
4327997901,1,0,1,2547045893,https://doi.org/10.1016/j.ipm.2023.103344,2023,article,16,174847851,31,53
2090052396,1,1,0,2059615831,https://doi.org/10.1111/twec.12059,2013,article,16,45372229,20,58
4309729140,1,0,1,2793071066,https://doi.org/10.1017/nws.2022.33,2022,article,16,2530642067,31,163
3204726834,1,0,1,2913773162,https://doi.org/10.17309/tmfv.2021.3.12,2021,article,16,4210227874,36,17
4411611554,1,0,1,2793071066,https://doi.org/10.3390/cancers17132102,2025,review,16,168415115,27,322
3116936324,1,0,1,2793071066,https://doi.org/10.1186/s12961-021-00770-6,2021,article,16,201446958,26,108
4403371534,1,0,1,2793071066,https://doi.org/10.1038/s43247-024-01760-6,2024,article,16,4210221880,22,108
3177083377,1,0,1,2547045893,https://doi.org/10.1007/s11192-021-04078-8,2021,article,16,148561398,18,58
3133518617,1,0,1,2808505390,https://doi.org/10.1017/ehs.2021.14,2021,article,16,4210210912,28,82
4303437230,1,0,1,2547045893,https://doi.org/10.3368/jhr.59.2.1219-10630r1,2022,article,16,62957338,18,21
4400212857,1,0,1,4313545395,https://doi.org/10.3390/soc14070106,2024,article,16,4210173133,20,80
2738988341,1,0,1,2066752129,https://doi.org/10.1007/s11024-017-9330-4,2017,article,16,205537954,18,43
2766960565,1,0,1,2547045893,https://doi.org/10.1109/access.2017.2765363,2017,article,16,2485537415,31,27
4386373965,1,0,1,4313545395,https://doi.org/10.1787/dc21227a-en,2023,report,16,4210170535,20,39
2756827716,1,0,1,2547045893,https://doi.org/10.1007/s11573-017-0880-6,2017,article,16,2913204857,18,32
3036836845,1,0,1,2913773162,https://doi.org/10.1016/j.tree.2020.06.002,2020,article,16,79131028,32,15
2031056015,1,1,0,2072576647,https://doi.org/10.1086/681106,2015,article,16,2490919458,23,54
4401117764,1,0,1,2913773162,https://doi.org/10.1287/mnsc.2022.02797,2024,article,16,33323087,31,81
4323352178,1,0,1,4313545395,https://doi.org/10.1016/j.obhdp.2023.104235,2023,article,16,64744539,32,36
4318932068,1,0,1,2793071066,https://doi.org/10.1097/ceh.0000000000000473,2022,review,16,105679133,36,31
4399455920,1,0,1,2913773162,https://doi.org/10.1007/s11192-024-05063-7,2024,article,16,148561398,14,94
4396895033,1,0,1,2793071066,https://doi.org/10.1186/s12998-024-00539-y,2024,article,16,194730835,27,99
4389697063,1,0,1,2913773162,https://doi.org/10.1016/j.jue.2023.103629,2023,article,16,147692640,18,24
4312058934,1,0,1,2913773162,https://doi.org/10.1016/j.ipm.2022.103237,2022,article,16,174847851,31,62
2900064782,1,0,1,2793071066,https://doi.org/10.1007/978-3-030-03496-2_14,2018,book-chapter,16,106296714,17,20
4376871313,1,0,1,2913773162,https://doi.org/10.1093/jamia/ocad048,2023,article,16,129839026,18,20
2901706626,1,0,1,2066752129,https://doi.org/10.5751/es-10495-230431,2018,article,15,148307540,28,40
2964234550,1,0,1,2547045893,https://doi.org/10.1016/j.joi.2018.06.009,2018,article,15,205292342,20,63
4313420092,1,0,1,2913773162,https://doi.org/10.1016/j.ipm.2022.103238,2022,article,15,174847851,33,55
4399295314,1,0,1,2066752129,https://doi.org/10.1111/jpim.12750,2024,article,15,93630570,14,95
4229007245,1,0,1,2913773162,https://doi.org/10.1109/tcyb.2022.3168343,2022,article,15,4210191041,31,73
4281662565,1,0,1,2066752129,https://doi.org/10.3233/wor-211275,2022,article,15,130455057,33,70
4390510066,1,0,1,2793071066,https://doi.org/10.1038/s41467-023-44515-1,2024,article,15,64187185,12,61
3212133989,1,0,1,2547045893,https://doi.org/10.12688/f1000research.73893.1,2021,preprint,15,4210239046,27,59
3003159855,1,0,1,3123050710,https://doi.org/10.2139/ssrn.3331686,2019,article,15,4210172589,14,39
2275741625,1,1,0,2059615831,,2013,book,15,7407055460,14,0
4399143446,1,0,1,2913773162,https://doi.org/10.1016/j.techsoc.2024.102614,2024,article,15,149100181,20,119
2810554438,1,0,1,2059615831,https://doi.org/10.1093/jeg/lby033,2018,article,15,46039370,14,73
2962408914,1,0,1,2793071066,https://doi.org/10.3389/fdata.2019.00026,2019,article,15,4210201220,18,18
4391775473,1,0,1,4313545395,https://doi.org/10.1007/s11948-024-00465-5,2024,article,15,14881475,33,40
4313569284,1,0,1,2913773162,https://doi.org/10.1111/poms.13939,2023,article,15,149070780,18,111
4310215608,1,0,1,3123050710,https://doi.org/10.1177/10422587221138226,2022,article,15,187626162,14,142
4377030453,1,0,1,4313545395,https://doi.org/10.1016/j.giq.2023.101831,2023,article,15,201710173,33,69
4297272069,1,0,1,2793071066,https://doi.org/10.1007/s11192-022-04484-6,2022,article,15,148561398,31,66
2400200412,1,0,1,2066752129,https://doi.org/10.48550/arxiv.1605.05822,2016,preprint,15,4306400194,33,57
2549860790,1,0,1,2066752129,https://doi.org/10.5751/es-07943-200416,2015,article,15,148307540,17,25
3031744557,1,0,1,2547045893,https://doi.org/10.1371/journal.pone.0233765,2020,article,15,202381698,18,28
2916063080,1,0,1,3123050710,https://doi.org/10.1007/s11192-019-03022-1,2019,article,15,148561398,18,91
4225001009,1,0,1,2066752129,https://doi.org/10.1145/3491102.3501862,2022,article,15,4363607743,32,50
2072790842,1,1,0,3123050710,https://doi.org/10.1016/j.respol.2012.11.006,2012,article,15,9731383,18,31
4408362381,1,0,1,2066752129,https://doi.org/10.1287/isre.2021.0048,2025,article,15,202812398,33,56
4406429994,1,0,1,3123050710,https://doi.org/10.1080/10999922.2024.2448875,2025,article,15,132726681,18,35
3183032501,1,0,1,2793071066,https://doi.org/10.1007/s11192-021-04080-0,2021,article,15,148561398,14,40
4391174471,1,0,1,2913773162,https://doi.org/10.1001/jamasurg.2023.7167,2024,article,15,86924810,27,25
4290649029,1,0,1,2808505390,https://doi.org/10.7554/elife.78830,2022,article,15,1336409049,18,118
3041338552,1,0,1,2547045893,https://doi.org/10.1109/access.2020.3007709,2020,article,15,2485537415,18,117
4404765270,1,0,1,2066752129,https://doi.org/10.1111/jpim.12766,2024,article,15,93630570,14,122
4362470482,1,0,1,2547045893,https://doi.org/10.1016/j.joi.2023.101401,2023,article,15,205292342,31,73
4391554416,1,0,1,2066752129,https://doi.org/10.1016/j.respol.2024.104973,2024,article,14,9731383,20,88
4283170678,1,0,1,3123050710,https://doi.org/10.1145/3527927.3532813,2022,article,14,4306418137,18,32
2992792966,1,0,1,3123050710,https://doi.org/10.1016/j.joi.2019.100998,2019,article,14,205292342,18,52
2613679943,1,0,1,2066752129,https://doi.org/10.2139/ssrn.2962146,2017,preprint,14,4210172589,20,22
4390833871,1,0,1,4313545395,https://doi.org/10.1186/s12868-024-00874-z,2024,review,14,82595977,28,190
4319073946,1,0,1,4313545395,https://doi.org/10.1186/s13321-023-00683-2,2023,letter,14,180838163,13,27
3011653325,1,0,1,3123050710,https://doi.org/10.1017/9781108762519.008,2020,book-chapter,14,4306462995,33,1064
3039581579,1,0,1,2913773162,https://doi.org/10.17582/journal.pjz/20200608144416,2020,article,14,204491027,27,59
3107424790,1,0,1,2066752129,https://doi.org/10.1016/j.conb.2020.10.020,2020,review,14,120775027,28,57
2051828614,1,1,0,4378980478,https://doi.org/10.1002/asi.21335,2010,article,14,4306525036,18,0
2969330343,1,0,1,2808505390,https://doi.org/10.1098/rsos.190944,2019,article,14,2737558550,31,41
4367554933,1,0,1,2913773162,https://doi.org/10.1002/job.2708,2023,article,14,160573970,14,350
4286223331,1,0,1,2066752129,https://doi.org/10.1093/jeg/lbac020,2022,article,14,46039370,20,59
4411136353,1,0,1,2066752129,https://doi.org/10.25300/misq/2025/18765,2025,article,14,57293258,20,117
3082689905,1,0,1,3123050710,https://doi.org/10.15828/2075-8545-2020-12-4-223-231,2020,article,14,2738232315,22,20
4384664235,1,0,1,2547045893,https://doi.org/10.1073/pnas.2213697120,2023,article,14,125754415,18,55
3007514842,1,0,1,2547045893,https://doi.org/10.48550/arxiv.1704.06017,2017,article,14,4306401454,31,67
4206263180,1,0,1,2913773162,https://doi.org/10.1186/s13059-021-02575-w,2022,editorial,14,81160022,12,11
281463231,1,0,1,2066752129,https://doi.org/10.1371/journal.pone.0127390,2015,article,14,202381698,31,76
4226286787,1,0,1,2547045893,https://doi.org/10.12688/f1000research.73893.2,2021,preprint,14,4210239046,27,64
3137077289,1,0,1,2793071066,https://doi.org/10.1162/qss_a_00127,2021,article,14,4210195326,20,56
4399922286,1,0,1,2913773162,https://doi.org/10.1631/fitee.2300459,2024,article,14,4210189857,17,44
4384342524,1,0,1,2793071066,https://doi.org/10.1007/s00407-023-00314-0,2023,article,14,4501114,23,41
3162291683,1,0,1,2913773162,https://doi.org/10.31234/osf.io/ra9qy,2020,preprint,14,,18,37
3022866618,1,0,1,2793071066,https://doi.org/10.1007/s11192-020-03441-5,2020,article,14,148561398,18,48
2905297080,1,0,1,2547045893,https://doi.org/10.1109/smartworld.2018.00177,2018,article,14,,17,49
3037332735,1,0,1,2913773162,https://doi.org/10.29024/sar.16,2020,article,14,4210207082,18,41
2903131337,1,0,1,2066752129,https://doi.org/10.1111/jems.12295,2018,article,14,115237062,33,44
2895496625,1,0,1,2547045893,https://doi.org/10.1016/j.shpsa.2018.12.010,2018,article,14,21220828,18,54
2942209515,1,0,1,2066752129,https://doi.org/10.1787/0d057da7-en,2019,paratext,14,4210170535,14,71
2911124123,1,0,1,3123050710,https://doi.org/10.1111/joes.12369,2020,article,14,124549413,18,51
4388182359,1,0,1,2303284028,https://doi.org/10.1111/ijmr.12354,2023,review,14,87745625,14,408
4388574136,1,0,1,2059615831,https://doi.org/10.1080/00343404.2023.2269205,2023,article,14,175672440,20,64
1965742012,1,0,1,2066752129,https://doi.org/10.1016/j.evalprogplan.2014.09.001,2014,article,14,1842953,36,30
2406195986,1,0,1,2066752129,https://doi.org/10.1111/cars.12104,2016,article,14,4210229212,33,97
2774738661,1,0,1,2547045893,https://doi.org/10.1109/icdmw.2017.124,2017,article,14,,33,34
4288067487,1,0,1,2913773162,https://doi.org/10.3390/en15155447,2022,article,14,198098182,17,50
4210925699,1,0,1,2793071066,https://doi.org/10.1016/j.joi.2022.101260,2022,article,14,205292342,18,70
2618690259,1,0,1,2547045893,https://doi.org/10.1038/s41598-017-02826-6,2017,article,14,196734849,13,52
4407358683,1,0,1,2066752129,https://doi.org/10.1145/3708557.3716334,2025,preprint,14,,33,54
4367308881,1,0,1,2547045893,https://doi.org/10.1016/j.joi.2023.101409,2023,article,14,205292342,18,44
3173218607,1,0,1,2066752129,https://doi.org/10.1016/j.respol.2021.104313,2021,article,14,9731383,14,113
4403640824,1,0,1,2303284028,https://doi.org/10.1111/1475-679x.12580,2024,article,14,111116695,14,56
4405667249,1,0,1,2066752129,https://doi.org/10.1016/j.technovation.2024.103153,2024,article,14,70698675,14,82
4210643154,1,0,1,2066752129,https://doi.org/10.1108/nbri-09-2021-0062,2022,article,13,4210192138,14,37
4234145543,1,1,0,3123050710,https://doi.org/10.1186/gb-2012-13-5-155,2012,article,13,4210206758,33,0
3029810440,1,0,1,2066752129,https://doi.org/10.1177/0093650220926001,2020,article,13,28604305,14,65
3165608171,1,0,1,2793071066,https://doi.org/10.2166/wst.2021.191,2021,review,13,53450646,23,48
3128331013,1,0,1,2793071066,https://doi.org/10.1162/qss_e_00121,2021,article,13,4210195326,17,74
4283394296,1,0,1,2303284028,https://doi.org/10.1111/poms.13793,2022,article,13,149070780,14,125
2184806179,1,0,1,2066752129,https://doi.org/10.1007/s10693-018-0302-0,2018,article,13,79175213,14,51
3193756400,1,0,1,2913773162,https://doi.org/10.23919/jsc.2021.0011,2021,article,13,4210224752,31,506
4393078703,1,1,0,3201257425,https://doi.org/10.1109/icsc59802.2024,2024,paratext,13,,17,0
3189139331,1,0,1,2066752129,https://doi.org/10.1108/lht-01-2021-0038,2021,article,13,143568823,18,32
2986171860,1,0,1,3123050710,https://doi.org/10.1093/reseval/rvz030,2019,article,13,16793705,18,36
4405653684,1,0,1,2059615831,https://doi.org/10.1108/jibr-09-2023-0288,2024,article,13,136286870,14,54
4403377182,1,0,1,2913773162,https://doi.org/10.1007/s11192-024-05176-z,2024,article,13,148561398,27,15
4288084170,1,0,1,2913773162,https://doi.org/10.1016/j.joi.2022.101318,2022,article,13,205292342,18,73
4402903066,1,0,1,2793071066,https://doi.org/10.1021/acsami.4c11087,2024,article,13,164001016,22,40
4224640160,1,0,1,3123050710,https://doi.org/10.1108/fs-03-2021-0078,2022,article,13,2358700,14,89
4381550441,1,0,1,2793071066,https://doi.org/10.1007/s11573-023-01167-3,2023,article,13,2913204857,32,142
4409101267,1,0,1,2793071066,https://doi.org/10.3390/metrics2020005,2025,article,13,4404675543,17,126
4286482592,1,0,1,2913773162,https://doi.org/10.31222/osf.io/krb58,2019,preprint,13,,18,178
4250928698,1,0,1,2913773162,https://doi.org/10.18653/v1/p19-3,2019,paratext,13,,17,417
4226207769,1,0,1,2059615831,https://doi.org/10.1111/1911-3846.12783,2022,article,13,65924262,14,132
2951681101,1,0,1,2547045893,https://doi.org/10.1145/3292500.3330867,2019,article,13,,17,33
2808494527,1,0,1,2547045893,https://doi.org/10.1155/2018/4697485,2018,article,13,207319443,31,38
2568018095,1,0,1,2066752129,https://doi.org/10.21425/f58429770,2016,article,13,2765041714,23,135
4396877618,1,0,1,4313545395,https://doi.org/10.1109/tem.2024.3399758,2024,article,13,154533451,14,66
4283066376,1,0,1,2793071066,https://doi.org/10.3390/ijerph19127394,2022,article,13,15239247,23,104
4212821304,1,0,1,2066752129,https://doi.org/10.1007/s11192-022-04290-0,2022,article,13,148561398,13,55
3047827715,1,0,1,2913773162,https://doi.org/10.1016/j.jsis.2020.101620,2020,article,13,6144335,14,130
2291666778,1,0,1,2066752129,https://doi.org/10.1145/2808797.2808846,2015,article,13,,18,38
4387204488,1,0,1,3123050710,https://doi.org/10.1108/ajim-04-2023-0119,2023,article,13,4210181081,18,67
2792996172,1,0,1,2066752129,https://doi.org/10.1093/biolre/ioy068,2018,letter,13,130598054,27,9
4387138412,1,0,1,2793071066,https://doi.org/10.1007/s12650-023-00941-3,2023,article,13,10355277,17,45
4200604962,1,0,1,2913773162,https://doi.org/10.1002/ardp.202100432,2021,article,13,174911965,13,46
4280535942,1,0,1,2793071066,https://doi.org/10.3390/ijgi11050309,2022,article,13,2764431341,20,146
3205227354,1,0,1,2793071066,https://doi.org/10.1109/tbdata.2022.3152386,2022,article,13,2491400915,17,128
4384069115,1,0,1,2793071066,https://doi.org/10.1007/s10462-023-10548-7,2023,article,13,122814990,17,81
4327905078,1,0,1,3123050710,https://doi.org/10.1016/j.respol.2023.104729,2023,article,13,9731383,18,84
4386810319,1,0,1,4313545395,https://doi.org/10.1101/2023.09.15.557994,2023,preprint,13,4306402567,13,41
2798598413,1,0,1,2547045893,https://doi.org/10.18637/jss.v092.i03,2020,article,13,167961193,31,58
3001843569,1,0,1,2793071066,https://doi.org/10.21105/joss.02028,2020,article,13,4210214273,13,9
4385640927,1,0,1,2066752129,https://doi.org/10.2139/ssrn.4531209,2023,article,13,4210172589,33,108
4290964129,1,0,1,2059615831,https://doi.org/10.1016/j.technovation.2022.102593,2022,article,13,70698675,14,138
2898404956,1,0,1,2547045893,https://doi.org/10.1037/gpr0000165,2018,article,13,100167944,32,118
4206661091,1,0,1,2066752129,https://doi.org/10.1108/s0733-558x20220000077002,2022,book-chapter,13,4210170888,14,55
3216890370,1,0,1,2066752129,https://doi.org/10.1016/j.techfore.2021.121385,2021,article,12,39307421,17,84
3158330469,1,0,1,2793071066,https://doi.org/10.1111/aor.13990,2021,review,12,40391745,27,3
3001827578,1,0,1,2066752129,https://doi.org/10.1016/j.acap.2020.01.010,2020,review,12,141855577,33,59
4210786499,1,0,1,2913773162,https://doi.org/10.1007/s11129-021-09246-x,2022,article,12,4210206015,33,42
3157754712,1,0,1,2066752129,https://doi.org/10.1093/jae/ejab008,2021,article,12,36588791,18,47
4393929826,1,0,1,4313545395,https://doi.org/10.1371/journal.pone.0301091,2024,article,12,202381698,20,66
3160757339,1,0,1,2066752129,https://doi.org/10.1017/cts.2021.788,2021,article,12,4210205013,18,42
4361272352,1,0,1,2066752129,https://doi.org/10.1287/mnsc.2023.4743,2023,article,12,33323087,33,73
3158882319,1,0,1,2066752129,https://doi.org/10.1145/3449290,2021,article,12,4210183893,33,103
4311313048,1,0,1,2066752129,https://doi.org/10.22219/raden.v2i2.23224,2022,article,12,4210179223,33,56
3159424659,1,0,1,2808505390,https://doi.org/10.1111/jpim.12573,2021,article,12,93630570,32,96
2965269740,1,0,1,2793071066,https://doi.org/10.1016/j.heliyon.2019.e02089,2019,article,12,2898612692,31,90
4400053001,1,0,1,2793071066,https://doi.org/10.1080/13658816.2024.2369540,2024,article,12,4210181446,31,48
4285806551,1,0,1,2913773162,https://doi.org/10.1016/j.scib.2022.07.022,2022,article,12,4210187383,33,13
4387385608,1,0,1,2793071066,https://doi.org/10.1109/tem.2023.3312923,2023,article,12,154533451,33,79
2609982828,1,0,1,2066752129,https://doi.org/10.1080/24705357.2016.1251296,2016,article,12,4210169531,23,43
4386462101,1,0,1,2913773162,https://doi.org/10.1371/journal.pbio.3002267,2023,article,12,154343897,13,19
4292589995,1,0,1,2303284028,https://doi.org/10.1007/s11192-022-04479-3,2022,article,12,148561398,18,40
4225543478,1,0,1,2793071066,https://doi.org/10.33265/polar.v41.8037,2022,article,12,182295942,23,87
3111963421,1,0,1,2793071066,https://doi.org/10.1109/tits.2020.3041904,2020,article,12,144771191,18,90
4408235320,1,0,1,4313545395,https://doi.org/10.1038/s44284-025-00209-x,2025,article,12,4390297069,20,62
4324001825,1,0,1,2547045893,https://doi.org/10.1016/j.joi.2023.101394,2023,article,12,205292342,18,42
4383314032,1,0,1,2066752129,https://doi.org/10.1111/hequ.12454,2023,article,12,184445340,18,86
4229029466,1,0,1,2547045893,https://doi.org/10.1371/journal.pone.0267541,2022,article,12,202381698,20,24
4317394891,1,0,1,2066752129,https://doi.org/10.1177/0308518x221143115,2023,article,12,87933477,14,77
4403778766,1,0,1,2066752129,https://doi.org/10.1007/s11192-024-05183-0,2024,article,12,148561398,33,82
4283747656,1,0,1,2547045893,https://doi.org/10.1007/s11192-022-04444-0,2022,article,12,148561398,18,53
2792950999,1,0,1,2547045893,https://doi.org/10.1109/access.2018.2812923,2018,article,12,2485537415,31,20
3035255267,1,0,1,2066752129,https://doi.org/10.1016/j.jse.2020.04.011,2020,review,12,146952083,27,43
4293053292,1,0,1,2059615831,https://doi.org/10.1111/radm.12545,2022,article,12,43637407,20,68
3213812569,1,0,1,2066752129,https://doi.org/10.3390/su132212502,2021,article,12,10134376,18,107
4319324173,1,0,1,2066752129,https://doi.org/10.1016/j.joi.2022.101372,2023,article,12,205292342,31,58
2806855186,1,0,1,2793071066,https://doi.org/10.1016/j.neuroimage.2018.09.005,2018,article,12,103225281,28,50
4401630845,1,0,1,4378980478,https://doi.org/10.1021/acs.chemmater.4c00981,2024,article,12,66104727,17,70
4295878695,1,0,1,2793071066,https://doi.org/10.1162/qss_a_00211,2022,article,12,4210195326,18,66
4220898886,1,0,1,2547045893,https://doi.org/10.1007/s11192-022-04328-3,2022,article,12,148561398,14,74
3113979596,1,0,1,2793071066,https://doi.org/10.1007/s11192-021-03926-x,2021,article,12,148561398,18,64
2955933887,1,0,1,2066752129,https://doi.org/10.1161/circresaha.119.315249,2019,review,12,10652568,18,23
4414034625,1,0,1,2913773162,https://doi.org/10.1007/s11192-025-05413-z,2025,article,12,148561398,18,40
4391708056,1,0,1,2913773162,https://doi.org/10.1016/j.ipm.2024.103669,2024,article,12,174847851,20,105
4312161114,1,0,1,2066752129,https://doi.org/10.1007/s12403-022-00529-6,2022,article,12,4210194204,23,48
2912066205,1,0,1,2303284028,https://doi.org/10.1016/j.respol.2019.03.001,2019,article,12,9731383,18,19
3186962513,1,0,1,2066752129,https://doi.org/10.1115/1.4051683,2021,article,12,88457320,22,80
4294683610,1,0,1,2793071066,https://doi.org/10.1002/asi.24709,2022,article,12,4210197613,18,37
2979622828,1,0,1,2547045893,https://doi.org/10.1073/pnas.1901975116,2019,article,12,125754415,33,59
2944423419,1,0,1,2913773162,https://doi.org/10.24215/18539912e068,2019,article,12,2738311133,18,29
4414491904,1,0,1,4313545395,https://doi.org/10.1126/scirobotics.adv7932,2025,article,12,4210213233,18,31
4280499065,1,0,1,2913773162,https://doi.org/10.1111/ceo.14109,2022,letter,12,95018974,27,5
3038101076,1,0,1,2793071066,https://doi.org/10.1162/qss_a_00055,2020,article,12,4210195326,33,73
4390095016,1,0,1,2913773162,https://doi.org/10.1016/j.respol.2023.104927,2023,article,12,9731383,18,117
2909474463,1,0,1,2547045893,https://doi.org/10.1007/978-3-030-10997-4_13,2019,book-chapter,12,106296714,18,51
3194073379,1,0,1,2913773162,https://doi.org/10.31557/apjcp.2021.22.8.2385,2021,article,12,121579133,18,21
3007924185,1,0,1,2066752129,https://doi.org/10.1111/socf.12591,2020,article,12,193359815,14,61
2990435935,1,0,1,2793071066,https://doi.org/10.1109/smc.2019.8913961,2019,article,12,,18,17
1553216965,1,0,1,2913773162,https://doi.org/10.2139/ssrn.2329605,2012,article,12,4210172589,31,55
2733082800,1,0,1,2066752129,https://doi.org/10.1007/s40753-017-0056-3,2017,article,12,4210169242,32,8
3024910830,1,0,1,2066752129,https://doi.org/10.1016/j.jcorpfin.2023.102420,2023,article,12,152282257,14,66
3146557723,1,0,1,2066752129,https://doi.org/10.1111/jems.12482,2022,article,12,115237062,33,44
4389139657,1,0,1,2066752129,https://doi.org/10.1016/j.riob.2023.100190,2023,article,11,55099511,20,98
2987341774,1,0,1,2066752129,https://doi.org/10.1007/978-3-030-20992-6_37,2019,book-chapter,11,,18,69
4412457231,1,0,1,2066752129,https://doi.org/10.1002/asi.70005,2025,article,11,4210197613,17,65
4407816110,1,0,1,2793071066,https://doi.org/10.1177/2057150x241306780,2025,review,11,2764961298,33,211
3029615787,1,0,1,2793071066,https://doi.org/10.1016/j.joi.2020.101046,2020,article,11,205292342,18,58
4285090095,1,0,1,2793071066,https://doi.org/10.1007/s42102-022-00082-5,2022,article,11,4210206529,22,27
3207328817,1,0,1,2913773162,https://doi.org/10.1007/s11186-021-09463-z,2021,article,11,118419795,33,125
2019479620,1,0,1,2066752129,https://doi.org/10.1136/neurintsurg-2015-011781,2015,review,11,66405466,27,32
4388954791,1,0,1,2913773162,https://doi.org/10.1016/j.techfore.2023.122975,2023,article,11,39307421,14,65
4410721345,1,0,1,2547045893,https://doi.org/10.3346/jkms.2025.40.e170,2025,review,11,11290066,27,58
4308623191,1,0,1,2066752129,https://doi.org/10.1371/journal.pone.0276061,2022,article,11,202381698,32,96
4382863536,1,0,1,2793071066,https://doi.org/10.1177/01655515231182073,2023,article,11,68913162,14,59
3157277397,1,0,1,2913773162,https://doi.org/10.1088/1742-6596/1883/1/012129,2021,article,11,4210187594,18,46
2904405183,1,0,1,2793071066,https://doi.org/10.1002/9781118900772.etrds0464,2018,other,11,4363606319,18,36
4388073692,1,0,1,2547045893,https://doi.org/10.1016/j.joi.2023.101465,2023,article,11,205292342,18,78
4387207800,1,0,1,2547045893,https://doi.org/10.1016/j.chaos.2023.114088,2023,article,11,70718007,20,30
3161374501,1,0,1,2066752129,https://doi.org/10.1080/10438599.2022.2038147,2022,article,11,192056284,20,98
4405696051,1,0,1,4313545395,https://doi.org/10.3390/su162411259,2024,article,11,10134376,20,39
4388112544,1,0,1,2793071066,https://doi.org/10.1002/asi.24847,2023,article,11,4210197613,18,61
2963508484,1,0,1,2547045893,https://doi.org/10.1002/asi.24158,2019,article,11,4210197613,31,55
2275366782,1,0,1,2066752129,https://doi.org/10.1287/orsc.2018.1241,2018,article,11,206124708,14,59
4391467088,1,0,1,2793071066,https://doi.org/10.1073/pnas.2312468120,2024,article,11,125754415,20,73
2979262175,1,0,1,2793071066,https://doi.org/10.1016/j.ins.2019.09.082,2019,article,11,192650101,17,56
2785508589,1,0,1,2059615831,https://doi.org/10.1093/oxfordhb/9780198755609.013.48,2018,book,11,4306463708,14,66
3126940618,1,0,1,2066752129,https://doi.org/10.1287/orsc.2021.1455,2021,article,11,206124708,18,126
4220726248,1,0,1,2793071066,https://doi.org/10.1002/asi.24636,2022,article,11,4210197613,18,72
4388376578,1,0,1,2913773162,https://doi.org/10.1111/tops.12706,2023,article,11,22283869,32,68
4360999773,1,0,1,4313545395,https://doi.org/10.1038/s41587-023-01736-5,2023,letter,11,106963461,33,16
3123172152,1,0,1,2793071066,https://doi.org/10.2139/ssrn.3193712,2018,article,11,4210172589,18,66
4400339496,1,0,1,4378980478,https://doi.org/10.1016/j.joi.2024.101556,2024,article,11,205292342,18,58
3200037450,1,0,1,2793071066,https://doi.org/10.1016/bs.hesind.2021.11.008,2021,book-chapter,11,72310667,18,375
3041184853,1,0,1,2793071066,https://doi.org/10.2478/jdis-2020-0020,2020,article,11,2764801193,18,30
3128904864,1,0,1,2793071066,https://doi.org/10.1093/icesjms/fsab003,2021,article,11,200038611,17,48
2971895289,1,0,1,2547045893,https://doi.org/10.1007/s11192-020-03616-0,2020,article,11,148561398,31,52
4384343477,1,0,1,2059615831,https://doi.org/10.1007/s43546-023-00514-4,2023,article,11,4210236701,17,47
4280539559,1,0,1,2913773162,https://doi.org/10.1177/08944393211028182,2022,article,11,127118166,31,22
4280546383,1,0,1,2793071066,https://doi.org/10.1111/cag.12767,2022,article,11,94414036,33,186
4226239338,1,0,1,2793071066,https://doi.org/10.3389/fenvs.2022.821342,2022,article,11,2596204836,13,41
4387439775,1,0,1,4313545395,https://doi.org/10.1080/15265161.2023.2250276,2023,letter,11,41709181,17,8
2895307512,1,0,1,2547045893,https://doi.org/10.1007/s11192-018-2918-0,2018,article,11,148561398,18,21
4253488359,1,1,0,2072576647,https://doi.org/10.1086/jnortamerbentsoc.7.4.1467293,1988,article,11,81067756,23,0
4410487689,1,0,1,2303284028,https://doi.org/10.1016/j.eswa.2025.128240,2025,article,11,13144211,17,88
3107473458,1,0,1,2066752129,https://doi.org/10.7249/rra208-1,2020,book,11,4306463832,20,103
4313420457,1,0,1,3201257425,https://doi.org/10.1016/j.compind.2022.103829,2022,article,11,60779006,14,62
2564914268,1,0,1,2066752129,https://doi.org/10.1007/978-3-319-44989-0_2,2017,book-chapter,11,,14,37
2990236762,1,0,1,2793071066,https://doi.org/10.1209/0295-5075/128/16001,2019,article,11,161185981,31,52
4402403513,1,0,1,4313545395,https://doi.org/10.1086/732355,2024,article,11,165709033,33,116
4401919473,1,0,1,4313545395,https://doi.org/10.1093/9780197765142.001.0001,2024,book,11,,17,756
2410819834,1,1,0,2913773162,,2015,article,11,,18,0
4395463147,1,0,1,2547045893,https://doi.org/10.1007/s10115-024-02119-1,2024,article,11,81770430,18,74
4409452418,1,0,1,2066752129,https://doi.org/10.1016/j.technovation.2025.103233,2025,article,11,70698675,20,139
4399143656,1,0,1,2793071066,https://doi.org/10.1016/j.bioorg.2024.107505,2024,review,11,165482960,27,112
4387246898,1,0,1,3123050710,https://doi.org/10.18845/te.v17i3.6850,2023,article,11,4210230920,22,58
4362519644,1,0,1,2303284028,https://doi.org/10.1016/j.cie.2023.109213,2023,article,11,196821226,14,99
4213197377,1,0,1,2059615831,https://doi.org/10.1016/j.techsoc.2022.101936,2022,article,11,149100181,14,76
3007468041,1,0,1,2547045893,https://doi.org/10.1103/physreve.102.032303,2020,article,11,4210235286,31,38
2560553475,1,0,1,2066752129,https://doi.org/10.1007/s11192-016-2203-z,2016,article,11,148561398,18,47
4285503073,1,0,1,2808505390,https://doi.org/10.3167/latiss.2022.150204,2022,article,11,117351501,17,47
3107875585,1,0,1,2913773162,https://doi.org/10.1002/smr.2317,2020,article,11,4210172359,17,71
4213331476,1,0,1,2808505390,https://doi.org/10.1140/epjds/s13688-022-00322-0,2022,article,11,2504380752,17,37
4391944797,1,0,1,2066752129,https://doi.org/10.1080/07421222.2023.2301172,2024,article,11,9954729,14,67
4409720437,1,0,1,2066752129,https://doi.org/10.1145/3706599.3719792,2025,article,11,,18,100
4210815143,1,0,1,2793071066,https://doi.org/10.1109/tcss.2022.3144247,2022,article,11,2490693980,31,40
4283398159,1,0,1,2059615831,https://doi.org/10.1111/grow.12644,2022,article,11,100141487,20,103
3097246879,1,0,1,2793071066,https://doi.org/10.1007/s11192-020-03644-w,2020,article,11,148561398,18,56
3092236986,1,0,1,2793071066,https://doi.org/10.1057/s41599-020-00608-6,2020,article,11,4210206302,32,83
4401575579,1,0,1,2913773162,https://doi.org/10.1038/s41587-024-02351-8,2024,article,11,106963461,18,27
4404138849,1,0,1,2066752129,https://doi.org/10.1073/pnas.2400812121,2024,article,11,125754415,27,48
4390086781,1,0,1,2547045893,https://doi.org/10.1016/j.respol.2023.104939,2023,article,11,9731383,18,70
2168490952,1,0,1,2066752129,https://doi.org/10.48550/arxiv.1412.4754,2014,preprint,11,4306400194,18,26
2654802362,1,0,1,2547045893,https://doi.org/10.1016/j.joi.2017.06.001,2017,preprint,11,205292342,18,64
2051051309,1,1,0,2072576647,https://doi.org/10.1086/681303,2015,article,11,2490919458,23,67
2336060891,1,0,1,2066752129,,2016,article,10,30879505,14,9
4403172274,1,0,1,4313545395,https://doi.org/10.1085/jgp.202413654,2024,article,10,168548653,27,32
4312067492,1,0,1,2547045893,https://doi.org/10.1038/s41598-022-25430-9,2022,article,10,196734849,20,24
2771875615,1,0,1,2547045893,https://doi.org/10.1371/journal.pone.0189096,2017,article,10,202381698,18,48
4388018260,1,0,1,2793071066,https://doi.org/10.1016/j.isci.2023.108361,2023,article,10,2898358376,20,55
4288066691,1,0,1,2913773162,https://doi.org/10.1002/asi.24699,2022,article,10,4210197613,18,61
3196652917,1,0,1,2808505390,https://doi.org/10.31235/osf.io/4z6w8,2021,article,10,,18,100
3092524769,1,0,1,2913773162,https://doi.org/10.1098/rsif.2020.0667,2020,article,10,129150467,17,40
4391603087,1,0,1,4313545395,https://doi.org/10.1021/acscatal.3c06337,2024,article,10,37391459,18,89
4306408045,1,0,1,2793071066,https://doi.org/10.1007/s11192-022-04561-w,2022,article,10,148561398,33,15
4200485965,1,1,0,4378980478,https://doi.org/10.1016/j.joi.2021.101241,2021,article,10,205292342,18,34
3034419660,1,0,1,2066752129,https://doi.org/10.1007/s13412-020-00616-7,2020,article,10,2764462298,18,65
4293727927,1,0,1,2547045893,https://doi.org/10.3389/fphys.2022.933069,2022,article,10,52732750,13,32
4281712531,1,0,1,2913773162,https://doi.org/10.1371/journal.pone.0269116,2022,article,10,202381698,18,113
4403745206,1,0,1,2303284028,https://doi.org/10.3389/fenvs.2024.1490657,2024,article,10,2596204836,20,68
4415042857,1,0,1,4313545395,https://doi.org/10.1007/s00210-025-04651-5,2025,article,10,159534381,18,176
2981063185,1,0,1,2066752129,https://doi.org/10.48550/arxiv.1910.09370,2019,preprint,10,4306400194,22,17
2970537128,1,0,1,2793071066,https://doi.org/10.1086/705543,2019,article,10,192525298,33,51
4399150394,1,0,1,2303284028,https://doi.org/10.1016/j.technovation.2024.103048,2024,article,10,70698675,18,113
2256324173,1,1,0,2059615831,https://doi.org/10.4337/9781847207012.00048,2007,book-chapter,10,4306463223,20,0
4387706569,1,0,1,2913773162,https://doi.org/10.3390/ijgi12100428,2023,article,10,2764431341,20,44
3013039127,1,0,1,3123050710,https://doi.org/10.1017/s0269889720000046,2019,article,10,7273216,18,92
4409079818,1,0,1,2913773162,https://doi.org/10.1098/rsif.2024.0827,2025,article,10,129150467,33,79
4321328847,1,0,1,4313545395,https://doi.org/10.1080/1612197x.2023.2180072,2023,article,10,2764536895,32,70
4245044315,1,0,1,2793071066,https://doi.org/10.1007/978-3-030-11226-4_11,2019,book-chapter,10,2764900261,18,6
3138984484,1,0,1,2547045893,https://doi.org/10.1093/comnet/cnab003,2020,article,10,2531583244,20,40
4296100768,1,0,1,2913773162,https://doi.org/10.3390/molecules27185996,2022,review,10,108911230,15,15
4412707360,1,0,1,2303284028,https://doi.org/10.1016/j.jenvman.2025.126700,2025,article,10,44455300,23,63
2995724026,1,0,1,2793071066,https://doi.org/10.1094/phyto-05-19-0168-rvw,2019,article,10,85201822,11,117
4400857957,1,0,1,3123050710,https://doi.org/10.1016/j.joi.2024.101564,2024,article,10,205292342,18,40
4378576251,1,0,1,2793071066,https://doi.org/10.1016/j.heliyon.2023.e16779,2023,review,10,2898612692,18,146
4395110194,1,0,1,2793071066,https://doi.org/10.1038/s41598-024-58367-2,2024,article,10,196734849,18,51
3012995543,1,0,1,2793071066,https://doi.org/10.48550/arxiv.2003.12042,2020,preprint,10,4306400194,17,24
3110347485,1,0,1,3123050710,https://doi.org/10.1177/1533033820977536,2020,article,10,2955411,13,31
4396496328,1,0,1,4313545395,https://doi.org/10.1177/01492063241247496,2024,article,10,122767448,18,118
3107617408,1,0,1,2793071066,https://doi.org/10.5944/rhd.vol.5.2020.27687,2020,article,10,4210202453,33,56
3101186954,1,0,1,2547045893,https://doi.org/10.3897/subtbiol.36.59960,2020,article,10,2764509370,19,46
3009483797,1,0,1,3123050710,https://doi.org/10.1007/s11229-020-02614-2,2020,article,10,255146,12,65
4206528714,1,0,1,2793071066,https://doi.org/10.1109/access.2022.3143612,2022,article,10,2485537415,31,48
4311809755,1,0,1,2066752129,https://doi.org/10.1007/s00191-022-00804-4,2022,article,10,121026525,18,82
3160006506,1,0,1,2303284028,https://doi.org/10.1007/s11192-021-04025-7,2021,article,10,148561398,14,78
2902573422,1,0,1,2066752129,https://doi.org/10.2139/ssrn.3283355,2018,article,10,4210172589,33,54
3033905408,1,0,1,2793071066,https://doi.org/10.1016/j.joi.2020.101042,2020,article,10,205292342,31,64
2940471765,1,0,1,2793071066,,2019,article,10,,17,11
3191598918,1,0,1,2793071066,https://doi.org/10.1145/3461702.3462616,2021,article,10,,33,41
3213627122,1,0,1,2793071066,https://doi.org/10.1016/j.joi.2021.101220,2021,article,10,205292342,31,55
2806101023,1,0,1,2547045893,https://doi.org/10.1007/978-3-319-92871-5_7,2018,book-chapter,10,106296714,31,49
4362590329,1,0,1,2808505390,https://doi.org/10.1016/j.joep.2023.102627,2023,article,10,71968408,20,105
4387801234,1,0,1,2793071066,https://doi.org/10.1145/3586183.3606791,2023,article,10,,17,40
3100365444,1,0,1,2547045893,https://doi.org/10.3929/ethz-b-000190734,2017,article,10,4306402302,31,50
4297492762,1,0,1,2547045893,https://doi.org/10.1186/s40814-022-01179-w,2022,letter,10,2764511738,36,47
4399163107,1,0,1,2913773162,https://doi.org/10.2139/ssrn.4844976,2024,article,9,4210172589,14,30
2586059503,1,0,1,2066752129,https://doi.org/10.1037/apl0000191,2017,article,9,166002381,18,17
4399668480,1,0,1,2066752129,https://doi.org/10.1213/ane.0000000000006877,2024,article,9,104698359,14,43
2899439129,1,0,1,2066752129,https://doi.org/10.3138/jcs.2017-0055.r1,2018,article,9,193055510,32,47
4387265978,1,0,1,4313545395,https://doi.org/10.15407/visn2023.09.024,2023,article,9,4210214173,22,5
4381715780,1,0,1,2793071066,https://doi.org/10.1007/s11356-023-27828-y,2023,review,9,87561820,20,97
4211088211,1,0,1,2066752129,https://doi.org/10.1155/2022/9236743,2022,article,9,207319443,18,37
3116139706,1,0,1,2793071066,https://doi.org/10.31812/123456789/4119,2020,report,9,,17,32
3192594503,1,0,1,2793071066,https://doi.org/10.24965/gapp.i26.10909,2021,article,9,2738413365,33,72
4404552500,1,0,1,4313545395,https://doi.org/10.1002/ecy.4475,2024,article,9,35917800,17,48
4380302025,1,0,1,2066752129,https://doi.org/10.1609/icwsm.v17i1.22199,2023,article,9,4387284482,33,28
2324946788,1,1,0,2303284028,https://doi.org/10.1097/nt.0b013e318260b6e7,2012,article,9,107966883,27,0
4401065609,1,0,1,4313545395,https://doi.org/10.2139/ssrn.4907474,2024,preprint,9,4210172589,14,55
3190405510,1,0,1,2793071066,https://doi.org/10.1007/s11482-021-09969-9,2021,review,9,108875122,27,132
2897839023,1,0,1,2066752129,https://doi.org/10.1371/journal.pone.0203065,2018,article,9,202381698,33,59
4401586871,1,0,1,2793071066,https://doi.org/10.1098/rsif.2024.0173,2024,article,9,129150467,33,26
3144492639,1,0,1,2793071066,https://doi.org/10.1371/journal.pone.0248881,2021,article,9,202381698,11,33
4210346896,1,0,1,2547045893,https://doi.org/10.2478/jdis-2022-0005,2022,article,9,2764801193,17,30
4387799267,1,0,1,2793071066,https://doi.org/10.1080/08989621.2023.2272246,2023,article,9,36233454,33,49
4409682007,1,0,1,2793071066,https://doi.org/10.1093/biosci/biaf034,2025,article,9,121830084,11,53
3162955726,1,0,1,2547045893,https://doi.org/10.1162/qss_a_00132,2021,article,9,4210195326,18,91
4293879844,1,0,1,2547045893,https://doi.org/10.1016/j.physa.2022.128059,2022,article,9,24688465,20,58
2516971610,1,0,1,2066752129,https://doi.org/10.1007/s11192-016-2108-x,2016,article,9,148561398,20,56
4317952825,1,0,1,4313545395,https://doi.org/10.1038/d41586-023-00183-1,2023,editorial,9,137773608,20,10
3014591491,1,0,1,2913773162,https://doi.org/10.1186/s12932-020-00068-6,2020,editorial,9,192289729,19,20
4205907843,1,0,1,2913773162,https://doi.org/10.1007/s11356-021-18409-y,2022,article,9,87561820,23,39
2872097669,1,0,1,2066752129,https://doi.org/10.1002/asi.24033,2018,article,9,4210197613,17,66
4308791423,1,0,1,2793071066,https://doi.org/10.1371/journal.pone.0277621,2022,article,9,202381698,18,37
3039801823,1,0,1,2066752129,https://doi.org/10.1007/s11192-020-03579-2,2020,article,9,148561398,18,26
3202451499,1,0,1,2547045893,https://doi.org/10.1007/s42532-021-00093-4,2021,article,9,4210223094,23,89
2077104260,1,1,0,2072576647,https://doi.org/10.1086/681022,2015,article,9,2490919458,23,41
3016305772,1,0,1,2547045893,https://doi.org/10.48550/arxiv.2004.06628,2020,preprint,9,4306400194,23,58
2976744597,1,0,1,2793071066,https://doi.org/10.1007/s11192-019-03227-4,2019,article,9,148561398,17,73
3191069686,1,0,1,2913773162,https://doi.org/10.1016/j.surg.2021.05.011,2021,article,9,4210173306,27,25
4388700050,1,0,1,4313545395,https://doi.org/10.1038/s41585-023-00836-w,2023,review,9,67216020,27,9
4308471641,1,0,1,2547045893,https://doi.org/10.1016/j.joi.2022.101352,2022,article,9,205292342,33,89
3108473298,1,0,1,2793071066,https://doi.org/10.1016/j.joi.2020.101105,2020,article,9,205292342,31,73
2952504957,1,0,1,2066752129,https://doi.org/10.1007/s13278-019-0569-7,2019,article,9,2764891196,33,71
2893928918,1,0,1,2547045893,https://doi.org/10.1016/j.tree.2018.08.003,2018,article,9,79131028,18,16
4385910855,1,0,1,2793071066,https://doi.org/10.1044/2023_jslhr-23-00203,2023,review,9,110744938,18,33
3086674641,1,0,1,2793071066,https://doi.org/10.3390/math8091566,2020,article,9,4210192031,17,64
4409942906,1,0,1,4378980478,https://doi.org/10.1177/00018392251331957,2025,article,9,143668711,18,106
4404038939,1,0,1,2547045893,https://doi.org/10.1007/s11192-024-05194-x,2024,article,9,148561398,18,80
4388291579,1,0,1,4313545395,https://doi.org/10.1007/s11024-023-09514-y,2023,article,9,205537954,18,48
4413450797,1,0,1,2793071066,https://doi.org/10.1016/j.techfore.2025.124303,2025,article,9,39307421,27,91
4393233410,1,0,1,2059615831,https://doi.org/10.1080/00343404.2024.2316181,2024,article,9,175672440,14,81
2897468420,1,0,1,2066752129,https://doi.org/10.1093/jpo/joy012,2018,article,9,2735620406,14,119
3128358181,1,0,1,2793071066,https://doi.org/10.1038/s41598-021-81145-3,2021,article,9,196734849,17,51
4396214100,1,0,1,4313545395,https://doi.org/10.1080/14780887.2024.2347589,2024,article,9,51001188,33,52
4409580770,1,0,1,2066752129,https://doi.org/10.1073/pnas.2409752122,2025,article,9,125754415,18,61
4401024809,1,0,1,2059615831,https://doi.org/10.1016/j.iref.2024.103458,2024,article,9,168273071,20,183
3141756898,1,0,1,2066752129,https://doi.org/10.1002/mde.3318,2021,article,9,138400101,32,48
3014922476,1,0,1,2913773162,https://doi.org/10.1177/0165551520917654,2020,article,9,68913162,18,59
604717239,1,1,0,2066752129,,2011,article,9,34139249,14,26
4387665120,1,0,1,2066752129,https://doi.org/10.1073/pnas.2221915120,2023,article,9,125754415,18,27
4364376202,1,0,1,2066752129,https://doi.org/10.5465/amle.2021.0063,2023,article,9,45682993,14,139
2611914474,1,0,1,2066752129,https://doi.org/10.1108/md-08-2016-0533,2017,article,9,154010748,18,55
3036012889,1,0,1,2066752129,https://doi.org/10.1177/00222429211001050,2020,article,9,142990027,14,89
4224910602,1,0,1,2913773162,https://doi.org/10.4310/cis.2022.v22.n3.a3,2022,article,9,2765060502,13,42
4400951491,1,0,1,4313545395,https://doi.org/10.1038/d41586-024-02381-x,2024,editorial,9,137773608,28,2
3193525281,1,0,1,2913773162,https://doi.org/10.1016/j.tsc.2021.100928,2021,article,9,42886211,17,66
4388732175,1,0,1,4313545395,https://doi.org/10.1007/978-3-031-42756-5,2023,book,9,4210186867,33,417
2940576506,1,0,1,2793071066,https://doi.org/10.48550/arxiv.1904.12211,2019,preprint,9,4306400194,17,18
4399467443,1,0,1,2547045893,https://doi.org/10.1016/j.technovation.2024.103050,2024,article,9,70698675,25,107
3118297080,1,0,1,2066752129,https://doi.org/10.1038/s41598-020-79447-z,2021,article,9,196734849,31,54
3214620719,1,0,1,2066752129,https://doi.org/10.48550/arxiv.2009.12500,2020,preprint,9,4306525036,18,18
3088640069,1,0,1,2072576647,https://doi.org/10.1086/711756,2020,article,9,2490919458,23,57
2797476796,1,0,1,2547045893,https://doi.org/10.1098/rsos.180167,2018,article,9,2737558550,20,14
3088940299,1,0,1,2793071066,https://doi.org/10.15507/1991-9468.100.024.202003.352-376,2020,article,9,2765024263,18,18
4407023265,1,0,1,2793071066,https://doi.org/10.1057/s41599-025-04419-5,2025,article,9,4210206302,33,70
4393965099,1,0,1,4378980478,https://doi.org/10.1016/j.ipm.2024.103736,2024,article,9,174847851,18,82
3047883380,1,0,1,2913773162,https://doi.org/10.1093/icc/dtaa029,2020,article,9,145507837,14,40
4213289094,1,0,1,2066752129,https://doi.org/10.1016/j.respol.2022.104496,2022,article,9,9731383,14,52
2807980479,1,0,1,2059615831,https://doi.org/10.4337/9781786439901,2018,book,9,4306463223,33,60
3156921680,1,0,1,2913773162,https://doi.org/10.1080/10971475.2021.1958451,2021,article,9,114193083,14,71
4407213345,1,0,1,4313545395,https://doi.org/10.1109/tpami.2025.3539433,2025,article,9,199944782,17,91
3007792354,1,0,1,2793071066,,2020,preprint,9,4306400194,18,15
2929387755,1,0,1,2793071066,https://doi.org/10.1137/19m1262632,2021,preprint,9,4357572,31,114
4382631866,1,0,1,2793071066,https://doi.org/10.2196/46328,2023,article,9,17147534,26,29
4403162871,1,0,1,2793071066,https://doi.org/10.1080/08989621.2024.2405041,2024,review,9,36233454,18,46
3048268298,1,0,1,2793071066,https://doi.org/10.3390/e22080875,2020,article,9,195231649,18,36
2987210962,1,0,1,2913773162,https://doi.org/10.1016/j.physa.2019.123363,2019,article,8,24688465,31,30
4409884049,1,0,1,2913773162,https://doi.org/10.2139/ssrn.5211067,2025,review,8,4210172589,32,143
3016530524,1,0,1,2808505390,https://doi.org/10.1016/j.chaos.2020.109821,2020,article,8,70718007,20,25
3083826264,1,0,1,2793071066,https://doi.org/10.3389/frma.2020.00005,2020,article,8,2596295431,18,44
4389622704,1,0,1,2793071066,https://doi.org/10.34104/bjah.02302770290,2023,article,8,4210222785,12,40
3170985481,1,0,1,2066752129,https://doi.org/10.19053/01227238.11917,2020,article,8,2738462433,33,86
3188131360,1,0,1,2066752129,https://doi.org/10.1093/sf/soab053,2021,article,8,130611943,33,88
3171162853,1,0,1,2547045893,https://doi.org/10.1145/3427478.3427483,2020,article,8,4210205892,17,25
4382240441,1,0,1,4313545395,https://doi.org/10.1111/puar.13686,2023,article,8,76877748,33,72
2791097359,1,0,1,2059615831,https://doi.org/10.1108/mbr-06-2017-0035,2018,article,8,2764892107,14,65
4394605518,1,0,1,2066752129,https://doi.org/10.1287/orsc.2022.16176,2024,article,8,206124708,32,142
3100132063,1,0,1,2059615831,https://doi.org/10.1007/s40821-020-00175-5,2020,article,8,2764805720,14,108
4283654776,1,0,1,2793071066,https://doi.org/10.1007/s11192-022-04423-5,2022,article,8,148561398,17,86
4387083465,1,0,1,2793071066,https://doi.org/10.1016/j.joi.2023.101455,2023,article,8,205292342,33,76
3159190144,1,0,1,2793071066,https://doi.org/10.1016/j.physa.2022.128399,2022,article,8,24688465,31,62
1992052014,1,1,0,2059615831,https://doi.org/10.1007/s10997-005-3546-7,2006,article,8,6013065,14,38
4307296574,1,0,1,2793071066,https://doi.org/10.1016/j.cclet.2022.107936,2022,article,8,167919573,17,21
4384931830,1,0,1,2793071066,https://doi.org/10.1093/reseval/rvad020,2023,article,8,16793705,18,85
3096137818,1,0,1,2547045893,https://doi.org/10.1109/tcss.2020.3032568,2020,article,8,2490693980,18,39
285972415,1,0,1,2066752129,https://doi.org/10.2139/ssrn.2541383,2014,article,8,4210172589,18,35
3038049124,1,0,1,2793071066,https://doi.org/10.1162/qss_a_00064,2020,article,8,4210195326,12,43
4404732426,1,0,1,2793071066,https://doi.org/10.1111/cobi.14409,2024,article,8,98137347,18,98
4382876868,1,0,1,3201257425,https://doi.org/10.1016/j.joi.2023.101428,2023,article,8,205292342,31,58
4319955370,1,0,1,2547045893,https://doi.org/10.1088/1367-2630/acb590,2023,article,8,148121101,31,75
2944918087,1,0,1,2066752129,https://doi.org/10.1007/s11192-019-03097-w,2019,article,8,148561398,31,74
4235985668,1,1,0,2808505390,https://doi.org/10.1037/e520562012-689,2009,dataset,8,4306524878,28,0
4245129701,1,0,1,2066752129,https://doi.org/10.1093/oxfordhb/9780198795872.013.12,2019,book-chapter,8,4306463708,32,68
4210361969,1,0,1,2808505390,https://doi.org/10.1371/journal.pone.0261890,2022,article,8,202381698,20,23
4401268564,1,0,1,2066752129,https://doi.org/10.1002/smj.3649,2024,article,8,102949365,32,73
3206152683,1,0,1,3123050710,https://doi.org/10.3390/app11199288,2021,article,8,4210205812,33,76
3100700455,1,0,1,2793071066,https://doi.org/10.3390/e21121152,2019,article,8,195231649,18,60
4366827933,1,0,1,2066752129,https://doi.org/10.1007/s11192-023-04705-6,2023,article,8,148561398,18,43
4399499183,1,0,1,2793071066,https://doi.org/10.1590/0001-3765202420231068,2024,article,8,111086706,18,46
4393257488,1,0,1,2793071066,https://doi.org/10.1016/j.jenvman.2024.120699,2024,article,8,44455300,23,77
4394987478,1,0,1,2066752129,https://doi.org/10.1016/j.heliyon.2024.e30115,2024,article,8,2898612692,20,72
4407597022,1,0,1,2793071066,https://doi.org/10.1093/scipol/scae095,2024,article,8,4210168539,18,100
2971930042,1,0,1,2547045893,https://doi.org/10.1002/ece3.5567,2019,article,8,2482021738,23,59
4410132467,1,0,1,2913773162,https://doi.org/10.1002/smj.3720,2025,article,8,102949365,18,70
3154764278,1,0,1,2793071066,https://doi.org/10.5565/rev/redes.919,2021,article,8,2736391205,33,318
4411531913,1,0,1,4313545395,https://doi.org/10.1111/joms.13256,2025,article,8,151705444,14,63
2963851980,1,0,1,2547045893,https://doi.org/10.1038/s41598-018-26511-4,2018,article,8,4306400088,31,49
4293080803,1,0,1,2066752129,https://doi.org/10.1162/qss_a_00207,2022,article,8,4210195326,17,66
2016129005,1,0,1,2066752129,https://doi.org/10.17159/sajs.2015/a0093,2015,article,8,27554591,33,19
4367320222,1,0,1,2793071066,https://doi.org/10.3389/fpsyt.2023.1131769,2023,article,8,92766711,33,62
2798916611,1,0,1,2547045893,https://doi.org/10.1145/3184558.3186901,2018,article,8,,17,7
4380872113,1,0,1,4313545395,https://doi.org/10.1021/acssynbio.3c00255,2023,article,8,54167817,13,13
2899598880,1,0,1,2793071066,https://doi.org/10.1007/978-3-030-03496-2_16,2018,book-chapter,8,106296714,18,8
3195416036,1,0,1,2066752129,https://doi.org/10.1142/s0219525921400014,2021,article,8,4306402411,31,41
3187188937,1,0,1,2066752129,https://doi.org/10.1111/deci.12543,2021,article,8,177792750,17,88
4396632125,1,0,1,3123050710,https://doi.org/10.1016/j.respol.2024.105008,2024,article,8,9731383,17,150
3008489929,1,0,1,2793071066,https://doi.org/10.1007/s11192-020-03354-3,2020,article,8,148561398,18,28
4386951940,1,0,1,2793071066,https://doi.org/10.1126/sciadv.adh1933,2023,article,8,2737427234,33,79
4386329793,1,0,1,4313545395,https://doi.org/10.55430/jbzp2226,2023,book,8,4306463242,27,337
4390502838,1,0,1,2913773162,https://doi.org/10.1080/08989621.2023.2300255,2024,article,8,36233454,18,71
3178969673,1,0,1,2066752129,https://doi.org/10.1186/s12651-021-00302-3,2021,article,8,2764413441,33,97
4403110767,1,0,1,2303284028,https://doi.org/10.1016/j.energy.2024.133362,2024,article,8,2497375143,21,59
4385785841,1,0,1,2793071066,https://doi.org/10.1108/lht-05-2023-0180,2023,article,8,143568823,18,67
4404495715,1,0,1,2547045893,https://doi.org/10.1093/joc/jqae037,2024,article,8,107737141,33,58
4391460096,1,0,1,3123050710,https://doi.org/10.1016/j.joi.2024.101503,2024,article,8,205292342,18,67
4404940194,1,0,1,3123050710,https://doi.org/10.1002/bse.4061,2024,review,8,205793605,14,105
4214585228,1,0,1,2059615831,https://doi.org/10.1142/s0217590822500217,2022,article,8,62126747,20,81
4406793876,1,0,1,2793071066,https://doi.org/10.1371/journal.pone.0316913,2025,article,8,202381698,18,63
4403425124,1,0,1,4313545395,https://doi.org/10.1101/2024.10.14.618366,2024,preprint,8,4306402567,18,46
4406639574,1,0,1,4313545395,https://doi.org/10.1016/j.respol.2024.105166,2025,article,8,9731383,14,165
4377985282,1,0,1,2913773162,https://doi.org/10.1111/jcal.12829,2023,article,8,5743915,32,91
4410638296,1,0,1,4313545395,https://doi.org/10.1073/pnas.2425772122,2025,article,8,125754415,13,28
4400187223,1,0,1,2793071066,https://doi.org/10.1016/j.technovation.2024.103065,2024,article,8,70698675,33,167
3172031346,1,0,1,2547045893,https://doi.org/10.1145/3442442.3451370,2021,article,8,4306506652,17,25
4387142438,1,0,1,4313545395,https://doi.org/10.1016/j.jclepro.2023.139058,2023,article,8,58516903,11,59
4296778192,1,0,1,2066752129,https://doi.org/10.1093/icb/icac143,2022,article,8,103356783,22,26
3045325153,1,0,1,2793071066,https://doi.org/10.1016/j.physa.2020.124959,2020,article,7,24688465,18,48
3168373189,1,0,1,2066752129,https://doi.org/10.1016/j.poetic.2021.101573,2021,article,7,98355519,18,123
2931200840,1,0,1,2793071066,https://doi.org/10.1007/978-3-030-15719-7_33,2019,book-chapter,7,106296714,18,16
4401837867,1,0,1,2793071066,https://doi.org/10.1016/j.jenvman.2024.122228,2024,article,7,44455300,23,192
4405740236,1,0,1,4313545395,https://doi.org/10.1016/j.inffus.2024.102893,2024,article,7,7560371,17,70
2973493443,1,0,1,2547045893,https://doi.org/10.1007/s41060-019-00204-1,2020,preprint,7,4210195017,33,78
2953980663,1,0,1,2793071066,https://doi.org/10.18653/v1/w19-2503,2019,article,7,,33,51
2603195411,1,0,1,2066752129,https://doi.org/10.1086/691463,2017,article,7,5290899,36,48
4391849961,1,0,1,4313545395,https://doi.org/10.1016/j.nbt.2024.02.002,2024,review,7,139345353,23,34
4383313742,1,0,1,2793071066,https://doi.org/10.1007/s10940-023-09574-z,2023,article,7,25809236,33,78
4385808452,1,0,1,2793071066,https://doi.org/10.1108/jkm-01-2023-0083,2023,article,7,50631486,31,53
2978622875,1,0,1,3123050710,https://doi.org/10.1108/oir-09-2018-0284,2019,article,7,931548824,33,79
4417127410,1,0,1,3123050710,https://doi.org/10.1016/j.arr.2025.102987,2025,review,7,117312820,13,199
4240986753,1,0,1,2547045893,https://doi.org/10.1007/978-3-319-95498-1_12,2018,book-chapter,7,,32,64
3211735335,1,0,1,2793071066,https://doi.org/10.1017/cts.2021.823,2021,article,7,4210205013,22,30
3164395018,1,0,1,2808505390,https://doi.org/10.3389/fpsyg.2021.661523,2021,article,7,9692511,27,56
4408273864,1,0,1,3123050710,https://doi.org/10.1007/s11192-025-05277-3,2025,article,7,148561398,18,108
4403045207,1,0,1,2303284028,https://doi.org/10.1016/j.techsoc.2024.102720,2024,article,7,149100181,14,130
4399389468,1,0,1,4313545395,https://doi.org/10.1016/j.dcn.2024.101403,2024,article,7,176508836,32,125
1944873437,1,0,1,2066752129,https://doi.org/10.1016/j.joi.2015.10.005,2015,preprint,7,205292342,13,39
4409748850,1,0,1,2793071066,https://doi.org/10.1145/3706598.3713464,2025,article,7,,17,78
4312222594,1,0,1,2913773162,https://doi.org/10.1007/s12204-022-2558-7,2022,article,7,113449338,31,45
3014239299,1,0,1,2547045893,https://doi.org/10.7498/aps.68.20181948,2019,article,7,950076683,31,22
4289639924,1,0,1,2793071066,https://doi.org/10.1038/s41597-022-01585-y,2022,article,7,2607323502,18,50
4409888981,1,0,1,2793071066,https://doi.org/10.1007/s44248-025-00032-8,2025,article,7,4387287783,17,138
4391422221,1,0,1,2547045893,https://doi.org/10.1098/rsos.240809,2024,preprint,7,2737558550,20,58
3012443200,1,0,1,2547045893,https://doi.org/10.1080/19761597.2020.1734951,2020,article,7,116778711,18,59
4200405341,1,0,1,2066752129,https://doi.org/10.1016/j.socnet.2021.11.006,2021,article,7,26186134,18,26
3123543764,1,0,1,2303284028,https://doi.org/10.2139/ssrn.2990729,2017,article,7,4210172589,18,83
3118501686,1,0,1,2066752129,https://doi.org/10.1007/s11403-020-00314-1,2021,article,7,146534985,18,88
3128292606,1,0,1,2793071066,https://doi.org/10.1007/s11192-020-03832-8,2021,article,7,148561398,17,41
4385807971,1,0,1,2547045893,https://doi.org/10.1007/s11192-023-04805-3,2023,article,7,148561398,18,48
4298623000,1,0,1,2793071066,https://doi.org/10.1111/meta.12591,2022,article,7,62126955,18,51
7116760076,1,0,1,4313545395,https://doi.org/10.1177/13505084251399576,2025,article,7,72915307,12,37
4225128225,1,0,1,2793071066,https://doi.org/10.1209/0295-5075/ac6bbb,2022,article,7,161185981,17,35
4402270466,1,0,1,4313545395,https://doi.org/10.1007/s00267-024-02035-8,2024,article,7,131852149,22,109
4401290409,1,0,1,2793071066,https://doi.org/10.1007/s13162-024-00285-7,2024,article,7,4210173453,14,57
4389576059,1,0,1,2303284028,https://doi.org/10.1080/07421222.2023.2267314,2023,article,7,9954729,31,95
2913740058,1,0,1,2793071066,https://doi.org/10.1371/journal.pone.0210994,2019,article,7,202381698,18,23
3130673365,1,0,1,2547045893,https://doi.org/10.1155/2021/7035467,2021,article,7,207319443,17,35
4396952264,1,0,1,4313545395,https://doi.org/10.1101/2024.05.14.24307373,2024,preprint,7,3005729997,27,22
3111041150,1,0,1,2066752129,https://doi.org/10.1109/tcss.2020.3040956,2020,article,7,2490693980,17,30
4392123616,1,0,1,2793071066,https://doi.org/10.1162/qss_a_00295,2024,article,7,4210195326,18,54
2622864586,1,0,1,2066752129,https://doi.org/10.1515/fman-2017-0016,2017,article,7,2764761084,17,53
4406068225,1,0,1,4313545395,https://doi.org/10.1002/sd.3325,2025,article,7,165666656,20,94
4380680600,1,0,1,2793071066,https://doi.org/10.3389/fdata.2023.1054655,2023,article,7,4210201220,18,58
4386316660,1,0,1,2059615831,https://doi.org/10.1093/icc/dtad047,2023,article,7,145507837,20,158
4220708734,1,0,1,2066752129,https://doi.org/10.1002/gsj.1434,2022,article,7,2765008422,14,99
3196783294,1,0,1,2793071066,https://doi.org/10.1088/1742-5468/ac1667,2021,article,7,167943036,17,40
4311556896,1,0,1,2793071066,https://doi.org/10.1371/journal.pone.0278981,2022,article,7,202381698,32,117
3102684268,1,0,1,2066752129,https://doi.org/10.1140/epjp/s13360-021-01199-0,2021,article,7,2500088085,18,37
3125347003,1,0,1,2066752129,https://doi.org/10.1053/j.jfas.2020.11.005,2021,article,7,194540436,18,27
4396659421,1,0,1,4313545395,https://doi.org/10.1093/jrsssc/qlae023,2024,article,7,2764642956,14,43
4405821820,1,0,1,4313545395,https://doi.org/10.1080/08989621.2024.2445280,2024,article,7,36233454,18,32
4403666885,1,0,1,2059615831,https://doi.org/10.1093/cjres/rsae038,2024,article,7,97316453,20,112
4381054134,1,0,1,4313545395,https://doi.org/10.1007/s11192-023-04764-9,2023,article,7,148561398,33,84
4389627035,1,0,1,4313545395,https://doi.org/10.3390/plants12244143,2023,article,7,4210230202,11,84
4384662696,1,0,1,4313545395,https://doi.org/10.1088/2752-5295/ace3e9,2023,article,7,4210231123,33,11
4392985231,1,0,1,3201257425,https://doi.org/10.1057/s41599-024-02933-6,2024,article,7,4210206302,33,49
3003164510,1,0,1,2066752129,https://doi.org/10.3389/frma.2019.00006,2020,article,7,2596295431,18,30
4399357797,1,0,1,2059615831,https://doi.org/10.1007/s11575-024-00546-4,2024,article,7,128478731,14,149
4403778189,1,0,1,2793071066,https://doi.org/10.1177/17455057241290895,2024,review,7,46668055,27,48
3137970743,1,0,1,2547045893,https://doi.org/10.14429/djlit.41.1.16328,2021,article,7,2764964732,36,18
4393167258,1,0,1,2066752129,https://doi.org/10.1016/j.qsa.2024.100185,2024,article,7,4210225047,33,94
4399702658,1,0,1,2066752129,https://doi.org/10.22219/raden.v4i1.32636,2024,article,7,4210179223,17,85
4391656125,1,0,1,2303284028,https://doi.org/10.1016/j.yjoc.2024.100077,2024,article,7,4210200903,17,73
4408945795,1,0,1,2913773162,https://doi.org/10.3390/e27040351,2025,review,7,195231649,33,66
3133934580,1,0,1,2913773162,https://doi.org/10.1007/s00392-021-01813-2,2021,review,7,81098524,12,37
4322732742,1,0,1,2913773162,https://doi.org/10.3145/epi.2023.mar.04,2023,article,7,180455664,18,114
4226381432,1,1,0,4313545395,https://doi.org/10.48550/arxiv.2202.04044,2022,preprint,7,4306400194,33,0
4406509472,1,0,1,2793071066,https://doi.org/10.1016/j.techsoc.2025.102820,2025,article,7,149100181,20,96
3163347993,1,0,1,2913773162,https://doi.org/10.1007/s11192-021-04019-5,2021,article,7,148561398,14,74
2972192219,1,0,1,2066752129,https://doi.org/10.5860/crl.80.6.787,2019,article,7,100920005,33,27
3193347169,1,0,1,2913773162,https://doi.org/10.1177/01655515211040654,2021,article,7,68913162,18,73
4399901020,1,0,1,3123050710,https://doi.org/10.3389/fphar.2024.1394730,2024,article,7,132108250,27,88
4213030392,1,0,1,2793071066,https://doi.org/10.1093/reseval/rvab027,2021,article,7,16793705,33,86
3207704415,1,0,1,2793071066,https://doi.org/10.1088/1674-1056/ac4483,2021,article,7,33442941,31,53
2567850665,1,0,1,2066752129,https://doi.org/10.1007/978-3-319-45023-0_12,2017,book-chapter,7,4210191352,18,33
2518416739,1,0,1,2066752129,https://doi.org/10.1137/1.9781611974348.53,2016,article,7,,18,39
2989535919,1,0,1,3123050710,https://doi.org/10.1080/14479338.2019.1679024,2019,article,7,199690760,20,74
4296800936,1,0,1,2793071066,https://doi.org/10.1091/mbc.e22-04-0140,2022,article,7,188085164,18,13
2965484644,1,1,0,4313545395,https://doi.org/10.48550/arxiv.1907.11843,2019,preprint,7,4306400194,17,43
3126980133,1,0,1,2547045893,https://doi.org/10.1007/s11192-020-03823-9,2021,article,7,148561398,18,89
2970942723,1,0,1,2547045893,https://doi.org/10.1007/s41109-019-0171-y,2019,article,7,3035517252,31,64
4416019490,1,0,1,4313545395,https://doi.org/10.1016/j.jwb.2025.101689,2025,article,7,143995394,17,32
4312389271,1,0,1,2913773162,https://doi.org/10.17323/1814-9545-2022-4-80-106,2022,article,7,4210226328,18,38
4409499607,1,0,1,2793071066,https://doi.org/10.1073/pnas.2427157122,2025,article,7,125754415,27,58
3162309452,1,0,1,2913773162,https://doi.org/10.31234/osf.io/ahr7y,2020,preprint,7,,31,181
2977746310,1,0,1,2066752129,https://doi.org/10.17705/1jais.00570,2019,article,7,30879505,33,110
2898211262,1,0,1,2066752129,https://doi.org/10.1109/asonam.2018.8508597,2018,article,7,,33,49
4389524236,1,0,1,4378980478,https://doi.org/10.18653/v1/2023.findings-emnlp.820,2023,article,7,,17,65
2770314051,1,0,1,2547045893,https://doi.org/10.1007/978-3-319-72150-7_74,2017,book-chapter,7,2764461748,12,32
4311788262,1,0,1,2913773162,https://doi.org/10.3390/su142416818,2022,article,7,10134376,33,79
4309782685,1,0,1,2793071066,https://doi.org/10.1007/s11192-022-04581-6,2022,article,7,148561398,18,81
2765784264,1,0,1,2547045893,https://doi.org/10.1109/isncc.2017.8072031,2017,article,7,,18,20
4308271171,1,0,1,2913773162,https://doi.org/10.31235/osf.io/c8s3m,2022,preprint,7,,20,69
4408310119,1,0,1,4313545395,https://doi.org/10.1016/j.jik.2025.100692,2025,article,6,2898307581,20,70
4405449634,1,0,1,2913773162,https://doi.org/10.1108/ijis-09-2024-0262,2024,article,6,188742231,14,51
2263725170,1,0,1,2066752129,https://doi.org/10.2139/ssrn.2388254,2014,article,6,4210172589,31,50
4328134641,1,0,1,2303284028,https://doi.org/10.1080/09537325.2023.2191150,2023,article,6,130699561,17,26
4392960246,1,0,1,2793071066,https://doi.org/10.1080/08912963.2024.2330075,2024,article,6,174083873,23,45
2887318631,1,0,1,2066752129,https://doi.org/10.1371/journal.pone.0201577,2018,article,6,202381698,18,50
4401816742,1,0,1,2066752129,https://doi.org/10.1016/j.ijis.2024.08.002,2024,article,6,2898418539,33,69
4402092927,1,0,1,2793071066,https://doi.org/10.1016/j.fsisyn.2024.100542,2024,review,6,4210187928,18,68
3201196778,1,0,1,3123050710,https://doi.org/10.1093/icc/dtab054,2020,article,6,4306401954,18,69
4292261151,1,0,1,2066752129,https://doi.org/10.1007/s11192-022-04481-9,2022,article,6,148561398,18,70
4401101500,1,0,1,4313545395,https://doi.org/10.3389/fragi.2024.1353272,2024,article,6,4210191507,23,30
4306963805,1,0,1,2913773162,https://doi.org/10.3390/su142013566,2022,article,6,10134376,23,157
4389952366,1,0,1,4313545395,https://doi.org/10.1007/s43681-023-00382-6,2023,article,6,4210170699,32,35
4410464964,1,0,1,3123050710,https://doi.org/10.1007/s12671-025-02592-x,2025,article,6,47477353,32,68
4391656057,1,0,1,2547045893,https://doi.org/10.1016/j.heliyon.2024.e25717,2024,article,6,2898612692,27,64
4400041801,1,0,1,4313545395,https://doi.org/10.1038/d41586-024-02085-2,2024,article,6,137773608,18,10
2964036064,1,0,1,2547045893,https://doi.org/10.1145/3335547,2018,article,6,16632050,18,71
4413959113,1,0,1,2793071066,https://doi.org/10.3390/publications13030040,2025,article,6,2738007992,14,69
2795868700,1,0,1,2066752129,https://doi.org/10.3847/1538-4365/aab765,2018,article,6,183686791,18,29
4402909785,1,0,1,2793071066,https://doi.org/10.1016/j.heliyon.2024.e38696,2024,article,6,2898612692,17,140
4403466434,1,0,1,2303284028,https://doi.org/10.1016/j.energy.2024.133442,2024,article,6,2497375143,23,66
4401513383,1,0,1,2066752129,https://doi.org/10.1080/10438599.2024.2389253,2024,article,6,192056284,14,79
4393186793,1,0,1,2793071066,https://doi.org/10.1123/jpah.2023-0442,2024,article,6,2755080209,27,29
3214040338,1,0,1,2066752129,https://doi.org/10.29303/jipp.v6i3.268,2021,article,6,4210208829,33,36
4312313902,1,0,1,2072576647,https://doi.org/10.24275/uam/izt/dcbs/hidro/2022v32n2/duran,2022,article,6,145577349,23,51
3132781508,1,0,1,2547045893,https://doi.org/10.1007/s11192-021-03898-y,2021,article,6,148561398,18,68
2911168231,1,0,1,2793071066,https://doi.org/10.1016/j.physa.2019.01.011,2019,article,6,24688465,17,36
4401636365,1,0,1,2913773162,https://doi.org/10.5294/pacla.2024.27.4.1,2024,article,6,4210174964,33,79
4399083378,1,0,1,2793071066,https://doi.org/10.1002/lary.31533,2024,article,6,86387881,28,22
4413495546,1,0,1,2793071066,https://doi.org/10.1038/s44284-025-00305-y,2025,article,6,4390297069,22,45
4386779722,1,0,1,2793071066,https://doi.org/10.1016/j.jocs.2023.102137,2023,article,6,192071280,31,68
4225317009,1,0,1,3123050710,https://doi.org/10.1007/s00168-022-01131-z,2022,article,6,203746597,14,113
4377289694,1,0,1,4313545395,https://doi.org/10.1590/1982-7849rac2023230021.en,2023,article,6,2739018597,33,60
4406855740,1,0,1,4313545395,https://doi.org/10.1073/pnas.2401236121,2025,article,6,125754415,18,122
3012401131,1,0,1,2793071066,https://doi.org/10.1007/s10838-020-09497-4,2020,article,6,144298576,33,84
4416038469,1,0,1,2793071066,https://doi.org/10.1016/j.respol.2025.105370,2025,article,6,9731383,33,89
4394817120,1,0,1,2066752129,https://doi.org/10.3389/fams.2024.1384217,2024,article,6,2597085352,26,15
4233736114,1,0,1,2547045893,https://doi.org/10.1093/oxfordhb/9780190648077.013.13,2019,reference-entry,6,4306463708,32,91
4388724683,1,0,1,4313545395,https://doi.org/10.1007/978-3-031-42756-5_2,2023,book-chapter,6,4210186867,20,175
4362561132,1,0,1,2066752129,https://doi.org/10.1080/10400419.2023.2191919,2023,article,6,9211381,32,83
4320490866,1,0,1,2793071066,https://doi.org/10.1177/01655515221131796,2023,article,6,68913162,33,54
3121365987,1,0,1,2547045893,https://doi.org/10.1016/j.joi.2021.101130,2021,article,6,205292342,18,31
2948388008,1,0,1,2547045893,https://doi.org/10.1209/0295-5075/127/48002,2019,article,6,161185981,31,25
4223909350,1,0,1,2793071066,https://doi.org/10.1016/j.joi.2022.101288,2022,article,6,205292342,18,104
4281761586,1,0,1,2793071066,https://doi.org/10.1145/3529372.3530927,2022,article,6,,18,35
4243325776,1,1,0,2059615831,https://doi.org/10.1080/00343400701232173,2007,article,6,175672440,33,0
4376649644,1,0,1,2913773162,https://doi.org/10.1038/s41587-023-01771-2,2023,article,6,106963461,18,25
4400041725,1,0,1,4313545395,https://doi.org/10.1186/s13567-024-01333-7,2024,article,6,134003780,22,77
4387100482,1,0,1,2913773162,https://doi.org/10.1002/asi.24833,2023,article,6,4210197613,18,64
4409308238,1,0,1,2303284028,https://doi.org/10.3389/fsufs.2025.1547358,2025,article,6,4210212157,14,75
4283761446,1,0,1,2066752129,https://doi.org/10.1007/s10682-022-10192-7,2022,article,6,172494440,23,37
2941935972,1,0,1,2793071066,https://doi.org/10.1002/asi.24231,2019,article,6,4210197613,18,37
4378903584,1,0,1,4313545395,https://doi.org/10.1002/ange.202302971,2023,article,6,4210200754,18,145
2041314694,1,0,1,2066752129,https://doi.org/10.1093/reseval/rvv002,2015,article,6,16793705,14,35
4392927462,1,0,1,2066752129,https://doi.org/10.5465/amd.2023.0234,2024,article,6,4210202650,33,82
4387612678,1,0,1,2913773162,https://doi.org/10.1093/reseval/rvad028,2023,article,6,16793705,20,25
2980515587,1,0,1,2066752129,https://doi.org/10.18520/cs/v116/i3/379-385,2019,article,6,29607422,18,24
2002414253,1,0,1,2066752129,https://doi.org/10.1007/s10815-014-0205-4,2014,article,6,189402472,27,57
3166515796,1,0,1,3123050710,https://doi.org/10.21315/aamj2021.26.1.3,2021,review,6,2736787908,14,168
3179512007,1,0,1,2066752129,https://doi.org/10.1093/icc/dtab001,2021,article,6,145507837,31,123
1487414114,1,0,1,3123050710,,2017,report,6,4210172589,14,28
4409720436,1,0,1,2793071066,https://doi.org/10.1145/3706599.3706723,2025,article,6,,17,86
4285505852,1,0,1,2913773162,https://doi.org/10.4018/ijitsa.304813,2022,article,6,164667806,17,69
4403433114,1,0,1,4313545395,https://doi.org/10.1016/j.eap.2024.10.028,2024,article,6,2898574612,20,50
4391943398,1,0,1,4313545395,https://doi.org/10.1177/10892680241235120,2024,article,6,100167944,28,93
4210813679,1,0,1,2793071066,https://doi.org/10.1080/13662716.2022.2033179,2022,article,6,36209479,17,14
4381243830,1,0,1,2066752129,https://doi.org/10.1016/j.compind.2023.103973,2023,article,6,60779006,22,48
3129679142,1,0,1,2066752129,https://doi.org/10.1145/3447524,2021,article,6,103482838,22,4
4410722717,1,0,1,2793071066,https://doi.org/10.20944/preprints202505.1837.v1,2025,preprint,6,6309402219,13,203
4311875543,1,0,1,2066752129,https://doi.org/10.1111/rsp3.12612,2022,article,6,96871935,20,84
4404817717,1,0,1,2059615831,https://doi.org/10.1080/21582041.2024.2433670,2024,article,6,2764708137,20,39
4413478389,1,0,1,2066752129,https://doi.org/10.25300/misq/2016/40.1.e0,2016,article,6,57293258,18,10
4400855782,1,0,1,2793071066,https://doi.org/10.1016/j.apsoil.2024.105531,2024,article,6,148244296,11,92
4400888139,1,0,1,2303284028,https://doi.org/10.1016/j.est.2024.112894,2024,article,6,2764865925,14,126
4401911264,1,0,1,4313545395,https://doi.org/10.54900/r8zwg-62003,2024,preprint,6,,18,31
2968028347,1,0,1,2059615831,https://doi.org/10.4236/tel.2019.96117,2019,article,6,2764708357,20,28
4327890772,1,0,1,4313545395,https://doi.org/10.1145/3543873.3587614,2023,article,6,,17,35
4391399348,1,0,1,2066752129,https://doi.org/10.1002/smj.3585,2024,article,6,102949365,18,98
4409169289,1,0,1,2793071066,https://doi.org/10.5507/fot.2024.009,2025,article,6,146875840,25,51
640408141,1,1,0,2059615831,https://doi.org/10.1016/j.respol.2007.05.001,2007,article,6,9731383,14,10
4399140293,1,0,1,3123050710,https://doi.org/10.1108/ajim-07-2023-0243,2024,article,6,4210181081,33,56
3148397094,1,0,1,2066752129,https://doi.org/10.2139/ssrn.3287255,2018,article,6,4210172589,14,54
4391255710,1,0,1,2793071066,https://doi.org/10.1017/dap.2023.48,2024,article,6,4210198237,33,70
3203542918,1,0,1,2547045893,https://doi.org/10.11591/ijai.v10.i4.pp1103-1114,2021,article,6,2764408626,31,29
4411441619,1,0,1,2793071066,https://doi.org/10.1016/j.habitatint.2025.103481,2025,article,6,4210229294,20,121
4392119586,1,0,1,2066752129,https://doi.org/10.1162/qss_a_00294,2024,article,6,4210195326,33,94
4408253063,1,0,1,4378980478,https://doi.org/10.1007/s11192-025-05264-8,2025,article,6,148561398,18,67
2895787212,1,0,1,2793071066,https://doi.org/10.5281/zenodo.1492766,2018,article,6,4306400562,18,5
4399381708,1,0,1,2059615831,https://doi.org/10.1016/j.iref.2024.103390,2024,article,6,168273071,14,83
3169789610,1,0,1,2793071066,https://doi.org/10.5565/rev/ensciencias.3180,2021,article,6,4210180854,11,23
4389832854,1,0,1,2793071066,https://doi.org/10.1002/9781119700357.ch1,2023,other,6,2764668805,23,16
4401633772,1,0,1,2808505390,https://doi.org/10.1086/732049,2024,review,6,182717252,32,156
4391969690,1,0,1,2913773162,https://doi.org/10.31234/osf.io/jrczf,2024,preprint,6,,18,34
2966342600,1,0,1,2793071066,https://doi.org/10.1007/s10539-019-9697-8,2019,article,6,75346102,28,172
3136678813,1,0,1,2793071066,https://doi.org/10.1007/978-3-030-71292-1_9,2021,book-chapter,6,106296714,13,49
4391439090,1,0,1,4313545395,https://doi.org/10.1002/hcs2.82,2024,article,6,4393919543,27,40
296286118,1,0,1,2059615831,,2015,preprint,6,4306401593,20,98
3139053379,1,0,1,2793071066,https://doi.org/10.1007/s11192-021-03923-0,2021,article,6,4306402641,13,39
3011771025,1,0,1,3123050710,https://doi.org/10.1017/9781108762519.012,2020,book-chapter,6,4306462995,26,1065
3037018073,1,0,1,2793071066,https://doi.org/10.1145/3394231.3397925,2020,article,6,,17,28
2558125551,1,0,1,2066752129,https://doi.org/10.1016/j.physa.2017.02.026,2017,article,6,24688465,31,27
4411490478,1,0,1,2793071066,https://doi.org/10.1145/3732775.3733586,2025,article,6,,17,37
4399662738,1,0,1,2793071066,https://doi.org/10.1007/s11192-024-05059-3,2024,article,6,148561398,31,48
4396760399,1,0,1,2793071066,https://doi.org/10.1088/2515-7620/ad495d,2024,article,6,4210220720,33,44
4247075669,1,0,1,2066752129,https://doi.org/10.1007/978-3-030-11352-0_215,2019,book-chapter,5,,18,13
3088476972,1,0,1,2793071066,https://doi.org/10.48550/arxiv.2002.10033,2020,preprint,5,4306400194,18,12
4389125522,1,0,1,2303284028,https://doi.org/10.1016/j.technovation.2023.102920,2023,article,5,70698675,14,169
3110947645,1,0,1,2793071066,https://doi.org/10.1103/physrevresearch.2.043352,2020,article,5,4210240247,31,130
2186673985,1,0,1,2066752129,https://doi.org/10.2139/ssrn.2610562,2014,article,5,4210172589,14,30
4205543950,1,0,1,2793071066,https://doi.org/10.1109/bigdata52589.2021.9671505,2021,article,5,4363607718,17,43
4406280509,1,0,1,4313545395,https://doi.org/10.1016/j.nxsust.2025.100098,2025,article,5,4387292877,23,66
3111377609,1,0,1,2066752129,https://doi.org/10.1080/1359432x.2020.1858807,2020,article,5,187270080,32,125
4392672367,1,0,1,4313545395,https://doi.org/10.1016/j.ipm.2024.103707,2024,article,5,174847851,18,60
3118647375,1,0,1,2793071066,https://doi.org/10.1177/1059712320983045,2021,article,5,183337005,33,36
3037935187,1,0,1,2793071066,https://doi.org/10.1109/eais48028.2020.9122769,2020,article,5,,18,21
4312785530,1,0,1,2913773162,https://doi.org/10.1007/978-3-031-07555-1_3,2022,book-chapter,5,,23,4
4317653975,1,0,1,2059615831,https://doi.org/10.1093/icc/dtac065,2023,article,5,145507837,14,134
4387959115,1,0,1,2066752129,https://doi.org/10.1108/jbim-07-2022-0331,2023,article,5,119587767,14,104
3109984592,1,0,1,2066752129,https://doi.org/10.1017/9781108683173,2020,book,5,4306462995,31,37
4224260489,1,0,1,2793071066,https://doi.org/10.1371/journal.pone.0266513,2022,article,5,202381698,32,85
4287220054,1,0,1,2913773162,https://doi.org/10.3390/su14159000,2022,article,5,10134376,18,44
4225854267,1,0,1,2793071066,https://doi.org/10.1016/j.isci.2021.103610,2021,article,5,2898358376,13,88
2778696197,1,0,1,2066752129,https://doi.org/10.1080/19488289.2017.1409296,2017,article,5,4210168022,22,74
2620904994,1,0,1,2547045893,,2016,article,5,4306401228,12,10
2522794097,1,0,1,2059615831,https://doi.org/10.1080/00343404.2016.1215601,2016,article,5,175672440,33,55
3135692383,1,0,1,2793071066,https://doi.org/10.5281/zenodo.4548308,2021,article,5,4306400562,17,9
2979442573,1,0,1,2793071066,https://doi.org/10.1371/journal.pone.0223480,2019,article,5,202381698,31,64
4396242453,1,0,1,2066752129,https://doi.org/10.1162/qss_a_00307,2024,article,5,4210195326,31,66
4381460165,1,0,1,4313545395,https://doi.org/10.2478/jdis-2023-0010,2023,article,5,2764801193,18,63
4385499122,1,0,1,2066752129,https://doi.org/10.1093/icc/dtad014,2023,article,5,145507837,14,60
4410092760,1,0,1,2913773162,https://doi.org/10.1007/s11192-025-05276-4,2025,article,5,148561398,14,52
4408175751,1,0,1,2303284028,https://doi.org/10.1016/j.respol.2025.105216,2025,article,5,9731383,14,118
4411039580,1,0,1,2793071066,https://doi.org/10.1098/rsos.241678,2025,article,5,2737558550,12,88
4309339861,1,0,1,2793071066,https://doi.org/10.1016/j.simpa.2022.100444,2022,article,5,4210180398,17,31
4205313061,1,0,1,2793071066,https://doi.org/10.1109/bigdata52589.2021.9672040,2021,article,5,4363607718,31,16
2800250906,1,0,1,3123050710,https://doi.org/10.5735/085.055.0123,2018,article,5,110937496,11,44
4205588361,1,1,0,2793071066,https://doi.org/10.1038/4681002a,2010,editorial,5,137773608,33,0
4407819340,1,0,1,2066752129,https://doi.org/10.2147/jhl.s512053,2025,article,5,4210195813,14,7
4394926186,1,0,1,2066752129,https://doi.org/10.1002/mde.4203,2024,article,5,138400101,14,148
4360952456,1,0,1,4313545395,https://doi.org/10.1111/eci.13988,2023,article,5,153084679,22,4
4410187703,1,0,1,4313545395,https://doi.org/10.1017/lsi.2025.26,2025,article,5,129275725,33,168
2767920952,1,0,1,2066752129,https://doi.org/10.1155/2018/9173186,2018,article,5,207319443,18,41
4385274481,1,0,1,2913773162,https://doi.org/10.1111/caim.12568,2023,article,5,132285554,14,110
4389801547,1,0,1,4313545395,https://doi.org/10.7554/elife.93980,2023,article,5,1336409049,17,12
4404204645,1,0,1,2793071066,https://doi.org/10.1007/s13132-024-02450-6,2024,review,5,60370010,20,166
2942279730,1,0,1,2547045893,https://doi.org/10.1007/s11192-019-03107-x,2019,article,5,148561398,31,48
4399917575,1,0,1,3123050710,https://doi.org/10.1145/3635636.3656207,2024,article,5,4306418137,17,73
2981015451,1,0,1,2913773162,https://doi.org/10.1371/journal.pone.0223984,2019,article,5,202381698,19,89
3097888169,1,0,1,2303284028,https://doi.org/10.1007/s42973-020-00057-5,2020,article,5,41930762,14,48
3172834361,1,0,1,2913773162,https://doi.org/10.1038/s41598-021-90974-1,2021,article,5,196734849,31,52
4402411698,1,0,1,2793071066,https://doi.org/10.1177/20552076241279238,2024,article,5,4210188408,27,44
4386059491,1,0,1,2808505390,https://doi.org/10.1007/s11192-023-04803-5,2023,article,5,148561398,18,75
4316662845,1,0,1,2547045893,https://doi.org/10.1007/s11573-022-01132-6,2023,article,5,2913204857,14,65
3012490166,1,0,1,2913773162,https://doi.org/10.1007/s40484-020-0198-1,2020,article,5,4210172333,18,6
3011019761,1,0,1,3123050710,https://doi.org/10.1017/9781108762519.011,2020,book-chapter,5,4306462995,33,1065
2736559368,1,0,1,2066752129,https://doi.org/10.2139/ssrn.3000402,2017,article,5,4210172589,14,107
4393786216,1,1,0,4378980478,https://doi.org/10.5281/zenodo.6511057,2022,dataset,5,4306400562,17,0
2770067023,1,0,1,2066752129,https://doi.org/10.1007/978-3-319-72150-7_36,2017,book-chapter,5,2764461748,18,33
4312244229,1,0,1,2793071066,https://doi.org/10.15695/jstem/v5i2.10,2022,article,5,4210186553,27,37
3195252583,1,0,1,4313545395,https://doi.org/10.2139/ssrn.3902729,2021,article,5,4210172589,14,172
2611097796,1,1,0,3123050710,https://doi.org/10.1016/j.joi.2017.05.007,2017,article,5,205292342,17,55
4383648791,1,0,1,2913773162,https://doi.org/10.1007/978-3-031-34668-2_6,2023,book-chapter,5,106296714,17,43
4400485080,1,0,1,2793071066,https://doi.org/10.3390/systems12070248,2024,article,5,4210219410,14,93
2616469672,1,0,1,2547045893,https://doi.org/10.1111/ijag.12274,2017,article,5,63387040,18,27
4308120332,1,0,1,2547045893,https://doi.org/10.3390/jintelligence10040095,2022,article,5,2737368440,32,33
3158590911,1,0,1,3123050710,https://doi.org/10.1162/qss_a_00136,2021,article,5,4210195326,33,24
4385723987,1,0,1,2793071066,https://doi.org/10.1038/s41598-023-29979-x,2023,article,5,196734849,20,57
4413739636,1,0,1,2547045893,https://doi.org/10.1007/s11192-025-05406-y,2025,article,5,148561398,14,54
4392126422,1,0,1,2547045893,https://doi.org/10.1016/j.eswa.2024.123551,2024,article,5,13144211,17,90
4390937137,1,0,1,2066752129,https://doi.org/10.2139/ssrn.4686749,2024,article,5,4210172589,17,51
3168542108,1,0,1,2913773162,https://doi.org/10.1097/dcr.0000000000002118,2022,article,5,4306525036,18,5
4408934579,1,0,1,2066752129,https://doi.org/10.1111/joms.13224,2025,article,5,151705444,14,148
4311506913,1,0,1,2066752129,https://doi.org/10.1017/nws.2022.34,2022,article,5,2530642067,14,76
3163219630,1,0,1,2913773162,https://doi.org/10.31234/osf.io/rqwea,2019,preprint,5,,18,17
3128210415,1,0,1,2793071066,https://doi.org/10.1155/2021/6649519,2021,article,5,207319443,17,23
4387215233,1,0,1,4313545395,https://doi.org/10.3389/fpsyg.2023.1217823,2023,article,5,9692511,33,37
2912449338,1,0,1,2547045893,https://doi.org/10.7717/peerj-cs.182,2019,article,5,4210178049,18,61
2341715782,1,0,1,2066752129,https://doi.org/10.1145/2872518.2890515,2016,article,5,,18,19
4392189275,1,0,1,2066752129,https://doi.org/10.1371/journal.pone.0298735,2024,article,5,202381698,14,68
4400735135,1,0,1,4313545395,https://doi.org/10.1029/2024av001334,2024,article,5,4210240585,18,19
2406080301,1,0,1,2066752129,,2015,article,5,4306401107,18,14
3184666878,1,0,1,2793071066,https://doi.org/10.1371/journal.pone.0253847,2021,article,5,202381698,18,91
4415481815,1,0,1,2066752129,https://doi.org/10.1016/j.wpi.2025.102407,2025,article,5,84022812,14,71
4399025610,1,0,1,2793071066,https://doi.org/10.1016/j.ibneur.2024.05.012,2024,article,5,4210237554,18,43
3130925469,1,0,1,2793071066,https://doi.org/10.26512/rici.v14.n1.2021.31979,2021,article,5,2738829075,36,39
4403228782,1,0,1,2547045893,https://doi.org/10.1177/00405175241286859,2024,article,5,70817854,36,54
4411149709,1,0,1,4313545395,https://doi.org/10.1007/s11119-025-10257-x,2025,review,5,42419699,11,57
2610513026,1,0,1,2547045893,https://doi.org/10.1142/s021952591850008x,2018,article,5,107361000,33,30
4389337464,1,0,1,2793071066,https://doi.org/10.1057/s41599-023-02391-6,2023,article,5,4210206302,20,80
4390430397,1,0,1,2913773162,https://doi.org/10.1111/joes.12600,2023,article,5,124549413,20,89
4409218551,1,0,1,2793071066,https://doi.org/10.1016/j.joi.2025.101662,2025,article,5,205292342,33,51
4407002828,1,0,1,4313545395,https://doi.org/10.3389/feduc.2025.1515125,2025,article,5,2596526815,33,28
2969445414,1,0,1,2547045893,https://doi.org/10.48550/arxiv.1908.07564,2019,preprint,5,4306400194,18,37
4385385322,1,0,1,2808505390,https://doi.org/10.25236/far.2023.050909,2023,article,5,4210177307,17,16
6903162921,1,0,1,2066752129,https://doi.org/10.1016/j.respol.2025.105288,2025,article,5,9731383,18,25
4385572197,1,0,1,2793071066,https://doi.org/10.18653/v1/2023.findings-acl.433,2023,article,5,,33,76
4411286249,1,0,1,2793071066,https://doi.org/10.1007/s40820-025-01807-z,2025,article,5,9070373,25,47
4409522923,1,0,1,2793071066,https://doi.org/10.1038/s41562-025-02153-1,2025,article,5,2764866340,32,69
4389742633,1,0,1,2066752129,https://doi.org/10.1017/cts.2023.692,2023,article,5,4210205013,18,21
4404622952,1,0,1,2793071066,https://doi.org/10.1016/j.jhlste.2024.100523,2024,article,5,137554564,33,66
3206149580,1,0,1,2808505390,https://doi.org/10.5753/dsw.2021.17415,2021,article,5,,17,21
4399135165,1,0,1,3123050710,https://doi.org/10.1007/s11024-024-09526-2,2024,article,5,205537954,18,90
4200571692,1,0,1,2793071066,https://doi.org/10.1016/j.joi.2021.101245,2021,article,5,205292342,31,93
3096035739,1,0,1,2793071066,https://doi.org/10.1007/s41651-020-00067-2,2020,article,5,4210196386,33,39
4406987189,1,0,1,2793071066,https://doi.org/10.1080/21507740.2025.2450530,2025,article,5,117267838,28,73
2899111829,1,0,1,2547045893,https://doi.org/10.1007/978-3-319-95498-1_2,2018,book-chapter,5,,32,132
4412440327,1,0,1,2913773162,https://doi.org/10.1063/5.0267410,2025,article,5,2764696622,22,19
4392671914,1,0,1,2793071066,https://doi.org/10.1016/j.joi.2024.101523,2024,article,5,205292342,18,66
2762219814,1,0,1,2066752129,https://doi.org/10.1007/s11192-017-2545-1,2017,article,5,148561398,18,68
3190208980,1,0,1,2303284028,https://doi.org/10.1080/13683500.2021.1957788,2021,article,5,171183513,33,91
2957722476,1,0,1,2303284028,https://doi.org/10.1007/s11192-019-03185-x,2019,article,5,148561398,14,37
4400814599,1,0,1,4378980478,https://doi.org/10.21676/23897848.6020,2024,article,5,2737307029,17,8
3028061399,1,0,1,2793071066,https://doi.org/10.48550/arxiv.2005.11358,2020,preprint,5,4306400194,27,38
4405277180,1,0,1,4313545395,https://doi.org/10.1001/jamanetworkopen.2024.48696,2024,article,5,4210217848,27,26
4312106023,1,0,1,2793071066,https://doi.org/10.1007/s41109-022-00514-7,2022,article,5,3035517252,17,35
4200383486,1,0,1,2066752129,https://doi.org/10.1287/orsc.2021.1556,2021,article,5,206124708,14,101
4386046650,1,0,1,2913773162,https://doi.org/10.1177/03063127231188132,2023,article,5,68632876,18,43
2989765094,1,0,1,2793071066,https://doi.org/10.1016/j.joi.2019.100982,2019,article,5,205292342,18,60
4291130298,1,0,1,2793071066,https://doi.org/10.1007/978-3-031-07438-7_7,2022,book-chapter,5,,31,46
4382728133,1,0,1,2066752129,https://doi.org/10.1093/jcmc/zmad024,2023,article,5,30594836,17,84
4290648559,1,0,1,2547045893,https://doi.org/10.5753/ctd.2022.223090,2022,article,5,,17,23
2752176241,1,0,1,2547045893,https://doi.org/10.1007/978-3-319-67074-4_24,2017,book-chapter,5,106296714,18,47
4390940310,1,0,1,2066752129,https://doi.org/10.1080/09537325.2024.2304216,2024,article,5,130699561,14,42
4410492260,1,0,1,2303284028,https://doi.org/10.1109/tem.2025.3570691,2025,article,5,154533451,14,87
4406980008,1,0,1,2303284028,https://doi.org/10.1016/j.respol.2025.105191,2025,article,5,9731383,20,101
2572714687,1,0,1,2066752129,,2014,article,5,,32,15
4386333890,1,0,1,4313545395,https://doi.org/10.1016/j.tree.2023.08.006,2023,letter,5,79131028,23,11
4385520612,1,0,1,2913773162,https://doi.org/10.21203/rs.3.rs-3163019/v1,2023,preprint,5,4306525896,17,63
4319261134,1,0,1,3123050710,https://doi.org/10.1016/j.joi.2023.101376,2023,article,5,205292342,33,92
4409404601,1,0,1,2059615831,https://doi.org/10.1080/13662716.2025.2480624,2025,article,5,36209479,20,154
3181777779,1,0,1,2793071066,https://doi.org/10.1016/j.ejrad.2021.109841,2021,article,5,22285447,18,54
4406716372,1,0,1,2913773162,https://doi.org/10.1016/j.ipm.2025.104063,2025,article,5,174847851,17,65
4289169968,1,0,1,2303284028,https://doi.org/10.1007/s43681-022-00197-x,2022,article,5,4210170699,33,18
4323049029,1,0,1,2066752129,https://doi.org/10.1101/2023.02.28.530483,2023,preprint,5,4306402567,13,71
4365452598,1,0,1,2547045893,https://doi.org/10.1017/ehs.2023.6,2023,article,5,4210210912,33,116
4394626750,1,0,1,2547045893,https://doi.org/10.1007/978-3-031-57850-2_24,2024,book-chapter,5,106296714,18,17
2898506290,1,0,1,2793071066,https://doi.org/10.48550/arxiv.1810.12116,2018,preprint,5,4306400194,18,41
4386918876,1,0,1,2793071066,https://doi.org/10.1109/tetc.2023.3315954,2023,article,5,2496326734,17,50
4365137276,1,0,1,2913773162,https://doi.org/10.1007/s11192-023-04697-3,2023,article,5,148561398,17,32
4379386803,1,0,1,4313545395,https://doi.org/10.20944/preprints202306.0243.v1,2023,preprint,5,6309402219,27,95
4299783479,1,1,0,2808505390,https://doi.org/10.1137/1.9780898718386.ch22,2005,book-chapter,4,4306463922,18,0
2338800158,1,1,0,2808505390,https://doi.org/10.2139/ssrn.2728151,2016,article,4,4210172589,20,16
4395699831,1,0,1,3123050710,https://doi.org/10.1016/j.respol.2024.105007,2024,article,4,9731383,20,59
4282839506,1,0,1,2547045893,https://doi.org/10.4337/9781789909432.00033,2022,book-chapter,4,4306463223,31,95
4407170611,1,0,1,2066752129,https://doi.org/10.1016/j.technovation.2025.103184,2025,article,4,70698675,14,94
4403997939,1,0,1,2059615831,https://doi.org/10.1016/j.jik.2024.100603,2024,article,4,2898307581,20,78
4200251846,1,0,1,2547045893,https://doi.org/10.14267/veztud.2021.12.04,2021,article,4,4210172877,33,42
4411032421,1,0,1,2793071066,https://doi.org/10.3390/publications13020028,2025,article,4,2738007992,18,27
4205832779,1,0,1,2913773162,https://doi.org/10.1007/978-3-030-93409-5_10,2022,book-chapter,4,2764461748,18,20
4399258745,1,0,1,2793071066,https://doi.org/10.1007/978-3-031-61069-1_15,2024,book-chapter,4,4210185096,22,43
4388701638,1,0,1,4313545395,https://doi.org/10.3389/fsoc.2023.1277292,2023,article,4,2596068225,14,60
4283370306,1,0,1,2913773162,https://doi.org/10.3390/educsci12070425,2022,article,4,2738008561,27,41
2809801631,1,0,1,2793071066,https://doi.org/10.1177/1745691618773326,2018,review,4,27228949,18,28
4393009584,1,0,1,2547045893,https://doi.org/10.1002/asi.24888,2024,article,4,4210197613,18,125
4391898857,1,0,1,2913773162,https://doi.org/10.1093/reseval/rvae005,2024,article,4,16793705,18,74
4389703709,1,0,1,4313545395,https://doi.org/10.1007/s11192-023-04890-4,2023,article,4,148561398,18,67
4379230918,1,0,1,2913773162,https://doi.org/10.3390/publications11020032,2023,article,4,2738007992,18,46
4391320256,1,0,1,2913773162,https://doi.org/10.1007/s12064-024-00412-9,2024,article,4,12148721,12,120
4391669581,1,0,1,2547045893,https://doi.org/10.1016/j.joi.2024.101504,2024,article,4,205292342,18,67
4207016480,1,0,1,2793071066,,2021,article,4,4306401280,17,63
4411661306,1,0,1,2793071066,https://doi.org/10.1002/sd.70019,2025,article,4,165666656,14,55
3016726244,1,0,1,2913773162,https://doi.org/10.3768/rtipress.2020.rb.0022.2004,2020,report,4,,18,35
4327589005,1,0,1,3123050710,https://doi.org/10.1177/05390184231158210,2022,article,4,50876694,33,55
4403091883,1,0,1,2303284028,https://doi.org/10.4018/979-8-3693-9235-5.ch013,2024,book-chapter,4,4210198383,33,20
2948833778,1,0,1,2793071066,https://doi.org/10.1162/qss_a_00003,2019,preprint,4,4210195326,18,48
4292543282,1,0,1,3123050710,https://doi.org/10.1186/s12939-022-01722-4,2022,review,4,167257428,27,11
4378213578,1,0,1,4313545395,https://doi.org/10.32388/8w10nd.2,2023,preprint,4,4210177074,18,57
3212774913,1,0,1,2808505390,https://doi.org/10.1017/ehs.2021.48,2021,article,4,4210210912,33,58
4386096463,1,0,1,2547045893,https://doi.org/10.1177/01655515231191231,2023,article,4,68913162,18,53
4412112743,1,0,1,2793071066,https://doi.org/10.1101/2025.07.07.663460,2025,preprint,4,4306402567,27,47
4390902213,1,0,1,2547045893,https://doi.org/10.1162/qss_a_00283,2024,article,4,4210195326,18,97
4320916903,1,0,1,2913773162,https://doi.org/10.1088/1742-6596/2438/1/012007,2023,article,4,4210187594,17,42
3008589384,1,0,1,2913773162,https://doi.org/10.1080/10242694.2020.1733896,2020,article,4,191005381,22,50
4409851640,1,0,1,2913773162,https://doi.org/10.1038/s41467-025-59031-7,2025,article,4,64187185,17,77
4397034563,1,0,1,2913773162,https://doi.org/10.1038/s41598-024-61057-8,2024,article,4,196734849,31,48
4313856839,1,0,1,2793071066,https://doi.org/10.1007/s11192-022-04617-x,2023,article,4,148561398,18,96
4411452310,1,0,1,4313545395,https://doi.org/10.1007/s13280-025-02208-7,2025,article,4,46982553,18,72
4410390056,1,0,1,2066752129,https://doi.org/10.1016/j.jebo.2025.107053,2025,article,4,62201805,12,78
4391680134,1,0,1,2066752129,https://doi.org/10.22219/raden.v4i1.31847,2024,article,4,4210179223,33,160
4234972466,1,0,1,2066752129,https://doi.org/10.2139/ssrn.3917981,2021,article,4,4210172589,14,144
2901090865,1,0,1,2793071066,https://doi.org/10.1038/s41598-021-90281-9,2018,preprint,4,196734849,20,49
2897436113,1,0,1,2303284028,https://doi.org/10.23919/picmet.2018.8481979,2018,article,4,,14,21
2613263400,1,0,1,2066752129,https://doi.org/10.1145/3041021.3053051,2017,article,4,,18,20
3002024860,1,0,1,2793071066,https://doi.org/10.29001/2073-8552-2019-34-4-24-38,2020,article,4,4210240728,23,61
4295990804,1,0,1,2793071066,https://doi.org/10.1007/978-3-031-16802-4_10,2022,book-chapter,4,106296714,13,14
4220952075,1,0,1,2793071066,https://doi.org/10.1002/cite.202100200,2022,article,4,125795645,18,10
4396775225,1,0,1,2793071066,https://doi.org/10.1136/bmjopen-2023-079269,2024,article,4,79054089,18,29
3210474975,1,0,1,3123050710,https://doi.org/10.3389/frma.2021.707278,2021,article,4,2596295431,20,82
4391611149,1,0,1,2793071066,https://doi.org/10.1111/opo.13283,2024,article,4,6724074,33,28
4312062481,1,0,1,2547045893,https://doi.org/10.5964/meth.9463,2022,article,4,152835995,18,27
4402721151,1,0,1,2066752129,https://doi.org/10.1007/s11192-024-05157-2,2024,article,4,148561398,17,41
4405212413,1,0,1,4313545395,https://doi.org/10.1007/s10551-024-05866-x,2024,article,4,76633192,33,55
4411044646,1,0,1,2913773162,https://doi.org/10.1007/s11192-025-05345-8,2025,article,4,148561398,17,59
4402540596,1,0,1,4313545395,https://doi.org/10.1016/j.anbehav.2024.08.016,2024,article,4,157690423,11,46
2737381296,1,0,1,2547045893,https://doi.org/10.1209/0295-5075/118/48001,2017,article,4,161185981,31,39
2235347110,1,0,1,2066752129,https://doi.org/10.1162/posc_a_00216,2016,article,4,126715266,20,164
4210948577,1,0,1,3123050710,https://doi.org/10.1017/9781108762519.001,2020,book-chapter,4,4306462995,33,1034
3045046344,1,0,1,2059615831,https://doi.org/10.1080/09537325.2020.1795112,2020,article,4,130699561,14,73
34495201,1,0,1,2793071066,,1974,article,4,4306525036,27,30
3087325128,1,0,1,2793071066,https://doi.org/10.1117/1.jatis.6.3.030901,2020,review,4,2765061990,31,325
4283398154,1,0,1,3123050710,https://doi.org/10.3389/fmars.2022.924469,2022,article,4,2596539584,18,35
4317714084,1,0,1,4313545395,https://doi.org/10.1038/s41551-023-01004-6,2023,editorial,4,2764624792,25,7
4403676163,1,0,1,2066752129,https://doi.org/10.1109/tem.2024.3485235,2024,article,4,154533451,17,110
2972803628,1,0,1,2793071066,https://doi.org/10.1002/asi.24421,2020,preprint,4,4210197613,33,70
3137664884,1,0,1,2793071066,https://doi.org/10.1142/s0219525923500030,2023,preprint,4,107361000,22,92
4407910146,1,0,1,2793071066,https://doi.org/10.3897/subtbiol.51.139954,2025,article,4,2764509370,32,58
4408324162,1,0,1,2913773162,https://doi.org/10.1371/journal.pone.0300828,2025,article,4,202381698,18,61
4401182902,1,0,1,2913773162,https://doi.org/10.1155/2024/7187690,2024,article,4,207319443,14,42
4391933767,1,0,1,2793071066,https://doi.org/10.1016/j.bdr.2024.100441,2024,article,4,2491565770,17,65
2952815617,1,0,1,2059615831,https://doi.org/10.2139/ssrn.2860554,2016,article,4,4210172589,33,100
4280589113,1,0,1,2793071066,https://doi.org/10.1057/s41599-022-01175-8,2022,article,4,4210206302,32,44
4391022184,1,0,1,4313545395,https://doi.org/10.4337/9781035312559.00008,2024,book-chapter,4,4306463223,20,51
2474728543,1,0,1,2066752129,https://doi.org/10.2139/ssrn.2191152,2012,article,4,4210172589,17,122
3120775865,1,0,1,2547045893,https://doi.org/10.3389/fphy.2020.619729,2021,article,4,2596760093,31,37
4322758231,1,0,1,4313545395,https://doi.org/10.1002/cbic.202300008,2023,article,4,154285657,27,89
4402626711,1,0,1,2793071066,https://doi.org/10.1371/journal.pone.0307813,2024,article,4,202381698,18,61
3026746893,1,0,1,2793071066,https://doi.org/10.1016/j.xinn.2020.04.015,2020,review,4,4210236180,31,6
4401905041,1,0,1,4313545395,https://doi.org/10.1007/s11540-024-09780-7,2024,article,4,52251279,11,65
4409864519,1,0,1,2913773162,https://doi.org/10.1007/s11192-025-05242-0,2025,article,4,148561398,18,93
4406892561,1,0,1,4313545395,https://doi.org/10.1007/s11024-024-09558-8,2025,article,4,205537954,18,82
4290659921,1,0,1,2793071066,https://doi.org/10.1038/s41567-022-01734-5,2022,article,4,156274416,18,2
2954850296,1,0,1,2913773162,https://doi.org/10.48550/arxiv.1907.02703,2019,preprint,4,4306400194,31,51
3135251078,1,0,1,2793071066,https://doi.org/10.1080/10400419.2021.1888530,2021,article,4,9211381,32,19
4387403467,1,0,1,4313545395,https://doi.org/10.18522/2073-6606-2023-21-3-70-87,2023,article,4,4306531871,17,83
4398200783,1,0,1,4313545395,https://doi.org/10.1016/j.forsciint.2024.112066,2024,article,4,15336283,13,57
3092463466,1,0,1,2303284028,https://doi.org/10.3386/w27943,2020,report,4,2809516038,27,107
4389448796,1,0,1,2793071066,https://doi.org/10.1017/pab.2023.32,2023,article,4,173708173,33,57
2903929303,1,0,1,3123050710,https://doi.org/10.3917/sta.122.0009,2018,article,4,34091647,33,46
4293176122,1,0,1,2913773162,https://doi.org/10.1108/ajim-04-2022-0183,2022,article,4,4210181081,18,50
3172724596,1,0,1,2793071066,https://doi.org/10.3390/app11125527,2021,article,4,4210205812,18,30
3214189353,1,0,1,2793071066,https://doi.org/10.1162/qss_a_00163,2021,article,4,4210195326,33,34
4243042042,1,0,1,2066752129,https://doi.org/10.31234/osf.io/2vuhb,2018,preprint,4,,33,62
4386475908,1,0,1,2059615831,https://doi.org/10.3390/su151813367,2023,article,4,10134376,18,29
4389395901,1,0,1,4313545395,https://doi.org/10.31219/osf.io/yr9xb,2023,preprint,4,,17,70
3180552819,1,0,1,2793071066,https://doi.org/10.1007/s11403-020-00315-0,2021,article,4,146534985,17,51
2767680422,1,0,1,2066752129,https://doi.org/10.2139/ssrn.3060599,2017,article,4,4210172589,20,65
4412830124,1,0,1,2793071066,https://doi.org/10.1371/journal.pone.0329302,2025,article,4,202381698,31,66
4353032355,1,0,1,2913773162,https://doi.org/10.4337/9781800883086.00023,2023,book-chapter,4,4306463223,18,89
4413122935,1,0,1,2793071066,https://doi.org/10.1016/j.respol.2025.105308,2025,article,4,9731383,17,66
4392998350,1,0,1,2913773162,https://doi.org/10.1177/10464964241240721,2024,article,4,133913429,32,54
4389723386,1,0,1,4313545395,https://doi.org/10.1021/acs.jproteome.3c00430,2023,review,4,74367812,16,44
4391255669,1,0,1,4313545395,https://doi.org/10.1016/j.envsci.2024.103683,2024,article,4,39803240,18,72
4399322338,1,0,1,2913773162,https://doi.org/10.1038/s41597-024-03415-9,2024,article,4,2607323502,11,22
4384663183,1,0,1,2913773162,https://doi.org/10.1002/lary.30883,2023,article,4,86387881,18,25
3157427368,1,0,1,2066752129,https://doi.org/10.30722/ijisme.28.02.003,2021,article,4,2764390280,33,36
2907465821,1,0,1,2066752129,https://doi.org/10.1080/00130095.2019.1567261,2019,article,4,38825547,20,63
7128476819,1,0,1,2793071066,https://doi.org/10.3389/frai.2026.1678539,2026,article,4,4210197006,27,60
4205446169,1,0,1,2793071066,https://doi.org/10.1109/bigdata52589.2021.9671785,2021,article,4,4363607718,31,35
2890027215,1,1,0,3123050710,https://doi.org/10.3386/w21579,2015,preprint,4,2809516038,17,35
3094424774,1,0,1,2913773162,https://doi.org/10.1002/pra2.253,2020,article,4,4393918545,18,24
3125998879,1,0,1,2066752129,https://doi.org/10.2139/ssrn.3158013,2018,article,4,4210172589,14,123
4210622509,1,0,1,2793071066,https://doi.org/10.1177/08944393211058112,2022,article,4,127118166,31,72
4409184313,1,0,1,2913773162,https://doi.org/10.1007/s12528-025-09430-y,2025,article,4,55310782,32,108
4406289912,1,0,1,2066752129,https://doi.org/10.1016/j.joi.2025.101637,2025,article,4,205292342,33,51
4385658016,1,0,1,2808505390,https://doi.org/10.1080/10400419.2023.2244275,2023,article,4,9211381,32,112
4414612328,1,0,1,4313545395,https://doi.org/10.1007/s11187-025-01118-y,2025,article,4,41869786,14,38
2540307402,1,0,1,2066752129,https://doi.org/10.1007/s41109-016-0015-y,2016,article,4,3035517252,13,42
3200109820,1,0,1,3123050710,https://doi.org/10.1177/20539517211040198,2021,article,4,2736409588,33,13
3114386673,1,0,1,2547045893,https://doi.org/10.48550/arxiv.2012.13599,2020,preprint,4,4306400194,18,92
4328051174,1,0,1,2547045893,https://doi.org/10.1016/j.joi.2023.101397,2023,article,4,205292342,18,55
4413020817,1,0,1,4313545395,https://doi.org/10.1371/journal.pone.0328531,2025,article,4,202381698,33,55
4387128425,1,0,1,4313545395,https://doi.org/10.32942/x2wp43,2023,preprint,4,,23,265
4386040839,1,0,1,4313545395,https://doi.org/10.1108/s0742-730120230000041004,2023,book-chapter,4,190478125,33,316
4408265539,1,0,1,2793071066,https://doi.org/10.1016/j.physa.2025.130517,2025,article,4,24688465,17,54
4389626962,1,0,1,2793071066,https://doi.org/10.1016/j.matt.2023.11.012,2023,article,4,4210178557,25,57
4221166806,1,0,1,3201257425,https://doi.org/10.1063/5.0089155,2022,article,4,187806540,13,59
4385299508,1,0,1,2793071066,https://doi.org/10.1109/access.2023.3299289,2023,article,4,2485537415,31,40
4402769168,1,0,1,4313545395,https://doi.org/10.1016/j.biocon.2024.110788,2024,article,4,80660208,23,102
4239968063,1,0,1,2913773162,https://doi.org/10.1002/essoar.10501126.1,2019,preprint,4,,18,22
4283074985,1,0,1,3123050710,https://doi.org/10.1007/s11192-022-04434-2,2022,article,4,148561398,24,94
4392378290,1,0,1,2547045893,https://doi.org/10.1038/s41598-024-54693-7,2024,article,4,196734849,18,59
3048958375,1,0,1,2547045893,https://doi.org/10.48550/arxiv.2008.04649,2020,preprint,4,4306400194,18,110
4308115734,1,0,1,2913773162,https://doi.org/10.1007/s11192-022-04551-y,2022,article,4,148561398,18,37
4406350381,1,0,1,2793071066,https://doi.org/10.1371/journal.pone.0315216,2025,article,4,202381698,18,38
4403143462,1,0,1,2913773162,https://doi.org/10.1080/09544828.2024.2411486,2024,article,4,2912548,31,48
4411715754,1,0,1,2913773162,https://doi.org/10.1287/mnsc.2022.03045,2025,article,4,33323087,14,59
4388140393,1,0,1,3201257425,https://doi.org/10.1016/j.chb.2023.108014,2023,article,4,204030396,33,135
2996014712,1,0,1,2066752129,https://doi.org/10.5194/bg-16-4661-2019,2019,article,4,13442111,17,20
4391558426,1,0,1,2793071066,https://doi.org/10.1145/3597503.3608142,2024,article,4,,17,42
2947847413,1,0,1,2793071066,https://doi.org/10.48550/arxiv.1905.12834,2019,preprint,4,4306400194,18,5
4410996602,1,0,1,2793071066,https://doi.org/10.1080/02773945.2025.2484162,2025,article,4,149994590,33,152
1992453817,1,0,1,2066752129,https://doi.org/10.1109/ccmb.2014.7020696,2014,article,4,,18,22
3013193081,1,0,1,3123050710,https://doi.org/10.17533/udea.rfo.v31n1-2a7,2019,article,4,4210231431,35,47
3011519514,1,0,1,2793071066,https://doi.org/10.1109/access.2020.2980304,2020,article,4,2485537415,18,41
4205631477,1,0,1,2066752129,https://doi.org/10.1108/s0733-558x20220000077006,2022,book-chapter,4,4210170888,32,74
2967899958,1,0,1,2793071066,https://doi.org/10.2139/ssrn.3172817,2018,article,4,4210172589,33,136
4385257129,1,0,1,2793071066,https://doi.org/10.5424/sjar/2023213-19793,2023,article,4,125861851,11,64
4376134195,1,0,1,2066752129,https://doi.org/10.1016/j.obhdp.2023.104248,2023,article,4,64744539,33,137
2535949678,1,0,1,2066752129,https://doi.org/10.1145/2983323.2983820,2016,article,4,,31,35
2938683215,1,0,1,2793071066,https://doi.org/10.2139/ssrn.3320470,2019,article,4,4210172589,18,22
4385187774,1,0,1,2793071066,https://doi.org/10.1080/2331186x.2023.2240166,2023,article,4,2764918247,28,45
3093012679,1,0,1,2547045893,https://doi.org/10.1038/s41598-020-73466-6,2020,article,4,196734849,33,71
4324092086,1,0,1,2793071066,https://doi.org/10.1007/s11229-023-04057-x,2023,article,4,255146,12,49
4225706463,1,0,1,2913773162,https://doi.org/10.1017/s1366728922000256,2022,article,4,24095051,17,65
3135779487,1,0,1,2913773162,https://doi.org/10.1080/09540121.2021.1896664,2021,article,4,103377564,27,24
4304701317,1,0,1,2793071066,https://doi.org/10.1016/j.ipm.2022.103107,2022,article,4,174847851,17,43
4388125354,1,0,1,2066752129,https://doi.org/10.1109/tem.2023.3327209,2023,article,4,154533451,27,43
2899440567,1,0,1,2808505390,https://doi.org/10.48550/arxiv.1810.13005,2018,preprint,4,4306400194,33,53
4392297042,1,0,1,2793071066,https://doi.org/10.32388/nr1yme,2024,preprint,4,4210177074,18,218
4291020582,1,0,1,2066752129,https://doi.org/10.1371/journal.pone.0272280,2022,article,4,202381698,18,53
2915643736,1,0,1,2547045893,https://doi.org/10.1016/j.joim.2019.02.003,2019,article,4,129942055,12,37
2771631915,1,0,1,2066752129,https://doi.org/10.2139/ssrn.3075251,2017,article,4,4210172589,20,33
4403433566,1,0,1,4378980478,https://doi.org/10.1002/pra2.1199,2024,article,4,4393918545,18,7
4289890654,1,0,1,2913773162,https://doi.org/10.1016/j.matt.2022.05.041,2022,article,4,4210178557,33,6
4394924033,1,0,1,2913773162,https://doi.org/10.1057/s41599-024-03014-4,2024,article,4,4210206302,18,33
4366764191,1,0,1,2913773162,https://doi.org/10.1016/j.joi.2023.101404,2023,article,4,205292342,18,36
3037503307,1,0,1,2547045893,https://doi.org/10.48550/arxiv.2006.14979,2020,preprint,4,4306400194,18,38
3127822036,1,0,1,2793071066,https://doi.org/10.5772/intechopen.95767,2021,book-chapter,4,4306463448,17,28
4402732721,1,0,1,2547045893,https://doi.org/10.1016/j.eij.2024.100537,2024,article,4,97403527,18,30
4406399815,1,0,1,3123050710,https://doi.org/10.3389/fncel.2024.1521398,2025,review,4,36653316,28,65
2952356954,1,0,1,2793071066,https://doi.org/10.13140/rg.2.2.21301.32482,2018,preprint,3,4306400194,31,155
2806755264,1,0,1,3123050710,https://doi.org/10.2139/ssrn.2542879,2014,article,3,4210172589,18,60
3206954174,1,0,1,2793071066,https://doi.org/10.1103/physics.14.144,2021,article,3,1038890340,18,9
3118679953,1,0,1,2059615831,https://doi.org/10.1111/rsp3.12390,2021,article,3,96871935,20,84
4360991895,1,0,1,2793071066,https://doi.org/10.1515/9783839462959,2023,book,3,4306464022,33,293
2923578354,1,0,1,2793071066,https://doi.org/10.1007/978-3-658-22978-8_7,2019,book-chapter,3,4210183507,12,83
4235709444,1,1,0,2547045893,https://doi.org/10.1111/rand.2011.42.issue-3,2011,paratext,3,34139249,,0
3197840027,1,0,1,2066752129,https://doi.org/10.3386/w29179,2021,preprint,3,2809516038,27,74
2999740007,1,0,1,2793071066,https://doi.org/10.1109/access.2020.2967025,2020,article,3,2485537415,18,31
4401758905,1,0,1,2913773162,https://doi.org/10.1177/00491241241268453,2024,article,3,9536269,33,131
4391610839,1,0,1,2793071066,https://doi.org/10.20944/preprints202402.0325.v1,2024,preprint,3,6309402219,20,64
4409588821,1,0,1,4313545395,https://doi.org/10.1002/wsb.1588,2025,article,3,5406991451,23,27
4403887183,1,0,1,2793071066,https://doi.org/10.2478/jdis-2024-0028,2024,article,3,2764801193,18,69
4362559679,1,0,1,2913773162,https://doi.org/10.15626/ns.wp.2023.02,2023,report,3,,14,23
4200484230,1,0,1,2808505390,https://doi.org/10.31234/osf.io/5fb7h,2021,preprint,3,,13,114
4406493728,1,0,1,4378980478,https://doi.org/10.56294/hl2024.512,2024,article,3,5407043527,14,27
2605162054,1,0,1,2303284028,https://doi.org/10.24251/hicss.2017.541,2017,article,3,4210195248,14,15
2912891853,1,0,1,2793071066,https://doi.org/10.1007/978-3-030-06134-0_3,2019,book-chapter,3,4393917809,17,32
2883130597,1,0,1,2066752129,https://doi.org/10.48550/arxiv.1807.10216,2018,preprint,3,4306400194,31,74
4390869370,1,0,1,2066752129,https://doi.org/10.1016/j.respol.2024.105025,2024,article,3,9731383,18,77
4406882067,1,0,1,3123050710,https://doi.org/10.3389/fmed.2025.1515853,2025,review,3,2597052008,27,103
2969301727,1,0,1,2793071066,https://doi.org/10.1177/2399808319870816,2019,preprint,3,4210191690,31,44
4237886734,1,0,1,2913773162,https://doi.org/10.1002/essoar.10501091.1,2019,preprint,3,,33,13
4414160723,1,0,1,4313545395,https://doi.org/10.1001/jamahealthforum.2025.3045,2025,article,3,4210223698,18,31
4387859645,1,0,1,2913773162,https://doi.org/10.1002/pra2.804,2023,article,3,4393918545,18,49
3209928270,1,0,1,2066752129,https://doi.org/10.25300/misq/2022/14985,2023,article,3,57293258,33,165
4415723582,1,0,1,4313545395,https://doi.org/10.1093/beheco/araf125,2025,article,3,121360315,32,8
4400031772,1,0,1,2793071066,https://doi.org/10.1007/978-3-031-63751-3_2,2024,book-chapter,3,106296714,18,19
4399852330,1,0,1,4378980478,https://doi.org/10.1007/s11192-024-05079-z,2024,article,3,148561398,33,46
4408252200,1,0,1,4313545395,https://doi.org/10.1016/j.physa.2025.130496,2025,article,3,24688465,33,61
4295940342,1,0,1,2793071066,https://doi.org/10.1007/978-3-031-16802-4_42,2022,book-chapter,3,106296714,17,26
4409150129,1,0,1,2793071066,https://doi.org/10.1186/s13321-025-00991-9,2025,article,3,180838163,22,54
2898592855,1,0,1,3123050710,https://doi.org/10.1371/journal.pone.0214026,2019,article,3,202381698,18,50
4386391226,1,0,1,4313545395,https://doi.org/10.1111/labr.12255,2023,article,3,184239247,36,41
4367679202,1,0,1,2059615831,https://doi.org/10.1177/09749101231167356,2023,article,3,120011570,14,40
4402053923,1,0,1,2066752129,https://doi.org/10.3390/land13091399,2024,article,3,2738397068,20,81
3120916333,1,0,1,3123050710,https://doi.org/10.1002/asi.24582,2021,preprint,3,4210197613,33,32
3041045158,1,0,1,2793071066,https://doi.org/10.31237/osf.io/4wtpc,2019,preprint,3,,14,293
4406389463,1,0,1,2547045893,https://doi.org/10.1177/02762366241311561,2025,article,3,27510447,32,103
4315607756,1,0,1,2913773162,https://doi.org/10.2478/jdis-2023-0002,2023,article,3,2764801193,14,82
4401758689,1,0,1,4313545395,https://doi.org/10.7770/cuhso-v34n1-art680,2024,article,3,4387283128,33,54
4396861239,1,0,1,4313545395,https://doi.org/10.1007/978-3-031-54638-9_21,2024,book-chapter,3,4210180286,33,70
4389142873,1,0,1,2793071066,https://doi.org/10.1038/s41598-023-46375-7,2023,article,3,196734849,18,50
4392671419,1,0,1,4313545395,https://doi.org/10.1016/j.wpi.2024.102267,2024,article,3,84022812,14,62
4388360674,1,0,1,4313545395,https://doi.org/10.1016/j.regg.2023.101424,2023,review,3,2898598607,12,10
4411187252,1,0,1,2059615831,https://doi.org/10.1080/00343404.2025.2503967,2025,article,3,175672440,33,90
2940232240,1,0,1,2547045893,https://doi.org/10.1038/s41598-019-57209-w,2020,preprint,3,196734849,14,30
4250769085,1,0,1,2066752129,https://doi.org/10.2139/ssrn.3491774,2019,article,3,4210172589,20,136
2902295598,1,0,1,2547045893,https://doi.org/10.1007/978-3-030-04771-9_9,2018,book-chapter,3,106296714,17,37
2961318966,1,0,1,2808505390,https://doi.org/10.1007/s42087-019-00077-7,2019,article,3,4210220156,18,98
3179312917,1,0,1,2303284028,https://doi.org/10.2139/ssrn.3605432,2020,article,3,4210172589,14,101
4406469188,1,0,1,2793071066,https://doi.org/10.1145/3703465.3703475,2024,article,3,,27,51
2914382380,1,0,1,3123050710,https://doi.org/10.1177/0165551520913817,2020,preprint,3,68913162,17,43
4205752346,1,0,1,2547045893,https://doi.org/10.21203/rs.3.rs-698207/v2,2022,preprint,3,4306525896,20,24
4390701931,1,0,1,4313545395,https://doi.org/10.1038/s41598-023-50232-y,2024,article,3,196734849,22,19
4417224164,1,0,1,4313545395,https://doi.org/10.1016/j.eneco.2025.109089,2025,article,3,94499970,20,58
3010987257,1,0,1,3123050710,https://doi.org/10.1017/9781108762519.010,2020,book-chapter,3,4306462995,26,1065
4387587558,1,0,1,2793071066,https://doi.org/10.1109/thms.2023.3319290,2023,article,3,2476799526,17,70
2964760818,1,0,1,3123050710,https://doi.org/10.1007/s11229-019-02335-1,2019,article,3,255146,18,80
2042261785,1,0,1,2066752129,https://doi.org/10.1145/2600428.2610376,2014,article,3,,31,9
4391102863,1,0,1,2913773162,https://doi.org/10.5771/9783748925590-239,2024,book-chapter,3,4306463667,33,79
2134710647,1,0,1,2066752129,https://doi.org/10.12688/f1000research.6053.1,2015,preprint,3,4210239046,12,75
4398241582,1,0,1,4313545395,https://doi.org/10.25165/j.ijabe.20241702.9075,2024,article,3,2764726801,17,4
4413044615,1,0,1,2793071066,https://doi.org/10.1016/j.biosystems.2025.105552,2025,article,3,99347777,13,26
4235602215,1,0,1,2066752129,https://doi.org/10.31234/osf.io/f4uaj,2020,preprint,3,,28,40
4405336861,1,0,1,2066752129,https://doi.org/10.1017/s1537592724000641,2024,article,3,173657377,33,66
4414804803,1,0,1,2793071066,https://doi.org/10.1111/aec.70130,2025,article,3,38880878,11,63
3163571339,1,0,1,2793071066,https://doi.org/10.1002/fsh.10618,2021,article,3,55970647,18,81
4200633022,1,0,1,2793071066,https://doi.org/10.2478/jdis-2022-0008,2022,article,3,2764801193,13,30
4405912891,1,0,1,2066752129,https://doi.org/10.1016/j.newideapsych.2024.101129,2024,article,3,158706580,18,42
4417220188,1,0,1,2059615831,https://doi.org/10.1016/j.landusepol.2025.107901,2025,article,3,80485027,20,67
3164188458,1,0,1,3123050710,https://doi.org/10.1002/mde.3374,2021,article,3,138400101,14,43
4396914330,1,0,1,2066752129,https://doi.org/10.1093/jcr/ucad077,2024,article,3,145429826,33,24
3167296846,1,0,1,3123050710,https://doi.org/10.5585/exactaep.2021.17494,2021,article,3,4210188634,14,76
4361018701,1,0,1,2793071066,https://doi.org/10.1007/s00799-023-00351-8,2023,article,3,110615584,18,15
4404181231,1,0,1,4378980478,https://doi.org/10.14778/3685800.3685897,2024,article,3,4210226185,18,9
2935940937,1,0,1,2066752129,https://doi.org/10.1016/j.physa.2019.121140,2019,article,3,24688465,18,34
2965561505,1,0,1,2066752129,https://doi.org/10.5465/ambpp.2019.17964abstract,2019,article,3,4210223487,13,65
3086112936,1,0,1,2793071066,https://doi.org/10.1016/j.patter.2020.100101,2020,article,3,4210198061,33,10
4210435240,1,0,1,2913773162,https://doi.org/10.20944/preprints202201.0345.v1,2022,preprint,3,6309402219,23,9
7128082165,1,0,1,2793071066,https://doi.org/10.1371/journal.pcsy.0000088,2026,article,3,4404660894,14,87
4390410460,1,0,1,2913773162,https://doi.org/10.3145/epi.2023.dic.01,2023,article,3,180455664,18,67
4206450407,1,0,1,2913773162,https://doi.org/10.1097/sap.0000000000002934,2021,article,3,11131942,14,19
4378978633,1,0,1,3123050710,https://doi.org/10.1162/rest_a_01340,2023,article,3,180061323,18,22
3159028435,1,0,1,2913773162,https://doi.org/10.5772/intechopen.95487,2021,book-chapter,3,4306463448,33,49
4389249076,1,0,1,4313545395,https://doi.org/10.15421/352332,2023,article,3,4210199022,22,6
4409246029,1,0,1,4313545395,https://doi.org/10.54900/vr8ax-nz653,2025,preprint,3,,12,31
4392599096,1,0,1,4313545395,https://doi.org/10.1038/s44276-023-00025-7,2024,review,3,4387290538,36,50
4388653494,1,0,1,2913773162,https://doi.org/10.3390/math11224642,2023,article,3,4210192031,33,72
4407133894,1,0,1,2547045893,https://doi.org/10.1007/s13762-025-06349-w,2025,article,3,85680945,23,189
4399785513,1,0,1,2913773162,https://doi.org/10.1007/s10029-024-03093-x,2024,article,3,126530969,27,28
4238970057,1,0,1,2547045893,https://doi.org/10.31235/osf.io/9ex8q,2019,preprint,3,,33,56
4210713838,1,0,1,2793071066,https://doi.org/10.1002/ange.202108067,2021,article,3,4210200754,23,88
3049568213,1,0,1,2808505390,https://doi.org/10.1038/s41534-021-00459-2,2021,preprint,3,2738600312,17,71
4410068522,1,0,1,2793071066,https://doi.org/10.3390/pharmaceutics17050610,2025,review,3,30283931,20,41
4206528207,1,0,1,2793071066,https://doi.org/10.7717/peerj.12764,2022,article,3,1983995261,13,51
4387904097,1,0,1,3123050710,https://doi.org/10.1177/01655515231202762,2023,article,3,68913162,18,64
4396868908,1,0,1,4313545395,https://doi.org/10.1002/hyp.15166,2024,article,3,75830442,33,43
4384079057,1,0,1,4313545395,https://doi.org/10.20542/0131-2227-2023-67-7-44-53,2023,article,3,1005771865,20,99
4407710030,1,0,1,4313545395,https://doi.org/10.1515/omgc-2024-0058,2025,article,3,4220651830,12,20
3192731248,1,0,1,2913773162,https://doi.org/10.1111/caim.12458,2021,article,3,132285554,17,129
4409126737,1,0,1,2793071066,https://doi.org/10.1002/asi.25005,2025,article,3,4210197613,13,58
4224032538,1,0,1,2913773162,https://doi.org/10.1007/s11192-022-04371-0,2022,article,3,148561398,33,51
2980633889,1,0,1,2913773162,https://doi.org/10.1002/pra2.201,2019,article,3,4393918545,33,6
4212988928,1,0,1,2793071066,https://doi.org/10.1097/naq.0000000000000511,2022,article,3,2754252760,36,23
3035516221,1,0,1,2066752129,https://doi.org/10.1590/1982-7849rac2020200167,2020,article,3,2739018597,33,22
4225648484,1,0,1,2793071066,https://doi.org/10.1007/s11192-022-04356-z,2022,article,3,148561398,33,25
4386226500,1,0,1,4313545395,https://doi.org/10.1016/j.emj.2023.08.006,2023,article,3,105567970,14,62
4408103428,1,0,1,2303284028,https://doi.org/10.1080/09537325.2025.2472239,2025,article,3,130699561,20,34
4386874073,1,0,1,4313545395,https://doi.org/10.1093/haschl/qxad048,2023,article,3,4387290458,36,31
4407843290,1,0,1,2059615831,https://doi.org/10.34659/eis.2024.91.4.987,2025,article,3,4394906813,20,69
2930585062,1,0,1,2793071066,https://doi.org/10.1016/j.tpb.2019.04.001,2019,editorial,3,17807283,33,22
4220934554,1,0,1,2547045893,https://doi.org/10.1007/s10641-022-01242-8,2022,article,3,175181960,18,5
4393171425,1,0,1,2913773162,https://doi.org/10.15195/v11.a12,2024,article,3,2739021930,33,86
4410030048,1,0,1,4313545395,https://doi.org/10.1016/j.joitmc.2025.100543,2025,article,3,4210222123,27,102
4327556302,1,0,1,2793071066,https://doi.org/10.26441/rc22.2-2023-3105,2023,article,3,4210196909,33,31
4401473124,1,0,1,2793071066,https://doi.org/10.1007/s11192-024-05130-z,2024,article,3,148561398,18,107
3208980832,1,0,1,2793071066,https://doi.org/10.1590/pboci.2021.160,2021,article,3,2764386882,35,33
3119284700,1,0,1,3123050710,https://doi.org/10.1101/2021.01.13.426588,2021,preprint,3,4306402567,33,25
3135771074,1,0,1,2303284028,https://doi.org/10.5281/zenodo.4245355,2020,article,3,4306400562,17,7
4388931415,1,0,1,2066752129,https://doi.org/10.31222/osf.io/jy8mz,2023,preprint,3,,18,145
4406868506,1,0,1,2547045893,https://doi.org/10.1103/physrevlett.134.047401,2025,article,3,24807848,31,43
4400850609,1,0,1,2066752129,https://doi.org/10.1016/j.jclinepi.2024.111470,2024,article,3,64418186,18,29
4292337090,1,0,1,2793071066,https://doi.org/10.1007/s41109-022-00497-5,2022,article,3,3035517252,18,24
4405088189,1,0,1,2303284028,https://doi.org/10.1016/j.respol.2024.105163,2024,article,3,9731383,27,118
7119079107,1,0,1,4313545395,https://doi.org/10.1016/j.seps.2026.102416,2026,article,3,153485742,22,77
4390600391,1,0,1,2066752129,https://doi.org/10.26555/bs.v43i2.500,2023,article,3,4210179639,17,71
4408581283,1,0,1,2793071066,https://doi.org/10.3389/fimmu.2025.1547506,2025,review,3,2595292759,27,85
2985893212,1,0,1,2808505390,https://doi.org/10.1177/0312896219883675,2019,article,3,177092143,20,28
4317717554,1,0,1,2066752129,https://doi.org/10.1177/08933189231153847,2023,article,3,176497116,14,56
4401386558,1,0,1,2066752129,https://doi.org/10.1080/0142159x.2024.2387157,2024,article,3,135934248,27,107
4404495095,1,0,1,4378980478,https://doi.org/10.1016/j.respol.2024.105142,2024,article,3,9731383,14,22
2770790523,1,0,1,2066752129,https://doi.org/10.1007/978-3-319-62543-0_1,2017,book-chapter,3,,18,47
2752924912,1,0,1,2066752129,https://doi.org/10.2139/ssrn.3017363,2017,article,3,4210172589,14,107
3093463001,1,0,1,2913773162,https://doi.org/10.18260/1-2--35428,2020,article,3,4363608752,22,24
4410292011,1,0,1,4313545395,https://doi.org/10.1016/j.jclinepi.2025.111828,2025,article,3,64418186,26,29
4412701953,1,0,1,2059615831,https://doi.org/10.1016/j.econmod.2025.107240,2025,article,3,141184754,14,125
2982032684,1,0,1,2793071066,https://doi.org/10.1109/idap.2019.8875905,2019,article,3,4306498520,17,21
4386848151,1,0,1,4313545395,https://doi.org/10.3390/biology12091253,2023,article,3,153489431,24,89
4409906506,1,0,1,2066752129,https://doi.org/10.1016/j.respol.2025.105254,2025,article,3,9731383,14,58
4285795207,1,0,1,2913773162,https://doi.org/10.31219/osf.io/y8sre,2022,preprint,3,,14,43
3209249960,1,0,1,2793071066,https://doi.org/10.1109/ichms53169.2021.9582633,2021,article,3,,17,22
4413326330,1,0,1,4378980478,https://doi.org/10.1162/qss.a.20,2025,article,3,4210195326,12,33
2946311960,1,0,1,2547045893,https://doi.org/10.2139/ssrn.3386362,2019,article,3,4210172589,32,14
4409813670,1,0,1,2793071066,https://doi.org/10.1002/asi.25009,2025,article,3,4210197613,17,45
4396938599,1,0,1,4313545395,https://doi.org/10.1515/bfp-2024-0008,2024,article,3,89564548,12,26
3175585563,1,0,1,3123050710,https://doi.org/10.1080/0960085x.2021.1940324,2021,article,3,116712389,33,76
4406163873,1,0,1,2066752129,https://doi.org/10.2139/ssrn.5013086,2025,preprint,3,4210172589,33,139
4412608280,1,0,1,2793071066,https://doi.org/10.1140/epjds/s13688-025-00573-7,2025,article,3,2504380752,14,58
3208773640,1,0,1,2793071066,https://doi.org/10.1145/3459637.3481898,2021,article,3,,18,13
4414342815,1,0,1,2793071066,https://doi.org/10.1002/wcms.70047,2025,article,3,136120998,13,53
4413041868,1,0,1,2066752129,https://doi.org/10.1080/00343404.2025.2521052,2025,article,3,175672440,14,134
4388964026,1,0,1,2793071066,https://doi.org/10.1016/j.landusepol.2023.106976,2023,review,3,80485027,36,92
4399388604,1,0,1,2066752129,https://doi.org/10.1080/14479338.2024.2363253,2024,review,3,199690760,31,66
4238402181,1,0,1,2066752129,https://doi.org/10.5194/hess-2021-106,2021,preprint,3,,23,50
3209206398,1,0,1,2793071066,https://doi.org/10.1109/access.2021.3123106,2021,article,3,2485537415,17,151
2990756589,1,0,1,2303284028,https://doi.org/10.5281/zenodo.3527939,2019,article,3,4306400562,31,10
2919378381,1,0,1,2066752129,https://doi.org/10.2139/ssrn.3347365,2019,article,3,4210172589,14,10
4394725430,1,0,1,4313545395,https://doi.org/10.3389/fnut.2024.1347593,2024,article,3,2596909297,23,22
4399038811,1,0,1,2793071066,https://doi.org/10.1016/j.joi.2024.101545,2024,article,3,205292342,31,52
4310014498,1,0,1,2793071066,https://doi.org/10.1016/j.jhydrol.2022.128841,2022,article,3,55737203,23,145
3202123718,1,0,1,2793071066,https://doi.org/10.1142/s0219525921500089,2021,article,3,107361000,33,37
4210628920,1,0,1,2913773162,https://doi.org/10.1186/s13012-022-01188-6,2022,article,3,76880069,27,37
3010951193,1,0,1,3123050710,https://doi.org/10.1017/9781108762519.006,2020,book-chapter,3,4306462995,18,1060
4406027643,1,0,1,4313545395,https://doi.org/10.1371/journal.pone.0316556,2025,article,3,202381698,20,30
4281773275,1,0,1,2913773162,https://doi.org/10.18588/202202.00a211,2022,article,3,4210184992,33,60
4416599610,1,0,1,3123050710,https://doi.org/10.1007/s11024-025-09616-9,2025,article,3,205537954,33,66
4416073344,1,0,1,2066752129,https://doi.org/10.3390/publications13040057,2025,article,3,2738007992,18,34
4403841453,1,0,1,2303284028,https://doi.org/10.1007/978-3-031-75919-2_7,2024,book-chapter,3,4210185096,17,11
3032667936,1,0,1,2913773162,https://doi.org/10.4018/978-1-7998-3673-5.ch014,2020,book-chapter,3,4210223922,14,43
3011991745,1,0,1,2059615831,https://doi.org/10.1007/s00168-020-00990-8,2020,article,3,203746597,14,72
4392402790,1,0,1,2066752129,https://doi.org/10.47316/cajmhe.2023.4.4.02,2023,article,3,4210236850,18,46
2972356630,1,0,1,2793071066,https://doi.org/10.1590/0001-3765201920180559,2019,article,3,111086706,18,25
4386135708,1,0,1,2303284028,https://doi.org/10.1080/10438599.2023.2251004,2023,article,3,192056284,14,88
4302764019,1,0,1,2913773162,https://doi.org/10.1016/j.joi.2022.101339,2022,article,3,205292342,31,82
3215681568,1,0,1,2066752129,https://doi.org/10.1287/mksc.2021.1338,2021,editorial,3,163534328,14,5
3196462255,1,0,1,3123050710,https://doi.org/10.4018/ijsr.287101,2021,article,3,4210202449,22,128
4387068266,1,0,1,4313545395,https://doi.org/10.1109/tts.2023.3319560,2023,article,3,4210208950,14,14
4407773675,1,0,1,4313545395,https://doi.org/10.2147/jhl.s506767,2025,review,3,4210195813,30,149
4323543728,1,0,1,2793071066,https://doi.org/10.1098/rsos.221159,2023,article,3,2737558550,17,66
2991143983,1,0,1,2808505390,https://doi.org/10.18239/ocnos_2019.18.3.2053,2019,article,3,2738359061,33,20
4386979774,1,0,1,2913773162,https://doi.org/10.1097/sap.0000000000003144,2022,article,3,11131942,18,27
4307899928,1,0,1,2547045893,https://doi.org/10.1016/j.joi.2022.101341,2022,article,3,205292342,20,43
6921350966,1,1,0,4378980478,https://doi.org/10.6084/m9.figshare.c.6076908.v1,2023,other,3,4377196282,,0
4386167563,1,0,1,2793071066,https://doi.org/10.1007/s12061-023-09525-y,2023,article,3,53719608,20,71
4226293645,1,0,1,2793071066,https://doi.org/10.1590/fm.2022.35001,2022,article,3,2738198970,18,5
3154151044,1,0,1,2066752129,https://doi.org/10.3389/fphy.2021.604102,2021,article,3,2596760093,31,177
4387572894,1,0,1,4313545395,https://doi.org/10.3390/biom13101511,2023,review,3,4210236520,12,68
3138658747,1,0,1,2913773162,https://doi.org/10.7717/peerj.11071,2021,article,3,1983995261,13,10
4403940708,1,0,1,4313545395,https://doi.org/10.1007/s13132-024-02336-7,2024,article,3,60370010,20,191
4323781042,1,0,1,2793071066,https://doi.org/10.1007/978-3-031-28032-0_36,2023,book-chapter,3,106296714,31,32
4308412090,1,0,1,2547045893,https://doi.org/10.1371/journal.pone.0277337,2022,article,3,202381698,18,38
4414472336,1,0,1,4313545395,https://doi.org/10.1177/00222429251375543,2025,article,3,142990027,14,31
4378192192,1,0,1,4313545395,https://doi.org/10.1007/978-3-031-33728-4_9,2023,book-chapter,3,2764900261,33,24
4402570984,1,0,1,2066752129,https://doi.org/10.1016/j.ijresmar.2024.09.003,2024,article,3,11810700,32,81
3092863771,1,0,1,2547045893,https://doi.org/10.34961/4375,2020,preprint,3,4306401530,20,25
4406980116,1,0,1,4313545395,https://doi.org/10.1016/j.nerpsj.2025.100004,2025,article,3,5407037128,33,58
4247134226,1,0,1,2913773162,https://doi.org/10.18520/cs/v121/i4/479-484,2021,article,3,29607422,22,21
3023243492,1,0,1,2547045893,https://doi.org/10.1145/3366424.3382702,2020,article,2,4306506651,18,4
2901331844,1,0,1,2547045893,https://doi.org/10.48550/arxiv.1811.10273,2018,preprint,2,4306400194,18,32
2769886697,1,0,1,2066752129,https://doi.org/10.1007/978-3-319-62543-0_9,2017,book-chapter,2,,28,53
3166976016,1,0,1,2913773162,https://doi.org/10.1109/icbda51983.2021.9403169,2021,article,2,,31,10
4394935572,1,0,1,4313545395,https://doi.org/10.1089/genbio.2024.29141.sek,2024,article,2,4220651302,13,13
7127196629,1,0,1,2547045893,https://doi.org/10.1016/j.respol.2026.105426,2026,article,2,9731383,27,59
7133747431,1,0,1,2066752129,https://doi.org/10.1016/j.enconman.2026.121309,2026,article,2,105637730,22,175
4226144204,1,0,1,2793071066,https://doi.org/10.1109/tns.2022.3162216,2022,article,2,14279044,17,48
2940414790,1,0,1,2793071066,https://doi.org/10.17670/mped.2018.3.203,2018,article,2,4210188288,33,57
4304734121,1,0,1,2793071066,https://doi.org/10.3389/frma.2022.1001754,2022,article,2,2596295431,33,29
3038195808,1,0,1,3123050710,https://doi.org/10.29024/joa.24,2020,article,2,4210181548,36,43
3167853474,1,0,1,2066752129,https://doi.org/10.5488/cmp.24.24001,2021,article,2,487226,17,26
4409439200,1,0,1,2793071066,https://doi.org/10.1017/jme.2025.33,2025,article,2,171945920,33,46
3196089633,1,0,1,2913773162,https://doi.org/10.1123/jtpe.2021-0118,2021,article,2,16772596,12,25
2950308091,1,0,1,2066752129,https://doi.org/10.1101/039008,2016,preprint,2,4306402567,13,21
4417497087,1,0,1,4313545395,https://doi.org/10.3390/publications14010001,2025,article,2,2738007992,17,24
2978241091,1,0,1,2547045893,https://doi.org/10.48550/arxiv.1910.02507,2019,preprint,2,4306400194,18,39
4295974677,1,0,1,2793071066,https://doi.org/10.1016/j.poetic.2022.101732,2022,article,2,98355519,33,96
4294630940,1,0,1,2913773162,https://doi.org/10.1007/978-3-031-05540-9_9,2022,book-chapter,2,,18,43
4392851833,1,0,1,2913773162,https://doi.org/10.1787/bb6e432e-en,2024,report,2,4210176499,23,61
4413469568,1,0,1,4313545395,https://doi.org/10.59717/j.xinn-med.2025.100153,2025,article,2,4387290141,27,5
2899825688,1,0,1,2793071066,https://doi.org/10.1007/978-3-030-03496-2_12,2018,book-chapter,2,106296714,18,16
4308425285,1,0,1,2059615831,https://doi.org/10.1108/cr-11-2021-0166,2022,article,2,4210226649,20,59
4393299513,1,0,1,2913773162,https://doi.org/10.19181/smtp.2024.6.1.2,2024,article,2,4210219114,14,8
4410843274,1,0,1,4313545395,https://doi.org/10.1002/eet.2167,2025,article,2,44419007,23,27
3044484492,1,0,1,2793071066,https://doi.org/10.15407/visn2020.07.034,2020,article,2,4210214173,33,25
4382314568,1,0,1,4313545395,https://doi.org/10.3389/frwa.2023.1149590,2023,article,2,4210177373,23,36
4220739648,1,0,1,3123050710,https://doi.org/10.1111/bmsp.12268,2022,article,2,190099528,18,65
4321453469,1,0,1,2793071066,https://doi.org/10.1111/jbi.14575,2023,article,2,138151673,23,19
4390491498,1,0,1,4313545395,https://doi.org/10.17705/1jais.00871,2024,article,2,30879505,14,74
4404585844,1,0,1,2793071066,https://doi.org/10.3390/soc14120245,2024,article,2,4210173133,33,72
4408274167,1,0,1,2066752129,https://doi.org/10.1007/s11192-025-05271-9,2025,article,2,148561398,18,99
4415829744,1,0,1,2793071066,https://doi.org/10.1007/s11538-025-01544-9,2025,article,2,118940690,26,63
4400552065,1,0,1,2808505390,https://doi.org/10.1038/s41598-024-65124-y,2024,article,2,196734849,32,81
4401337056,1,0,1,4313545395,https://doi.org/10.1007/s00048-024-00398-x,2024,article,2,140531934,33,1
4412455669,1,0,1,2913773162,https://doi.org/10.1016/j.jbusres.2025.115595,2025,article,2,93284759,14,111
4290855957,1,0,1,2066752129,https://doi.org/10.48550/arxiv.2208.05373,2022,preprint,2,4306400194,18,83
3043397373,1,0,1,2066752129,https://doi.org/10.2139/ssrn.3610718,2020,article,2,4210172589,32,130
2515893288,1,0,1,2066752129,https://doi.org/10.48550/arxiv.1608.03251,2016,preprint,2,4306400194,18,108
4404479352,1,0,1,2913773162,https://doi.org/10.2139/ssrn.4981802,2024,preprint,2,4210172589,14,65
4412426728,1,0,1,4313545395,https://doi.org/10.29195/dsss.08.01.91,2025,article,2,,33,60
4402308954,1,0,1,2793071066,https://doi.org/10.1007/s11192-024-05135-8,2024,article,2,148561398,27,43
4403582763,1,0,1,2793071066,https://doi.org/10.1002/aisy.202400306,2024,article,2,4210212817,33,19
4390562308,1,0,1,4313545395,https://doi.org/10.20944/preprints202401.0022.v1,2024,preprint,2,6309402219,20,33
4401194075,1,0,1,2066752129,https://doi.org/10.3389/fsoc.2024.1411781,2024,review,2,2596068225,33,56
4403401034,1,0,1,2059615831,https://doi.org/10.1111/twec.13645,2024,article,2,45372229,14,74
4403803620,1,0,1,4313545395,https://doi.org/10.1177/10225536241292397,2024,article,2,2764762859,36,17
4403517736,1,0,1,4313545395,https://doi.org/10.35634/2412-9593-2024-34-5-800-807,2024,article,2,4210178087,14,8
3149067569,1,0,1,2547045893,https://doi.org/10.15407/sofs2021.01.044,2021,article,2,4210213494,33,22
4399053656,1,0,1,2793071066,https://doi.org/10.1007/s11192-024-05047-7,2024,article,2,148561398,33,39
4379390831,1,0,1,4313545395,https://doi.org/10.1038/s41562-023-01621-w,2023,article,2,2764866340,27,12
4405267846,1,0,1,4313545395,https://doi.org/10.1017/9781009000796.007,2024,book-chapter,2,4306462995,32,69
4404905223,1,0,1,2913773162,https://doi.org/10.1080/24711616.2024.2430027,2024,article,2,4210238251,36,22
3204708929,1,0,1,2913773162,https://doi.org/10.23919/ccc52363.2021.9549681,2021,article,2,,31,24
3195624623,1,0,1,2793071066,https://doi.org/10.1080/87559129.2021.1961267,2021,article,2,106123072,13,78
4399360387,1,0,1,4313545395,https://doi.org/10.1152/japplphysiol.00212.2024,2024,letter,2,140889577,23,5
4310045026,1,0,1,2072576647,https://doi.org/10.24275/uam/izt/dcbs/hidro/2022v32n2/,2022,paratext,2,145577349,,288
3192147509,1,0,1,2793071066,https://doi.org/10.1007/978-3-030-81854-8_8,2021,book-chapter,2,4210188945,33,29
4289918810,1,0,1,2808505390,https://doi.org/10.31235/osf.io/mnzv6,2022,preprint,2,,17,38
4379984455,1,0,1,4313545395,https://doi.org/10.32388/8w10nd.3,2023,preprint,2,4210177074,18,65
4404086879,1,0,1,4313545395,https://doi.org/10.14512/gaia.33.3.12,2024,article,2,4210237797,23,6
2768472766,1,0,1,2066752129,https://doi.org/10.1145/3166054.3166056,2017,article,2,4210176598,17,132
4412725568,1,0,1,2913773162,https://doi.org/10.1002/zoo.70017,2025,article,2,32366842,18,71
4206628744,1,0,1,2793071066,https://doi.org/10.1371/journal.pone.0262081,2021,article,2,202381698,14,61
4390570542,1,0,1,2547045893,https://doi.org/10.1038/s41433-023-02912-2,2024,article,2,167047176,18,21
4367721581,1,0,1,4313545395,https://doi.org/10.1007/978-3-031-31346-2_14,2023,book-chapter,2,4210169156,18,12
4410094145,1,0,1,2066752129,https://doi.org/10.1007/s11192-025-05309-y,2025,article,2,148561398,18,45
4411804371,1,0,1,4313545395,https://doi.org/10.3390/foods14132328,2025,review,2,2737939966,14,132
4414409228,1,0,1,2066752129,https://doi.org/10.3390/systems13090826,2025,article,2,4210219410,20,133
4414016901,1,0,1,2303284028,https://doi.org/10.1080/00036846.2025.2556045,2025,article,2,201533460,14,35
4413030308,1,0,1,2547045893,https://doi.org/10.1098/rsos.241536,2025,article,2,2737558550,33,43
3168536724,1,0,1,2547045893,https://doi.org/10.1007/s11192-021-04027-5,2021,article,2,148561398,18,62
4407882562,1,0,1,2793071066,https://doi.org/10.3390/en18051084,2025,article,2,198098182,22,21
2683326080,1,0,1,2303284028,https://doi.org/10.48550/arxiv.1706.07140,2017,preprint,2,4306400194,18,79
4412440267,1,0,1,2913773162,https://doi.org/10.1063/5.0267412,2025,article,2,2764696622,22,20
3096491161,1,0,1,2547045893,https://doi.org/10.1007/s11192-021-03884-4,2021,preprint,2,148561398,20,65
4398181449,1,0,1,2059615831,https://doi.org/10.1016/j.strueco.2024.05.011,2024,article,2,67638930,20,67
2234751642,1,0,1,2066752129,https://doi.org/10.2139/ssrn.2710569,2015,article,2,4210172589,18,31
4404882587,1,0,1,3123050710,https://doi.org/10.1007/s11192-024-05207-9,2024,article,2,148561398,14,63
4414410638,1,0,1,2793071066,https://doi.org/10.3390/urbansci9090385,2025,article,2,4210174142,23,118
4413286570,1,0,1,2793071066,https://doi.org/10.3390/buildings15162902,2025,article,2,4210191137,22,99
4414883610,1,0,1,2913773162,https://doi.org/10.3390/systems13100877,2025,article,2,4210219410,14,57
4403059003,1,0,1,2793071066,https://doi.org/10.1080/10429247.2024.2406124,2024,article,2,4210230903,14,99
3184580821,1,0,1,3123050710,https://doi.org/10.2139/ssrn.3882949,2021,article,2,4210172589,18,41
4401667859,1,0,1,3123050710,https://doi.org/10.1016/j.msard.2024.105817,2024,article,2,2764622253,27,74
2336298297,1,0,1,2066752129,,2016,article,2,4306401559,18,88
1202526951,1,0,1,2066752129,,2015,article,2,4306402375,18,2
3202007999,1,0,1,2793071066,https://doi.org/10.1016/j.joi.2022.101357,2022,preprint,2,205292342,20,57
3212162044,1,0,1,2793071066,https://doi.org/10.2139/ssrn.3956820,2021,article,2,4210172589,23,55
4389121364,1,0,1,4313545395,https://doi.org/10.1038/d41586-023-03618-x,2023,article,2,137773608,18,5
4385333012,1,0,1,2913773162,https://doi.org/10.3389/fdpys.2023.1130880,2023,article,2,4387291417,32,35
2792243773,1,0,1,2066752129,https://doi.org/10.1108/s0733-558x20180000055010,2018,book-chapter,2,,33,40
4380906868,1,0,1,2913773162,https://doi.org/10.59494/dsi.2022.3.3,2022,article,2,4387290350,18,44
2942073878,1,0,1,2913773162,https://doi.org/10.1007/s10459-019-09888-3,2019,editorial,2,129194695,33,16
4382065209,1,0,1,2303284028,https://doi.org/10.1177/1420326x231175803,2023,article,2,163818028,18,45
4393278285,1,0,1,2066752129,https://doi.org/10.7554/elife.93429.3,2024,article,2,1336409049,13,65
3002552649,1,0,1,2793071066,https://doi.org/10.12804/revistas.urosario.edu.co/disertaciones/a.7608,2020,article,2,4210183852,17,42
4413169420,1,0,1,2793071066,https://doi.org/10.1002/asi.70018,2025,article,2,4210197613,17,80
4390914317,1,0,1,2913773162,https://doi.org/10.21827/6399d913c9fa9,2024,book,2,4306490484,18,205
4404914188,1,0,1,2066752129,https://doi.org/10.1371/journal.pone.0312945,2024,article,2,202381698,18,43
4392087368,1,0,1,2793071066,https://doi.org/10.1007/s10910-024-01575-y,2024,article,2,81624066,22,90
4415437793,1,0,1,2059615831,https://doi.org/10.1057/s41267-025-00814-x,2025,article,2,38024979,14,68
4213379421,1,0,1,2547045893,https://doi.org/10.1007/978-3-030-96957-8_5,2022,book-chapter,2,106296714,18,15
4403414198,1,0,1,2059615831,https://doi.org/10.1007/978-3-031-60931-2_11,2024,book-chapter,2,4210184130,20,21
4405803494,1,0,1,3123050710,https://doi.org/10.1007/s11135-024-02044-z,2024,article,2,102399824,18,29
4291923895,1,0,1,2793071066,https://doi.org/10.1007/978-981-19-2397-5_65,2022,book-chapter,2,4210169156,22,29
3214948924,1,0,1,2066752129,https://doi.org/10.1016/j.newideapsych.2021.100922,2021,article,2,158706580,12,102
4404840091,1,0,1,2913773162,https://doi.org/10.1109/jiot.2024.3508740,2024,article,2,2480266640,27,68
2025375868,1,0,1,2066752129,https://doi.org/10.3934/neuroscience.2014.1.1,2014,article,2,4210171035,12,4
4387847770,1,0,1,2793071066,https://doi.org/10.1007/s11042-023-17460-w,2023,article,2,110206669,17,17
4378895172,1,0,1,4313545395,https://doi.org/10.1016/j.ibiod.2023.105620,2023,article,2,138354367,23,49
4391343397,1,0,1,2793071066,https://doi.org/10.1007/s10115-023-02005-2,2024,article,2,81770430,17,35
4301873568,1,0,1,3123050710,https://doi.org/10.1145/3487553.3524655,2022,article,2,4363608846,18,23
4363675621,1,0,1,2066752129,https://doi.org/10.1111/caje.12656,2023,article,2,76440981,14,26
4390741143,1,0,1,4313545395,https://doi.org/10.36253/979-12-215-0262-6,2024,book,2,,33,195
3210859209,1,0,1,2808505390,https://doi.org/10.1111/bjep.12469,2021,article,2,96095673,32,77
2593712723,1,0,1,2066752129,https://doi.org/10.1177/0016986217701832,2017,article,2,182001,32,68
4361006852,1,0,1,2066752129,https://doi.org/10.1017/psa.2023.49,2023,article,2,147691735,12,32
4377234764,1,0,1,2793071066,https://doi.org/10.35757/kis.2023.67.1.10,2023,article,2,4210196215,18,15
4379988369,1,0,1,4313545395,https://doi.org/10.1002/poc.4551,2023,article,2,157344032,16,66
7125413801,1,0,1,4313545395,https://doi.org/10.1002/cesm.70068,2026,article,2,4387287655,18,42
4404109082,1,0,1,2913773162,https://doi.org/10.1098/rsos.240027,2024,article,2,2737558550,20,51
4409736103,1,0,1,4313545395,https://doi.org/10.1145/3706598.3713447,2025,article,2,,32,72
3207572896,1,0,1,2793071066,https://doi.org/10.18653/v1/2021.cinlp-1.7,2021,preprint,2,,17,69
4385783109,1,0,1,2793071066,https://doi.org/10.1002/leap.1571,2023,article,2,29676049,18,70
4394798926,1,0,1,2066752129,https://doi.org/10.2139/ssrn.4794420,2024,article,2,4210172589,14,96
4391904209,1,0,1,2793071066,https://doi.org/10.24251/hicss.2023.305,2023,article,2,4210195248,18,33
4399175550,1,0,1,2793071066,https://doi.org/10.3390/bs14060463,2024,article,2,4210194710,32,40
4366961231,1,0,1,2059615831,https://doi.org/10.1007/978-3-031-24090-4_7,2023,book-chapter,2,4210223292,20,42
4385798075,1,0,1,4313545395,https://doi.org/10.1186/s13062-023-00403-8,2023,article,2,42110715,13,28
4391852996,1,0,1,3123050710,https://doi.org/10.1007/978-981-99-7569-3_32,2024,book-chapter,2,4210169156,18,36
4288453040,1,0,1,2793071066,https://doi.org/10.1162/qss_a_00201,2022,article,2,4210195326,18,57
4384160832,1,0,1,4313545395,https://doi.org/10.1007/978-3-031-31570-1_19,2023,book-chapter,2,,27,50
4243387311,1,0,1,2793071066,https://doi.org/10.1038/s41567-019-0667-5,2019,article,2,156274416,14,2
4386737642,1,0,1,2793071066,https://doi.org/10.37425/eajsti.v4i3.717,2023,article,2,4210179669,17,28
4409569506,1,0,1,2793071066,https://doi.org/10.1016/j.joi.2025.101664,2025,article,2,205292342,18,40
4411957658,1,0,1,2793071066,https://doi.org/10.1016/j.physa.2025.130789,2025,article,2,24688465,18,65
4318833395,1,0,1,2547045893,https://doi.org/10.5406/19398298.135.4.03,2022,article,2,206630335,32,66
7128623858,1,0,1,2913773162,https://doi.org/10.1016/j.joi.2026.101780,2026,article,2,205292342,18,46
3084896939,1,0,1,2303284028,https://doi.org/10.48550/arxiv.2009.06888,2020,preprint,2,4306400194,20,4
3202273418,1,0,1,2547045893,https://doi.org/10.21203/rs.3.rs-957696/v1,2021,preprint,2,4306525896,18,56
7128046231,1,0,1,2059615831,https://doi.org/10.1080/23792949.2025.2608008,2026,article,2,4210206839,14,76
4388024310,1,0,1,4313545395,https://doi.org/10.1177/21582440231205980,2023,article,2,148277943,33,32
4409182053,1,0,1,2793071066,https://doi.org/10.1038/s41597-025-04903-2,2025,article,2,2607323502,31,23
7154155010,1,0,1,4313545395,https://doi.org/10.66104/d6gv4f09,2026,article,2,4210238993,20,23
4392196757,1,0,1,2066752129,https://doi.org/10.1108/jbim-06-2023-0351,2024,article,2,119587767,18,113
3157998951,1,0,1,2547045893,,2021,preprint,2,4306400194,33,20
4309490415,1,0,1,2913773162,https://doi.org/10.1007/s41109-022-00517-4,2022,article,2,3035517252,31,31
2899398540,1,0,1,3123050710,https://doi.org/10.26775/odp.2018.11.02,2018,editorial,2,4210225748,33,18
4211175257,1,0,1,3123050710,https://doi.org/10.1017/9781108762519.005,2020,book-chapter,2,4306462995,18,1034
4409030297,1,0,1,4313545395,https://doi.org/10.1177/23780231251326981,2025,article,2,4210198833,33,79
2253910870,1,0,1,2066752129,,2015,preprint,2,4306400194,18,12
4394861631,1,0,1,2793071066,https://doi.org/10.1590/1981-5271v48.2-2023-0271.ing,2024,article,2,4210232660,27,16
4297872402,1,0,1,2059615831,https://doi.org/10.26794/2587-5671-2022-26-4-181-198,2022,article,2,4210199720,20,51
4211127768,1,0,1,3123050710,https://doi.org/10.1017/9781108762519.013,2020,book-chapter,2,4306462995,18,1034
4206187522,1,0,1,2059615831,https://doi.org/10.1111/sjpe.12310,2022,article,2,111496547,20,26
152130621,1,0,1,2066752129,https://doi.org/10.48550/arxiv.1406.7582,2014,preprint,2,4306400194,32,8
3132775220,1,0,1,2066752129,https://doi.org/10.1002/wsb.1153,2021,article,2,5406991451,32,71
4390051665,1,0,1,2913773162,https://doi.org/10.1108/mbe-09-2023-0140,2023,article,2,34649780,18,34
3021784390,1,0,1,2547045893,https://doi.org/10.1145/3366424.3382672,2020,article,2,4306506651,17,9
4399992961,1,0,1,2066752129,https://doi.org/10.2139/ssrn.4868123,2024,preprint,2,4210172589,20,94
1039732430,1,1,0,2808505390,https://doi.org/10.2139/ssrn.2636530,2015,article,2,4210172589,14,30
4289131797,1,0,1,2793071066,https://doi.org/10.3390/e24081058,2022,article,2,195231649,17,83
4290927217,1,0,1,2793071066,https://doi.org/10.31235/osf.io/c9nvg,2022,preprint,2,,18,51
4385580317,1,0,1,2059615831,https://doi.org/10.1111/ijet.12388,2023,article,2,16146169,20,36
4409345251,1,0,1,2793071066,https://doi.org/10.3389/frma.2025.1595966,2025,editorial,2,2596295431,18,1
4327625866,1,0,1,4313545395,https://doi.org/10.22541/au.167897707.77397697/v1,2023,preprint,2,,23,22
3175843116,1,0,1,3123050710,https://doi.org/10.2139/ssrn.3761623,2021,article,2,4210172589,33,139
4379404645,1,0,1,2066752129,https://doi.org/10.2139/ssrn.4466478,2023,article,2,4210172589,22,64
4411030748,1,0,1,2913773162,https://doi.org/10.1111/etho.70016,2025,article,2,133059572,33,46
4393049917,1,0,1,2066752129,https://doi.org/10.1093/oso/9780192866264.003.0002,2024,book-chapter,2,,33,72
4400790870,1,0,1,4313545395,https://doi.org/10.1080/08039410.2024.2374711,2024,article,2,4210240472,23,24
4394893755,1,0,1,4313545395,https://doi.org/10.1016/j.crsus.2024.100076,2024,article,2,4390648486,23,93
4408853918,1,0,1,4313545395,https://doi.org/10.1021/acs.jcim.5c00027,2025,article,2,167262187,17,59
4407163841,1,0,1,2793071066,https://doi.org/10.1016/j.ijhydene.2025.01.089,2025,article,2,48860480,21,210
4323262124,1,0,1,2793071066,https://doi.org/10.32744/pse.2023.1.12,2023,article,2,4210170054,17,20
4206944614,1,0,1,2793071066,https://doi.org/10.1140/epjp/s13360-022-02376-5,2022,article,2,4306402641,18,29
4412798879,1,0,1,2793071066,https://doi.org/10.1109/tem.2025.3589722,2025,article,2,154533451,14,143
2914165663,1,0,1,2793071066,https://doi.org/10.1016/j.plrev.2019.01.014,2019,review,2,78119372,22,23
3012117138,1,0,1,3123050710,https://doi.org/10.1017/9781108762519.016,2020,book-chapter,2,4306462995,33,1065
4283274270,1,0,1,2793071066,https://doi.org/10.3390/genes13071105,2022,article,2,194631498,13,30
3123221348,1,0,1,3123050710,https://doi.org/10.1109/icmit.2016.7605046,2016,article,2,,14,27
4413296897,1,0,1,4378980478,https://doi.org/10.1016/j.respol.2025.105291,2025,article,2,9731383,33,174
4387405222,1,0,1,2547045893,https://doi.org/10.1007/s41060-023-00432-6,2023,article,2,4210195017,31,50
4399725593,1,0,1,2066752129,https://doi.org/10.2139/ssrn.4860857,2024,preprint,2,4210172589,33,48
4389565706,1,0,1,2913773162,https://doi.org/10.3233/faia230970,2023,book-chapter,2,4210201731,33,17
3203028841,1,0,1,2066752129,https://doi.org/10.1098/rstb.2020.0316,2021,article,2,91660768,33,172
2913852804,1,0,1,2066752129,,2018,article,2,,18,109
3123240382,1,0,1,2793071066,https://doi.org/10.2139/ssrn.3243134,2018,article,2,4210172589,18,106
4391790927,1,0,1,3201257425,https://doi.org/10.2139/ssrn.4706101,2024,article,2,4210172589,28,23
4392915583,1,0,1,4313545395,https://doi.org/10.1061/9780784485293.042,2024,article,2,,36,19
4399727326,1,0,1,2793071066,https://doi.org/10.4018/979-8-3693-1858-4.ch013,2024,book-chapter,2,4210193652,28,159
4399435263,1,0,1,2066752129,https://doi.org/10.1080/14479338.2024.2363254,2024,article,2,199690760,18,50
4285309202,1,0,1,2066752129,https://doi.org/10.2139/ssrn.4137347,2022,article,2,4210172589,18,86
2950966918,1,0,1,2059615831,,2018,article,2,4210236921,33,33
4392672966,1,0,1,2793071066,https://doi.org/10.1016/j.profnurs.2024.02.003,2024,article,2,162826810,36,18
4410740767,1,0,1,4313545395,https://doi.org/10.1016/j.chieco.2025.102449,2025,article,2,19645890,20,42
4406107134,1,0,1,4313545395,https://doi.org/10.3168/jdsc.2024-0707,2025,article,2,4210239985,27,36
4413353895,1,0,1,4313545395,https://doi.org/10.1007/s10961-025-10250-6,2025,article,2,185905316,33,147
4414593001,1,0,1,4378980478,https://doi.org/10.1038/d41586-025-03117-1,2025,article,2,137773608,18,2
2907590838,1,0,1,2303284028,https://doi.org/10.20397/2177-6652/2018.v18i3.1173,2018,article,2,4210169798,18,24
4390061665,1,0,1,2066752129,https://doi.org/10.1007/s13132-023-01613-1,2023,article,2,60370010,18,76
3201478871,1,0,1,2913773162,https://doi.org/10.48550/arxiv.2104.00641,2021,preprint,2,4306400194,31,34
4409087073,1,0,1,2793071066,https://doi.org/10.1038/s44319-025-00434-4,2025,article,2,57252141,13,19
7117245430,1,0,1,2793071066,https://doi.org/10.17265/2159-5313/2025.06.001,2025,article,2,2764821508,17,37
4313700589,1,0,1,3123050710,https://doi.org/10.1016/j.joi.2023.101448,2023,article,2,205292342,20,52
4387859599,1,0,1,2066752129,https://doi.org/10.1002/pra2.987,2023,article,2,4393918545,31,7
3049199693,1,0,1,2066752129,https://doi.org/10.48550/arxiv.2008.06592,2020,preprint,2,4306400194,17,66
4414146033,1,0,1,2059615831,https://doi.org/10.1080/13662716.2025.2542901,2025,article,2,36209479,14,100
4280527181,1,0,1,2066752129,https://doi.org/10.1007/s00191-022-00771-w,2022,article,2,121026525,17,43
4390454710,1,0,1,2793071066,https://doi.org/10.35668/2520-6524-2023-4-09,2023,article,2,4210240159,17,9
4213327573,1,0,1,2913773162,https://doi.org/10.1016/j.joi.2022.101262,2022,article,2,205292342,17,47
4410800772,1,0,1,4313545395,https://doi.org/10.1016/j.jsis.2025.101908,2025,article,2,6144335,17,192
4409251165,1,0,1,4313545395,https://doi.org/10.1098/rsif.2024.0686,2025,article,2,129150467,33,65
4402990718,1,0,1,2793071066,https://doi.org/10.1108/el-06-2023-0145,2024,article,2,902750600,33,29
3170212958,1,0,1,2793071066,https://doi.org/10.48550/arxiv.2106.06487,2021,preprint,2,4306400194,18,26
4392308068,1,0,1,4313545395,https://doi.org/10.7249/pea2611-1,2024,book,2,4306463832,33,130
2952737417,1,0,1,3123050710,https://doi.org/10.2139/ssrn.3391402,2018,article,2,4210172589,14,45
4392927759,1,0,1,2303284028,https://doi.org/10.1117/12.3023670,2024,article,2,,22,2
4406940322,1,0,1,2793071066,https://doi.org/10.1088/2632-2153/adb00a,2025,article,2,4210200687,17,51
4399694538,1,0,1,2793071066,https://doi.org/10.1108/dlp-02-2024-0025,2024,article,2,4210218941,36,45
3129530955,1,0,1,2066752129,https://doi.org/10.1007/s11573-020-01027-4,2021,article,2,2913204857,14,167
4404916419,1,0,1,2793071066,https://doi.org/10.1109/wccs62745.2024.10765575,2024,article,2,,17,11
7127287910,1,0,1,4313545395,https://doi.org/10.1016/j.eneco.2026.109178,2026,article,2,94499970,23,43
4307458395,1,0,1,2913773162,https://doi.org/10.31219/osf.io/5uq26,2022,preprint,2,,33,144
4409151438,1,0,1,2913773162,https://doi.org/10.1007/s11192-025-05290-6,2025,article,2,148561398,32,66
2528460584,1,0,1,2066752129,https://doi.org/10.1007/978-3-658-08184-3_26,2016,book-chapter,2,,33,17
4388556732,1,0,1,4313545395,https://doi.org/10.1007/s13132-023-01596-z,2023,article,2,60370010,20,81
3028028710,1,0,1,3123050710,,2020,preprint,2,4306401271,36,30
4366406127,1,0,1,2793071066,https://doi.org/10.1093/comnet/cnad012,2023,article,2,2531583244,31,63
3173491004,1,0,1,2547045893,https://doi.org/10.1371/journal.pone.0253461,2021,article,2,202381698,31,54
3201116623,1,0,1,2913773162,,2021,preprint,2,4306400194,31,42
4383374953,1,0,1,2913773162,https://doi.org/10.1108/el-03-2023-0055,2023,article,2,902750600,18,59
4292621888,1,0,1,2066752129,https://doi.org/10.1145/3546157.3546164,2022,article,2,,17,29
2738032891,1,0,1,2793071066,https://doi.org/10.2139/ssrn.2993971,2017,article,2,4210172589,18,71
4404582382,1,0,1,2793071066,https://doi.org/10.1016/j.joi.2024.101615,2024,article,2,205292342,33,49
3014559045,1,0,1,2066752129,https://doi.org/10.1017/9781108278034.019,2020,book-chapter,2,4306462995,32,85
3125273224,1,0,1,2066752129,https://doi.org/10.31235/osf.io/3trn7,2018,preprint,2,,14,81
4297459133,1,0,1,2303284028,https://doi.org/10.1371/journal.pone.0275192,2022,article,2,202381698,18,56
4404340098,1,0,1,2913773162,https://doi.org/10.3389/fphar.2024.1498464,2024,article,2,132108250,13,41
2982383611,1,0,1,2793071066,https://doi.org/10.1007/s11192-021-03923-0,2021,article,2,148561398,31,35
4414896930,1,0,1,2066752129,https://doi.org/10.1093/comnet/cnaf054,2025,article,2,2531583244,17,66
4323543693,1,0,1,4313545395,https://doi.org/10.1101/2023.02.27.530333,2023,preprint,2,4306402567,23,37
2945773063,1,0,1,2913773162,https://doi.org/10.18653/v1/p19-3025,2019,preprint,2,,17,12
3135516817,1,0,1,2547045893,https://doi.org/10.1109/msr52588.2021.00021,2021,preprint,2,,18,28
3136215456,1,0,1,2793071066,https://doi.org/10.1016/j.physa.2021.125901,2021,article,2,24688465,31,52
4412899693,1,0,1,2303284028,https://doi.org/10.32517/0234-0453-2025-40-3-69-79,2025,article,2,4210222492,17,27
4205625852,1,0,1,2066752129,https://doi.org/10.1109/bigdata52589.2021.9671359,2021,article,2,4363607718,17,40
4408240660,1,0,1,4313545395,https://doi.org/10.1016/j.drudis.2025.104325,2025,article,2,152068293,22,11
4417466013,1,0,1,2303284028,https://doi.org/10.1287/mnsc.2022.00857,2025,article,2,33323087,14,68
4379046934,1,0,1,4313545395,https://doi.org/10.1016/j.coi.2023.102349,2023,review,2,170047187,24,39
3002434672,1,0,1,2066752129,https://doi.org/10.48550/arxiv.2001.08199,2020,preprint,2,4306400194,31,52
4360985631,1,0,1,2793071066,https://doi.org/10.24234/wisdom.v25i1.979,2023,article,2,4210227869,17,19
4401587435,1,0,1,2066752129,https://doi.org/10.1177/21582440241267786,2024,article,2,148277943,14,86
4400224681,1,0,1,2793071066,https://doi.org/10.1093/jole/lzae003,2023,article,2,4210219409,33,30
4405280197,1,0,1,2793071066,https://doi.org/10.2478/jdis-2025-0001,2024,article,2,2764801193,14,82
3046066379,1,0,1,2066752129,https://doi.org/10.2139/ssrn.3358801,2019,article,2,4210172589,14,109
2891579467,1,0,1,2066752129,https://doi.org/10.1016/j.resourpol.2018.08.006,2018,article,2,194185345,22,30
7133832976,1,0,1,2547045893,https://doi.org/10.1080/03075079.2026.2624672,2026,article,2,162196882,18,33
4361192047,1,0,1,4313545395,https://doi.org/10.1038/s44222-023-00058-0,2023,article,2,4387286573,22,10
3137394558,1,0,1,2793071066,https://doi.org/10.36255/exonpublications.bioinformatics.2021.ch1,2021,book-chapter,2,52395412,13,51
4225984195,1,0,1,2913773162,https://doi.org/10.1016/j.joi.2022.101253,2022,article,1,205292342,18,46
4211239146,1,0,1,3123050710,https://doi.org/10.1017/9781108762519.017,2020,book-chapter,1,4306462995,33,1034
3126508290,1,0,1,2066752129,https://doi.org/10.2139/ssrn.3743462,2020,article,1,4210172589,33,92
3174965315,1,0,1,2913773162,https://doi.org/10.48550/arxiv.2106.14198,2021,preprint,1,4306400194,31,445
3011010176,1,0,1,3123050710,https://doi.org/10.1017/9781108762519.007,2020,book-chapter,1,4306462995,18,1060
3205894401,1,0,1,2793071066,https://doi.org/10.1007/978-3-030-39330-4_11,2021,book-chapter,1,,32,71
4410192301,1,0,1,4378980478,https://doi.org/10.1038/d41586-025-01420-5,2025,article,1,137773608,18,2
3137720484,1,0,1,2059615831,https://doi.org/10.33545/26633140.2021.v3.i1a.40,2021,article,1,4210218732,14,36
4321461199,1,0,1,4313545395,https://doi.org/10.21037/jtd-23-70,2023,letter,1,2754193772,36,24
4387447972,1,0,1,4313545395,https://doi.org/10.4103/jfmpc.jfmpc_110_23,2023,article,1,2764801637,27,2
4413275725,1,0,1,2547045893,https://doi.org/10.1016/j.knosys.2025.114282,2025,article,1,10169007,17,62
4412619867,1,0,1,4313545395,https://doi.org/10.1016/j.ipm.2025.104311,2025,article,1,174847851,13,94
4385693993,1,0,1,2793071066,https://doi.org/10.1080/0194262x.2023.2238013,2023,article,1,85080540,18,45
4407345144,1,0,1,2793071066,https://doi.org/10.1212/ne9.0000000000200199,2025,review,1,4387283984,28,22
4230865243,1,0,1,2793071066,https://doi.org/10.14232/phd.10233,2019,dissertation,1,,33,154
4393304296,1,0,1,2913773162,https://doi.org/10.31274/td-20240329-165,2021,dissertation,1,,32,190
4366138092,1,0,1,4313545395,https://doi.org/10.3386/w31150,2023,report,1,2809516038,12,30
4407122152,1,0,1,2913773162,https://doi.org/10.1098/rspb.2024.2033,2025,article,1,3006207977,33,47
2980587935,1,0,1,2793071066,https://doi.org/10.1002/pra2.160,2019,article,1,4393918545,17,9
4393152035,1,0,1,2913773162,https://doi.org/10.1017/one.2024.5,2024,article,1,4387281560,27,49
3002065786,1,0,1,2793071066,https://doi.org/10.1007/s11192-022-04267-z,2022,preprint,1,148561398,18,25
4399983535,1,0,1,2303284028,https://doi.org/10.3389/fphy.2024.1331286,2024,article,1,2596760093,14,46
4417042148,1,0,1,3123050710,https://doi.org/10.1108/sej-11-2024-0176,2025,article,1,68817889,14,129
4411178985,1,0,1,2066752129,https://doi.org/10.3390/ijerph22060919,2025,article,1,15239247,27,18
4390057409,1,0,1,3123050710,https://doi.org/10.1111/acfi.13210,2023,article,1,4210171597,14,52
4412526104,1,0,1,2793071066,https://doi.org/10.26907/2541-7746.2025.2.311-328,2025,article,1,4210177212,31,16
4390753346,1,0,1,2059615831,https://doi.org/10.2139/ssrn.4691599,2024,preprint,1,4210172589,20,120
4281396336,1,0,1,2793071066,https://doi.org/10.1007/s40042-022-00548-1,2022,article,1,28330355,31,18
4211221363,1,0,1,3123050710,https://doi.org/10.1017/9781108762519.003,2020,book-chapter,1,4306462995,33,1034
4404039811,1,0,1,4313545395,https://doi.org/10.2139/ssrn.5000533,2024,preprint,1,4210172589,14,31
4400873001,1,0,1,2913773162,https://doi.org/10.1370/afm.3137,2024,article,1,105068684,36,11
4397004721,1,0,1,4313545395,https://doi.org/10.1007/978-3-031-56764-3_1,2024,book-chapter,1,4210210291,20,124
7125601339,1,0,1,4313545395,https://doi.org/10.1016/j.ceqi.2026.01.002,2025,article,1,4210203057,14,51
2964081671,1,0,1,2913773162,https://doi.org/10.1101/19001495,2019,preprint,1,3005729997,26,74
4390610483,1,0,1,2793071066,https://doi.org/10.31235/osf.io/xwpq6,2024,preprint,1,,18,105
4414974407,1,0,1,2066752129,https://doi.org/10.1123/jpah.2025-0128,2025,article,1,2755080209,27,30
4411510893,1,0,1,2547045893,https://doi.org/10.32329/uad.1590129,2025,article,1,4210216756,14,32
4405872104,1,0,1,2793071066,https://doi.org/10.30565/medalanya.1518860,2024,article,1,4210210719,18,33
7134189975,1,0,1,4313545395,https://doi.org/10.1111/ejss.70296,2026,article,1,25612858,18,86
3120116560,1,0,1,2066752129,https://doi.org/10.1108/s0733-558x20210000075008,2021,book-chapter,1,,12,52
4382072203,1,0,1,2913773162,https://doi.org/10.31234/osf.io/cxhke,2023,preprint,1,,17,54
4384469232,1,0,1,2066752129,https://doi.org/10.56397/sssh.2023.07.04,2023,article,1,4387282208,26,9
4410008320,1,0,1,2793071066,https://doi.org/10.1002/widm.70016,2025,article,1,2505707916,17,310
7125711016,1,0,1,3123050710,https://doi.org/10.1007/s11192-025-05489-7,2026,article,1,148561398,20,127
4402644720,1,0,1,2547045893,https://doi.org/10.1038/s42005-024-01799-z,2024,article,1,4210200995,31,30
4385117450,1,0,1,4313545395,https://doi.org/10.1007/s11211-023-00414-w,2023,article,1,83616544,33,70
4400013674,1,0,1,2913773162,https://doi.org/10.1007/s11192-024-05013-3,2024,article,1,148561398,14,79
4401730940,1,0,1,4313545395,https://doi.org/10.1007/s00146-024-02049-0,2024,article,1,4210190517,33,40
4417502545,1,0,1,2303284028,https://doi.org/10.1016/j.respol.2025.105397,2025,article,1,9731383,20,97
7127385642,1,0,1,2066752129,https://doi.org/10.1080/03075079.2026.2623445,2026,article,1,162196882,18,47
4415213903,1,0,1,2913773162,https://doi.org/10.1080/17445760.2025.2572054,2025,article,1,85375271,32,29
4417312321,1,0,1,2059615831,https://doi.org/10.1080/00036846.2025.2601901,2025,article,1,201533460,14,28
4413250446,1,0,1,2066752129,https://doi.org/10.1016/j.ijinfomgt.2025.102960,2025,article,1,189354248,14,114
2487313629,1,0,1,2066752129,https://doi.org/10.1057/9780230362437.0009,2014,book-chapter,1,4306463715,18,8
3046221101,1,0,1,2066752129,https://doi.org/10.1145/3383583.3398575,2020,article,1,,17,3
2952042861,1,0,1,2066752129,https://doi.org/10.2139/ssrn.2995611,2017,article,1,4210172589,17,57
2807169805,1,0,1,2913773162,https://doi.org/10.2139/ssrn.3169147,2018,article,1,4210172589,14,111
4391102836,1,0,1,3123050710,https://doi.org/10.5771/9783748925590-490,2024,book-chapter,1,4306463667,33,62
4404227996,1,0,1,2066752129,https://doi.org/10.2139/ssrn.5014244,2024,article,1,4210172589,14,31
4319782264,1,0,1,2066752129,https://doi.org/10.2139/ssrn.4349385,2023,article,1,4210172589,14,78
4387686222,1,0,1,2066752129,https://doi.org/10.1016/j.joi.2023.101457,2023,article,1,205292342,20,36
4407718640,1,0,1,2059615831,https://doi.org/10.1108/ribs-09-2023-0110,2025,article,1,4210197888,14,101
4319073175,1,0,1,2793071066,https://doi.org/10.35424/regeo.166.2023.3124,2023,article,1,4210224591,33,81
3174023030,1,0,1,2547045893,https://doi.org/10.1101/2021.06.24.449755,2021,preprint,1,4306402567,27,11
4402668298,1,0,1,4313545395,https://doi.org/10.2118/220735-ms,2024,article,1,4306530599,22,15
4388400263,1,0,1,4313545395,https://doi.org/10.20944/preprints202311.0165.v1,2023,preprint,1,6309402219,19,37
4363676703,1,0,1,2913773162,https://doi.org/10.21203/rs.3.rs-2767750/v1,2023,preprint,1,4306525896,27,17
4394941146,1,0,1,2066752129,https://doi.org/10.52501/cc.064.13,2023,book-chapter,1,4306486808,23,138
4391608770,1,0,1,2913773162,https://doi.org/10.3389/fevo.2024.1267605,2024,article,1,2597028195,23,49
4353060345,1,0,1,2793071066,https://doi.org/10.14361/9783839462959-013,2023,book-chapter,1,4393919473,33,35
4410579508,1,0,1,2913773162,https://doi.org/10.1002/ldr.5653,2025,article,1,153614898,20,77
4403432890,1,0,1,2066752129,https://doi.org/10.1002/pra2.1075,2024,article,1,4393918545,14,21
4386591966,1,0,1,3123050710,https://doi.org/10.1017/s0140525x22002254,2023,letter,1,59628311,13,11
4416557108,1,0,1,2793071066,https://doi.org/10.1111/jace.70393,2025,article,1,53162366,25,80
3198170544,1,0,1,2066752129,https://doi.org/10.53975/6uxf-x42r,2021,article,1,4210235377,18,11
4395045852,1,0,1,2793071066,https://doi.org/10.1177/26349825241241522,2024,article,1,4210182509,23,74
4416122874,1,0,1,2059615831,https://doi.org/10.1093/cjres/rsaf042,2025,article,1,97316453,33,92
4379046163,1,0,1,2793071066,https://doi.org/10.30682/tema0901c,2023,article,1,4210200997,14,37
4414713201,1,0,1,2793071066,https://doi.org/10.3389/frma.2025.1514938,2025,article,1,2596295431,18,13
2917948099,1,0,1,2793071066,https://doi.org/10.1177/0193945919833700,2019,editorial,1,83825622,18,8
4415106570,1,0,1,2303284028,https://doi.org/10.1007/s11192-025-05429-5,2025,article,1,148561398,18,94
4415427305,1,0,1,2547045893,https://doi.org/10.1057/s41599-025-05875-9,2025,article,1,4210206302,18,45
4410765179,1,0,1,2793071066,https://doi.org/10.1007/s42822-025-00203-x,2025,article,1,2764486203,32,36
4411857161,1,0,1,2066752129,https://doi.org/10.1007/s11192-025-05346-7,2025,article,1,148561398,18,49
4404870355,1,0,1,2547045893,https://doi.org/10.1007/s11192-024-05210-0,2024,article,1,148561398,18,79
4407054341,1,0,1,2793071066,https://doi.org/10.1016/j.aquaculture.2025.742251,2025,article,1,104261359,23,118
4408788416,1,0,1,2059615831,https://doi.org/10.1016/j.chieco.2025.102398,2025,article,1,19645890,20,44
4404469905,1,0,1,2793071066,https://doi.org/10.1016/j.annals.2024.103870,2024,article,1,51885707,18,7
4410330422,1,0,1,2913773162,https://doi.org/10.1016/j.joi.2025.101678,2025,article,1,205292342,14,10
7140161066,1,0,1,3123050710,https://doi.org/10.1016/j.jclepro.2026.147979,2026,article,1,58516903,20,149
4400904437,1,0,1,2793071066,https://doi.org/10.1016/j.joi.2024.101562,2024,article,1,205292342,18,44
4417411175,1,0,1,4313545395,https://doi.org/10.1016/j.frl.2025.109382,2025,article,1,88577320,14,17
2476760196,1,0,1,2066752129,,2016,book-chapter,1,,31,175
4206134897,1,0,1,2059615831,https://doi.org/10.17130/ijmeb.852395,2021,article,1,4210196205,20,32
4410426496,1,0,1,2066752129,https://doi.org/10.2139/ssrn.5257437,2025,preprint,1,4210172589,18,60
4388820616,1,0,1,2913773162,https://doi.org/10.1109/apsipaasc58517.2023.10317386,2023,article,1,,33,30
3172152531,1,0,1,3123050710,https://doi.org/10.1007/978-3-030-72624-9_17,2021,review,1,4210213097,14,103
4408833902,1,0,1,4313545395,https://doi.org/10.1177/13505084251329416,2025,article,1,72915307,36,10
4296391750,1,0,1,2793071066,https://doi.org/10.1016/j.bja.2022.09.008,2022,review,1,33418846,27,49
4362698057,1,0,1,4313545395,https://doi.org/10.1016/j.arcmed.2023.03.008,2023,letter,1,157833918,17,9
7116972338,1,0,1,2066752129,https://doi.org/10.1038/s41562-025-02331-1,2025,article,1,2764866340,17,65
7118752318,1,0,1,4313545395,https://doi.org/10.1016/j.respol.2025.105402,2026,article,1,9731383,14,47
4403728538,1,0,1,2547045893,https://doi.org/10.1145/3698387.3699996,2024,article,1,,18,38
4402615689,1,0,1,2793071066,https://doi.org/10.3390/systems12090377,2024,article,1,4210219410,31,26
4317538405,1,0,1,2793071066,https://doi.org/10.1017/nws.2022.41,2023,article,1,2530642067,18,131
3109277204,1,0,1,2793071066,https://doi.org/10.1088/1742-6596/1673/1/012061,2020,article,1,4210187594,31,30
4220753441,1,0,1,2913773162,https://doi.org/10.21203/rs.3.rs-1420119/v1,2022,preprint,1,4306525896,13,28
4413874357,1,0,1,2793071066,https://doi.org/10.11603/2312-0967.2025.2.15436,2025,article,1,4210204632,18,6
7131657470,1,0,1,2303284028,https://doi.org/10.1093/qje/qjag013,2026,article,1,203860005,14,105
4414846632,1,0,1,3123050710,https://doi.org/10.2478/jdis-2025-0050,2025,article,1,2764801193,18,75
3201633294,1,0,1,2066752129,https://doi.org/10.4000/rei.10503,2021,article,1,4210183012,18,18
2969705482,1,0,1,2793071066,https://doi.org/10.1101/741694,2019,preprint,1,4306402567,18,24
4379928567,1,0,1,2913773162,https://doi.org/10.4018/joeuc.324072,2023,article,1,80285584,33,55
4416554539,1,0,1,2793071066,https://doi.org/10.1038/s41597-025-06125-y,2025,article,1,2607323502,17,48
4327639728,1,0,1,2066752129,https://doi.org/10.1007/978-3-031-24910-5_1,2023,book-chapter,1,4210191352,14,51
4402713768,1,0,1,2793071066,https://doi.org/10.1007/978-981-97-5400-7_9,2024,book-chapter,1,4210210199,33,53
4414110194,1,0,1,2793071066,https://doi.org/10.1021/acsomega.5c04542,2025,review,1,4210239500,23,27
4400665304,1,0,1,2793071066,https://doi.org/10.1002/inc3.59,2024,article,1,4387285261,23,84
4245136605,1,0,1,3123050710,https://doi.org/10.2139/ssrn.3727173,2020,article,1,4210172589,11,36
7160986771,1,0,1,4313545395,https://doi.org/10.1016/j.techsoc.2026.103397,2026,article,1,149100181,20,103
4415885063,1,0,1,2913773162,https://doi.org/10.1002/smj.70021,2025,article,1,102949365,31,44
4408783259,1,0,1,2066752129,https://doi.org/10.1096/fj.202402439r,2025,article,1,25293849,27,13
4389988549,1,0,1,2793071066,https://doi.org/10.1109/vis54172.2023.00022,2023,article,1,,17,35
4407574871,1,0,1,4313545395,https://doi.org/10.1371/journal.pcbi.1012788,2025,article,1,86033158,32,31
2559101006,1,0,1,2059615831,https://doi.org/10.17345/rio16.11-40,2016,article,1,2738458479,14,63
4295193906,1,0,1,2547045893,https://doi.org/10.3998/jep.3334,2022,article,1,105231406,18,18
4416148476,1,0,1,2793071066,https://doi.org/10.1007/978-3-032-11108-1_36,2025,book-chapter,1,106296714,17,32
4205895661,1,0,1,2066752129,https://doi.org/10.1017/9781108993647.003,2021,book-chapter,1,4306462995,32,893
4295769082,1,0,1,2793071066,https://doi.org/10.23919/picmet53225.2022.9882648,2022,article,1,4363608108,25,29
3034554961,1,0,1,2913773162,https://doi.org/10.48550/arxiv.2003.01108,2020,preprint,1,4306400194,18,45
2948080779,1,0,1,3123050710,https://doi.org/10.48550/arxiv.1906.02660,2019,preprint,1,4306400194,18,7
4205107427,1,0,1,2913773162,https://doi.org/10.2991/assehr.k.211209.462,2021,article,1,4210228009,14,18
4412409164,1,0,1,2066752129,https://doi.org/10.2139/ssrn.5339282,2025,preprint,1,4210172589,14,99
2548754029,1,0,1,2066752129,https://doi.org/10.2139/ssrn.2936709,2017,article,1,4210172589,17,49
4387934071,1,0,1,2547045893,https://doi.org/10.1016/j.cjprs.2023.10.001,2023,article,1,4210184333,27,33
4405763495,1,0,1,2793071066,https://doi.org/10.3724/2096-7004.di.2024.0065,2024,article,1,4210186383,23,32
4402571454,1,0,1,2793071066,https://doi.org/10.23919/ccc63176.2024.10661656,2024,article,1,,17,24
4386262278,1,0,1,4313545395,https://doi.org/10.30970/pps.2023.48.7,2023,article,1,4210213276,33,23
4293074399,1,0,1,2066752129,https://doi.org/10.21608/mjsm.2022.242814,2022,article,1,4210182421,22,22
7118143864,1,0,1,2059615831,https://doi.org/10.1016/j.sbr.2026.100050,2026,article,1,5407050789,17,79
4413999251,1,0,1,4313545395,https://doi.org/10.3389/jaws.2025.14951,2025,article,1,4387279861,27,36
4412420193,1,0,1,2066752129,https://doi.org/10.1016/j.eeh.2025.101699,2025,article,1,145471836,12,60
4391229417,1,0,1,2793071066,https://doi.org/10.3233/shti231074,2024,article,1,4210179765,13,8
3039491447,1,0,1,3123050710,https://doi.org/10.1093/icc/dtab054,2021,preprint,1,145507837,18,60
4320060985,1,0,1,2066752129,https://doi.org/10.3280/fr2022-002001,2022,article,1,2764359997,14,62
4407778613,1,0,1,2059615831,https://doi.org/10.3390/systems13030139,2025,article,1,4210219410,14,70
4404483456,1,0,1,2793071066,https://doi.org/10.3390/geosciences14110314,2024,article,1,4210231481,23,27
3096324817,1,0,1,2793071066,https://doi.org/10.6018/analesdoc.440101,2020,article,1,4210188299,18,43
3157135163,1,0,1,2547045893,https://doi.org/10.1371/journal.pone.0255982,2021,article,1,202381698,33,37
2959939987,1,0,1,2066752129,https://doi.org/10.5194/bg-2019-249,2019,article,1,,17,15
3168602489,1,0,1,2066752129,https://doi.org/10.1177/05390184211018670,2021,article,1,50876694,18,11
4323364622,1,0,1,2547045893,https://doi.org/10.21203/rs.3.rs-2647238/v1,2023,preprint,1,4306525896,20,22
4386835362,1,0,1,4313545395,https://doi.org/10.20944/preprints202205.0411.v4,2023,preprint,1,6309402219,31,56
4396741695,1,0,1,4313545395,https://doi.org/10.17821/srels/2024/v61i2/171344,2024,article,1,4387997576,17,8
2969158368,1,0,1,2547045893,https://doi.org/10.1093/oxfordhb/9780190648077.013.16,2019,reference-entry,1,4306463708,32,11
4389259997,1,0,1,2793071066,https://doi.org/10.1007/978-3-031-31360-8_16,2023,book-chapter,1,4210212400,17,47
4412838172,1,0,1,4313545395,https://doi.org/10.1007/s10441-025-09500-9,2025,review,1,61528851,13,56
4407022355,1,0,1,2793071066,https://doi.org/10.1007/s42761-024-00292-8,2025,article,1,4210212960,32,148
4386631960,1,0,1,4313545395,https://doi.org/10.1080/09699260.2023.2256175,2023,article,1,19816070,27,16
7124548828,1,0,1,2793071066,https://doi.org/10.1021/acs.jchemed.5c01135,2026,article,1,105208853,16,49
4402378918,1,0,1,4313545395,https://doi.org/10.1080/00036846.2024.2399810,2024,article,1,201533460,27,48
4410775090,1,0,1,3123050710,https://doi.org/10.1016/j.jad.2025.119485,2025,review,1,113871862,17,68
4412984207,1,0,1,3123050710,https://doi.org/10.1080/03075079.2025.2535371,2025,article,1,162196882,32,63
4402072227,1,0,1,2793071066,https://doi.org/10.1016/j.leaqua.2024.101814,2024,article,1,152304618,33,71
4293219287,1,0,1,2808505390,https://doi.org/10.2139/ssrn.4090266,2022,article,1,4210172589,18,58
4403250110,1,0,1,2793071066,https://doi.org/10.1007/s41109-024-00658-8,2024,article,1,3035517252,17,28
7154482441,1,0,1,2913773162,https://doi.org/10.1080/10438599.2026.2657478,2026,article,1,192056284,14,52
4402598491,1,0,1,4313545395,https://doi.org/10.1016/j.jss.2024.08.017,2024,article,1,45161156,27,50
4206523737,1,0,1,2793071066,https://doi.org/10.1080/02604027.2021.2014748,2022,article,1,181570331,32,34
4321483891,1,0,1,2793071066,https://doi.org/10.1109/tkde.2023.3243602,2023,article,1,30698027,17,83
3203617624,1,0,1,2793071066,https://doi.org/10.2139/ssrn.3508841,2019,article,1,4210172589,33,77
4205483787,1,0,1,2066752129,https://doi.org/10.1017/9781108993647.008,2021,book-chapter,1,4306462995,36,893
4382490791,1,0,1,4313545395,https://doi.org/10.25267/rev_estud_socioeducativos.2023.i11.12,2023,article,1,4210170542,33,10
4319660407,1,0,1,2066752129,https://doi.org/10.2139/ssrn.4351566,2023,article,1,4210172589,33,54
4394828180,1,0,1,2793071066,https://doi.org/10.58848/tierethik.2024.1.9,2024,article,1,4387289155,34,22
2899997885,1,0,1,2793071066,https://doi.org/10.1371/journal.pone.0238360,2020,preprint,1,202381698,20,90
3120255569,1,0,1,2913773162,https://doi.org/10.1007/978-3-030-59951-5_7,2021,book-chapter,1,4210210369,14,25
4410055624,1,0,1,2913773162,https://doi.org/10.1108/tpm-09-2024-0096,2025,article,1,88978795,18,63
4323045297,1,0,1,3123050710,https://doi.org/10.31235/osf.io/f39ra,2023,preprint,1,,18,63
4394841320,1,0,1,2793071066,https://doi.org/10.1371/journal.pone.0299319,2024,article,1,202381698,18,45
4353060520,1,0,1,2793071066,https://doi.org/10.14361/9783839462959,2023,book,1,4393919473,33,293
4221083111,1,0,1,2793071066,https://doi.org/10.1017/s155192952200044x,2022,article,1,74408252,13,13
7128999550,1,0,1,4313545395,https://doi.org/10.3390/bdcc10020063,2026,article,1,4210238752,33,28
4386966919,1,0,1,3201257425,https://doi.org/10.31235/osf.io/ep5bx,2023,preprint,1,,18,57
4399054604,1,0,1,2793071066,https://doi.org/10.3390/math12111667,2024,article,1,4210192031,17,64
4402586445,1,0,1,3201257425,https://doi.org/10.1162/qss_a_00330,2024,article,1,4210195326,33,67
4414145382,1,0,1,2066752129,https://doi.org/10.1101/2025.09.03.674085,2025,preprint,1,4306402567,13,52
2970480207,1,0,1,2793071066,https://doi.org/10.1016/j.heliyon.2019.e02219,2019,article,1,2898612692,18,64
7083451587,1,0,1,2793071066,https://doi.org/10.1007/978-3-032-06136-2_15,2025,book-chapter,1,2764900261,20,21
4394626757,1,0,1,2913773162,https://doi.org/10.1007/978-3-031-57850-2_21,2024,book-chapter,1,106296714,33,47
4416287192,1,0,1,2793071066,https://doi.org/10.1007/s44217-025-00916-6,2025,article,1,4387280196,18,95
4410882642,1,0,1,2793071066,https://doi.org/10.1007/s13132-025-02803-9,2025,article,1,60370010,14,35
4412102826,1,0,1,2793071066,https://doi.org/10.1057/s41599-025-05281-1,2025,article,1,4210206302,20,14
4384522239,1,0,1,2793071066,https://doi.org/10.1038/s41598-023-38254-y,2023,article,1,196734849,17,18
4415604713,1,0,1,2793071066,https://doi.org/10.1016/j.lindif.2025.102816,2025,article,1,9267903,32,27
7118269328,1,0,1,4313545395,https://doi.org/10.1016/j.egyr.2025.108925,2026,article,1,2898434319,20,72
2547654003,1,0,1,2066752129,https://doi.org/10.1177/0003122416671873,2015,article,1,157620343,33,94
3006084751,1,0,1,2793071066,https://doi.org/10.5488/cmp.23.23001,2020,article,1,487226,26,26
4389955209,1,0,1,4313545395,https://doi.org/10.1038/d41586-023-04021-2,2023,editorial,1,137773608,31,11
3161776289,1,0,1,2793071066,https://doi.org/10.1007/978-3-030-81854-8_7,2021,book-chapter,1,4210188945,17,41
4390660610,1,0,1,4313545395,https://doi.org/10.1007/s00799-023-00386-x,2024,article,1,110615584,17,48
4405507164,1,0,1,2059615831,https://doi.org/10.1007/s10614-024-10806-y,2024,article,1,98984247,14,27
7140326423,1,0,1,2303284028,https://doi.org/10.3917/e.jie.pr1.0158,2024,article,1,141081643,33,63
4391532621,1,0,1,2793071066,https://doi.org/10.2478/jdis-2024-0009,2024,article,1,2764801193,31,32
4412663955,1,0,1,4313545395,https://doi.org/10.31219/osf.io/kn6pq_v1,2025,preprint,1,,17,50
4407910450,1,0,1,4313545395,https://doi.org/10.11647/obp.0418.03,2025,book-chapter,1,4306463697,23,44
4396872084,1,0,1,4313545395,https://doi.org/10.1017/s0140525x23002984,2024,article,1,59628311,18,26
4387130169,1,0,1,3123050710,https://doi.org/10.61203/2347-0658.v12.n1.40074,2023,article,1,4393918411,33,20
4410612368,1,0,1,2913773162,https://doi.org/10.1162/qss.a.4,2025,article,1,4210195326,33,61
4307183688,1,0,1,2793071066,https://doi.org/10.33326/27086062.2022.2.1329,2022,article,1,4210197714,20,43
4382284399,1,0,1,2913773162,https://doi.org/10.1177/22297561221149851,2023,article,1,,17,61
3022851047,1,0,1,2066752129,https://doi.org/10.1016/j.arthro.2020.04.014,2020,article,1,107905979,27,6
4396654319,1,0,1,4313545395,https://doi.org/10.1111/emre.12653,2024,article,1,172313144,14,86
4403098595,1,0,1,3123050710,https://doi.org/10.3390/healthcare12191975,2024,article,1,4210214101,27,71
4385436143,1,0,1,2793071066,https://doi.org/10.24425/bpasts.2022.141988,2022,article,1,170491511,17,27
4223559224,1,0,1,2913773162,https://doi.org/10.21203/rs.3.rs-1550765/v1,2022,preprint,1,4306525896,23,23
3205146043,1,0,1,2793071066,https://doi.org/10.1101/2021.05.01.442270,2021,preprint,1,4306402567,33,98
4391897695,1,0,1,4313545395,https://doi.org/10.1002/soej.12683,2024,article,1,16296580,18,57
2909581472,1,0,1,2066752129,https://doi.org/10.1101/518605,2019,preprint,1,4306402567,18,59
4407205546,1,0,1,4313545395,https://doi.org/10.1002/wcs.70000,2025,review,1,130623406,12,149
3201954607,1,0,1,2793071066,https://doi.org/10.3389/fmars.2021.733822,2021,article,1,2596539584,23,15
7119471450,1,0,1,4313545395,https://doi.org/10.1002/adsu.202501440,2026,article,1,4210217307,22,147
3186596980,1,0,1,2793071066,https://doi.org/10.1101/2021.07.26.453749,2021,preprint,1,4306402567,17,43
7140100511,1,0,1,4313545395,https://doi.org/10.1016/j.techsoc.2026.103320,2026,article,1,149100181,14,76
4400927400,1,0,1,4313545395,https://doi.org/10.1016/j.hrthm.2024.07.093,2024,article,1,163651451,27,17
7154017848,1,0,1,2913773162,https://doi.org/10.1145/3772318.3790829,2026,article,1,,18,53
4412605278,1,0,1,4313545395,https://doi.org/10.1109/tcss.2025.3586021,2025,article,1,2490693980,31,49
4380204264,1,0,1,4313545395,https://doi.org/10.1016/j.bas.2023.101764,2023,article,1,4210215356,27,3
7155620032,1,0,1,2066752129,https://doi.org/10.1007/s10796-026-10746-y,2026,article,1,181659395,32,60
4414306964,1,0,1,4313545395,https://doi.org/10.1101/2025.09.08.674588,2025,preprint,1,4306402567,13,40
4406227303,1,0,1,2793071066,https://doi.org/10.14515/monitoring.2024.6.2627,2024,article,1,4210233660,22,29
2993335366,1,0,1,2547045893,https://doi.org/10.48550/arxiv.1912.03023,2019,preprint,1,4306400194,31,32
4390897626,1,0,1,2547045893,https://doi.org/10.48550/arxiv.2401.06479,2024,preprint,1,4306400194,20,39
4381736617,1,0,1,2913773162,https://doi.org/10.1177/01655515231182067,2023,article,1,68913162,18,46
4416379930,1,0,1,4313545395,https://doi.org/10.1002/fee.70016,2025,article,1,144797041,23,37
4210956043,1,0,1,3123050710,https://doi.org/10.1017/9781108762519.018,2020,book-chapter,1,4306462995,33,1034
7127992984,1,0,1,4378980478,https://doi.org/10.1016/j.respol.2026.105429,2026,article,1,9731383,14,92
4405303413,1,0,1,2793071066,https://doi.org/10.1002/2211-5463.13953,2024,article,1,2898225119,22,36
4408403099,1,0,1,2793071066,https://doi.org/10.1145/3677389.3702565,2024,article,1,,17,13
4211016528,1,0,1,2066752129,https://doi.org/10.1108/978-1-78635-449-520161018,2017,other,1,,33,406
4309547361,1,0,1,2793071066,https://doi.org/10.33448/rsd-v11i15.35924,2022,article,1,2739064124,33,109
4415104492,1,0,1,2303284028,https://doi.org/10.2139/ssrn.5496938,2025,preprint,1,4210172589,14,166
4408358497,1,0,1,2793071066,https://doi.org/10.1109/icei64305.2024.10912192,2024,article,1,,17,31
2892028849,1,0,1,2066752129,https://doi.org/10.1017/iop.2018.96,2018,article,1,187239619,33,14
3203242974,1,0,1,2913773162,https://doi.org/10.1007/978-981-16-5493-0_7,2021,book-chapter,1,4210185331,23,42
3154062992,1,0,1,2066752129,https://doi.org/10.1007/s43253-021-00035-6,2021,article,1,4210198095,18,103
2987746536,1,0,1,2547045893,https://doi.org/10.1007/978-3-030-02511-3_6,2019,book-chapter,1,4210224236,18,69
4210958910,1,0,1,3123050710,https://doi.org/10.1017/9781108762519.015,2020,book-chapter,1,4306462995,18,1034
7163571534,1,0,1,2793071066,https://doi.org/10.3390/math14112002,2026,article,1,4210192031,26,25
4394576344,1,0,1,4313545395,https://doi.org/10.3390/cancers16071431,2024,article,1,168415115,24,103
7130438108,1,0,1,4313545395,https://doi.org/10.3389/feduc.2026.1709978,2026,article,1,2596526815,33,83
4295709332,1,0,1,2793071066,https://doi.org/10.1371/journal.pone.0274253,2022,article,1,202381698,25,47
3198607789,1,0,1,2808505390,https://doi.org/10.1590/1981-5271v45.3-20200268.ing,2021,article,1,4210232660,27,9
4392784486,1,0,1,2066752129,https://doi.org/10.5463/thesis.592,2024,dissertation,1,,18,349
4416386231,1,0,1,4313545395,https://doi.org/10.1007/s10814-025-09213-0,2025,article,1,101328740,19,12
7083463938,1,0,1,2793071066,https://doi.org/10.1007/978-3-032-00206-8_21,2025,book-chapter,1,4210187899,13,20
3203218158,1,0,1,2913773162,https://doi.org/10.48550/arxiv.2109.14776,2021,preprint,1,4306400194,17,59
4415960658,1,0,1,4378980478,https://doi.org/10.1007/s11192-025-05453-5,2025,article,1,148561398,18,36
4401608769,1,0,1,3123050710,https://doi.org/10.1109/sist61555.2024.10629492,2024,article,1,,17,29
4417073829,1,0,1,4313545395,https://doi.org/10.1093/anncom/wlaf023,2025,article,1,2764627845,18,54
3175296361,1,0,1,2793071066,https://doi.org/10.1101/2021.06.16.21259049,2021,preprint,1,3005729997,13,82
4412983812,1,0,1,2793071066,https://doi.org/10.1016/j.eswa.2025.129160,2025,article,1,13144211,17,88
4319663737,1,0,1,4313545395,https://doi.org/10.1007/s41660-023-00318-x,2023,article,1,4210203412,22,4
4409055016,1,0,1,2547045893,https://doi.org/10.1007/s10669-025-10010-9,2025,article,1,2764812402,23,99
4391436593,1,0,1,3123050710,https://doi.org/10.1002/ppp.2214,2024,article,1,192927201,27,68
3084253707,1,0,1,2303284028,https://doi.org/10.48550/arxiv.2009.04113,2020,preprint,1,4306400194,14,33
2901534827,1,0,1,2066752129,,2018,article,1,4306401696,14,66
2941950917,1,0,1,2547045893,https://doi.org/10.1097/sla.0000000000003334,2019,letter,1,157664895,27,10
4392770675,1,0,1,2793071066,https://doi.org/10.20944/preprints202402.1665.v1,2024,preprint,1,6309402219,18,151
4414092567,1,0,1,4313545395,https://doi.org/10.35295/osls.iisl.2303,2025,article,1,4210227004,28,41
4408911344,1,0,1,2066752129,https://doi.org/10.1007/s12528-025-09435-7,2025,article,1,55310782,17,75
4408845495,1,0,1,2547045893,https://doi.org/10.1097/md.0000000000041895,2025,article,1,28966261,27,56
4412067392,1,0,1,4313545395,https://doi.org/10.1080/00036846.2025.2526855,2025,article,1,201533460,20,51
4365152327,1,0,1,2793071066,https://doi.org/10.1017/nws.2023.7,2023,article,1,2530642067,31,6
4205911133,1,0,1,2066752129,https://doi.org/10.1017/9781108993647.014,2021,book-chapter,1,4306462995,36,892
4285335159,1,0,1,2793071066,https://doi.org/10.52949/24,2021,preprint,1,,17,27
4404846766,1,0,1,4313545395,https://doi.org/10.1016/b978-0-443-23655-6.00004-6,2024,book-chapter,1,4306463230,27,26
4319312202,1,0,1,4313545395,https://doi.org/10.1093/icvts/ivad021,2023,article,1,4387286285,18,2
4416270951,1,0,1,2793071066,https://doi.org/10.1007/s11192-025-05485-x,2025,article,1,148561398,18,80
7124761371,1,0,1,2793071066,https://doi.org/10.1007/s11186-025-09679-3,2026,article,1,118419795,18,31
4401049007,1,0,1,3123050710,https://doi.org/10.1007/s11192-024-05046-8,2024,article,1,148561398,33,94
4362454490,1,0,1,2793071066,https://doi.org/10.1111/aec.13315,2023,review,1,38880878,23,64
3168478956,1,0,1,2066752129,https://doi.org/10.2139/ssrn.3197297,2018,article,1,4210172589,14,83
4393038903,1,0,1,4313545395,https://doi.org/10.1123/kr.2023-0017,2024,article,1,4210230098,32,60
4406362382,1,0,1,2066752129,https://doi.org/10.1016/j.heliyon.2025.e41952,2025,article,1,2898612692,18,96
4395073177,1,0,1,2913773162,https://doi.org/10.1177/00031348241248804,2024,article,1,113474406,18,20
4385982437,1,0,1,4313545395,https://doi.org/10.1017/cts.2023.613,2023,editorial,1,4210205013,27,13
4379794750,1,0,1,4313545395,https://doi.org/10.3390/higheredu2020022,2023,article,1,4387284882,33,74
4406324911,1,0,1,2793071066,https://doi.org/10.1007/s44007-024-00146-6,2025,article,1,4210224136,26,38
7118458270,1,0,1,2066752129,https://doi.org/10.1016/j.techfore.2025.124488,2026,article,1,39307421,14,82
4403848136,1,0,1,4313545395,https://doi.org/10.1016/j.jclepro.2024.144057,2024,article,1,58516903,11,76
4403400594,1,0,1,2793071066,https://doi.org/10.1177/10525629241289334,2024,article,1,190363454,12,14
4408812156,1,0,1,2066752129,https://doi.org/10.1287/orsc.2023.17462,2025,article,1,206124708,20,43
4408779408,1,0,1,2303284028,https://doi.org/10.1109/tem.2025.3554311,2025,article,1,154533451,20,48
4411020385,1,0,1,4313545395,https://doi.org/10.4018/979-8-3373-1827-1.ch009,2025,book-chapter,1,4210180746,33,118
2989970346,1,0,1,2793071066,https://doi.org/10.3233/ds-190023,2019,editorial,1,4210178722,14,11
7133340451,1,0,1,4313545395,https://doi.org/10.1093/evlett/qrag004,2026,article,1,4210186268,13,81
3091956169,1,0,1,2793071066,https://doi.org/10.1007/978-3-030-60975-7_21,2020,book-chapter,1,106296714,31,11
4415106985,1,0,1,2547045893,https://doi.org/10.7554/elife.109042.1,2025,article,1,1336409049,18,32
2989788443,1,0,1,2793071066,https://doi.org/10.1007/978-981-13-9390-7_6,2019,book-chapter,1,,17,6
4410819488,1,0,1,4313545395,https://doi.org/10.32397/tesea.vol6.n1.724,2025,article,1,4210214121,14,95
4416093975,1,0,1,2913773162,https://doi.org/10.3390/su172210001,2025,article,1,10134376,18,82
4402747418,1,0,1,2793071066,https://doi.org/10.1080/1612197x.2024.2406533,2024,review,1,2764536895,32,65
4416431793,1,0,1,2059615831,https://doi.org/10.1016/j.respol.2025.105368,2025,article,1,9731383,14,57
4385670571,1,0,1,2547045893,https://doi.org/10.2139/ssrn.4526868,2023,preprint,1,4210172589,20,25
4412905407,1,0,1,2793071066,https://doi.org/10.7717/peerj-cs.3048,2025,article,1,4210178049,31,32
3201929974,1,0,1,2913773162,https://doi.org/10.48550/arxiv.2109.12719,2021,preprint,1,4306400194,18,95
4362502149,1,0,1,2793071066,https://doi.org/10.1007/978-3-031-28993-4_41,2023,book-chapter,1,4393917809,17,33
3196288984,1,0,1,2808505390,https://doi.org/10.1590/1981-5271v45.3-20200268,2021,article,1,4210232660,32,9
7134978013,1,0,1,3123050710,https://doi.org/10.1093/reseval/rvag008,2026,article,1,16793705,17,76
4391574303,1,0,1,4313545395,https://doi.org/10.1158/1055-9965.epi-23-0883,2024,article,1,8391440,27,10
3162136143,1,0,1,3123050710,https://doi.org/10.31234/osf.io/zst69,2019,preprint,1,,18,59
2942135117,1,0,1,2059615831,https://doi.org/10.4995/thesis/10251/119965,2019,dissertation,1,,20,201
7115936002,1,0,1,3123050710,https://doi.org/10.52825/ocp.v8i.3172,2025,article,1,4220650788,17,13
2897481435,1,0,1,2913773162,https://doi.org/10.1086/716837,2021,article,1,107049385,12,31
2538250103,1,0,1,2059615831,,2015,article,1,4306517927,14,8
2985093418,1,0,1,2793071066,https://doi.org/10.17670/mped.2018.4.327,2018,article,1,4210188288,33,63
2751787844,1,0,1,2066752129,https://doi.org/10.5204/thesis.eprints.104383,2017,dissertation,1,7407050584,18,394
3007972321,1,0,1,2793071066,https://doi.org/10.1007/978-3-030-40943-2_33,2020,book-chapter,1,4210188945,31,35
7131779020,1,0,1,2913773162,https://doi.org/10.1016/j.techfore.2026.124598,2026,article,1,39307421,18,96
2962235134,1,0,1,3123050710,https://doi.org/10.14393/ufu.di.2019.947,2019,dissertation,1,,14,108
4283702816,1,0,1,2793071066,https://doi.org/10.3390/e24070894,2022,article,1,195231649,31,77
3082359545,1,0,1,3123050710,https://doi.org/10.48550/arxiv.2009.01575,2020,preprint,1,4306400194,17,56
4408989965,1,0,1,4313545395,https://doi.org/10.1101/2025.03.27.645823,2025,preprint,1,4306402567,22,28
4239927472,1,1,0,2059615831,https://doi.org/10.1080/00076799400000104,1994,article,1,942037226,,0
4379410734,1,0,1,2066752129,https://doi.org/10.1353/nlh.2022.a898336,2022,article,1,117643613,12,33
3201191951,1,0,1,2793071066,https://doi.org/10.20944/preprints202109.0330.v1,2021,preprint,1,6309402219,14,104
4317388461,1,0,1,2793071066,https://doi.org/10.1007/s11213-022-09629-5,2023,article,1,69790668,20,92
4396832597,1,0,1,4313545395,https://doi.org/10.1145/3613905.3638187,2024,article,1,,17,56
3137269713,1,0,1,2793071066,https://doi.org/10.1007/978-3-030-71305-8_31,2021,book-chapter,1,106296714,36,37
4406849964,1,0,1,2303284028,https://doi.org/10.3389/fpsyg.2025.1499563,2025,review,1,9692511,32,60
4413792217,1,0,1,2793071066,https://doi.org/10.5753/brasnam.2025.8840,2025,article,1,,31,13
4394770870,1,0,1,2913773162,https://doi.org/10.1002/9781394284122.ch3,2024,other,1,,22,87
4391583879,1,0,1,2547045893,https://doi.org/10.1109/icdmw60847.2023.00185,2023,article,1,,32,43
4405699701,1,0,1,4313545395,https://doi.org/10.1080/23299460.2024.2440962,2024,article,1,2764399430,14,32
4406253787,1,0,1,2793071066,https://doi.org/10.1002/asi.24982,2025,article,1,4210197613,18,81
7116315200,1,0,1,4313545395,https://doi.org/10.1016/j.enpol.2025.115046,2025,article,1,175056054,14,151
4402976446,1,0,1,2793071066,https://doi.org/10.1073/pnas.2410675121,2024,article,1,125754415,18,8
2974113005,1,0,1,2913773162,https://doi.org/10.3386/w24780,2018,article,1,2809516038,18,39
4415630238,1,0,1,4313545395,https://doi.org/10.1016/j.joi.2025.101741,2025,article,1,205292342,18,51
4398217967,1,0,1,2793071066,https://doi.org/10.1007/978-3-031-60260-3_25,2024,book-chapter,1,4210177767,17,20
2492252966,1,0,1,2059615831,https://doi.org/10.1007/978-1-137-56946-2_8,2016,book-chapter,1,4306463716,14,64
3138320458,1,0,1,2547045893,https://doi.org/10.1007/978-3-030-71292-1_17,2021,book-chapter,1,106296714,18,35
4409369679,1,0,1,4313545395,https://doi.org/10.1016/j.eswa.2025.127355,2025,article,1,13144211,14,76
4225814396,1,0,1,4313545395,https://doi.org/10.2139/ssrn.4071435,2022,article,1,4210172589,20,103
4324354179,1,0,1,2913773162,https://doi.org/10.1038/s44222-023-00051-7,2023,article,1,4387286573,22,10
4380154005,1,0,1,2913773162,https://doi.org/10.1007/s00500-023-08663-2,2023,article,1,65753830,22,12
4415556713,1,0,1,3123050710,https://doi.org/10.1016/j.joi.2025.101742,2025,article,1,205292342,18,50
7115174536,1,0,1,2793071066,https://doi.org/10.32703/2415-7422-2025-15-2-314-332,2025,article,1,4210178836,22,17
4400772542,1,0,1,2547045893,https://doi.org/10.1016/j.joi.2024.101558,2024,article,1,205292342,18,43
4401134911,1,0,1,4313545395,https://doi.org/10.1007/s42113-024-00213-9,2024,article,1,4210221739,17,75
4210538956,1,0,1,2793071066,https://doi.org/10.21203/rs.3.rs-69819/v1,2020,preprint,1,4306525896,14,58
7128430659,1,0,1,2059615831,https://doi.org/10.1016/j.apgeog.2026.103925,2026,article,1,115443327,32,53
4414461080,1,0,1,2913773162,https://doi.org/10.1177/10596011251383110,2025,article,1,192266589,32,93
3028263388,1,0,1,2793071066,https://doi.org/10.1134/s1063771020020177,2020,article,1,207226196,17,9
7119501307,1,0,1,2793071066,https://doi.org/10.1111/psj.70097,2026,article,1,119514724,33,96
4280625448,1,0,1,2547045893,https://doi.org/10.1162/qss_a_00193,2022,article,1,4210195326,25,82
4401417629,1,0,1,2066752129,https://doi.org/10.1371/journal.pone.0305238,2024,article,1,202381698,14,46
3159410896,1,0,1,2793071066,https://doi.org/10.1007/s11192-021-03975-2,2021,article,1,148561398,18,12
3089445031,1,0,1,2913773162,https://doi.org/10.29397/reciis.v14i3.1825,2020,article,1,30403921,18,10
3026865605,1,0,1,2547045893,https://doi.org/10.1162/qss_a_00072,2020,preprint,1,4210195326,18,57
4409735044,1,0,1,2913773162,https://doi.org/10.1016/j.joi.2025.101667,2025,article,1,205292342,17,54
3198238507,1,0,1,2913773162,https://doi.org/10.1057/s41599-021-00922-7,2021,preprint,1,4210206302,26,24
4367557071,1,0,1,2913773162,https://doi.org/10.31235/osf.io/493qg,2023,preprint,1,,27,52
4416663868,1,0,1,4313545395,https://doi.org/10.18632/aging.206340,2025,article,1,4210231119,13,21
3009220084,1,0,1,2793071066,https://doi.org/10.25560/76499,2019,dissertation,1,4306401396,33,319
4403986265,1,0,1,2913773162,https://doi.org/10.1007/978-981-97-4084-0_12,2024,book-chapter,1,,31,57
4388082101,1,0,1,2303284028,https://doi.org/10.1080/20421338.2023.2266183,2023,article,1,2764379878,11,82
3112663531,1,0,1,2303284028,https://doi.org/10.2139/ssrn.3741208,2021,article,1,4210172589,14,89
4411124232,1,0,1,4313545395,https://doi.org/10.1016/j.apgeog.2025.103684,2025,article,1,115443327,20,49
4416135854,1,0,1,3123050710,https://doi.org/10.1007/s11229-025-05346-3,2025,article,1,255146,33,47
2752950013,1,0,1,2066752129,https://doi.org/10.2139/ssrn.3020131,2017,article,1,4210172589,17,29
4399132957,1,0,1,3123050710,https://doi.org/10.1098/rsos.231521,2024,article,1,2737558550,18,63
2349571358,1,0,1,2066752129,https://doi.org/10.7737/jkorms.2015.40.4.049,2015,article,1,2764938814,18,22
4211238668,1,0,1,3123050710,https://doi.org/10.1017/9781108762519.014,2020,book-chapter,1,4306462995,18,1034
4385388339,1,0,1,2066752129,https://doi.org/10.1016/j.chb.2023.107898,2023,article,1,204030396,31,37
4393381838,1,0,1,4313545395,https://doi.org/10.1073/pnas.2315735121,2024,article,1,125754415,27,70
4283331747,1,0,1,2793071066,https://doi.org/10.1088/1742-6596/2281/1/012013,2022,article,1,4210187594,31,9
4226016668,1,0,1,2793071066,https://doi.org/10.2139/ssrn.4069545,2022,article,1,4210172589,33,58
4396977677,1,0,1,2066752129,https://doi.org/10.1093/reseval/rvae020,2024,article,1,16793705,18,77
4396571843,1,0,1,2547045893,https://doi.org/10.1016/j.amc.2024.128786,2024,article,1,50372074,33,80
7162568093,1,0,1,4313545395,https://doi.org/10.1016/j.landig.2026.100982,2026,article,1,4210237014,27,47
4414972431,1,0,1,2793071066,https://doi.org/10.3389/feart.2025.1645896,2025,article,1,2595152256,19,164
4256009445,1,0,1,2066752129,https://doi.org/10.1007/978-3-658-31439-2_27,2021,book-chapter,1,4210179654,20,16
4313643790,1,0,1,2913773162,https://doi.org/10.1101/2023.01.05.522943,2023,preprint,1,4306402567,31,56
4390476582,1,0,1,2913773162,https://doi.org/10.31234/osf.io/jsbuv,2023,preprint,1,,18,121
4388876765,1,0,1,4313545395,https://doi.org/10.1007/978-3-031-45582-7_2,2023,book-chapter,1,,21,61
4401439718,1,0,1,4313545395,https://doi.org/10.31219/osf.io/tn4kv,2024,preprint,1,,33,25
4413862488,1,0,1,2793071066,https://doi.org/10.4000/14jyv,2025,article,1,4210214722,12,49
4246563639,1,0,1,2547045893,https://doi.org/10.1017/9781316691489.008,2019,book-chapter,1,4306462995,12,103
4408550515,1,0,1,2913773162,https://doi.org/10.1007/s10490-025-10021-9,2025,article,1,107036887,14,115
3172993641,1,0,1,2066752129,https://doi.org/10.1142/s1363919621500717,2021,article,1,181388337,14,100
4406897939,1,0,1,4313545395,https://doi.org/10.1007/s11192-024-05220-y,2025,article,1,148561398,20,72
4408242462,1,0,1,4313545395,https://doi.org/10.1007/s42001-024-00353-9,2025,article,1,4210196583,33,65
2921663210,1,0,1,2059615831,https://doi.org/10.11606/t.12.2019.tde-20122018-183108,2019,dissertation,1,,20,118
2987727926,1,0,1,2793071066,https://doi.org/10.23919/picmet.2019.8893886,2019,article,1,,18,14
2949958155,1,0,1,2793071066,https://doi.org/10.48550/arxiv.1809.07841,2018,preprint,1,4306400194,18,34
4412849493,1,0,1,2303284028,https://doi.org/10.1002/asi.70012,2025,article,1,4210197613,17,44
7152600389,1,0,1,2303284028,https://doi.org/10.1007/s00187-026-00415-1,2026,article,1,4210176106,14,86
7163551580,1,0,1,4378980478,https://doi.org/10.1126/science.aee2479,2026,article,1,3880285,27,8
4417122392,1,0,1,3123050710,https://doi.org/10.1016/j.jcae.2025.100531,2025,article,1,142725411,14,48
4400725408,1,0,1,2547045893,https://doi.org/10.1007/978-3-031-64359-0_16,2024,book-chapter,1,2764900261,18,23
4396746161,1,0,1,4313545395,https://doi.org/10.1177/20530196241249680,2024,article,1,4210212405,13,54
7154058177,1,0,1,4378980478,https://doi.org/10.1145/3772318.3791205,2026,article,1,,18,76
2904906555,1,0,1,2066752129,https://doi.org/10.2139/ssrn.3264134,2018,article,1,4210172589,33,33
4387316177,1,0,1,2793071066,https://doi.org/10.1109/jcdl57899.2023.00051,2023,article,1,,17,12
7131284112,1,0,1,2059615831,https://doi.org/10.1016/j.respol.2026.105434,2026,article,1,9731383,20,77
4392814989,1,0,1,2793071066,https://doi.org/10.1007/s10606-024-09490-1,2024,article,1,177586587,18,82
4403849050,1,0,1,2066752129,https://doi.org/10.1108/el-12-2024-353,2024,editorial,1,902750600,14,21
4415381927,1,0,1,2913773162,https://doi.org/10.1080/01434632.2025.2571451,2025,article,1,177839238,32,78
4312132680,1,0,1,2913773162,https://doi.org/10.26434/chemrxiv-2022-1tjgt,2022,preprint,1,4393918830,18,34
4402668280,1,0,1,2913773162,https://doi.org/10.1016/j.jbusres.2024.114977,2024,article,1,93284759,32,151
4408208370,1,0,1,4313545395,https://doi.org/10.1101/2025.03.02.25323201,2025,preprint,1,3005729997,18,27
7117364566,1,0,1,2066752129,https://doi.org/10.1145/3769694.3771104,2025,article,1,,32,36
3213750565,1,0,1,3123050710,,2021,preprint,0,4306400194,17,61
4213300337,1,0,1,2059615831,https://doi.org/10.2307/j.ctv2b6z88r.5,2022,book-chapter,0,4306462781,33,108
2995274307,1,0,1,2793071066,https://doi.org/10.1007/978-3-030-37487-7_3,2019,book-chapter,0,106296714,13,11
2975831944,1,0,1,2793071066,https://doi.org/10.1007/978-3-030-28169-4_2,2019,book-chapter,0,4210186863,31,33
2901510822,1,0,1,2066752129,https://doi.org/10.1017/9781316671788.008,2017,book-chapter,0,4306462995,18,78
4205982587,1,0,1,2066752129,https://doi.org/10.1017/9781108993647.015,2021,book-chapter,0,4306462995,36,893
3121421532,1,0,1,2066752129,https://doi.org/10.48550/arxiv.2101.11070,2021,preprint,0,4306400194,31,34
4294339129,1,0,1,2913773162,https://doi.org/10.1080/08111146.2022.2093183,2022,article,0,111677466,36,25
4406127566,1,0,1,4313545395,https://doi.org/10.1645/24-86,2024,article,0,31573680,11,16
4415338830,1,0,1,4313545395,https://doi.org/10.2139/ssrn.5626648,2025,preprint,0,4210172589,14,15
4406237884,1,0,1,2066752129,https://doi.org/10.2139/ssrn.5019689,2025,preprint,0,4210172589,17,75
4413987169,1,0,1,2913773162,https://doi.org/10.2139/ssrn.5440085,2025,preprint,0,4210172589,20,51
3139119198,1,0,1,2913773162,https://doi.org/10.7287/peerj.11071v0.1/reviews/1,2021,peer-review,0,,13,11
4411542804,1,0,1,2913773162,https://doi.org/10.2139/ssrn.5309987,2025,preprint,0,4210172589,33,35
4248664710,1,0,1,2547045893,https://doi.org/10.1002/9781119225898.ch9,2018,other,0,,32,16
4206175089,1,0,1,2066752129,https://doi.org/10.1017/9781108993647.002,2021,book-chapter,0,4306462995,36,892
2960306074,1,0,1,2547045893,https://doi.org/10.1007/978-3-030-22868-2_14,2019,book-chapter,0,2764905038,31,25
4413966938,1,0,1,2793071066,https://doi.org/10.1109/access.2025.3605571,2025,article,0,2485537415,22,124
4406281561,1,0,1,2913773162,https://doi.org/10.2139/ssrn.5094227,2025,preprint,0,4210172589,14,100
4318067415,1,0,1,4313545395,https://doi.org/10.36118/pharmadvances.2023.49,2023,article,0,,27,5
4416922494,1,0,1,4313545395,https://doi.org/10.1109/cost68045.2025.00053,2025,article,0,,14,9
4380837048,1,0,1,4313545395,https://doi.org/10.25267/rev_estud_socioeducativos.2022.i11.12,2023,article,0,4210170542,33,7
4394845829,1,0,1,2913773162,https://doi.org/10.1017/one.2024.5.pr1,2023,peer-review,0,,27,45
4399713662,1,0,1,2303284028,https://doi.org/10.21606/drs.2024.923,2024,article,0,4220651532,22,29
4394832379,1,0,1,2913773162,https://doi.org/10.1017/one.2024.5.pr3,2024,peer-review,0,,27,45
7076051339,1,0,1,2066752129,https://doi.org/10.2139/ssrn.5394578,2025,preprint,0,4210172589,31,65
3203224384,1,0,1,2793071066,https://doi.org/10.34768/dma.vi22.583,2021,article,0,4404660800,33,26
4385584795,1,0,1,2913773162,https://doi.org/10.59494/dsi.2023.2.5,2023,article,0,4387290350,20,24
4406681624,1,0,1,4313545395,https://doi.org/10.1016/j.cireng.2024.11.015,2025,article,0,4210209632,17,11
7117466857,1,0,1,2793071066,https://doi.org/10.1016/j.respol.2025.105400,2025,article,0,9731383,33,73
7126083012,1,0,1,4378980478,https://doi.org/10.1016/j.joi.2026.101775,2026,article,0,205292342,18,21
6958519120,1,0,1,2808505390,https://doi.org/10.6084/m9.figshare.19226962,2022,article,0,4377196282,17,32
6902123988,1,0,1,2808505390,https://doi.org/10.6084/m9.figshare.19226962.v1,2022,article,0,4377196282,17,32
4414038000,1,0,1,2793071066,https://doi.org/10.1016/j.future.2025.108117,2025,article,0,186357190,17,29
4409791476,1,0,1,2066752129,https://doi.org/10.1016/j.tsc.2025.101856,2025,article,0,42886211,32,109
7130734516,1,0,1,2913773162,https://doi.org/10.1016/j.respol.2026.105455,2026,article,0,9731383,20,78
4415535662,1,0,1,2059615831,https://doi.org/10.1016/j.technovation.2025.103389,2025,article,0,70698675,14,61
4417187477,1,0,1,2793071066,https://doi.org/10.1016/j.pdisas.2025.100503,2025,article,0,4210185972,18,46
6920771620,1,0,1,2793071066,https://doi.org/10.6084/m9.figshare.16575740,2021,article,0,4377196282,26,74
4399146978,1,0,1,2913773162,https://doi.org/10.1145/3659211.3659315,2023,article,0,,14,13
4400891308,1,0,1,4313545395,https://doi.org/10.1161/circep.123.012720,2024,article,0,28979613,12,5
7128906752,1,0,1,4313545395,https://doi.org/10.1007/978-3-032-10929-3_2,2026,book-chapter,0,4210169156,18,4
7151917031,1,0,1,4313545395,https://doi.org/10.1007/978-3-662-72210-7_19,2026,book-chapter,0,,27,61
7155213105,1,0,1,3123050710,https://doi.org/10.2139/ssrn.6626708,2026,preprint,0,4210172589,33,106
7160954869,1,0,1,2793071066,https://doi.org/10.1111/jfpe.70535,2026,article,0,151747869,16,167
7127166087,1,0,1,4313545395,https://doi.org/10.2139/ssrn.6170131,2026,preprint,0,4210172589,17,29
7131654905,1,0,1,2793071066,https://doi.org/10.1093/9780191834615.003.0010,2026,book-chapter,0,,33,268
4408998878,1,0,1,4313545395,https://doi.org/10.1108/jole-10-2024-0119,2025,article,0,4210174845,32,26
2499432997,1,0,1,2066752129,https://doi.org/10.1093/acprof:oso/9780198758839.003.0010,2016,book-chapter,0,,17,233
4323027123,1,0,1,2793071066,https://doi.org/10.5488/cmp.26.13801,2023,article,0,487226,18,15
2498266213,1,0,1,2066752129,https://doi.org/10.1093/acprof:oso/9780198758839.003.0009,2016,book-chapter,0,,14,233
2987558158,1,0,1,2547045893,https://doi.org/10.1101/19010603,2019,preprint,0,3005729997,33,52
3123974290,1,0,1,2793071066,https://doi.org/10.21203/rs.3.rs-148447/v1,2021,preprint,0,4306525896,26,112
7106238240,1,0,1,2793071066,https://doi.org/10.1093/reseval/rvaf054,2024,article,0,16793705,18,33
4414441696,1,0,1,2793071066,https://doi.org/10.32388/c2yee6,2025,preprint,0,4210177074,18,21
4385728205,1,0,1,2547045893,https://doi.org/10.21203/rs.3.rs-3136387/v1,2023,preprint,0,4306525896,33,19
7125019068,1,0,1,2066752129,https://doi.org/10.11603/m.2414-5998.2025.4.15855,2025,article,0,4210197446,22,16
4381295680,1,0,1,2303284028,https://doi.org/10.37885/230512950,2023,book-chapter,0,4306486877,14,34
7155210042,1,0,1,2066752129,https://doi.org/10.2139/ssrn.6626706,2026,preprint,0,4210172589,32,65
4233007888,1,0,1,2793071066,https://doi.org/10.17561//ree.v2020n1.4,2020,article,0,2738303727,32,17
3125179458,1,0,1,2793071066,https://doi.org/10.1007/s42001-021-00140-w,2021,preprint,0,4210196583,31,51
4242582974,1,0,1,2913773162,https://doi.org/10.7287/peerj.11071v0.1/reviews/2,2021,peer-review,0,,13,9
2792740128,1,0,1,2066752129,https://doi.org/10.2139/ssrn.2791781,2016,article,0,4210172589,17,77
3032194948,1,0,1,2793071066,https://doi.org/10.48550/arxiv.2005.14256,2020,preprint,0,4306400194,33,20
2953406308,1,0,1,2066752129,https://doi.org/10.2139/ssrn.3408438,2019,article,0,4210172589,33,20
3164476490,1,0,1,2793071066,,2021,article,0,,13,16
3024199864,1,0,1,2547045893,https://doi.org/10.48550/arxiv.2005.07349,2020,preprint,0,4306400194,33,7
4206804728,1,0,1,2066752129,https://doi.org/10.1017/9781108993647.019,2021,book-chapter,0,4306462995,36,893
4413361136,1,0,1,2793071066,https://doi.org/10.1109/sse67621.2025.00014,2025,article,0,,17,50
2739783879,1,0,1,2066752129,https://doi.org/10.5465/ambpp.2017.16913abstract,2017,article,0,4210223487,14,30
4205756192,1,0,1,2066752129,https://doi.org/10.1017/9781108993647.005,2021,book-chapter,0,4306462995,36,892
4414872373,1,0,1,2303284028,https://doi.org/10.2139/ssrn.5571172,2025,preprint,0,4210172589,20,39
2945888928,1,0,1,2066752129,https://doi.org/10.48550/arxiv.1905.08665,2019,preprint,0,4306400194,20,41
4205666041,1,0,1,2066752129,https://doi.org/10.1017/9781108993647.013,2021,book-chapter,0,4306462995,36,892
3008082230,1,0,1,2913773162,https://doi.org/10.5772/intechopen.88884,2020,book-chapter,0,4306463448,11,22
2511106844,1,0,1,2066752129,https://doi.org/10.2139/ssrn.2832252,2016,article,0,4210172589,20,56
4410840903,1,0,1,4313545395,https://doi.org/10.1007/978-3-658-47846-9_3,2025,book-chapter,0,,14,5
4413723816,1,0,1,3123050710,https://doi.org/10.64628/aai.hkt4pq49a,2018,preprint,0,,18,5
4248255905,1,0,1,2913773162,https://doi.org/10.1192/bjp.2019.86,2019,article,0,127936299,12,7
4226305987,1,0,1,2066752129,https://doi.org/10.2139/ssrn.4058756,2022,article,0,4210172589,20,42
4386266070,1,0,1,2066752129,https://doi.org/10.1093/acprof:oso/9780198758839.002.0010,2016,other,0,,33,235
4385993921,1,0,1,2066752129,https://doi.org/10.1093/acprof:oso/9780198758839.002.0003,2016,other,0,,17,235
4385730478,1,0,1,4313545395,https://doi.org/10.1109/jcsse58229.2023.10201988,2023,article,0,,27,9
4390820716,1,0,1,4313545395,https://doi.org/10.18414/ksz.2024.1.22,2024,article,0,2764944482,33,40
7118575025,1,0,1,2066752129,https://doi.org/10.2139/ssrn.6027972,2026,preprint,0,4210172589,18,48
4404490187,1,0,1,2303284028,https://doi.org/10.1016/j.jpurol.2024.11.011,2024,article,0,12548615,18,19
4416032716,1,0,1,2066752129,https://doi.org/10.1016/j.lindif.2025.102821,2025,article,0,9267903,32,35
7117156265,1,0,1,2913773162,https://doi.org/10.2139/ssrn.5960453,2025,preprint,0,4210172589,14,33
4388670924,1,0,1,2793071066,https://doi.org/10.1007/978-981-99-7596-9_3,2023,book-chapter,0,2764900261,33,27
4367154169,1,0,1,2547045893,https://doi.org/10.1007/978-3-030-87624-1_334-1,2023,book-chapter,0,,33,35
4408930383,1,0,1,4313545395,https://doi.org/10.1007/978-3-658-47041-8_11,2025,book-chapter,0,,33,15
4407761937,1,0,1,2303284028,https://doi.org/10.1016/j.jbusres.2025.115256,2025,article,0,93284759,14,92
3206241719,1,0,1,3201257425,https://doi.org/10.1097/opx.0000000000001807,2021,article,0,45696439,27,3
4414425078,1,0,1,2303284028,https://doi.org/10.1145/3760023.3760110,2025,article,0,,14,6
7135215523,1,0,1,2793071066,https://doi.org/10.1016/j.teler.2026.100314,2026,article,0,4210186116,27,52
4312245109,1,0,1,2793071066,https://doi.org/10.1007/978-981-19-8234-7_26,2022,book-chapter,0,2764900261,14,15
7141183269,1,0,1,2547045893,https://doi.org/10.1038/s41598-026-45844-z,2026,article,0,196734849,18,65
7124592087,1,0,1,2066752129,https://doi.org/10.1007/s11192-025-05517-6,2026,article,0,148561398,17,39
7160828390,1,0,1,4313545395,https://doi.org/10.1038/s41523-026-00940-1,2026,article,0,4210207747,27,129
7160831646,1,0,1,4313545395,https://doi.org/10.1007/978-981-95-1028-3_31,2026,book-chapter,0,,28,46
4412455901,1,0,1,4313545395,https://doi.org/10.30827/dreh.23.2025.33670,2025,article,0,4210191758,33,52
7151558251,1,0,1,2066752129,https://doi.org/10.2139/ssrn.6537879,2026,preprint,0,4210172589,18,48
4388675205,1,0,1,2547045893,https://doi.org/10.47989/ir283397,2023,article,0,4210195660,18,31
7155610831,1,0,1,2793071066,https://doi.org/10.1111/gec3.70077,2026,article,0,70424273,33,71
3027140625,1,0,1,2066752129,https://doi.org/10.1017/dsj.2017.21,2017,article,0,4210173131,14,56
2501204327,1,0,1,2066752129,https://doi.org/10.1093/acprof:oso/9780198758839.003.0003,2016,book-chapter,0,,17,235
7161628941,1,0,1,2303284028,https://doi.org/10.1002/ntls.70071,2026,article,0,4210214008,16,41
4386992023,1,0,1,2547045893,https://doi.org/10.35596/1729-7648-2023-29-3-43-53,2023,article,0,4210178369,33,23
4412565452,1,0,1,2066752129,https://doi.org/10.51408/issi2025_084,2025,article,0,,12,20
4387999308,1,0,1,3123050710,https://doi.org/10.21203/rs.3.rs-3489186/v1,2023,preprint,0,4306525896,27,63
4391109525,1,0,1,2793071066,https://doi.org/10.4103/joco.joco_78_23,2023,article,0,2764681788,27,36
7128689807,1,0,1,4313545395,https://doi.org/10.23912/open_access_implications,2026,book,0,4306463332,18,264
4414366522,1,0,1,2793071066,https://doi.org/10.2478/jdis-2025-0043,2025,article,0,2764801193,33,47
7128303856,1,0,1,2066752129,https://doi.org/10.2139/ssrn.6189655,2026,preprint,0,4210172589,20,81
4401919067,1,0,1,4313545395,https://doi.org/10.1093/9780197765142.003.0003,2024,book-chapter,0,,32,756
7131635864,1,0,1,2793071066,https://doi.org/10.1093/9780191834615.003.0001,2026,book-chapter,0,,17,268
7140299652,1,0,1,2913773162,https://doi.org/10.21203/rs.3.rs-8251341/v1,2026,preprint,0,4306525896,17,34
3212283509,1,0,1,2547045893,https://doi.org/10.21203/rs.3.rs-698207/v1,2021,preprint,0,4306525896,20,25
7125898516,1,0,1,2303284028,https://doi.org/10.1287/stsc.2024.0236,2026,article,0,4210183760,32,19
7127042733,1,0,1,2793071066,https://doi.org/10.1177/21582440251407623,2026,article,0,148277943,18,75
4206394253,1,0,1,2547045893,https://doi.org/10.26686/wgtn.17142287.v1,2019,dissertation,0,,20,333
7126430741,1,0,1,4313545395,https://doi.org/10.1093/beheco/arag007,2026,article,0,121360315,23,11
4398219990,1,0,1,2793071066,https://doi.org/10.11648/j.ijls.20240702.12,2024,article,0,4210183509,14,11
7162326146,1,0,1,2793071066,https://doi.org/10.1080/23311975.2026.2673170,2026,article,0,2738076829,12,66
7162302540,1,0,1,4313545395,https://doi.org/10.1007/978-3-032-23385-1_7,2026,book-chapter,0,,22,7
7162807759,1,0,1,2793071066,https://doi.org/10.21203/rs.3.rs-9446863/v1,2026,preprint,0,4306525896,18,11
7162869065,1,0,1,2793071066,https://doi.org/10.1007/s11135-026-02890-z,2026,article,0,102399824,27,24
7164318639,1,0,1,2066752129,https://doi.org/10.3390/appliedmath6060090,2026,article,0,4210196797,31,673
7164171080,1,0,1,2793071066,https://doi.org/10.1097/sap.0000000000004754,2026,article,0,11131942,27,16
7164147722,1,0,1,4313545395,https://doi.org/10.1038/s41550-026-02900-y,2026,article,0,2764494557,27,9
7118020184,1,0,1,4313545395,https://doi.org/10.1007/978-3-032-11240-8_3,2025,book-chapter,0,,33,39
7162327428,1,0,1,4313545395,https://doi.org/10.1007/978-3-032-23385-1_5,2026,book-chapter,0,,12,21
4392309858,1,0,1,2913773162,https://doi.org/10.1007/978-3-658-37507-2_38-1,2024,book-chapter,0,4210185442,31,48
4399783637,1,0,1,4313545395,https://doi.org/10.1007/978-3-031-56262-4_6,2024,book-chapter,0,4210168303,33,6
4409901329,1,0,1,2793071066,https://doi.org/10.1057/s41304-025-00523-x,2025,article,0,47496282,18,26
4416186854,1,0,1,4313545395,https://doi.org/10.1007/s11948-025-00558-9,2025,article,0,14881475,15,57
4404878705,1,0,1,4313545395,https://doi.org/10.1007/978-3-031-75212-4_3,2024,book-chapter,0,,33,14
4415978333,1,0,1,2793071066,https://doi.org/10.1007/s11192-025-05463-3,2025,article,0,148561398,18,52
4417361054,1,0,1,2913773162,https://doi.org/10.1038/s44319-025-00677-1,2025,article,0,57252141,18,16
4390143676,1,0,1,2913773162,https://doi.org/10.1007/s11238-023-09960-w,2023,article,0,134979503,14,30
7125368282,1,0,1,2913773162,https://doi.org/10.1016/j.joi.2025.101765,2026,article,0,205292342,17,47
7156195923,1,0,1,2303284028,https://doi.org/10.1016/j.techfore.2026.124702,2026,article,0,39307421,20,65
3010097988,1,0,1,2793071066,https://doi.org/10.48550/arxiv.2003.02135,2020,preprint,0,4306400194,12,32
4213008936,1,0,1,2547045893,https://doi.org/10.7287/peerj-cs.182v0.3/reviews/1,2019,peer-review,0,,17,40
4256010019,1,0,1,2793071066,https://doi.org/10.1007/978-3-030-28169-4_1,2019,book-chapter,0,4210186863,31,31
4412369496,1,0,1,2913773162,https://doi.org/10.2139/ssrn.5349639,2025,preprint,0,4210172589,14,38
3001187572,1,0,1,2547045893,https://doi.org/10.2139/ssrn.3525214,2020,article,0,4210172589,36,40
4401076116,1,0,1,3123050710,https://doi.org/10.1016/j.joi.2024.101559,2024,article,0,205292342,18,48
4409758018,1,0,1,4313545395,https://doi.org/10.2139/ssrn.5178292,2025,preprint,0,4210172589,20,110
4410550391,1,0,1,4313545395,https://doi.org/10.36315/2025eadx41,2025,book-chapter,0,,14,37
4412720002,1,0,1,4313545395,https://doi.org/10.2139/ssrn.5350981,2025,preprint,0,4210172589,18,48
4409258092,1,0,1,2913773162,https://doi.org/10.2139/ssrn.5210516,2025,preprint,0,4210172589,20,85
3019921525,1,0,1,2547045893,https://doi.org/10.48550/arxiv.2004.12275,2020,preprint,0,4306400194,31,36
4212801129,1,0,1,2547045893,https://doi.org/10.7287/peerj-cs.182v0.1/reviews/1,2019,peer-review,0,,18,40
4412731898,1,0,1,4313545395,https://doi.org/10.2139/ssrn.5370167,2025,preprint,0,4210172589,14,51
2883935455,1,0,1,2793071066,https://doi.org/10.17632/r2wgtzfh2j.3,2018,preprint,0,4306402567,17,24
4388240786,1,0,1,2793071066,https://doi.org/10.2139/ssrn.4620969,2023,preprint,0,4210172589,20,35
7115710982,1,0,1,2066752129,https://doi.org/10.2139/ssrn.5933495,2025,preprint,0,4210172589,17,89
4390352583,1,0,1,2913773162,https://doi.org/10.23919/jsc.2023.0017,2023,article,0,4210224752,33,79
4391102859,1,0,1,2066752129,https://doi.org/10.5771/9783748925590-207,2024,book-chapter,0,4306463667,18,56
4385993968,1,0,1,2066752129,https://doi.org/10.1093/acprof:oso/9780198758839.002.0005,2016,book-chapter,0,,28,235
4385975997,1,0,1,2913773162,https://doi.org/10.23919/picmet59654.2023.10216918,2023,article,0,,25,26
4385831582,1,0,1,4313545395,https://doi.org/10.23919/cisti58278.2023.10211705,2023,article,0,,17,7
4396838765,1,0,1,2066752129,https://doi.org/10.2139/ssrn.4823122,2024,article,0,4210172589,18,57
4321166667,1,0,1,4313545395,https://doi.org/10.1002/adbi.202300015,2023,editorial,0,4210178898,18,3
6902106249,1,0,1,4313545395,https://doi.org/10.6084/m9.figshare.23938573.v1,2023,article,0,4377196282,13,24
6902080452,1,0,1,4313545395,https://doi.org/10.6084/m9.figshare.23938576.v1,2023,article,0,4377196282,13,24
6939699188,1,0,1,4313545395,https://doi.org/10.6084/m9.figshare.26113051.v1,2024,other,0,4377196282,33,75
7131640617,1,0,1,2793071066,https://doi.org/10.1093/9780191834615.003.0022,2026,other,0,,,268
7131662875,1,0,1,2793071066,https://doi.org/10.1093/9780191834615.003.0021,2026,book-chapter,0,,26,268
7131648305,1,0,1,2793071066,https://doi.org/10.1093/9780191834615.003.0020,2026,book-chapter,0,,26,268
7131694051,1,0,1,2793071066,https://doi.org/10.1093/9780191834615.003.0012,2026,book-chapter,0,,17,268
7131616644,1,0,1,2793071066,https://doi.org/10.1093/9780191834615.003.0017,2026,book-chapter,0,,26,268
7131664099,1,0,1,4313545395,https://doi.org/10.1108/978-1-80686-043-220261031,2026,book-chapter,0,,33,57
7131640059,1,0,1,2793071066,https://doi.org/10.1093/9780191834615.003.0015,2026,book-chapter,0,,17,268
7131622881,1,0,1,2793071066,https://doi.org/10.1093/9780191834615.002.0004,2026,other,0,,,268
7131645200,1,0,1,2793071066,https://doi.org/10.1093/9780191834615.003.0018,2026,book-chapter,0,,26,268
7131618962,1,0,1,2793071066,https://doi.org/10.1093/9780191834615.002.0006,2026,other,0,,,268
6920820512,1,0,1,2913773162,https://doi.org/10.6084/m9.figshare.19126260,2022,article,0,4377196282,27,28
6977643687,1,0,1,2913773162,https://doi.org/10.6084/m9.figshare.19126257,2022,article,0,4377196282,27,28
6901807678,1,0,1,2913773162,https://doi.org/10.6084/m9.figshare.19126263,2022,article,0,4377196282,27,28
4415680766,1,0,1,2066752129,https://doi.org/10.3724/bnsfc-2024.12.12.0001,2025,article,0,5406942983,31,74
7138198166,1,0,1,4313545395,https://doi.org/10.1016/j.esr.2026.102200,2026,article,0,2764911704,20,191
4401012661,1,0,1,3123050710,https://doi.org/10.11606/t.12.2024.tde-18072024-094002,2024,dissertation,0,,20,295
4388869169,1,0,1,2793071066,https://doi.org/10.47749/t/unicamp.2021.1236095,2021,dissertation,0,,35,124
3007756699,1,0,1,3123050710,https://doi.org/10.14393/ufu.di.2020.95,2020,dissertation,0,,14,231
3102536432,1,0,1,2547045893,https://doi.org/10.5204/thesis.eprints.205722,2020,dissertation,0,7407050584,18,179
7140524560,1,0,1,2066752129,https://doi.org/10.1109/bddm68348.2025.11442016,2025,article,0,,17,11
7160387314,1,0,1,2303284028,https://doi.org/10.1103/physics.19.63,2026,article,0,1038890340,33,4
7160558565,1,0,1,2793071066,https://doi.org/10.1007/s11071-026-12547-z,2026,article,0,138681734,31,61
7160270528,1,0,1,4313545395,https://doi.org/10.1016/j.eururo.2026.04.004,2026,article,0,96871409,27,6
4399209025,1,0,1,2913773162,https://doi.org/10.2196/preprints.55121,2023,preprint,0,,18,52
7134911984,1,0,1,4313545395,https://doi.org/10.2139/ssrn.6140487,2026,preprint,0,4210172589,33,40
4413385401,1,0,1,4313545395,https://doi.org/10.1055/a-2658-0605,2025,article,0,28452599,27,12
4397013323,1,0,1,2808505390,https://doi.org/10.1140/epjds/s13688-024-00476-z,2024,article,0,2504380752,33,36
4242721551,1,0,1,2913773162,https://doi.org/10.31219/osf.io/3e76p,2019,preprint,0,,23,5
4413441713,1,0,1,2066752129,https://doi.org/10.1002/jocb.70059,2025,article,0,85265705,33,76
2951705985,1,0,1,2793071066,https://doi.org/10.1101/309203,2018,preprint,0,4306402567,13,25
4410638214,1,0,1,2793071066,https://doi.org/10.1371/journal.pone.0324386,2025,article,0,202381698,19,43
4402856284,1,0,1,4313545395,https://doi.org/10.52080/rvgluz.29.108.19,2024,article,0,4210234276,20,37
7154715017,1,0,1,2793071066,https://doi.org/10.1007/s10910-026-01784-7,2026,article,0,81624066,18,32
7125804031,1,0,1,2913773162,https://doi.org/10.1177/09717218251406999,2026,article,0,202144432,14,26
7152128178,1,0,1,4313545395,https://doi.org/10.32609/0042-8736-2026-4-5-26,2026,article,0,2764780593,20,36
3126887017,1,0,1,2793071066,https://doi.org/10.1101/2020.06.01.128355,2020,preprint,0,4306402567,18,104
7148735908,1,0,1,2066752129,https://doi.org/10.1177/09567976261433459,2026,article,0,58854535,32,34
7131615484,1,0,1,2793071066,https://doi.org/10.1093/9780191834615.003.0002,2026,book-chapter,0,,23,268
7149579333,1,0,1,4313545395,https://doi.org/10.1177/13505084261428230,2026,article,0,72915307,14,49
7129090148,1,0,1,2793071066,https://doi.org/10.1057/s41599-026-06697-z,2026,article,0,4210206302,14,80
7131629147,1,0,1,2793071066,https://doi.org/10.1093/9780191834615.003.0009,2026,book-chapter,0,,33,268
4412551607,1,0,1,2913773162,https://doi.org/10.51408/issi2025_070,2025,article,0,,17,45
3170965921,1,0,1,2793071066,https://doi.org/10.21203/rs.3.rs-613236/v1,2021,preprint,0,4306525896,26,141
3189586828,1,0,1,2066752129,https://doi.org/10.1142/s0219525921400014,2021,preprint,0,107361000,31,48
4415249092,1,0,1,3123050710,https://doi.org/10.1145/3771921,2025,article,0,89276529,18,91
3185709231,1,0,1,2913773162,https://doi.org/10.52848/ijls.903221,2021,article,0,4210214545,33,4
4416909356,1,0,1,2066752129,https://doi.org/10.1177/00187267251392802,2025,article,0,61446109,33,22
4416892338,1,0,1,4313545395,https://doi.org/10.1002/asna.70063,2025,article,0,173695690,31,88
7114924821,1,0,1,2066752129,https://doi.org/10.2139/ssrn.5849042,2025,preprint,0,4210172589,20,61
4401919235,1,0,1,4313545395,https://doi.org/10.1093/9780197765142.003.0009,2024,book-chapter,0,,32,756
4322630763,1,0,1,2793071066,https://doi.org/10.31222/osf.io/p4mca,2023,preprint,0,,17,25
4390947383,1,0,1,2913773162,https://doi.org/10.52843/cassyni.n8flmw,2023,preprint,0,,17,6
3153380452,1,0,1,2059615831,https://doi.org/10.1007/s10961-022-09930-4,2022,preprint,0,185905316,14,108
2900679379,1,0,1,2059615831,https://doi.org/10.15446/cuad.econ.v37n74.58077,2018,article,0,4210183127,20,12
7131617196,1,0,1,2793071066,https://doi.org/10.1093/9780191834615.003.0008,2026,book-chapter,0,,33,268
4399545600,1,0,1,2547045893,https://doi.org/10.20944/preprints202406.0530.v1,2024,preprint,0,6309402219,20,22
4412397145,1,0,1,4313545395,https://doi.org/10.48204/j.cc.n2.a7607,2025,article,0,5407042161,14,21
4226281082,1,0,1,2913773162,https://doi.org/10.31235/osf.io/jt4d3,2022,preprint,0,,33,66
4416194312,1,0,1,4313545395,https://doi.org/10.1017/qpb.2025.10024,2025,article,0,4210193784,18,34
4402665169,1,0,1,4313545395,https://doi.org/10.32388/xnmlpd,2024,preprint,0,4210177074,14,50
7161755264,1,0,1,4313545395,https://doi.org/10.1016/j.jchromb.2026.125130,2026,article,0,103248676,16,45
7163556676,1,0,1,2793071066,https://doi.org/10.64898/2026.06.01.729394,2026,article,0,4306402567,23,48
7163903240,1,0,1,2059615831,https://doi.org/10.1080/09654313.2026.2684528,2026,article,0,175414165,20,107
7163825304,1,0,1,2913773162,https://doi.org/10.1016/j.respol.2026.105548,2026,article,0,9731383,32,90
4414972870,1,0,1,4313545395,https://doi.org/10.1007/s13194-025-00677-x,2025,article,0,2764495318,18,23
4383425857,1,0,1,2913773162,https://doi.org/10.1016/b978-0-323-91840-4.00015-3,2023,book-chapter,0,4306463230,14,103
4410825796,1,0,1,2793071066,https://doi.org/10.1007/978-3-031-87715-5_12,2025,book-chapter,0,4210201744,27,67
4412487386,1,0,1,3123050710,https://doi.org/10.1007/s00345-025-05805-z,2025,article,0,49004918,27,55
4409253537,1,0,1,4313545395,https://doi.org/10.1007/978-3-031-75140-0_25,2024,book-chapter,0,,33,131
4413412961,1,0,1,2793071066,https://doi.org/10.1007/978-981-96-5419-2_15,2025,book-chapter,0,,18,28
7141482727,1,0,1,2793071066,https://doi.org/10.1016/j.ijer.2026.102992,2026,article,0,156367897,18,44
4407205237,1,0,1,2793071066,https://doi.org/10.1089/genbio.2025.0002,2025,article,0,4220651302,14,3
7138928637,1,0,1,2913773162,https://doi.org/10.1016/j.joi.2026.101798,2026,article,0,205292342,18,41
7161480166,1,0,1,4313545395,https://doi.org/10.1016/j.cities.2026.107213,2026,article,0,137445289,33,24
7128158329,1,0,1,4313545395,https://doi.org/10.1080/13642987.2026.2619971,2026,article,0,139935717,14,38
7134987422,1,0,1,2303284028,https://doi.org/10.1080/17421772.2026.2635381,2026,article,0,7161550,33,52
4312378068,1,0,1,2913773162,https://doi.org/10.2139/ssrn.4234025,2022,article,0,4210172589,14,75
4397004528,1,0,1,4313545395,https://doi.org/10.2139/ssrn.4830986,2024,article,0,4210172589,33,46
7163056499,1,0,1,2547045893,https://doi.org/10.1093/reseval/rvag023,2026,article,0,16793705,18,61
7160544527,1,0,1,2066752129,https://doi.org/10.3390/su18104625,2026,article,0,10134376,11,55
7163550246,1,0,1,4313545395,https://doi.org/10.1093/anncom/wlag018,2026,article,0,2764627845,33,50
7161162768,1,0,1,3123050710,https://doi.org/10.1093/scipol/scag027,2026,article,0,4210168539,33,95
7165158322,1,0,1,2066752129,https://doi.org/10.1016/j.spacepol.2026.101785,2026,article,0,134585236,31,39
7165135632,1,0,1,2066752129,https://doi.org/10.1108/smr-07-2022-0867,2026,article,0,4210227337,14,107
4413105713,1,0,1,2913773162,https://doi.org/10.1093/icb/icaf107,2025,article,0,103356783,13,158
7162110049,1,0,1,2066752129,https://doi.org/10.1145/3815423,2026,article,0,157921468,27,38
3105202937,1,0,1,2808505390,https://doi.org/10.1007/s10182-021-00410-y,2021,preprint,0,181700594,20,26
4405970603,1,0,1,4313545395,https://doi.org/10.4995/thesis/10251/213303,2024,dissertation,0,,14,312
7151588021,1,0,1,4313545395,https://doi.org/10.1162/posc.a.583,2026,article,0,126715266,12,33
4413215034,1,0,1,2793071066,https://doi.org/10.1016/j.joi.2025.101712,2025,article,0,205292342,14,59
2911163653,1,0,1,2793071066,https://doi.org/10.1109/dynamics.2018.8601491,2018,article,0,,31,14
4366279884,1,0,1,4313545395,https://doi.org/10.48550/arxiv.2304.07273,2023,preprint,0,4306400194,13,34
4416935222,1,0,1,3123050710,https://doi.org/10.1108/qrj-01-2025-0009,2025,article,0,9905817,12,53
1662660739,1,0,1,2547045893,https://doi.org/10.1038/s41598-018-26511-4,2018,preprint,0,196734849,31,40
4289918830,1,0,1,2913773162,https://doi.org/10.31235/osf.io/uty2v,2022,article,0,,18,88
4414212931,1,0,1,2059615831,https://doi.org/10.1108/ribs-12-2024-0147,2025,article,0,4210197888,14,85
4205301271,1,0,1,2913773162,https://doi.org/10.47467/alkharaj.v4i3.753,2022,article,0,4210212978,36,4
3157684179,1,0,1,2547045893,https://doi.org/10.48550/arxiv.2104.14114,2021,preprint,0,4306400194,18,37
3214682988,1,0,1,2793071066,https://doi.org/10.1007/s11192-021-04184-7,2021,article,0,148561398,31,98
3139564401,1,0,1,2066752129,,2017,dissertation,0,4306401540,18,86
4206517273,1,0,1,2066752129,https://doi.org/10.1017/9781108993647.006,2021,book-chapter,0,4306462995,36,892
4385322845,1,0,1,2547045893,https://doi.org/10.2139/ssrn.4522733,2023,preprint,0,4210172589,18,42
1775247540,1,0,1,2066752129,https://doi.org/10.48550/arxiv.1311.2504,2013,preprint,0,4306400194,18,7
3181449233,1,0,1,2793071066,https://doi.org/10.2139/ssrn.3152726,2019,article,0,4210172589,33,26
4251291695,1,0,1,2913773162,https://doi.org/10.7287/peerj.11071v0.2/reviews/2,2021,peer-review,0,,13,9
4312752824,1,0,1,2793071066,https://doi.org/10.1007/978-3-031-21047-1_16,2022,book-chapter,0,106296714,31,20
2997732799,1,0,1,2913773162,https://doi.org/10.1109/apsec48747.2019.00061,2019,article,0,,17,40
2993856714,1,0,1,2066752129,https://doi.org/10.20381/ruor-24168,2019,dissertation,0,4306400902,33,20
3203151008,1,0,1,2303284028,https://doi.org/10.2139/ssrn.3908606,2021,article,0,4210172589,14,54
2985193005,1,0,1,3123050710,https://doi.org/10.1016/j.respol.2019.103870,2019,article,0,9731383,20,14
4225901302,1,0,1,2066752129,https://doi.org/10.2139/ssrn.4063722,2022,article,0,4210172589,31,88
4412116205,1,0,1,4313545395,https://doi.org/10.2139/ssrn.5345201,2025,preprint,0,4210172589,14,58
4205104210,1,0,1,2913773162,https://doi.org/10.1109/aciiw52867.2021.9666357,2021,article,0,,31,45
6926079296,1,0,1,4313545395,https://doi.org/10.2139/ssrn.5094882,2025,preprint,0,4210172589,26,40
4402767456,1,0,1,4313545395,https://doi.org/10.2139/ssrn.4927300,2024,preprint,0,4210172589,18,1
4408591833,1,0,1,2793071066,https://doi.org/10.1109/csis-iac63491.2024.10919324,2024,article,0,,18,19
4376602282,1,0,1,4313545395,https://doi.org/10.1016/j.endeavour.2023.100860,2023,article,0,65315170,18,4
7116788410,1,0,1,2066752129,https://doi.org/10.1109/icebe68123.2025.00015,2025,article,0,,33,29
4324345710,1,0,1,2066752129,https://doi.org/10.17161/merrill.2022.19577,2023,article,0,4210231850,36,3
7117154348,1,0,1,2066752129,https://doi.org/10.2139/ssrn.5960363,2025,preprint,0,4210172589,18,69
4396242700,1,0,1,4313545395,https://doi.org/10.2139/ssrn.4802353,2024,article,0,4210172589,14,106
4412901126,1,0,1,2066752129,https://doi.org/10.1145/3715928.3737490,2025,article,0,,32,46
4408403352,1,0,1,2793071066,https://doi.org/10.1145/3677389.3702571,2024,article,0,,17,6
4390406499,1,0,1,4313545395,https://doi.org/10.22492/ijcs.8.2,2023,paratext,0,4210225360,,115
4235253158,1,0,1,2793071066,https://doi.org/10.15507/1991-9468.100.024.202003,2020,paratext,0,2765024263,,209
4412395862,1,0,1,2066752129,https://doi.org/10.7759/cureus.87901,2025,review,0,2738950867,27,22
2795355951,1,0,1,2066752129,https://doi.org/10.1007/s11192-018-2810-y,2018,preprint,0,148561398,33,26
2972651934,1,0,1,2793071066,https://doi.org/10.2139/ssrn.2901272,2017,article,0,4210172589,33,41
6920868795,1,0,1,2913773162,https://doi.org/10.6084/m9.figshare.26624776.v1,2024,article,0,4377196282,18,37
7130538265,1,0,1,2793071066,https://doi.org/10.1007/978-3-031-36962-9_322-1,2026,book-chapter,0,,14,25
6958247845,1,0,1,2793071066,https://doi.org/10.6084/m9.figshare.16575737,2021,article,0,4377196282,26,74
7125013279,1,0,1,2793071066,https://doi.org/10.1057/s41599-025-06193-w,2026,article,0,4210206302,33,37
6969425723,1,0,1,4313545395,https://doi.org/10.5363/tits.29.4_47,2024,article,0,2765079064,23,3
7134827703,1,0,1,2793071066,https://doi.org/10.1145/3757279.3788812,2026,article,0,,32,28
3088896273,1,0,1,2059615831,https://doi.org/10.31414/adm.2016.d.127663,2016,dissertation,0,,33,139
7128451046,1,0,1,2066752129,https://doi.org/10.1103/7bs5-8ql3,2026,article,0,4210235286,18,24
4414366255,1,0,1,2793071066,https://doi.org/10.1265/ehpm.25-00194,2025,article,0,110451752,27,24
7126028185,1,0,1,2913773162,https://doi.org/10.1007/s00191-025-00930-9,2026,article,0,121026525,20,78
7155197167,1,0,1,2793071066,https://doi.org/10.1007/s10143-026-04290-1,2026,article,0,98437390,33,23
7155603686,1,0,1,2066752129,https://doi.org/10.1016/j.jmir.2026.102432,2026,article,0,177542251,27,12
7161019683,1,0,1,4313545395,https://doi.org/10.1007/978-3-032-21273-3_9,2026,book-chapter,0,,12,39
7127288065,1,0,1,2913773162,https://doi.org/10.2139/ssrn.6172763,2026,preprint,0,4210172589,18,51
4410952817,1,0,1,2793071066,https://doi.org/10.3390/app15116252,2025,article,0,4210205812,33,34
7131621920,1,0,1,2793071066,https://doi.org/10.1093/9780191834615.003.0004,2026,book-chapter,0,,33,268
4361188537,1,0,1,4313545395,https://doi.org/10.22541/au.167999600.01322569/v1,2023,preprint,0,,23,45
2603785188,1,0,1,2066752129,https://doi.org/10.31235/osf.io/fhd59,2016,article,0,,14,67
4401919326,1,0,1,4313545395,https://doi.org/10.1093/9780197765142.003.0005,2024,book-chapter,0,,32,756
4405571778,1,0,1,3123050710,https://doi.org/10.3390/systems12120579,2024,article,0,4210219410,23,73
7124683821,1,0,1,2793071066,https://doi.org/10.7554/elife.108403,2026,article,0,1336409049,18,45
4290546779,1,0,1,2913773162,https://doi.org/10.29173/cais1256,2022,article,0,4210216544,32,9
7160042602,1,0,1,2059615831,https://doi.org/10.1093/jeg/lbag029,2026,article,0,46039370,14,100
4400015763,1,0,1,4313545395,https://doi.org/10.21203/rs.3.rs-4557958/v1,2024,preprint,0,4306525896,18,17
4221047720,1,0,1,2913773162,https://doi.org/10.1101/2022.03.14.22272372,2022,preprint,0,3005729997,27,39
4317396525,1,0,1,2793071066,https://doi.org/10.3389/fspas.2023.1071809,2023,article,0,2595849600,18,7
4409651621,1,0,1,2793071066,https://doi.org/10.2196/preprints.76268,2025,review,0,,36,75
2488082521,1,0,1,2066752129,https://doi.org/10.1093/acprof:oso/9780198758839.003.0006,2016,book-chapter,0,,17,233
4401183871,1,0,1,2066752129,https://doi.org/10.54254/2753-7048/59/20241723,2024,article,0,4387280451,28,19
4412393422,1,0,1,2066752129,https://doi.org/10.1002/acm2.70169,2025,article,0,29972171,27,27
4401919225,1,0,1,4313545395,https://doi.org/10.1093/9780197765142.003.0001,2024,book-chapter,0,,32,756
4412137727,1,0,1,3123050710,https://doi.org/10.1093/arisup/akaf007,2025,article,0,194395252,12,10
2491189663,1,0,1,2066752129,https://doi.org/10.1093/acprof:oso/9780198758839.003.0012,2016,book-chapter,0,,14,233
4322209460,1,0,1,2547045893,https://doi.org/10.31235/osf.io/mv5fz,2023,preprint,0,,18,44
7151798503,1,0,1,4378980478,https://doi.org/10.1017/s1049096526102029,2026,article,0,975761300,33,20
4318707934,1,0,1,4313545395,https://doi.org/10.31219/osf.io/5yt4r,2023,preprint,0,,18,70
7116951798,1,0,1,2793071066,https://doi.org/10.21203/rs.3.rs-8409119/v1,2025,preprint,0,4306525896,18,63
4392597824,1,0,1,2913773162,https://doi.org/10.1101/2024.03.06.583816,2024,preprint,0,4306402567,20,64
4416987011,1,0,1,4313545395,https://doi.org/10.1177/09717218251397461,2025,article,0,202144432,20,32
4322506904,1,0,1,3123050710,https://doi.org/10.1108/978-1-80455-964-220231010,2023,review,0,,14,69
4392915751,1,0,1,4313545395,https://doi.org/10.21203/rs.3.rs-4023912/v1,2024,preprint,0,4306525896,14,92
7130694366,1,0,1,2066752129,https://doi.org/10.2139/ssrn.6278347,2026,preprint,0,4210172589,20,55
4415830292,1,0,1,2059615831,https://doi.org/10.1093/jeg/lbaf046,2025,article,0,46039370,20,24
7155934209,1,0,1,2913773162,https://doi.org/10.1073/pnas.2511050123,2026,article,0,125754415,18,45
4392850644,1,0,1,2547045893,https://doi.org/10.1007/978-3-031-55248-9_10,2024,book-chapter,0,106296714,20,82
4412041443,1,0,1,3123050710,https://doi.org/10.1007/s11024-025-09587-x,2025,article,0,205537954,36,57
4399462526,1,0,1,2793071066,https://doi.org/10.1007/s11192-024-05072-6,2024,article,0,148561398,18,74
4401812390,1,0,1,2913773162,https://doi.org/10.1007/978-3-031-65203-5_84,2024,book-chapter,0,4210187899,33,44
7164586509,1,0,1,2793071066,https://doi.org/10.1016/j.biocon.2026.111963,2026,article,0,80660208,23,64
4392348400,1,0,1,3123050710,https://doi.org/10.1007/s10115-024-02071-0,2024,article,0,81770430,18,33
4410490852,1,0,1,4313545395,https://doi.org/10.1007/s11618-025-01312-4,2025,article,0,40639335,33,64
7108713865,1,0,1,2793071066,https://doi.org/10.3390/a18120760,2025,article,0,190629608,31,50
4378879884,1,0,1,2793071066,https://doi.org/10.1007/978-981-19-9056-4_12,2023,book-chapter,0,,12,13
4417199173,1,0,1,2793071066,https://doi.org/10.1038/s41567-025-03114-1,2025,article,0,156274416,33,9
4415465351,1,0,1,2913773162,https://doi.org/10.1007/978-981-95-1129-7_12,2025,book-chapter,0,,31,53
7126232326,1,0,1,3123050710,https://doi.org/10.1016/j.rssm.2026.101132,2026,article,0,159612214,36,71
4386211900,1,0,1,3123050710,https://doi.org/10.1101/2023.08.26.23294661,2023,preprint,0,3005729997,27,49
4392183047,1,0,1,2913773162,https://doi.org/10.1002/9781394275854.ch2,2024,other,0,,14,178
4417498690,1,0,1,2913773162,https://doi.org/10.1097/j.pbj.0000000000000310,2025,article,0,2764609529,18,11
7125596278,1,0,1,2913773162,https://doi.org/10.1016/j.respol.2025.105382,2026,article,0,9731383,14,48
7153974551,1,0,1,2066752129,https://doi.org/10.1016/j.respol.2026.105481,2026,article,0,9731383,14,36
2468053551,1,0,1,2066752129,https://doi.org/10.2139/ssrn.2403778,2014,article,0,4210172589,32,181
7154456435,1,0,1,4313545395,https://doi.org/10.1186/s42522-026-00207-6,2026,article,0,4210234911,27,38
7160091867,1,0,1,4313545395,https://doi.org/10.1016/j.energy.2026.141277,2026,article,0,2497375143,20,55
7165148191,1,0,1,4313545395,https://doi.org/10.1016/j.jenvman.2026.130161,2026,article,0,44455300,20,66
7147686092,1,0,1,2066752129,https://doi.org/10.1038/s42256-026-01206-y,2026,article,0,2912241403,17,30
4376611729,1,0,1,2793071066,https://doi.org/10.55835/642af773d167ce5ddffa5e08,2023,article,0,,18,31
4311852537,1,0,1,2793071066,https://doi.org/10.21203/rs.3.rs-2354497/v1,2022,preprint,0,4306525896,17,20
4408403419,1,0,1,2793071066,https://doi.org/10.1145/3677389.3702587,2024,article,0,,18,16
7124134048,1,0,1,2913773162,https://doi.org/10.21203/rs.3.rs-8436778/v1,2026,preprint,0,4306525896,33,38
4399584530,1,0,1,4313545395,https://doi.org/10.61707/sxqzvt66,2024,article,0,4210216502,33,43
4416458467,1,0,1,2913773162,https://doi.org/10.21203/rs.3.rs-7975408/v1,2025,preprint,0,4306525896,32,81
4402569367,1,0,1,2547045893,https://doi.org/10.23919/ccc63176.2024.10662634,2024,article,0,,33,22
7125522361,1,0,1,4313545395,https://doi.org/10.56754/0718-4867.2025.3781,2025,article,0,2736652932,17,7
4409999198,1,0,1,2913773162,https://doi.org/10.1055/a-2516-3808,2025,article,0,143149996,12,35
4318902944,1,0,1,4313545395,https://doi.org/10.48550/arxiv.2301.13312,2023,preprint,0,4306400194,18,10
3175847613,1,0,1,2547045893,https://doi.org/10.1209/0295-5075/134/48004,2021,article,0,161185981,18,18
4205776501,1,0,1,2066752129,https://doi.org/10.1017/9781108993647.020,2021,book-chapter,0,4306462995,32,892
2886293109,1,0,1,2547045893,https://doi.org/10.1007/978-3-319-99247-1_29,2018,book-chapter,0,106296714,31,13
4244758167,1,0,1,2066752129,https://doi.org/10.1016/b978-0-12-803113-1.00010-7,2018,book-chapter,0,4306463230,23,39
4206714622,1,0,1,2066752129,https://doi.org/10.1017/9781108993647.017,2021,book-chapter,0,4306462995,36,892
4205942282,1,0,1,2066752129,https://doi.org/10.1017/9781108993647.025,2021,book-chapter,0,4306462995,18,892
4415108352,1,0,1,4313545395,https://doi.org/10.1109/icaide65466.2025.11189751,2025,article,0,,33,6
3086520799,1,0,1,2793071066,https://doi.org/10.1007/s11192-020-03687-z,2020,article,0,148561398,18,11
4205274829,1,0,1,2066752129,https://doi.org/10.1017/9781108993647.009,2021,book-chapter,0,4306462995,36,892
3196738645,1,0,1,2793071066,https://doi.org/10.5281/zenodo.5376190,2021,dataset,0,4306400562,17,61
2561948057,1,0,1,2059615831,,2015,dissertation,0,4377196282,33,207
4380884433,1,0,1,2066752129,https://doi.org/10.1109/map.2023.3262154,2023,article,0,201045332,22,10
4212798390,1,0,1,2547045893,https://doi.org/10.7287/peerj-cs.182v0.1/reviews/2,2019,peer-review,0,,18,40
4211062510,1,0,1,2913773162,https://doi.org/10.1002/9781119751267.ch1,2020,other,0,,14,160
2493652577,1,0,1,2059615831,,2016,article,0,,20,84
4213210843,1,0,1,2547045893,https://doi.org/10.7287/peerj-cs.182v0.2/reviews/3,2019,peer-review,0,,18,40
4206047959,1,0,1,2066752129,https://doi.org/10.1017/9781108993647.018,2021,book-chapter,0,4306462995,18,892
4211068987,1,0,1,3123050710,https://doi.org/10.1017/9781108762519.004,2020,book-chapter,0,4306462995,18,1034
4399504228,1,0,1,4313545395,https://doi.org/10.35690/978-2-7592-3895-8,2024,book,0,4306463180,33,59
4389989539,1,0,1,2303284028,https://doi.org/10.2139/ssrn.4669795,2023,article,0,4210172589,20,170
4394861561,1,0,1,2913773162,https://doi.org/10.1017/one.2024.5.pr2,2024,peer-review,0,,27,45
4394860712,1,0,1,2913773162,https://doi.org/10.1017/one.2024.5.pr4,2024,peer-review,0,,27,45
4386630650,1,0,1,4313545395,https://doi.org/10.1109/oceanslimerick52467.2023.10244260,2023,article,0,,18,12
7117355057,1,0,1,4313545395,https://doi.org/10.2139/ssrn.5972636,2025,preprint,0,4210172589,20,23
4405708961,1,0,1,2303284028,https://doi.org/10.2139/ssrn.5069315,2024,preprint,0,4210172589,17,62
4406945421,1,0,1,4378980478,https://doi.org/10.2139/ssrn.5052304,2025,preprint,0,4210172589,20,14
4220746106,1,0,1,2913773162,https://doi.org/10.1007/s00106-021-01136-8,2022,review,0,114599316,36,30
4416832596,1,0,1,4313545395,https://doi.org/10.1016/j.tjpad.2025.100398,2025,article,0,4210234663,23,69
4206241367,1,0,1,2913773162,https://doi.org/10.1016/j.urology.2020.10.076,2021,editorial,0,196979320,31,2
4402434221,1,0,1,2913773162,https://doi.org/10.2139/ssrn.4953875,2024,preprint,0,4210172589,17,57
7125773941,1,0,1,2547045893,https://doi.org/10.2139/ssrn.6080627,2026,preprint,0,4210172589,33,21
4410925590,1,0,1,4313545395,https://doi.org/10.37641/jimkes.v13i3.3245,2025,article,0,4210180788,14,32
7127345125,1,0,1,2913773162,https://doi.org/10.2139/ssrn.6108566,2026,preprint,0,4210172589,33,18
4413280234,1,0,1,2913773162,https://doi.org/10.1590/0001-3765202520240974,2025,article,0,111086706,18,54
4401344228,1,0,1,4313545395,https://doi.org/10.1002/mde.4340,2024,article,0,138400101,33,36
4413811986,1,0,1,4313545395,https://doi.org/10.1177/22925503251371051,2025,article,0,4210203465,27,24
7153586362,1,0,1,2303284028,https://doi.org/10.2139/ssrn.6561862,2026,preprint,0,4210172589,20,38
7128687532,1,0,1,2913773162,https://doi.org/10.32388/pqixfw,2026,article,0,4210177074,18,24
4386486955,1,0,1,4313545395,https://doi.org/10.2138/gselements.19.3.131,2023,article,0,65722409,33,1
7141134288,1,0,1,2913773162,https://doi.org/10.3390/encyclopedia6040075,2026,article,0,4210204877,22,83
4414831684,1,0,1,4313545395,https://doi.org/10.32388/lxceul,2025,article,0,4210177074,33,47
2894475678,1,0,1,2059615831,https://doi.org/10.33119/kszpp.2016.3.6,2016,article,0,4210173092,33,26
4403401264,1,0,1,2913773162,https://doi.org/10.1017/cts.2024.578,2024,article,0,4210205013,18,27
4220869523,1,0,1,2793071066,https://doi.org/10.18690/um.feri.7.2022.6,2022,article,0,,22,49
4404081815,1,0,1,4313545395,https://doi.org/10.1051/nss/2024042,2024,article,0,2898366065,32,45
7159871321,1,0,1,4313545395,https://doi.org/10.1007/978-3-032-12670-2_8,2026,book-chapter,0,,33,29
4385892577,1,0,1,4313545395,https://doi.org/10.55687/ste.v2i1.38,2023,article,0,4387286166,17,39
4255517830,1,0,1,3123050710,https://doi.org/10.31235/osf.io/cvngq,2021,preprint,0,,18,33
7151357059,1,0,1,2066752129,https://doi.org/10.2139/ssrn.6538528,2026,preprint,0,4210172589,17,16
4214914683,1,0,1,3123050710,https://doi.org/10.19090/arhe.2021.36.353-383,2022,article,0,4210179845,28,105
4402140374,1,0,1,2793071066,https://doi.org/10.2174/0115734064317811240815184525,2024,review,0,155723790,27,83
3094438529,1,0,1,2547045893,https://doi.org/10.1002/pra2.359,2020,article,0,4393918545,18,8
4207054583,1,0,1,2913773162,https://doi.org/10.31234/osf.io/2tmdr,2021,preprint,0,,17,59
4400414194,1,0,1,2793071066,https://doi.org/10.34024/prometeica.2024.30.16057,2024,article,0,4210199945,32,71
4399852402,1,0,1,4313545395,https://doi.org/10.1007/978-3-031-47404-0_2,2024,book-chapter,0,,18,41
4327860559,1,0,1,4313545395,https://doi.org/10.1192/bjp.2023.26,2023,article,0,127936299,12,7
4412150387,1,0,1,2913773162,https://doi.org/10.1057/s41599-025-05387-6,2025,article,0,4210206302,18,88
4414404466,1,0,1,4313545395,https://doi.org/10.1007/s11192-025-05417-9,2025,article,0,148561398,14,64
4411873214,1,0,1,2913773162,https://doi.org/10.1007/978-3-658-37503-4_38,2025,book-chapter,0,4210185442,31,48
4411863210,1,0,1,3201257425,https://doi.org/10.1038/s41598-025-04448-9,2025,article,0,196734849,28,50
4385980780,1,0,1,2066752129,https://doi.org/10.1016/b978-0-323-91259-4.00022-9,2023,book-chapter,0,4210198904,18,33
4404420496,1,0,1,2793071066,https://doi.org/10.1007/978-981-96-0178-3_1,2024,book-chapter,0,2764900261,31,33
7131626294,1,0,1,4378980478,https://doi.org/10.1016/j.joi.2026.101789,2026,article,0,205292342,36,55
4399234005,1,0,1,2066752129,https://doi.org/10.1016/b978-0-12-811760-6.00022-9,2023,book-chapter,0,4306463230,31,175
4404801426,1,0,1,2793071066,https://doi.org/10.1016/j.procs.2024.09.477,2024,article,0,120348307,17,25
4411186941,1,0,1,2066752129,https://doi.org/10.1017/9781009499989.003,2025,book-chapter,0,4306462995,14,12
4411988656,1,0,1,2913773162,https://doi.org/10.1016/j.joi.2025.101699,2025,article,0,205292342,14,81
4404416684,1,0,1,2547045893,https://doi.org/10.1016/j.joi.2024.101602,2024,article,0,205292342,18,64
4416993387,1,0,1,2793071066,https://doi.org/10.3389/fnut.2025.1676080,2025,article,0,2596909297,36,292
4393098328,1,0,1,2066752129,https://doi.org/10.1088/978-0-7503-6342-6ch8,2024,book-chapter,0,,18,145
7154686550,1,0,1,4313545395,https://doi.org/10.1080/23311975.2026.2658136,2026,article,0,2738076829,14,93
3090580638,1,0,1,2059615831,https://doi.org/10.1016/j.respol.2021.104388,2021,article,0,9731383,14,89
7165052034,1,0,1,4313545395,https://doi.org/10.60797/irj.2026.168.25,2026,article,0,7407050910,17,4
7165030458,1,0,1,4313545395,https://doi.org/10.60797/irj.2026.168.25.3,2026,other,0,7407050910,,4
7164992548,1,0,1,4313545395,https://doi.org/10.60797/irj.2026.168.25.5,2026,other,0,7407050910,,4
7164992186,1,0,1,4313545395,https://doi.org/10.60797/irj.2026.168.25.2,2026,dataset,0,7407050910,,4
7165017461,1,0,1,4313545395,https://doi.org/10.60797/irj.2026.168.25.13,2026,article,0,7407050910,20,4
7165044248,1,0,1,4313545395,https://doi.org/10.60797/irj.2026.168.25.12,2026,other,0,7407050910,,4
7165052134,1,0,1,4313545395,https://doi.org/10.60797/irj.2026.168.25.6,2026,other,0,7407050910,,4
3170497000,1,0,1,2913773162,https://doi.org/10.1016/j.etiqe.2021.05.004,2021,article,0,2898571664,36,29
7164991509,1,0,1,2793071066,https://doi.org/10.2139/ssrn.6957318,2026,preprint,0,4210172589,18,55
7165017177,1,0,1,4313545395,https://doi.org/10.60797/irj.2026.168.25.8,2026,other,0,7407050910,,4
7165042375,1,0,1,4313545395,https://doi.org/10.60797/irj.2026.168.25.7,2026,other,0,7407050910,,4
7165020082,1,0,1,4313545395,https://doi.org/10.60797/irj.2026.168.25.9,2026,other,0,7407050910,,4
7138840348,1,0,1,2913773162,https://doi.org/10.1007/s11192-026-05586-1,2026,article,0,148561398,18,30
7155224589,1,0,1,2303284028,https://doi.org/10.1016/j.techfore.2026.124695,2026,article,0,39307421,14,36
7154832039,1,0,1,2303284028,https://doi.org/10.1007/s11366-026-09943-y,2026,article,0,66163274,14,100
7163548981,1,0,1,2793071066,https://doi.org/10.1016/j.epidem.2026.100926,2026,article,0,24717195,26,25
7131391965,1,0,1,4313545395,https://doi.org/10.1108/ejim-07-2025-0861,2026,article,0,90149737,20,85
4226250973,1,0,1,2547045893,https://doi.org/10.21203/rs.3.rs-1510153/v1,2022,preprint,0,4306525896,33,52
4389280787,1,0,1,3123050710,https://doi.org/10.2139/ssrn.4651788,2023,preprint,0,4210172589,14,113
3118450178,1,0,1,2913773162,https://doi.org/10.1016/j.physa.2020.125683,2021,article,0,24688465,18,43
4410156273,1,0,1,2793071066,https://doi.org/10.2139/ssrn.5203730,2025,article,0,4210172589,18,117
3191596128,1,0,1,2793071066,https://doi.org/10.48550/arxiv.2108.00376,2021,preprint,0,4306400194,31,51
3135948531,1,0,1,2913773162,https://doi.org/10.1007/978-3-030-71292-1_16,2021,book-chapter,0,106296714,32,17
4226064945,1,0,1,2793071066,https://doi.org/10.1016/b978-0-323-99149-0.00007-9,2022,book-chapter,0,4306463230,27,54
2939788635,1,0,1,2547045893,https://doi.org/10.1016/j.eswa.2020.113337,2020,preprint,0,13144211,17,75
4409971517,1,0,1,4313545395,https://doi.org/10.4324/9781032637310-7,2025,book-chapter,0,,20,75
4410224509,1,0,1,4313545395,https://doi.org/10.2139/ssrn.5173153,2025,preprint,0,4210172589,33,20
3041415707,1,0,1,2547045893,https://doi.org/10.48550/arxiv.2007.04113,2020,preprint,0,4306400194,33,19
3190163871,1,0,1,2913773162,https://doi.org/10.18260/1-2--36623,2021,article,0,4363608874,22,13
2809789009,1,0,1,2303284028,https://doi.org/10.1109/fskd.2017.8393032,2017,article,0,,14,24
2945750898,1,0,1,2793071066,https://doi.org/10.1007/978-3-030-13578-2_13,2019,book-chapter,0,,33,25
3047768173,1,0,1,2793071066,https://doi.org/10.48550/arxiv.2008.03134,2020,preprint,0,4306400194,31,32
2342619570,1,0,1,2066752129,,2016,article,0,,13,3
2208223629,1,0,1,2066752129,,2015,article,0,4306401796,20,18
4206019955,1,0,1,2066752129,https://doi.org/10.1017/9781108993647.024,2021,book-chapter,0,4306462995,32,892
4285234835,1,0,1,2913773162,https://doi.org/10.2139/ssrn.4111560,2022,article,0,4210172589,12,89
2861017630,1,0,1,2793071066,https://doi.org/10.1117/12.2312058,2018,article,0,4306500797,31,49
2750579766,1,0,1,2066752129,https://doi.org/10.26613/esic.1.1.7,2017,article,0,4210228326,33,10
4412387831,1,0,1,2913773162,https://doi.org/10.1038/d41586-025-02199-1,2025,article,0,137773608,20,4
4282942136,1,0,1,2913773162,https://doi.org/10.1080/02691728.2022.2070789,2022,article,0,113020877,31,47
4388455589,1,0,1,2793071066,https://doi.org/10.2139/ssrn.4625699,2023,preprint,0,4210172589,11,102
4416211546,1,0,1,4313545395,https://doi.org/10.1016/j.irfa.2026.105211,2025,article,0,145572626,14,29
4416317117,1,0,1,4313545395,https://doi.org/10.2139/ssrn.5743845,2025,preprint,0,4210172589,18,30
4385990093,1,0,1,2793071066,https://doi.org/10.23919/picmet59654.2023.10216856,2023,article,0,,20,62
4393379678,1,0,1,3123050710,https://doi.org/10.2139/ssrn.4780390,2024,preprint,0,4210172589,18,46
4401753799,1,0,1,2793071066,https://doi.org/10.1109/qcnc62729.2024.00031,2024,article,0,,17,58
4401919417,1,0,1,4313545395,https://doi.org/10.1093/9780197765142.005.0001,2024,article,0,,28,756
3148365137,1,0,1,2808505390,https://doi.org/10.1108/978-1-83909-698-320211008,2021,book-chapter,0,,32,7
3145529032,1,0,1,2808505390,https://doi.org/10.1108/978-1-83909-698-320211005,2021,book-chapter,0,,14,13
4395471508,1,0,1,2066752129,https://doi.org/10.2139/ssrn.4807872,2024,preprint,0,4210172589,14,101
4380881743,1,0,1,2066752129,https://doi.org/10.1109/map.2023.3278558,2023,article,0,201045332,,11
4414691686,1,0,1,4313545395,https://doi.org/10.1016/j.ard.2025.07.013,2025,letter,0,25650217,27,4
4223432914,1,0,1,2066752129,https://doi.org/10.52547/johepal.3.1.177,2022,article,0,4210235991,33,9
2800420316,1,0,1,2547045893,https://doi.org/10.1007/978-3-319-78196-9_4,2018,book-chapter,0,4210173728,33,20
4385143602,1,0,1,2808505390,https://doi.org/10.1007/s11042-023-16212-0,2023,article,0,110206669,12,27
7133358319,1,0,1,2793071066,https://doi.org/10.1007/s11192-025-05451-7,2026,article,0,148561398,32,57
7140056342,1,0,1,2066752129,https://doi.org/10.1093/reseval/rvag015,2026,article,0,16793705,32,86
7153329112,1,0,1,4313545395,https://doi.org/10.2139/ssrn.6557625,2026,preprint,0,4210172589,20,59
4206960586,1,0,1,2066752129,https://doi.org/10.31234/osf.io/dp3ef,2021,preprint,0,,18,65
4402974996,1,0,1,2793071066,https://doi.org/10.1162/qss_a_00332,2024,article,0,4210195326,20,52
4297905974,1,0,1,2303284028,https://doi.org/10.24197/st.2.2022.96-123,2022,article,0,2739110950,20,55
4388417942,1,0,1,4313545395,https://doi.org/10.28968/cftt.v9i2.39341,2023,article,0,4210177476,18,59
7141697469,1,0,1,2059615831,https://doi.org/10.1002/sd.70987,2026,article,0,165666656,20,86
4401946001,1,0,1,4313545395,https://doi.org/10.7202/1113091ar,2023,article,0,4210234941,27,49
4402315871,1,0,1,2913773162,https://doi.org/10.3390/su16177767,2024,article,0,10134376,17,54
7131375275,1,0,1,2913773162,https://doi.org/10.1371/journal.pone.0343738,2026,article,0,202381698,18,51
4409465128,1,0,1,2913773162,https://doi.org/10.1108/gkmc-07-2024-0458,2025,article,0,4210232522,18,68
7154956841,1,0,1,2303284028,https://doi.org/10.64898/2026.04.18.26351160,2026,article,0,3005729997,27,14
4414786424,1,0,1,2547045893,https://doi.org/10.1590/2318-0889202537e2515056,2025,article,0,182966198,18,17
7117545698,1,0,1,4313545395,https://doi.org/10.64898/2025.12.27.25342585,2025,article,0,3005729997,27,29
7118286874,1,0,1,2793071066,https://doi.org/10.1098/rsos.251301,2026,article,0,2737558550,33,32
4377087833,1,0,1,2793071066,https://doi.org/10.55835/64426fe8a754f57011e9b9d0,2023,article,0,,20,9
4414852288,1,0,1,2913773162,https://doi.org/10.1128/cmr.00228-24,2025,review,0,112662651,27,196
4281480909,1,0,1,2066752129,https://doi.org/10.31235/osf.io/8ma5q,2022,preprint,0,,33,144
4400549653,1,0,1,2793071066,https://doi.org/10.20944/preprints202407.0806.v1,2024,preprint,0,6309402219,21,149
7131655470,1,0,1,4313545395,https://doi.org/10.1108/978-1-80686-043-220261009,2026,book-chapter,0,,32,8
4361856737,1,0,1,2913773162,https://doi.org/10.36647/ttregs/02.02.a005,2022,article,0,4387284401,22,22
4280559893,1,0,1,4313545395,https://doi.org/10.31219/osf.io/bq438,2022,preprint,0,,20,285
4417137439,1,0,1,2793071066,https://doi.org/10.32388/c2yee6.2,2025,article,0,4210177074,18,39
7162133917,1,0,1,2793071066,https://doi.org/10.1007/s11135-026-02827-6,2026,article,0,102399824,18,39
7162139303,1,0,1,2303284028,https://doi.org/10.1108/ijoem-03-2025-0488,2026,article,0,116345831,14,83
7162533264,1,0,1,2066752129,https://doi.org/10.21203/rs.3.rs-9815073/v1,2026,preprint,0,4306525896,18,21
7153889612,1,0,1,2793071066,https://doi.org/10.1145/3772318.3791300,2026,article,0,,18,28
4415784292,1,0,1,4313545395,https://doi.org/10.1177/03063127251386079,2025,article,0,68632876,17,41
4414610968,1,0,1,4313545395,https://doi.org/10.54900/tvby7-zsx87,2025,preprint,0,,36,31
7163876720,1,0,1,2066752129,https://doi.org/10.1016/j.lisr.2026.101415,2026,article,0,186163925,32,36
7164011496,1,0,1,3123050710,https://doi.org/10.1080/02691728.2026.2669578,2026,article,0,113020877,33,75
7162806962,1,0,1,4313545395,https://doi.org/10.1016/j.cjph.2026.05.029,2026,article,0,169735585,17,47
7084502894,1,0,1,4313545395,https://doi.org/10.59350/4qy2c-y7q31,2024,article,0,,27,31
7163928857,1,0,1,2066752129,https://doi.org/10.1016/j.respol.2026.105546,2026,article,0,9731383,18,85
4396564118,1,0,1,2793071066,https://doi.org/10.1007/978-3-031-59465-6_3,2024,book-chapter,0,4210177767,17,20
4402728704,1,0,1,4313545395,https://doi.org/10.1007/978-3-662-69339-1_8,2024,book-chapter,0,,31,27
4414624577,1,0,1,4378980478,https://doi.org/10.1038/s41597-025-05865-1,2025,article,0,2607323502,18,23
4415622229,1,0,1,4313545395,https://doi.org/10.1134/s0036024425702322,2025,article,0,15526297,31,288
4383426189,1,0,1,2066752129,https://doi.org/10.1016/b978-0-323-91840-4.00014-1,2023,book-chapter,0,4306463230,32,143
4404433954,1,0,1,2793071066,https://doi.org/10.1007/s10915-024-02735-7,2024,article,0,151550017,31,52
4393178481,1,0,1,2793071066,https://doi.org/10.1007/978-3-031-57850-2_23,2024,preprint,0,106296714,20,36
4414032581,1,0,1,2793071066,https://doi.org/10.1007/s10101-025-00335-1,2025,article,0,156716048,18,42
4386333205,1,0,1,4313545395,https://doi.org/10.1007/s40828-023-00183-8,2023,article,0,4210187306,36,13
4388876879,1,0,1,4313545395,https://doi.org/10.1007/978-3-031-45582-7_6,2023,book-chapter,0,,21,80
4403232855,1,0,1,2913773162,https://doi.org/10.1007/978-3-031-66410-6_31,2024,book-chapter,0,4210169156,17,24
7133666335,1,0,1,2793071066,https://doi.org/10.1186/s40594-026-00603-4,2026,article,0,2738571837,18,102
7117530682,1,0,1,2793071066,https://doi.org/10.1177/10591478251413818,2025,article,0,149070780,18,61
4405563551,1,0,1,4313545395,https://doi.org/10.1007/978-3-031-75216-2_3,2024,book-chapter,0,,32,160
4401588447,1,0,1,2793071066,https://doi.org/10.1007/978-3-031-65794-8_12,2024,book-chapter,0,106296714,17,30
4413334236,1,0,1,2059615831,https://doi.org/10.1007/s12597-025-00990-2,2025,article,0,100702818,18,79
4366829337,1,0,1,4313545395,https://doi.org/10.1192/bji.2023.6,2023,article,0,4210183147,18,6
4414205359,1,0,1,4313545395,https://doi.org/10.1079/9781800628076.0003,2025,book-chapter,0,4306462985,33,113
4415293609,1,0,1,2793071066,https://doi.org/10.1017/9781009381338.008,2025,book-chapter,0,4306462995,27,66
7143479260,1,0,1,2793071066,https://doi.org/10.1080/14778238.2026.2648163,2026,article,0,192723185,20,64
4205416739,1,0,1,2066752129,https://doi.org/10.1017/9781108993647.016,2021,book-chapter,0,4306462995,36,892
2988735333,1,0,1,2066752129,,2019,article,0,4306400616,18,44
4412830827,1,0,1,2066752129,https://doi.org/10.2139/ssrn.5374344,2025,preprint,0,4210172589,18,49
4403183922,1,0,1,4313545395,https://doi.org/10.2139/ssrn.4945598,2024,preprint,0,4210172589,20,80
4400034068,1,0,1,2793071066,https://doi.org/10.1109/eais58494.2024.10569112,2024,article,0,,17,23
4391943626,1,0,1,2793071066,https://doi.org/10.1111/hdi.13132,2024,article,0,22214007,27,17
4394831230,1,0,1,2066752129,https://doi.org/10.3997/2214-4609.202332091,2023,article,0,,17,9
7117110439,1,0,1,3123050710,https://doi.org/10.1109/visap.2025.00007,2025,article,0,,18,35
4394860698,1,0,1,2913773162,https://doi.org/10.1017/one.2024.5.pr5,2024,peer-review,0,,27,45
4408729200,1,0,1,4313545395,https://doi.org/10.1007/978-3-031-84778-3_3,2025,book-chapter,0,,20,110
7119065065,1,0,1,4313545395,https://doi.org/10.2139/ssrn.6034532,2026,preprint,0,4210172589,14,7
4412532204,1,0,1,4378980478,https://doi.org/10.51408/issi2025_186,2025,article,0,,18,4
4403970600,1,0,1,4313545395,https://doi.org/10.1016/j.pt.2024.10.011,2024,review,0,182404557,11,45
4412533371,1,0,1,2547045893,https://doi.org/10.51408/issi2025_165,2025,article,0,,18,4
4406939512,1,0,1,2913773162,https://doi.org/10.1016/s2214-109x(24)00485-6,2025,article,0,4210176958,36,7
7123358069,1,0,1,2303284028,https://doi.org/10.2139/ssrn.6066938,2026,preprint,0,4210172589,20,39
4405534250,1,0,1,3123050710,https://doi.org/10.1007/978-3-031-75216-2_4,2024,book-chapter,0,,14,132
4388797909,1,0,1,4313545395,https://doi.org/10.1007/978-3-031-43957-5_5,2023,book-chapter,0,,13,30
7127050085,1,0,1,2066752129,https://doi.org/10.1007/978-3-031-97900-2_11,2026,book-chapter,0,,16,89
4289330377,1,0,1,2913773162,,2018,article,0,4306402512,12,34
6939483004,1,0,1,4313545395,https://doi.org/10.6084/m9.figshare.26113156,2024,dataset,0,4377196282,,75
7125517818,1,0,1,2066752129,https://doi.org/10.1007/s44217-026-01128-2,2026,article,0,4387280196,18,35
7153811513,1,0,1,2066752129,https://doi.org/10.1145/3772363.3798802,2026,article,0,,33,11
7154891906,1,0,1,4313545395,https://doi.org/10.1007/978-3-032-13153-9_24,2026,book-chapter,0,4210169156,17,10
7160944648,1,0,1,2793071066,https://doi.org/10.31389/lsepress.dos.p,2026,book-chapter,0,4306488665,17,30
7160905864,1,0,1,2793071066,https://doi.org/10.31389/lsepress.dos.e,2026,book-chapter,0,4306488665,36,7
7161477240,1,0,1,4313545395,https://doi.org/10.1007/s11701-026-03476-5,2026,article,0,74104863,27,63
3197909201,1,0,1,2072576647,https://doi.org/10.1080/23766808.2021.1964913,2021,article,0,2737295936,23,78
4391576834,1,0,1,4313545395,https://doi.org/10.55905/oelv22n2-013,2024,article,0,4210217256,11,23
7133224333,1,0,1,4313545395,https://doi.org/10.1057/s41599-026-06642-0,2026,article,0,4210206302,18,68
7135055166,1,0,1,2066752129,https://doi.org/10.1177/27538699261426930,2026,article,0,4387284826,32,38
4247256094,1,0,1,2793071066,https://doi.org/10.1101/371955,2018,preprint,0,4306402567,17,25
4407537468,1,0,1,2913773162,https://doi.org/10.1386/ejpc_00061_1,2024,article,0,4210216300,17,12
4392778276,1,0,1,2793071066,https://doi.org/10.36702/zin2023.02.01,2024,article,0,4210184811,14,18
4416319432,1,0,1,4313545395,https://doi.org/10.1590/0101-3173.2025.v48.n6.e025181,2025,article,0,202107051,33,4
4405811525,1,0,1,2793071066,https://doi.org/10.1101/2024.12.23.630160,2024,preprint,0,4306402567,33,38
4416460790,1,0,1,2913773162,https://doi.org/10.1177/10464964251392144,2025,article,0,133913429,32,46
4289522759,1,0,1,2808505390,https://doi.org/10.21203/rs.3.rs-1900537/v1,2022,preprint,0,4306525896,31,50
4416818226,1,0,1,4313545395,https://doi.org/10.2139/ssrn.5806445,2025,preprint,0,4210172589,17,27
4412609763,1,0,1,4313545395,https://doi.org/10.51408/issi2025_051,2025,article,0,,18,38
4402456218,1,0,1,2547045893,https://doi.org/10.3390/mca29050077,2024,article,0,4210201516,20,20
4391399446,1,0,1,4313545395,https://doi.org/10.11594/ijmaber.05.01.17,2024,article,0,4210198981,14,32
4392230435,1,0,1,2913773162,https://doi.org/10.12794/metadc2257304,2023,dissertation,0,,33,85
7127399777,1,0,1,3123050710,https://doi.org/10.2139/ssrn.6175809,2026,preprint,0,4210172589,14,139
3027691011,1,0,1,2547045893,https://doi.org/10.1101/2020.05.15.20102830,2020,preprint,0,3005729997,18,37
4391228246,1,0,1,2547045893,https://doi.org/10.31235/osf.io/ftgqw,2024,preprint,0,,18,51
4417166114,1,0,1,4313545395,https://doi.org/10.1162/qss.a.400,2025,article,0,4210195326,18,69
4417158422,1,0,1,4313545395,https://doi.org/10.2478/eoik-2025-0089,2025,article,0,2737372166,17,63
4417483072,1,0,1,2547045893,https://doi.org/10.21203/rs.3.rs-8123067/v1,2025,preprint,0,4306525896,17,56
7134198763,1,0,1,2793071066,https://doi.org/10.2139/ssrn.6368076,2026,preprint,0,4210172589,18,16
2493601583,1,0,1,2066752129,https://doi.org/10.1093/acprof:oso/9780198758839.003.0007,2016,book-chapter,0,,17,233
4406854356,1,0,1,2793071066,https://doi.org/10.1063/5.0250482,2025,article,0,187806540,31,57
4392705522,1,0,1,2066752129,https://doi.org/10.7554/elife.93429.2,2024,preprint,0,1336409049,13,65
4375950379,1,0,1,2793071066,https://doi.org/10.21203/rs.3.rs-2907940/v1,2023,preprint,0,4306525896,18,110
2495566512,1,0,1,2066752129,https://doi.org/10.1093/acprof:oso/9780198758839.003.0004,2016,book-chapter,0,,17,235
4382062439,1,0,1,2793071066,https://doi.org/10.26686/wgtn.23578932,2023,dissertation,0,,18,246
4414059983,1,0,1,2059615831,https://doi.org/10.1142/s1363919625400171,2025,article,0,181388337,20,12
7155166894,1,0,1,4313545395,https://doi.org/10.1108/itp-12-2025-1932,2026,article,0,185256354,33,24
4380048222,1,0,1,2066752129,https://doi.org/10.1177/01655515231171090,2023,article,0,68913162,22,43
4283696265,1,0,1,2547045893,https://doi.org/10.21203/rs.3.rs-1772541/v1,2022,preprint,0,4306525896,31,15
4401997245,1,0,1,2793071066,https://doi.org/10.25044/25392190.1069,2024,article,0,4210196100,33,15
7124739316,1,0,1,2793071066,https://doi.org/10.7554/elife.108403.1,2026,article,0,1336409049,18,45
4253378639,1,0,1,2066752129,https://doi.org/10.31219/osf.io/yjgrp,2021,preprint,0,,33,115
4389496375,1,0,1,4313545395,https://doi.org/10.29327/5335623,2023,book,0,,33,52
7125599527,1,0,1,4378980478,https://doi.org/10.1109/wsc68292.2025.11339122,2025,article,0,,18,27
7125581764,1,0,1,2913773162,https://doi.org/10.1109/cascon66301.2025.00099,2025,article,0,,14,7
7151569006,1,0,1,2547045893,https://doi.org/10.25095/mufad.1780742,2026,article,0,4210220356,14,22
4380303064,1,0,1,4313545395,https://doi.org/10.1016/j.reth.2023.06.003,2023,article,0,2898509233,20,12
4413296690,1,0,1,2793071066,https://doi.org/10.1016/j.neubiorev.2025.106342,2025,review,0,170052170,32,188
4400047156,1,0,1,4313545395,https://doi.org/10.1038/d41586-024-02080-7,2024,editorial,0,137773608,27,3
7161839414,1,0,1,2913773162,https://doi.org/10.1002/asi.70080,2026,article,0,4210197613,33,55
3128155549,1,0,1,2793071066,https://doi.org/10.1109/iccss52145.2020.9336954,2020,article,0,4306498627,31,14
3081105815,1,0,1,2913773162,,2020,dissertation,0,4306402521,14,117
4387445183,1,0,1,4313545395,https://doi.org/10.1055/a-2106-0196,2023,article,0,143149996,13,21
3168734679,1,0,1,2793071066,https://doi.org/10.1140/epjp/s13360-022-02376-5,2022,preprint,0,2500088085,18,27
4321169932,1,0,1,2913773162,https://doi.org/10.1097/js9.0000000000000070,2023,letter,0,67965910,27,3
4220778862,1,0,1,2808505390,https://doi.org/10.31219/osf.io/uq7rf,2022,preprint,0,,33,17
4402643635,1,0,1,4313545395,https://doi.org/10.1016/j.etiqe.2024.07.011,2024,article,0,2898571664,18,2
7164998887,1,0,1,4313545395,https://doi.org/10.60797/irj.2026.168.25.11,2026,other,0,7407050910,,4
4414772068,1,0,1,2066752129,https://doi.org/10.1007/978-3-031-98880-6_9,2025,book-chapter,0,4210169156,22,21
4205440544,1,0,1,2066752129,https://doi.org/10.1017/9781108993647.011,2021,book-chapter,0,4306462995,36,892
4405314894,1,0,1,2913773162,https://doi.org/10.1016/j.waojou.2024.101004,2024,article,0,49523212,18,21
4408973665,1,0,1,2793071066,https://doi.org/10.1007/978-3-031-82435-7_12,2025,book-chapter,0,2764461748,18,17
3033358049,1,0,1,2793071066,https://doi.org/10.1016/b978-0-12-814079-6.00006-7,2020,book-chapter,0,4306463230,23,9
4406120615,1,0,1,4313545395,https://doi.org/10.2139/ssrn.5008512,2025,article,0,4210172589,31,62
2488085076,1,0,1,2066752129,https://doi.org/10.1093/acprof:oso/9780198758839.003.0002,2016,book-chapter,0,,17,233
4415699083,1,0,1,2913773162,https://doi.org/10.1016/j.ipm.2025.104458,2025,article,0,174847851,17,56
4415293577,1,0,1,2793071066,https://doi.org/10.1017/9781009381338.005,2025,book-chapter,0,4306462995,27,357
4399334396,1,0,1,4313545395,https://doi.org/10.35542/osf.io/pcxhb,2024,preprint,0,,32,103
4205225847,1,0,1,2066752129,https://doi.org/10.1017/9781108993647.004,2021,book-chapter,0,4306462995,36,892
4413495362,1,0,1,2793071066,https://doi.org/10.1038/s41564-025-02097-2,2025,article,0,2764926557,18,12
4411126542,1,0,1,2066752129,https://doi.org/10.1108/imr-11-2023-0325,2025,article,0,35673206,14,104
4297394587,1,0,1,2547045893,https://doi.org/10.1007/s12043-022-02413-z,2022,article,0,4394736650,18,37
4395018264,1,0,1,4313545395,https://doi.org/10.2139/ssrn.4803549,2024,preprint,0,4210172589,14,135
7165038732,1,0,1,2547045893,https://doi.org/10.21203/rs.3.rs-9872140/v1,2026,preprint,0,4306525896,18,9
3012569854,1,0,1,2066752129,https://doi.org/10.1109/dsmp47368.2020.9204220,2020,preprint,0,,31,35
4404899652,1,0,1,2793071066,https://doi.org/10.30611/2024n34id94585,2024,article,0,4210219338,14,24
4412662347,1,0,1,2547045893,https://doi.org/10.51408/issi2025_094,2025,article,0,,31,26
4385993900,1,0,1,2066752129,https://doi.org/10.1093/acprof:oso/9780198758839.002.0004,2016,other,0,,17,235
7162947356,1,0,1,2913773162,https://doi.org/10.32388/pqixfw.2,2026,article,0,4210177074,18,25
7154683265,1,0,1,4313545395,https://doi.org/10.2139/ssrn.6598823,2026,preprint,0,4210172589,14,73
2487053835,1,0,1,2066752129,https://doi.org/10.1093/acprof:oso/9780198758839.003.0005,2016,book-chapter,0,,17,235
4412616222,1,0,1,3123050710,https://doi.org/10.1177/10519815251353460,2025,article,0,130455057,27,53
4386473518,1,0,1,4313545395,https://doi.org/10.5860/cal.21.3.31,2023,article,0,160873118,32,4
7164011739,1,0,1,2913773162,https://doi.org/10.1093/9780197851753.003.0151,2026,reference-entry,0,,,46
4285296193,1,0,1,2547045893,https://doi.org/10.1051/shsconf/202214001040,2022,article,0,4210202797,18,11
4417329676,1,0,1,4313545395,https://doi.org/10.1515/9783111637181-003,2025,book-chapter,0,,12,39
4225936901,1,0,1,2547045893,https://doi.org/10.1088/1367-2630/ac6ca1,2022,article,0,148121101,18,44
4322487234,1,0,1,2913773162,https://doi.org/10.20944/preprints202302.0477.v1,2023,preprint,0,6309402219,20,35
4410794043,1,0,1,4313545395,https://doi.org/10.24072/pcjournal.567,2025,article,0,4387278563,23,42
4200594395,1,0,1,2066752129,https://doi.org/10.21694/2379-1047.21010,2021,article,0,4210241078,33,20
4401797543,1,0,1,2066752129,https://doi.org/10.1093/joc/jqae021,2024,article,0,107737141,31,48
4312479430,1,0,1,2793071066,https://doi.org/10.1007/978-3-031-21743-2_55,2022,book-chapter,0,106296714,17,11
7163690196,1,0,1,4313545395,https://doi.org/10.1016/j.tibtech.2026.05.014,2026,article,0,147849156,13,12
7127427734,1,0,1,2913773162,https://doi.org/10.3389/fpsyg.2026.1724127,2026,article,0,9692511,18,46
7165024578,1,0,1,4313545395,https://doi.org/10.60797/irj.2026.168.25.1,2026,dataset,0,7407050910,,4
2506314549,1,0,1,2066752129,https://doi.org/10.1093/acprof:oso/9780198758839.003.0011,2016,book-chapter,0,,17,232
4410717037,1,0,1,2793071066,https://doi.org/10.1007/s11192-025-05340-z,2025,article,0,148561398,32,77
4376135607,1,0,1,2793071066,https://doi.org/10.11606/t.55.2023.tde-11042023-090221,2023,dissertation,0,,17,246
7129648603,1,0,1,2547045893,https://doi.org/10.1109/iceconf65644.2025.11379460,2025,article,0,,17,13
4200447621,1,0,1,2066752129,https://doi.org/10.29107/rr2021.4.3,2021,article,0,4210239230,14,33
4388267750,1,0,1,2547045893,https://doi.org/10.5753/sbbd_estendido.2023.232874,2023,article,0,,17,42
7125475248,1,0,1,2547045893,https://doi.org/10.1016/j.joi.2026.101772,2026,article,0,205292342,28,53
7160210623,1,0,1,2793071066,https://doi.org/10.3389/frma.2026.1786866,2026,article,0,2596295431,17,106
7163651109,1,0,1,4378980478,https://doi.org/10.1007/s11192-026-05676-0,2026,article,0,148561398,18,32
7133547656,1,0,1,2059615831,https://doi.org/10.1186/s43093-026-00757-1,2026,article,0,2898392467,14,52
4411392749,1,0,1,2066752129,https://doi.org/10.22219/kembara.v10i2.38441,2024,article,0,4210239594,12,35
4205094672,1,0,1,2793071066,https://doi.org/10.1109/bigdata52589.2021.9671315,2021,article,0,4363607718,17,23
4415884474,1,0,1,4378980478,https://doi.org/10.1109/mlsd65526.2025.11220723,2025,article,0,,14,11
3129007466,1,0,1,2913773162,https://doi.org/10.1016/b978-0-12-816720-5.00005-0,2021,book-chapter,0,4306463230,18,141
4391151250,1,0,1,2066752129,https://doi.org/10.21203/rs.3.rs-3876954/v1,2024,preprint,0,4306525896,31,37
4409461341,1,0,1,2793071066,https://doi.org/10.1108/jide-12-2024-0048,2025,article,0,4210206746,14,11
7163176718,1,0,1,2066752129,https://doi.org/10.2139/ssrn.6867201,2026,preprint,0,4210172589,14,71
4409947441,1,0,1,4378980478,https://doi.org/10.1007/978-3-031-84712-7_4,2025,book-chapter,0,4210187487,31,42
4411028931,1,0,1,2793071066,https://doi.org/10.1007/978-3-031-90944-3_17,2025,book-chapter,0,4210172611,33,27
7144246707,1,0,1,2793071066,https://doi.org/10.1186/s12915-026-02583-x,2026,article,0,25903957,13,57
7165744709,1,0,1,4378980478,https://doi.org/10.1002/asi.70083,2026,article,0,4210197613,18,52
4413352108,1,0,1,2913773162,https://doi.org/10.1145/3721975,2025,article,0,103482838,18,22
7164147587,1,0,1,2793071066,https://doi.org/10.1016/j.lisr.2026.101414,2026,article,0,186163925,36,31
3006651485,1,0,1,3123050710,,2020,preprint,0,4306400194,18,27
4397004535,1,0,1,4313545395,https://doi.org/10.1007/978-3-031-56764-3_12,2024,book-chapter,0,4210210291,20,83
4387859915,1,0,1,2793071066,https://doi.org/10.1002/pra2.960,2023,article,0,4393918545,17,10
4205616789,1,0,1,3123050710,https://doi.org/10.3917/afraps.soule.2021.01.0097,2021,book-chapter,0,4306486840,17,38
4249678985,1,0,1,2547045893,https://doi.org/10.1016/b978-0-12-809324-5.23658-4,2019,book-chapter,0,4306463230,32,8
7162294786,1,0,1,2066752129,https://doi.org/10.1016/j.joi.2026.101812,2026,article,0,205292342,18,68
4412044725,1,0,1,2793071066,https://doi.org/10.1007/978-3-031-97635-3_45,2025,book-chapter,0,106296714,31,7
4414101710,1,0,1,4313545395,https://doi.org/10.1016/j.respol.2026.105549,2025,article,0,9731383,20,54
4213381884,1,0,1,2547045893,https://doi.org/10.7287/peerj-cs.182v0.3/reviews/2,2019,peer-review,0,,18,50
4381298195,1,0,1,2303284028,https://doi.org/10.37885/978-65-5360-334-9,2023,book,0,4306486877,33,73
7154360746,1,0,1,2793071066,https://doi.org/10.3390/info17040367,2026,article,0,4210219776,33,49
3200333967,1,0,1,3123050710,https://doi.org/10.52673/18570461.21.2-61.01,2021,article,0,4210193206,18,72
4413283651,1,0,1,4313545395,https://doi.org/10.1007/978-3-031-93623-4_4,2025,book-chapter,0,,14,14
7155162054,1,0,1,2913773162,https://doi.org/10.3389/feduc.2026.1723238,2026,article,0,2596526815,18,33
4417000815,1,0,1,2547045893,https://doi.org/10.1007/s44163-025-00693-z,2025,article,0,4210220416,17,17
4206667247,1,0,1,2547045893,https://doi.org/10.26686/wgtn.17142287,2019,dissertation,0,,20,311
3080224086,1,0,1,2793071066,https://doi.org/10.5194/isprs-archives-xliii-b4-2020-47-2020,2020,article,0,2737215817,33,27
4394627005,1,0,1,2303284028,https://doi.org/10.2139/ssrn.4788339,2024,preprint,0,4210172589,23,54
7162318513,1,0,1,2793071066,https://doi.org/10.1007/978-3-032-23069-0_10,2026,book-chapter,0,,33,110
7141566534,1,0,1,2303284028,https://doi.org/10.1287/orsc.2024.19959,2026,article,0,206124708,14,80
4411930893,1,0,1,4313545395,https://doi.org/10.1186/s13731-025-00541-5,2025,article,0,2764797014,14,154
4411323012,1,0,1,2547045893,https://doi.org/10.1007/978-3-031-96736-8_7,2025,book-chapter,0,,33,13
7147263674,1,0,1,2913773162,https://doi.org/10.1017/9781009699785.013,2026,other,0,,,333
3084125379,1,0,1,2793071066,https://doi.org/10.1101/2020.09.10.291203,2020,preprint,0,4306402567,18,45
3191503661,1,0,1,3123050710,https://doi.org/10.35199/epde.2021.72,2021,article,0,,22,21
7131636659,1,0,1,2793071066,https://doi.org/10.1093/9780191834615.003.0011,2026,book-chapter,0,,13,268
7165040679,1,0,1,4313545395,https://doi.org/10.60797/irj.2026.168.25.4,2026,other,0,7407050910,,4
7138212179,1,0,1,2793071066,https://doi.org/10.53365/nrfhh/215539,2026,article,0,4386622127,11,39
4396876681,1,0,1,4313545395,https://doi.org/10.1007/978-3-031-54700-3_1,2024,book-chapter,0,,23,23
4414266121,1,0,1,4313545395,https://doi.org/10.2139/ssrn.5495380,2025,preprint,0,4210172589,18,61
3037988217,1,0,1,2808505390,https://doi.org/10.48550/arxiv.2006.14609,2020,preprint,0,4306400194,20,17
4415338854,1,0,1,2793071066,https://doi.org/10.2139/ssrn.5626649,2025,preprint,0,4210172589,18,38
3161254113,1,0,1,2793071066,https://doi.org/10.48550/arxiv.2105.05527,2021,preprint,0,4306400194,17,53
7129072314,1,0,1,4313545395,https://doi.org/10.1007/978-3-032-12876-8_1,2026,book-chapter,0,4210169156,22,5
4285326003,1,0,1,2913773162,https://doi.org/10.22452/mjlis.vol26no3.1,2021,article,0,157989772,14,131
4416498905,1,0,1,2793071066,https://doi.org/10.1007/978-3-658-48999-1_8,2025,book-chapter,0,,12,27
7165180854,1,0,1,2066752129,https://doi.org/10.1002/sd.71350,2026,article,0,165666656,22,82
3202578187,1,0,1,2913773162,,2021,preprint,0,4306400194,31,902
4414012600,1,0,1,4313545395,https://doi.org/10.1108/ijopm-10-2024-0859,2025,article,0,164321952,14,78
4415375111,1,0,1,2913773162,https://doi.org/10.1177/01655515251373082,2025,article,0,68913162,18,84
7155205310,1,0,1,2066752129,https://doi.org/10.2139/ssrn.6626703,2026,preprint,0,4210172589,18,40
2802152319,1,0,1,2547045893,https://doi.org/10.1007/978-3-319-91452-7_27,2018,book-chapter,0,106296714,20,31
4412081350,1,0,1,2793071066,https://doi.org/10.1063/5.0276783,2025,article,0,187806540,31,49
7132815124,1,0,1,2793071066,https://doi.org/10.2139/ssrn.6321232,2026,preprint,0,4210172589,18,23
4232050594,1,0,1,2066752129,https://doi.org/10.1093/acprof:oso/9780198758839.003.0001,2016,book-chapter,0,,17,233
7131636808,1,0,1,2793071066,https://doi.org/10.1093/9780191834615.003.0016,2026,book-chapter,0,,20,268
4388544438,1,0,1,2793071066,https://doi.org/10.2139/ssrn.4628636,2023,preprint,0,4210172589,31,38
4385993966,1,0,1,2066752129,https://doi.org/10.1093/acprof:oso/9780198758839.002.0007,2016,book-chapter,0,,17,235
7165870173,1,0,1,4313545395,https://doi.org/10.4467/0023589xkhnt.26.012.23666,2026,article,0,4210172983,33,29
7162437596,1,0,1,4313545395,https://doi.org/10.1016/j.sftr.2026.101937,2026,article,0,4210222494,14,181
7162427463,1,0,1,2793071066,https://doi.org/10.1007/978-3-032-16649-4_10,2026,book-chapter,0,2764461748,18,19
7153625821,1,0,1,2793071066,https://doi.org/10.1007/s11192-026-05611-3,2026,article,0,148561398,18,38
7154852279,1,0,1,2066752129,https://doi.org/10.1007/s11192-026-05609-x,2026,article,0,148561398,18,52
4413900512,1,0,1,2303284028,https://doi.org/10.1111/jpim.70002,2025,article,0,93630570,14,138
4361026820,1,0,1,2793071066,https://doi.org/10.1515/9783839462959-013,2023,book-chapter,0,4306464022,33,41
4389367591,1,0,1,2793071066,https://doi.org/10.1080/08872376.2023.12315899,2023,article,0,4210182936,18,2
4400041300,1,0,1,4313545395,https://doi.org/10.1007/978-3-031-61117-9_9,2024,book-chapter,0,4210177502,17,23
4414363651,1,0,1,2066752129,https://doi.org/10.2208/jscejj.24-00191,2025,article,0,4387286638,18,45
2903009359,1,0,1,2059615831,,2018,article,0,4306401843,20,17
4382519204,1,0,1,2793071066,https://doi.org/10.1007/978-981-99-3925-1_10,2023,book-chapter,0,2764900261,27,117
3084379292,1,0,1,2913773162,https://doi.org/10.1101/2020.09.07.285924,2020,preprint,0,4306402567,13,9
4394626828,1,0,1,2913773162,https://doi.org/10.1007/978-3-031-57860-1_9,2024,book-chapter,0,106296714,17,35
7136892398,1,0,1,2793071066,https://doi.org/10.62154/ajhcer.2026.022.01015,2026,article,0,5407044893,14,63
7140321008,1,0,1,2066752129,https://doi.org/10.1108/s0733-558x20260000102009,2026,book-chapter,0,,23,82
7131645570,1,0,1,2793071066,https://doi.org/10.1093/9780191834615.003.0006,2026,book-chapter,0,,18,268
4408164794,1,0,1,4313545395,https://doi.org/10.1016/j.matt.2024.11.027,2025,article,0,4210178557,25,8
4386752835,1,0,1,4313545395,https://doi.org/10.1007/978-3-031-38989-4_4,2023,book-chapter,0,,33,19
4409634669,1,0,1,4313545395,https://doi.org/10.1007/978-3-031-84636-6_44,2025,book-chapter,0,4210187899,14,13
3074982636,1,0,1,2547045893,https://doi.org/10.48550/arxiv.2008.08743,2020,preprint,0,4306400194,36,29
4404245868,1,0,1,2059615831,https://doi.org/10.1590/1806-9649-2024v31e2524,2024,article,0,4210186494,14,150
4408075249,1,0,1,4313545395,https://doi.org/10.1007/978-3-031-75817-1_2,2025,book-chapter,0,,12,17
4391215820,1,0,1,2059615831,https://doi.org/10.2139/ssrn.4706100,2024,preprint,0,4210172589,20,121
4415144707,1,0,1,3123050710,https://doi.org/10.1007/s11229-025-05249-3,2025,article,0,255146,27,76
4416670793,1,0,1,3123050710,https://doi.org/10.1016/j.chaos.2025.117621,2025,article,0,70718007,31,54
3138058863,1,0,1,2793071066,https://doi.org/10.48550/arxiv.2103.13946,2021,preprint,0,4306400194,31,43
4414700222,1,0,1,2913773162,https://doi.org/10.1016/j.amjsurg.2025.116648,2025,editorial,0,101510409,27,6
4409829580,1,0,1,4313545395,https://doi.org/10.1007/978-3-031-81954-4_12,2025,book-chapter,0,4210181953,36,21
4390475127,1,0,1,2066752129,https://doi.org/10.1007/978-3-031-47335-7_9,2023,book-chapter,0,4210233734,33,35
6977501349,1,0,1,4313545395,https://doi.org/10.6084/m9.figshare.23938579.v1,2023,dataset,0,4377196282,19,24
7164949521,1,0,1,4313545395,https://doi.org/10.1007/978-3-032-25564-8_24,2026,book-chapter,0,,11,37
7131638454,1,0,1,2793071066,https://doi.org/10.1093/9780191834615.003.0019,2026,book-chapter,0,,26,268
7126425213,1,0,1,2913773162,https://doi.org/10.1007/978-3-032-07753-0_1,2026,book-chapter,0,,17,121
4414269735,1,0,1,2793071066,https://doi.org/10.1142/s0219622026500021,2025,article,0,207089700,18,47
7165195509,1,0,1,4378980478,https://doi.org/10.1016/j.joi.2026.101844,2026,article,0,205292342,18,45
6902334327,1,0,1,2808505390,https://doi.org/10.6084/m9.figshare.26722020.v1,2024,article,0,4377196282,17,29
4415332305,1,0,1,2547045893,https://doi.org/10.1038/s41598-026-42911-3,2026,article,0,196734849,26,53
4413474067,1,0,1,4378980478,https://doi.org/10.3724/j.issn.1000-3045.20240226001,2025,article,0,3012767161,18,11
7128918314,1,0,1,2066752129,https://doi.org/10.1007/s44411-026-00507-3,2026,article,0,2756093218,18,37
7123406006,1,0,1,2793071066,https://doi.org/10.21203/rs.3.rs-8428186/v1,2026,preprint,0,4306525896,18,42
7164417899,1,0,1,2793071066,https://doi.org/10.3390/e28060652,2026,article,0,195231649,20,12
2482460551,1,0,1,2066752129,https://doi.org/10.1093/acprof:oso/9780198758839.003.0013,2016,book-chapter,0,,17,233
7117147747,1,0,1,2913773162,https://doi.org/10.1016/j.jik.2025.100929,2025,article,0,2898307581,14,74
7160378594,1,0,1,2793071066,https://doi.org/10.1093/icesjms/fsag067,2026,article,0,200038611,18,55
7131688579,1,0,1,2793071066,https://doi.org/10.1093/9780191834615.002.0005,2026,other,0,,,268
7165359741,1,0,1,2066752129,https://doi.org/10.2139/ssrn.6968390,2026,preprint,0,4210172589,14,23
4413582632,1,0,1,3201257425,https://doi.org/10.64628/aai.4qa3hjvsd,2022,preprint,0,,20,5
4415404459,1,0,1,2066752129,https://doi.org/10.1093/anncom/wlaf020,2025,article,0,2764627845,33,78
7165487861,1,0,1,2913773162,https://doi.org/10.1016/j.strueco.2026.06.015,2026,article,0,67638930,33,47
7165655892,1,0,1,4313545395,https://doi.org/10.1073/pnas.2525310123,2026,article,0,125754415,33,68
7165574445,1,0,1,4313545395,https://doi.org/10.1007/s11192-026-05686-y,2026,article,0,148561398,31,90
7161743610,1,0,1,2066752129,https://doi.org/10.1109/iceit68991.2026.11521627,2026,article,0,,13,13
2966774118,1,0,1,2066752129,https://doi.org/10.5465/ambpp.2019.18636abstract,2019,article,0,4210223487,33,71
7165131801,1,0,1,2913773162,https://doi.org/10.1016/j.strueco.2026.06.011,2026,article,0,67638930,20,69
4414284561,1,0,1,2793071066,https://doi.org/10.1108/978-1-83708-808-920251014,2025,book-chapter,0,,14,39
4417451550,1,0,1,4378980478,https://doi.org/10.1039/d5cp03716f,2025,article,0,181332294,25,33
4408403232,1,0,1,2066752129,https://doi.org/10.1145/3677389.3702491,2024,article,0,,17,9
7125527750,1,0,1,4313545395,https://doi.org/10.21203/rs.3.rs-8017927/v1,2026,preprint,0,4306525896,14,96
4401919091,1,0,1,4313545395,https://doi.org/10.1093/9780197765142.003.0004,2024,book-chapter,0,,32,756
4413803804,1,0,1,2793071066,https://doi.org/10.3389/frai.2025.1667752,2025,article,0,4210197006,27,34
4213070808,1,0,1,2547045893,https://doi.org/10.7287/peerj-cs.182v0.1/reviews/3,2019,peer-review,0,,18,40
7148653415,1,0,1,2547045893,https://doi.org/10.4103/sja.sja_598_25,2026,article,0,59148946,28,44
4416253813,1,0,1,2066752129,https://doi.org/10.1016/j.eswa.2025.130315,2025,article,0,13144211,18,49
4377236657,1,0,1,2066752129,https://doi.org/10.1109/mlbdbi58171.2022.00060,2022,article,0,,17,13
4411842806,1,0,1,2913773162,https://doi.org/10.1017/iop.2025.13,2025,article,0,187239619,27,11
2948497830,1,0,1,2913773162,https://doi.org/10.1161/circresaha.119.315141,2019,article,0,10652568,13,10
3135313012,1,0,1,2913773162,https://doi.org/10.21203/rs.3.rs-250228/v1,2021,preprint,0,4306525896,31,38
7127598054,1,0,1,2793071066,https://doi.org/10.1186/s12888-026-07867-8,2026,article,0,94610253,32,55
7128467213,1,0,1,2066752129,https://doi.org/10.21203/rs.3.rs-8661672/v1,2026,preprint,0,4306525896,14,111
4416270590,1,0,1,2066752129,https://doi.org/10.1007/s11192-025-05464-2,2025,article,0,148561398,17,89
7138921623,1,0,1,2303284028,https://doi.org/10.1002/smj.70076,2026,article,0,102949365,14,81
4407584158,1,0,1,2793071066,https://doi.org/10.21203/rs.3.rs-5673379/v1,2025,preprint,0,4306525896,22,26
7165544963,1,0,1,2793071066,https://doi.org/10.1016/j.marenvres.2026.108220,2026,article,0,205788060,11,77
6939516988,1,0,1,3201257425,https://doi.org/10.6084/m9.figshare.26597207,2024,article,0,4406922384,28,69
4404628528,1,0,1,2793071066,https://doi.org/10.24108/preprints-3113196,2024,preprint,0,,18,50
4416378154,1,0,1,2793071066,https://doi.org/10.18287/2223-9537-2025-15-4-578-597,2025,article,0,4210168728,17,92
4381194499,1,0,1,2066752129,https://doi.org/10.3386/w31346,2023,report,0,2809516038,36,57
3026207604,1,0,1,2793071066,https://doi.org/10.1007/978-3-030-43502-8_1,2020,book-chapter,0,4210228876,32,220
7124833819,1,0,1,2793071066,https://doi.org/10.1177/15554120251413955,2026,article,0,186921036,33,31
6939525356,1,0,1,4313545395,https://doi.org/10.6084/m9.figshare.26113156.v1,2024,dataset,0,4377196282,,75
4399179192,1,0,1,4313545395,https://doi.org/10.1007/978-3-031-55094-2_2,2024,book-chapter,0,,13,25
4406184137,1,0,1,2303284028,https://doi.org/10.12677/ass.2025.141001,2025,article,0,4210180562,14,1
7159858231,1,0,1,4313545395,https://doi.org/10.1186/s12909-026-09311-7,2026,article,0,144187503,27,43
7134185081,1,0,1,2547045893,https://doi.org/10.1016/j.pscychresns.2026.112194,2026,article,0,4210222969,28,29
7165042981,1,0,1,4313545395,https://doi.org/10.60797/irj.2026.168.25.10,2026,other,0,7407050910,,4
6939448974,1,0,1,4313545395,https://doi.org/10.6084/m9.figshare.26113051,2024,other,0,4377196282,,75
4400414363,1,0,1,2793071066,https://doi.org/10.34024/prometeica.2024.30.18843,2024,article,0,4210199945,28,433
7160313369,1,0,1,2913773162,https://doi.org/10.3389/fpsyg.2026.1773669,2026,article,0,9692511,18,37
3045968601,1,0,1,2793071066,https://doi.org/10.3389/frma.2020.600382,2021,preprint,0,2596295431,17,65
7163394976,1,0,1,2793071066,https://doi.org/10.3390/math14111953,2026,article,0,4210192031,18,38
38804613,1,0,1,2793071066,https://doi.org/10.1002/lary.31533,2010,article,0,86387881,11,21
3210881556,1,0,1,2059615831,https://doi.org/10.24018/ejbmr.2021.6.6.1134,2021,article,0,4210208644,14,31
7088181350,1,0,1,2303284028,https://doi.org/10.2139/ssrn.5593060,2025,preprint,0,4210172589,28,47
3170203915,1,0,1,2059615831,https://doi.org/10.14232/phd.10636,2020,dissertation,0,,33,148
4394773660,1,0,1,3123050710,https://doi.org/10.2139/ssrn.4792869,2024,preprint,0,4210172589,17,55
3015961404,1,0,1,2059615831,,2020,preprint,0,4306401271,14,60
4205340798,1,0,1,2066752129,https://doi.org/10.1017/9781108993647.007,2021,book-chapter,0,4306462995,36,893
4391637974,1,0,1,3123050710,https://doi.org/10.1007/978-3-031-46902-2_5,2024,book-chapter,0,4210185832,14,27
7138883339,1,0,1,2793071066,https://doi.org/10.1007/s11192-026-05591-4,2026,article,0,148561398,12,70
7136141990,1,0,1,2303284028,https://doi.org/10.1007/s11192-026-05590-5,2026,article,0,148561398,18,43
4401919375,1,0,1,4313545395,https://doi.org/10.1093/9780197765142.003.0006,2024,book-chapter,0,,32,756
7131415236,1,0,1,2793071066,https://doi.org/10.2139/ssrn.6304757,2026,preprint,0,4210172589,18,20
2623593618,1,0,1,2547045893,https://doi.org/10.4018/ijantti.2016100102,2016,article,0,4210168368,20,56
4413235213,1,0,1,4313545395,https://doi.org/10.32388/qd8ggf,2025,preprint,0,4210177074,18,34
7139099707,1,0,1,2793071066,https://doi.org/10.15517/w7rzkx32,2026,article,0,2738961148,36,44
7165638738,1,0,1,2793071066,https://doi.org/10.3389/feart.2026.1781604,2026,article,0,2595152256,19,77
4401920103,1,0,1,4313545395,https://doi.org/10.1093/9780197765142.003.0008,2024,book-chapter,0,,18,756
4395483025,1,0,1,2303284028,https://doi.org/10.3917/jie.pr1.0158,2023,article,0,141081643,14,62
3164771155,1,0,1,2793071066,,2020,article,0,,18,21
7140359889,1,0,1,2066752129,https://doi.org/10.1093/jeg/lbag020,2026,article,0,46039370,33,64
4405633025,1,0,1,2793071066,https://doi.org/10.1109/mlnlp63328.2024.10800652,2024,article,0,,17,25
4414715415,1,0,1,4313545395,https://doi.org/10.1016/j.xinn.2025.101144,2025,article,0,4210236180,27,4
4412899086,1,0,1,4313545395,https://doi.org/10.2139/ssrn.5370589,2025,preprint,0,4210172589,14,69
2971594963,1,0,1,2059615831,https://doi.org/10.5151/iv-enei-2019-4.4-043,2019,article,0,,20,27
4398133359,1,0,1,2059615831,https://doi.org/10.55905/ijsmtv10n3-016,2024,article,0,2764762183,20,40
4403828616,1,0,1,2793071066,https://doi.org/10.1177/21582440241292722,2024,article,0,148277943,31,52
4292362200,1,0,1,2066752129,https://doi.org/10.1080/10528008.2022.2112903,2022,article,0,67177122,14,52
7161849952,1,0,1,4313545395,https://doi.org/10.1007/s10864-026-09630-1,2026,article,0,90932718,32,70
4212864708,1,0,1,2793071066,https://doi.org/10.2139/ssrn.4002119,2022,article,0,4210172589,18,37
4416331561,1,0,1,2793071066,https://doi.org/10.1080/15265161.2025.2570672,2025,article,0,41709181,20,15
4404444304,1,0,1,2066752129,https://doi.org/10.1177/00113921241292454,2024,article,0,10591207,33,112
4416888444,1,0,1,2066752129,https://doi.org/10.1007/s11192-026-05667-1,2026,preprint,0,148561398,33,80
4399357551,1,0,1,2793071066,https://doi.org/10.1016/j.ydbio.2024.06.001,2024,editorial,0,136634221,18,6
4407808244,1,0,1,2303284028,https://doi.org/10.2139/ssrn.5076659,2025,preprint,0,4210172589,20,104
4392779526,1,0,1,2793071066,https://doi.org/10.36702/zin.925,2023,article,0,4210184811,17,29
7160307459,1,0,1,4313545395,https://doi.org/10.1371/journal.pone.0346056,2026,article,0,202381698,14,80
4411477432,1,0,1,2066752129,https://doi.org/10.4018/ijssmet.381314,2025,article,0,149715497,18,29
4416259048,1,0,1,2913773162,https://doi.org/10.1016/j.joi.2025.101746,2025,article,0,205292342,17,34
3048944698,1,0,1,2547045893,https://doi.org/10.48550/arxiv.2008.05013,2020,preprint,0,4306400194,18,39
2883215910,1,0,1,2547045893,https://doi.org/10.1126/science.aau3997,2018,letter,0,3880285,27,5
4250324445,1,0,1,2066752129,https://doi.org/10.1007/978-3-319-63951-2_215-1,2019,book-chapter,0,,18,13
4224780014,1,0,1,2547045893,https://doi.org/10.1145/3529372.3533283,2022,preprint,0,,18,11
4414434231,1,0,1,2066752129,https://doi.org/10.1111/radm.70012,2025,article,0,43637407,14,114
4367675999,1,0,1,3123050710,https://doi.org/10.5433/1519-5392.2022v22n3p216-239,2023,article,0,4210169478,33,29
6976768598,1,0,1,3201257425,https://doi.org/10.6084/m9.figshare.26597207.v1,2024,article,0,4377196282,28,69
7130327224,1,0,1,2066752129,https://doi.org/10.2139/ssrn.6263108,2026,preprint,0,4210172589,17,9
7117485261,1,0,1,2066752129,https://doi.org/10.51847/0ko2ujnrtc,2025,article,0,5407050694,33,71
4255719973,1,0,1,2066752129,https://doi.org/10.3410/f.734027260.793551733,2018,dataset,0,4363604054,13,76
4404494151,1,0,1,2793071066,https://doi.org/10.4294/zisin.2023-20,2024,article,0,2765014856,23,25
7162314416,1,0,1,2913773162,https://doi.org/10.1007/978-3-032-23385-1_8,2026,book-chapter,0,,33,12
7143466318,1,0,1,4378980478,https://doi.org/10.1371/journal.pone.0345862,2026,article,0,202381698,31,49
7131847066,1,0,1,4313545395,https://doi.org/10.2139/ssrn.6315228,2026,preprint,0,4210172589,14,33
4417359899,1,0,1,4378980478,https://doi.org/10.1038/s43588-025-00935-1,2025,article,0,4210228084,18,3
4412848556,1,0,1,2913773162,https://doi.org/10.1016/j.respol.2025.105296,2025,article,0,9731383,14,37
7138015474,1,0,1,3123050710,https://doi.org/10.63968/post-bio-ai-epistemics.v2n1.015,2026,article,0,5407054264,18,4
3011569577,1,0,1,2059615831,https://doi.org/10.1007/978-981-15-3611-3_10,2020,book-chapter,0,,14,49
4412995111,1,0,1,4313545395,https://doi.org/10.1007/s40547-025-00155-8,2025,article,0,4210191533,17,20
4251577162,1,0,1,2303284028,https://doi.org/10.3410/f.732739703.793563691,2019,dataset,0,4363604054,33,82
6939571061,1,0,1,2913773162,https://doi.org/10.6084/m9.figshare.26692990.v1,2024,article,0,4377196282,11,38
4415107005,1,0,1,2547045893,https://doi.org/10.7554/elife.109042,2025,article,0,1336409049,18,32
3217505726,1,0,1,2066752129,,2021,article,0,,33,24
4387060327,1,0,1,2793071066,https://doi.org/10.3390/publications11040046,2023,article,0,2738007992,18,32
4395004465,1,0,1,4313545395,https://doi.org/10.1186/s13326-024-00304-3,2024,article,0,172276550,17,37
2967611757,1,0,1,2066752129,https://doi.org/10.15804/tner.2015.39.1.01,2015,article,0,128764592,14,10
7163735857,1,0,1,2547045893,https://doi.org/10.1177/17449871261446851,2026,article,0,165636574,29,8
4296986790,1,0,1,2808505390,https://doi.org/10.5753/sbbd_estendido.2022.21841,2022,article,0,,33,15
7131660560,1,0,1,2793071066,https://doi.org/10.1093/9780191834615.003.0014,2026,book-chapter,0,,17,268
7155155143,1,0,1,4378980478,https://doi.org/10.1073/pnas.2523760123,2026,article,0,125754415,33,7
3081345649,1,0,1,2547045893,https://doi.org/10.48550/arxiv.2008.10447,2020,preprint,0,4306400194,18,24
7163360765,1,0,1,4378980478,https://doi.org/10.1109/icoei68323.2026.11541921,2026,article,0,,22,15
7151536948,1,0,1,2913773162,https://doi.org/10.1007/s10664-026-10852-0,2026,article,0,109852484,17,55
7150982695,1,0,1,4313545395,https://doi.org/10.1007/s13194-026-00738-9,2026,article,0,2764495318,12,90
4416251368,1,0,1,2793071066,https://doi.org/10.1109/ijcnn64981.2025.11229150,2025,article,0,,17,28
3217471350,1,0,1,2793071066,https://doi.org/10.48550/arxiv.2111.15635,2021,preprint,0,4306400194,13,26
3040742775,1,0,1,2913773162,https://doi.org/10.23919/eucap48036.2020.9135604,2020,article,0,,22,8
7131648839,1,0,1,2793071066,https://doi.org/10.1093/9780191834615.001.0001,2026,book,0,,18,268
4413374259,1,0,1,2793071066,https://doi.org/10.2139/ssrn.5399959,2025,preprint,0,4210172589,14,117
7130647779,1,0,1,2547045893,https://doi.org/10.3390/app16042085,2026,article,0,4210205812,26,18
4407345245,1,0,1,4313545395,https://doi.org/10.1016/j.ciresp.2024.11.016,2025,article,0,45895958,32,13
7128675145,1,0,1,4313545395,https://doi.org/10.3390/systems14020197,2026,article,0,4210219410,28,58
2794399526,1,0,1,2066752129,https://doi.org/10.1007/s11129-020-09227-6,2020,article,0,4210206015,17,90
4401919075,1,0,1,4313545395,https://doi.org/10.1093/9780197765142.003.0002,2024,book-chapter,0,,32,756
3197167799,1,0,1,2059615831,https://doi.org/10.3390/su13179763,2021,article,0,10134376,14,97
4404678665,1,0,1,2059615831,https://doi.org/10.61435/ijred.2025.60421,2024,article,0,2739193003,20,59
7127400920,1,0,1,2793071066,https://doi.org/10.1093/brain/awag030,2026,article,0,118357697,28,4
4389754074,1,0,1,2793071066,https://doi.org/10.1039/bk9781788012058-00247,2021,book-chapter,0,,23,264
4389692104,1,0,1,2066752129,https://doi.org/10.2139/ssrn.4635609,2023,article,0,4210172589,14,36
4312744962,1,0,1,2913773162,https://doi.org/10.54076/jumpa.v1i2.141,2021,article,0,4210205962,14,21
7165553667,1,0,1,4313545395,https://doi.org/10.1038/s41562-026-02489-2,2026,article,0,2764866340,33,63
4414620297,1,0,1,4313545395,https://doi.org/10.1123/kr.2025-0042,2025,article,0,4210230098,33,89
7152615701,1,0,1,3123050710,https://doi.org/10.2139/ssrn.6552571,2026,preprint,0,4210172589,14,47
4410489069,1,0,1,2547045893,https://doi.org/10.2139/ssrn.5250389,2025,preprint,0,4210172589,33,72
4233401765,1,0,1,2808505390,https://doi.org/10.2139/ssrn.3217131,2018,article,0,4210172589,33,44
4205513891,1,0,1,2066752129,https://doi.org/10.1017/9781108993647.021,2021,other,0,,27,892
4387502534,1,0,1,4313545395,https://doi.org/10.21203/rs.3.rs-3410388/v1,2023,preprint,0,4306525896,32,126
4416840093,1,0,1,2066752129,https://doi.org/10.1007/s11192-025-05474-0,2025,article,0,148561398,18,30
4405371837,1,0,1,2913773162,https://doi.org/10.37394/23208.2024.21.38,2024,article,0,4210192000,17,21
7131648412,1,0,1,2793071066,https://doi.org/10.1093/9780191834615.003.0003,2026,book-chapter,0,,18,268
4322766844,1,0,1,4313545395,https://doi.org/10.1038/s41563-023-01506-3,2023,editorial,0,103895331,20,4
7165929375,1,0,1,2793071066,https://doi.org/10.1007/s11192-026-05688-w,2026,article,0,148561398,20,122
7157158407,1,0,1,3123050710,https://doi.org/10.1017/s1537592725104179,2026,article,0,173657377,33,26
4289532176,1,0,1,2793071066,https://doi.org/10.47612/2791-2841-2022-2-1-15-21,2022,article,0,4387280870,17,2
4386261464,1,0,1,4313545395,https://doi.org/10.30970/pps.2023.48,2023,paratext,0,4210213276,,83
4205117198,1,0,1,2066752129,https://doi.org/10.1017/9781108993647.001,2021,other,0,,36,892
7136031537,1,0,1,4313545395,https://doi.org/10.1016/j.pacfin.2026.103147,2026,article,0,29049940,14,57
4411466641,1,0,1,2793071066,https://doi.org/10.21555/rpc.v7i1.3439,2025,article,0,4210183367,33,22
7163519833,1,0,1,2066752129,https://doi.org/10.2139/ssrn.6881573,2026,preprint,0,4210172589,12,28
4412758202,1,0,1,2793071066,https://doi.org/10.1140/epjds/s13688-025-00574-6,2025,article,0,2504380752,17,61
3013364678,1,0,1,2547045893,https://doi.org/10.21494/iste.op.2020.0490,2020,article,0,4210180893,18,31
4416182254,1,0,1,4313545395,https://doi.org/10.1177/09646639251391427,2025,article,0,206808405,33,77
4367367462,1,0,1,3123050710,https://doi.org/10.55835/643e85e0755416d5f91eca4a,2023,article,0,,18,22
7125446602,1,0,1,2059615831,https://doi.org/10.1016/j.peg.2026.100063,2026,article,0,4387285873,20,67
7114890194,1,0,1,4313545395,https://doi.org/10.59490/mg.223,2025,book,0,,33,157
7118078166,1,0,1,2066752129,https://doi.org/10.1038/s44319-025-00686-0,2026,article,0,57252141,22,10
4408977755,1,0,1,2793071066,https://doi.org/10.1007/978-3-031-82431-9_3,2025,book-chapter,0,2764461748,31,23
4406190608,1,0,1,4313545395,https://doi.org/10.47134/pssh.v2i2.329,2024,article,0,4387292556,12,15
2949724239,1,0,1,3123050710,https://doi.org/10.48550/arxiv.1904.02413,2019,preprint,0,4306400194,31,79
3174508860,1,0,1,2066752129,https://doi.org/10.1145/3448016.3450575,2021,article,0,,17,7
3111030808,1,0,1,2913773162,https://doi.org/10.1080/03036758.2020.1848888,2020,article,0,69248470,19,62
2175820981,1,0,1,2066752129,,2015,dissertation,0,4306401649,20,58
7134193164,1,0,1,2793071066,https://doi.org/10.1016/j.tsc.2026.102197,2026,article,0,42886211,32,89
7134108842,1,0,1,2066752129,https://doi.org/10.2139/ssrn.6362177,2026,preprint,0,4210172589,33,32
7164883576,1,0,1,2066752129,https://doi.org/10.2139/ssrn.6950949,2026,preprint,0,4210172589,22,61
4233675967,1,0,1,3123050710,https://doi.org/10.1017/9781108762519.019,2020,paratext,0,4306462995,14,1034
4414846702,1,0,1,2793071066,https://doi.org/10.2478/jdis-2025-0048,2025,article,0,2764801193,27,78
4206515597,1,0,1,2066752129,https://doi.org/10.1017/9781108993647.012,2021,book-chapter,0,4306462995,36,892
4393956823,1,0,1,2793071066,https://doi.org/10.1145/3644523.3644594,2023,article,0,,17,19
7133997759,1,0,1,4378980478,https://doi.org/10.1186/s12874-026-02818-z,2026,article,0,185874209,27,39
4409256337,1,0,1,2793071066,https://doi.org/10.1007/978-3-031-87654-7_6,2025,book-chapter,0,2764900261,17,28
7161596697,1,0,1,4313545395,https://doi.org/10.1016/j.ipm.2026.104898,2026,article,0,174847851,14,46
7160496001,1,0,1,2793071066,https://doi.org/10.1080/13645579.2026.2668099,2026,article,0,125130336,27,52
4414551639,1,0,1,2793071066,https://doi.org/10.1007/978-3-031-87804-6_16,2025,book-chapter,0,4210173241,33,22
4210346274,1,0,1,2913773162,https://doi.org/10.2139/ssrn.4020739,2022,article,0,4210172589,18,55
7131654495,1,0,1,2793071066,https://doi.org/10.1093/9780191834615.003.0013,2026,book-chapter,0,,26,268
4401919069,1,0,1,4313545395,https://doi.org/10.1093/9780197765142.003.0007,2024,book-chapter,0,,32,756
4413070074,1,0,1,2793071066,https://doi.org/10.1111/1467-9655.14290,2025,article,0,65256140,33,69
4412701332,1,0,1,4313545395,https://doi.org/10.7476/9788574556154.0016,2025,book-chapter,0,,32,8
4412446134,1,0,1,2793071066,https://doi.org/10.1109/tvcg.2025.3589485,2025,article,0,84775595,17,47
6921056709,1,0,1,2913773162,https://doi.org/10.6084/m9.figshare.26624776,2024,article,0,4377196282,18,37
4213003957,1,0,1,2547045893,https://doi.org/10.7287/peerj-cs.182v0.2/reviews/1,2019,peer-review,0,,18,40
2494223371,1,0,1,2066752129,https://doi.org/10.1093/acprof:oso/9780198758839.003.0008,2016,book-chapter,0,,17,233
4210759017,1,0,1,2793071066,https://doi.org/10.1002/essoar.10510355.1,2022,preprint,0,,18,18
7129067539,1,0,1,2066752129,https://doi.org/10.1016/j.socec.2026.102533,2026,article,0,4210233753,33,54
4394788169,1,0,1,2793071066,https://doi.org/10.1007/978-3-031-57515-0_10,2024,book-chapter,0,4210188945,31,12
2976290839,1,0,1,2066752129,https://doi.org/10.1007/978-3-030-28169-4_7,2019,book-chapter,0,4210186863,18,45
3033421853,1,0,1,2066752129,https://doi.org/10.48550/arxiv.2006.02148,2020,preprint,0,4306400194,18,95
4414781871,1,0,1,3123050710,https://doi.org/10.31893/multirev.2026144,2025,article,0,4210226397,14,34
3199643996,1,0,1,2547045893,https://doi.org/10.48550/arxiv.2109.06329,2021,preprint,0,4306400194,17,7
4400774021,1,0,1,2066752129,https://doi.org/10.1093/oxfordhb/9780190933463.013.55,2024,book-chapter,0,4306463708,14,37
7133518106,1,0,1,4313545395,https://doi.org/10.2139/ssrn.6346441,2026,preprint,0,4210172589,14,77
7160605441,1,0,1,4378980478,https://doi.org/10.1016/j.ipm.2026.104882,2026,article,0,174847851,17,98
4229377189,1,0,1,2793071066,https://doi.org/10.30682/tema0801,2022,paratext,0,4210200997,,189
4395018177,1,0,1,4313545395,https://doi.org/10.2139/ssrn.4801493,2024,article,0,4210172589,14,135
6902185149,1,0,1,2808505390,https://doi.org/10.6084/m9.figshare.26722020,2024,article,0,4406922384,17,29
7131674311,1,0,1,2793071066,https://doi.org/10.1093/9780191834615.003.0007,2026,book-chapter,0,,33,268
4403114065,1,0,1,2913773162,https://doi.org/10.59576/sr.1127,2024,report,0,4393919745,22,52
4385977647,1,0,1,2066752129,https://doi.org/10.1093/acprof:oso/9780198758839.002.0009,2016,other,0,,17,235
7161805775,1,0,1,2793071066,https://doi.org/10.1002/mde.70115,2026,article,0,138400101,14,78
4407886115,1,0,1,2913773162,https://doi.org/10.1016/j.dsim.2025.01.007,2024,article,0,4387290350,32,86
4412027278,1,0,1,2066752129,https://doi.org/10.1057/s41599-025-05166-3,2025,article,0,4210206302,33,43
4394823055,1,0,1,4313545395,https://doi.org/10.52534/msu-pp1.2024,2024,paratext,0,4210227438,,334
7153305284,1,0,1,4313545395,https://doi.org/10.1007/978-3-032-22065-3_11,2026,book-chapter,0,2764900261,27,10
7162412745,1,0,1,2913773162,https://doi.org/10.1287/orsc.2025.20570,2026,article,0,206124708,14,44
3099122419,1,0,1,2793071066,https://doi.org/10.1101/2020.11.16.385211,2020,preprint,0,4306402567,18,52
4413612739,1,0,1,2793071066,https://doi.org/10.1145/3720553.3746670,2025,article,0,,33,41
4390699331,1,0,1,3201257425,https://doi.org/10.37567/ijgie.v4i2.2628,2024,article,0,4210224619,28,35
7153807744,1,0,1,2066752129,https://doi.org/10.1145/3772363.3798751,2026,article,0,,17,20
2980275678,1,0,1,2066752129,https://doi.org/10.1093/biolre/ioz189,2019,article,0,130598054,27,5
2952179062,1,0,1,2066752129,https://doi.org/10.48550/arxiv.1807.04115,2018,preprint,0,4306400194,18,35
4233381322,1,0,1,2072576647,https://doi.org/10.1016/b978-0-12-813255-5.00037-5,2019,book-chapter,0,4306463230,23,2474
7163906043,1,0,1,2303284028,https://doi.org/10.1016/j.cie.2026.112176,2026,article,0,196821226,14,44
4390843582,1,0,1,2793071066,https://doi.org/10.2139/ssrn.4694130,2024,preprint,0,4210172589,23,81
4388519907,1,0,1,4313545395,https://doi.org/10.4314/tjs.v49i2.5,2023,article,0,4210234216,20,22
2950140372,1,0,1,2066752129,https://doi.org/10.48550/arxiv.1705.03272,2017,preprint,0,4306400194,18,59
4399922443,1,0,1,2793071066,https://doi.org/10.1007/s13412-024-00936-y,2024,article,0,2764462298,33,83
7164882419,1,0,1,2066752129,https://doi.org/10.1016/j.artmed.2026.103474,2026,article,0,42468263,27,160
4205666156,1,0,1,2066752129,https://doi.org/10.1017/9781108993647.022,2021,book-chapter,0,4306462995,36,892
4416597224,1,0,1,4313545395,https://doi.org/10.3390/su172310507,2025,article,0,10134376,22,92
2753671014,1,0,1,2066752129,https://doi.org/10.1145/3127404.3127459,2017,article,0,,17,2
3212977094,1,0,1,2066752129,https://doi.org/10.48550/arxiv.2003.12303,2020,preprint,0,4306400194,14,108
4390760775,1,0,1,4313545395,https://doi.org/10.1051/aacus/2023067,2024,article,0,4210179158,17,25
4407860021,1,0,1,2913773162,https://doi.org/10.2139/ssrn.5148654,2025,preprint,0,4210172589,18,114
4414092282,1,0,1,2066752129,https://doi.org/10.29333/ijese/16900,2025,article,0,4210236178,18,20
4402129161,1,0,1,2547045893,https://doi.org/10.4103/jras.jras_264_23,2024,article,0,4210239126,18,12
4412976472,1,0,1,2913773162,https://doi.org/10.1139/facets-2024-0224,2025,article,0,4210213787,27,18
4414374974,1,0,1,2793071066,https://doi.org/10.1007/s11192-025-05426-8,2025,article,0,148561398,18,57
3123129248,1,0,1,2066752129,https://doi.org/10.48550/arxiv.1509.01804,2015,article,0,4210172589,18,31
3166380931,1,0,1,2913773162,https://doi.org/10.1097/sap.0000000000002934,2021,article,0,4306525036,14,29
4396712286,1,0,1,2066752129,https://doi.org/10.2139/ssrn.4819399,2024,preprint,0,4210172589,18,90
7165363678,1,0,1,4313545395,https://doi.org/10.1016/j.tibs.2026.05.014,2026,article,0,136233269,36,12
7164049861,1,0,1,3123050710,https://doi.org/10.2139/ssrn.6908773,2026,preprint,0,4210172589,18,74
7156154297,1,0,1,3123050710,https://doi.org/10.1016/j.respol.2026.105514,2026,article,0,9731383,18,62
4392350232,1,0,1,2793071066,https://doi.org/10.4995/thesis/10251/202886,2024,dissertation,0,,14,146
7133298455,1,0,1,2913773162,https://doi.org/10.1038/s41597-026-06920-1,2026,article,0,2607323502,31,57
7131225268,1,0,1,2303284028,https://doi.org/10.2139/ssrn.6297435,2026,preprint,0,4210172589,20,39
3134682621,1,0,1,2793071066,https://doi.org/10.3982/ecta22144,2025,preprint,0,95464858,18,60
4382698535,1,0,1,3123050710,https://doi.org/10.1787/f8314967-de,2023,report,0,,20,48
4386252371,1,0,1,4313545395,https://doi.org/10.1111/1468-4446.13048_5,2023,article,0,173252385,18,11
7154689524,1,0,1,2066752129,https://doi.org/10.2139/ssrn.6599009,2026,preprint,0,4210172589,20,33
2990248242,1,0,1,2913773162,,2019,preprint,0,4306400194,32,51
4412477089,1,0,1,4313545395,https://doi.org/10.1287/orsc.2024.19341,2025,article,0,206124708,14,84
7165663193,1,0,1,2793071066,https://doi.org/10.15198/seeci.2026.59.e954,2026,article,0,4220651262,17,22
4409329865,1,0,1,4378980478,https://doi.org/10.1007/978-3-031-82427-2_13,2025,book-chapter,0,2764461748,18,16
7117159330,1,0,1,2059615831,https://doi.org/10.1080/10438599.2025.2608039,2025,article,0,192056284,20,74
2789709796,1,0,1,2066752129,https://doi.org/10.1016/b978-0-12-809642-0.00007-8,2018,book-chapter,0,4306463230,23,87
7163510779,1,0,1,2793071066,https://doi.org/10.2139/ssrn.6878974,2026,preprint,0,4210172589,17,120
3215793729,1,0,1,2793071066,https://doi.org/10.1038/s41562-021-01201-w,2021,letter,0,2764866340,33,9
4415113653,1,0,1,2793071066,https://doi.org/10.1016/j.eswa.2026.132672,2025,article,0,13144211,33,47
7135055530,1,0,1,2793071066,https://doi.org/10.1177/17470161261420418,2026,article,0,2764801657,18,56
4411842723,1,0,1,3123050710,https://doi.org/10.1017/iop.2025.9,2025,article,0,187239619,22,22
4405015407,1,0,1,2793071066,https://doi.org/10.7759/cureus.75073,2024,editorial,0,2738950867,27,5
2950734133,1,0,1,2066752129,https://doi.org/10.2139/ssrn.3051748,2017,article,0,4210172589,14,89
2883953297,1,0,1,2066752129,https://doi.org/10.1126/science.aau1692,2018,article,0,3880285,33,1
4389961755,1,0,1,2303284028,https://doi.org/10.2139/ssrn.4637268,2023,article,0,4210172589,14,155
4214540466,1,0,1,2793071066,https://doi.org/10.3145/epi.2022.ene.15,2022,article,0,180455664,18,31
4412790281,1,0,1,2793071066,https://doi.org/10.1097/sih.0000000000000876,2025,article,0,2764610068,27,86
4415293548,1,0,1,2793071066,https://doi.org/10.1017/9781009381338.015,2025,other,0,,36,302
4381618264,1,0,1,4313545395,https://doi.org/10.31219/osf.io/jdkau,2023,preprint,0,,31,43
4410092592,1,0,1,4313545395,https://doi.org/10.1080/08841241.2025.2500295,2025,article,0,40814766,14,43
4313270554,1,0,1,2913773162,https://doi.org/10.1371/journal.pone.0278389,2022,article,0,202381698,33,45
6920753037,1,0,1,4313545395,https://doi.org/10.6084/m9.figshare.23938573,2023,article,0,4377196282,13,24
7135064415,1,0,1,2303284028,https://doi.org/10.2139/ssrn.6395126,2026,preprint,0,4210172589,33,47
3216304611,1,0,1,2066752129,https://doi.org/10.48550/arxiv.2111.13251,2021,preprint,0,4306400194,12,31
4387628996,1,0,1,2066752129,https://doi.org/10.1016/j.poetic.2023.101838,2023,article,0,98355519,32,86
4411350655,1,0,1,3201257425,https://doi.org/10.3390/healthcare13121440,2025,article,0,4210214101,12,82
4411437206,1,0,1,4313545395,https://doi.org/10.2139/ssrn.5239489,2025,preprint,0,4210172589,20,45
4380089760,1,0,1,2066752129,https://doi.org/10.31235/osf.io/6jz4y,2023,preprint,0,,12,33
3005432671,1,0,1,2913773162,https://doi.org/10.1109/aict47866.2019.8981798,2019,article,0,,23,17
7127422328,1,0,1,2066752129,https://doi.org/10.1007/s10201-025-00826-4,2026,article,0,148760032,23,62
6902039566,1,0,1,2547045893,https://doi.org/10.6084/m9.figshare.21228715,2022,article,0,4406922384,32,37
4281742585,1,0,1,2913773162,https://doi.org/10.1007/s00106-021-01137-7,2022,review,0,114599316,23,32
7133216779,1,0,1,3123050710,https://doi.org/10.3390/su18052411,2026,article,0,10134376,18,52
7128485627,1,0,1,4313545395,https://doi.org/10.1007/978-981-96-8252-2_7,2026,book-chapter,0,,18,17
4405050779,1,0,1,2913773162,https://doi.org/10.2139/ssrn.5043753,2024,preprint,0,4210172589,27,21
2547209938,1,0,1,2547045893,https://doi.org/10.1038/nature.2016.20926,2016,article,0,137773608,18,1
4367360383,1,0,1,2066752129,https://doi.org/10.2139/ssrn.4420484,2023,article,0,4210172589,14,94
7163698928,1,0,1,2066752129,https://doi.org/10.2139/ssrn.6885267,2026,preprint,0,4210172589,14,60
3188871704,1,0,1,2793071066,https://doi.org/10.48550/arxiv.2108.03381,2021,preprint,0,4306400194,17,71
4400525109,1,0,1,2793071066,https://doi.org/10.1109/tcss.2024.3416837,2024,article,0,2490693980,17,62
4412898910,1,0,1,2913773162,https://doi.org/10.2139/ssrn.5370590,2025,preprint,0,4210172589,18,56
4385993943,1,0,1,2066752129,https://doi.org/10.1093/acprof:oso/9780198758839.002.0006,2016,other,0,,17,235
4403690083,1,0,1,2913773162,https://doi.org/10.1038/s41557-024-01657-z,2024,article,0,202193212,16,5
2345653830,1,0,1,2066752129,https://doi.org/10.2139/ssrn.2740136,2016,article,0,4210172589,12,30
2240236733,1,0,1,2059615831,https://doi.org/10.1109/icnc.2015.7378147,2015,article,0,,14,22
7131678758,1,0,1,2793071066,https://doi.org/10.1093/9780191834615.003.0005,2026,book-chapter,0,,20,268
4409342681,1,0,1,2547045893,https://doi.org/10.1108/idd-02-2024-0031,2025,article,0,4210178187,18,50
4413403063,1,0,1,2913773162,https://doi.org/10.1140/epjds/s13688-025-00577-3,2025,article,0,2504380752,33,75
4365152777,1,0,1,2547045893,https://doi.org/10.4018/978-1-6684-8582-8.ch003,2023,book-chapter,0,4210233398,18,36
7165401917,1,0,1,4313545395,https://doi.org/10.1016/j.jbusres.2026.116357,2026,article,0,93284759,14,49
4394394625,1,0,1,4313545395,https://doi.org/10.6084/m9.figshare.23938579,2023,dataset,0,4406922384,13,24
7153810946,1,0,1,2913773162,https://doi.org/10.1016/j.ins.2026.123485,2026,article,0,192650101,32,41
4415441045,1,0,1,2793071066,https://doi.org/10.1080/09500693.2025.2574520,2025,article,0,54332258,33,43
7118596322,1,0,1,2793071066,https://doi.org/10.31893/multiscience.2026367,2025,article,0,4210191509,33,82
6939952901,1,0,1,2913773162,https://doi.org/10.6084/m9.figshare.26692990,2024,article,0,4377196282,11,38
7163546080,1,0,1,4313545395,https://doi.org/10.1515/jdis-2025-0357,2026,article,0,2764801193,14,60
2939284803,1,0,1,2066752129,,2018,article,0,,22,21
2953171335,1,0,1,2547045893,https://doi.org/10.1016/s0001-4079(19)30404-2,2017,article,0,147980290,36,15
4408403318,1,0,1,2793071066,https://doi.org/10.1145/3677389.3702603,2024,article,0,,33,43
4399232178,1,0,1,2066752129,https://doi.org/10.1016/b978-0-12-811760-6.00024-2,2023,book-chapter,0,4306463230,17,923
6958387226,1,0,1,4313545395,https://doi.org/10.6084/m9.figshare.23938576,2023,article,0,4377196282,17,24
4415714657,1,0,1,2303284028,https://doi.org/10.1016/j.technovation.2025.103403,2025,article,0,70698675,14,57
4413780458,1,0,1,2059615831,https://doi.org/10.2139/ssrn.5413489,2025,preprint,0,4210172589,17,47
4410358691,1,0,1,4313545395,https://doi.org/10.1109/access.2025.3570100,2025,article,0,2485537415,14,41
7147178907,1,0,1,2066752129,https://doi.org/10.1080/21681376.2026.2646099,2026,article,0,2764536234,20,69
