cand,n_seeds,n_back,n_fwd,seed_ids,doi,publication_year,type,cited_by_count,source_id,field_id,n_refs,title
1965631677,9,9,0,"2303284028,2547045893,2066752129,3201257425,2913773162,2808505390,2793071066,4378980478,4313545395",https://doi.org/10.1126/science.1136099,2007,article,3621,3880285.0,14.0,19,The Increasing Dominance of Teams in Production of Knowledge
4379016496,9,1,9,"2066752129,2303284028,2547045893,2793071066,2808505390,2913773162,3201257425,4378980478,3123050710",https://doi.org/10.1038/s41562-023-01562-4,2023,review,106,2764866340.0,18.0,262,"Data, measurement and empirical methods in the science of science"
4401547570,9,0,9,"2066752129,2303284028,2547045893,2793071066,2808505390,2913773162,3201257425,4313545395,3123050710",https://doi.org/10.1016/j.respol.2024.105081,2024,article,8,9731383.0,27.0,91,Motivating innovation: The impact of prestigious talent funding on junior scientists
4408969437,9,0,9,"2066752129,2303284028,2547045893,2793071066,2808505390,2913773162,3201257425,4313545395,3123050710",https://doi.org/10.1038/s41598-025-95264-8,2025,article,0,196734849.0,18.0,62,Quantifying the dynamics of peak disruption in scientific careers
4378980478,8,1,8,"2793071066,2808505390,2913773162,4378980478,2066752129,2303284028,2547045893,3201257425",https://doi.org/10.1038/s41597-023-02198-9,2023,article,116,2607323502.0,18.0,124,SciSciNet: A large-scale open data lake for the science of science research
4397001202,8,0,8,"4313545395,4378980478,2913773162,2793071066,2808505390,2066752129,2303284028,2547045893",https://doi.org/10.1073/pnas.2322462121,2024,article,19,125754415.0,18.0,45,Productive scientists are associated with lower disruption in scientific publishing
4367833763,8,1,7,"4378980478,4313545395,2793071066,2808505390,2913773162,2303284028,2547045893,2066752129",https://doi.org/10.1162/qss_a_00260,2023,article,16,4210195326.0,18.0,61,Reproducible science of science at scale: pySciSci
4409170445,8,0,8,"4313545395,2913773162,3201257425,2793071066,2808505390,2066752129,2303284028,2547045893",https://doi.org/10.1016/j.ipm.2025.104171,2025,article,9,174847851.0,18.0,60,Unraveling topic switching and innovation in science
4399187919,8,0,8,"2066752129,3123050710,4378980478,4313545395,2303284028,2547045893,2913773162,2793071066",https://doi.org/10.1177/01655515241244462,2024,article,6,68913162.0,18.0,64,Revisiting delayed recognition in science: A large-scale and comprehensive study
4413806180,8,0,8,"4313545395,3123050710,2913773162,2793071066,2808505390,2066752129,2303284028,2547045893",https://doi.org/10.1057/s41599-025-05701-2,2025,article,0,4210206302.0,18.0,59,Hot streaks and disruptiveness in the career of scientists: is there an association between both phenomena?
4411162844,8,0,8,"3201257425,2303284028,2547045893,4313545395,2066752129,2793071066,2808505390,2913773162",https://doi.org/10.1016/j.joi.2025.101688,2025,article,0,205292342.0,18.0,50,Quantifying delayed recognition of scientists
2066752129,7,7,0,"4378980478,3123050710,4313545395,2808505390,2793071066,3201257425,2913773162",https://doi.org/10.1126/science.1240474,2013,article,1417,3880285.0,18.0,27,Atypical Combinations and Scientific Impact
3124253902,7,7,0,"2066752129,2808505390,2793071066,2913773162,3201257425,4313545395,4378980478",https://doi.org/10.1111/j.1467-937x.2008.00531.x,2008,article,1041,88935262.0,20.0,38,The Burden of Knowledge and the “Death of the Renaissance Man”: Is Innovation Getting Harder?
2936399355,7,2,5,"2547045893,4313545395,4378980478,2066752129,2793071066,2808505390,2913773162",https://doi.org/10.1038/s41597-019-0033-6,2019,article,82,2607323502.0,18.0,54,A dataset of publication records for Nobel laureates
4381432765,7,0,7,"2303284028,2547045893,2066752129,2913773162,2793071066,2808505390,4313545395",https://doi.org/10.1016/j.ipm.2023.103420,2023,article,35,174847851.0,18.0,78,From consolidation to disruption: A novel way to measure the impact of scientists and identify laureates
4318594095,7,0,7,"2066752129,3123050710,2303284028,2547045893,2913773162,2793071066,2808505390",https://doi.org/10.1007/s11192-023-04635-3,2023,article,22,148561398.0,18.0,115,The effect of structural holes on producing novel and disruptive research in physics
4401241097,7,0,7,"2303284028,2547045893,4313545395,3123050710,4378980478,2793071066,2913773162",https://doi.org/10.1002/asi.24947,2024,article,20,4210197613.0,18.0,50,Are disruptive papers more likely to impact technology and society?
4389321424,7,0,7,"2913773162,2793071066,4313545395,2303284028,2066752129,3123050710,4378980478",https://doi.org/10.1016/j.joi.2023.101480,2023,article,18,205292342.0,18.0,77,Unveiling the impact and dual innovation of funded research
4396534991,7,0,7,"4313545395,4378980478,2913773162,3201257425,2793071066,2808505390,2547045893",https://doi.org/10.1007/s11192-024-04987-4,2024,article,18,148561398.0,32.0,94,Unveiling the dynamics of team age structure and its impact on scientific innovation
4390645192,7,0,7,"4313545395,3123050710,3201257425,2808505390,2066752129,2303284028,2547045893",https://doi.org/10.1016/j.joi.2024.101492,2024,article,16,205292342.0,18.0,96,"Exploration, exploitation and funding success: Evidence from junior scientists supported by the Chinese Young Scientists Fund"
4406854761,7,0,7,"2066752129,2303284028,2547045893,2913773162,4313545395,3123050710,4378980478",https://doi.org/10.1007/s11192-025-05234-0,2025,review,16,148561398.0,18.0,77,A review on the novelty measurements of academic papers
4412570109,7,0,7,"2793071066,2808505390,2547045893,2066752129,3123050710,4378980478,3201257425",https://doi.org/10.1073/pnas.2500322122,2025,article,8,125754415.0,18.0,70,Tenure and research trajectories
4401322032,7,0,7,"2913773162,2793071066,4313545395,2303284028,2066752129,3123050710,4378980478",https://doi.org/10.1016/j.ipm.2024.103863,2024,article,5,174847851.0,31.0,57,A framework for predicting scientific disruption based on graph signal processing
4413808155,7,0,7,"4313545395,4378980478,2913773162,2793071066,2066752129,2303284028,2547045893",https://doi.org/10.1002/asi.70021,2025,article,3,4210197613.0,31.0,99,Quantifying spatial–temporal citation diffusion of individual papers in knowledge space
4416810596,7,0,7,"2066752129,3123050710,4378980478,4313545395,2303284028,2913773162,2793071066",https://doi.org/10.1002/asi.70043,2025,article,2,4210197613.0,27.0,64,Artificial intelligence use and scientific innovation
4413935428,7,0,7,"2303284028,2547045893,2066752129,2913773162,2793071066,3123050710,4313545395",https://doi.org/10.1016/j.ipm.2025.104382,2025,article,0,174847851.0,18.0,50,The innovator's balance between academic social capital and disruptive innovation
2124689612,6,6,0,"2547045893,4313545395,4378980478,2808505390,2793071066,2913773162",https://doi.org/10.1126/science.1237825,2013,article,873,3880285.0,18.0,58,Quantifying Long-Term Scientific Impact
3149363172,6,1,5,"2913773162,2793071066,2303284028,2547045893,2066752129,3201257425",https://doi.org/10.1038/s41562-021-01084-x,2021,article,103,2764866340.0,18.0,45,Fresh teams are associated with original and multidisciplinary research
3201257425,6,1,5,"2913773162,2793071066,2808505390,2547045893,2066752129,4378980478",https://doi.org/10.1038/s41467-021-25477-8,2021,article,79,4306400194.0,32.0,76,"Understanding the onset of hot streaks across artistic, cultural, and scientific careers"
4290725181,6,0,6,"2793071066,2808505390,3201257425,2913773162,2547045893,2066752129",https://doi.org/10.1073/pnas.2207436119,2022,article,47,125754415.0,31.0,40,Impactful scientists have higher tendency to involve collaborators in new topics
3214365005,6,0,6,"2066752129,2303284028,2547045893,2793071066,2808505390,2913773162",https://doi.org/10.1016/j.joi.2022.101290,2022,article,37,205292342.0,18.0,182,Metrics and mechanisms: Measuring the unmeasurable in the science of science
4375840565,6,0,6,"2793071066,2913773162,3123050710,2066752129,2303284028,4313545395",https://doi.org/10.1016/j.joi.2023.101411,2023,article,29,205292342.0,31.0,50,Disruptive coefficient and 2-step disruptive coefficient: Novel measures for identifying vital nodes in complex networks
4389703715,6,0,6,"2303284028,2066752129,2913773162,2793071066,3123050710,4313545395",https://doi.org/10.1007/s11192-023-04889-x,2023,article,23,148561398.0,18.0,68,Rescaling the disruption index reveals the universality of disruption distributions in science
4411980088,6,0,6,"2793071066,2913773162,3123050710,2066752129,2303284028,4313545395",https://doi.org/10.1016/j.respol.2025.105295,2025,article,20,9731383.0,18.0,64,Text vs. citations: A comparative analysis of breakthrough and disruption metrics in patent innovation
4401358970,6,0,6,"2303284028,2547045893,4313545395,2066752129,2793071066,2913773162",https://doi.org/10.1162/qss_a_00323,2024,article,10,4210195326.0,31.0,72,Dynamic patterns of the disruptive and consolidating knowledge flows in Nobel-winning scientific breakthroughs
4391955679,6,0,6,"4313545395,2303284028,2547045893,2913773162,2793071066,2808505390",https://doi.org/10.1140/epjds/s13688-024-00451-8,2024,article,10,2504380752.0,33.0,72,Charting mobility patterns in the scientific knowledge landscape
4284886732,6,0,6,"2913773162,3201257425,2793071066,2808505390,2066752129,2547045893",https://doi.org/10.1038/s41598-022-15724-3,2022,article,7,196734849.0,17.0,55,Patterns of interest change in stack overflow
4410521329,6,0,6,"4313545395,4378980478,2913773162,2066752129,2303284028,2547045893",https://doi.org/10.1038/s43588-025-00808-7,2025,article,7,4210228084.0,18.0,40,The critical role of persistent disruption in advancing science
3046545064,6,0,6,"2303284028,2547045893,2066752129,2913773162,2808505390,3123050710",https://doi.org/10.1145/3383583.3398500,2020,article,6,,17.0,378,The Science of Science
4405616180,6,0,6,"2066752129,3123050710,4313545395,2303284028,2913773162,2793071066",https://doi.org/10.1371/journal.pone.0313268,2024,article,5,202381698.0,18.0,72,Breaking down the relationship between disruption scores and citation counts
4407630774,6,0,6,"4313545395,3123050710,4378980478,2066752129,2793071066,2913773162",https://doi.org/10.1016/j.ipm.2025.104100,2025,article,5,174847851.0,18.0,67,Unveiling citation peaks: How innovation faces delayed recognition in science
4410867941,6,0,6,"4313545395,3123050710,2913773162,2793071066,2066752129,2303284028",https://doi.org/10.2478/jdis-2025-0029,2025,article,5,2764801193.0,18.0,41,Beyond surface correlations: Reference behavior mediates the disruptiveness-citation relationship
4408730777,6,0,6,"2066752129,2303284028,2547045893,2793071066,2913773162,3201257425",https://doi.org/10.1016/j.joi.2025.101657,2025,article,1,205292342.0,18.0,92,Researching deeply or broadly? The effects of scientists’ research strategies on disruptive performance over their careers
7127057942,6,0,6,"2066752129,2547045893,2793071066,2808505390,2913773162,4313545395",https://doi.org/10.1007/s11192-025-05503-y,2026,article,1,148561398.0,18.0,45,Predictable serendipity: how new tools turn serendipity into systematic breakthroughs
4416412425,6,0,6,"3201257425,2303284028,2547045893,4378980478,2066752129,2793071066",https://doi.org/10.1016/j.dsim.2025.11.003,2025,article,0,4387290350.0,18.0,48,Beyond productivity gaps: Temporal patterns of gender differences in scientific knowledge creation
7164852245,6,0,6,"2913773162,3201257425,2793071066,2808505390,2066752129,2547045893",https://doi.org/10.1038/s44260-026-00081-3,2026,article,0,5407025833.0,18.0,61,"Team careers in science: formation, composition and success of persistent collaborations"
6977030425,6,0,6,"2303284028,2547045893,2793071066,2808505390,2913773162,4313545395",https://doi.org/10.6084/m9.figshare.26683300.v1,2024,article,0,4377196282.0,33.0,58,
7118884143,6,0,6,"2913773162,2793071066,2808505390,2547045893,2066752129,4378980478",https://doi.org/10.1007/978-3-032-07781-3_6,2026,book-chapter,0,4210171903.0,18.0,78,The Interdisciplinary Coordinated Development Between the Science and Technology Study and the Higher Education Research: Possibility and Reality
7140103820,6,0,6,"2066752129,4378980478,4313545395,2303284028,2913773162,2793071066",https://doi.org/10.1007/s11192-026-05600-6,2026,article,0,148561398.0,18.0,53,Does SSH–STEM interdisciplinarity promote scientific disruption?
6976813744,6,0,6,"2303284028,2547045893,2913773162,2793071066,2808505390,4313545395",https://doi.org/10.6084/m9.figshare.26683300,2024,article,0,4406922384.0,33.0,58,
4416810217,6,0,6,"2913773162,2808505390,2303284028,2066752129,3123050710,4378980478",https://doi.org/10.1093/reseval/rvaf055,2024,article,0,16793705.0,18.0,60,Beyond rankings: a critical examination of bibliometric indicators in national research assessment
4380592195,6,0,6,"2066752129,2303284028,2913773162,4313545395,3123050710,4378980478",https://doi.org/10.2139/ssrn.4478791,2023,preprint,0,4210172589.0,18.0,89,"Science of Public Recognition and Benefits (Sprb): Team, Impact, Novelty, and Disruption"
4221161647,6,0,6,"2303284028,2547045893,2066752129,2913773162,2793071066,2808505390",https://doi.org/10.1162/qss_a_00186,2022,article,0,4210195326.0,18.0,50,See further upon the giants: Quantifying intellectual lineage in science
2100390860,5,5,0,"3201257425,2066752129,3123050710,4313545395,2303284028",https://doi.org/10.1287/mnsc.47.1.117.10671,2001,article,2801,33323087.0,18.0,72,Recombinant Uncertainty in Technological Search
2793071066,5,3,2,"2066752129,2547045893,2808505390,3201257425,4378980478",https://doi.org/10.1126/science.aao0185,2018,review,1380,3880285.0,18.0,117,Science of science
2913773162,5,3,2,"4313545395,4378980478,3201257425,2066752129,2303284028",https://doi.org/10.1038/s41586-019-0941-9,2019,article,1023,137773608.0,18.0,42,Large teams develop and small teams disrupt science and technology
2096523843,5,5,0,"2066752129,4378980478,4313545395,2547045893,2913773162",https://doi.org/10.1126/science.1158357,2008,article,795,3880285.0,18.0,14,"Multi-University Research Teams: Shifting Impact, Geography, and Stratification in Science"
2158550208,5,5,0,"2547045893,2066752129,2793071066,3123050710,4313545395",https://doi.org/10.1111/j.1756-2171.2011.00140.x,2011,article,654,34139249.0,18.0,45,Incentives and creativity: evidence from the academic life sciences
2171817276,5,4,1,"2066752129,2913773162,2808505390,2793071066,4378980478",https://doi.org/10.1073/pnas.1424329112,2015,article,419,125754415.0,31.0,77,Defining and identifying Sleeping Beauties in science
2808505390,5,2,3,"2066752129,2547045893,2793071066,3201257425,4378980478",https://doi.org/10.1038/s41586-018-0315-8,2018,article,197,137773608.0,20.0,86,"Hot streaks in artistic, cultural, and scientific careers"
2977412048,5,1,4,"2066752129,4378980478,2547045893,2793071066,2808505390",https://doi.org/10.1038/s41467-019-12189-3,2019,article,102,64187185.0,27.0,69,Early-career setback and future career impact
2990160624,5,1,4,"2913773162,3123050710,2066752129,2303284028,4313545395",https://doi.org/10.1162/qss_a_00068,2020,article,89,4210195326.0,18.0,43,Are disruption index indicators convergently valid? The comparison of several indicator variants with assessments by peers
4388797015,5,0,5,"4313545395,3123050710,2913773162,2066752129,2303284028",https://doi.org/10.1007/s11192-023-04873-5,2023,article,67,148561398.0,18.0,82,What do we know about the disruption index in scientometrics? An overview of the literature
4303449333,5,0,5,"2793071066,2913773162,3123050710,2066752129,2303284028",https://doi.org/10.1002/asi.24719,2022,article,52,4210197613.0,18.0,40,Quantifying scientific breakthroughs by a novel disruption indicator based on knowledge entities
4376505099,5,0,5,"2913773162,3123050710,2066752129,2303284028,4313545395",https://doi.org/10.1177/00031224231168074,2023,article,48,157620343.0,18.0,106,What Types of Novelty Are Most Disruptive?
4313530501,5,0,5,"3123050710,2913773162,2303284028,2547045893,2066752129",https://doi.org/10.1016/j.ipm.2022.103252,2023,article,35,174847851.0,18.0,101,Quantifying revolutionary discoveries: Evidence from Nobel prize-winning papers
4309583152,5,0,5,"2793071066,2913773162,3123050710,2066752129,2303284028",https://doi.org/10.1002/asi.24725,2022,article,31,4210197613.0,18.0,57,Bias against scientific novelty: A prepublication perspective
4301180256,5,0,5,"3201257425,2066752129,2793071066,2808505390,2913773162",https://doi.org/10.1016/j.joi.2022.101337,2022,article,29,205292342.0,18.0,133,Team formation and team impact: The balance between team freshness and repeat collaboration
4402483649,5,0,5,"2793071066,2913773162,3123050710,2066752129,2303284028",https://doi.org/10.1016/j.joi.2024.101587,2024,article,25,205292342.0,18.0,58,An effective framework for measuring the novelty of scientific articles through integrated topic modeling and cloud model
4392023274,5,0,5,"4313545395,4378980478,2913773162,2066752129,2303284028",https://doi.org/10.1016/j.joi.2024.101520,2024,article,20,205292342.0,33.0,100,Impact of gender composition of academic teams on disruptive output
3123684900,5,0,5,"2547045893,2066752129,2793071066,2808505390,3123050710",https://doi.org/10.2139/ssrn.3353841,2019,article,16,4210172589.0,33.0,90,Early-Career Setback and Future Career Impact
4386525060,5,0,5,"2066752129,3123050710,4313545395,2303284028,2913773162",https://doi.org/10.1016/j.joi.2023.101451,2023,article,14,205292342.0,18.0,47,Unpacking the essential tension of knowledge recombination: Analyzing the impact of knowledge spanning on citation impact and disruptive innovation
4401473531,5,0,5,"4313545395,3123050710,2913773162,2066752129,2303284028",https://doi.org/10.1007/s11192-024-05126-9,2024,article,12,148561398.0,14.0,78,"Does science disrupt technology? Examining science intensity, novelty, and recency through patent-paper citations in the pharmaceutical field"
3134958513,5,0,5,"2913773162,2793071066,2808505390,2547045893,2066752129",https://doi.org/10.1038/s41467-021-25477-8,2021,preprint,11,64187185.0,28.0,65,"Understanding the onset of hot streaks across artistic, cultural, and scientific careers"
4401525538,5,0,5,"2913773162,2793071066,4313545395,2547045893,2066752129",https://doi.org/10.1016/j.heliyon.2024.e36066,2024,article,11,2898612692.0,18.0,134,Science of science: A multidisciplinary field studying science
4391019454,5,0,5,"2793071066,2808505390,2913773162,2547045893,2066752129",https://doi.org/10.1016/j.techfore.2024.123208,2024,article,10,39307421.0,14.0,118,Citations or dollars? Early signals of a firm’s research success
4402526665,5,0,5,"2066752129,4378980478,4313545395,2303284028,2913773162",https://doi.org/10.1007/s11192-024-05134-9,2024,article,10,148561398.0,14.0,133,Measurement of disruptive innovation and its validity based on improved disruption index
4386983354,5,0,5,"2303284028,2547045893,2066752129,2793071066,4313545395",https://doi.org/10.1016/j.joi.2023.101456,2023,article,7,205292342.0,18.0,86,"The k-step h-index in citation networks at the paper, author, and institution levels"
4399611671,5,0,5,"2913773162,2793071066,4313545395,2303284028,4378980478",https://doi.org/10.1016/j.joi.2024.101549,2024,article,6,205292342.0,33.0,36,"Overcoming recognition delays in disruptive research: The impact of team size, familiarity, and reputation"
4385644490,5,0,5,"3123050710,4313545395,2913773162,2303284028,2066752129",https://doi.org/10.48550/arxiv.2308.02383,2023,preprint,6,4306400194.0,18.0,77,What do we know about the disruption index in scientometrics? An overview of the literature
4404301261,5,0,5,"2547045893,2066752129,2913773162,2793071066,4313545395",https://doi.org/10.1093/9780198937401.001.0001,2024,book,5,,12.0,222,Science of Science
4403682064,5,0,5,"4313545395,2913773162,2793071066,2066752129,2303284028",https://doi.org/10.1162/qss_a_00335,2024,article,5,4210195326.0,27.0,62,Female-led teams produce more innovative ideas yet receive less scientific impact
4408129230,5,0,5,"3201257425,2913773162,2793071066,2808505390,4378980478",https://doi.org/10.1057/s41599-025-04617-1,2025,article,5,4210206302.0,18.0,96,Evolution and impact of the science of science: from theoretical analysis to digital-AI driven research
4411660041,5,0,5,"2066752129,4313545395,2303284028,2913773162,2793071066",https://doi.org/10.1177/01655515251330614,2025,article,4,68913162.0,18.0,41,Understanding the relationship between interdisciplinary knowledge and disruption in science
4413809072,5,0,5,"2303284028,4313545395,2793071066,2808505390,2913773162",https://doi.org/10.1002/asi.70023,2025,article,3,4210197613.0,18.0,39,Quantifying the dynamics of research teams' academic diversity
4404301300,5,0,5,"2066752129,4313545395,2547045893,2913773162,2793071066",https://doi.org/10.1093/9780198937401.003.0013,2024,book-chapter,3,,18.0,222,Computer Science of Science
4409828432,5,0,5,"2913773162,3123050710,4378980478,2066752129,2303284028",https://doi.org/10.1007/s11192-025-05295-1,2025,article,3,148561398.0,20.0,89,The influence of grant renewal on research content: evidence from NIH-funded PIs
4402814566,5,0,5,"2913773162,2793071066,4313545395,2303284028,2066752129",https://doi.org/10.1016/j.joi.2024.101594,2024,article,3,205292342.0,18.0,57,On the temporal diversity of knowledge in science
4399284318,5,0,5,"2303284028,2913773162,3123050710,4378980478,4313545395",https://doi.org/10.3390/math12111741,2024,article,2,4210192031.0,31.0,57,Predicting Scientific Breakthroughs Based on Structural Dynamic of Citation Cascades
4416839398,5,0,5,"3123050710,4378980478,2913773162,2066752129,2303284028",https://doi.org/10.1007/s11192-025-05497-7,2025,article,2,148561398.0,18.0,103,Interpretable XGBoost-SHAP machine learning model for identifying scientific breakthroughs
7147612290,5,0,5,"2303284028,2066752129,2913773162,2793071066,4313545395",https://doi.org/10.1126/sciadv.adx3420,2026,article,2,2737427234.0,33.0,114,Uncovering simultaneous breakthroughs with a robust measure of disruptiveness
4393241776,5,0,5,"4378980478,2808505390,2913773162,2303284028,2066752129",https://doi.org/10.2139/ssrn.4749118,2024,article,2,4210172589.0,18.0,43,The Philosopher’s Stone for Science – The Catalytic Role of AI for Scientific Creativity
4402372022,5,0,5,"2913773162,3123050710,2066752129,2303284028,4313545395",https://doi.org/10.1016/j.joi.2024.101584,2024,article,1,205292342.0,14.0,70,Exploring the potential of disruptive innovation in the social sciences: A quantitative study of its impact on societal visibility
4411754096,5,0,5,"4313545395,3123050710,2913773162,2066752129,2303284028",https://doi.org/10.1093/reseval/rvaf026,2024,article,1,16793705.0,18.0,92,From disruptive to consolidating: the role of declining journal impact factors quartiles in shaping research innovation
4404301232,5,0,5,"4313545395,2913773162,2793071066,2066752129,2547045893",https://doi.org/10.1093/9780198937401.003.0009,2024,book-chapter,1,,12.0,222,History of Science
4404301267,5,0,5,"2066752129,4313545395,2547045893,2913773162,2793071066",https://doi.org/10.1093/9780198937401.003.0005,2024,book-chapter,1,,12.0,222,Cognitive Science of Science
4413242487,5,0,5,"2303284028,3123050710,4378980478,2066752129,2913773162",https://doi.org/10.1016/j.joi.2025.101710,2025,article,1,205292342.0,18.0,71,Do novel papers attract more social attention?
4411326205,5,0,5,"2913773162,4313545395,2303284028,2066752129,4378980478",https://doi.org/10.1080/19761597.2025.2518526,2025,article,1,116778711.0,33.0,67,The moderating role of knowledge disruption in knowledge flow across cognitive distances
3190677640,5,0,5,"2547045893,2066752129,2793071066,2808505390,2913773162",https://doi.org/10.21203/rs.3.rs-1068232/v1,2021,preprint,1,4306525896.0,18.0,81,Citations or dollars? Early signals of a firm's research success
4413963722,5,0,5,"4313545395,4378980478,2913773162,2793071066,2303284028",https://doi.org/10.1016/j.joi.2025.101723,2025,article,1,205292342.0,18.0,72,The increasing dominance of repeated citations from collaborative research groups in science
4414998955,5,0,5,"2303284028,2066752129,2913773162,3123050710,4378980478",https://doi.org/10.1016/j.joi.2025.101734,2025,article,1,205292342.0,18.0,44,"Unfinished grants, unending progress: The impact of unfinished research grants on scientific innovation"
4404301285,5,0,5,"2793071066,2913773162,2066752129,2547045893,4313545395",https://doi.org/10.1093/9780198937401.003.0001,2024,book-chapter,1,,12.0,222,Introduction
4404301253,5,0,5,"2066752129,4313545395,2547045893,2913773162,2793071066",https://doi.org/10.1093/9780198937401.003.0016,2024,book-chapter,0,,33.0,222,Linguistics of Science
4415129172,5,0,5,"4378980478,4313545395,2793071066,2913773162,2303284028",https://doi.org/10.1007/s11192-025-05424-w,2025,article,0,148561398.0,17.0,39,Standing on the shoulder of data: data-driven research boosts scientific innovation
7124904280,5,0,5,"4313545395,2793071066,2913773162,2303284028,2066752129",https://doi.org/10.1016/j.ipm.2026.104634,2026,article,0,174847851.0,18.0,88,Neural embeddings of collaboration networks predict citation impact and innovation
4404301271,5,0,5,"2547045893,4313545395,2066752129,2793071066,2913773162",https://doi.org/10.1093/9780198937401.003.0002,2024,book-chapter,0,,12.0,222,Describing Science of Science
4404301235,5,0,5,"4313545395,2913773162,2793071066,2066752129,2547045893",https://doi.org/10.1093/9780198937401.003.0007,2024,book-chapter,0,,12.0,222,Sociology of Science
4404301256,5,0,5,"4313545395,2793071066,2913773162,2547045893,2066752129",https://doi.org/10.1093/9780198937401.003.0021,2024,book-chapter,0,,12.0,222,The Limits of Science: Expanding the Limits by Expanding Our Methodological Toolbox
4415427308,5,0,5,"2303284028,2066752129,2913773162,2793071066,4313545395",https://doi.org/10.1057/s41599-025-05887-5,2025,article,0,4210206302.0,18.0,41,Repeat collaboration and scientific innovation: evidence from dynamic ego networks of Nobel laureates
4404301231,5,0,5,"2913773162,2793071066,4313545395,2547045893,2066752129",https://doi.org/10.1093/9780198937401.003.0003,2024,book-chapter,0,,12.0,222,Biology of Science
4404301322,5,0,5,"4313545395,2913773162,2793071066,2066752129,2547045893",https://doi.org/10.1093/9780198937401.003.0004,2024,book-chapter,0,,17.0,222,Archaeology of Science
7154971465,5,0,5,"2913773162,2793071066,4313545395,2547045893,2066752129",https://doi.org/10.1057/s41599-026-06865-1,2026,article,0,4210206302.0,27.0,57,New tools drive scientific discovery: evidence from all nobel-prize and major non-nobel breakthroughs
4404301245,5,0,5,"2066752129,2547045893,2793071066,2913773162,4313545395",https://doi.org/10.1093/9780198937401.003.0018,2024,book-chapter,0,,12.0,222,Science of Science: An Integrated Field Grounded in the New-Methods-Drive-Science Theory
4400075051,5,0,5,"2303284028,2066752129,2913773162,3123050710,4313545395",https://doi.org/10.1007/s11192-024-05071-7,2024,article,0,148561398.0,14.0,33,A validation test of the Uzzi et al. novelty measure of innovation and applications to collaboration patterns between institutions
4404301334,5,0,5,"2066752129,2547045893,2793071066,2913773162,4313545395",https://doi.org/10.1093/9780198937401.003.0019,2024,book-chapter,0,,12.0,222,The Limits of Science: An Overview
4411073301,5,0,5,"2913773162,3123050710,4378980478,2066752129,2303284028",https://doi.org/10.1007/s11192-025-05349-4,2025,article,0,148561398.0,18.0,59,Interdisciplinary research enhances scientists’ career resilience and long-term benefits: evidence from a large-scale bibliographic analysis
4404301247,5,0,5,"2066752129,2547045893,2793071066,2913773162,4313545395",https://doi.org/10.1093/9780198937401.003.0014,2024,book-chapter,0,,12.0,222,Statistics and Mathematics of Science
4404301230,5,0,5,"4313545395,2793071066,2913773162,2547045893,2066752129",https://doi.org/10.1093/9780198937401.003.0010,2024,book-chapter,0,,12.0,222,Anthropology of Science
4414474275,5,0,5,"2303284028,2547045893,2066752129,2913773162,2793071066",https://doi.org/10.1108/el-04-2025-0145,2025,article,0,902750600.0,18.0,40,A dual-perspective innovation framework: quantifying novelty and diffusion of scientific publications
4404301244,5,0,5,"2793071066,2913773162,2066752129,2547045893,4313545395",https://doi.org/10.1093/9780198937401.003.0015,2024,book-chapter,0,,12.0,222,Philosophy of Science
4404301260,5,0,5,"4313545395,2793071066,2913773162,2547045893,2066752129",https://doi.org/10.1093/9780198937401.003.0006,2024,book-chapter,0,,12.0,222,Psychology of Science
4404301341,5,0,5,"2547045893,4313545395,2066752129,2793071066,2913773162",https://doi.org/10.1093/9780198937401.003.0012,2024,book-chapter,0,,31.0,222,Scientometrics and Network Science
4404301284,5,0,5,"2066752129,4313545395,2547045893,2913773162,2793071066",https://doi.org/10.1093/9780198937401.003.0022,2024,book-chapter,0,,18.0,222,Conclusion and Implications
4404301238,5,0,5,"2547045893,2066752129,2913773162,2793071066,4313545395",https://doi.org/10.1093/9780198937401.003.0020,2024,book-chapter,0,,12.0,222,The Limits of Science: Grounded in the Boundaries of Our Methods and Mind
4404301302,5,0,5,"2913773162,2793071066,4313545395,2547045893,2066752129",https://doi.org/10.1093/9780198937401.003.0011,2024,book-chapter,0,,12.0,222,Methodology of Science
7153472410,5,0,5,"2066752129,3123050710,4313545395,2303284028,2913773162",https://doi.org/10.1007/s11192-026-05612-2,2026,article,0,148561398.0,14.0,77,Bias against novelty in China: a patent examination perspective
4404301250,5,0,5,"2066752129,2547045893,2793071066,2913773162,4313545395",https://doi.org/10.1093/9780198937401.005.0001,2024,book-chapter,0,,12.0,222,Appendix
4404301274,5,0,5,"2793071066,2913773162,2066752129,2547045893,4313545395",https://doi.org/10.1093/9780198937401.003.0008,2024,book-chapter,0,,18.0,222,Economics of Science
4411887410,5,0,5,"3201257425,2066752129,2547045893,2913773162,2793071066",https://doi.org/10.1093/pnasnexus/pgaf174,2025,article,0,4220651275.0,32.0,56,Creativity across domains
4404301254,5,0,5,"2913773162,2793071066,4313545395,2547045893,2066752129",https://doi.org/10.1093/9780198937401.003.0017,2024,book-chapter,0,,12.0,222,Science of Science: An Integrated and Methods-Driven Understanding of Science
7117486912,5,0,5,"2547045893,2793071066,2808505390,2913773162,4313545395",https://doi.org/10.1145/3778534.3778629,2025,article,0,,18.0,9,Evolution of Scientific Paper Influence Across Time and Career
2128438887,4,4,0,"2808505390,2793071066,4378980478,2547045893",https://doi.org/10.1073/pnas.0507655102,2005,article,11535,125754415.0,17.0,4,An index to quantify an individual's scientific research output
2150443611,4,4,0,"2066752129,2913773162,2793071066,4313545395",https://doi.org/10.1126/science.1106340,2005,article,1148,3880285.0,31.0,28,Team Assembly Mechanisms Determine Collaboration Network Structure and Team Performance
2151866568,4,4,0,"2547045893,2808505390,2793071066,4378980478",https://doi.org/10.1073/pnas.0806977105,2008,article,834,125754415.0,18.0,32,Universality of citation distributions: Toward an objective measure of scientific impact
2547045893,4,4,0,"3201257425,4378980478,2808505390,2793071066",https://doi.org/10.1126/science.aaf5239,2016,article,638,3880285.0,18.0,50,Quantifying the evolution of individual scientific impact
2102017123,4,4,0,"2547045893,4378980478,2808505390,2793071066",https://doi.org/10.1126/sciadv.1400005,2015,article,617,2737427234.0,18.0,47,Systematic inequality and hierarchy in faculty hiring networks
2154053722,4,3,1,"3123050710,2793071066,3201257425,2066752129",https://doi.org/10.1177/0003122415601618,2015,article,602,157620343.0,18.0,110,Tradition and Innovation in Scientists’ Research Strategies
3103058826,4,1,3,"2066752129,2547045893,2793071066,4378980478",https://doi.org/10.1038/s41467-018-07634-8,2018,article,491,64187185.0,18.0,57,The preeminence of ethnic diversity in scientific collaboration
2765658614,4,2,2,"2066752129,2547045893,2808505390,4378980478",https://doi.org/10.1016/j.physrep.2017.10.001,2017,article,418,48633963.0,31.0,546,The science of science: From the perspective of complex systems
2152513188,4,4,0,"2808505390,2793071066,3201257425,4378980478",https://doi.org/10.1073/pnas.1323111111,2014,article,311,125754415.0,18.0,76,Reputation and impact in academic careers
3203516702,4,2,2,"2913773162,4313545395,2303284028,4378980478",https://doi.org/10.1073/pnas.2021636118,2021,article,309,125754415.0,18.0,27,Slowed canonical progress in large fields of science
2001425859,4,4,0,"4378980478,4313545395,2808505390,2547045893",https://doi.org/10.1073/pnas.1102895108,2011,article,304,125754415.0,32.0,28,Age dynamics in scientific creativity
2109746829,4,3,1,"2793071066,2913773162,4378980478,2066752129",https://doi.org/10.1073/pnas.1309723111,2014,article,266,125754415.0,31.0,44,Principles of scientific research team formation and evolution
2395804017,4,2,2,"2913773162,4378980478,2066752129,2303284028",https://doi.org/10.1146/annurev-soc-081715-074219,2016,article,245,61274580.0,18.0,149,From Sole Investigator to Team Scientist: Trends in the Practice and Study of Research Collaboration
2596990011,4,2,2,"3201257425,2066752129,2547045893,2793071066",https://doi.org/10.1038/s41562-017-0078,2017,article,172,2764866340.0,31.0,71,Quantifying patterns of research-interest evolution
4389132405,4,0,4,"2066752129,2303284028,2913773162,4313545395",https://doi.org/10.1038/s41586-023-06767-1,2023,article,170,137773608.0,17.0,42,Remote collaboration fuses fewer breakthrough ideas
2905469878,4,1,3,"3201257425,2547045893,2793071066,2808505390",https://doi.org/10.1038/s41467-019-11401-8,2019,article,141,64187185.0,18.0,42,Increasing trend of scientists to switch between topics
2565597050,4,3,1,"2808505390,4378980478,2547045893,3201257425",https://doi.org/10.1073/pnas.1702121114,2017,article,132,125754415.0,18.0,54,The misleading narrative of the canonical faculty productivity trajectory
3016737084,4,0,4,"2793071066,2808505390,2913773162,2547045893",https://doi.org/10.1098/rsif.2020.0135,2020,article,121,129150467.0,18.0,96,"Scientific elite revisited: patterns of productivity, collaboration, authorship and impact"
3039347329,4,0,4,"2066752129,3123050710,2547045893,2793071066",https://doi.org/10.1016/j.respol.2020.104063,2020,article,112,9731383.0,18.0,77,New and atypical combinations: An assessment of novelty and interdisciplinarity
2986257978,4,0,4,"2913773162,3123050710,2066752129,2303284028",https://doi.org/10.1007/s11192-019-03263-0,2019,article,92,148561398.0,18.0,74,Measuring originality in science
2891006732,4,2,2,"3201257425,2066752129,4378980478,2808505390",https://doi.org/10.1126/science.aav2484,2018,article,87,3880285.0,18.0,30,Toward a more scientific science
3187218587,4,0,4,"2303284028,3123050710,2066752129,2913773162",https://doi.org/10.1016/j.techfore.2021.121071,2021,article,71,39307421.0,18.0,26,Rethinking the disruption index as a measure of scientific and technological advances
2904444295,4,0,4,"2793071066,2808505390,2547045893,2066752129",https://doi.org/10.1038/s42254-018-0005-3,2018,review,59,4210234670.0,18.0,61,Taking census of physics
3088847729,4,0,4,"3123050710,2913773162,2303284028,2066752129",https://doi.org/10.1016/j.respol.2020.104115,2020,article,54,9731383.0,14.0,76,"Destabilization and consolidation: Conceptualizing, measuring, and validating the dual characteristics of technology"
4223921289,4,0,4,"2066752129,2303284028,2793071066,3123050710",https://doi.org/10.1016/j.joi.2022.101282,2022,article,45,205292342.0,17.0,66,Combination of research questions and methods: A new measurement of scientific novelty
3112759612,4,0,4,"2303284028,3123050710,2793071066,2913773162",https://doi.org/10.1016/j.techfore.2020.120502,2020,article,45,39307421.0,18.0,77,Predicting scientific breakthroughs based on knowledge structure variations
3194111265,4,1,3,"2066752129,4378980478,2547045893,2808505390",https://doi.org/10.1038/s41467-021-25712-2,2021,article,42,64187185.0,18.0,79,Scientific prizes and the extraordinary growth of scientific topics
3034043167,4,0,4,"2547045893,2066752129,2793071066,3123050710",https://doi.org/10.1016/j.joi.2020.101053,2020,article,34,205292342.0,18.0,101,"Knowledge recency to the birth of Nobel Prize-winning articles: Gender, career stage, and country"
3095343655,4,0,4,"2303284028,3123050710,2066752129,2913773162",https://doi.org/10.1007/s11192-020-03757-2,2020,article,32,148561398.0,18.0,103,Does research collaboration influence the “disruption” of articles? Evidence from neurosciences
2938980366,4,1,3,"2547045893,4378980478,2808505390,2913773162",https://doi.org/10.1038/s42254-019-0057-z,2019,review,31,4210234670.0,18.0,10,Nobel laureates are almost the same as us
4406061216,4,0,4,"2793071066,2913773162,3123050710,2066752129",https://doi.org/10.1038/s41467-024-55115-y,2025,article,31,64187185.0,20.0,75,The dynamics of higher-order novelties
3181107731,4,0,4,"2303284028,2547045893,2913773162,2793071066",https://doi.org/10.1371/journal.pone.0270131,2022,article,27,202381698.0,31.0,70,Quantifying the rise and fall of scientific fields
4389215998,4,0,4,"3123050710,2793071066,2808505390,2066752129",https://doi.org/10.1016/j.joi.2023.101468,2023,article,27,205292342.0,18.0,68,Delayed citation impact of interdisciplinary research
4281735940,4,0,4,"3123050710,2913773162,2066752129,2303284028",https://doi.org/10.1016/j.joi.2022.101306,2022,article,26,205292342.0,18.0,74,A new method for measuring the originality of academic articles based on knowledge units in semantic networks
4318457104,4,0,4,"2303284028,2547045893,2793071066,2913773162",https://doi.org/10.1007/s11192-023-04631-7,2023,article,24,148561398.0,18.0,58,Evaluating scientists by citation and disruption of their representative works
3098771157,4,0,4,"2793071066,2913773162,2303284028,2066752129",https://doi.org/10.1038/s41598-020-76916-3,2020,article,24,196734849.0,20.0,45,Evolution and transformation of early modern cosmological knowledge: a network study
4380046124,4,0,4,"2913773162,3123050710,2066752129,2303284028",https://doi.org/10.1007/s11192-023-04751-0,2023,article,22,148561398.0,18.0,85,The association between prior knowledge and the disruption of an article
4392231898,4,0,4,"3123050710,2913773162,2066752129,2303284028",https://doi.org/10.1140/epjds/s13688-024-00453-6,2024,article,20,2504380752.0,31.0,99,Higher-order structures of local collaboration networks are associated with individual scientific productivity
4399445161,4,0,4,"2066752129,2913773162,2793071066,4313545395",https://doi.org/10.1073/pnas.2320066121,2024,preprint,20,125754415.0,13.0,61,Promotional language and the adoption of innovative ideas in science
4388819481,4,0,4,"2793071066,2066752129,2547045893,4313545395",https://doi.org/10.1073/pnas.2309378120,2023,article,19,125754415.0,18.0,56,A network-based normalized impact measure reveals successful periods of scientific discovery across disciplines
4327614966,4,0,4,"2303284028,3123050710,2066752129,2913773162",https://doi.org/10.1177/01655515231161133,2023,article,18,68913162.0,18.0,46,Effect of the topic-combination novelty on the disruption and impact of scientific articles: Evidence from PubMed
4320039360,4,0,4,"2913773162,2066752129,2303284028,2547045893",https://doi.org/10.1007/s11192-023-04644-2,2023,article,17,148561398.0,31.0,17,Enhancing the robustness of the disruption metric against noise
4394768444,4,0,4,"3123050710,2913773162,2303284028,2066752129",https://doi.org/10.1007/s11192-024-04981-w,2024,article,17,148561398.0,18.0,75,Is interdisciplinarity more likely to produce novel or disruptive research?
4396633884,4,0,4,"2066752129,2303284028,2913773162,4313545395",https://doi.org/10.1016/j.ipm.2024.103757,2024,article,16,174847851.0,18.0,88,Do more heads imply better performance? An empirical study of team thought leaders' impact on scientific team performance
4404405613,4,0,4,"2913773162,4378980478,2303284028,4313545395",https://doi.org/10.1016/j.joi.2024.101605,2024,article,16,205292342.0,18.0,52,The disruption index suffers from citation inflation: Re-analysis of temporal CD trend and relationship with team size reveal discrepancies
4292559846,4,0,4,"2066752129,2303284028,2913773162,3123050710",https://doi.org/10.1007/s11192-022-04499-z,2022,article,16,148561398.0,18.0,21,Revisiting the disruptive index: evidence from the Nobel Prize-winning articles
4206733540,4,0,4,"2303284028,2913773162,2793071066,3123050710",https://doi.org/10.1371/journal.pbio.3001520,2022,review,15,154343897.0,13.0,83,The characteristics of early-stage research into human genes are substantially different from subsequent research
3096147865,4,0,4,"2303284028,3123050710,2066752129,2913773162",https://doi.org/10.1007/s11192-020-03756-3,2020,article,14,148561398.0,18.0,42,On the disruptive power of small-teams research
4319296609,4,0,4,"3201257425,2793071066,2808505390,2547045893",https://doi.org/10.1038/s41598-023-27735-9,2023,article,14,196734849.0,20.0,48,Quantifying human performance in chess
4401040764,4,0,4,"2066752129,2793071066,4378980478,4313545395",https://doi.org/10.1093/jrsssa/qnae068,2024,article,14,185328345.0,18.0,84,Relational hyperevent models for the coevolution of coauthoring and citation networks
4221034140,4,0,4,"3123050710,2913773162,2066752129,2303284028",https://doi.org/10.1007/s11192-022-04350-5,2022,article,14,148561398.0,17.0,62,Measuring the innovation of method knowledge elements in scientific literature
4403052255,4,0,4,"3123050710,2913773162,2303284028,2066752129",https://doi.org/10.1073/pnas.2402802121,2024,article,11,125754415.0,17.0,56,Does the use of unusual combinations of datasets contribute to greater scientific impact?
4401373509,4,0,4,"4313545395,2793071066,2913773162,2303284028",https://doi.org/10.1016/j.ipm.2024.103851,2024,article,11,174847851.0,18.0,67,"The interaction of inter-organizational diversity and team size, and the scientific impact of papers"
4385373424,4,0,4,"2913773162,2303284028,2066752129,3123050710",https://doi.org/10.1016/j.joi.2023.101434,2023,article,11,205292342.0,18.0,76,How Boundary-spanning Paper Sparkles Citation: From Citation Count to Citation Network
4404827300,4,0,4,"4313545395,2793071066,2913773162,2547045893",https://doi.org/10.1098/rspa.2024.0141,2024,article,11,3006183880.0,18.0,70,Debunking revolutionary paradigm shifts: evidence of cumulative scientific progress across science
4394573127,4,0,4,"2066752129,4378980478,2303284028,2913773162",https://doi.org/10.1108/el-06-2023-0141,2024,article,10,902750600.0,18.0,44,Exploring and evaluating the index for interdisciplinary breakthrough innovation detection
4410221857,4,0,4,"2547045893,2793071066,2913773162,4378980478",https://doi.org/10.1088/2632-2153/add6ef,2025,article,9,4210200687.0,17.0,63,Forecasting high-impact research topics via machine learning on evolving knowledge graphs
4405624725,4,0,4,"4378980478,4313545395,2793071066,2066752129",https://doi.org/10.1016/j.joi.2024.101634,2024,article,8,205292342.0,18.0,95,Integration vs segregation: Network analysis of interdisciplinarity in funded and unfunded research on infectious diseases
4399912718,4,0,4,"4378980478,4313545395,2913773162,2303284028",https://doi.org/10.1007/s11192-024-05201-1,2024,preprint,7,148561398.0,20.0,40,Specification uncertainty: what the disruption index tells us about the (hidden) multiverse of bibliometric indicators
4293545873,4,0,4,"2793071066,2913773162,2303284028,2547045893",https://doi.org/10.1007/s11192-022-04505-4,2022,article,7,148561398.0,18.0,40,The influence of disruption on evaluating the scientific significance of papers
4402289053,4,0,4,"2066752129,4313545395,2303284028,2913773162",https://doi.org/10.1016/j.joi.2024.101588,2024,article,7,205292342.0,32.0,97,Exploring team creativity: The nexus between freshness and experience
3036432969,4,0,4,"2793071066,2913773162,2066752129,2303284028",https://doi.org/10.1016/j.joi.2021.101159,2021,preprint,6,205292342.0,18.0,94,Convergent validity of several indicators measuring disruptiveness with milestone assignments to physics papers by experts
4411848025,4,0,4,"2066752129,2913773162,3123050710,4313545395",https://doi.org/10.1016/j.aei.2025.103567,2025,review,6,112141509.0,22.0,77,Deciphering the trajectory and challenges of BIM research in China: A data-driven review of topics and innovation trends
4410553520,4,0,4,"2303284028,2066752129,2913773162,4313545395",https://doi.org/10.1038/d41586-025-01548-4,2025,article,6,137773608.0,13.0,18,Are groundbreaking science discoveries becoming harder to find?
4388163155,4,0,4,"2303284028,2547045893,2913773162,4313545395",https://doi.org/10.1016/j.joi.2023.101463,2023,article,6,205292342.0,18.0,88,Scientific creativity patterns in scholars’ academic careers: Evidence from PubMed
4409160369,4,0,4,"4313545395,3123050710,2066752129,2303284028",https://doi.org/10.1080/10438599.2025.2486344,2025,article,6,192056284.0,20.0,39,Do funding agencies select and enable novel research: evidence from ERC
3176173426,4,0,4,"2793071066,2913773162,2547045893,2066752129",https://doi.org/10.1088/2632-072x/ac24f1,2021,article,6,4210184083.0,20.0,46,Anomalous diffusion in the citation time series of scientific publications
4300979839,4,0,4,"2793071066,2913773162,2066752129,2303284028",https://doi.org/10.1103/physrevresearch.4.l042001,2022,article,6,4210240247.0,31.0,36,Dynamics of social interaction: Modeling the genesis of scientific collaboration
4403377417,4,0,4,"3123050710,4378980478,2066752129,2913773162",https://doi.org/10.1007/s11192-024-05173-2,2024,article,6,148561398.0,18.0,45,From bench to bedside: determining what drives academic citations in clinical trials
4408743946,4,0,4,"2303284028,2913773162,4378980478,4313545395",https://doi.org/10.1016/j.ipm.2025.104121,2025,article,5,174847851.0,18.0,92,IBID-CCT: A novel model for interdisciplinary breakthrough innovation detection based on the cusp catastrophe theory
4404392530,4,0,4,"3201257425,2547045893,2808505390,2913773162",https://doi.org/10.1038/s41598-024-77206-y,2024,article,5,196734849.0,18.0,24,Mid-career pitfall of consecutive success in science
4404038935,4,0,4,"4313545395,2913773162,2303284028,2066752129",https://doi.org/10.1007/s11192-024-05184-z,2024,article,5,148561398.0,18.0,52,Interdisciplinary hierarchical diversity driving disruption
4387934855,4,0,4,"2066752129,2793071066,2913773162,3201257425",https://doi.org/10.1109/tvcg.2023.3327387,2023,article,5,84775595.0,17.0,76,InnovationInsights: A Visual Analytics Approach for Understanding the Dual Frontiers of Science and Technology
3204799561,4,0,4,"2808505390,2913773162,2547045893,2066752129",https://doi.org/10.1016/j.joi.2021.101217,2021,article,5,205292342.0,18.0,34,Quantifying the impact of a teamwork publication
4381982771,4,0,4,"2303284028,4313545395,4378980478,2913773162",https://doi.org/10.2139/ssrn.4486421,2023,article,5,4210172589.0,18.0,32,The disruption index suffers from citation inflation: Re-analysis of temporal CD trend and relationship with team size reveal discrepancies
4376612598,4,0,4,"2913773162,2303284028,2066752129,3123050710",https://doi.org/10.1007/s11192-023-04706-5,2023,article,5,148561398.0,18.0,63,Knowledge-integrated research is more disruptive when supported by homogeneous funding sources: a case of US federally funded research in biomedical and life sciences
4409591101,4,0,4,"2066752129,2303284028,2793071066,2913773162",https://doi.org/10.1007/s11192-025-05319-w,2025,article,4,148561398.0,32.0,62,The impact of team compositions on disruptive and novel research in large-scale research infrastructures
7119230500,4,0,4,"4378980478,4313545395,2303284028,2913773162",https://doi.org/10.1162/qss.a.409,2026,article,4,4210195326.0,18.0,27,The Disruption Index measures displacement between a paper and its most cited reference
2974207573,4,0,4,"2547045893,2066752129,2793071066,2808505390",https://doi.org/10.1140/epjds/s13688-020-00227-w,2020,preprint,4,2504380752.0,32.0,51,Success and luck in creative careers
4404643212,4,0,4,"2066752129,3123050710,2303284028,2913773162",https://doi.org/10.1007/s11192-024-05196-9,2024,article,3,148561398.0,17.0,98,Predicting scholar potential: a deep learning model on social capital features
4409884745,4,0,4,"2913773162,4313545395,2303284028,2066752129",https://doi.org/10.1145/3706598.3713917,2025,article,3,,17.0,80,The Sharply Decreasing Disruptiveness of HCI
4415134643,4,0,4,"2913773162,2793071066,4313545395,2066752129",https://doi.org/10.1057/s41599-025-05797-6,2025,article,3,4210206302.0,18.0,37,New scientific fields are triggered by powerful new methods
4401936689,4,0,4,"2547045893,2793071066,2808505390,4378980478",https://doi.org/10.1088/1748-9326/ad7479,2024,article,3,139338987.0,22.0,60,The public use of early-stage scientific advances in carbon dioxide removal: a science-technology-policy-media perspective
4388021812,4,0,4,"2913773162,2808505390,2547045893,3201257425",https://doi.org/10.1038/s41598-023-44563-z,2023,article,2,196734849.0,33.0,63,Quantifying hierarchy and prestige in US ballet academies as social predictors of career success
7131072697,4,0,4,"4313545395,2913773162,2793071066,2303284028",https://doi.org/10.1016/j.respol.2026.105451,2026,article,2,9731383.0,18.0,61,Rethinking scientific progress in the social sciences: disruptive or cumulative?
4416297677,4,0,4,"2303284028,2066752129,2913773162,4313545395",https://doi.org/10.1057/s41599-025-06038-6,2025,article,2,4210206302.0,14.0,92,Gender disparity in U.S. patenting
4412988641,4,0,4,"2913773162,4313545395,2303284028,2066752129",https://doi.org/10.5465/amj.2023.1010,2025,article,2,117778295.0,14.0,76,Catalyzing Categories: Category Contrast and the Creation of Groundbreaking Inventions
4392612010,4,0,4,"2793071066,2913773162,2303284028,4313545395",https://doi.org/10.1016/j.joi.2024.101524,2024,article,2,205292342.0,14.0,62,A complement to the novel disruption indicator based on knowledge entities
7125936030,4,0,4,"2303284028,4313545395,2066752129,2913773162",https://doi.org/10.1002/asi.70053,2026,article,1,4210197613.0,18.0,25,Dynamic disruption index across citation and cited references windows: Recommendations for thresholds in research evaluation
4385616457,4,0,4,"2547045893,3201257425,2913773162,2808505390",https://doi.org/10.21203/rs.3.rs-3069473/v1,2023,preprint,1,4306525896.0,33.0,43,Quantifying Hierarchy and Prestige in US Ballet Academies as Social Predictors of Career Success
4381163577,4,0,4,"2913773162,3201257425,2808505390,2547045893",https://doi.org/10.31235/osf.io/x9zwn,2023,preprint,1,,33.0,50,Quantifying Hierarchy and Prestige in US Ballet Academies as Social Predictors of Career Success
7126122475,4,0,4,"2303284028,4313545395,3123050710,2066752129",https://doi.org/10.3390/systems14020142,2026,article,1,4210219410.0,14.0,59,Research on Risk Measurement Methods of Scientific and Technological Innovation: A Dynamic Tension Model Based on Novelty and Adaptation
4406598145,4,0,4,"2913773162,2793071066,4313545395,2547045893",https://doi.org/10.1016/j.chaos.2025.116004,2025,article,1,70718007.0,18.0,125,Fusing structural and temporal information in citation networks for identifying milestone works
4412042968,4,0,4,"2913773162,4378980478,2066752129,2303284028",https://doi.org/10.1007/s11192-025-05370-7,2025,article,1,148561398.0,18.0,89,Research productivity and novelty under different funding models: evidence from NIH-funded research projects
4323316344,4,0,4,"2913773162,2793071066,2547045893,3201257425",https://doi.org/10.31235/osf.io/zu4bm,2023,preprint,1,,33.0,107,Science Hard and Soft: An Empirical Approach to Evaluating Scientific Consensus with Big Data
4402526490,4,0,4,"2066752129,3123050710,2303284028,2913773162",https://doi.org/10.1007/s11192-024-05140-x,2024,article,1,148561398.0,31.0,26,Measuring hotness transfer of individual papers based on citation relationship
7148577872,4,0,4,"2913773162,3123050710,2066752129,4313545395",https://doi.org/10.1007/s11192-026-05607-z,2026,article,1,148561398.0,14.0,59,Exploring novelty differences between industry and academia: a knowledge entity-centric perspective
4392454432,4,0,4,"2066752129,2303284028,2913773162,3123050710",https://doi.org/10.3103/s014768822304007x,2023,article,1,189109583.0,18.0,38,Measuring Consolidation and Disruption Indexes in Global Knowledge and Information Creation Publications
4389939593,4,0,4,"2066752129,2547045893,2913773162,2793071066",https://doi.org/10.1140/epjds/s13688-023-00439-w,2023,article,1,2504380752.0,18.0,62,Untangling pair synergy in the evolution of collaborative scientific impact
7118177187,4,0,4,"4313545395,2913773162,2066752129,2303284028",https://doi.org/10.2139/ssrn.6017638,2026,preprint,0,4210172589.0,11.0,48,When Collaboration Dulls the Edge: R&D Networks and Innovation Direction in Chinese Agricultural Science
4408983276,4,0,4,"2066752129,4313545395,2303284028,2913773162",https://doi.org/10.1007/978-3-031-82431-9_23,2025,book-chapter,0,2764461748.0,18.0,27,The Structure of Informal Support in the Production of Scientific Knowledge
7129540593,4,0,4,"2793071066,2913773162,4313545395,4378980478",https://doi.org/10.64898/2026.02.12.705484,2026,article,0,4306402567.0,18.0,19,Automated Calculation of the Disruption Index: A Reproducible Computational Workflow for Large-Scale Bibliometric Analyses
4415480546,4,0,4,"2303284028,3123050710,2066752129,2913773162",https://doi.org/10.2139/ssrn.5648547,2025,preprint,0,4210172589.0,33.0,28,State of the Art of Novelty Indicators
7134933997,4,0,4,"2793071066,4313545395,2303284028,2547045893",https://doi.org/10.2139/ssrn.6390925,2026,preprint,0,4210172589.0,14.0,56,Comparing patent importance through centrality measures in the citation network
7084618185,4,0,4,"2066752129,2303284028,2913773162,4313545395",https://doi.org/10.1007/978-3-032-02932-4_9,2025,book-chapter,0,4404663223.0,13.0,54,
4405523710,4,0,4,"3201257425,2303284028,2547045893,2808505390",https://doi.org/10.1162/qss_a_00342,2024,article,0,4210195326.0,18.0,49,Exploration and exploitation: Which research strategy are you better at?
7154858064,4,0,4,"3123050710,2913773162,2066752129,2303284028",https://doi.org/10.1016/j.joi.2026.101805,2026,article,0,205292342.0,18.0,53,Coordination complexity and its impact on disruption: A functional lead perspective
4380897851,4,0,4,"2913773162,2066752129,2303284028,2547045893",https://doi.org/10.59494/dsi.2023.1.7,2023,article,0,4387290350.0,18.0,83,Why do we need causal inference in scientometric research?
4416333340,4,0,4,"2066752129,2793071066,2913773162,4378980478",https://doi.org/10.1016/j.ipm.2025.104475,2025,article,0,174847851.0,18.0,41,Beyond disciplinary boundaries: A graph embedding framework to quantify knowledge heterogeneity and its non-linear impacts in science
6921085615,4,0,4,"2066752129,2547045893,2913773162,2793071066",https://doi.org/10.6084/m9.figshare.24873114,2023,article,0,4406922384.0,18.0,58,
4414116595,4,0,4,"2066752129,3123050710,2913773162,2793071066",https://doi.org/10.1016/j.joi.2025.101730,2025,article,0,205292342.0,14.0,85,Innovation lineage structure: A graph structure in publications of scholars and its association with disruptiveness
4412434613,4,0,4,"4313545395,2913773162,2303284028,2066752129",https://doi.org/10.1016/j.joi.2025.101703,2025,article,0,205292342.0,14.0,128,Small but not least changes: The art of creating disruptive innovations
4416271362,4,0,4,"2066752129,4313545395,2303284028,2913773162",https://doi.org/10.1007/s11192-025-05486-w,2025,article,0,148561398.0,18.0,57,Do cover papers have higher disruption and citations? Evidence from Nature and Science
7128679114,4,0,4,"2066752129,3123050710,4313545395,2913773162",https://doi.org/10.1016/j.joi.2026.101779,2026,article,0,205292342.0,14.0,57,Weak ties matter for scientific innovation: The dual perspectives of knowledge recombination network and collaboration network
7119032721,4,0,4,"2547045893,2793071066,3201257425,4378980478",https://doi.org/10.1007/s11192-025-05534-5,2026,article,0,148561398.0,18.0,48,Exploring institutional academic genealogy in computer science through PQDT: enhancing the scientometric potential of dissertations
7124222049,4,0,4,"2793071066,2913773162,2066752129,4313545395",https://doi.org/10.21203/rs.3.rs-8382973/v1,2026,preprint,0,4306525896.0,33.0,50,The Impact of Knowledge Diversity on Scientific Output: Distinct Effects from Collective and Individual Perspectives
6958277793,4,0,4,"2066752129,2547045893,2793071066,2913773162",https://doi.org/10.6084/m9.figshare.24873114.v1,2023,article,0,4377196282.0,18.0,58,
7124470926,4,0,4,"2066752129,2303284028,2913773162,4313545395",https://doi.org/10.1016/j.techfore.2026.124537,2026,article,0,39307421.0,18.0,52,Interdisciplinary research and technological change
3113189577,4,0,4,"2793071066,2808505390,2547045893,2066752129",https://doi.org/10.21203/rs.3.rs-121409/v1,2020,preprint,0,4306525896.0,18.0,80,Prizes Signal Scientific Revolutions
7161302989,4,0,4,"3123050710,2913773162,2303284028,2066752129",https://doi.org/10.3390/publications14020032,2026,article,0,2738007992.0,18.0,72,Novelty First Policy-Based Intelligent Review Framework (IRF) for the Evaluation of Research Proposals
7161897661,4,0,4,"2913773162,3201257425,2793071066,2547045893",https://doi.org/10.1093/pnasnexus/pgag169,2026,article,0,4220651275.0,18.0,50,Persistent collaboration as a structural signature of scientific resilience
6976994353,4,0,4,"2547045893,2066752129,2793071066,2808505390",https://doi.org/10.6084/m9.figshare.12262646,2020,article,0,4377196282.0,27.0,36,
4400026641,4,0,4,"2913773162,4313545395,2303284028,2066752129",https://doi.org/10.2139/ssrn.4877993,2024,preprint,0,4210172589.0,14.0,70,Are Patent Examiners Killing Disruptive Innovation? Analyzing the Effect of Scientific Gatekeeping with USPTO Patent Data (2004-2018)
4402214939,4,0,4,"4313545395,2303284028,2913773162,2793071066",https://doi.org/10.1162/qss_a_00328,2024,article,0,4210195326.0,14.0,29,Dimensions: Calculating disruption indices at scale
4417318361,4,0,4,"2913773162,2066752129,2303284028,4313545395",https://doi.org/10.21203/rs.3.rs-8119156/v1,2025,preprint,0,4306525896.0,18.0,52,Unveiling the Temporal Dynamics: The Impact of Knowledge Source Structure on Innovation through Time-Series Analysis
4414601301,4,0,4,"4313545395,2793071066,2913773162,2066752129",https://doi.org/10.1073/pnas.2424143122,2025,article,0,125754415.0,18.0,72,The distinctive innovation patterns and network embeddedness of scientific prizewinners
4407692253,4,0,4,"2913773162,3123050710,2066752129,2303284028",https://doi.org/10.2139/ssrn.5140742,2025,article,0,4210172589.0,27.0,94,Does Peer Review Penalize Scientific Risk Taking? Evidence from NIH Grant Renewals
4412988960,4,0,4,"2913773162,3123050710,2066752129,2303284028",https://doi.org/10.2139/ssrn.5379973,2025,preprint,0,4210172589.0,18.0,47,State of the Art of Novelty Indicators
4397030762,4,0,4,"3201257425,2547045893,2793071066,2808505390",https://doi.org/10.1016/j.joi.2024.101543,2024,article,0,205292342.0,18.0,72,Are the bibliometric growth patterns of excellent scholars similar? From the analysis of ACM Fellows
4417034487,4,0,4,"2913773162,4313545395,2303284028,3123050710",https://doi.org/10.2139/ssrn.5868077,2025,preprint,0,4210172589.0,18.0,28,The Originality Paradox: Papers with High Originality Receive Fewer Citations from the Lens of Environmental Research
4412929271,4,0,4,"2303284028,4313545395,4378980478,2913773162",https://doi.org/10.1007/s11192-025-05395-y,2025,article,0,148561398.0,18.0,73,Mapping product development trajectories: product citation network
7165566743,4,0,4,"2793071066,3123050710,2066752129,4313545395",https://doi.org/10.1007/978-981-95-9877-9_8,2026,book-chapter,0,2764900261.0,27.0,34,Young AI Scientists in the New AI Age: Increasingly Early and Growing Dominance of Career Novelty in their Research Trajectories
2164284962,3,3,0,"3201257425,2913773162,3123050710",https://doi.org/10.1287/orsc.2.1.71,1991,article,21364,206124708.0,14.0,26,Exploration and Exploitation in Organizational Learning
4292887282,3,3,0,"3201257425,2808505390,2793071066",https://doi.org/10.1126/science.159.3810.56,1968,article,6270,3880285.0,31.0,16,The Matthew Effect in Science
2023754051,3,3,0,"3201257425,2808505390,2793071066",,1968,article,4878,4306525036.0,31.0,22,The Matthew effect in science. The reward and communication systems of science are considered.
2125315567,3,3,0,"4313545395,4378980478,2793071066",https://doi.org/10.1073/pnas.98.2.404,2001,article,4502,125754415.0,31.0,34,The structure of scientific collaboration networks
2080450835,3,3,0,"4378980478,2808505390,2793071066",https://doi.org/10.1002/asi.4630270505,1976,article,2063,4210220780.0,20.0,32,A general theory of bibliometric and other cumulative advantage processes
2050990045,3,3,0,"2547045893,2793071066,4378980478",https://doi.org/10.1038/504211a,2013,article,1487,137773608.0,33.0,8,Bibliometrics: Global gender disparities in science
4234441199,3,3,0,"4313545395,3123050710,2066752129",https://doi.org/10.1162/003355398555595,1998,article,956,203860005.0,20.0,6,Recombinant Growth
3006753318,3,1,2,"4378980478,2547045893,2793071066",https://doi.org/10.1073/pnas.1914221117,2020,article,937,125754415.0,33.0,66,Historical comparison of gender inequality in scientific careers across countries and disciplines
4313545395,3,0,3,"2913773162,2303284028,2066752129",https://doi.org/10.1038/s41586-022-05543-x,2023,article,829,137773608.0,18.0,72,Papers and patents are becoming less disruptive over time
2465739951,3,2,1,"2066752129,2793071066,4378980478",https://doi.org/10.1038/nature18315,2016,article,597,137773608.0,18.0,31,Interdisciplinary research has consistently lower funding success
3122634626,3,2,1,"2066752129,2793071066,3123050710",https://doi.org/10.1287/mnsc.2015.2285,2016,article,473,33323087.0,14.0,86,"Looking Across and Looking Beyond the Knowledge Frontier: Intellectual Distance, Novelty, and Resource Allocation in Science"
2303284028,3,3,0,"4313545395,4378980478,2913773162",https://doi.org/10.1287/mnsc.2015.2366,2016,article,463,33323087.0,14.0,84,A Dynamic Network Measure of Technological Change
2193631239,3,2,1,"4378980478,4313545395,2303284028",https://doi.org/10.1257/aer.20161574,2019,article,369,23254222.0,18.0,60,Does Science Advance One Funeral at a Time?
4293483937,3,1,2,"2793071066,4378980478,2066752129",https://doi.org/10.1073/pnas.2200841119,2022,article,344,125754415.0,18.0,60,Gender-diverse teams produce more novel and higher-impact scientific ideas
1690291114,3,2,1,"2066752129,2793071066,3123050710",https://doi.org/10.1371/journal.pone.0135095,2015,article,334,202381698.0,18.0,93,Does Interdisciplinary Research Lead to Higher Citation Impact? The Different Effect of Proximal and Distal Interdisciplinarity
2585057539,3,2,1,"2547045893,2793071066,4378980478",https://doi.org/10.1126/science.aal4217,2017,review,269,3880285.0,18.0,31,Data-driven predictions in the science of science
2130145803,3,2,1,"2793071066,2066752129,3123050710",https://doi.org/10.1073/pnas.1509757112,2015,article,251,125754415.0,18.0,83,Choosing experiments to accelerate collective discovery
4246649397,3,3,0,"2793071066,2547045893,2066752129",https://doi.org/10.1126/science.1201765,2011,article,251,3880285.0,33.0,46,Metaknowledge
3047037404,3,0,3,"2913773162,2793071066,2066752129",https://doi.org/10.1080/13662716.2020.1792274,2020,article,246,36209479.0,17.0,361,The Open Innovation in Science research field: a collaborative conceptualisation approach
1970372549,3,2,1,"2066752129,3123050710,2793071066",https://doi.org/10.1371/journal.pone.0122565,2015,article,208,202381698.0,18.0,24,Long-Distance Interdisciplinarity Leads to Higher Scientific Impact
2037997493,3,3,0,"2793071066,4378980478,2547045893",https://doi.org/10.1073/pnas.1401992111,2014,article,202,125754415.0,18.0,58,Collective credit allocation in science
2085692706,3,3,0,"2808505390,2793071066,2066752129",https://doi.org/10.1371/journal.pone.0001683,2008,article,182,202381698.0,18.0,37,Effectiveness of Journal Ranking Schemes as a Tool for Locating Information
2049213211,3,3,0,"2793071066,4378980478,2547045893",https://doi.org/10.1038/srep04770,2014,article,181,196734849.0,18.0,37,"Career on the Move: Geography, Stratification and Scientific Impact"
2067878796,3,3,0,"2547045893,3201257425,4378980478",https://doi.org/10.1038/nature09040,2010,article,180,137773608.0,33.0,35,The role of mentorship in protégé performance
2192866431,3,2,1,"2066752129,4378980478,2547045893",https://doi.org/10.1038/nphys3494,2015,article,153,156274416.0,17.0,27,A century of physics
2902096938,3,0,3,"2793071066,2066752129,2547045893",https://doi.org/10.1038/s41562-018-0474-5,2018,article,149,2764866340.0,12.0,80,The universal decay of collective memory and attention
2950285081,3,1,2,"4378980478,2793071066,2547045893",https://doi.org/10.1038/s41467-018-07034-y,2018,article,123,64187185.0,36.0,55,Intellectual synthesis in mentorship determines success in academic careers
3034146980,3,1,2,"4378980478,2547045893,2066752129",https://doi.org/10.1073/pnas.1915516117,2020,article,120,125754415.0,36.0,60,Mentorship and protégé success in STEM fields
2979661385,3,0,3,"2547045893,2793071066,2913773162",https://doi.org/10.1371/journal.pbio.3000385,2019,article,117,154343897.0,18.0,16,"The NIH Open Citation Collection: A public access, broad coverage resource"
3084203476,3,1,2,"4378980478,2793071066,2547045893",https://doi.org/10.1073/pnas.2001682117,2020,article,107,125754415.0,17.0,42,Improving data access democratizes and diversifies science
2889066974,3,0,3,"2793071066,2066752129,2547045893",https://doi.org/10.1073/pnas.1800485115,2018,article,105,125754415.0,18.0,84,Scientific prize network predicts who pushes the boundaries of science
4360827085,3,0,3,"3201257425,2066752129,2793071066",https://doi.org/10.1038/s41467-023-36741-4,2023,article,99,64187185.0,18.0,76,Surprising combinations of research contents and contexts are related to impact and emerge with scientific outsiders from distant disciplines
2950657507,3,0,3,"2793071066,2066752129,2547045893",https://doi.org/10.1073/pnas.1914370116,2020,article,97,125754415.0,17.0,62,Predicting research trends with semantic and neural networks with an application in quantum physics
2982316861,3,0,3,"2547045893,2793071066,2808505390",https://doi.org/10.1038/s41586-019-1725-y,2019,article,82,137773608.0,18.0,113,"Quantifying the dynamics of failure across science, startups and security"
3177048599,3,0,3,"2913773162,2066752129,2303284028",https://doi.org/10.1016/j.joi.2021.101234,2021,article,75,205292342.0,31.0,100,New directions in science emerge from disconnection and discord
3034472220,3,0,3,"3123050710,2066752129,2913773162",https://doi.org/10.1002/asi.24416,2020,article,74,4210197613.0,14.0,75,The measurement of “interdisciplinarity” and “synergy” in scientific and extra‐scientific collaborations
4388129970,3,0,3,"2547045893,2913773162,2793071066",https://doi.org/10.1038/s41598-023-46050-x,2023,article,70,196734849.0,18.0,45,Early-career factors largely determine the future impact of prominent researchers: evidence across eight scientific fields
2924476770,3,1,2,"4313545395,2913773162,2066752129",https://doi.org/10.3145/epi.2019.mar.07,2019,article,63,180455664.0,18.0,9,Disruption index depends on length of citation window
2979845147,3,0,3,"2793071066,2808505390,2547045893",https://doi.org/10.1109/tkde.2019.2946825,2019,article,62,30698027.0,17.0,52,Shifu2: A Network Representation Learning Based Model for Advisor-advisee Relationship Mining
3152800444,3,2,1,"4378980478,3201257425,2066752129",https://doi.org/10.1126/sciadv.abb9004,2021,article,61,2737427234.0,18.0,58,Neural embeddings of scholarly periodicals reveal complex disciplinary organizations
4403338646,3,0,3,"2913773162,2793071066,4378980478",https://doi.org/10.1038/s41562-024-02020-5,2024,article,57,2764866340.0,27.0,135,Quantifying the use and potential benefits of artificial intelligence in scientific research
3098671446,3,0,3,"2808505390,2066752129,2547045893",https://doi.org/10.1038/s41467-020-19723-8,2020,article,50,64187185.0,32.0,53,RETRACTED ARTICLE: The association between early career informal mentorship in academic collaborations and junior author performance
3041673792,3,0,3,"2793071066,3123050710,2066752129",https://doi.org/10.1016/j.respol.2020.104071,2020,article,50,9731383.0,20.0,65,Technological impact of biomedical research: The role of basicness and novelty
4220652835,3,0,3,"3201257425,2066752129,2808505390",https://doi.org/10.1177/00018392221083650,2022,article,48,143668711.0,33.0,96,One-Hit Wonders versus Hit Makers: Sustaining Success in Creative Industries
2908116483,3,1,2,"2547045893,3201257425,2808505390",https://doi.org/10.1038/s41467-019-10213-0,2019,article,48,64187185.0,20.0,48,Quantifying and predicting success in show business
3168344805,3,0,3,"2913773162,2066752129,2303284028",https://doi.org/10.1007/s11192-022-04293-x,2022,article,44,148561398.0,18.0,71,The association between topic growth and citation impact of research publications
4287510462,3,0,3,"2066752129,2913773162,3123050710",https://doi.org/10.1371/journal.pone.0271678,2022,article,43,202381698.0,20.0,52,"Scientific collaboration, research funding, and novelty in scientific knowledge"
2955377093,3,0,3,"2303284028,2066752129,3123050710",https://doi.org/10.1016/j.respol.2019.103807,2019,article,41,9731383.0,33.0,118,Who moves to the methodological edge? Factors that encourage scientists to use unconventional methods
3202581213,3,0,3,"2066752129,2913773162,2808505390",https://doi.org/10.1016/bs.hesind.2021.11.013,2021,book-chapter,40,72310667.0,20.0,579,Innovation: market failures and public policies
2607159947,3,1,2,"2066752129,4378980478,2547045893",https://doi.org/10.1016/j.joi.2017.04.002,2017,article,40,205292342.0,18.0,69,The time dimension of science: Connecting the past to the future
4391843732,3,0,3,"2913773162,2547045893,2066752129",https://doi.org/10.1057/s41599-024-02781-4,2024,article,37,4210206302.0,18.0,33,"Science’s greatest discoverers: a shift towards greater interdisciplinarity, top universities and older age"
3128803561,3,0,3,"2913773162,2793071066,2547045893",https://doi.org/10.1371/journal.pone.0253397,2021,preprint,36,202381698.0,18.0,53,The h-index is no longer an effective correlate of scientific reputation
3092548724,3,0,3,"2066752129,2793071066,2913773162",https://doi.org/10.1186/s12915-020-00868-3,2020,article,35,25903957.0,17.0,25,Importance of scientific collaboration in contemporary drug discovery and development: a detailed network analysis
4388416783,3,0,3,"2913773162,2066752129,2303284028",https://doi.org/10.1002/asi.24840,2023,article,34,4210197613.0,18.0,67,Monodisciplinary collaboration disrupts science more than multidisciplinary collaboration
3178771062,3,0,3,"2808505390,2913773162,2547045893",https://doi.org/10.1016/j.joi.2021.101193,2021,article,31,205292342.0,18.0,73,Become a better you: Correlation between the change of research direction and the change of scientific performance
4392935278,3,0,3,"2913773162,2303284028,4313545395",https://doi.org/10.1016/j.respol.2024.104992,2024,article,29,9731383.0,14.0,23,Is there a secular decline in disruptive patents? Correcting for measurement bias
4410818492,3,0,3,"2913773162,2066752129,3201257425",https://doi.org/10.1038/s41586-025-09048-1,2025,article,29,137773608.0,18.0,77,The pivot penalty in research
4404947271,3,0,3,"2303284028,2547045893,2066752129",https://doi.org/10.1016/j.ipm.2024.103973,2024,article,27,174847851.0,32.0,48,Are large language models qualified reviewers in originality evaluation?
3129670331,3,1,2,"2303284028,2913773162,4313545395",https://doi.org/10.3145/epi.2021.ene.21,2021,article,26,180455664.0,18.0,17,A proposal to revise the disruption index
2951456998,3,0,3,"2547045893,2913773162,2808505390",https://doi.org/10.1109/tcss.2019.2913460,2019,article,26,2490693980.0,32.0,36,Academic Team Formulation Based on Liebig’s Barrel: Discovery of Anticask Effect
3114853674,3,0,3,"2066752129,2547045893,2808505390",https://doi.org/10.1038/s41467-020-20617-y,2020,retraction,25,64187185.0,32.0,52,Retraction Note: The association between early career informal mentorship in academic collaborations and junior author performance
4383041473,3,0,3,"2303284028,4313545395,2066752129",https://doi.org/10.1016/j.techfore.2023.122735,2023,article,24,39307421.0,20.0,121,How is government embedded in innovation process for breakthroughs? A meta-synthesis of qualitative case studies
4403121713,3,0,3,"2303284028,2913773162,4313545395",https://doi.org/10.1162/qss_a_00333,2024,article,23,4210195326.0,18.0,57,The disruption index is biased by citation inflation
4401533943,3,0,3,"4313545395,2303284028,2913773162",https://doi.org/10.1287/orsc.2022.16770,2024,article,22,206124708.0,20.0,121,Regulation and Innovation Revisited: How Restrictive Environments Can Promote Destabilizing New Technologies
3037119610,3,0,3,"2547045893,2793071066,2808505390",https://doi.org/10.1145/3385530,2020,article,22,41523882.0,18.0,47,The Gene of Scientific Success
4200591549,3,0,3,"2303284028,2913773162,2793071066",https://doi.org/10.1162/qss_a_00158,2021,article,21,4210195326.0,33.0,70,Applied usage and performance of statistical matching in bibliometrics: The comparison of milestone and regular papers with multiple measurements of disruptiveness as an empirical example
4396763965,3,0,3,"2066752129,3123050710,4378980478",https://doi.org/10.1016/j.ipm.2024.103766,2024,article,21,174847851.0,31.0,80,Research on scientific knowledge evolution patterns based on ego-centered fine-granularity citation network
3175210347,3,0,3,"2808505390,2913773162,2547045893",https://doi.org/10.1016/j.ipm.2021.102661,2021,article,20,174847851.0,18.0,68,Characterizing scientists leaving science before their time: Evidence from mathematics
4200595950,3,0,3,"2793071066,2547045893,2066752129",https://doi.org/10.1016/j.knosys.2021.107839,2021,article,20,10169007.0,17.0,79,Heterogeneous dynamical academic network for learning scientific impact propagation
2926948308,3,1,2,"2808505390,3201257425,2547045893",https://doi.org/10.1609/icwsm.v13i01.3219,2019,article,20,4387284482.0,31.0,38,Hot Streaks on Social Media
3162584809,3,0,3,"2913773162,2793071066,2066752129",https://doi.org/10.1016/j.joi.2021.101165,2021,article,20,205292342.0,18.0,58,Potential index: Revealing the future impact of research topics based on current knowledge networks
4394975915,3,0,3,"4313545395,2066752129,3123050710",https://doi.org/10.1016/j.ipm.2024.103743,2024,article,20,174847851.0,18.0,136,The prominent and heterogeneous gender disparities in scientific novelty: Evidence from biomedical doctoral theses
3173135198,3,0,3,"2303284028,2066752129,2913773162",https://doi.org/10.31235/osf.io/2t46f,2021,article,20,,14.0,107,Surprise! Measuring Novelty as Expectation Violation
2922274385,3,0,3,"2547045893,2793071066,2808505390",https://doi.org/10.1109/access.2019.2905955,2019,article,19,2485537415.0,18.0,114,"Author Impact: Evaluations, Predictions, and Challenges"
4311700917,3,0,3,"2913773162,2066752129,2303284028",https://doi.org/10.1093/pnasnexus/pgac275,2022,article,19,4220651275.0,33.0,45,A deep-learning model of prescient ideas demonstrates that they emerge from the periphery
4401071832,3,0,3,"3123050710,2793071066,2066752129",https://doi.org/10.1073/pnas.2402646121,2024,article,18,125754415.0,18.0,101,Slow convergence: Career impediments to interdisciplinary biomedical research
3134786756,3,0,3,"2793071066,2913773162,2066752129",https://doi.org/10.1007/s11192-021-03885-3,2021,article,18,148561398.0,18.0,66,Assessment of gender divide in scientific communities
2970585409,3,0,3,"2547045893,2793071066,2808505390",https://doi.org/10.1038/s41598-020-60055-w,2020,article,17,196734849.0,12.0,37,"Elites, communities and the limited benefits of mentorship in electronic music"
4387150591,3,0,3,"2303284028,2547045893,4313545395",https://doi.org/10.1016/j.ipm.2023.103512,2023,article,16,174847851.0,17.0,58,H2CGL: Modeling dynamics of citation network for impact prediction
4396694003,3,0,3,"2066752129,2913773162,2793071066",https://doi.org/10.1093/pnasnexus/pgae155,2024,article,16,4220651275.0,18.0,43,Hidden citations obscure true impact in science
4410892607,3,0,3,"2913773162,2303284028,2066752129",https://doi.org/10.1016/j.ipm.2025.104225,2025,article,16,174847851.0,17.0,38,"PaperEval: A universal, quantitative, and explainable paper evaluation method powered by a multi-agent system"
3129116370,3,0,3,"2066752129,2547045893,2793071066",https://doi.org/10.1007/s11192-020-03860-4,2021,article,16,148561398.0,17.0,33,"Turing Award elites revisited: patterns of productivity, collaboration, authorship and impact"
3088965122,3,0,3,"3123050710,2913773162,2066752129",,2020,preprint,15,,33.0,61,Can pandemics transform scientific novelty? Evidence from COVID-19
3006044141,3,0,3,"2547045893,2913773162,2793071066",https://doi.org/10.1109/vast47406.2019.8986934,2019,article,14,,31.0,48,Influence Flowers of Academic Entities
4234267853,3,0,3,"2066752129,2303284028,2913773162",https://doi.org/10.31235/osf.io/mjbxg,2021,preprint,14,,13.0,66,Acceptance in Top Journals Shows Large Disparities across Name-inferred Ethnicities
4319879122,3,0,3,"2066752129,2808505390,3123050710",https://doi.org/10.1140/epjds/s13688-023-00377-7,2023,article,13,2504380752.0,17.0,43,Novelty and cultural evolution in modern popular music
3194513023,3,0,3,"2066752129,2913773162,2808505390",https://doi.org/10.3386/w29173,2021,preprint,13,2809516038.0,20.0,708,Innovation: Market Failures and Public Policies
4402526580,3,0,3,"2066752129,2303284028,2913773162",https://doi.org/10.1007/s11192-024-05150-9,2024,article,13,148561398.0,18.0,62,An integrated indicator for evaluating scientific papers: considering academic impact and novelty
3209223379,3,0,3,"2303284028,2066752129,2793071066",https://doi.org/10.1109/tem.2021.3119437,2021,article,13,154533451.0,14.0,75,Recombination of Knowledge Components and Knowledge Impact: Neighboring Components Versus Distant Components
4323271756,3,0,3,"2793071066,2066752129,2547045893",https://doi.org/10.2478/jdis-2023-0003,2023,article,12,2764801193.0,26.0,44,Practical operation and theoretical basis of difference-in-difference regression in science of science: The comparative trial on the scientific performance of Nobel laureates versus their coauthors
4388531256,3,0,3,"2913773162,2793071066,4313545395",https://doi.org/10.1002/agt2.451,2023,article,12,4210220553.0,25.0,49,How does aggregation‐induced emission aggregate interdisciplinary research?
4285731179,3,0,3,"2913773162,2066752129,3123050710",https://doi.org/10.1007/s11192-022-04462-y,2022,article,12,148561398.0,18.0,73,Cover papers of top journals are reliable source for emerging topics detection: a machine learning based prediction framework
3100786668,3,1,2,"2793071066,2303284028,2066752129",https://doi.org/10.2139/ssrn.3034125,2017,article,11,4210172589.0,14.0,38,Large Teams Have Developed Science and Technology; Small Teams Have Disrupted It
4394018818,3,0,3,"4313545395,2303284028,2913773162",https://doi.org/10.1016/j.eist.2024.100836,2024,article,11,2764720322.0,20.0,111,Fueling a net-zero future: The influence of government-funded research on climate change mitigation inventions
3135677247,3,0,3,"2793071066,2913773162,2066752129",https://doi.org/10.3390/educsci11030107,2021,article,10,2738008561.0,33.0,120,Nature of Science (NOS) Being Acquainted with Science of Science (SoS): Providing a Panoramic Picture of Sciences to Embody NOS for Pre-Service Teachers
3049463120,3,0,3,"2793071066,2808505390,2547045893",https://doi.org/10.48550/arxiv.2008.07097,2020,preprint,10,4306400194.0,17.0,38,Shifu2: A Network Representation Learning Based Model for Advisor-advisee Relationship Mining
4386158338,3,0,3,"2913773162,4313545395,3123050710",https://doi.org/10.1093/scipol/scad047,2023,article,9,4210168539.0,18.0,64,Fun and less fun funding: the experiential affordances of research grant conditions
4399208773,3,0,3,"2303284028,2913773162,4313545395",https://doi.org/10.2196/55121,2024,article,9,17147534.0,18.0,58,Evaluation and Comparison of Academic Impact and Disruptive Innovation Level of Medical Journals: Bibliometric Analysis and Disruptive Evaluation
4311177633,3,0,3,"2547045893,2808505390,2913773162",https://doi.org/10.1038/s41598-022-25714-0,2022,article,9,196734849.0,20.0,92,Beijing’s central role in global artificial intelligence research
4249955386,3,1,2,"2303284028,4313545395,3123050710",https://doi.org/10.1787/06913b3b-en,2021,paratext,9,4210170535.0,27.0,16,Effective policies to foster high-risk/high-reward research
4402373562,3,0,3,"4313545395,2066752129,3123050710",https://doi.org/10.1108/el-03-2024-0071,2024,article,9,902750600.0,18.0,36,Unveiling novelty evolution in the field of library and information science in China
4312863230,3,0,3,"2793071066,2303284028,2066752129",https://doi.org/10.1109/tem.2022.3212793,2022,article,9,154533451.0,14.0,71,"Neighboring Knowledge Recombination: Knowledge Relationship Intensity, Neighboring Knowledge Concentration, and Knowledge Impact"
4293428552,3,0,3,"2793071066,2913773162,3201257425",https://doi.org/10.1016/j.joi.2022.101321,2022,article,9,205292342.0,18.0,54,Bibliographic coupling networks reveal the advantage of diversification in scientific projects
4388398979,3,0,3,"2793071066,2066752129,3123050710",https://doi.org/10.1002/smj.3564,2023,article,8,102949365.0,33.0,81,The new needs friends: Simmelian strangers and the selection of novelty
4396674048,3,0,3,"2547045893,2913773162,2793071066",https://doi.org/10.1162/qss_a_00312,2024,article,8,4210195326.0,14.0,44,"Talent hat, cross-border mobility, and career development in China"
4362715514,3,0,3,"3201257425,2547045893,2808505390",https://doi.org/10.33871/23179937.2022.10.1.2,2022,article,8,2738558080.0,14.0,24,From Compact Discs to Streaming: A Comparison of Eras within the Brazilian Market
4385537590,3,0,3,"2913773162,2303284028,2066752129",https://doi.org/10.1016/j.joi.2023.101432,2023,article,8,205292342.0,18.0,97,Conceptual and technical work: Who will disrupt science?
4400610252,3,0,3,"2066752129,2793071066,3123050710",https://doi.org/10.1007/s11192-024-05085-1,2024,article,7,148561398.0,18.0,215,How to measure interdisciplinary research? A systemic design for the model of measurement
4401199402,3,0,3,"2913773162,3123050710,4313545395",https://doi.org/10.1111/puar.13857,2024,article,7,76877748.0,18.0,88,Why do some academic articles receive more citations from policy communities?
4399678874,3,0,3,"2793071066,2913773162,2066752129",https://doi.org/10.1111/psj.12548,2024,article,7,119514724.0,33.0,28,The dynamics of issue attention in policy process scholarship
4319240607,3,0,3,"2547045893,2793071066,2913773162",https://doi.org/10.1016/j.joi.2022.101375,2023,article,7,205292342.0,20.0,81,Research complexity increases with scientists’ academic age: Evidence from library and information science
4310063356,3,0,3,"3201257425,2793071066,2547045893",https://doi.org/10.1016/j.joi.2022.101356,2022,article,7,205292342.0,18.0,51,Hidden scales in statistics of citation indicators
4404995171,3,0,3,"2913773162,2303284028,4313545395",https://doi.org/10.1007/s10961-024-10173-8,2024,article,7,185905316.0,14.0,96,Turning creative ideas into successful innovations: differential effects of network structure for radical and incremental innovation
4308149270,3,0,3,"2913773162,2793071066,2808505390",https://doi.org/10.1016/j.joi.2022.101346,2022,article,7,205292342.0,31.0,76,Collaborative Team Recognition: A Core Plus Extension Structure
4284965777,3,0,3,"2808505390,2913773162,2547045893",https://doi.org/10.1038/s41598-022-14980-7,2022,article,6,196734849.0,20.0,66,Significant hot hand effect in the game of cricket
4229443326,3,0,3,"2547045893,2793071066,2808505390",https://doi.org/10.1038/s41598-022-10837-1,2022,article,6,196734849.0,31.0,36,Synchronized bursts of productivity and success in individual careers
4401481851,3,0,3,"2913773162,4313545395,2303284028",https://doi.org/10.1016/j.techfore.2024.123586,2024,article,6,39307421.0,20.0,62,Extensive growth of inventions: Evidence from U.S. patenting
4417152112,3,0,3,"2793071066,2913773162,4378980478",https://doi.org/10.1038/s43588-025-00906-6,2025,article,6,4210228084.0,18.0,54,SciSciGPT: advancing human–AI collaboration in the science of science
4407385616,3,0,3,"2303284028,2066752129,3123050710",https://doi.org/10.1016/j.eswa.2025.126778,2025,article,6,13144211.0,25.0,74,SC4ANM: Identifying optimal section combinations for automated novelty prediction in academic papers
4400136398,3,0,3,"2066752129,2913773162,4378980478",https://doi.org/10.1007/s11192-024-05089-x,2024,article,5,148561398.0,33.0,56,Women’s strength in science: exploring the influence of female participation on research impact and innovation
4309713194,3,0,3,"2547045893,2913773162,2793071066",https://doi.org/10.1140/epjds/s13688-022-00369-z,2022,article,5,2504380752.0,32.0,43,Academic support network reflects doctoral experience and productivity
4389167573,3,0,3,"4313545395,2303284028,2793071066",https://doi.org/10.1371/journal.pone.0294946,2023,article,5,202381698.0,18.0,95,Open reproducible scientometric research with Alexandria3k
2987881686,3,0,3,"2066752129,2808505390,3123050710",https://doi.org/10.48550/arxiv.1911.02712,2019,preprint,5,4306400194.0,18.0,34,The effect of novelty on the future impact of scientific grants
4200013400,3,0,3,"2793071066,2808505390,2303284028",https://doi.org/10.1109/bigdia53151.2021.9619692,2021,article,4,,18.0,19,A Disruptive Technology Identification Method Based on Multisource Data: Take Unmanned Aerial Vehicle Systems As An Example
4411092606,3,0,3,"2303284028,2913773162,4313545395",https://doi.org/10.1016/j.ipm.2025.104207,2025,article,4,174847851.0,33.0,38,Identifying potentially disruptive research via a comparative power-based large model
4388270696,3,0,3,"2547045893,3123050710,2793071066",https://doi.org/10.1109/tcss.2023.3325264,2023,article,4,2490693980.0,18.0,91,Mutual Influence in Citation and Cooperation Patterns
4200080656,3,0,3,"2547045893,2793071066,2808505390",https://doi.org/10.1371/journal.pone.0260567,2021,article,4,202381698.0,32.0,86,RASE: Modeling cumulative disadvantage due to marginalized group status in academia
4322494904,3,0,3,"2547045893,2793071066,2808505390",https://doi.org/10.1007/s11192-023-04660-2,2023,article,4,148561398.0,31.0,44,Impact of field of study (FoS) on authors’ citation trend
3123746466,3,0,3,"2913773162,3123050710,2066752129",https://doi.org/10.2139/ssrn.3560339,2020,article,4,4210172589.0,14.0,72,The Measurement of 'Interdisciplinarity' and 'Synergy' in Scientific and Extra-Scientific Collaborations
4309297773,3,0,3,"2066752129,3123050710,2913773162",https://doi.org/10.1016/b978-0-12-818630-5.02086-8,2022,book-chapter,4,4306463230.0,14.0,126,Academic capitalism and market thinking in higher education
4409841107,3,0,3,"2066752129,3201257425,2913773162",https://doi.org/10.1016/j.joi.2025.101673,2025,article,3,205292342.0,18.0,86,Affiliation homogeneity and scientific impact: A comparative study across nations
4281397747,3,0,3,"2808505390,2547045893,3201257425",https://doi.org/10.33871/23179937.2022.10.1.4689,2022,article,3,2738558080.0,14.0,24,From Compact Discs to Streaming: A Comparison of Eras within the Brazilian Market
4366769271,3,0,3,"2793071066,2808505390,2913773162",https://doi.org/10.2478/jdis-2023-0008,2023,article,3,2764801193.0,26.0,64,Regression discontinuity design and its applications to Science of Science: A survey
4392109872,3,0,3,"2913773162,2066752129,3123050710",https://doi.org/10.1007/s11192-024-04937-0,2024,article,3,148561398.0,18.0,45,Measuring the evolving stage of temporal distribution of research topic keyword in scientific literature by research heat curve
4416186255,3,0,3,"2066752129,2913773162,3123050710",https://doi.org/10.1016/j.respol.2025.105358,2025,article,3,9731383.0,36.0,79,Risk in science: The socialization of risk-taking in early-career training
4389913927,3,0,3,"2066752129,2793071066,2913773162",https://doi.org/10.3390/su152416915,2023,article,3,10134376.0,26.0,54,The Collaboration Patterns of Institution during the COVID-19 Pandemic
3160403291,3,0,3,"2913773162,2066752129,2303284028",https://doi.org/10.31235/osf.io/j24pw,2020,article,3,,33.0,39,A Deep-Learning Model Of Prescient Ideas Demonstrates That They Emerge From The Periphery
4416980522,3,0,3,"2913773162,2303284028,4313545395",https://doi.org/10.1007/s11023-025-09755-8,2025,article,2,160466889.0,20.0,59,Decreasing Disruption and Increasing Concentration of Artificial Intelligence
4226043506,3,0,3,"3201257425,2808505390,2547045893",https://doi.org/10.1371/journal.pone.0265446,2022,article,2,202381698.0,32.0,28,Social benefits and individual costs of creativity in art and science: A statistical analysis based on a theoretical framework
3188762338,3,0,3,"2913773162,2793071066,2066752129",,2021,preprint,2,4306400194.0,32.0,78,Team Power and Hierarchy: Understanding Team Success.
3179925474,3,0,3,"2066752129,2913773162,2793071066",https://doi.org/10.2139/ssrn.3886142,2021,preprint,2,4210172589.0,26.0,62,Adaptability and the Pivot Penalty in Science
4394730027,3,0,3,"4313545395,2913773162,2303284028",https://doi.org/10.2139/ssrn.4790784,2024,article,2,4210172589.0,14.0,61,Is the Scholarly Field of Entrepreneurship at Its End?
4407847728,3,0,3,"2303284028,2547045893,2913773162",https://doi.org/10.1016/j.techfore.2025.124053,2025,article,2,39307421.0,14.0,85,Recognition of promising technologies considering inventor and assignee's historic performance: A machine learning approach
2938371471,3,0,3,"2547045893,2793071066,2808505390",https://doi.org/10.1140/epjds/s13688-019-0205-9,2019,preprint,2,2504380752.0,18.0,40,Explore with caution: mapping the evolution of scientific interest in physics
4396916022,3,0,3,"2547045893,2066752129,2793071066",https://doi.org/10.1525/collabra.95047,2024,article,2,4210175756.0,18.0,153,Finding and Developing the 21st Century Scientific Pioneer
4406721862,3,0,3,"3123050710,2913773162,2066752129",https://doi.org/10.1162/qss_a_00349,2025,article,2,4210195326.0,17.0,57,Representing the disciplinary structure of physics: A comparative evaluation of graph and text embedding methods
4401942199,3,0,3,"2303284028,2913773162,4313545395",https://doi.org/10.1016/j.joi.2024.101570,2024,article,2,205292342.0,31.0,58,"Disruptive content, cross agglomeration interaction, and agglomeration replacement: Does cohesion foster strength?"
4399580116,3,0,3,"4313545395,2303284028,2913773162",https://doi.org/10.1038/s44319-024-00177-8,2024,article,2,57252141.0,22.0,16,In search of innovative potential
4389165997,3,0,3,"4313545395,2913773162,2303284028",https://doi.org/10.1016/j.jvsvi.2023.100036,2023,article,2,4387286742.0,27.0,27,Identifying disruptive publications and changing paradigms in vascular surgery
4394626855,3,0,3,"4313545395,3123050710,2066752129",https://doi.org/10.1007/978-3-031-57867-0_31,2024,book-chapter,2,106296714.0,18.0,29,A Content-Based Novelty Measure for Scholarly Publications: A Proof of Concept
4409800288,3,0,3,"2547045893,2913773162,2808505390",https://doi.org/10.1007/s11192-025-05329-8,2025,article,2,148561398.0,33.0,74,What kind of research network configurations lead to high academic productivity for young management scholars?—A fuzzy-set qualitative comparative analysis (fsQCA)
4412441430,3,0,3,"2303284028,2793071066,2913773162",https://doi.org/10.1016/j.joi.2025.101706,2025,article,2,205292342.0,18.0,37,Quantifying the disruptiveness of a paper by analyzing how it overshadows its successors
4406388459,3,0,3,"4313545395,3123050710,2913773162",https://doi.org/10.2196/59598,2025,article,2,17147534.0,18.0,44,Evaluation and Comparison of the Academic Quality of Open-Access Mega Journals and Authoritative Journals: Disruptive Innovation Evaluation
4413781108,3,0,3,"3123050710,2913773162,2066752129",https://doi.org/10.1016/j.joi.2025.101725,2025,article,2,205292342.0,18.0,76,"Enhancing the prediction of publications’ long-term impact using early citations, readerships, and non-scientific factors"
4383988707,3,0,3,"2547045893,2793071066,2808505390",https://doi.org/10.1371/journal.pone.0287226,2023,article,2,202381698.0,13.0,80,The evolution of scientific literature as metastable knowledge states
4410489600,3,0,3,"4313545395,2913773162,2303284028",https://doi.org/10.1016/j.joi.2025.101685,2025,article,1,205292342.0,18.0,85,Do OpenCitations and Dimensions serve as an alternative to Web of Science for calculating disruption indexes?
4400537346,3,0,3,"4313545395,2913773162,2303284028",https://doi.org/10.1136/medhum-2024-012928,2024,article,1,159563226.0,27.0,34,"Disruption, transformation and silos: medical humanities and the management gurus"
4387215235,3,0,3,"4313545395,2913773162,2303284028",https://doi.org/10.1177/08997640231196892,2023,article,1,168572994.0,33.0,61,"Neutral, Non-Disruptive, and Native: Why Do Chinese Nonprofit Scholars Cite English Articles?"
4409443622,3,0,3,"2913773162,2303284028,2066752129",https://doi.org/10.1177/01655515251330608,2025,article,1,68913162.0,18.0,41,Towards the assessment of mapping knowledge domains
4417453569,3,0,3,"3123050710,2793071066,2066752129",https://doi.org/10.1016/j.ipm.2025.104557,2025,article,1,174847851.0,13.0,58,Citation importance-aware document representation learning for large-scale science mapping
4387987353,3,0,3,"3201257425,4313545395,2808505390",https://doi.org/10.2139/ssrn.4586863,2023,article,1,4210172589.0,28.0,78,GenAI and the Future of Creativity in Science and Art
4381058749,3,0,3,"2303284028,2913773162,4313545395",https://doi.org/10.2139/ssrn.4483032,2023,preprint,1,4210172589.0,20.0,17,The Illusive Slump of Disruptive Patents
4412609675,3,0,3,"2066752129,2303284028,2913773162",https://doi.org/10.51408/issi2025_085,2025,article,1,,27.0,46,Scientific Travelers Associated with Less Disruption but Better Scientific Novelty
4387860811,3,0,3,"2303284028,2913773162,4313545395",https://doi.org/10.1002/pra2.989,2023,article,1,4393918545.0,31.0,13,Untangle the Characteristics of Disruptive and Consolidating Citations of Nobel‐winning Papers
4391648250,3,0,3,"3123050710,2066752129,2793071066",https://doi.org/10.31222/osf.io/hva4p,2024,preprint,1,,18.0,234,How to measure Interdisciplinary Research? A `systemic' design for the model of measurement
3014575707,3,0,3,"2303284028,2913773162,2793071066",https://doi.org/10.48550/arxiv.2004.00520,2020,preprint,1,4306400194.0,33.0,22,Evolution and Transformation of Scientific Knowledge over the Sphaera Corpus: A Network Study
4200351311,3,0,3,"2303284028,2066752129,2913773162",https://doi.org/10.31219/osf.io/3h8xp,2021,preprint,1,,32.0,65,Quantifying Vision through Language Demonstrates that Visionary Ideas Come from the Periphery
7083314789,3,0,3,"2913773162,3123050710,2066752129",https://doi.org/10.1016/j.eswa.2025.129794,2025,article,1,13144211.0,17.0,58,
3157875203,3,0,3,"2547045893,2793071066,2808505390",https://doi.org/10.1073/pnas.2106152118,2021,preprint,1,125754415.0,33.0,68,Postmortem memory of public figures in news and social media
4405533285,3,0,3,"2913773162,2066752129,3123050710",https://doi.org/10.1007/978-3-031-75216-2_7,2024,book-chapter,0,,14.0,57,Re-envisioning Investment Priorities
4415267170,3,0,3,"2066752129,3123050710,4313545395",https://doi.org/10.1016/j.respol.2025.105345,2025,article,0,9731383.0,20.0,54,The geography of novel and atypical research
4413305244,3,0,3,"2303284028,4313545395,2913773162",https://doi.org/10.1007/s11192-025-05404-0,2025,article,0,148561398.0,36.0,50,Popper’s probability calculus and the decline of scientific disruptiveness
4407857998,3,0,3,"4313545395,2066752129,3123050710",https://doi.org/10.2139/ssrn.5148652,2025,preprint,0,4210172589.0,18.0,70,Is Novel Research Always Risky?
4417142236,3,0,3,"2303284028,4313545395,2913773162",https://doi.org/10.1016/j.ipm.2025.104547,2025,article,0,174847851.0,14.0,72,Market potential matters: a novel approach for early identification of breakthrough research
4226244244,3,0,3,"2808505390,2913773162,2547045893",https://doi.org/10.21203/rs.3.rs-1003454/v2,2021,preprint,0,4306525896.0,20.0,54,Uncovering predictability of individual and team success: Significant Hot Hand Effect in International Cricket
4412901163,3,0,3,"4378980478,2793071066,2066752129",https://doi.org/10.1145/3715928.3737492,2025,article,0,4306400393.0,18.0,55,Multiplatform Early Predictors of Academic Articles' Visibility and Citations
4408508639,3,0,3,"4313545395,2303284028,2913773162",https://doi.org/10.2139/ssrn.5130373,2025,preprint,0,4210172589.0,17.0,65,AI-qualizing Science
7162287248,3,0,3,"4313545395,2793071066,2913773162",https://doi.org/10.1007/s11192-026-05661-7,2026,article,0,148561398.0,18.0,56,The impact of knowledge diversity on scientific output: distinct effects from collective and individual perspectives
7161808749,3,0,3,"2303284028,2913773162,4313545395",https://doi.org/10.21203/rs.3.rs-9585548/v1,2026,preprint,0,4306525896.0,14.0,29,Ex-ante Identification of Disruptive Technologies from Patent Text via LLM-Based Semantic Evidence Aggregation
4410795204,3,0,3,"2913773162,4313545395,4378980478",https://doi.org/10.1038/s43588-025-00812-x,2025,article,0,4210228084.0,13.0,8,When disruption endures
7148403339,3,0,3,"4313545395,2913773162,2303284028",https://doi.org/10.1057/s41270-026-00475-1,2026,article,0,4210182956.0,14.0,44,Measuring the disruptiveness of conceptual papers in the field of marketing
4402469273,3,0,3,"2547045893,2066752129,2793071066",https://doi.org/10.1016/j.physa.2024.130096,2024,article,0,24688465.0,18.0,33,A study on citation impact with age diversity among disciplines
7160053201,3,0,3,"4313545395,2303284028,2913773162",https://doi.org/10.1007/s11192-026-05618-w,2026,article,0,148561398.0,18.0,71,On the disruptiveness of interdisciplinary research and artificial intelligence for science
7165031885,3,0,3,"2913773162,4313545395,2066752129",https://doi.org/10.1177/17479541261445519,2026,article,0,33049603.0,32.0,38,Movers and shakers: A bibliometric analysis of sports science literature and the context-dependent impact of novelty
2965769976,3,0,3,"2547045893,2793071066,2913773162",https://doi.org/10.48550/arxiv.1907.12748,2019,preprint,0,4306400194.0,31.0,42,Influence Flowers of Academic Entities
3205440086,3,0,3,"2066752129,4313545395,2303284028",https://doi.org/10.2139/ssrn.3944922,2021,article,0,4210172589.0,14.0,66,Coming From Competitive Stock: Parental Status and Genealogical Implications for Scientist Performance
4412628839,3,0,3,"2066752129,3123050710,2913773162",https://doi.org/10.1007/s11192-025-05383-2,2025,article,0,148561398.0,18.0,67,The impact of scientific articles on Chinese social media: examining its correlation with novelty and citations
7139087325,3,0,3,"2913773162,4313545395,2303284028",https://doi.org/10.1057/s41599-026-06992-9,2026,article,0,4210206302.0,33.0,72,Co-utilizing global big science facilities: a novel type collaboration and the impacts on scientific disruption
7119663505,3,0,3,"2303284028,2793071066,2913773162",https://doi.org/10.1016/j.joi.2025.101758,2026,article,0,205292342.0,31.0,73,Weak ties in scientific cooperation contribute to scientific innovation
7154494373,3,0,3,"2913773162,4313545395,2303284028",https://doi.org/10.1016/j.joi.2026.101806,2026,article,0,205292342.0,12.0,41,Paper with code diffusion on GitHub: Disruption or consolidation?
3163871880,3,0,3,"3123050710,2066752129,2793071066",https://doi.org/10.33540/686,2021,dissertation,0,,14.0,434,"Innovation, institutions and institutional innovation"
7164880105,3,0,3,"2793071066,2066752129,3123050710",https://doi.org/10.1016/j.joi.2026.101840,2026,article,0,205292342.0,18.0,26,Distant but bridgeable: how geographic and cognitive distance jointly shape interdisciplinary knowledge production
7151060575,3,0,3,"4313545395,2913773162,2303284028",https://doi.org/10.1016/j.apenergy.2026.127832,2026,article,0,109565702.0,15.0,57,Exploring the landscape of electrochemical energy storage technologies: A disruptive innovation perspective
7154686052,3,0,3,"4313545395,2793071066,2066752129",https://doi.org/10.1073/pnas.2500343123,2026,article,0,125754415.0,14.0,42,The institutional dynamics of inequality for women inventors who break with conventional thinking
7162429004,3,0,3,"2303284028,2913773162,4313545395",https://doi.org/10.1016/j.ipm.2026.104899,2026,article,0,174847851.0,17.0,18,From bibliometrics to AI safety: Measuring internal persona disruption in LLMs with the DI-Persona metric
4283764309,3,0,3,"2913773162,2303284028,2066752129",https://doi.org/10.1371/journal.pone.0270648,2022,article,0,202381698.0,33.0,82,Explosive and implosive root concepts: An analysis of music moods rooted by two influential rap artists
7129754739,3,0,3,"2303284028,2913773162,4313545395",https://doi.org/10.1093/icc/dtag002,2026,article,0,145507837.0,14.0,81,Which discoveries are paradigm shifting?
4411885786,3,0,3,"2066752129,2913773162,4313545395",https://doi.org/10.1057/s41599-025-05124-z,2025,article,0,4210206302.0,18.0,53,The innovation trade-off: how following superstars shapes academic novelty
4407389569,3,0,3,"2303284028,2913773162,4313545395",https://doi.org/10.1101/2025.02.11.637417,2025,preprint,0,4306402567.0,18.0,62,AI-qualizing Science
4322491276,3,0,3,"2547045893,2913773162,2793071066",https://doi.org/10.1093/pnasnexus/pgad060,2023,article,0,4220651275.0,20.0,62,Quantification of the spatial–temporal patterns of great ideas
4413076986,3,0,3,"2913773162,4313545395,2303284028",https://doi.org/10.1007/s11192-025-05362-7,2025,article,0,148561398.0,14.0,47,Exaptation: unveiling the potential for technological innovation
4377087849,3,0,3,"4313545395,2066752129,3123050710",https://doi.org/10.55835/643b16770dbbd7f8a6d7c898,2023,article,0,,18.0,6,Geographical distribution of high-novelty research
7162498035,3,0,3,"2303284028,4313545395,2066752129",https://doi.org/10.2139/ssrn.6835483,2026,preprint,0,4210172589.0,14.0,44,"Disciplined Reorientation: Innovation Rhythm, Focused Search, and Breakthrough Innovation"
4402445675,3,0,3,"2913773162,2793071066,4378980478",https://doi.org/10.17853/1994-5639-2024-7-116-141,2024,article,0,2737075480.0,17.0,20,Science Studies as an educational discipline: experience of reconstruction
4405533608,3,0,3,"3123050710,2066752129,2913773162",https://doi.org/10.1007/978-3-031-75216-2_5,2024,book-chapter,0,,14.0,127,"Connectivity, Culture and Capabilities"
4408601348,3,0,3,"3123050710,2793071066,2066752129",https://doi.org/10.1057/s41599-025-04714-1,2025,article,0,4210206302.0,33.0,57,"Mean-reverting self-excitation drives evolution: phylogenetic analysis of a literary genre, waka, with a neural language model"
7139012483,3,0,3,"4313545395,2913773162,2303284028",https://doi.org/10.1016/j.techfore.2026.124649,2026,article,0,39307421.0,14.0,66,"AI-driven opportunity forecasting for technology startup identification: Integrating graph embedding, LLMs, and informetric analysis"
7130653081,3,0,3,"2913773162,2303284028,2066752129",https://doi.org/10.1002/asi.70067,2026,article,0,4210197613.0,18.0,43,"A semantic atlas of journals: Structure, position, and dispersion"
3126032076,3,0,3,"2547045893,2913773162,2793071066",https://doi.org/10.1038/s42005-021-00693-2,2021,preprint,0,4210200995.0,31.0,36,The emergence of heterogeneous scaling in research institutions
4392975421,3,0,3,"2913773162,2066752129,3123050710",https://doi.org/10.2139/ssrn.4766907,2024,preprint,0,4210172589.0,18.0,66,Unraveling Evolution of Science: Dynamics of Research Topic and Emergence of Novel Knowledge
4413412689,3,0,3,"2066752129,2793071066,4378980478",https://doi.org/10.1140/epjds/s13688-025-00580-8,2025,article,0,2504380752.0,18.0,83,Timing and cross-platform presence shape the online dissemination of science
4380487169,3,0,3,"2303284028,2913773162,4313545395",https://doi.org/10.31219/osf.io/eh7ga,2023,preprint,0,,33.0,107,"Neutral, non-disruptive, and native: Why do Chinese nonprofit scholars cite English articles?"
4413118314,3,0,3,"2913773162,4313545395,2303284028",https://doi.org/10.2139/ssrn.5391174,2025,preprint,0,4210172589.0,31.0,42,A Revised Disruption Index Considering Detailed Citation Information: Enhancing Noise Resistance and Differentiation
4412515387,3,0,3,"2793071066,2913773162,4378980478",https://doi.org/10.1111/1365-2435.70109,2025,article,0,174303711.0,17.0,40,Shared leadership can promote success in collaborative research networks in ecology
4413966485,3,0,3,"3123050710,4313545395,2913773162",https://doi.org/10.2139/ssrn.5401167,2025,preprint,0,4210172589.0,33.0,40,Academic Bubbles
4413979289,3,0,3,"3123050710,2913773162,2066752129",https://doi.org/10.1108/ajim-12-2024-0987,2025,article,0,4210181081.0,18.0,57,Do partners matter in scientific funding projects? Examining the impact of collaborative alliances on content novelty
3048805497,3,0,3,"2547045893,2793071066,2808505390",https://doi.org/10.48550/arxiv.2008.04648,2020,preprint,0,4306400194.0,18.0,99,"Author Impact: Evaluations, Predictions, and Challenges"
7129025385,3,0,3,"4313545395,2303284028,2066752129",https://doi.org/10.1287/orsc.2023.17601,2026,article,0,206124708.0,36.0,69,Advisor–Advisee Research Overlap and Its Implications for Scientists’ Early-Career Performance in the United States
4412475394,3,0,3,"4313545395,2793071066,2066752129",https://doi.org/10.1140/epjds/s13688-025-00568-4,2025,article,0,2504380752.0,17.0,23,Measuring how computer science research translates into innovation and development
4377087573,3,0,3,"4313545395,2303284028,2913773162",https://doi.org/10.55835/644117475a1411a1cb49918d,2023,article,0,,31.0,13,Measuring disruptiveness and continuity of research by using the Disruption Index (DI) – A Bayesian statistical approach
3211569674,3,0,3,"2808505390,2913773162,2547045893",https://doi.org/10.21203/rs.3.rs-1003454/v1,2021,preprint,0,4306525896.0,20.0,55,Uncovering predictability of individual and team success: Significant Hot Hand Effect in International Cricket
7155621229,3,0,3,"2303284028,2913773162,4313545395",https://doi.org/10.1016/j.joi.2026.101811,2026,article,0,205292342.0,18.0,74,Unpacking the predictive power of peer review under scientific disruption: Evidence from AI research
7125497925,3,0,3,"2913773162,2303284028,2066752129",https://doi.org/10.1108/ajim-06-2025-0404,2026,article,0,4210181081.0,18.0,79,What interdisciplinary collaboration patterns effectively promote knowledge innovation? A validation study in natural language processing
7162794330,3,0,3,"2547045893,2066752129,2913773162",https://doi.org/10.1007/s11192-026-05660-8,2026,article,0,148561398.0,18.0,108,Prediction of high-impact research: a historical review and research opportunities
2008620264,2,2,0,"2808505390,2793071066",https://doi.org/10.1126/science.286.5439.509,1999,article,36366,3880285.0,31.0,19,Emergence of Scaling in Random Networks
2137358449,2,2,0,"3123050710,2303284028",https://doi.org/10.2307/2232409,1983,article,21731,45992627.0,20.0,0,An Evolutionary Theory of Economic Change.
3105982350,2,2,0,"3201257425,4378980478",https://doi.org/10.15488/5174,2019,article,8266,4306401977.0,31.0,55,Double-slit photoelectron interference in strong-field ionization of the neon dimer
2099670044,2,2,0,"2303284028,4313545395",https://doi.org/10.2307/2392832,1986,article,6132,143668711.0,14.0,28,Technological Discontinuities and Organizational Environments
2002779084,2,2,0,"2303284028,3123050710",https://doi.org/10.1086/421787,2004,article,5410,122471516.0,14.0,106,Structural Holes and Good Ideas
1546171873,2,2,0,"4378980478,2793071066",https://doi.org/10.7312/pric91844,1963,book,4251,4306463045.0,33.0,0,"Little Science, Big Science"
2088209891,2,2,0,"4378980478,2793071066",https://doi.org/10.1126/science.149.3683.510,1965,article,3114,3880285.0,18.0,6,Networks of Scientific Papers
2068452509,2,2,0,"2547045893,3123050710",https://doi.org/10.1038/520429a,2015,article,2643,137773608.0,18.0,11,Bibliometrics: The Leiden Manifesto for research metrics
1961310889,2,2,0,"3123050710,2303284028",,2009,book,2040,,14.0,0,The Nature of Technology: What it Is and How it Evolves
2136968651,2,2,0,"2066752129,4313545395",https://doi.org/10.1086/432782,2005,article,1907,122471516.0,31.0,87,Collaboration and Creativity: The Small World Problem
2092124750,2,2,0,"2808505390,2793071066",https://doi.org/10.1038/nature05670,2007,article,1680,137773608.0,31.0,35,Quantifying social group evolution
2156539182,2,2,0,"3201257425,2793071066",https://doi.org/10.1177/053901847501400602,1975,article,1455,50876694.0,33.0,151,The specificity of the scientific field and the social conditions of the progress of reason
767067438,2,2,0,"4313545395,2793071066",https://doi.org/10.1016/j.joi.2016.02.007,2016,review,1266,205292342.0,18.0,388,A review of the literature on citation impact indicators
1968410348,2,2,0,"2793071066,3201257425",https://doi.org/10.7208/9780226217239,1977,article,1210,147691735.0,12.0,0,The essential tension : selected studies in scientific tradition and change
3043042346,2,1,1,"2793071066,4378980478",https://doi.org/10.1038/s41562-020-0921-y,2020,article,732,2764866340.0,27.0,10,Unequal effects of the COVID-19 pandemic on scientists
1530265405,2,2,0,"4313545395,2303284028",https://doi.org/10.1515/9781400837342,2011,book,703,4306463805.0,20.0,11,Innovation and Its Discontents
956237728,2,1,1,"2913773162,2066752129",https://doi.org/10.17226/19007,2015,book,633,4306463641.0,18.0,533,Enhancing the Effectiveness of Team Science
2077497904,2,2,0,"2793071066,2547045893",https://doi.org/10.1037/0033-295x.104.1.66,1997,article,617,35223124.0,32.0,172,Creative productivity: A predictive and explanatory model of career trajectories and landmarks.
2159299749,2,2,0,"3123050710,2793071066",https://doi.org/10.1023/b:scie.0000018543.82441.f1,2004,article,587,148561398.0,31.0,3,Sleeping Beauties in science
2146435332,2,2,0,"2303284028,4313545395",https://doi.org/10.1016/j.respol.2006.11.005,2007,article,473,9731383.0,14.0,70,The structure of invention
4233975025,2,2,0,"2793071066,2547045893",https://doi.org/10.1037//0033-295x.104.1.66,1997,article,448,35223124.0,32.0,0,Creative productivity: A predictive and explanatory model of career trajectories and landmarks.
1983454294,2,2,0,"2547045893,2808505390",https://doi.org/10.1063/1.1996475,2005,article,427,180907581.0,18.0,33,Citation Statistics from 110 Years of Physical Review
1998116478,2,1,1,"2066752129,3123050710",https://doi.org/10.1016/j.respol.2014.10.007,2014,article,351,9731383.0,18.0,152,Creativity in scientific teams: Unpacking novelty and impact
3103443220,2,1,1,"2793071066,2066752129",https://doi.org/10.1002/asi.23734,2016,article,343,4210197613.0,18.0,58,Which Type of Citation Analysis Generates the Most Accurate Taxonomy of Scientific and Technical Knowledge?
2743628650,2,1,1,"2066752129,4378980478",https://doi.org/10.1126/science.aam9527,2017,article,300,3880285.0,14.0,46,The dual frontier: Patented inventions and prior scientific advance
3022499311,2,0,2,"2913773162,2066752129",https://doi.org/10.1146/annurev-soc-121919-054621,2020,article,289,61274580.0,31.0,142,Computational Social Science and Sociology
2088909840,2,2,0,"4378980478,2547045893",https://doi.org/10.1126/science.1154562,2009,article,264,3880285.0,18.0,18,Open Access and Global Participation in Science
2075054625,2,2,0,"2808505390,2793071066",https://doi.org/10.1371/journal.pone.0051332,2012,article,256,202381698.0,33.0,40,The Possible Role of Resource Requirements and Academic Career-Choice Risk on Gender Differences in Publication Rate and Impact
2936032879,2,1,1,"4378980478,3123050710",https://doi.org/10.1002/smj.3145,2020,article,254,102949365.0,14.0,48,Reliance on science: Worldwide front‐page patent citations to scientific articles
2949684159,2,0,2,"2547045893,2793071066",https://doi.org/10.1038/s41467-019-13130-4,2019,article,250,64187185.0,18.0,54,Early coauthorship with top scientists predicts success in academic careers
1968900087,2,2,0,"2793071066,2547045893",https://doi.org/10.1038/489201a,2012,article,247,137773608.0,18.0,7,Predicting scientific success
2133115696,2,2,0,"4313545395,2303284028",https://doi.org/10.5465/amj.2012.0585,2013,article,240,117778295.0,14.0,110,"Making the Most of Where You Are: Geography, Networks, and Innovation in Organizations"
3095837292,2,0,2,"2066752129,2303284028",https://doi.org/10.1016/j.respol.2020.104144,2020,article,237,9731383.0,14.0,82,"Natural language processing to identify the creation and impact of new technologies in patent text: Code, data, and new measures"
3130449896,2,0,2,"2913773162,2793071066",https://doi.org/10.1093/scipol/scab010,2021,article,234,4210168539.0,18.0,96,"Benefits, Motivations, and Challenges of International Collaborative Research: A Sociology of Science Case Study"
2896629373,2,0,2,"2066752129,3123050710",https://doi.org/10.1016/j.respol.2019.01.002,2019,article,229,9731383.0,18.0,101,"International research collaboration: Novelty, conventionality, and atypicality in knowledge recombination"
2899748628,2,0,2,"2808505390,2547045893",https://doi.org/10.1126/science.aau7224,2018,article,212,3880285.0,12.0,23,Quantifying reputation and success in art
4205302485,2,2,0,"3201257425,4378980478",https://doi.org/10.1017/9781108610834,2021,book,212,4306462995.0,18.0,0,The Science of Science
2757063724,2,2,0,"2793071066,4378980478",https://doi.org/10.1038/550029a,2017,article,211,137773608.0,27.0,4,Scientists have most impact when they're free to move
363554780,2,1,1,"3123050710,2066752129",https://doi.org/10.1371/journal.pone.0127298,2015,article,208,202381698.0,18.0,73,"Interdisciplinarity and Impact: Distinct Effects of Variety, Balance, and Disparity"
1525763102,2,2,0,"3201257425,2808505390",https://doi.org/10.1515/9781400837397,2006,book,208,4377196299.0,32.0,0,Old Masters and Young Geniuses: The Two Life Cycles of Artistic Creativity
4289877870,2,0,2,"3123050710,2066752129",https://doi.org/10.1016/j.respol.2022.104604,2022,article,193,9731383.0,18.0,79,Artificial intelligence in science: An emerging general method of invention
1972499088,2,2,0,"2547045893,2793071066",https://doi.org/10.1073/pnas.1121429109,2012,article,190,125754415.0,18.0,62,Persistence and uncertainty in the academic career
2148434025,2,1,1,"2066752129,2793071066",https://doi.org/10.1073/pnas.1501444112,2015,article,165,125754415.0,18.0,63,"Quantifying the impact of weak, strong, and super ties in scientific careers"
340874798,2,2,0,"2793071066,3123050710",https://doi.org/10.1016/j.socnet.2015.02.006,2015,article,163,26186134.0,31.0,63,Weaving the fabric of science: Dynamic network models of science's unfolding structure
2903667613,2,0,2,"2547045893,2793071066",https://doi.org/10.1073/pnas.1800478115,2018,article,163,125754415.0,36.0,58,Changing demographics of scientific careers: The rise of the temporary workforce
4226148732,2,0,2,"2066752129,2913773162",https://doi.org/10.1073/pnas.2200927119,2022,article,158,125754415.0,18.0,19,Flat teams drive scientific innovation
4213132988,2,0,2,"2793071066,2547045893",https://doi.org/10.1038/s41598-022-05146-6,2022,article,158,196734849.0,12.0,26,Quantifying NFT-driven networks in crypto art
2080799411,2,2,0,"2913773162,2066752129",https://doi.org/10.3152/095820211x12941371876580,2011,article,157,16793705.0,18.0,73,Mapping a research agenda for the science of team science
2816355363,2,0,2,"3123050710,2913773162",https://doi.org/10.1287/mnsc.2019.3381,2020,article,150,33323087.0,18.0,42,How Do Travel Costs Shape Collaboration?
2606807691,2,1,1,"2066752129,4313545395",https://doi.org/10.1126/sciadv.1601315,2017,article,144,2737427234.0,18.0,37,The nearly universal link between the age of past knowledge and tomorrow’s breakthroughs in science and technology: The hotspot
2915733332,2,0,2,"3123050710,2066752129",https://doi.org/10.1016/j.respol.2019.01.019,2019,article,134,9731383.0,18.0,60,Scientific novelty and technological impact
1981328197,2,2,0,"2793071066,2547045893",https://doi.org/10.1038/srep03052,2013,article,127,196734849.0,33.0,22,On the Predictability of Future Impact in Science
4284704491,2,1,1,"4378980478,2793071066",https://doi.org/10.1038/s41562-022-01397-5,2022,article,120,2764866340.0,18.0,51,Public use and public funding of science
2794465725,2,0,2,"2066752129,3123050710",https://doi.org/10.1016/j.respol.2018.03.014,2018,article,110,9731383.0,18.0,71,Funding model and creativity in science: Competitive versus block funding and status contingency effects
2946320709,2,0,2,"2793071066,2547045893",https://doi.org/10.1016/j.physrep.2019.05.002,2019,article,110,48633963.0,31.0,1172,Computational socioeconomics
3103665095,2,2,0,"2793071066,2547045893",,2013,article,108,4306401340.0,18.0,30,On the Predictability of Future Impact in Science
2988233634,2,0,2,"2066752129,2793071066",https://doi.org/10.1038/d41586-019-03308-7,2019,article,101,137773608.0,18.0,14,Nature’s reach: narrow work has broad impact
4242576001,2,2,0,"2066752129,4378980478",https://doi.org/10.1002/asi.21335,2010,article,100,80113298.0,18.0,33,Statistical validation of a global model for the distribution of the ultimate number of citations accrued by papers published in a scientific journal
2128525455,2,1,1,"2066752129,2793071066",https://doi.org/10.1177/2329496514540131,2014,article,95,2764533491.0,33.0,113,Sociological Innovation through Subfield Integration
2935482946,2,1,1,"2793071066,4313545395",https://doi.org/10.1016/j.respol.2019.04.009,2019,article,91,9731383.0,18.0,74,Methods to account for citation inflation in research evaluation
3136742816,2,0,2,"2066752129,3123050710",https://doi.org/10.1016/j.respol.2021.104226,2021,article,88,9731383.0,18.0,189,The fall of the innovation empire and its possible rise through open science
3161947065,2,0,2,"2793071066,2913773162",https://doi.org/10.1038/s42256-021-00339-6,2021,article,86,2912241403.0,25.0,57,Research community dynamics behind popular AI benchmarks
3123726009,2,1,1,"2808505390,2793071066",,2018,article,86,4306401271.0,18.0,95,"The memory of science: Inflation, myopia, and the knowledge network"
3004433783,2,0,2,"2913773162,2066752129",https://doi.org/10.1016/j.respol.2019.103910,2020,article,83,9731383.0,18.0,101,Universities’ commitment to interdisciplinary research: To what end?
3026180388,2,2,0,"4313545395,4378980478",https://doi.org/10.1073/pnas.1910160117,2020,review,80,125754415.0,27.0,48,NIH funding and the pursuit of edge science
2251013823,2,2,0,"2808505390,3201257425",https://doi.org/10.1515/9781400837397,2011,book,79,4306463805.0,31.0,0,Old Masters and Young Geniuses
3176835866,2,0,2,"2066752129,3123050710",https://doi.org/10.1371/journal.pone.0254034,2021,article,79,202381698.0,18.0,35,Measuring novelty in science with word embedding
2967837635,2,1,1,"2913773162,4313545395",https://doi.org/10.1016/j.joi.2019.07.004,2019,article,74,205292342.0,17.0,80,Analyzing linguistic complexity and scientific impact
4387673980,2,0,2,"4378980478,2793071066",https://doi.org/10.1038/s42256-023-00735-0,2023,article,73,2912241403.0,31.0,80,Forecasting the future of artificial intelligence with machine learning-based link prediction in an exponentially growing knowledge network
4292475382,2,0,2,"3201257425,2793071066",https://doi.org/10.1038/s41467-022-32604-6,2022,article,70,64187185.0,18.0,61,Untangling the network effects of productivity and prominence among scientists
4320709689,2,0,2,"4313545395,2913773162",https://doi.org/10.1111/1751-7915.14222,2023,article,67,4210238104.0,18.0,329,Scientific novelty beyond the experiment
3037190511,2,0,2,"2066752129,2913773162",https://doi.org/10.1007/s11192-020-03811-z,2021,article,66,148561398.0,13.0,121,Scientometric analysis and knowledge mapping of literature-based discovery (1986–2020)
2955203674,2,0,2,"2793071066,2066752129",https://doi.org/10.1073/pnas.1812341116,2019,article,66,125754415.0,18.0,41,Decoding team and individual impact in science and invention
4313545078,2,0,2,"2913773162,4313545395",https://doi.org/10.1038/d41586-022-04577-5,2023,letter,66,137773608.0,18.0,3,‘Disruptive’ science has declined — and no one knows why
3097046318,2,0,2,"2066752129,3123050710",https://doi.org/10.1016/j.ipm.2020.102428,2020,article,65,174847851.0,18.0,73,Identifying citation patterns of scientific breakthroughs: A perspective of dynamic citation process
3121088567,2,0,2,"2303284028,2913773162",https://doi.org/10.1162/qss_a_00109,2021,article,63,4210195326.0,18.0,37,A multidimensional framework for characterizing the citation impact of scientific publications
4376504550,2,0,2,"2066752129,2913773162",https://doi.org/10.31235/osf.io/rwtzs,2023,preprint,63,,33.0,65,Can Generative AI Improve Social Science?
3161063227,2,0,2,"2303284028,2913773162",https://doi.org/10.1038/s41587-021-00907-6,2021,article,62,106963461.0,13.0,34,Learning on knowledge graph dynamics provides an early warning of impactful research
3006456429,2,1,1,"2066752129,4313545395",https://doi.org/10.3386/w26752,2020,preprint,60,2809516038.0,18.0,115,Stagnation and Scientific Incentives
2196635810,2,1,1,"2793071066,2066752129",https://doi.org/10.1140/epjds/s13688-016-0069-1,2016,article,59,2504380752.0,18.0,47,Technological novelty profile and invention’s future impact
2902658188,2,0,2,"3123050710,2066752129",https://doi.org/10.1016/j.respol.2018.11.006,2018,article,59,9731383.0,18.0,71,Breakthrough recognition: Bias against novelty and competition for attention
3094073079,2,0,2,"2793071066,2913773162",https://doi.org/10.1007/s11051-020-05032-0,2020,article,57,194298869.0,31.0,63,"Principles of convergence in nature and society and their application: from nanoscale, digits, and logic steps to global progress"
4243795529,2,0,2,"2066752129,3123050710",https://doi.org/10.1177/0149206318774619,2018,article,56,122767448.0,18.0,91,"Content, Contribution, and Knowledge Consumption: Uncovering Hidden Topic Structure and Rhetorical Signals in Scientific Texts"
3115533035,2,0,2,"2066752129,3123050710",https://doi.org/10.1016/j.joi.2020.101124,2020,article,56,205292342.0,18.0,67,Exploring the interdisciplinarity patterns of highly cited papers
4200030831,2,0,2,"3123050710,2066752129",https://doi.org/10.1016/j.respol.2021.104451,2021,article,54,9731383.0,32.0,138,Mentorship and creativity: Effects of mentor creativity and mentoring style
2791572729,2,1,1,"2066752129,2913773162",https://doi.org/10.1073/pnas.1719792115,2018,article,54,125754415.0,33.0,48,Measuring discursive influence across scholarship
3112943580,2,0,2,"2547045893,2793071066",https://doi.org/10.1103/physrevlett.125.248301,2020,article,53,24807848.0,31.0,95,Interacting Discovery Processes on Complex Networks
2979505613,2,0,2,"2066752129,2793071066",https://doi.org/10.1017/cts.2019.402,2019,article,53,4210205013.0,18.0,58,Measuring quality and outcomes of research collaborations: An integrative review
2974277618,2,0,2,"2793071066,2547045893",https://doi.org/10.1016/j.cosrev.2019.100193,2019,review,52,73121659.0,17.0,52,Data Mining and Information Retrieval in the 21st century: A bibliographic review
4200491461,2,0,2,"2066752129,2793071066",https://doi.org/10.1002/asi.24612,2021,article,51,4210197613.0,33.0,86,Pandemics are catalysts of scientific novelty: Evidence from COVID ‐19
3011163443,2,0,2,"2913773162,2303284028",https://doi.org/10.1007/s11192-020-03406-8,2020,article,51,148561398.0,18.0,29,"Disruptive papers published in Scientometrics: meaningful results by using an improved variant of the disruption index originally proposed by Wu, Wang, and Evans (2019)"
2901134720,2,0,2,"3123050710,2066752129",https://doi.org/10.1016/j.respol.2018.10.030,2018,article,49,9731383.0,36.0,125,Sustainable development of science and scientists: Academic training in life science labs
2154674172,2,2,0,"3201257425,2808505390",https://doi.org/10.1073/pnas.1412198112,2015,article,48,125754415.0,23.0,30,Cross-evaluation of metrics to estimate the significance of creative works
1905893694,2,1,1,"4313545395,2066752129",https://doi.org/10.1111/jpim.12294,2015,article,47,93630570.0,18.0,34,A New Method for Identifying Recombinations of Existing Knowledge Associated with High‐Impact Innovation
3011163375,2,0,2,"2303284028,2913773162",https://doi.org/10.3386/w26889,2020,report,46,2809516038.0,18.0,114,Scientific Grant Funding
2891622994,2,1,1,"2793071066,2066752129",https://doi.org/10.3386/w22180,2016,report,44,2809516038.0,18.0,46,Bias against Novelty in Science: A Cautionary Tale for Users of Bibliometric Indicators
2985885616,2,0,2,"2303284028,2913773162",https://doi.org/10.1007/s11192-019-03288-5,2019,article,44,148561398.0,18.0,98,Review on emerging research topics with key-route main path analysis
3217108371,2,0,2,"2066752129,2547045893",https://doi.org/10.1177/00031224211056267,2021,article,43,157620343.0,33.0,93,"Facets of Specialization and Its Relation to Career Success: An Analysis of U.S. Sociology, 1980 to 2015"
3092423708,2,1,1,"2808505390,3201257425",https://doi.org/10.1073/pnas.2011927117,2020,article,43,125754415.0,28.0,54,Dissecting landscape art history with information theory
4220877524,2,0,2,"3123050710,2066752129",https://doi.org/10.1007/s11192-022-04338-1,2022,article,42,148561398.0,18.0,55,Interdisciplinarity and impact: the effects of the citation time window
3111238755,2,0,2,"2066752129,2913773162",https://doi.org/10.1016/j.joi.2020.101104,2020,article,42,205292342.0,18.0,90,"Great minds think alike, or do they often differ? Research topic overlap and the formation of scientific teams"
4206584942,2,0,2,"3123050710,2303284028",https://doi.org/10.1016/j.ipm.2021.102862,2022,article,42,174847851.0,31.0,100,A methodology for identifying breakthrough topics using structural entropy
2904226860,2,0,2,"2066752129,2793071066",https://doi.org/10.1073/pnas.1818750115,2018,article,41,125754415.0,27.0,78,"Forecasting innovations in science, technology, and education"
3034897642,2,0,2,"2066752129,2913773162",https://doi.org/10.1007/s11162-020-09603-x,2020,article,40,130619902.0,18.0,86,What Catalyzes Research Universities to Commit to Interdisciplinary Research?
3130482906,2,0,2,"2066752129,3123050710",https://doi.org/10.1016/j.joi.2021.101140,2021,article,40,205292342.0,18.0,99,"Measuring the impact of novelty, bibliometric, and academic-network factors on citation count using a neural network"
2951806838,2,0,2,"3123050710,2066752129",https://doi.org/10.1371/journal.pone.0202712,2019,article,40,202381698.0,18.0,50,Measuring researcher independence using bibliometric data: A proposal for a new performance indicator
2982907616,2,0,2,"2547045893,2793071066",https://doi.org/10.1140/epjds/s13688-019-0210-z,2019,article,40,2504380752.0,18.0,109,Mapping the physics research space: a machine learning approach
3200093863,2,0,2,"2913773162,2066752129",https://doi.org/10.1016/j.joi.2021.101205,2021,article,39,205292342.0,18.0,69,"Team Size, Research Variety, and Research Performance: Do Coauthors’ Coauthors Matter?"
4322720083,2,0,2,"2303284028,4313545395",https://doi.org/10.1038/s41467-023-36891-5,2023,article,39,64187185.0,25.0,14,Research on scalable graphene faces a reproducibility gap
4309264245,2,0,2,"3123050710,2066752129",https://doi.org/10.1073/pnas.2118046119,2022,article,39,125754415.0,18.0,71,Is novel research worth doing? Evidence from peer review at 49 journals
4386238137,2,0,2,"3123050710,2066752129",https://doi.org/10.1016/j.joi.2023.101450,2023,article,39,205292342.0,17.0,39,Measuring the novelty of scientific publications: A fastText and local outlier factor approach
4367308548,2,0,2,"2913773162,2066752129",https://doi.org/10.1140/epjds/s13688-023-00378-6,2023,article,38,2504380752.0,18.0,45,Differences in collaboration structures and impact among prominent researchers in Europe and North America
3126850993,2,0,2,"2066752129,3123050710",https://doi.org/10.1016/j.respol.2021.104454,2021,article,38,9731383.0,14.0,65,How fast is this novel technology going to be a hit? Antecedents predicting follow-on inventions
4206873779,2,0,2,"2913773162,2066752129",https://doi.org/10.1002/asi.24653,2022,article,37,4210197613.0,32.0,74,Team power dynamics and team impact: New perspectives on scientific collaboration using career age as a proxy for team power
4312054762,2,0,2,"3123050710,2793071066",https://doi.org/10.1016/j.respol.2022.104706,2022,article,37,9731383.0,18.0,119,"Uncertainty and risk-taking in science: Meaning, measurement and management in peer review of research proposals"
3175669252,2,0,2,"2303284028,2913773162",https://doi.org/10.1016/j.respol.2022.104629,2022,article,36,9731383.0,14.0,57,Invention and the life course: Age differences in patenting
3040611898,2,0,2,"2066752129,2913773162",https://doi.org/10.1162/qss_a_00079,2020,article,36,4210195326.0,18.0,41,A typology of scientific breakthroughs
2908727066,2,0,2,"2547045893,2793071066",https://doi.org/10.1371/journal.pone.0218793,2019,article,36,202381698.0,20.0,36,"Exploring the role of interdisciplinarity in physics: Success, talent and luck"
3007921022,2,0,2,"2793071066,2808505390",https://doi.org/10.1371/journal.pone.0229436,2020,article,35,202381698.0,33.0,54,Brokering the core and the periphery: Creative success and collaboration networks in the film industry
4386990899,2,0,2,"2303284028,2913773162",https://doi.org/10.1016/j.techfore.2023.122879,2023,article,35,39307421.0,14.0,81,Technological search strategy and breakthrough innovation: An integrated approach based on main-path analysis
4230020450,2,0,2,"3123050710,2066752129",https://doi.org/10.1787/299731d2-en,2020,book,35,4210227252.0,33.0,260,Broad-based Innovation Policy for All Regions and Cities
2993107135,2,0,2,"2066752129,3123050710",https://doi.org/10.1007/s11192-019-03314-6,2019,article,35,148561398.0,18.0,77,The impact of a paper’s new combinations and new components on its citation
2914281332,2,0,2,"2303284028,2913773162",https://doi.org/10.1038/d41586-019-00350-3,2019,letter,34,137773608.0,18.0,6,Small research teams ‘disrupt’ science more radically than large ones
2943912266,2,0,2,"2913773162,2303284028",https://doi.org/10.1007/s11192-019-03113-z,2019,article,34,148561398.0,18.0,10,Disruptive papers published in Scientometrics
2077274726,2,2,0,"2547045893,2793071066",https://doi.org/10.1038/484031a,2012,article,34,137773608.0,27.0,4,Turn the scientific method on ourselves
4386457540,2,0,2,"2066752129,3123050710",https://doi.org/10.1016/j.respol.2023.104886,2023,article,32,9731383.0,14.0,178,Atypical combinations of technologies in regional co-inventor networks
2885686290,2,0,2,"2793071066,2066752129",https://doi.org/10.1126/sciadv.aat4211,2018,article,32,2737427234.0,13.0,62,Cross-disciplinary evolution of the genomics revolution
4304997918,2,0,2,"2808505390,3201257425",https://doi.org/10.1016/j.ipm.2022.103110,2022,article,32,174847851.0,18.0,53,Revisiting the exploration-exploitation behavior of scholars' research topic selection: Evidence from a large-scale bibliographic database
3038012100,2,0,2,"2793071066,2913773162",https://doi.org/10.1162/qss_a_00056,2020,article,32,4210195326.0,33.0,48,Against method: Exploding the boundary between qualitative and quantitative studies of science
4281666097,2,0,2,"2066752129,3123050710",https://doi.org/10.1016/j.techfore.2022.121767,2022,article,31,39307421.0,20.0,100,Interdisciplinary knowledge integration as a unique knowledge source for technology development and the role of funding allocation
4381461412,2,0,2,"2066752129,3123050710",https://doi.org/10.1007/s11192-023-04715-4,2023,article,31,148561398.0,18.0,101,The influence of research collaboration on citation impact: the countries in the European Innovation Scoreboard
4310022061,2,0,2,"2793071066,2547045893",https://doi.org/10.1007/s11192-022-04547-8,2022,review,31,148561398.0,18.0,172,"A review of scientific impact prediction: tasks, features and methods"
3137915221,2,0,2,"2793071066,2808505390",https://doi.org/10.1007/s11192-021-03929-8,2021,article,31,148561398.0,31.0,88,The aging effect in evolving scientific citation networks
3029435288,2,0,2,"2066752129,2547045893",https://doi.org/10.1002/asi.24370,2020,article,30,4210197613.0,18.0,48,Citation cascade and the evolution of topic relevance
2969221854,2,0,2,"2793071066,2547045893",https://doi.org/10.1109/tvcg.2019.2934667,2019,article,30,84775595.0,17.0,80,Galex: Exploring the Evolution and Intersection of Disciplines
3203252693,2,0,2,"2913773162,2303284028",https://doi.org/10.1016/j.joi.2021.101219,2021,article,30,205292342.0,18.0,64,Disruption indices and their calculation using web-of-science data: Indicators of historical developments or evolutionary dynamics?
3191376372,2,0,2,"2547045893,2793071066",https://doi.org/10.1103/physrevresearch.3.033158,2021,article,30,4210240247.0,18.0,52,Association between productivity and journal impact across disciplines and career age
2963363694,2,0,2,"2066752129,2793071066",https://doi.org/10.1016/j.im.2021.103427,2021,article,29,38883057.0,14.0,135,Which factors affect the scientific impact of review papers in IS research? A scientometric study
3214831119,2,0,2,"2303284028,2066752129",https://doi.org/10.1016/j.joi.2021.101227,2021,article,29,205292342.0,33.0,62,International student mobility spurs scientific research on foreign countries: Evidence from international students studying in China
2947522344,2,0,2,"2793071066,2547045893",https://doi.org/10.1140/epjds/s13688-019-0199-3,2019,article,29,2504380752.0,18.0,46,Reciprocity and impact in academic careers
2809081890,2,0,2,"2066752129,2547045893",https://doi.org/10.1093/reseval/rvy017,2018,article,29,16793705.0,32.0,69,The characteristics of highly cited researchers in Africa
3043547199,2,0,2,"2913773162,2303284028",https://doi.org/10.3386/w27563,2020,report,29,2809516038.0,20.0,55,Insurance Design and Pharmaceutical Innovation
3173773522,2,0,2,"3123050710,2066752129",https://doi.org/10.1007/s11192-021-04049-z,2021,article,29,148561398.0,18.0,33,Introducing a novelty indicator for scientific research: validating the knowledge-based combinatorial approach
2984511001,2,0,2,"2066752129,3123050710",https://doi.org/10.1016/j.respol.2019.103881,2019,article,29,9731383.0,17.0,99,Ideas with impact: How connectivity shapes idea diffusion
2986236253,2,0,2,"2066752129,3123050710",https://doi.org/10.1016/j.joi.2019.100985,2019,article,28,205292342.0,14.0,79,Exploring the forward citation patterns of patents based on the evolution of technology fields
4388775210,2,0,2,"3123050710,2547045893",https://doi.org/10.1007/s11192-023-04868-2,2023,review,28,148561398.0,36.0,175,Exploring the determinants of research performance for early-career researchers: a literature review
2991041283,2,0,2,"2793071066,2547045893",https://doi.org/10.1038/s41598-019-53657-6,2019,article,27,196734849.0,31.0,51,Effects of homophily and academic reputation in the nomination and selection of Nobel laureates
4225096162,2,0,2,"2913773162,2066752129",https://doi.org/10.1016/j.ipm.2022.102944,2022,article,27,174847851.0,18.0,55,Contributorship in scientific collaborations: The perspective of contribution-based byline orders
4381432265,2,0,2,"3123050710,2066752129",https://doi.org/10.1371/journal.pone.0284567,2023,article,27,202381698.0,18.0,49,Identify novel elements of knowledge with word embedding
3195346375,2,0,2,"2793071066,2547045893",,2021,article,26,4377196302.0,18.0,60,Association between productivity and journal impact across disciplines and career age
3049750534,2,0,2,"2303284028,2913773162",https://doi.org/10.1016/j.amjsurg.2020.07.037,2020,article,26,101510409.0,27.0,10,The top 100 most disruptive publications in academic surgery journals: 1954–2014
3024223041,2,0,2,"2808505390,2547045893",https://doi.org/10.1007/s11192-020-03501-w,2020,article,26,148561398.0,18.0,39,Is there a golden age in publication activity?—an analysis of age-related scholarly performance across all scientific disciplines
4220797793,2,0,2,"2303284028,2913773162",https://doi.org/10.1016/j.techfore.2022.121628,2022,article,26,39307421.0,14.0,162,Multilayer patent citation networks: A comprehensive analytical framework for studying explicit technological relationships
3142411813,2,0,2,"2066752129,3123050710",https://doi.org/10.1016/j.respol.2021.104256,2021,article,26,9731383.0,33.0,118,Does greater diversification increase individual productivity? The moderating effect of attention allocation
4280638714,2,0,2,"2913773162,2793071066",https://doi.org/10.1016/j.ipm.2022.102980,2022,article,26,174847851.0,18.0,77,Hotness prediction of scientific topics based on a bibliographic knowledge graph
2800563398,2,0,2,"2547045893,2793071066",https://doi.org/10.1002/asi.24041,2018,article,25,4210197613.0,18.0,77,Modeling citation dynamics of “atypical” articles
4388672512,2,0,2,"2066752129,3123050710",https://doi.org/10.5465/annals.2022.0005,2023,article,24,27614628.0,14.0,165,Atypicality: Toward an Integrative Framework in Organizational and Market Settings
3140102975,2,0,2,"2913773162,2303284028",https://doi.org/10.1097/gox.0000000000003446,2021,article,23,2754281505.0,18.0,35,The 100 Most-disruptive Articles in Plastic and Reconstructive Surgery and Sub-specialties (1954–2014)
4404510222,2,0,2,"2066752129,2547045893",https://doi.org/10.1038/s41598-024-79863-5,2024,article,23,196734849.0,18.0,98,China and the U.S. produce more impactful AI research when collaborating together
3128688064,2,0,2,"2793071066,2066752129",https://doi.org/10.1016/j.socnet.2021.01.001,2021,article,23,26186134.0,31.0,136,Adoption and adaptation: A computational case study of the spread of Granovetter's weak ties hypothesis
4308412097,2,0,2,"3123050710,2066752129",https://doi.org/10.1177/26339137221131816,2022,article,23,4220651559.0,18.0,66,Interdisciplinarity can aid the spread of better methods between scientific communities
3047759639,2,0,2,"2066752129,2793071066",https://doi.org/10.1145/3411764.3445776,2021,article,23,,33.0,22,"Online Mingling: Supporting Ad Hoc, Private Conversations at Virtual Conferences"
3099768595,2,0,2,"2793071066,2547045893",,2019,article,23,4306401271.0,18.0,40,Early coauthorship with top scientists predicts success in academic careers
3120607483,2,0,2,"2303284028,2913773162",https://doi.org/10.1016/j.urology.2020.10.073,2021,article,23,196979320.0,18.0,24,Changing the Status Quo: The 100 Most-Disruptive Papers in Urology?
4225729895,2,0,2,"2066752129,3123050710",https://doi.org/10.1093/rof/rfac018,2022,article,22,49857371.0,14.0,52,"Dissemination, Publication, and Impact of Finance Research: When Novelty Meets Conventionality"
4393075989,2,0,2,"2913773162,2303284028",https://doi.org/10.1111/radm.12685,2024,article,22,43637407.0,20.0,90,"Are outliers more disruptive? Technological niche, disruptive innovation, and recombinant capability"
2913769907,2,0,2,"2793071066,2547045893",https://doi.org/10.1103/physreve.99.060301,2019,article,22,4210235286.0,20.0,48,Ex-ante measure of patent quality reveals intrinsic fitness for citation-network growth
3121582215,2,0,2,"2793071066,2913773162",https://doi.org/10.1162/qss_a_00099,2021,article,21,4210195326.0,18.0,71,The dominance of big teams in China’s scientific output
4407567707,2,0,2,"2913773162,2547045893",https://doi.org/10.1038/s41598-025-88709-7,2025,article,21,196734849.0,18.0,57,Citation manipulation through citation mills and pre-print servers
3127261805,2,0,2,"2913773162,2303284028",https://doi.org/10.1016/j.jpedsurg.2021.02.002,2021,review,21,39924113.0,18.0,25,Shifting paradigms: The top 100 most disruptive papers in core pediatric surgery journals
3165613826,2,0,2,"2793071066,2547045893",https://doi.org/10.1140/epjds/s13688-021-00282-x,2021,article,21,2504380752.0,31.0,39,Prediction of new scientific collaborations through multiplex networks
2983983302,2,0,2,"2913773162,2303284028",https://doi.org/10.1007/s11192-019-03280-z,2019,article,21,148561398.0,18.0,66,Deep and narrow impact: introducing location filtered citation counting
4213280056,2,0,2,"2066752129,3123050710",https://doi.org/10.1007/s11192-022-04272-2,2022,article,20,148561398.0,18.0,88,Mining the evolutionary process of knowledge through multiple relationships between keywords
3205568835,2,0,2,"2303284028,2913773162",https://doi.org/10.1002/pra2.454,2021,article,20,4393918545.0,18.0,39,Is Interdisciplinary Collaboration Research More Disruptive Than Monodisciplinary Research?
4290695256,2,0,2,"3123050710,2066752129",https://doi.org/10.3386/w30320,2022,report,20,2809516038.0,14.0,38,Do Funding Agencies Select and Enable Risky Research: Evidence from ERC Using Novelty as a Proxy of Risk Taking
2806773064,2,0,2,"2066752129,3123050710",https://doi.org/10.25384/sage.c.4123424,2018,article,20,4306401033.0,18.0,81,"Content, Contribution, and Knowledge Consumption: Uncovering Hidden Topic Structure and Rhetorical Signals in Scientific Texts"
4366252991,2,0,2,"2066752129,2913773162",https://doi.org/10.1016/j.joi.2023.101407,2023,article,19,205292342.0,18.0,99,New components and combinations: The perspective of the internal collaboration networks of scientific teams
3200509928,2,0,2,"2303284028,2066752129",https://doi.org/10.5281/zenodo.5205271,2021,article,19,4306400194.0,18.0,100,On the social and cognitive dimensions of wicked environmental problems characterized by conceptual and solution uncertainty
2802274394,2,0,2,"2547045893,2793071066",https://doi.org/10.1145/3209542.3209554,2018,preprint,19,,20.0,49,Mining and Forecasting Career Trajectories of Music Artists
4301180951,2,0,2,"3123050710,2066752129",https://doi.org/10.1016/j.respol.2022.104624,2022,article,19,9731383.0,18.0,64,Standing on the shoulders of giants: How star scientists influence their coauthors
4353089835,2,0,2,"4313545395,2793071066",https://doi.org/10.1007/s10961-023-10001-5,2023,article,19,185905316.0,20.0,118,"A patent-based analysis of the evolution of basic, mission-oriented, and applied research in European universities"
4401818617,2,0,2,"2303284028,2913773162",https://doi.org/10.1038/s41562-024-01957-x,2024,article,19,2764866340.0,31.0,44,Conceptual structure and the growth of scientific knowledge
3164477488,2,0,2,"2913773162,2303284028",https://doi.org/10.1097/scs.0000000000007804,2021,article,19,36642063.0,18.0,31,The Most Disruptive Publications in Craniofacial Surgery (1954–2014)
3165004857,2,0,2,"2066752129,3123050710",https://doi.org/10.1016/j.ijinfomgt.2021.102371,2021,article,19,189354248.0,18.0,107,Incentive or disincentive for research data disclosure? A large-scale empirical analysis and implications for open science policy
2990165386,2,0,2,"2303284028,2066752129",https://doi.org/10.1016/j.techfore.2019.119803,2019,article,19,39307421.0,20.0,95,Quantifying technological change as a combinatorial process
3014564757,2,0,2,"2066752129,2913773162",https://doi.org/10.1016/j.joi.2020.101036,2020,article,19,205292342.0,18.0,71,Predicting the number of coauthors for researchers: A learning model
4245628708,2,0,2,"2303284028,2913773162",https://doi.org/10.31235/osf.io/d3wpk,2019,preprint,18,,14.0,4,A confusing definition of disruption
2964203040,2,0,2,"2793071066,2547045893",https://doi.org/10.1371/journal.pone.0205771,2019,article,17,202381698.0,33.0,82,How the medium shapes the message: Printing and the rise of the arts and sciences
4391972404,2,0,2,"4313545395,2303284028",https://doi.org/10.1007/s13593-024-00949-5,2024,article,17,17425584.0,11.0,110,Agricultural technology as a driver of sustainable intensification: insights from the diffusion and focus of patents
4387937804,2,0,2,"2066752129,3123050710",https://doi.org/10.1007/s11192-023-04846-8,2023,article,17,148561398.0,18.0,54,Interdisciplinarity affects the technological impact of scientific research
2883210303,2,0,2,"2303284028,3123050710",https://doi.org/10.1371/journal.pone.0200597,2018,article,17,202381698.0,18.0,25,"High-impact and transformative science (HITS) metrics: Definition, exemplification, and comparison"
2947206978,2,0,2,"2793071066,2547045893",https://doi.org/10.1007/s11192-019-03135-7,2019,article,17,148561398.0,18.0,34,The strong nonlinear effect in academic dropout
4377098668,2,0,2,"2303284028,2913773162",https://doi.org/10.1007/s11192-023-04737-y,2023,article,17,148561398.0,18.0,61,A construction and empirical research of the journal disruption index based on open citation data
4400648021,2,0,2,"2066752129,3123050710",https://doi.org/10.1109/tem.2024.3422821,2024,article,17,154533451.0,22.0,193,Statistical and Artificial Intelligence-Based Tools for Building Energy Prediction: A Systematic Literature Review
3092314761,2,0,2,"2793071066,2066752129",https://doi.org/10.1155/2020/5208356,2020,article,16,207319443.0,18.0,35,Anatomy of Complex System Research
4417474099,2,0,2,"3201257425,2066752129",https://doi.org/10.1126/science.adt7790,2025,review,16,3880285.0,32.0,111,Recent discoveries on the acquisition of the highest levels of human performance
4403498473,2,0,2,"2793071066,4313545395",https://doi.org/10.1111/joes.12666,2024,article,16,124549413.0,18.0,46,What meta‐research has taught us about research and changes to research practices
4220844637,2,0,2,"2303284028,2913773162",https://doi.org/10.1097/dcr.0000000000002118,2021,article,16,170496595.0,18.0,18,A New Bibliometric Index: The Top 100 Most Disruptive and Developmental Publications in Colorectal Surgery Journals
2946434137,2,0,2,"2547045893,2793071066",https://doi.org/10.1109/access.2019.2916630,2019,article,16,2485537415.0,17.0,60,Discovering and Visualizing Knowledge Evolution of Chronic Disease Research Driven by Emerging Technologies
4402705022,2,0,2,"2303284028,4313545395",https://doi.org/10.1016/j.respol.2024.105126,2024,article,16,9731383.0,20.0,140,A new mapping of technological interdependence
4360862318,2,0,2,"2066752129,2808505390",https://doi.org/10.1002/asi.24754,2023,article,16,4210197613.0,31.0,60,Stepping beyond your comfort zone: Diffusion‐based network analytics for knowledge trajectory recommendation
3090382920,2,0,2,"3123050710,2913773162",https://doi.org/10.1371/journal.pone.0239805,2020,article,16,202381698.0,20.0,51,"Institutional environments and breakthroughs in science. Comparison of France, Germany, the United Kingdom, and the United States"
3022607465,2,0,2,"2066752129,3123050710",https://doi.org/10.1371/journal.pone.0230107,2020,article,16,202381698.0,20.0,75,The Language of Innovation
4293238168,2,0,2,"2066752129,3123050710",https://doi.org/10.1007/s11192-022-04368-9,2022,article,15,148561398.0,18.0,161,Exploring the antecedents of interdisciplinarity at the European Research Council: a topic modeling approach
4383599096,2,0,2,"2793071066,2808505390",https://doi.org/10.1016/j.respol.2023.104844,2023,article,15,9731383.0,18.0,104,Local peer communities and future academic success of Ph.D. candidates
4404462126,2,0,2,"2066752129,4378980478",https://doi.org/10.1016/j.joi.2024.101611,2024,article,15,205292342.0,18.0,57,The effects of scientific collaboration network structures on impact and innovation: A perspective from project teams
3110489943,2,0,2,"2913773162,2793071066",https://doi.org/10.1007/s11192-020-03789-8,2020,article,15,148561398.0,26.0,51,Machine learning misclassification of academic publications reveals non-trivial interdependencies of scientific disciplines
4400452588,2,0,2,"2913773162,2066752129",https://doi.org/10.1016/j.jksuci.2024.102119,2024,article,15,2764955546.0,17.0,74,Content-based quality evaluation of scientific papers using coarse feature and knowledge entity network
2932771539,2,0,2,"2793071066,2066752129",https://doi.org/10.1109/cscwd.2019.8791855,2019,article,15,,17.0,45,The Effect of Scientific Collaboration on CSCW Research: A Scientometric Study
4297903111,2,0,2,"2547045893,2808505390",https://doi.org/10.1007/s11192-022-04509-0,2022,article,15,148561398.0,18.0,69,Does early publishing in top journals really predict long-term scientific success in the business field?
4389348933,2,0,2,"2793071066,2547045893",https://doi.org/10.1103/physrevresearch.5.043203,2023,article,15,4210240247.0,18.0,61,Universal productivity patterns in research careers
4310336786,2,0,2,"2547045893,2793071066",https://doi.org/10.1590/0001-3765202220201428,2022,article,15,111086706.0,18.0,29,Global scientific production in the pre-Covid-19 Era: An analysis of 53 countries for 22 years
4389674511,2,0,2,"2066752129,3123050710",https://doi.org/10.1057/s41599-023-02475-3,2023,article,15,4210206302.0,18.0,35,The relationship between interdisciplinarity and citation impact—a novel perspective on citation accumulation
4403559181,2,0,2,"2913773162,2303284028",https://doi.org/10.1016/j.ipm.2024.103933,2024,article,14,174847851.0,18.0,81,Quantifying the degree of scientific innovation breakthrough: Considering knowledge trajectory change and impact
4408119612,2,0,2,"2913773162,2793071066",https://doi.org/10.1038/s41562-025-02114-8,2025,article,14,2764866340.0,36.0,85,"Academic mentees thrive in big groups, but survive in small groups"
3187055757,2,0,2,"2547045893,2793071066",https://doi.org/10.31478/202107e,2021,review,14,4210231605.0,27.0,105,Biomedical Research COVID-19 Impact Assessment: Lessons Learned and Compelling Needs
4294707619,2,0,2,"2793071066,2066752129",https://doi.org/10.1080/1533015x.2022.2115226,2022,article,14,119317614.0,23.0,33,"Building bridges, not walls: exploring the environmental education ecosystem"
4386238391,2,0,2,"2303284028,4313545395",https://doi.org/10.1142/s0219525923500066,2023,article,14,107361000.0,31.0,30,"IS DISRUPTION DECREASING, OR IS IT ACCELERATING?"
4380537379,2,0,2,"2793071066,2066752129",https://doi.org/10.1371/journal.pone.0287058,2023,article,14,202381698.0,31.0,111,Democratic governance and global science: A longitudinal analysis of the international research collaboration network
3092152866,2,0,2,"2808505390,2547045893",https://doi.org/10.1080/10400419.2020.1827605,2020,article,14,9211381.0,32.0,53,Strict Equal Odds: A Useful Reference to Study the Relationship between Quality and Quantity
3193552037,2,0,2,"2066752129,2793071066",https://doi.org/10.1098/rsos.210072,2021,article,14,2737558550.0,18.0,67,The hidden influence of communities in collaborative funding of clinical science
3113808652,2,0,2,"3123050710,2066752129",https://doi.org/10.1093/reseval/rvaa029,2020,article,14,16793705.0,18.0,77,Interdisciplinary knowledge combinations and emerging technological topics: Implications for reducing uncertainties in research evaluation
3036139985,2,0,2,"2066752129,3123050710",https://doi.org/10.2139/ssrn.3012169,2017,article,13,4210172589.0,14.0,49,Uncertainty and Individual Discretion in Allocating Research Funds
3010776853,2,0,2,"2913773162,2066752129",https://doi.org/10.1111/jpim.12521,2020,article,13,93630570.0,14.0,95,"Continuity, Change, and New Product Performance: The Role of Stream Concentration *"
4385945315,2,0,2,"3123050710,2066752129",https://doi.org/10.1371/journal.pone.0290077,2023,article,13,202381698.0,18.0,57,The effectiveness of Japanese public funding to generate emerging topics in life science and medicine
4400426890,2,0,2,"3123050710,2066752129",https://doi.org/10.1108/el-03-2024-0070,2024,article,13,902750600.0,33.0,44,Exploring the relationship between team institutional composition and novelty in academic papers based on fine-grained knowledge entities
2979353389,2,0,2,"3123050710,2066752129",https://doi.org/10.1016/j.joi.2019.100979,2019,preprint,13,205292342.0,14.0,46,Do we measure novelty when we analyze unusual combinations of cited references? A validation study of bibliometric novelty indicators based on F1000Prime data
4394951158,2,0,2,"2793071066,2913773162",https://doi.org/10.1073/pnas.2209196121,2024,article,13,125754415.0,23.0,79,Developing a predictive science of the biosphere requires the integration of scientific cultures
4411361849,2,0,2,"2793071066,4378980478",https://doi.org/10.1038/s41597-025-05343-8,2025,article,13,2607323502.0,13.0,83,"PubMed knowledge graph 2.0: Connecting papers, patents, and clinical trials in biomedical science"
4223985358,2,0,2,"3123050710,2547045893",https://doi.org/10.1371/journal.pone.0265831,2022,article,12,202381698.0,18.0,84,Cumulative advantage and citation performance of repeat authors in scholarly journals
3160510015,2,0,2,"2066752129,3123050710",https://doi.org/10.1787/675cbef6-en,2021,paratext,12,4210210614.0,20.0,37,Quantitative indicators for high-risk/high-reward research
4390696752,2,0,2,"2913773162,4313545395",https://doi.org/10.1038/s41467-023-44249-0,2024,article,12,64187185.0,18.0,67,A simulation-based analysis of the impact of rhetorical citations in science
4388083409,2,0,2,"2913773162,4313545395",https://doi.org/10.1016/j.nbt.2023.10.012,2023,article,12,139345353.0,13.0,24,EBRC: Enhancing bioeconomy through research and communication
4283737610,2,0,2,"2066752129,3123050710",https://doi.org/10.1371/journal.pone.0269991,2022,article,12,202381698.0,18.0,87,Benefits and detriments of interdisciplinarity on early career scientists’ performance. An author-level approach for U.S. physicists and psychologists
4328126415,2,0,2,"2066752129,2303284028",https://doi.org/10.1287/orsc.2023.1665,2023,article,12,206124708.0,14.0,122,Unlocking the Inventive Potential of Knowledge Distance in Teams: How Intrateam Network Configurations Provide a Key
4388706049,2,0,2,"2913773162,2793071066",https://doi.org/10.1098/rsos.231100,2023,article,12,2737558550.0,23.0,70,An epistemology for democratic citizen science
4285342902,2,0,2,"2808505390,2547045893",https://doi.org/10.5753/sbcm.2021.19440,2021,article,12,,20.0,22,Hot Streaks in the Brazilian Music Market: A Comparison Between Physical and Digital Eras
4294011860,2,0,2,"2066752129,2913773162",https://doi.org/10.1016/j.patter.2022.100584,2022,article,12,4210198061.0,20.0,74,Systematic analysis of 50 years of Stanford University technology transfer and commercialization
3034266515,2,0,2,"2547045893,2793071066",https://doi.org/10.1007/s11192-020-03544-z,2020,article,12,148561398.0,18.0,71,The Annus Mirabilis paper: years of peak productivity in scientific careers
2973837020,2,0,2,"2066752129,3123050710",https://doi.org/10.1162/qss_a_00007,2019,article,12,4210195326.0,18.0,20,Co-citations in context: Disciplinary heterogeneity is relevant
4404437555,2,0,2,"4378980478,2793071066",https://doi.org/10.1057/s41599-024-04088-w,2024,article,12,4210206302.0,18.0,73,Can peer review accolade awards motivate reviewers? A large-scale quasi-natural experiment
4292553389,2,0,2,"2066752129,3123050710",https://doi.org/10.1177/02662426221115717,2022,article,12,107859553.0,14.0,67,The technological novelty of invention and speed to IPO of high-tech start-ups
3202774468,2,0,2,"2913773162,2066752129",https://doi.org/10.1038/s41598-022-13929-0,2022,article,12,196734849.0,33.0,53,The anatomy of social dynamics in escape rooms
4387257891,2,0,2,"2793071066,2066752129",https://doi.org/10.1162/qss_a_00267,2023,article,12,4210195326.0,18.0,41,A meso-scale cartography of the AI ecosystem
4392353974,2,0,2,"2547045893,4313545395",https://doi.org/10.1007/s11192-024-04962-z,2024,article,11,148561398.0,18.0,58,Skewed distributions of scientists’ productivity: a research program for the empirical analysis
4400603791,2,0,2,"2808505390,2547045893",https://doi.org/10.1057/s41599-024-03402-w,2024,article,11,4210206302.0,18.0,53,A global perspective on social stratification in science
4404515110,2,0,2,"2303284028,2913773162",https://doi.org/10.1016/j.joi.2024.101606,2024,article,11,205292342.0,22.0,67,Early identification of breakthrough technologies: Insights from science-driven innovations
4367845101,2,0,2,"4313545395,2913773162",https://doi.org/10.1177/01708406231175292,2023,article,11,28882882.0,18.0,6,Triviality and the Search for Scholarly Impact
4402586479,2,0,2,"2066752129,2793071066",https://doi.org/10.1162/qss_a_00329,2024,article,11,4210195326.0,18.0,63,Interdisciplinary research in artificial intelligence: Lessons from COVID-19
4365816659,2,0,2,"2547045893,2808505390",https://doi.org/10.1016/j.joi.2023.101408,2023,article,11,205292342.0,18.0,60,Earlier recognition of scientific excellence enhances future achievements and promotes persistence
4400145542,2,0,2,"2793071066,2066752129",https://doi.org/10.1016/j.ipm.2024.103826,2024,article,11,174847851.0,18.0,78,Understanding delays in publishing interdisciplinary research
2917742510,2,0,2,"2793071066,2547045893",https://doi.org/10.1371/journal.pone.0212167,2019,article,11,202381698.0,13.0,72,Digit ratio (2D:4D) and academic success as measured by achievement in the academic degree “Habilitation”
4390848168,2,0,2,"2303284028,2913773162",https://doi.org/10.1016/j.joi.2024.101493,2024,article,11,205292342.0,18.0,39,Disruptive development path measurement for emerging technologies based on the patent citation network
4387366877,2,0,2,"3123050710,2066752129",https://doi.org/10.1177/23794607231192734,2023,article,11,4210180011.0,32.0,72,Teamwork doesn’t just happen: Policy recommendations from over half a century of team research
4200001833,2,0,2,"2066752129,2547045893",https://doi.org/10.1037/amp0000863,2021,article,11,80146597.0,17.0,68,Quantifying the selective forgetting and integration of ideas in science and technology.
4212942187,2,0,2,"2547045893,2808505390",https://doi.org/10.1007/s11192-022-04286-w,2022,article,11,148561398.0,18.0,61,Predicting the impact and publication date of individual scientists’ future papers
4307169255,2,0,2,"3123050710,2066752129",https://doi.org/10.1111/poms.13908,2022,article,10,149070780.0,18.0,91,"Rare is beautiful? Rareness, technology value, and the moderating role of search domain and knowledge maturity"
4399335878,2,0,2,"2793071066,4378980478",https://doi.org/10.1038/s41597-024-03416-8,2024,article,10,2607323502.0,13.0,42,"Publication, funding, and experimental data in support of Human Reference Atlas construction and usage"
4392180692,2,0,2,"3123050710,2066752129",https://doi.org/10.1016/j.joi.2024.101517,2024,article,10,205292342.0,18.0,73,Early identification of breakthrough research from sleeping beauties using machine learning
4317499684,2,0,2,"2913773162,2793071066",https://doi.org/10.1007/s11192-022-04621-1,2023,article,10,148561398.0,18.0,77,Higher-order rich-club phenomenon in collaborative research grant networks
4393246164,2,0,2,"3123050710,2913773162",https://doi.org/10.1016/j.joi.2024.101525,2024,article,10,205292342.0,18.0,120,Influence of interdisciplinarity of scientific papers on the durability of citation diffusion: A perspective from citation discontinuance
2904531441,2,0,2,"2066752129,2793071066",https://doi.org/10.1016/j.jbi.2018.11.014,2018,article,10,11622463.0,31.0,96,Disentangling the evolution of MEDLINE bibliographic database: A complex network perspective
3111692134,2,0,2,"3123050710,2066752129",https://doi.org/10.1016/j.joi.2020.101122,2020,article,10,205292342.0,18.0,81,Examining the characteristics of impactful research topics: A case of three decades of HIV-AIDS research
4404462159,2,0,2,"2913773162,2303284028",https://doi.org/10.1016/j.joi.2024.101613,2024,article,10,205292342.0,14.0,62,Technological recombinant strategy and breakthrough innovation of team: The moderating role of science linkage
3114787562,2,0,2,"2793071066,2913773162",https://doi.org/10.1162/qss_a_00101,2021,article,10,4210195326.0,33.0,55,The rank boost by inconsistency in university rankings: Evidence from 14 rankings of Chinese universities
4405939588,2,0,2,"2303284028,4313545395",https://doi.org/10.1016/j.joi.2024.101636,2025,article,10,205292342.0,14.0,107,Collaboration networks and radical innovation: Two faces of tie strength and structural holes
4385387205,2,0,2,"2303284028,2913773162",https://doi.org/10.1016/j.joi.2023.101436,2023,article,10,205292342.0,18.0,89,Assessing academic impacts of machine learning applications on a social science: Bibliometric evidence from economics
3000299920,2,0,2,"2066752129,2793071066",https://doi.org/10.1073/pnas.1915378117,2020,preprint,10,125754415.0,33.0,50,The Diversity–Innovation Paradox in Science
4394972334,2,0,2,"4313545395,2066752129",https://doi.org/10.1017/dsj.2024.10,2024,article,10,4210173131.0,18.0,67,The innovation paradox: concept space expansion with diminishing originality and the promise of creative artificial intelligence
3028528968,2,0,2,"2547045893,2793071066",https://doi.org/10.1007/s11192-020-03503-8,2020,article,10,148561398.0,18.0,31,An overview of the history of Science of Science in China based on the use of bibliographic and citation data: a new method of analysis based on clustering with feature maximization and contrast graphs
4385802210,2,0,2,"2793071066,2547045893",https://doi.org/10.1073/pnas.2305196120,2023,article,10,125754415.0,18.0,39,Ranking mobility and impact inequality in early academic careers
4408099026,2,0,2,"4378980478,2793071066",https://doi.org/10.1057/s41599-025-04550-3,2025,article,9,4210206302.0,33.0,46,The altering landscape of US–China science collaboration: from convergence to divergence
4387801255,2,0,2,"2913773162,2547045893",https://doi.org/10.1016/j.joi.2023.101459,2023,article,9,205292342.0,33.0,70,How to configure intellectual capital of research teams for triggering scientific breakthroughs: Exploratory study in the field of gene editing
2950127657,2,0,2,"2793071066,2066752129",https://doi.org/10.1007/s11192-019-03154-4,2019,article,9,148561398.0,32.0,42,Qualifying threshold of “take-off” stage for successfully disseminated creative ideas
4393311190,2,0,2,"2793071066,2808505390",https://doi.org/10.1007/s10462-023-10655-5,2024,article,9,122814990.0,31.0,60,Anomalous citations detection in academic networks
4395043958,2,0,2,"2066752129,2793071066",https://doi.org/10.1007/s11192-024-04973-w,2024,article,9,148561398.0,18.0,112,"Influence of political tensions on scientific productivity, citation impact, and knowledge combinations"
4311820047,2,0,2,"2793071066,2913773162",https://doi.org/10.1007/s11192-022-04590-5,2022,article,9,148561398.0,17.0,71,CLARA: citation and similarity-based author ranking
2944357344,2,0,2,"2913773162,2303284028",https://doi.org/10.48550/arxiv.1905.03461,2019,preprint,9,4306400194.0,18.0,12,"Solo citations, duet citations, and prelude citations: New measures of the disruption of academic papers"
3174975840,2,0,2,"2808505390,2066752129",https://doi.org/10.1007/s41109-021-00389-0,2021,article,9,3035517252.0,25.0,63,Large-scale analysis of delayed recognition using sleeping beauty and the prince
4392180481,2,0,2,"2303284028,2066752129",https://doi.org/10.1109/ms.2023.3340831,2024,article,9,6725529.0,17.0,21,"Developer Productivity for Humans, Part 8: Creativity in Software Engineering"
4395956034,2,0,2,"2913773162,2066752129",https://doi.org/10.1177/00031224241246271,2024,article,9,157620343.0,33.0,145,"Feature-Based Structures of Opportunity: Genre Innovation in the American Popular Music Industry, 1958 to 2016"
3203935409,2,0,2,"2913773162,2793071066",https://doi.org/10.1017/cts.2021.863,2021,article,9,4210205013.0,27.0,48,Using bibliometrics to evaluate outcomes and influence of translational biomedical research centers
4229049063,2,0,2,"2913773162,2066752129",https://doi.org/10.1016/j.joi.2022.101294,2022,article,9,205292342.0,18.0,60,Disturbance of questionable publishing to academia
2982133349,2,0,2,"2303284028,2913773162",https://doi.org/10.48550/arxiv.1901.09663,2019,preprint,9,4306400194.0,18.0,30,A multi-dimensional framework for characterizing the citation impact of scientific publications
3145225459,2,0,2,"2066752129,2793071066",https://doi.org/10.5194/hess-25-4631-2021,2021,article,8,93121129.0,23.0,59,Bright and blind spots of water research in Latin America and the Caribbean
3136747880,2,0,2,"2066752129,3123050710",https://doi.org/10.5465/ambpp.2022.16263abstract,2022,article,8,4210223487.0,20.0,58,Two Tales of Science Technology Linkage: Patent In-text versus Front-page References
4328051159,2,0,2,"2913773162,2793071066",https://doi.org/10.1016/j.joi.2023.101399,2023,article,8,205292342.0,31.0,109,Predicting the evolution of scientific communities by interpretable machine learning approaches
4383617069,2,0,2,"4313545395,2793071066",https://doi.org/10.1016/j.joi.2023.101431,2023,article,8,205292342.0,25.0,65,How to detect the sleeping beauty papers and princes in technology considering indirect citations?
4387459422,2,0,2,"2913773162,2793071066",https://doi.org/10.1140/epjds/s13688-023-00411-8,2023,article,8,2504380752.0,31.0,50,The structure of segregation in co-authorship networks and its impact on scientific production
4404844798,2,0,2,"2066752129,3123050710",https://doi.org/10.1016/j.technovation.2024.103112,2024,article,8,70698675.0,18.0,90,Sourcing insights elsewhere: The positive influence of academic engagement on scientific impact
4407236276,2,0,2,"2913773162,2066752129",https://doi.org/10.1093/bib/bbaf045,2024,article,8,91767247.0,13.0,63,Steering veridical large language model analyses by correcting and enriching generated database queries: first steps toward ChatGPT bioinformatics
4313485219,2,0,2,"2066752129,2913773162",https://doi.org/10.1371/journal.pone.0279314,2023,article,8,202381698.0,18.0,41,Quantifying knowledge from the perspective of information structurization
3150011452,2,0,2,"3123050710,2793071066",https://doi.org/10.1162/qss_a_00130,2021,article,8,4210195326.0,18.0,61,Total number of papers and in a single percentile fully describes research impact—Revisiting concepts and applications
4405570986,2,0,2,"2547045893,2808505390",https://doi.org/10.1038/s41467-024-54612-4,2024,review,8,64187185.0,31.0,194,Collective dynamics behind success
4292223529,2,0,2,"2066752129,3123050710",https://doi.org/10.1016/j.eswa.2022.118564,2022,article,8,13144211.0,14.0,42,Measuring latent combinational novelty of technology
3197121419,2,0,2,"2793071066,2066752129",https://doi.org/10.1016/j.clinimag.2021.08.012,2021,review,8,113483602.0,18.0,19,"Measuring interdisciplinarity of biomedical research, medical specialty performance, and implications for radiology: A retrospective review of 2.6 million citations"
4408405799,2,0,2,"4313545395,2303284028",https://doi.org/10.1002/eet.2155,2025,article,8,44419007.0,23.0,81,Knowledge Cumulation at Science‐Policy Interfaces: Opportunities for Environmental Governance Research
4386984867,2,0,2,"2547045893,2808505390",https://doi.org/10.1007/s11192-023-04835-x,2023,article,8,148561398.0,20.0,26,Hot streaks in the music industry: identifying and characterizing above-average success periods in artists’ careers
3155099784,2,0,2,"2066752129,3123050710",https://doi.org/10.2139/ssrn.3803654,2021,article,8,4210172589.0,14.0,79,"Dissemination, Publication, and Impact of Finance Research: When Novelty Meets Conventionality"
4409173914,2,0,2,"3123050710,2066752129",https://doi.org/10.1016/j.techfore.2025.124114,2025,article,8,39307421.0,14.0,119,How does science convergence influence technology convergence? Different impacts of science-push and technology-pull
4302283161,2,0,2,"2913773162,2066752129",https://doi.org/10.1111/soc4.13043,2022,article,8,100176667.0,33.0,194,"Destructive creation, creative destruction, and the paradox of innovation science"
4285393834,2,0,2,"3123050710,2793071066",https://doi.org/10.1177/01655515211061219,2022,article,8,68913162.0,18.0,103,Breakthrough potential of emerging research topics based on citation diffusion features
2886421582,2,0,2,"3123050710,2066752129",https://doi.org/10.1101/388678,2018,preprint,8,4306402567.0,18.0,33,Measuring researcher independence using bibliometric data: A proposal for a new performance indicator
3036144803,2,0,2,"2547045893,2793071066",https://doi.org/10.1371/journal.pone.0233997,2020,article,8,202381698.0,18.0,50,Where is your field going? A machine learning approach to study the relative motion of the domains of physics
3162630026,2,0,2,"2303284028,2913773162",https://doi.org/10.3386/w28769,2021,report,8,2809516038.0,20.0,66,Invention and the Life Course: Age Differences in Patenting
2991003614,2,0,2,"2793071066,2808505390",https://doi.org/10.1162/qss_a_00070,2020,article,8,4210195326.0,18.0,29,Recency predicts bursts in the evolution of author citations
4391565221,2,0,2,"3123050710,4313545395",https://doi.org/10.1016/j.respol.2024.104974,2024,article,7,9731383.0,18.0,57,Reluctance to pursue breakthrough research: A signaling explanation
4283381968,2,0,2,"2808505390,2547045893",https://doi.org/10.1016/j.ipm.2022.102996,2022,article,7,174847851.0,31.0,49,Quantifying the structural and temporal characteristics of negative links in signed citation networks
4408805406,2,0,2,"2303284028,2913773162",https://doi.org/10.1007/s11192-025-05285-3,2025,article,7,148561398.0,18.0,101,Impact of interdisciplinarity on disruptive innovation: the moderating role of collaboration pattern and collaboration size
2979377052,2,0,2,"3123050710,2066752129",https://doi.org/10.1093/scipol/scab031,2021,preprint,7,4210168539.0,18.0,46,Does It Pay to Do Novel Science? The Selectivity Patterns in Science Funding
4404929753,2,0,2,"2303284028,2793071066",https://doi.org/10.1038/s41562-024-02041-0,2024,article,7,2764866340.0,18.0,54,Limited diffusion of scientific knowledge forecasts collapse
4312603812,2,0,2,"2793071066,2547045893",https://doi.org/10.1177/26339137221109839,2022,article,7,4220651559.0,33.0,61,Historical growth of concept networks in Wikipedia
4280652854,2,0,2,"2913773162,2066752129",https://doi.org/10.1093/icb/icac041,2022,article,7,103356783.0,18.0,78,Addressing Diverse Motivations to Enable Bioinspired Design
4404047061,2,0,2,"2913773162,2066752129",https://doi.org/10.3390/app142110054,2024,article,7,4210205812.0,33.0,99,Exploring Core Knowledge in Interdisciplinary Research: Insights from Topic Modeling Analysis
3020775153,2,0,2,"2066752129,3123050710",https://doi.org/10.1007/s11192-020-03478-6,2020,article,7,148561398.0,18.0,49,Diffusion and adoption: an explanatory model of “question mark” and “rising star” articles
4412521604,2,0,2,"3123050710,2066752129",https://doi.org/10.1038/s41597-025-05518-3,2025,article,7,2607323502.0,14.0,27,A Global Dataset Mapping the AI Innovation from Academic Research to Industrial Patents
2900825635,2,0,2,"2066752129,2793071066",https://doi.org/10.1111/jnu.12446,2018,review,7,205285807.0,18.0,24,Symptom Science Research in the Era of Big Data: Leveraging Interdisciplinary Resources and Partners to Make It Happen
4413919184,2,0,2,"2793071066,4313545395",https://doi.org/10.1162/qss.a.22,2025,article,7,4210195326.0,33.0,93,Academic freedom and international research collaboration: A longitudinal analysis of global network evolution
4414280510,2,0,2,"4313545395,2066752129",https://doi.org/10.5465/amj.2023.1307,2025,article,7,117778295.0,14.0,156,"Would Archimedes Shout “Eureka” with Algorithms? The Hidden Hand of Algorithmic Design in Idea Generation, the Creation of Ideation Bubbles, and How Experts Can Burst Them"
4281562063,2,0,2,"2066752129,2793071066",https://doi.org/10.1142/s0219525921500168,2022,article,6,107361000.0,13.0,37,EVOLUTION OF BIOMEDICAL INNOVATION QUANTIFIED VIA BILLIONS OF DISTINCT ARTICLE-LEVEL MeSH KEYWORD COMBINATIONS
4402633081,2,0,2,"3123050710,2793071066",https://doi.org/10.1038/s41598-024-72364-5,2024,article,6,196734849.0,26.0,45,Machine learning misclassification networks reveal a citation advantage of interdisciplinary publications only in high-impact journals
4376130339,2,0,2,"2793071066,2547045893",https://doi.org/10.1016/j.physa.2023.128846,2023,article,6,24688465.0,31.0,39,Evolution of scientific collaboration based on academic ages
4399722070,2,0,2,"4313545395,2913773162",https://doi.org/10.1016/j.ipm.2024.103806,2024,article,6,174847851.0,26.0,68,Investigating the causal effects of affiliation diversity on the disruption of papers in Artificial Intelligence
4399698690,2,0,2,"2793071066,2913773162",https://doi.org/10.1016/j.agsy.2024.104013,2024,article,6,157560195.0,17.0,82,What traits of collaboration networks are associated with project success? The case of two CGIAR agricultural research programs for development
4285191138,2,0,2,"2066752129,3123050710",https://doi.org/10.2139/ssrn.4117951,2022,article,6,4210172589.0,33.0,123,Beyond Feasibility Filters: How Expertise Heterogeneity Enables Innovation Recognition
4409254577,2,0,2,"4378980478,4313545395",https://doi.org/10.1016/j.joi.2025.101663,2025,article,6,205292342.0,18.0,51,The role of preprints in open science: Accelerating knowledge transfer from science to technology
4403677164,2,0,2,"2913773162,4313545395",https://doi.org/10.1109/tem.2024.3485751,2024,article,6,154533451.0,14.0,130,"Robust Networks, Pivotal Patents: Identifying and Assessing Key Technological Influencers"
4281255308,2,0,2,"2066752129,3123050710",https://doi.org/10.1007/s11192-022-04387-6,2022,article,6,148561398.0,18.0,36,Measuring the disparity among scientific disciplines using Library of Congress Subject Headings
4296613330,2,0,2,"2913773162,2303284028",https://doi.org/10.1016/j.crad.2022.07.003,2022,article,6,180082538.0,18.0,5,Extra credit for disruption: trend of disruption in radiology academic journals
4417351462,2,0,2,"4313545395,2303284028",https://doi.org/10.1016/j.eneco.2025.109093,2025,article,6,94499970.0,14.0,41,Green transformation in the era of intelligence: How artificial intelligence affects disruptive green innovation in firms
2952611337,2,0,2,"2913773162,3123050710",https://doi.org/10.1038/s41562-019-0643-1,2019,article,6,2764866340.0,18.0,11,Most scientists prefer small and mid-sized research grants
2806963674,2,0,2,"2066752129,3123050710",https://doi.org/10.1016/j.joi.2018.07.005,2018,preprint,6,205292342.0,18.0,106,Creativity in science and the link to cited references: Is the creative potential of papers reflected in their cited references?
4313451844,2,0,2,"2066752129,3123050710",https://doi.org/10.1016/j.respol.2022.104707,2022,article,6,9731383.0,18.0,37,"The subjective expected utility approach and a framework for defining project risk in terms of novelty and feasibility – A response to Franzoni and Stephan (2023), ‘uncertainty and risk-taking in science’"
3035950354,2,0,2,"2913773162,2303284028",https://doi.org/10.3390/publications8020034,2020,article,6,2738007992.0,18.0,74,An Empirical Test of the Inter-Relationships between Various Bibliometric Creative Scholarship Indicators
4376609674,2,0,2,"2303284028,2913773162",https://doi.org/10.1097/ta.0000000000004009,2023,article,6,4210177186.0,27.0,25,Citation versus disruption in the military: Analysis of the top disruptive military trauma research publications
3007281182,2,0,2,"3123050710,2793071066",https://doi.org/10.1162/qss_a_00037,2020,article,6,4210195326.0,18.0,33,Impact factor volatility due to a single paper: A comprehensive analysis
4403454040,2,0,2,"2913773162,2303284028",https://doi.org/10.1016/j.joi.2024.101596,2024,article,6,205292342.0,18.0,77,Predicting the emergence of disruptive technologies by comparing with references via soft prompt-aware shared BERT
4307280317,2,0,2,"2066752129,2793071066",https://doi.org/10.1146/annurev-anthro-012121-012127,2022,article,6,195167216.0,33.0,111,What Makes Inventions Become Traditions?
4382657081,2,0,2,"2066752129,3123050710",https://doi.org/10.1016/j.joi.2023.101426,2023,article,5,205292342.0,18.0,61,Measuring risk in science
4396591452,2,0,2,"2913773162,2303284028",https://doi.org/10.1007/s11192-024-05001-7,2024,article,5,148561398.0,13.0,45,Using Reference Publication Year Spectroscopy (RPYS) to analyze the research and publication culture in immunology
4403873557,2,0,2,"2066752129,4313545395",https://doi.org/10.3390/cancers16213646,2024,article,5,168415115.0,13.0,37,Evolving Artificial Intelligence (AI) at the Crossroads: Potentiating Productive vs. Declining Disruptive Cancer Research
4378575425,2,0,2,"2066752129,3123050710",https://doi.org/10.1007/s11123-023-00681-4,2023,article,5,34280410.0,36.0,43,Ph.D. publication productivity: the role of gender and race in supervision in South Africa
4391026106,2,0,2,"2066752129,4313545395",https://doi.org/10.1007/s10037-023-00199-0,2024,article,5,4210170851.0,14.0,98,Familiar but also radical? The moderating role of regional clusters for family firms in the emergence of radical innovation
4388945428,2,0,2,"3201257425,2808505390",https://doi.org/10.1140/epjds/s13688-023-00428-z,2023,article,5,2504380752.0,33.0,46,Structural gender imbalances in ballet collaboration networks
2922056523,2,0,2,"3123050710,2066752129",https://doi.org/10.1108/rausp-02-2019-0017,2019,article,5,2898603574.0,18.0,19,The building blocks of creativity and new ideas
3135317443,2,0,2,"2066752129,3123050710",https://doi.org/10.1016/j.econ.2021.02.002,2021,article,5,4210229507.0,32.0,56,Where’d you get that idea? Determinants of creativity and impact in popular music
4411236131,2,0,2,"2066752129,2793071066",https://doi.org/10.1002/asi.25014,2025,article,5,4210197613.0,18.0,69,Knowledge integration and diffusion structures of interdisciplinary research: A large‐scale analysis based on propensity score matching
4388188435,2,0,2,"2793071066,2913773162",https://doi.org/10.1177/01655515231204800,2023,article,5,68913162.0,18.0,61,The expansion of team size in library and information science (LIS): Is bigger always better?
2891269725,2,0,2,"2303284028,2913773162",https://doi.org/10.2139/ssrn.3245839,2018,article,5,4210172589.0,14.0,61,Rapidly Evolving Technologies and Startup Exits
3145100588,2,0,2,"2547045893,2913773162",https://doi.org/10.1016/j.joi.2021.101157,2021,article,5,205292342.0,18.0,38,Solving the cold-start problem in scientific credit allocation
4390690991,2,0,2,"3123050710,2066752129",https://doi.org/10.1093/scipol/scad083,2024,article,5,4210168539.0,18.0,103,Can open peer review improve uptake of preprints into policies? Evidence from a causal inference
4406045355,2,0,2,"2793071066,2066752129",https://doi.org/10.3389/fphy.2024.1492731,2025,article,5,2596760093.0,14.0,78,"Exploring network dynamics in scientific innovation: collaboration, knowledge combination, and innovative performance"
4388182425,2,0,2,"2066752129,2913773162",https://doi.org/10.1093/scipol/scad058,2023,article,5,4210168539.0,18.0,48,Gender bias in team formation: the case of the European Science Foundation’s grants
3195427892,2,0,2,"3123050710,2066752129",https://doi.org/10.1007/s10961-021-09876-z,2021,article,5,185905316.0,18.0,84,Chasing two hares at once? Effect of joint institutional change for promoting commercial use of university knowledge and scientific research
4393491834,2,0,2,"2547045893,2793071066",https://doi.org/10.1140/epjds/s13688-024-00468-z,2024,article,4,2504380752.0,33.0,35,Science as exploration in a knowledge landscape: tracing hotspots or seeking opportunity?
4402988401,2,0,2,"2793071066,2547045893",https://doi.org/10.3390/info15100597,2024,article,4,4210219776.0,18.0,68,Analysis of Effects on Scientific Impact Indicators Based on Coevolution of Coauthorship and Citation Networks
4308026199,2,0,2,"3123050710,2547045893",https://doi.org/10.1093/icesjms/fsac187,2022,article,4,200038611.0,18.0,71,Counting stars: contribution of early career scientists to marine and fisheries sciences
4397034445,2,0,2,"2547045893,2793071066",https://doi.org/10.1007/s11192-024-05023-1,2024,article,4,148561398.0,18.0,46,Unbiased evaluation of ranking algorithms applied to the Chinese green patents citation network
4403128303,2,0,2,"2913773162,2303284028",https://doi.org/10.1177/01655515241263545,2024,article,4,68913162.0,31.0,35,A new method of calculating the disruption index based on open citation data
4307644495,2,0,2,"3123050710,2066752129",https://doi.org/10.1080/00330124.2022.2125881,2022,article,4,67739838.0,31.0,55,Extensive Dynamics of Global Collaboration Network for Scientific Breakthroughs
4412998513,2,0,2,"3123050710,4313545395",https://doi.org/10.1007/s11192-025-05389-w,2025,article,4,148561398.0,14.0,95,"Research exploration, collaborative partnerships, and scientific breakthrough: evidence from China’s State Key Laboratories"
4393333866,2,0,2,"2303284028,4313545395",https://doi.org/10.2139/ssrn.4775979,2024,article,4,4210172589.0,14.0,34,The Anatomy of Chinese Innovation: Insights on Patent Quality and Ownership
3193655370,2,0,2,"2793071066,2547045893",https://doi.org/10.1016/j.joi.2021.101203,2021,article,4,205292342.0,18.0,67,On the inequality of citation counts of all publications of individual authors
4403664905,2,0,2,"2913773162,4313545395",https://doi.org/10.1093/ajhp/zxae309,2024,article,4,105051383.0,18.0,30,Identifying disruptive papers in pharmacy literature that changed clinical practice: 1954-2014
4409840851,2,0,2,"2913773162,2066752129",https://doi.org/10.1016/j.joi.2025.101675,2025,article,4,205292342.0,14.0,61,How do intra- and inter-organisational collaboration affect research performance? Evidence from German universities
4403482516,2,0,2,"4313545395,3123050710",https://doi.org/10.1093/reseval/rvae038,2024,article,4,16793705.0,18.0,62,How can we make ‘research quality’ a theoretical concept?
4410489236,2,0,2,"2793071066,2547045893",https://doi.org/10.1016/j.joi.2025.101683,2025,article,4,205292342.0,18.0,63,Determination and characteristics of the most visible authors in multi-author publications
4210677938,2,0,2,"2913773162,2793071066",https://doi.org/10.1093/logcom/exac021,2022,article,4,47057106.0,13.0,49,Modelling efficient team structures in biology
3200480365,2,0,2,"3123050710,2066752129",https://doi.org/10.2139/ssrn.3920711,2021,article,4,4210172589.0,18.0,65,Is Novel Research Worth Doing? Evidence from Journal Peer Review
4403203968,2,0,2,"2066752129,2303284028",https://doi.org/10.1016/j.techfore.2024.123794,2024,article,4,39307421.0,14.0,102,The quest for valuable inventions: Knowledge search and the value of patented inventions
4394995951,2,0,2,"2303284028,4313545395",https://doi.org/10.2139/ssrn.4802795,2024,article,4,4210172589.0,14.0,45,Global Technological Impact in Cross-Country Comparison
3090883967,2,0,2,"2066752129,2913773162",https://doi.org/10.5465/amproc.2023.240bp,2023,article,4,4210223487.0,31.0,40,The Emergence of Higher-Order Structure in Scientific and Technological Knowledge Networks
4292405670,2,0,2,"2913773162,2303284028",https://doi.org/10.1080/08820538.2022.2112851,2022,article,4,118649763.0,18.0,12,Characterizing Innovation in Science through the Disruption Index
4319165953,2,0,2,"2913773162,2066752129",https://doi.org/10.1016/j.joi.2023.101378,2023,article,4,205292342.0,18.0,48,Revisiting the uniformity and inconsistency of slow-cited papers in science
4408041134,2,0,2,"2913773162,4313545395",https://doi.org/10.3389/fbloc.2025.1524222,2025,article,4,4210212584.0,18.0,44,"Exploring the decentralized science ecosystem: insights on organizational structures, technologies, and funding"
2963351820,2,0,2,"3123050710,2066752129",https://doi.org/10.1093/icc/dtz042,2019,article,4,145507837.0,18.0,60,Explaining and predicting the impact of authors within a community: an assessment of the bibliometric literature and application of machine learning
4409615723,2,0,2,"4378980478,2793071066",https://doi.org/10.1007/s11192-025-05322-1,2025,article,4,148561398.0,18.0,182,Science of science
3048559849,2,0,2,"2793071066,2913773162",https://doi.org/10.2215/cjn.06570520,2020,article,4,184267533.0,27.0,10,Jump-Starting Kidney Research
4377087656,2,0,2,"2913773162,2066752129",https://doi.org/10.55835/6442f3fd947802668eee976c,2023,article,4,,17.0,11,Diversity of Expertise is Key to Scientific Impact: a Large-Scale Analysis in the Field of Computer Science
4396706214,2,0,2,"2066752129,2547045893",https://doi.org/10.1177/00018392241247744,2024,article,4,143668711.0,33.0,122,Stretched Thin: How a Misalignment Between Allocation and Valuation Underlies the Paradox of Diversity Achievement in Higher Education
4285357023,2,0,2,"2913773162,3123050710",https://doi.org/10.1109/dsc53577.2021.00050,2021,article,4,,31.0,34,Dynamic Topic Model for Tracking Topic Evolution and Measuring Popularity of Scientific Literature
4406611721,2,0,2,"2066752129,3123050710",https://doi.org/10.1109/tem.2025.3528070,2025,article,3,154533451.0,33.0,99,Unpacking the Mechanism of the Economic Impact of University Interdisciplinary Research: A Topic Modeling Approach
3152650605,2,0,2,"2066752129,2303284028",https://doi.org/10.1142/s0219525921500053,2021,preprint,3,107361000.0,23.0,79,ON THE SOCIAL AND COGNITIVE DIMENSIONS OF WICKED ENVIRONMENTAL PROBLEMS CHARACTERIZED BY CONCEPTUAL AND SOLUTION UNCERTAINTY
3165371237,2,0,2,"2547045893,2066752129",https://doi.org/10.20913/1815-3186-2021-1-25-42,2021,article,3,4210185581.0,18.0,118,Science of science
4396674056,2,0,2,"2547045893,2808505390",https://doi.org/10.1162/qss_a_00313,2024,article,3,4210195326.0,33.0,34,Latent variable modeling of scientific impact: Estimation of the Q model parameters with structural equation models
4410392812,2,0,2,"4313545395,2913773162",https://doi.org/10.1371/journal.pone.0323297,2025,article,3,202381698.0,14.0,24,Business and entrepreneurship is declining as scholarly field: Empirical evidence
4405027804,2,0,2,"4313545395,2066752129",https://doi.org/10.1007/978-981-96-0868-3_2,2024,book-chapter,3,106296714.0,14.0,66,How Knowledge Recombination Fuels Technological Innovation? Insights from IPC Co-occurrence Networks
4387770435,2,0,2,"2547045893,3123050710",https://doi.org/10.1093/scipol/scad064,2023,article,3,4210168539.0,20.0,117,"Gerontocracy, labor market bottlenecks, and generational crises in modern science"
4405388059,2,0,2,"2793071066,2913773162",https://doi.org/10.1016/j.techfore.2024.123949,2024,article,3,39307421.0,14.0,87,Prominence of corporate science in quantum computing research
4366749161,2,0,2,"2793071066,2547045893",https://doi.org/10.1016/j.heliyon.2023.e15673,2023,article,3,2898612692.0,18.0,68,Modeling a successful citation trajectory structure for scholar's impact evaluation in Israeli academia
4408388314,2,0,2,"3123050710,2066752129",https://doi.org/10.1016/j.joi.2025.101656,2025,article,3,205292342.0,18.0,46,Navigating disruptions: The effects of the pandemic on scientific collaboration and research novelty in Hong Kong
4403525673,2,0,2,"2913773162,3123050710",https://doi.org/10.1016/j.joi.2024.101597,2024,article,3,205292342.0,14.0,61,Should we circumvent knowledge path dependency? The impact of conventional learning and collaboration diversity on knowledge creation
2777606335,2,0,2,"2547045893,2066752129",https://doi.org/10.1209/0295-5075/120/50001,2017,article,3,161185981.0,18.0,16,A proposal for a quantitative indicator of original research output
4403706684,2,0,2,"3123050710,2066752129",https://doi.org/10.1016/j.respol.2024.105139,2024,article,3,9731383.0,17.0,63,Do you see what I see? How expertise and a decision-maker role influence the recognition and selection of novel ideas
4401700602,2,0,2,"2913773162,2303284028",https://doi.org/10.1016/j.joi.2024.101573,2024,article,3,205292342.0,18.0,119,Revalidation of the applicability of Altmetrics indicators in article-level evaluation: An empirical analysis of papers of different types of citation trajectories
4317214838,2,0,2,"2793071066,3123050710",https://doi.org/10.1093/icc/dtac047,2023,article,3,145507837.0,20.0,130,The temporal value of local scientific expertise
2998821194,2,0,2,"2793071066,2913773162",https://doi.org/10.48550/arxiv.2001.04777,2020,preprint,3,4306400194.0,18.0,46,The wisdom of the few: Predicting collective success from individual behavior
4392010737,2,0,2,"4313545395,2303284028",https://doi.org/10.1016/j.respol.2024.104983,2024,article,3,9731383.0,18.0,105,How technoscientific knowledge advances: A Bell-Labs-inspired architecture
3120372291,2,0,2,"2547045893,2808505390",https://doi.org/10.48550/arxiv.2101.00863,2021,preprint,3,4306400194.0,31.0,973,The Atlas for the Aspiring Network Scientist
4312220802,2,0,2,"2793071066,2547045893",https://doi.org/10.1016/j.physa.2022.128437,2022,article,3,24688465.0,18.0,35,Regular collective dynamics of research collaboration
3021937716,2,0,2,"3123050710,2066752129",https://doi.org/10.1162/qss_a_00075,2020,article,3,4210195326.0,12.0,50,Frequently cocited publications: Features and kinetics
4302304031,2,0,2,"2793071066,2066752129",https://doi.org/10.1017/cts.2022.472,2022,article,3,4210205013.0,18.0,26,Measuring the processes of interdisciplinary team collaboration: Creating valid measures using a many-facet Rasch model approach
4281688392,2,0,2,"2303284028,2913773162",https://doi.org/10.31219/osf.io/jrqyu,2022,preprint,3,,33.0,121,How does an authoritarian state co-opt its social scientists studying civil society?
3162630356,2,0,2,"2793071066,2547045893",https://doi.org/10.2139/ssrn.3229271,2018,article,3,4210172589.0,18.0,42,Reciprocity and Success in Academic Careers
4379803257,2,0,2,"2808505390,2547045893",https://doi.org/10.4054/mpidr-wp-2023-029,2023,report,3,,18.0,80,A global perspective on the social structure of science
3091963979,2,0,2,"2066752129,2547045893",https://doi.org/10.1101/2020.10.08.330696,2020,preprint,3,4306402567.0,18.0,64,The impact of preprint servers in the formation of novel ideas
3040469764,2,0,2,"2303284028,2913773162",https://doi.org/10.1051/medsci/2020109,2020,article,3,20253135.0,18.0,8,Think small! Science disruptive et petites équipes
4414982411,2,0,2,"4313545395,2547045893",https://doi.org/10.1007/s11024-025-09602-1,2025,article,3,205537954.0,18.0,101,"Is More Science Really Less Science? The Scientization of Science, 1900–2020"
4393065064,2,0,2,"2066752129,3123050710",https://doi.org/10.2139/ssrn.4769282,2024,article,3,4210172589.0,32.0,156,Greenlighting Innovative Projects: How Evaluation Structure Shapes the Perceived Feasibility of Early-Stage Ideas
3158487556,2,0,2,"2793071066,2913773162",https://doi.org/10.1371/journal.pone.0262933,2022,article,3,202381698.0,31.0,55,A model for cooperative scientific research inspired by the ant colony algorithm
4379470274,2,0,2,"2547045893,2808505390",https://doi.org/10.1007/s11192-023-04756-9,2023,article,3,148561398.0,18.0,26,Researcher capacity estimation based on the Q model: a generalized linear mixed model perspective
4403615149,2,0,2,"4313545395,2913773162",https://doi.org/10.1002/asi.24959,2024,article,3,4210197613.0,18.0,69,The role of online search platforms in scientific diffusion
4381995879,2,0,2,"2913773162,2547045893",https://doi.org/10.2478/jdis-2023-0016,2023,article,3,2764801193.0,18.0,59,An author credit allocation method with improved distinguishability and robustness
4283374435,2,0,2,"2808505390,2547045893",https://doi.org/10.3389/fphy.2022.902890,2022,article,3,2596760093.0,33.0,39,Quantifying Award Network and Career Development in the Movie Industry
4408688731,2,0,2,"4313545395,3123050710",https://doi.org/10.5334/irsp.979,2025,article,3,4210210927.0,18.0,92,"Novelty, Consistency, Transparency: The Trilemma of Psychological Sciences and its Consequences on Open Science Practices"
3038660768,2,0,2,"2066752129,3123050710",https://doi.org/10.3389/frma.2020.577131,2021,article,3,2596295431.0,18.0,30,Delayed Recognition: A Co-Citation Perspective
4319333959,2,0,2,"2303284028,4313545395",https://doi.org/10.15252/embr.202356876,2023,article,3,57252141.0,24.0,8,The perceived decline of “disruptive” science and technology
4302023770,2,0,2,"3201257425,2808505390",https://doi.org/10.5753/jidm.2022.2350,2022,article,3,2764435056.0,17.0,38,Musical Success in the United States and Brazil: Novel Datasets and Temporal Analyses
4379473752,2,0,2,"2913773162,4313545395",https://doi.org/10.32388/ky5y9l,2023,preprint,2,4210177074.0,18.0,8,Science desperately needs disruptive innovation
4230055470,2,0,2,"2547045893,2808505390",https://doi.org/10.31234/osf.io/mw8fs,2020,preprint,2,,32.0,99,Beyond a Dream: The Practical Foundations of Disconnected Psychology
4366199525,2,0,2,"2793071066,2303284028",https://doi.org/10.1101/2023.04.15.536986,2023,preprint,2,4306402567.0,18.0,47,Limited Diffusion of Scientific Knowledge Forecasts Collapse
4394961244,2,0,2,"2547045893,2793071066",https://doi.org/10.1140/epjds/s13688-024-00472-3,2024,article,2,2504380752.0,20.0,44,Early career wins and tournament prestige characterize tennis players’ trajectories
4411977569,2,0,2,"3201257425,2913773162",https://doi.org/10.1038/s41526-025-00485-w,2025,article,2,4210211936.0,22.0,28,Assessing the scientific and economic impacts of the experiments conducted onboard the International Space Station
4382397472,2,0,2,"2913773162,2793071066",https://doi.org/10.3389/fphy.2023.1161019,2023,article,2,2596760093.0,33.0,18,Impact of institutional organization on research productivity and multidisciplinarity
4408259384,2,0,2,"2913773162,4313545395",https://doi.org/10.1007/s11192-025-05275-5,2025,article,2,148561398.0,14.0,51,‘‘Exploring academic patent-paper pairs: a new methodology for analyzing Japan’s research landscape’’
4398155455,2,0,2,"3201257425,2808505390",https://doi.org/10.1016/j.newideapsych.2024.101095,2024,article,2,158706580.0,28.0,113,Using artworks to understand human memory and its neural mechanisms
4313451848,2,0,2,"2913773162,2066752129",https://doi.org/10.1016/j.respol.2022.104708,2022,article,2,9731383.0,20.0,17,"The jurisdiction of the subjective expected utility (SEU) approach to risk-taking in science – A response to Franzoni and Stephan (2023), ‘uncertainty and risk-taking in science’"
4388414132,2,0,2,"2547045893,3123050710",https://doi.org/10.1017/s1473550423000241,2023,article,2,120171627.0,31.0,75,Breakthrough results in astrobiology: is ‘high risk’ research needed?
4379468371,2,0,2,"4313545395,2913773162",https://doi.org/10.32388/ky5y9l.2,2023,preprint,2,4210177074.0,18.0,8,Science desperately needs disruptive innovation
4281663831,2,0,2,"2913773162,2793071066",https://doi.org/10.31219/osf.io/j62sb,2022,preprint,2,,23.0,88,An Epistemology for Democratic Citizen Science
4412345721,2,0,2,"2066752129,2913773162",https://doi.org/10.1109/tem.2025.3584244,2025,article,2,154533451.0,14.0,136,Approach Central Partners? Exploring the Association of the Knowledge Network With the Dynamics of the Collaboration Network
4392386241,2,0,2,"2913773162,2303284028",https://doi.org/10.1016/j.pirs.2024.100012,2024,article,2,101788309.0,20.0,78,Related diversification of high-quality technologies within Chinese cities
3183736878,2,0,2,"2066752129,2913773162",https://doi.org/10.2139/ssrn.3890190,2021,preprint,2,4210172589.0,18.0,15,Loss of New Ideas: Potentially Long-lasting Effects of the Pandemic on Scientists
3199546592,2,0,2,"2793071066,2547045893",https://doi.org/10.1007/978-3-030-74051-1_4,2021,book-chapter,2,4210219319.0,18.0,29,Managing Minds: The Challenges of Current Research Information Systems for Improving University Performance
4317513344,2,0,2,"2913773162,2793071066",https://doi.org/10.31234/osf.io/vfz9q,2023,preprint,2,,18.0,39,Exponential Authorship Inflation in Neuroscience and Psychology from the 1950s to the 2020s
4224994372,2,0,2,"3201257425,2808505390",https://doi.org/10.31235/osf.io/7h3jy,2022,preprint,2,,33.0,74,Evolution of Modern Literature and Film
4386187695,2,0,2,"2547045893,2793071066",https://doi.org/10.1016/j.physa.2023.129075,2023,article,2,24688465.0,31.0,58,Ranking academic institutions by means of institution–publication networks
4382061090,2,0,2,"2793071066,2913773162",https://doi.org/10.1787/7b7b1bce-en,2023,book-chapter,2,4306463687.0,27.0,332,Artificial intelligence for science and engineering: A priority for public investment in research and development
4309855402,2,0,2,"2793071066,2066752129",https://doi.org/10.37467/revtechno.v11.3795,2022,article,2,4210224737.0,33.0,50,Fotovoz como metodología innovadora en educación superior
2812417249,2,0,2,"2793071066,2547045893",https://doi.org/10.1145/3216122.3229862,2018,article,2,,31.0,50,The Science of Science and a Multilayer Network Approach to Scientists' Ranking
4382060947,2,0,2,"2793071066,2913773162",https://doi.org/10.1787/b885eecd-en,2023,book-chapter,2,4306463687.0,27.0,332,Lessons from shortcomings in machine learning for medical imaging
4410536815,2,0,2,"4313545395,2303284028",https://doi.org/10.1080/09537325.2025.2505077,2025,article,2,130699561.0,14.0,38,Dynamic analysis of patent value evolution: a study on the roles of novelty and impact
3148960965,2,0,2,"2793071066,2547045893",https://doi.org/10.1016/j.labeco.2021.101992,2021,article,2,163774179.0,20.0,75,Influence in economics and aging
4404345752,2,0,2,"3123050710,4313545395",https://doi.org/10.1093/scipol/scae062,2024,article,2,4210168539.0,33.0,42,What is ‘high-risk research’? Comparing the social sciences and humanities and the natural sciences
4284663981,2,0,2,"2547045893,2808505390",https://doi.org/10.1101/2022.07.05.498860,2022,preprint,2,4306402567.0,18.0,60,Predicting causal citations without full text
4404580055,2,0,2,"4313545395,3123050710",https://doi.org/10.1016/j.joi.2024.101609,2024,article,2,205292342.0,26.0,58,Collaborating with top scientists may not improve paper novelty: A causal analysis based on the propensity score matching method
3093752337,2,0,2,"2066752129,2913773162",https://doi.org/10.1098/rspa.2019.0797,2020,article,2,3006183880.0,31.0,48,Network representations of diversity in scientific teams
4403566141,2,0,2,"3123050710,2066752129",https://doi.org/10.1007/s11192-024-05156-3,2024,article,2,148561398.0,18.0,83,Understanding scientific knowledge evolution patterns based on egocentric network perspective
3012692028,2,0,2,"2066752129,2913773162",https://doi.org/10.48550/arxiv.2003.09315,2020,preprint,2,4306400194.0,18.0,48,Predicting the number of coauthors for researchers: A learning model
4396229330,2,0,2,"2066752129,4313545395",https://doi.org/10.1007/s11192-024-05014-2,2024,article,2,148561398.0,33.0,73,Examining the influence of women scientists on scientific impact and novelty: insights from top business journals
7134182645,2,0,2,"2913773162,2066752129",https://doi.org/10.1111/ejed.70530,2026,article,2,71191459.0,18.0,61,Is Interdisciplinary Research More Conducive to Knowledge Innovation? Evidence From Swiss National Science Foundation Projects
3033004663,2,0,2,"3123050710,2066752129",https://doi.org/10.2139/ssrn.3500916,2019,article,2,4210172589.0,33.0,46,Where’d You Get that Idea? Determinants of Creativity and Impact in Popular Music
2797341967,2,0,2,"2547045893,2066752129",https://doi.org/10.48550/arxiv.1804.05705,2018,preprint,2,4306400194.0,31.0,38,And Now for Something Completely Different: Visual Novelty in an Online Network of Designers
4413273324,2,0,2,"2793071066,3201257425",https://doi.org/10.1073/pnas.2502791122,2025,article,1,125754415.0,28.0,73,An information-theoretic foreshadowing of mathematicians’ sudden insights
4411087025,2,0,2,"2808505390,2547045893",https://doi.org/10.1073/pnas.2408163122,2025,article,1,125754415.0,32.0,89,Reinforcement generates systematic differences without heterogeneity
4392888140,2,0,2,"4313545395,2303284028",https://doi.org/10.2139/ssrn.4769906,2024,article,1,4210172589.0,14.0,22,The Anatomy of Chinese Innovation: Insights on Patent Quality and Ownership
3044954158,2,0,2,"2913773162,2808505390",https://doi.org/10.1371/journal.pone.0244618,2021,article,1,202381698.0,31.0,38,Can we ‘feel’ the temperature of knowledge? Modelling scientific popularity dynamics via thermodynamics
4388514604,2,0,2,"2547045893,2793071066",https://doi.org/10.48550/arxiv.2311.03834,2023,preprint,1,4306400194.0,18.0,60,Universal productivity patterns in research careers
4205973573,2,0,2,"2303284028,2913773162",https://doi.org/10.31235/osf.io/mqcj8,2022,preprint,1,,14.0,189,Removed
4306964237,2,0,2,"2913773162,2066752129",https://doi.org/10.31235/osf.io/27vhg,2022,preprint,1,,33.0,119,"Destructive creation, creative destruction, and the paradox of innovation science"
7108619901,2,0,2,"2303284028,4313545395",https://doi.org/10.1177/10591478251408173,2025,article,1,149070780.0,20.0,68,Do Major Customers Help or Hurt Innovation? The Effects of Customer-Base Concentration on Innovation Volume and Radicalness
4409459502,2,0,2,"2793071066,4313545395",https://doi.org/10.1177/01655515251330617,2025,article,1,68913162.0,13.0,65,Evolution mechanism of scientific topics using inheritance and variation features of knowledge genes: A case study in the hematopoietic stem-cell field
3090042487,2,0,2,"2547045893,2808505390",https://doi.org/10.3389/frma.2020.575862,2020,article,1,2596295431.0,14.0,52,"Collaborative Patterns, Productivity, and Research Impact in the Careers of Star Researchers in a Japanese Semiconductor Company"
4295700917,2,0,2,"2913773162,2793071066",https://doi.org/10.23919/picmet53225.2022.9882662,2022,article,1,4363608108.0,14.0,47,Team and Members’ Contribution to Inventions: Diversity from Individual and Team
4360611457,2,0,2,"2547045893,2793071066",https://doi.org/10.1162/qss_a_00252,2023,article,1,4210195326.0,18.0,18,Consistency pays off in science
2789656070,2,0,2,"3123050710,2066752129",https://doi.org/10.1007/s11192-018-2734-6,2018,preprint,1,148561398.0,18.0,63,Discontinuities in citation relations among journals: self-organized criticality as a model of scientific revolutions and change
4415694102,2,0,2,"2303284028,4313545395",https://doi.org/10.1016/j.techfore.2025.124401,2025,article,1,39307421.0,14.0,77,Neither buying nor allying: Employing open innovation through the rental of R&D capabilities
4414711068,2,0,2,"2066752129,3123050710",https://doi.org/10.1016/j.joi.2025.101731,2025,article,1,205292342.0,18.0,66,Multidimensional bibliometric assessment of science funding effectiveness
4293238822,2,0,2,"2793071066,2066752129",https://doi.org/10.1162/99608f92.d5684866,2022,article,1,4306511929.0,18.0,50,Data on How Science Is Made Can Make Science Better
4416813222,2,0,2,"3123050710,2066752129",https://doi.org/10.2528/pier25100702,2025,article,1,4210208108.0,22.0,71,Serendipity Engineering with Photonics: Harnessing the Unexpected in Biology and Medicine(Invited paper)
3037757426,2,0,2,"2913773162,2066752129",https://doi.org/10.31222/osf.io/fdv92,2020,preprint,1,,18.0,90,"Human Networks and Data Science (NSF 19-608): Uncovering the ""dark matter"" of research"
4385976011,2,0,2,"2066752129,3123050710",https://doi.org/10.23919/picmet59654.2023.10216869,2023,article,1,,14.0,62,Early Identification of Potential Disruptive Technologies Using Machine Learning and Text Mining
4297988702,2,0,2,"3123050710,2066752129",https://doi.org/10.1186/s12915-022-01400-5,2022,article,1,25903957.0,18.0,66,Scientific rewards for biomedical specialization are large and persistent
4399363072,2,0,2,"2913773162,2547045893",https://doi.org/10.1111/nyas.15154,2024,article,1,8802318.0,18.0,29,Trajectories of biomedical research leading to Nobel Prize–winning discoveries
4411078351,2,0,2,"2913773162,2066752129",https://doi.org/10.1016/j.joi.2025.101687,2025,article,1,205292342.0,18.0,76,Exploring the relationship between interdisciplinarity and scientific breakthrough speed: a study based on Nobel Prize-winning papers
4387378886,2,0,2,"3201257425,2808505390",https://doi.org/10.5753/sbbd.2023.232399,2023,article,1,,17.0,20,From Exploration to Exploitation: Understanding the Evolution of Music Careers through a Data-driven Approach
4409744596,2,0,2,"2913773162,4313545395",https://doi.org/10.1016/j.jpedsurg.2025.162338,2025,review,1,39924113.0,27.0,50,Return of the Disruption Score: Fetal Surgery in the Spotlight (1975–2021)
2919765473,2,0,2,"2547045893,2066752129",https://doi.org/10.32657/10220/47756,2019,dissertation,1,,31.0,111,Knowledge evolution : from the complex network perspective
4389937507,2,0,2,"2303284028,4313545395",https://doi.org/10.33612/diss.849175103,2023,dissertation,1,,12.0,222,Each book its own Babel
7147528512,2,0,2,"4313545395,2303284028",https://doi.org/10.3390/jtaer21040110,2026,article,1,27967161.0,22.0,52,Digital Transformation and Corporate Breakthrough Innovation: The Role of Supply Chain Spillovers
3107339397,2,0,2,"2547045893,2793071066",https://doi.org/10.1016/j.joi.2021.101218,2021,article,1,205292342.0,18.0,37,Associations between author-level metrics in subsequent time periods
4387819001,2,0,2,"3201257425,2547045893",https://doi.org/10.31235/osf.io/5v4py,2023,preprint,1,,33.0,60,"The Impact of the Internationalization of Political Science on Publishing in Two Languages: The Case of Japan, 1971-2023"
7164399074,2,0,2,"4313545395,2793071066",https://doi.org/10.1186/s41073-026-00206-1,2026,article,1,4210167556.0,27.0,49,Making scientific publishing more balanced and reversing the current dangerous drift to better support global environmental conservation and planetary health
4412619911,2,0,2,"2303284028,2913773162",https://doi.org/10.51408/issi2025_121,2025,article,1,,33.0,17,A Novel Type Collaboration: Global Big Science Facilities Co-utilization
3006069191,2,0,2,"3123050710,2793071066",https://doi.org/10.1093/bioinformatics/btaa071,2020,article,1,52395412.0,18.0,24,An examination of citation-based impact of the computational biology conferences
4413176382,2,0,2,"2793071066,4378980478",https://doi.org/10.1017/cts.2025.10124,2025,article,1,4210205013.0,18.0,40,The power of social talk: A longitudinal network analysis of conversations in fostering interdisciplinary collaboration
4317402075,2,0,2,"2066752129,2303284028",https://doi.org/10.3389/fphy.2023.1107446,2023,article,1,2596760093.0,18.0,74,The profit and risk in the interdisciplinary behavior
4231807524,2,0,2,"3123050710,2066752129",https://doi.org/10.1787/2246251c-en,2020,book-chapter,1,4210227252.0,33.0,293,Supporting innovation in all types of regions
3216017395,2,0,2,"2547045893,2808505390",https://doi.org/10.1017/9781108755726.031,2021,book-chapter,1,4306462995.0,32.0,102,Eminent Creators
3197186253,2,0,2,"2547045893,2066752129",https://doi.org/10.1007/s11518-021-5509-1,2021,article,1,153731000.0,31.0,37,Quantifying the Research Diversification of Physicists
4318294140,2,0,2,"2066752129,2793071066",https://doi.org/10.1101/2023.01.26.525747,2023,preprint,1,4306402567.0,18.0,43,Scientific civility and academic performance
3121933215,2,0,2,"2793071066,2913773162",https://doi.org/10.48550/arxiv.2101.09426,2021,preprint,1,4306400194.0,18.0,58,A paper's corresponding affiliation and first affiliation are consistent at the country level in Web of Science
7152900086,2,0,2,"2066752129,4313545395",https://doi.org/10.1016/j.respol.2026.105478,2026,article,1,9731383.0,27.0,67,AI in science: When and where it makes a difference
7133830057,2,0,2,"3123050710,2066752129",https://doi.org/10.1016/j.jce.2026.02.004,2026,article,1,138645024.0,33.0,41,Innovation under censorship: Effects on cultural production in early modern England
4385937957,2,0,2,"2808505390,3201257425",https://doi.org/10.1093/oxfordhb/9780198869252.013.45,2023,book-chapter,1,4306463708.0,17.0,58,Evolution of Modern Literature and Film
4410640182,2,0,2,"2913773162,2066752129",https://doi.org/10.1371/journal.pone.0322943,2025,article,1,202381698.0,18.0,40,Membership in team science institute enhances diversity of researchers’ collaboration networks
4415106832,2,0,2,"2793071066,2066752129",https://doi.org/10.3390/metrics2040022,2025,article,1,4404675543.0,14.0,77,Predicting Star Scientists in the Field of Artificial Intelligence: A Machine Learning Approach
4386170285,2,0,2,"2303284028,4313545395",https://doi.org/10.1016/j.qref.2023.08.002,2023,article,1,125273398.0,17.0,89,Investment decisions and passive portfolio construction utilizing patent analytics: A multi-case study on COVID-19 treatment technologies
7126110102,2,0,2,"3123050710,2066752129",https://doi.org/10.1016/j.joi.2026.101774,2026,article,1,205292342.0,14.0,65,Tracing scientific knowledge flow in patents: An explainable machine learning study of citation types and their temporal dynamics
7138847878,2,0,2,"4378980478,2303284028",https://doi.org/10.1093/reseval/rvag016,2026,article,1,16793705.0,23.0,239,Understanding the technological impact of scientific research: a systematic review
4413352227,2,0,2,"2793071066,2066752129",https://doi.org/10.2139/ssrn.5390403,2025,preprint,1,4210172589.0,33.0,43,Citation Network of United Nations Resolutions Reveals Norm Diffusion Patterns in Multilateral Governance
4413466065,2,0,2,"2066752129,3123050710",https://doi.org/10.1109/tem.2025.3598780,2025,article,1,154533451.0,17.0,112,"Beyond Project Boundaries: Network Structures, Search Scope, and Performance"
4290928407,2,0,2,"3123050710,2066752129",https://doi.org/10.2139/ssrn.4180052,2022,article,1,4210172589.0,14.0,68,Social Learning and Temporal Dynamics in Reward-Based Crowdfunding Success
7124663244,2,0,2,"2303284028,2913773162",https://doi.org/10.1007/s11192-025-05513-w,2026,article,1,148561398.0,33.0,36,Utilizing large model for content-based identification of disruptive and developmental research
4412491179,2,0,2,"4313545395,2913773162",https://doi.org/10.1038/s41597-025-05541-4,2025,article,1,2607323502.0,18.0,8,Could a new cross-listed method of article publication fuel growth of data from interdisciplinary research
4313442633,2,0,2,"3123050710,2793071066",https://doi.org/10.1016/j.respol.2022.104710,2022,article,1,9731383.0,18.0,6,"Last Word on the Discussion regarding the paper: “Uncertainty and risk-taking in science: Meaning, measurement and management in peer review of research proposals”"
4396956202,2,0,2,"2793071066,2066752129",https://doi.org/10.1017/pds.2024.29,2024,article,1,4210205958.0,14.0,43,Scientometric exploration of responsible innovation: mapping the knowledge landscape
4415994113,2,0,2,"2808505390,3201257425",https://doi.org/10.1177/01708406251397720,2025,article,1,28882882.0,28.0,71,Being Ranked in a Material World: The visual originality of an artwork and its effects on the artist’s canonization
4391467304,2,0,2,"2303284028,2913773162",https://doi.org/10.1136/tsaco-2023-001291,2024,article,1,4210198761.0,27.0,24,Disruption of trauma research: an analysis of the top cited versus disruptive trauma research publications
4402787555,2,0,2,"3201257425,2793071066",https://doi.org/10.1007/s11192-024-05090-4,2024,article,1,148561398.0,31.0,88,Evaluating the wisdom of scholar crowds from the perspective of knowledge diffusion
4313231352,2,0,2,"2808505390,3201257425",https://doi.org/10.31234/osf.io/4y5aw,2022,preprint,1,,32.0,92,The dialogue between Ebbinghaus and Bach: studying human memory with artworks
4256148265,2,0,2,"2066752129,2303284028",https://doi.org/10.2139/ssrn.3919866,2021,article,1,4210172589.0,14.0,124,Anchoring Exploration: Knowledge Certification and the Dynamics of Innovation
4410823545,2,0,2,"3123050710,2547045893",https://doi.org/10.1038/d41586-025-01448-7,2025,article,1,137773608.0,18.0,11,Shifting research focus comes with the risk of reduced impact
4410758765,2,0,2,"2303284028,4313545395",https://doi.org/10.1016/j.gr.2025.04.017,2025,article,1,158567263.0,18.0,34,A century of knowledge growth in sedimentology
7160521530,2,0,2,"2066752129,2913773162",https://doi.org/10.1126/science.ady8732,2026,article,1,3880285.0,13.0,12,Aging and the narrowing of scientific innovation
4416211901,2,0,2,"2913773162,4313545395",https://doi.org/10.1080/00336297.2025.2586504,2025,article,1,4210187016.0,32.0,136,The Tempo Giusto : A Call for Recalibrating Time in Human Movement Research
4416796624,2,0,2,"2913773162,2066752129",https://doi.org/10.1016/j.respol.2025.105379,2025,article,1,9731383.0,18.0,71,Do synthesis programs facilitate interdisciplinary research? Evidence from the NSFC’s Major Research Plan
4391211752,2,0,2,"2793071066,3123050710",https://doi.org/10.52949/32,2023,report,1,,17.0,133,Report of the G7 Open Science - Research on Research Sub-Working Group
2989903415,2,0,2,"2793071066,2547045893",https://doi.org/10.22503/inftars.xix.2019.1.2,2019,article,1,1001451782.0,33.0,75,Szerzői láthatóság a hazai neveléstudományi folyóiratok hálózatában
4414639724,2,0,2,"3123050710,2793071066",https://doi.org/10.1101/2025.09.29.25336909,2025,preprint,1,3005729997.0,27.0,32,(How) Do Health Shocks Reallocate Research Direction?
7122841500,2,0,2,"2793071066,2913773162",https://doi.org/10.1038/s41598-025-32583-w,2026,article,1,196734849.0,27.0,80,What are the limits to biomedical research acceleration through general-purpose AI?
4413819346,2,0,2,"3123050710,2913773162",https://doi.org/10.1016/j.joi.2025.101722,2025,article,1,205292342.0,20.0,48,Exploring the potential of novel research proposals as signals of successful national R&D: A case study on energy and resource sector in South Korea
4406388549,2,0,2,"3123050710,2913773162",https://doi.org/10.2196/preprints.59598,2024,preprint,0,,18.0,38,Evaluation and Comparison of the Academic Quality of Open-Access Mega Journals and Authoritative Journals: Disruptive Innovation Evaluation (Preprint)
7117776985,2,0,2,"2547045893,2793071066",https://doi.org/10.2478/jdis-2025-0057,2025,article,0,2764801193.0,18.0,42,Measuring the scientific impact of academic papers based on weighted heterogeneous scholarly network
7131844820,2,0,2,"2066752129,2793071066",https://doi.org/10.2139/ssrn.6315227,2026,preprint,0,4210172589.0,33.0,18,"Scientific Latency in the Knowledge Ecosystem: Structural Origins, Systemic Consequences, and the Design of Responsive Credibility Systems"
4413791651,2,0,2,"2793071066,2547045893",https://doi.org/10.5753/brasnam.2025.8934,2025,article,0,,33.0,10,Institutional Hierarchy and Asymmetry in Brazilian Computer Science Faculty Hiring Network
4396859802,2,0,2,"2913773162,4313545395",https://doi.org/10.2139/ssrn.4823725,2024,article,0,4210172589.0,33.0,119,Kindle's Shadow: How Digitization Dims Novelty in Creative Industries
4245003118,2,0,2,"2066752129,3123050710",https://doi.org/10.1787/169f15be-en,2020,book-chapter,0,4210227252.0,33.0,260,Fostering place-based regional innovation policy: The role of (policy) learning
4414993284,2,0,2,"2793071066,2066752129",https://doi.org/10.1103/l2xd-43n9,2025,article,0,4210235286.0,20.0,81,Fractional stochastic model of citation dynamics with memory and volatility
4410109107,2,0,2,"2793071066,4313545395",https://doi.org/10.1098/rsob.240392,2025,review,0,80033963.0,13.0,46,"The information overload, immunology and their relationship to world health"
4408858372,2,0,2,"2808505390,2547045893",https://doi.org/10.1109/tcss.2025.3546474,2025,article,0,2490693980.0,20.0,42,"On Collective Dynamics of Academic Journals: Polarization, Fluctuation, and Robustness"
7134123530,2,0,2,"2547045893,2066752129",https://doi.org/10.2139/ssrn.6362173,2026,preprint,0,4210172589.0,18.0,36,Peer Reviewing as a Distributed Cognitive Validation System: Reconceptualizing Peer Review in Networked Knowledge Systems
7130609589,2,0,2,"2793071066,4378980478",https://doi.org/10.1371/journal.pone.0340642,2026,article,0,202381698.0,36.0,82,The national survey of academic researchers: New facts and data
7092177237,2,0,2,"2793071066,2547045893",https://doi.org/10.1002/pra2.1278,2025,article,0,4393918545.0,18.0,13,
4405439605,2,0,2,"2913773162,4313545395",https://doi.org/10.2139/ssrn.5017170,2024,preprint,0,4210172589.0,18.0,9,Could a New Cross-listed Method of Journal Article Publication Fuel a Growth of New Interdisciplinary Research and Teams?
7144017088,2,0,2,"2066752129,2793071066",https://doi.org/10.1007/s11192-026-05595-0,2026,article,0,148561398.0,18.0,81,Systemic gendered citation imbalance in computer science: evidence from conferences and journals
4413855878,2,0,2,"2793071066,2303284028",https://doi.org/10.1007/978-3-031-93138-3_20,2025,book-chapter,0,4210221231.0,33.0,98,Social Psychology and Science
2974396410,2,0,2,"2303284028,2066752129",https://doi.org/10.1016/j.joi.2020.101067,2020,preprint,0,205292342.0,14.0,53,The golden eras of graphene science and technology: Bibliographic evidences from journal and patent publications
4403567167,2,0,2,"2547045893,3201257425",https://doi.org/10.1007/s11192-024-05179-w,2024,article,0,148561398.0,33.0,69,"The impact of the internationalization of political science on publishing in two languages: the case of Japan, 1971–2023"
4407691139,2,0,2,"4313545395,4378980478",https://doi.org/10.1101/2025.02.17.638429,2025,preprint,0,4306402567.0,27.0,80,Scientific exploration outlasts industrial momentum and sustains innovation in genetic research: survey of 20 million papers and patents
7162194193,2,0,2,"3123050710,2793071066",https://doi.org/10.1016/j.respol.2026.105528,2026,article,0,9731383.0,14.0,61,Where do ideas go? A spatial analysis of the patenting impact of publicly funded basic science
7162438466,2,0,2,"2303284028,4313545395",https://doi.org/10.21203/rs.3.rs-9304663/v1,2026,preprint,0,4306525896.0,14.0,34,Disruptive or Decorative? Causal Effects of China’s SRDI Certification on Breakthrough Innovation
7162767103,2,0,2,"2913773162,2303284028",https://doi.org/10.1016/j.joi.2026.101834,2026,article,0,205292342.0,32.0,32,A social media-driven disruption index for identifying disruptive research
7161400984,2,0,2,"2913773162,2066752129",https://doi.org/10.1007/s11192-026-05630-0,2026,article,0,148561398.0,18.0,186,The effects of interdisciplinarity and relationship link attributes on team performance from a dynamic perspective: evidence from medical informatics
7163666910,2,0,2,"2913773162,2066752129",https://doi.org/10.1016/j.ipm.2026.104956,2026,article,0,174847851.0,17.0,44,IMGSL: Citation-based Innovation Motif Graph Structure Learning for scholar profiling
3164343506,2,0,2,"2793071066,2066752129",https://doi.org/10.5194/hess-2021-106-ac4,2021,peer-review,0,,23.0,40,Reply on CC2
4402751166,2,0,2,"2793071066,4313545395",https://doi.org/10.1007/s10734-024-01312-z,2024,article,0,94908168.0,18.0,16,The growth and threats of a globalised science
4406912165,2,0,2,"2303284028,2066752129",https://doi.org/10.2139/ssrn.5114754,2025,preprint,0,4210172589.0,14.0,99,Knowledge Recombination for Disruptive Innovation: Balancing an Organization's Internal Diversity and External Heterogeneity
4417192977,2,0,2,"2913773162,2303284028",https://doi.org/10.1038/s41597-025-06232-w,2025,article,0,2607323502.0,18.0,27,CrossDI: A comprehensive dataset crossing three databases for calculating disruption indexes
4206070137,2,0,2,"2547045893,3201257425",https://doi.org/10.2139/ssrn.4005902,2022,article,0,4210172589.0,18.0,28,Hidden scales of citation dynamics
4401593113,2,0,2,"2793071066,2913773162",https://doi.org/10.1007/978-3-319-14702-4_3,2024,book-chapter,0,4210204429.0,14.0,655,Coordination Across Expert Areas
4416927407,2,0,2,"2066752129,2913773162",https://doi.org/10.1038/s41598-025-27099-2,2025,article,0,196734849.0,32.0,51,Inertia mechanisms in networks and knowledge diffusion in team inertia networks
4415812364,2,0,2,"4313545395,2066752129",https://doi.org/10.3390/e27111124,2025,article,0,195231649.0,18.0,30,Mediating Similarity: An Information-Theoretic Principle of Reference Behavior
7142495679,2,0,2,"2303284028,2066752129",https://doi.org/10.2139/ssrn.6487431,2026,preprint,0,4210172589.0,20.0,87,"Artificial Intelligence and the Acceleration of Disruptive Green Technologies: Dual AI Roles, Path Heterogeneity, and Knowledge Recombination Mechanisms"
4382061812,2,0,2,"2793071066,2913773162",https://doi.org/10.1787/f1262928-en,2023,book-chapter,0,4306463687.0,13.0,332,Preface
4411317201,2,0,2,"4313545395,2303284028",https://doi.org/10.1007/978-3-031-96303-2_54,2025,book-chapter,0,,22.0,18,Parametric Uncertainty in Indexes of Innovation: An Introduction to Multiverse Analysis for Models of Measurement
4406233296,2,0,2,"2066752129,2303284028",https://doi.org/10.1007/s11192-024-05224-8,2025,article,0,148561398.0,33.0,55,Novelty and interdisciplinarity in criminology: how data-drivenness connects both
4408388123,2,0,2,"4313545395,2303284028",https://doi.org/10.1017/9781009391733.006,2025,book-chapter,0,4306462995.0,27.0,397,Rethinking Research
3136743873,2,0,2,"2808505390,2547045893",https://doi.org/10.1609/icwsm.v15i1.18131,2021,preprint,0,4387284482.0,31.0,31,Evolution of Retweet Rates in Twitter User Careers: Analysis and Model
4390778309,2,0,2,"4313545395,2303284028",https://doi.org/10.2139/ssrn.4688358,2024,preprint,0,4210172589.0,14.0,20,Small But Not Least Changes: Explaining How to Develop Innovative Products
4416205687,2,0,2,"4313545395,2303284028",https://doi.org/10.32028/exnovo-vol-9-pp.55-98,2025,article,0,4210212619.0,18.0,63,Lost in citations: Why standard metrics fail archaeology and regional scholarship. A critical analysis of bibliographic indexing and research evaluation.
6939765632,2,0,2,"2547045893,2793071066",https://doi.org/10.6084/m9.figshare.14594160,2021,article,0,4377196282.0,11.0,32,
4404878778,2,0,2,"2066752129,4313545395",https://doi.org/10.1007/978-3-031-75212-4_4,2024,book-chapter,0,,23.0,83,Advances and Limitations in Science
4398193053,2,0,2,"3123050710,4313545395",https://doi.org/10.2139/ssrn.4838427,2024,preprint,0,4210172589.0,20.0,62,The Determinants of Science-Based Green Patents
7126266233,2,0,2,"2913773162,4313545395",https://doi.org/10.21203/rs.3.rs-8523910/v1,2026,preprint,0,4306525896.0,18.0,15,Measuring Research Impact Through Citation Patterns: A Decade of Bariatric Surgery Literature
4387000151,2,0,2,"3123050710,2066752129",https://doi.org/10.1787/0d7b74b6-en,2020,book-chapter,0,4210227252.0,33.0,260,Foreword
4414844685,2,0,2,"2066752129,4313545395",https://doi.org/10.1111/jems.70009,2025,article,0,115237062.0,18.0,91,Research Direction and Science Evaluation: The Role of Coherence and Alignment
4413847326,2,0,2,"2793071066,3123050710",https://doi.org/10.2139/ssrn.5416815,2025,preprint,0,4210172589.0,18.0,37,What Makes a Paper Seminal? Evidence from 80 Years of Economic Research
7162871882,2,0,2,"4313545395,2913773162",https://doi.org/10.2139/ssrn.6852810,2026,preprint,0,4210172589.0,27.0,26,The disruptive turn in scientific workflows: Human orchestration of agentic AI in empirical research
4415892445,2,0,2,"2066752129,3123050710",https://doi.org/10.1016/j.euroecorev.2025.105204,2025,article,0,69338747.0,18.0,52,The delayed acceptance of female research in economics
4412609516,2,0,2,"2913773162,4378980478",https://doi.org/10.51408/issi2025_082,2025,article,0,,18.0,37,What Type of Methodological Novelty is More Disruptive? Evidence from Citation Classics
4394626821,2,0,2,"2913773162,4313545395",https://doi.org/10.1007/978-3-031-57860-1_23,2024,book-chapter,0,106296714.0,18.0,30,Unpacking Research Contributions: Investigation from Contextual and Processual Perspectives
4415293606,2,0,2,"2793071066,3123050710",https://doi.org/10.1017/9781009381338.004,2025,book-chapter,0,4306462995.0,27.0,74,Grantology
4295778895,2,0,2,"3123050710,2066752129",https://doi.org/10.20396/rbi.v21i00.8667409,2022,article,0,2736497804.0,18.0,29,Pattern making and pattern breaking
4415293603,2,0,2,"3123050710,2793071066",https://doi.org/10.1017/9781009381338.002,2025,book-chapter,0,4306462995.0,18.0,80,Foundation
4416956116,2,0,2,"2913773162,2066752129",https://doi.org/10.1016/j.ipm.2025.104484,2025,article,0,174847851.0,14.0,83,Innovation performance improvement path in scientific research teams: A perspective of network embeddedness
7127096636,2,0,2,"4378980478,2793071066",https://doi.org/10.1109/jcdl67857.2025.00065,2025,article,0,,18.0,8,The 2nd International Workshop on Artificial Intelligence for the Science of Science
4410217675,2,0,2,"2066752129,2793071066",https://doi.org/10.1093/icb/icaf033,2025,article,0,103356783.0,18.0,85,A social web to stimulate interdisciplinary collaborations
4213122207,2,0,2,"2066752129,2913773162",https://doi.org/10.53846/goediss-8006,2020,dissertation,0,,18.0,175,Opening the Black Box
4415608095,2,0,2,"2066752129,3123050710",https://doi.org/10.1016/j.joi.2025.101740,2025,article,0,205292342.0,33.0,65,Model uncertainty in the evaluation of the impact of interdisciplinary research in Business Studies: A Multiverse Analysis
6939617114,2,0,2,"2808505390,3201257425",https://doi.org/10.6084/m9.figshare.26644423,2024,article,0,4406922384.0,32.0,42,
4399380182,2,0,2,"2547045893,4313545395",https://doi.org/10.31219/osf.io/pwvn6,2024,preprint,0,,18.0,66,"The geographical diversity of the scientific elite is decreasing, even as the overall scientific workforce is becoming more diverse"
7134242300,2,0,2,"2913773162,2303284028",https://doi.org/10.1038/s41390-026-04823-w,2026,article,0,167664057.0,27.0,51,Global landscape of juvenile dermatomyositis research: a bibliometric analysis
4387950922,2,0,2,"3123050710,2066752129",https://doi.org/10.1787/44b6c0fb-en,2020,book-chapter,0,4210227252.0,27.0,260,Abbreviations and acronyms
4405804855,2,0,2,"2066752129,2793071066",https://doi.org/10.1080/09537325.2024.2434491,2024,article,0,130699561.0,17.0,36,Beyond knowledge application: extending the bright and dark sides of knowledge commonality in knowledge creation
2992741714,2,0,2,"2066752129,3123050710",https://doi.org/10.2139/ssrn.3487999,2019,article,0,4210172589.0,14.0,189,Engineering Serendipity: The Role of Cognitive Similarity in Knowledge Sharing and Knowledge Production
6939840561,2,0,2,"3201257425,2808505390",https://doi.org/10.6084/m9.figshare.26644423.v1,2024,article,0,4377196282.0,32.0,42,
7128515286,2,0,2,"3201257425,2066752129",https://doi.org/10.1007/s11192-026-05561-w,2026,article,0,148561398.0,18.0,78,"Why scholars switch topics: cognitive search strategies, complementarity and career dynamics"
4408868576,2,0,2,"2913773162,2066752129",https://doi.org/10.1162/qss_a_00360,2025,article,0,4210195326.0,14.0,43,Transforming role classification in scientific teams using LLMs and advanced predictive analytics
7155695892,2,0,2,"2913773162,2793071066",https://doi.org/10.1515/jdis-2025-0318,2026,article,0,2764801193.0,18.0,67,Not Just Large: Tall Teams Dominate East Asia’s Scientific Production
7129229856,2,0,2,"2066752129,3123050710",https://doi.org/10.1016/j.respol.2026.105445,2026,article,0,9731383.0,20.0,80,Technological diversification and the growth of regions in the short and long run
4400042772,2,0,2,"3201257425,2913773162",https://doi.org/10.21203/rs.3.rs-4406627/v1,2024,preprint,0,4306525896.0,31.0,29,Advancing Science and Economy in Space: An Empirical Assessment of the Experiments Conducted on the International Space Station National Laboratory
7160696423,2,0,2,"4313545395,2303284028",https://doi.org/10.1016/j.respol.2026.105512,2026,article,0,9731383.0,14.0,55,Identification of valuable patents: New indicators and effects of prediction time points
4213311921,2,0,2,"2793071066,2066752129",https://doi.org/10.5194/hess-2021-106-rc2,2021,peer-review,0,,23.0,40,Comment on hess-2021-106
2797711845,2,0,2,"2547045893,2793071066",https://doi.org/10.1145/3201064.3201097,2018,article,0,,33.0,11,Collective Attention towards Scientists and Research Topics
4206400707,2,0,2,"2793071066,2066752129",https://doi.org/10.5194/hess-2021-106-ac3,2021,peer-review,0,,23.0,40,Reply on RC2
4411270621,2,0,2,"3123050710,2066752129",https://doi.org/10.2139/ssrn.5284877,2025,preprint,0,4210172589.0,33.0,41,"Gender in Teaching: Insights from Five Million Syllabi on Collaboration, Interdisciplinarity, and Reading Selections"
4411880444,2,0,2,"2066752129,2793071066",https://doi.org/10.1162/qss.a.9,2025,article,0,4210195326.0,17.0,66,Facilitating interdisciplinary knowledge transfer with research paper recommender systems
4390893680,2,0,2,"2066752129,3123050710",https://doi.org/10.3386/w32033,2024,report,0,2809516038.0,20.0,48,Uncertainty and Individual Discretion in Allocating Research Funds
4382060930,2,0,2,"2913773162,2793071066",https://doi.org/10.1787/0e1b4c2f-en,2023,book-chapter,0,4306463687.0,18.0,332,High-performance computing leadership to enable advances in artificial intelligence and a thriving compute ecosystem
4412565675,2,0,2,"4313545395,2913773162",https://doi.org/10.51408/issi2025_088,2025,article,0,,14.0,64,Exploring Novelty Differences between Industry and Academia: A Knowledge Entity-centric Perspective
4382061682,2,0,2,"2793071066,2913773162",https://doi.org/10.1787/2d0478b9-en,2023,book-chapter,0,4306463687.0,17.0,332,Interpretability: Should – and can – we understand the reasoning of machine-learning systems?
4416818168,2,0,2,"2066752129,2793071066",https://doi.org/10.1080/13662716.2025.2592924,2025,article,0,36209479.0,18.0,74,The downside of co-author success in scientific collaborations
4207078538,2,0,2,"2547045893,2808505390",https://doi.org/10.21203/rs.3.rs-959213/v1,2021,preprint,0,4306525896.0,26.0,13,Synchronized Bursts of Productivity And Success In Individual Careers
3173257247,2,0,2,"2066752129,3123050710",https://doi.org/10.1086/719252,2022,article,0,4387280560.0,27.0,45,Funding Risky Research
4283385396,2,0,2,"2913773162,3123050710",https://doi.org/10.31235/osf.io/cvkmw,2022,preprint,0,,32.0,40,Starting grant with double-blinded review: An escape from the production line of big science?
4245230110,2,0,2,"3123050710,2066752129",https://doi.org/10.1787/9748266c-en,2020,book-chapter,0,4210227252.0,33.0,260,Broadening innovation policy for regions and cities
4408388126,2,0,2,"4313545395,2303284028",https://doi.org/10.1017/9781009391733.015,2025,book-chapter,0,4306462995.0,17.0,46,Ontologies
2910261844,2,0,2,"2793071066,2547045893",https://doi.org/10.1145/3291533.3291547,2018,article,0,,23.0,43,Measuring science in our highly digitized world
4408905387,2,0,2,"2547045893,2793071066",https://doi.org/10.1007/978-3-031-82415-9_7,2025,book-chapter,0,,32.0,106,Creative Products in Science
7134943291,2,0,2,"2547045893,2793071066",https://doi.org/10.1093/pnasnexus/pgag059,2026,article,0,4220651275.0,33.0,56,Researcher population pyramids: Tracking demographic and gender trajectories across countries
4416845058,2,0,2,"2303284028,2913773162",https://doi.org/10.1007/s13194-025-00698-6,2025,article,0,2764495318.0,33.0,121,"Funding big science: managing diversity, social responsibility, and limited resources"
3098351533,2,0,2,"2547045893,2066752129",https://doi.org/10.18653/v1/2020.sdp-1.6,2020,article,0,,18.0,65,The impact of preprint servers in the formation of novel ideas
3155063201,2,0,2,"2066752129,2793071066",https://doi.org/10.5194/hess-2021-106-rc1,2021,peer-review,0,,23.0,45,Comment on hess-2021-106
7143483484,2,0,2,"2913773162,2303284028",https://doi.org/10.1016/j.joi.2026.101801,2026,article,0,205292342.0,18.0,54,Relationship between peer review quality and scientific impact: Insights from LLMs-assessed reviews
7134124132,2,0,2,"3123050710,2066752129",https://doi.org/10.1038/s41598-026-43158-8,2026,article,0,196734849.0,36.0,81,Enhancing trustworthiness of Arabic online health information quality evaluation using an enhanced BERT architecture with PCA and ICA feature weighting
7131422681,2,0,2,"2303284028,4313545395",https://doi.org/10.2139/ssrn.6304756,2026,preprint,0,4210172589.0,20.0,8,Banking Consolidation and Innovation in the United States
7131152865,2,0,2,"2066752129,4313545395",https://doi.org/10.1057/s41599-026-06490-y,2026,article,0,4210206302.0,33.0,34,"Deepening and broadening knowledge after the PISA scientific event: bibliometric, semantic network, and expert analyses of scientization in education research"
3174422692,2,0,2,"2913773162,2066752129",,2021,preprint,0,4306400194.0,33.0,43,Disturbance of greedy publishing to academia.
4295453813,2,0,2,"2547045893,2793071066",https://doi.org/10.1038/s41598-022-19433-9,2022,article,0,196734849.0,33.0,49,Posts on central websites need less originality to be noticed
7155084853,2,0,2,"2303284028,2066752129",https://doi.org/10.1287/orsc.2023.17475,2026,article,0,206124708.0,14.0,114,What Is the Price of Spanning Domain Boundaries? Distant Recombination and the Market Valuations of Firm Inventions
4414374672,2,0,2,"3123050710,2066752129",https://doi.org/10.2139/ssrn.5508715,2025,preprint,0,4210172589.0,14.0,62,International Coauthorship and Quality of Business Journals: Empirical Evidence from the Academic Journal Guide 2024
6958249013,2,0,2,"2793071066,2547045893",https://doi.org/10.6084/m9.figshare.26708918.v1,2024,article,0,4377196282.0,20.0,39,
4382061472,2,0,2,"2913773162,2793071066",https://doi.org/10.1787/63e48242-en,2023,book-chapter,0,4306463687.0,18.0,332,The end of Moore’s Law? Innovation in computer systems continues at a high pace
4206566214,2,0,2,"2547045893,2066752129",https://doi.org/10.3410/f.738127326.793578286,2020,dataset,0,4363604054.0,27.0,51,Faculty Opinions recommendation of Mentorship and protégé success in STEM fields.
4403388504,2,0,2,"3201257425,2808505390",https://doi.org/10.5753/webmedia_estendido.2024.244326,2024,article,0,,12.0,12,Understanding Musical Success Beyond Hit Songs: Characterization and Analyses of Musical Careers
7164940094,2,0,2,"2793071066,4378980478",https://doi.org/10.1016/j.joi.2026.101843,2026,article,0,205292342.0,27.0,45,Revealing country-level disparities in researchers’ transition to artificial intelligence: A two-stage analytical framework
4200411897,2,0,2,"2808505390,2547045893",https://doi.org/10.1017/9781108755726.028,2021,book-chapter,0,4306462995.0,28.0,188,Special Populations
7128442872,2,0,2,"2808505390,2547045893",https://doi.org/10.1016/j.physa.2026.131353,2026,article,0,24688465.0,33.0,21,Total Success Index and the Longitudinal Dynamics of Bureaucratic Stratification in Joseon Korea
4413176944,2,0,2,"2913773162,4313545395",https://doi.org/10.3390/app15168912,2025,article,0,4210205812.0,13.0,62,Deep Learning and COVID-19: Two Pathways to Scientific Evolution
4392179829,2,0,2,"2303284028,2066752129",https://doi.org/10.1109/ms.2024.3358034,2024,paratext,0,6725529.0,22.0,11,IEEE Computer Society Call for Papers
6957948284,2,0,2,"2913773162,2066752129",https://doi.org/10.6084/m9.figshare.13088107,2020,article,0,4406922384.0,23.0,23,
4399456308,2,0,2,"2303284028,4313545395",https://doi.org/10.2139/ssrn.4858322,2024,preprint,0,4210172589.0,14.0,49,Modeling from Radical Innovations Towards Emerging Industries with Heterogeneous Graphs
4388787335,2,0,2,"2547045893,2913773162",https://doi.org/10.48550/arxiv.2311.09262,2023,preprint,0,4306400194.0,18.0,58,"Predicting Scientific Impact Through Diffusion, Conformity, and Contribution Disentanglement"
7130520916,2,0,2,"3123050710,2066752129",https://doi.org/10.1007/s11192-026-05562-9,2026,article,0,148561398.0,14.0,83,Partner diversity and post-project effort in achieving scientific novelty and impact
7156221773,2,0,2,"3123050710,2066752129",https://doi.org/10.1371/journal.pone.0346227,2026,article,0,202381698.0,18.0,74,The field factor: Industry publishing contribution and novelty in science
4295769389,2,0,2,"2547045893,2793071066",https://doi.org/10.23919/picmet53225.2022.9882578,2022,article,0,4363608108.0,32.0,22,Measuring Career Growth Related to Organisational Movement for Junior and Senior Researchers
7140214331,2,0,2,"4313545395,2913773162",https://doi.org/10.1098/rspb.2025.2120,2026,article,0,3006207977.0,32.0,38,Improving scientific mentoring with history and philosophy of science
4414000757,2,0,2,"3123050710,2793071066",https://doi.org/10.2139/ssrn.5422062,2025,preprint,0,4210172589.0,18.0,60,Scientific Impact of Interdisciplinary Research During Crises
7128817874,2,0,2,"2913773162,4313545395",https://doi.org/10.1016/j.xinn.2026.101316,2026,article,0,4210236180.0,27.0,4,"More papers, fewer breakthroughs: Can AI reshape scientific discovery?"
4205655790,2,0,2,"2793071066,2066752129",https://doi.org/10.5194/hess-2021-106-cc1,2021,peer-review,0,,23.0,40,Comment on hess-2021-106
3160211085,2,0,2,"2547045893,2066752129",https://doi.org/10.48550/arxiv.2105.08089,2021,preprint,0,4306400194.0,18.0,44,A Measure of Research Taste
4394626856,2,0,2,"4313545395,2913773162",https://doi.org/10.1007/978-3-031-57860-1_27,2024,book-chapter,0,106296714.0,33.0,21,Will Affiliation Diversity Promote the Disruptiveness of Papers in Artificial Intelligence?
4416293180,2,0,2,"2066752129,3123050710",https://doi.org/10.1016/j.jbi.2025.104952,2025,article,0,11622463.0,13.0,25,SemNovel – A new approach to detecting semantic novelty of biomedical publications using embeddings of large language models
7134187776,2,0,2,"4313545395,2303284028",https://doi.org/10.1093/anncom/wlag008,2026,article,0,2764627845.0,12.0,39,The field of communication is becoming less disruptive: analyses of citation data over four decades
4382061651,2,0,2,"2913773162,2793071066",https://doi.org/10.1787/1f717652-en,2023,book-chapter,0,4306463687.0,18.0,332,Quantifying the “cognitive extent” of science and how it has changed over time and across countries
7134844586,2,0,2,"2913773162,2303284028",https://doi.org/10.1093/icc/dtag012,2026,article,0,145507837.0,18.0,81,Death of distance? Remote collaboration and scientific breakthroughs
4411746258,2,0,2,"2793071066,2066752129",https://doi.org/10.1101/2025.06.25.661621,2025,preprint,0,4306402567.0,18.0,17,The strength of weird ties: positive genetic interactions have greater scientific impact but are under-represented in the literature
4383499380,2,0,2,"2913773162,4313545395",https://doi.org/10.21203/rs.3.rs-3102533/v1,2023,preprint,0,4306525896.0,20.0,43,Knowledge does not explode but increases linearly over time
4382061131,2,0,2,"2793071066,2913773162",https://doi.org/10.1787/6f256d17-en,2023,book-chapter,0,4306463687.0,27.0,332,Eroom’s Law and the decline in the productivity of biopharmaceutical R&D
7116721492,2,0,2,"2913773162,2793071066",https://doi.org/10.1007/978-3-032-13509-4_23,2025,book-chapter,0,4210173728.0,31.0,20,Beyond Pairwise Links: Hypergraph Modeling for Scientific Trend Forecasting
4413045231,2,0,2,"3123050710,2066752129",https://doi.org/10.2139/ssrn.5382070,2025,preprint,0,4210172589.0,33.0,84,Innovation Under Suppression: Censorship's Effect on Cultural Production in Early-Modern England
3185471751,2,0,2,"2547045893,2793071066",https://doi.org/10.12688/f1000research.53743.1,2021,preprint,0,4210239046.0,18.0,35,PhD students in life sciences can benefit from team cohesion
4285168742,2,0,2,"2547045893,2793071066",https://doi.org/10.2139/ssrn.4093415,2022,article,0,4210172589.0,14.0,46,Panel Data and Multilevel Analyses of Academic Publishing Success Paper
2595269458,2,0,2,"2547045893,2793071066",https://doi.org/10.48550/arxiv.1703.01476,2017,preprint,0,4306400194.0,31.0,69,Tracing Networks of Knowledge in the Digital Age
3126898324,2,0,2,"2793071066,2066752129",https://doi.org/10.1371/journal.pone.0254744,2021,preprint,0,202381698.0,31.0,78,The boundary-spanning mechanisms of Nobel Prize winning papers
4402568934,2,0,2,"2793071066,4313545395",https://doi.org/10.23919/ccc63176.2024.10661876,2024,article,0,,17.0,27,Analysis of Structural Characteristics of APS Field Networks via Complex Networks Perspective
7147726352,2,0,2,"2913773162,2793071066",https://doi.org/10.1016/j.joi.2026.101802,2026,article,0,205292342.0,18.0,101,"A review of the science of team science: Data sources, research methods, disciplinary characteristics, and research topics"
7162750590,2,0,2,"2303284028,4313545395",https://doi.org/10.5465/amj.2023.1020,2026,article,0,117778295.0,14.0,85,Corporate Venture Capital Knowledge Obsolescence and Portfolio Firm Innovation
4414621880,2,0,2,"2066752129,3123050710",https://doi.org/10.1016/j.chaos.2025.117295,2025,article,0,70718007.0,12.0,40,Mapping the changing structure of science through diachronic periodical embeddings
4328103758,2,0,2,"4313545395,2303284028",https://doi.org/10.1016/j.physbeh.2023.114161,2023,review,0,167407068.0,32.0,69,"Creativity in energy balance, obesity and feeding behavior research, some thoughts"
6939926379,2,0,2,"2547045893,2793071066",https://doi.org/10.6084/m9.figshare.26708918,2024,article,0,4406922384.0,20.0,39,
4205748517,2,0,2,"2066752129,2793071066",https://doi.org/10.5194/hess-2021-106-ac2,2021,peer-review,0,,23.0,40,Reply on RC1
7131800211,2,0,2,"2913773162,2793071066",https://doi.org/10.1177/10464964251404492,2026,article,0,133913429.0,18.0,51,Development and Validation of Three Scales Measuring Interdisciplinary Research Team Participants’ Experiences
4385316699,2,0,2,"3123050710,4313545395",https://doi.org/10.2139/ssrn.4522732,2023,preprint,0,4210172589.0,18.0,21,"An Unintended Pyramid Scheme: The Insidious Mechanisms Behind Impact Factor-Based Journal Rankings, the Implications, and a Possible Solution"
4394955491,2,0,2,"2808505390,2547045893",https://doi.org/10.15626/mp.2020.2740,2024,article,0,4210215799.0,32.0,117,Beyond a Dream: The Practical Foundations of Disconnected Psychology
3203734760,2,0,2,"2547045893,2808505390",https://doi.org/10.48550/arxiv.2012.09269,2020,preprint,0,4306401271.0,18.0,13,Scientific Prizes and the Extraordinary Growth of Scientific Topics
3041788073,2,0,2,"2547045893,2913773162",https://doi.org/10.1155/2020/8842221,2020,article,0,72372694.0,33.0,20,Common Laws Driving the Success in Show Business
7163583015,2,0,2,"4313545395,3123050710",https://doi.org/10.1007/s10734-026-01704-3,2026,article,0,94908168.0,36.0,37,Eclipsing or enlightening? Unravelling the peer effects of star doctoral students in STEM fields in China
4399441519,2,0,2,"4313545395,2303284028",https://doi.org/10.34133/hds.0112,2024,article,0,4210185134.0,36.0,50,2023 Beijing Health Data Science Summit
4361803371,2,0,2,"2066752129,4313545395",https://doi.org/10.1007/978-3-031-28276-8_13,2023,book-chapter,0,4210188945.0,18.0,43,Nature vs. Nurture in Science: The Effect of Researchers Segregation on Papers’ Citation Histories
7125510321,2,0,2,"4313545395,2303284028",https://doi.org/10.2139/ssrn.6110933,2026,preprint,0,4210172589.0,14.0,15,Measuring Disruption Without the Mirage Correcting Patent Indicator Biases for Technology Management
4415423026,2,0,2,"2808505390,2547045893",https://doi.org/10.2139/ssrn.5641007,2025,preprint,0,4210172589.0,33.0,26,An Analysis of Joseon Dynasty’s Governance: Historical Stability and Systemic Corruption
7160784876,2,0,2,"2913773162,3123050710",https://doi.org/10.1080/13662716.2026.2662857,2026,article,0,36209479.0,18.0,87,"Investigating the scientific impact of academic engagement: universities, firms, and dual-affiliated researchers in engineering sciences"
3166207074,2,0,2,"2066752129,2913773162",https://doi.org/10.48550/arxiv.2106.02989,2021,preprint,0,4306400194.0,31.0,38,Exploring the Disproportion Between Scientific Productivity and Knowledge Amount
4410986648,2,0,2,"2913773162,2793071066",https://doi.org/10.1109/iscait64916.2025.11010778,2025,article,0,,17.0,13,From Text to Impact: A Deep Multimodal Approach for Predicting and Explaining Scholarly Influence Dynamics
4323780473,2,0,2,"2913773162,2066752129",https://doi.org/10.1007/978-3-031-28035-1_23,2023,book-chapter,0,106296714.0,31.0,14,Disparity in the Evolving COVID-19 Collaboration Network
4392091253,2,0,2,"2793071066,2066752129",https://doi.org/10.3917/ems.burge.2023.01.0249,2023,book-chapter,0,4306463238.0,14.0,26,Les Grands Auteurs en Management de l'innovation et de la créativité
4395015987,2,0,2,"4313545395,2303284028",https://doi.org/10.2139/ssrn.4802379,2024,article,0,4210172589.0,14.0,111,The Contribution of Chinese Science to US Technological Advancement: Evidence from Patent Citation of Academic Papers
7119536299,2,0,2,"2913773162,2793071066",https://doi.org/10.1111/ejed.70455,2026,article,0,71191459.0,14.0,83,Rethinking Knowledge Production in University Research Teams: An Intellectual Capital‐Based Analysis From Chinese Engineering Disciplines
4293196172,2,0,2,"2066752129,2913773162",https://doi.org/10.2139/ssrn.4133073,2022,article,0,4210172589.0,12.0,43,Revisiting the Uniformity and Inconsistency of Hibernation in Science
4251478970,2,0,2,"2066752129,3123050710",https://doi.org/10.1787/59afe597-en,2020,book-chapter,0,4210227252.0,33.0,260,Lessons learned
4414659999,2,0,2,"2066752129,3123050710",https://doi.org/10.1140/epjds/s13688-025-00586-2,2025,article,0,2504380752.0,28.0,51,"Understanding rhythmic structures, novelty, and influence in classical music from data"
3184778534,2,0,2,"2913773162,2066752129",https://doi.org/10.3390/books978-3-0365-1689-9,2021,book,0,,33.0,533,Contemporary Teacher Education: A Global Perspective
4405266067,2,0,2,"3123050710,4313545395",https://doi.org/10.2139/ssrn.5052547,2024,preprint,0,4210172589.0,18.0,55,Joining Evenly While Remaining Unlike: How Do Plural and Balanced Participation in Inter-Sectoral Research Collaborations Influence Scientific Impact?
7125403801,2,0,2,"2913773162,2793071066",https://doi.org/10.1007/s44443-026-00474-3,2026,article,0,2764955546.0,17.0,38,Identifying scientific collaboration opportunities based on heterogeneous hypergraph link prediction
4381232881,2,0,2,"3123050710,2066752129",https://doi.org/10.2139/ssrn.4483648,2023,article,0,4210172589.0,36.0,50,Ph.D. Publication Productivity: The Role of Gender and Race in Supervision in South Africa
7140864044,2,0,2,"2913773162,4313545395",https://doi.org/10.1016/j.jseint.2026.101701,2026,article,0,4210204847.0,27.0,37,What are the most disruptive publications in shoulder surgery?
4385724288,2,0,2,"2066752129,2793071066",https://doi.org/10.1177/01655515231191213,2023,article,0,68913162.0,18.0,65,Do the paper’s connections to existing work disclose its citation impact? A study based on graph representation learning
4417420787,2,0,2,"4313545395,4378980478",https://doi.org/10.1093/icc/dtaf050,2025,article,0,145507837.0,14.0,33,The reorganization of the American innovation ecosystem and the challenge of translating science
4405022544,2,0,2,"2303284028,4313545395",https://doi.org/10.1109/ms.2024.3477013,2024,article,0,6725529.0,17.0,4,Efficient Graph Processing
4312118827,2,0,2,"2793071066,2066752129",https://doi.org/10.5772/intechopen.109207,2022,book-chapter,0,4306463448.0,18.0,49,Exploring the Knowledge Landscape of Escherichia coli Research: A Scientometric Overview
4205974196,2,0,2,"2913773162,2793071066",https://doi.org/10.22163/fteval.2020.529,2020,report,0,,33.0,14,Evaluierung neu denken
3211929535,2,0,2,"2808505390,2547045893",https://doi.org/10.1088/1674-1056/ac364c,2021,article,0,33442941.0,20.0,42,Modeling the dynamics of firms’ technological impact*
7122554714,2,0,2,"2793071066,2547045893",https://doi.org/10.21203/rs.3.rs-8275731/v1,2026,preprint,0,4306525896.0,33.0,39,The Critical and Hidden Mass in Global Higher Education Knowledge Production
7140316188,2,0,2,"4313545395,2066752129",https://doi.org/10.2139/ssrn.6467493,2026,preprint,0,4210172589.0,17.0,23,From Scarcity to Abundance The Future of Academic Knowledge Production in the Age of Artificial Intelligence
7140210190,2,0,2,"3201257425,4313545395",https://doi.org/10.1140/epjds/s13688-026-00646-1,2026,article,0,2504380752.0,28.0,17,Disruptive transformation of artworks in master-disciple relationships: the case of Ukiyo-e artworks
4415303915,2,0,2,"2913773162,2793071066",https://doi.org/10.1002/pra2.1298,2025,article,0,4393918545.0,31.0,26,Mining Collective Intelligence and Predicting Disruptive Paradigm Shifts via Human‐Aware AI
4412608527,2,0,2,"4313545395,2913773162",https://doi.org/10.51408/issi2025_009,2025,article,0,,18.0,51,Papers on the Main Paths are Associated with Lower Disruption in Scientometrics
