doi,author_position,given,family,full_name,orcid,affiliation,is_toyota_affiliated,is_corresponding
10.1002/adfm.202202674,1,Hiroyuki,Tetsuka,Hiroyuki Tetsuka,,Division of Engineering in Medicine Department of Medicine Brigham and Women's Hospital Harvard Medical School  65 Lansdowne Street Cambridge Massachusetts 02139 USA; Future Mobility Research Department Toyota Research Institute of North America Toyota Motor North America  1555 Woodridge Avenue Ann Arbor Michigan 48105 USA,True,True
10.1002/adfm.202202674,2,Lorenzo,Pirrami,Lorenzo Pirrami,,iPrint Institute School of Engineering and Architecture of Fribourg HES‐SO University of Applied Sciences and Arts Western Switzerland  1700 Fribourg Switzerland,False,False
10.1002/adfm.202202674,3,Ting,Wang,Ting Wang,,Division of Engineering in Medicine Department of Medicine Brigham and Women's Hospital Harvard Medical School  65 Lansdowne Street Cambridge Massachusetts 02139 USA,False,False
10.1002/adfm.202202674,4,Danilo,Demarchi,Danilo Demarchi,,Department of Electronics and Telecommunications Politecnico di Torino  10129 Turin Italy,False,False
10.1002/adfm.202202674,5,Su Ryon,Shin,Su Ryon Shin,https://orcid.org/0000-0003-0864-6482,Division of Engineering in Medicine Department of Medicine Brigham and Women's Hospital Harvard Medical School  65 Lansdowne Street Cambridge Massachusetts 02139 USA,False,False
10.1002/adma.202302069,1,Van Phuc,Nguyen,Van Phuc Nguyen,https://orcid.org/0000-0001-7466-1483,Department of Ophthalmology and Visual Sciences University of Michigan  Ann Arbor 48105 USA,False,True
10.1002/adma.202302069,2,Wei,Qian,Wei Qian,,"IMRA America, Inc.  1044 Woodridge Ave. Ann Arbor 48105 MI USA",True,False
10.1002/adma.202302069,3,Josh,Zhe,Josh Zhe,,Department of Ophthalmology and Visual Sciences University of Michigan  Ann Arbor 48105 USA,False,False
10.1002/adma.202302069,4,Jessica,Henry,Jessica Henry,,Department of Ophthalmology and Visual Sciences University of Michigan  Ann Arbor 48105 USA,False,False
10.1002/adma.202302069,5,Mingyang,Wang,Mingyang Wang,,Department of Biomedical Engineering University of Michigan  Ann Arbor 48105 MI USA,False,False
10.1002/adma.202302069,6,Bing,Liu,Bing Liu,,"IMRA America, Inc.  1044 Woodridge Ave. Ann Arbor 48105 MI USA",True,False
10.1002/adma.202302069,7,Wei,Zhang,Wei Zhang,,Department of Biomedical Engineering University of Michigan  Ann Arbor 48105 MI USA,False,False
10.1002/adma.202302069,8,Xueding,Wang,Xueding Wang,,Department of Biomedical Engineering University of Michigan  Ann Arbor 48105 MI USA,False,False
10.1002/adma.202302069,9,Yannis M.,Paulus,Yannis M. Paulus,,Department of Ophthalmology and Visual Sciences University of Michigan  Ann Arbor 48105 USA; Department of Biomedical Engineering University of Michigan  Ann Arbor 48105 MI USA,False,False
10.1002/admt.202000254,1,Hirofumi,Hazama,Hirofumi Hazama,https://orcid.org/0000-0003-0990-8894,"Toyota Central R&amp;D Labs., Inc.  41‐1, Yokomichi Nagakute Aichi 480‐1192 Japan",True,True
10.1002/admt.202000254,2,Daisuke,Murai,Daisuke Murai,,"Toyota Central R&amp;D Labs., Inc.  41‐1, Yokomichi Nagakute Aichi 480‐1192 Japan",True,False
10.1002/admt.202000254,3,Naoyuki,Nagasako,Naoyuki Nagasako,,"Toyota Central R&amp;D Labs., Inc.  41‐1, Yokomichi Nagakute Aichi 480‐1192 Japan",True,False
10.1002/admt.202000254,4,Masaki,Hasegawa,Masaki Hasegawa,,"Toyota Central R&amp;D Labs., Inc.  41‐1, Yokomichi Nagakute Aichi 480‐1192 Japan",True,False
10.1002/admt.202000254,5,Nobuhiro,Ogihara,Nobuhiro Ogihara,,"Toyota Central R&amp;D Labs., Inc.  41‐1, Yokomichi Nagakute Aichi 480‐1192 Japan",True,False
10.1002/adom.202500994,1,Yuki,Sato,Yuki Sato,https://orcid.org/0000-0003-2069-0355,"Toyota Central R&amp;D Labs., Inc. 1‐4‐14, Koraku Bunkyo‐ku Tokyo 1120004 Japan",True,True
10.1002/adom.202500994,2,Shrinathan Esaki Muthu Pandara,Kone,Shrinathan Esaki Muthu Pandara Kone,https://orcid.org/0000-0003-1366-2639,"Toyota Central R&amp;D Labs., Inc. 41‐1, Yokomichi Nagakute Aichi 4801192 Japan",True,False
10.1002/adom.202500994,3,Junpei,Oba,Junpei Oba,https://orcid.org/0009-0009-7908-1096,"Toyota Central R&amp;D Labs., Inc. 1‐4‐14, Koraku Bunkyo‐ku Tokyo 1120004 Japan",True,False
10.1002/adom.202500994,4,Kenichi,Yatsugi,Kenichi Yatsugi,https://orcid.org/0000-0003-4718-9683,"Toyota Central R&amp;D Labs., Inc. 41‐1, Yokomichi Nagakute Aichi 4801192 Japan",True,False
10.1002/aenm.202301843,1,Yuji,Mahara,Yuji Mahara,https://orcid.org/0000-0002-1480-7994,"Toyota Central R&amp;D Labs., Inc.  Nagakute Aichi 480‐1118 Japan",True,True
10.1002/aenm.202301843,2,Hideaki,Oka,Hideaki Oka,https://orcid.org/0000-0003-0166-3343,"Toyota Central R&amp;D Labs., Inc.  Nagakute Aichi 480‐1118 Japan",True,False
10.1002/aenm.202301843,3,Takamasa,Nonaka,Takamasa Nonaka,https://orcid.org/0000-0001-6967-9574,"Toyota Central R&amp;D Labs., Inc.  Nagakute Aichi 480‐1118 Japan",True,False
10.1002/aenm.202301843,4,Satoru,Kosaka,Satoru Kosaka,,"Toyota Central R&amp;D Labs., Inc.  Nagakute Aichi 480‐1118 Japan",True,False
10.1002/aenm.202301843,5,Naoko Takechi,Takahashi,Naoko Takechi Takahashi,https://orcid.org/0000-0002-8156-7361,"Toyota Central R&amp;D Labs., Inc.  Nagakute Aichi 480‐1118 Japan",True,False
10.1002/aenm.202301843,6,Yasuhito,Kondo,Yasuhito Kondo,,"Toyota Central R&amp;D Labs., Inc.  Nagakute Aichi 480‐1118 Japan",True,False
10.1002/aenm.202301843,7,Yoshinari,Makimura,Yoshinari Makimura,https://orcid.org/0000-0001-8170-9326,"Toyota Central R&amp;D Labs., Inc.  Nagakute Aichi 480‐1118 Japan",True,False
10.1002/anie.200603098,1,Paidi Yella,Reddy,Paidi Yella Reddy,,,False,True
10.1002/anie.200603098,2,Lingamallu,Giribabu,Lingamallu Giribabu,,,False,False
10.1002/anie.200603098,3,Christopher,Lyness,Christopher Lyness,,,False,False
10.1002/anie.200603098,4,Henry J.,Snaith,Henry J. Snaith,,,False,False
10.1002/anie.200603098,5,Challuri,Vijaykumar,Challuri Vijaykumar,,,False,False
10.1002/anie.200603098,6,Malapaka,Chandrasekharam,Malapaka Chandrasekharam,,,False,False
10.1002/anie.200603098,7,Mannepalli,Lakshmikantam,Mannepalli Lakshmikantam,,,False,False
10.1002/anie.200603098,8,Jun‐Ho,Yum,Jun‐Ho Yum,,,False,False
10.1002/anie.200603098,9,Kuppuswamy,Kalyanasundaram,Kuppuswamy Kalyanasundaram,,,False,False
10.1002/anie.200603098,10,Michael,Grätzel,Michael Grätzel,,,False,False
10.1002/anie.200603098,11,Mohammad K.,Nazeeruddin,Mohammad K. Nazeeruddin,,,False,False
10.1002/anie.202420703,1,Masakazu,Murase,Masakazu Murase,https://orcid.org/0000-0002-1512-9080,"Toyota Central R&amp;D Labs., Inc.  41-1 Yokomichi, Nagakute Aichi 480-1192 Japan",True,True
10.1002/anie.202420703,2,Naonari,Sakamoto,Naonari Sakamoto,https://orcid.org/0000-0002-6159-4792,"Toyota Central R&amp;D Labs., Inc.  41-1 Yokomichi, Nagakute Aichi 480-1192 Japan",True,False
10.1002/anie.202420703,3,Takeshi,Uyama,Takeshi Uyama,https://orcid.org/0000-0002-9998-0816,"Toyota Central R&amp;D Labs., Inc.  41-1 Yokomichi, Nagakute Aichi 480-1192 Japan",True,False
10.1002/anie.202420703,4,Takamasa,Nonaka,Takamasa Nonaka,https://orcid.org/0000-0001-6967-9574,"Toyota Central R&amp;D Labs., Inc.  41-1 Yokomichi, Nagakute Aichi 480-1192 Japan",True,False
10.1002/anie.202420703,5,Masataka,Ohashi,Masataka Ohashi,https://orcid.org/0000-0002-4465-4001,"Toyota Central R&amp;D Labs., Inc.  41-1 Yokomichi, Nagakute Aichi 480-1192 Japan",True,False
10.1002/anie.202420703,6,Shunsuke,Sato,Shunsuke Sato,https://orcid.org/0000-0001-8178-7367,"Toyota Central R&amp;D Labs., Inc.  41-1 Yokomichi, Nagakute Aichi 480-1192 Japan",True,False
10.1002/anie.202420703,7,Takeo,Arai,Takeo Arai,https://orcid.org/0000-0002-8145-1908,"Toyota Central R&amp;D Labs., Inc.  41-1 Yokomichi, Nagakute Aichi 480-1192 Japan",True,False
10.1002/anie.202420703,8,Toshiyuki,Itoh,Toshiyuki Itoh,https://orcid.org/0000-0002-8056-6287,"Toyota Physical and Chemical Research Institute  41-1 Yokomichi, Nagakute Aichi 480-1192 Japan",True,False
10.1002/cctc.201801257,1,Tomoki,Himiyama,Tomoki Himiyama,https://orcid.org/0000-0001-5252-1834,"Toyota Central R&amp;D Laboratories, Inc.  Nagakute 480-1192 Japan",True,True
10.1002/cctc.201801257,2,Minoru,Waki,Minoru Waki,https://orcid.org/0000-0001-8843-6180,"Toyota Central R&amp;D Laboratories, Inc.  Nagakute 480-1192 Japan",True,False
10.1002/cctc.201801257,3,Dolores,Esquivel,Dolores Esquivel,https://orcid.org/0000-0002-4323-8698,Departamento de Química Orgánica Instituto Universitario de Investigación en Química Fina y Nanoquímica IUIQFN Facultad de Ciencias Universidad de Córdoba  Córdoba E-14071 Spain,False,False
10.1002/cctc.201801257,4,Akira,Onoda,Akira Onoda,https://orcid.org/0000-0002-5791-4386,Department of Applied Chemistry Graduate School of Engineering Osaka University  Suita 565-0871 Japan,False,False
10.1002/cctc.201801257,5,Takashi,Hayashi,Takashi Hayashi,,Department of Applied Chemistry Graduate School of Engineering Osaka University  Suita 565-0871 Japan,False,False
10.1002/cctc.201801257,6,Pascal,Van Der Voort,Pascal Van Der Voort,https://orcid.org/0000-0002-1248-479X,COMOC Department of Inorganic and Physical Chemistry Ghent University  Ghent B-9000 Belgium,False,False
10.1002/cctc.201801257,7,Shinji,Inagaki,Shinji Inagaki,https://orcid.org/0000-0003-0405-5511,"Toyota Central R&amp;D Laboratories, Inc.  Nagakute 480-1192 Japan",True,False
10.1002/cctc.201900264,1,Satoru,Kato,Satoru Kato,https://orcid.org/0000-0002-5590-8652,"TOYOTA Central R&amp;D Labs., Inc. Nagakute  Aichi 480-1192 Japan",True,True
10.1002/cctc.201900264,2,Yoshihiko,Ito,Yoshihiko Ito,,"TOYOTA Central R&amp;D Labs., Inc. Nagakute  Aichi 480-1192 Japan",True,False
10.1002/cctc.201900264,3,Yasuhiro,Ikuta,Yasuhiro Ikuta,,"TOYOTA Central R&amp;D Labs., Inc. Nagakute  Aichi 480-1192 Japan",True,False
10.1002/cctc.201900264,4,Akira,Morikawa,Akira Morikawa,,"TOYOTA Central R&amp;D Labs., Inc. Nagakute  Aichi 480-1192 Japan",True,False
10.1002/cctc.201900264,5,Akihiko,Suda,Akihiko Suda,,"TOYOTA Central R&amp;D Labs., Inc. Nagakute  Aichi 480-1192 Japan",True,False
10.1002/cctc.201900264,6,Toshitaka,Tanabe,Toshitaka Tanabe,,"TOYOTA Central R&amp;D Labs., Inc. Nagakute  Aichi 480-1192 Japan",True,False
10.1002/cssc.202002557,1,Sho,Yamaguchi,Sho Yamaguchi,https://orcid.org/0000-0001-6220-4824,"Toyota Central R&amp;D Laboratories, Inc.  Nagakute Aichi 480–1192 Japan; Present Address: Department of Materials Engineering Science Graduate School of Engineering Science Osaka University 1-3 Machikaneyama  Toyonaka Osaka 560–8531 Japan",True,True
10.1002/cssc.202002557,2,Yoshifumi,Maegawa,Yoshifumi Maegawa,https://orcid.org/0000-0002-4356-2279,"Toyota Central R&amp;D Laboratories, Inc.  Nagakute Aichi 480–1192 Japan",True,False
10.1002/cssc.202002557,3,Ken‐ichi,Fujita,Ken‐ichi Fujita,https://orcid.org/0000-0002-8362-2694,"Graduate School of Human and Environmental Studies Kyoto University, Sakyo-ku  Kyoto 606–8501 Japan",False,False
10.1002/cssc.202002557,4,Shinji,Inagaki,Shinji Inagaki,https://orcid.org/0000-0003-0405-5511,"Toyota Central R&amp;D Laboratories, Inc.  Nagakute Aichi 480–1192 Japan",True,False
10.1002/cssc.202300679,1,Masakazu,Murase,Masakazu Murase,https://orcid.org/0000-0002-1512-9080,"Toyota Central R&amp;D Labs., Inc.  41-1 Yokomichi Nagakute Aichi 480-1192 Japan",True,True
10.1002/cssc.202300679,2,Yoshifumi,Maegawa,Yoshifumi Maegawa,https://orcid.org/0000-0002-4356-2279,"Toyota Central R&amp;D Labs., Inc.  41-1 Yokomichi Nagakute Aichi 480-1192 Japan",True,False
10.1002/cssc.202300679,3,Masataka,Ohashi,Masataka Ohashi,https://orcid.org/0000-0002-4465-4001,"Toyota Central R&amp;D Labs., Inc.  41-1 Yokomichi Nagakute Aichi 480-1192 Japan",True,False
10.1002/cssc.202300679,4,Yasutomo,Goto,Yasutomo Goto,https://orcid.org/0000-0001-7728-218X,"Toyota Central R&amp;D Labs., Inc.  41-1 Yokomichi Nagakute Aichi 480-1192 Japan",True,False
10.1002/cssc.202300679,5,Naonari,Sakamoto,Naonari Sakamoto,https://orcid.org/0000-0002-6159-4792,"Toyota Central R&amp;D Labs., Inc.  41-1 Yokomichi Nagakute Aichi 480-1192 Japan",True,False
10.1002/cssc.202300679,6,Takamasa,Nonaka,Takamasa Nonaka,https://orcid.org/0000-0001-6967-9574,"Toyota Central R&amp;D Labs., Inc.  41-1 Yokomichi Nagakute Aichi 480-1192 Japan",True,False
10.1002/cssc.202300679,7,Takeshi,Uyama,Takeshi Uyama,https://orcid.org/0000-0002-9998-0816,"Toyota Central R&amp;D Labs., Inc.  41-1 Yokomichi Nagakute Aichi 480-1192 Japan",True,False
10.1002/cssc.202300679,8,Takeo,Arai,Takeo Arai,https://orcid.org/0000-0002-8145-1908,"Toyota Central R&amp;D Labs., Inc.  41-1 Yokomichi Nagakute Aichi 480-1192 Japan",True,False
10.1002/cssc.202401082,1,Teppei,Nishi,Teppei Nishi,https://orcid.org/0000-0001-9546-4139,"TOYOTA CENTRAL R&amp;D LABS., INC.  41-1, Yokomichi, Nagakute Aichi 480-11992 Japan",True,True
10.1002/cssc.202401082,2,Naonari,Sakamoto,Naonari Sakamoto,https://orcid.org/0000-0002-6159-4792,"TOYOTA CENTRAL R&amp;D LABS., INC.  41-1, Yokomichi, Nagakute Aichi 480-11992 Japan",True,False
10.1002/cssc.202401082,3,Keita,Sekizawa,Keita Sekizawa,https://orcid.org/0000-0003-2660-0410,"TOYOTA CENTRAL R&amp;D LABS., INC.  41-1, Yokomichi, Nagakute Aichi 480-11992 Japan",True,False
10.1002/cssc.202401082,4,Takeshi,Morikawa,Takeshi Morikawa,https://orcid.org/0000-0002-4985-0925,"TOYOTA CENTRAL R&amp;D LABS., INC.  41-1, Yokomichi, Nagakute Aichi 480-11992 Japan",True,False
10.1002/cssc.202401082,5,Shunsuke,Sato,Shunsuke Sato,https://orcid.org/0000-0001-8178-7367,"TOYOTA CENTRAL R&amp;D LABS., INC.  41-1, Yokomichi, Nagakute Aichi 480-11992 Japan",True,False
10.1002/ggn2.10040,1,Shota,Katayama,Shota Katayama,https://orcid.org/0000-0002-0078-3207,"IMRA Japan Co., Ltd.  Sapporo Japan",True,True
10.1002/ggn2.10040,2,Koichi,Shiraishi,Koichi Shiraishi,,"IMRA Japan Co., Ltd.  Sapporo Japan; AISIN AW Co., Ltd.  Anjou Japan",True,False
10.1002/ggn2.10040,3,Naoki,Gorai,Naoki Gorai,,"IMRA Japan Co., Ltd.  Sapporo Japan; AISIN AW Co., Ltd.  Anjou Japan",True,False
10.1002/ggn2.10040,4,Masao,Andou,Masao Andou,,"IMRA Japan Co., Ltd.  Sapporo Japan",True,False
10.1002/lapl.200810090,1,M.E.,Fermann,M.E. Fermann,,,False,True
10.1002/lapl.200810090,2,I.,Hartl,I. Hartl,,,False,False
10.1002/pip.3129,1,Yasuhiko,Takeda,Yasuhiko Takeda,https://orcid.org/0000-0002-0874-4560,"Environment and Energy Dept. II Toyota Central Research and Development Laboratories, Inc., 41‐1, Yokomichi  Nagakute Japan",True,True
10.1002/smll.202200113,1,Takayuki,Matsui,Takayuki Matsui,https://orcid.org/0000-0002-1184-3332,"Toyota Central R&amp;D Labs., Inc 41‐1 Yokomichi Nagakute Aichi 480‐1192 Japan",True,True
10.1002/smll.202200113,2,Tadayoshi,Matsumori,Tadayoshi Matsumori,https://orcid.org/0000-0001-9597-0285,"Toyota Central R&amp;D Labs., Inc 41‐1 Yokomichi Nagakute Aichi 480‐1192 Japan",True,False
10.1002/smll.202200113,3,Yuji,Ito,Yuji Ito,https://orcid.org/0000-0002-6786-7798,"Toyota Central R&amp;D Labs., Inc 41‐1 Yokomichi Nagakute Aichi 480‐1192 Japan",True,False
10.1002/smll.202200113,4,Yoko,Hase,Yoko Hase,https://orcid.org/0000-0001-8805-7922,"Toyota Central R&amp;D Labs., Inc 41‐1 Yokomichi Nagakute Aichi 480‐1192 Japan",True,False
10.1002/smll.202200113,5,Hiroyuki,Yoshida,Hiroyuki Yoshida,https://orcid.org/0000-0003-1023-6933,"Division of Electrical, Electronic and Infocommunications Engineering Graduate School of Engineering Osaka University 2‐1 Yamada‐oka Suita Osaka 565‐0871 Japan",False,False
10.1002/smll.202300298,1,Izuru,Miyazaki,Izuru Miyazaki,https://orcid.org/0000-0003-4869-4374,"Toyota Central R&amp;D Labs., Inc.  Nagakute Aichi 480‐1192 Japan",True,True
10.1002/smll.202300298,2,Yumi,Masuoka,Yumi Masuoka,,"Toyota Central R&amp;D Labs., Inc.  Nagakute Aichi 480‐1192 Japan",True,False
10.1002/smll.202300298,3,Ayako,Ohshima,Ayako Ohshima,,"Toyota Central R&amp;D Labs., Inc.  Nagakute Aichi 480‐1192 Japan",True,False
10.1002/smll.202300298,4,Naoko,Takahashi,Naoko Takahashi,,"Toyota Central R&amp;D Labs., Inc.  Nagakute Aichi 480‐1192 Japan",True,False
10.1002/smll.202300298,5,Akitoshi,Suzumura,Akitoshi Suzumura,https://orcid.org/0000-0002-9013-535X,"Toyota Central R&amp;D Labs., Inc.  Nagakute Aichi 480‐1192 Japan",True,False
10.1002/smll.202300298,6,Shinya,Moribe,Shinya Moribe,https://orcid.org/0000-0001-7101-9989,"Toyota Central R&amp;D Labs., Inc.  Nagakute Aichi 480‐1192 Japan",True,False
10.1002/smll.202300298,7,Hisaaki,Takao,Hisaaki Takao,https://orcid.org/0000-0002-8156-7361,"Toyota Central R&amp;D Labs., Inc.  Nagakute Aichi 480‐1192 Japan",True,False
10.1002/smll.202300298,8,Mitsutaro,Umehara,Mitsutaro Umehara,https://orcid.org/0000-0001-8665-0028,"Toyota Central R&amp;D Labs., Inc.  Nagakute Aichi 480‐1192 Japan",True,False
10.1002/smll.202402570,1,Norihiro,Mizoshita,Norihiro Mizoshita,https://orcid.org/0000-0001-6864-5532,"Toyota Central R&amp;D Labs., Inc. Nagakute Aichi 480‐1192 Japan",True,True
10.1002/smll.202402570,2,Yuri,Yamada,Yuri Yamada,https://orcid.org/0000-0001-8249-4283,"Toyota Central R&amp;D Labs., Inc. Nagakute Aichi 480‐1192 Japan",True,False
10.1002/smll.202402570,3,Yumi,Masuoka,Yumi Masuoka,,"Toyota Central R&amp;D Labs., Inc. Nagakute Aichi 480‐1192 Japan",True,False
10.1002/smtd.202401851,1,Kensaku,Kodama,Kensaku Kodama,https://orcid.org/0000-0003-1120-6306,"Toyota Central R&amp;D Labs., Inc.  Nagakute 480‐1192 Japan",True,True
10.1002/smtd.202401851,2,Naoto,Todoroki,Naoto Todoroki,,Tohoku University  Sendai 980‐8579 Japan,False,False
10.1002/smtd.202502213,1,Ayaka,Yonaga,Ayaka Yonaga,https://orcid.org/0000-0002-0662-950X,"Toyota Central R&amp;D Labs., Inc.  Nagakute Aichi Japan",True,True
10.1002/smtd.202502213,2,Takuro,Matsunaga,Takuro Matsunaga,https://orcid.org/0000-0002-0351-4491,"Toyota Central R&amp;D Labs., Inc.  Nagakute Aichi Japan",True,False
10.1002/sstr.202300106,1,Wataru,Yoshimune,Wataru Yoshimune,,Energy and Environment Research Division Paul Scherrer Institut PSI  CH-5232 Villigen Switzerland,False,True
10.1002/sstr.202300106,2,Juliana B.,Falqueto,Juliana B. Falqueto,,Energy and Environment Research Division Paul Scherrer Institut PSI  CH-5232 Villigen Switzerland,False,False
10.1002/sstr.202300106,3,Adam H.,Clark,Adam H. Clark,,Energy and Environment Research Division Paul Scherrer Institut PSI  CH-5232 Villigen Switzerland,False,False
10.1002/sstr.202300106,4,Nur Sena,Yüzbasi,Nur Sena Yüzbasi,,"Laboratory for High Performance Ceramics Empa, Swiss Federal Laboratories for Materials Science and Technology  CH-8600 Dübendorf Switzerland",False,False
10.1002/sstr.202300106,5,Thomas,Graule,Thomas Graule,,"Laboratory for High Performance Ceramics Empa, Swiss Federal Laboratories for Materials Science and Technology  CH-8600 Dübendorf Switzerland",False,False
10.1002/sstr.202300106,6,Dominika,Baster,Dominika Baster,,Energy and Environment Research Division Paul Scherrer Institut PSI  CH-5232 Villigen Switzerland,False,False
10.1002/sstr.202300106,7,Mario,El Kazzi,Mario El Kazzi,,Energy and Environment Research Division Paul Scherrer Institut PSI  CH-5232 Villigen Switzerland,False,False
10.1002/sstr.202300106,8,Thomas J.,Schmidt,Thomas J. Schmidt,,Energy and Environment Research Division Paul Scherrer Institut PSI  CH-5232 Villigen Switzerland; Laboratory of Physical Chemistry ETH Zurich  CH-8093 Zürich Switzerland,False,False
10.1002/sstr.202300106,9,Emiliana,Fabbri,Emiliana Fabbri,https://orcid.org/0000-0002-8627-6926,Energy and Environment Research Division Paul Scherrer Institut PSI  CH-5232 Villigen Switzerland,False,False
10.1002/tcr.201900063,1,Hiroyuki,Tetsuka,Hiroyuki Tetsuka,,"Future Research Department, Toyota Research Institute of North America Toyota Motor North America  1555 Woodridge Avenue, Ann Arbor Michigan 48105 USA",True,True
10.1007/978-3-030-69322-0_26,1,Ayano,Okoso,Ayano Okoso,,,False,True
10.1007/978-3-030-69322-0_26,2,Keisuke,Otaki,Keisuke Otaki,,,False,False
10.1007/978-3-030-69322-0_26,3,Tomoki,Nishi,Tomoki Nishi,,,False,False
10.1007/978-3-030-69322-0_8,1,Keisuke,Otaki,Keisuke Otaki,https://orcid.org/0000-0001-9431-0867,,False,True
10.1007/978-3-030-69322-0_8,2,Satoshi,Koide,Satoshi Koide,,,False,False
10.1007/978-3-030-69322-0_8,3,Ayano,Okoso,Ayano Okoso,,,False,False
10.1007/978-3-030-69322-0_8,4,Tomoki,Nishi,Tomoki Nishi,,,False,False
10.1007/bf01081312,1,M. E.,Fermann,M. E. Fermann,,,False,True
10.1007/s00158-018-02187-2,1,Katsuya,Nomura,Katsuya Nomura,https://orcid.org/0000-0002-0721-0954,,False,True
10.1007/s00158-018-02187-2,2,Shintaro,Yamasaki,Shintaro Yamasaki,,,False,False
10.1007/s00158-018-02187-2,3,Kentaro,Yaji,Kentaro Yaji,,,False,False
10.1007/s00158-018-02187-2,4,Hiroki,Bo,Hiroki Bo,,,False,False
10.1007/s00158-018-02187-2,5,Atsuhiro,Takahashi,Atsuhiro Takahashi,,,False,False
10.1007/s00158-018-02187-2,6,Takashi,Kojima,Takashi Kojima,,,False,False
10.1007/s00158-018-02187-2,7,Kikuo,Fujita,Kikuo Fujita,,,False,False
10.1007/s00158-018-1999-y,1,Yoshiki,Fukada,Yoshiki Fukada,https://orcid.org/0000-0003-1058-5877,,False,True
10.1007/s00158-018-1999-y,2,Haruki,Minagawa,Haruki Minagawa,,,False,False
10.1007/s00158-018-1999-y,3,Chikara,Nakazato,Chikara Nakazato,,,False,False
10.1007/s00158-018-1999-y,4,Takaaki,Nagatani,Takaaki Nagatani,,,False,False
10.1007/s00158-019-02341-4,1,Tadayoshi,Matsumori,Tadayoshi Matsumori,https://orcid.org/0000-0001-9597-0285,,False,True
10.1007/s00158-019-02341-4,2,Atsushi,Kawamoto,Atsushi Kawamoto,,,False,False
10.1007/s00158-019-02341-4,3,Tsuguo,Kondoh,Tsuguo Kondoh,,,False,False
10.1007/s00158-019-02345-0,1,Yoshiki,Fukada,Yoshiki Fukada,https://orcid.org/0000-0003-1058-5877,,False,True
10.1007/s00158-019-02418-0,1,Yoshiki,Fukada,Yoshiki Fukada,https://orcid.org/0000-0003-1058-5877,,False,True
10.1007/s00339-008-4754-1,1,Bing,Liu,Bing Liu,,,False,True
10.1007/s00339-008-4754-1,2,Zhendong,Hu,Zhendong Hu,,,False,False
10.1007/s00339-008-4754-1,3,Yong,Che,Yong Che,,,False,False
10.1007/s00339-008-4754-1,4,Arnold,Allenic,Arnold Allenic,,,False,False
10.1007/s00339-008-4754-1,5,Kai,Sun,Kai Sun,,,False,False
10.1007/s00339-008-4754-1,6,Xiaoqing,Pan,Xiaoqing Pan,,,False,False
10.1007/s003400050272,1,M.E.,Fermann,M.E. Fermann,,,False,True
10.1007/s003400050272,2,A.,Galvanauskas,A. Galvanauskas,,,False,False
10.1007/s003400050272,3,G.,Sucha,G. Sucha,,,False,False
10.1007/s003400050272,4,D.,Harter,D. Harter,,,False,False
10.1007/s10853-020-05169-2,1,Yumi,Inagaki,Yumi Inagaki,,,False,True
10.1007/s10853-020-05169-2,2,Takahiro,Kozawa,Takahiro Kozawa,,,False,False
10.1007/s10853-020-05169-2,3,Kazuhisa,Yano,Kazuhisa Yano,,,False,False
10.1007/s10853-020-05169-2,4,Tadashi,Nakamura,Tadashi Nakamura,,,False,False
10.1007/s10854-020-03211-2,1,Toshikazu,Satoh,Toshikazu Satoh,,,False,True
10.1007/s10854-020-03211-2,2,Masanori,Usui,Masanori Usui,,,False,False
10.1007/s10915-025-02846-9,1,Daisuke,Inoue,Daisuke Inoue,https://orcid.org/0000-0003-2877-3438,,False,True
10.1007/s10915-025-02846-9,2,Yuji,Ito,Yuji Ito,https://orcid.org/0000-0002-6786-7798,,False,False
10.1007/s10915-025-02846-9,3,Takahito,Kashiwabara,Takahito Kashiwabara,https://orcid.org/0000-0002-7089-8202,,False,False
10.1007/s10915-025-02846-9,4,Norikazu,Saito,Norikazu Saito,https://orcid.org/0000-0002-2271-6355,,False,False
10.1007/s10915-025-02846-9,5,Hiroaki,Yoshida,Hiroaki Yoshida,https://orcid.org/0000-0002-7283-8617,,False,False
10.1007/s11340-019-00552-w,1,A.,Akai,A. Akai,,,False,True
10.1007/s11340-019-00552-w,2,D.,Shiozawa,D. Shiozawa,,,False,False
10.1007/s11340-019-00552-w,3,T.,Yamada,T. Yamada,,,False,False
10.1007/s11340-019-00552-w,4,T.,Sakagami,T. Sakagami,,,False,False
10.1007/s12010-019-03108-9,1,Nobuhiro,Ishida,Nobuhiro Ishida,https://orcid.org/0000-0002-3783-3693,,False,True
10.1007/s12010-019-03108-9,2,Yoichi,Hosokawa,Yoichi Hosokawa,,,False,False
10.1007/s12010-019-03108-9,3,Takao,Imaeda,Takao Imaeda,,,False,False
10.1007/s12010-019-03108-9,4,Takaaki,Hatanaka,Takaaki Hatanaka,,,False,False
10.1007/s12039-011-0066-7,1,M,CHANDRASEKHARAM,M CHANDRASEKHARAM,,,False,True
10.1007/s12039-011-0066-7,2,C,SRINIVASARAO,C SRINIVASARAO,,,False,False
10.1007/s12039-011-0066-7,3,T,SURESH,T SURESH,,,False,False
10.1007/s12039-011-0066-7,4,M ANIL,REDDY,M ANIL REDDY,,,False,False
10.1007/s12039-011-0066-7,5,M,RAGHAVENDER,M RAGHAVENDER,,,False,False
10.1007/s12039-011-0066-7,6,G,RAJKUMAR,G RAJKUMAR,,,False,False
10.1007/s12039-011-0066-7,7,M,SRINIVASU,M SRINIVASU,,,False,False
10.1007/s12039-011-0066-7,8,P YELLA,REDDY,P YELLA REDDY,,,False,False
10.1007/s12039-011-0096-1,1,L,GIRIBABU,L GIRIBABU,,,False,True
10.1007/s12039-011-0096-1,2,VARUN KUMAR,SINGH,VARUN KUMAR SINGH,,,False,False
10.1007/s12039-011-0096-1,3,M,SRINIVASU,M SRINIVASU,,,False,False
10.1007/s12039-011-0096-1,4,CH VIJAY,KUMAR,CH VIJAY KUMAR,,,False,False
10.1007/s12039-011-0096-1,5,V GOPAL,REDDY,V GOPAL REDDY,,,False,False
10.1007/s12039-011-0096-1,6,Y,SOUJNYA,Y SOUJNYA,,,False,False
10.1007/s12039-011-0096-1,7,P YELLA,REDDY,P YELLA REDDY,,,False,False
10.1016/0030-4018(96)00403-8,1,A,Hariharan,A Hariharan,,,False,True
10.1016/0030-4018(96)00403-8,2,D.J,Harter,D.J Harter,,,False,False
10.1016/0030-4018(96)00403-8,3,Thomas S,Sosnowski,Thomas S Sosnowski,,,False,False
10.1016/0030-4018(96)00403-8,4,Steve,Kane,Steve Kane,,,False,False
10.1016/0030-4018(96)00403-8,5,Detao,Du,Detao Du,,,False,False
10.1016/0030-4018(96)00403-8,6,T.B,Norris,T.B Norris,,,False,False
10.1016/0030-4018(96)00403-8,7,Jeff,Squier,Jeff Squier,,,False,False
10.1016/j.ab.2004.10.045,1,Yasushi,Shigemori,Yasushi Shigemori,,,False,True
10.1016/j.ab.2005.03.016,1,Yasushi,Shigemori,Yasushi Shigemori,,,False,True
10.1016/j.ab.2009.05.013,1,Tsutomu,Mikawa,Tsutomu Mikawa,,,False,True
10.1016/j.ab.2009.05.013,2,Jin,Inoue,Jin Inoue,,,False,False
10.1016/j.ab.2009.05.013,3,Yasushi,Shigemori,Yasushi Shigemori,,,False,False
10.1016/j.actamat.2018.11.058,1,Naoyuki,Nagasako,Naoyuki Nagasako,,,False,True
10.1016/j.actamat.2018.11.058,2,Akitoshi,Suzumura,Akitoshi Suzumura,,,False,False
10.1016/j.actamat.2018.11.058,3,Ryoji,Asahi,Ryoji Asahi,,,False,False
10.1016/j.apcata.2019.02.033,1,Masashi,Kikugawa,Masashi Kikugawa,https://orcid.org/0000-0002-9220-1883,,False,True
10.1016/j.apcata.2019.02.033,2,Kiyoshi,Yamazaki,Kiyoshi Yamazaki,,,False,False
10.1016/j.apcata.2019.02.033,3,Akihiko,Kato,Akihiko Kato,,,False,False
10.1016/j.apcata.2019.02.033,4,Takeshi,Uyama,Takeshi Uyama,,,False,False
10.1016/j.apcata.2019.02.033,5,Naoki,Takahashi,Naoki Takahashi,,,False,False
10.1016/j.apcata.2019.02.033,6,Hirofumi,Shinjoh,Hirofumi Shinjoh,,,False,False
10.1016/j.apcata.2019.06.003,1,Masatoshi,Sakai,Masatoshi Sakai,,,False,True
10.1016/j.apcata.2019.06.003,2,Tsuyoshi,Hamaguchi,Tsuyoshi Hamaguchi,,,False,False
10.1016/j.apcata.2019.06.003,3,Toshiyuki,Tanaka,Toshiyuki Tanaka,,,False,False
10.1016/j.apcatb.2021.119965,1,Yasutomo,Goto,Yasutomo Goto,https://orcid.org/0000-0001-7728-218X,,False,True
10.1016/j.apcatb.2021.119965,2,Ken-ichi,Yamanaka,Ken-ichi Yamanaka,https://orcid.org/0000-0002-0253-1740,,False,False
10.1016/j.apcatb.2021.119965,3,Masataka,Ohashi,Masataka Ohashi,,,False,False
10.1016/j.apcatb.2021.119965,4,Yoshifumi,Maegawa,Yoshifumi Maegawa,,,False,False
10.1016/j.apcatb.2021.119965,5,Shinji,Inagaki,Shinji Inagaki,https://orcid.org/0000-0003-0405-5511,,False,False
10.1016/j.apcatb.2022.121600,1,Tomiko M.,Suzuki,Tomiko M. Suzuki,,,False,True
10.1016/j.apcatb.2022.121600,2,Shunya,Yoshino,Shunya Yoshino,,,False,False
10.1016/j.apcatb.2022.121600,3,Keita,Sekizawa,Keita Sekizawa,,,False,False
10.1016/j.apcatb.2022.121600,4,Yuichi,Yamaguchi,Yuichi Yamaguchi,,,False,False
10.1016/j.apcatb.2022.121600,5,Akihiko,Kudo,Akihiko Kudo,,,False,False
10.1016/j.apcatb.2022.121600,6,Takeshi,Morikawa,Takeshi Morikawa,,,False,False
10.1016/j.apcatb.2022.122030,1,Shougo,Higashi,Shougo Higashi,,,False,True
10.1016/j.apcatb.2022.122030,2,Atsushi,Beniya,Atsushi Beniya,,,False,False
10.1016/j.apcatb.2022.122352,1,Kiyoshi,Yamazaki,Kiyoshi Yamazaki,https://orcid.org/0000-0001-7746-8355,,False,True
10.1016/j.apcatb.2022.122352,2,Mitsuru,Matsumoto,Mitsuru Matsumoto,https://orcid.org/0000-0002-6513-0610,,False,False
10.1016/j.apcatb.2022.122352,3,Marie,Ishikawa,Marie Ishikawa,https://orcid.org/0000-0001-7023-8020,,False,False
10.1016/j.apcatb.2022.122352,4,Akinori,Sato,Akinori Sato,https://orcid.org/0000-0002-9359-1289,,False,False
10.1016/j.apenergy.2018.06.015,1,Hirofumi,Hazama,Hirofumi Hazama,,,False,True
10.1016/j.apenergy.2018.06.015,2,Yumi,Masuoka,Yumi Masuoka,,,False,False
10.1016/j.apenergy.2018.06.015,3,Akitoshi,Suzumura,Akitoshi Suzumura,,,False,False
10.1016/j.apenergy.2018.06.015,4,Masato,Matsubara,Masato Matsubara,,,False,False
10.1016/j.apenergy.2018.06.015,5,Shin,Tajima,Shin Tajima,,,False,False
10.1016/j.apenergy.2018.06.015,6,Ryoji,Asahi,Ryoji Asahi,,,False,False
10.1016/j.apenergy.2019.05.065,1,K.,Kugimoto,K. Kugimoto,,,False,True
10.1016/j.apenergy.2019.05.065,2,Y.,Hirota,Y. Hirota,,,False,False
10.1016/j.apenergy.2019.05.065,3,T.,Yamauchi,T. Yamauchi,,,False,False
10.1016/j.apenergy.2019.05.065,4,H.,Yamaguchi,H. Yamaguchi,,,False,False
10.1016/j.apenergy.2019.05.065,5,T.,Niimi,T. Niimi,,,False,False
10.1016/j.apenergy.2022.119773,1,Shogo,Sayama,Shogo Sayama,,,False,True
10.1016/j.apenergy.2022.119773,2,Seiji,Yamamoto,Seiji Yamamoto,,,False,False
10.1016/j.applthermaleng.2025.128860,1,Ko,Kugimoto,Ko Kugimoto,,,False,True
10.1016/j.applthermaleng.2025.128860,2,Takayuki,Hirai,Takayuki Hirai,,,False,False
10.1016/j.applthermaleng.2025.128860,3,Takanori,Kaneko,Takanori Kaneko,,,False,False
10.1016/j.apsusc.2019.144813,1,Atsushi,Murase,Atsushi Murase,,,False,True
10.1016/j.apsusc.2019.144813,2,Yuichi,Kato,Yuichi Kato,,,False,False
10.1016/j.apsusc.2019.144813,3,Eiichi,Sudo,Eiichi Sudo,,,False,False
10.1016/j.apsusc.2020.146058,1,Noritake,Isomura,Noritake Isomura,,,False,True
10.1016/j.apsusc.2020.146058,2,Daigo,Kikuta,Daigo Kikuta,,,False,False
10.1016/j.apsusc.2020.146058,3,Naoko,Takahashi,Naoko Takahashi,,,False,False
10.1016/j.apsusc.2020.146058,4,Satoru,Kosaka,Satoru Kosaka,,,False,False
10.1016/j.apsusc.2020.146058,5,Keita,Kataoka,Keita Kataoka,,,False,False
10.1016/j.apsusc.2022.155198,1,Noritake,Isomura,Noritake Isomura,,,False,True
10.1016/j.apsusc.2022.155198,2,Satoru,Kosaka,Satoru Kosaka,,,False,False
10.1016/j.apsusc.2022.155198,3,Naoko,Takahashi,Naoko Takahashi,,,False,False
10.1016/j.asoc.2019.105682,1,Hiroshi,Ohno,Hiroshi Ohno,,,False,True
10.1016/j.asoc.2019.105932,1,Hiroshi,Ohno,Hiroshi Ohno,,,False,True
10.1016/j.automatica.2019.108769,1,Yuji,Ito,Yuji Ito,,,False,True
10.1016/j.automatica.2019.108769,2,Md Abdus Samad,Kamal,Md Abdus Samad Kamal,,,False,False
10.1016/j.automatica.2019.108769,3,Takayoshi,Yoshimura,Takayoshi Yoshimura,,,False,False
10.1016/j.automatica.2019.108769,4,Shun-ichi,Azuma,Shun-ichi Azuma,,,False,False
10.1016/j.automatica.2024.111901,1,Yuji,Ito,Yuji Ito,,,False,True
10.1016/j.automatica.2024.111901,2,Kenji,Fujimoto,Kenji Fujimoto,,,False,False
10.1016/j.automatica.2024.111901,3,Yukihiro,Tadokoro,Yukihiro Tadokoro,,,False,False
10.1016/j.automatica.2025.112621,1,Ryuta,Moriyasu,Ryuta Moriyasu,,,False,True
10.1016/j.automatica.2025.112621,2,Sho,Kawaguchi,Sho Kawaguchi,,,False,False
10.1016/j.automatica.2025.112621,3,Kenji,Kashima,Kenji Kashima,,,False,False
10.1016/j.bbrc.2020.05.213,1,Kohei,Otomo,Kohei Otomo,,,False,True
10.1016/j.bbrc.2020.05.213,2,Ai,Goto,Ai Goto,,,False,False
10.1016/j.bbrc.2020.05.213,3,Yumi,Yamanaka,Yumi Yamanaka,,,False,False
10.1016/j.bbrc.2020.05.213,4,Takashi,Hori,Takashi Hori,,,False,False
10.1016/j.bbrc.2020.05.213,5,Hiroshi,Nakayama,Hiroshi Nakayama,,,False,False
10.1016/j.bbrc.2020.05.213,6,Tomomi,Nemoto,Tomomi Nemoto,https://orcid.org/0000-0001-6102-1495,,False,False
10.1016/j.bbrc.2021.10.018,1,Shota,Katayama,Shota Katayama,https://orcid.org/0000-0002-0078-3207,,False,True
10.1016/j.bbrc.2021.10.018,2,Masao,Andou,Masao Andou,,,False,False
10.1016/j.buildenv.2025.112828,1,Kenro,Tokuhiro,Kenro Tokuhiro,https://orcid.org/0009-0008-5434-477X,,False,True
10.1016/j.buildenv.2025.112828,2,Hiroki,Sugimoto,Hiroki Sugimoto,https://orcid.org/0000-0002-7485-9075,,False,False
10.1016/j.buildenv.2025.112828,3,Akinori,Ikeuchi,Akinori Ikeuchi,,,False,False
10.1016/j.buildenv.2025.112828,4,Takeshi,Tsujie,Takeshi Tsujie,,,False,False
10.1016/j.buildenv.2025.112828,5,Eriko,Wada,Eriko Wada,,,False,False
10.1016/j.buildenv.2025.112828,6,Masayoshi,Muramatsu,Masayoshi Muramatsu,,,False,False
10.1016/j.buildenv.2025.112828,7,Chikara,Ohto,Chikara Ohto,https://orcid.org/0009-0006-5782-1549,,False,False
10.1016/j.carbon.2020.07.047,1,Naomi,Kumano,Naomi Kumano,,,False,True
10.1016/j.carbon.2020.07.047,2,Kenji,Kudo,Kenji Kudo,,,False,False
10.1016/j.carbon.2020.07.047,3,Yusuke,Akimoto,Yusuke Akimoto,,,False,False
10.1016/j.carbon.2020.07.047,4,Masahiko,Ishii,Masahiko Ishii,https://orcid.org/0000-0002-1349-5730,,False,False
10.1016/j.carbon.2020.07.047,5,Hiroshi,Nakamura,Hiroshi Nakamura,,,False,False
10.1016/j.carbon.2023.118381,1,Akira,Iyo,Akira Iyo,https://orcid.org/0000-0002-9610-647X,,False,True
10.1016/j.carbon.2023.118381,2,Hiroshi,Fujihisa,Hiroshi Fujihisa,https://orcid.org/0000-0001-9308-153X,,False,False
10.1016/j.carbon.2023.118381,3,Yoshito,Gotoh,Yoshito Gotoh,https://orcid.org/0000-0001-5033-8833,,False,False
10.1016/j.carbon.2023.118381,4,Shigeyuki,Ishida,Shigeyuki Ishida,https://orcid.org/0000-0001-9445-8079,,False,False
10.1016/j.carbon.2023.118381,5,Hiroshi,Eisaki,Hiroshi Eisaki,,,False,False
10.1016/j.carbon.2023.118381,6,Hiraku,Ogino,Hiraku Ogino,,,False,False
10.1016/j.carbon.2023.118381,7,Kenji,Kawashima,Kenji Kawashima,,,False,False
10.1016/j.carbon.2024.119120,1,Norihiro,Fukaya,Norihiro Fukaya,https://orcid.org/0000-0002-8015-5218,,False,True
10.1016/j.carbon.2024.119120,2,K. Kanishka H.,De Silva,K. Kanishka H. De Silva,,,False,False
10.1016/j.carbon.2024.119120,3,Masamichi,Yoshimura,Masamichi Yoshimura,https://orcid.org/0000-0001-9391-6197,,False,False
10.1016/j.carbon.2024.119120,4,Hirotoshi,Hirai,Hirotoshi Hirai,,,False,False
10.1016/j.carbon.2024.119120,5,Hiroaki,Yoshida,Hiroaki Yoshida,,,False,False
10.1016/j.carbon.2024.119120,6,Hiroya,Tanaka,Hiroya Tanaka,,,False,False
10.1016/j.carbon.2024.119664,1,Hideaki,Oka,Hideaki Oka,https://orcid.org/0000-0003-0166-3343,,False,True
10.1016/j.carbon.2024.119664,2,Norihiko,Setoyama,Norihiko Setoyama,,,False,False
10.1016/j.carbon.2024.119664,3,Shinsuke,Matsuhara,Shinsuke Matsuhara,,,False,False
10.1016/j.cattod.2018.07.046,1,Fei,Dong,Fei Dong,,,False,True
10.1016/j.cattod.2018.07.046,2,Toshitaka,Tanabe,Toshitaka Tanabe,,,False,False
10.1016/j.cattod.2018.07.046,3,Naoki,Takahashi,Naoki Takahashi,,,False,False
10.1016/j.cattod.2018.07.046,4,Hirofumi,Shinjoh,Hirofumi Shinjoh,,,False,False
10.1016/j.cattod.2020.08.019,1,Fei,Dong,Fei Dong,,,False,True
10.1016/j.cattod.2020.08.019,2,Kiyoshi,Yamazaki,Kiyoshi Yamazaki,,,False,False
10.1016/j.cattod.2025.115254,1,Kiheon,Hong,Kiheon Hong,,,False,True
10.1016/j.cattod.2025.115254,2,Welman C.,Elias,Welman C. Elias,,,False,False
10.1016/j.cattod.2025.115254,3,Kimberly N.,Heck,Kimberly N. Heck,,,False,False
10.1016/j.cattod.2025.115254,4,Tanguy,Terlier,Tanguy Terlier,,,False,False
10.1016/j.cattod.2025.115254,5,Dimpel,Dimpel,Dimpel Dimpel,,,False,False
10.1016/j.cattod.2025.115254,6,Wei,Qian,Wei Qian,,,False,False
10.1016/j.cattod.2025.115254,7,Bing,Liu,Bing Liu,,,False,False
10.1016/j.cattod.2025.115254,8,Takao,Kurihara,Takao Kurihara,,,False,False
10.1016/j.cattod.2025.115254,9,Michael S.,Wong,Michael S. Wong,,,False,False
10.1016/j.cej.2025.170753,1,Masashi,Harada,Masashi Harada,,,False,True
10.1016/j.cej.2025.170753,2,Naoki,Hasegawa,Naoki Hasegawa,,,False,False
10.1016/j.cej.2025.170753,3,Akihiko,Kato,Akihiko Kato,,,False,False
10.1016/j.cej.2025.170753,4,Yuki,Higuchi,Yuki Higuchi,,,False,False
10.1016/j.cej.2025.170753,5,Satoru,Kato,Satoru Kato,,,False,False
10.1016/j.cej.2025.170753,6,Fangzhou,Song,Fangzhou Song,,,False,False
10.1016/j.cej.2025.170753,7,Hiroki,Iwase,Hiroki Iwase,,,False,False
10.1016/j.cej.2025.170753,8,Shin-ichi,Takata,Shin-ichi Takata,,,False,False
10.1016/j.ceramint.2018.08.177,1,Daisuke,Nakamura,Daisuke Nakamura,,,False,True
10.1016/j.ceramint.2018.08.177,2,Keisuke,Shigetoh,Keisuke Shigetoh,,,False,False
10.1016/j.ceramint.2018.08.177,3,Taishi,Kimura,Taishi Kimura,,,False,False
10.1016/j.cma.2019.112763,1,Masato,Tanaka,Masato Tanaka,https://orcid.org/0000-0003-0787-0335,,False,True
10.1016/j.cma.2019.112763,2,Takashi,Sasagawa,Takashi Sasagawa,,,False,False
10.1016/j.cma.2019.112763,3,Ryuji,Omote,Ryuji Omote,https://orcid.org/0000-0002-8324-2798,,False,False
10.1016/j.cma.2019.112763,4,Fumio,Fujii,Fumio Fujii,,,False,False
10.1016/j.cma.2023.116187,1,Changyoung,Yuhn,Changyoung Yuhn,https://orcid.org/0000-0002-1758-0043,,False,True
10.1016/j.cma.2023.116187,2,Yuki,Sato,Yuki Sato,https://orcid.org/0000-0003-2069-0355,,False,False
10.1016/j.cma.2023.116187,3,Hiroki,Kobayashi,Hiroki Kobayashi,https://orcid.org/0000-0003-3597-1328,,False,False
10.1016/j.cma.2023.116187,4,Atsushi,Kawamoto,Atsushi Kawamoto,https://orcid.org/0000-0002-9335-1269,,False,False
10.1016/j.cma.2023.116187,5,Tsuyoshi,Nomura,Tsuyoshi Nomura,https://orcid.org/0000-0002-7055-6675,,False,False
10.1016/j.compositesa.2019.105514,1,Toshiki,Sasayama,Toshiki Sasayama,,,False,True
10.1016/j.compositesa.2019.105514,2,Masahide,Inagaki,Masahide Inagaki,,,False,False
10.1016/j.compositesa.2019.105514,3,Norikazu,Sato,Norikazu Sato,,,False,False
10.1016/j.compositesa.2020.106115,1,Toshiki,Sasayama,Toshiki Sasayama,,,False,True
10.1016/j.compositesa.2020.106115,2,Norikazu,Sato,Norikazu Sato,,,False,False
10.1016/j.compositesa.2020.106115,3,Yoshihide,Katagiri,Yoshihide Katagiri,,,False,False
10.1016/j.compositesa.2020.106115,4,Yuko,Murayama,Yuko Murayama,,,False,False
10.1016/j.compositesa.2021.106338,1,Takayuki,Hirai,Takayuki Hirai,,,False,True
10.1016/j.compositesa.2021.106338,2,Kumi,Amano,Kumi Amano,,,False,False
10.1016/j.compositesa.2021.106338,3,Yusaku,Onochi,Yusaku Onochi,,,False,False
10.1016/j.compositesa.2021.106338,4,Yoshinori,Inoue,Yoshinori Inoue,,,False,False
10.1016/j.compositesb.2019.107187,1,Tsuyoshi,Nomura,Tsuyoshi Nomura,,,False,True
10.1016/j.compositesb.2019.107187,2,Atsushi,Kawamoto,Atsushi Kawamoto,,,False,False
10.1016/j.compositesb.2019.107187,3,Tsuguo,Kondoh,Tsuguo Kondoh,,,False,False
10.1016/j.compositesb.2019.107187,4,Ercan M.,Dede,Ercan M. Dede,,,False,False
10.1016/j.compositesb.2019.107187,5,Jaewook,Lee,Jaewook Lee,,,False,False
10.1016/j.compositesb.2019.107187,6,Yuyang,Song,Yuyang Song,,,False,False
10.1016/j.compositesb.2019.107187,7,Noboru,Kikuchi,Noboru Kikuchi,,,False,False
10.1016/j.compstruct.2018.06.014,1,Takashi,Sasagawa,Takashi Sasagawa,,,False,True
10.1016/j.compstruct.2018.06.014,2,Masato,Tanaka,Masato Tanaka,,,False,False
10.1016/j.compstruct.2018.06.014,3,Ryuji,Omote,Ryuji Omote,,,False,False
10.1016/j.compstruct.2018.06.014,4,Daniel,Balzani,Daniel Balzani,,,False,False
10.1016/j.conengprac.2019.104114,1,Ryuta,Moriyasu,Ryuta Moriyasu,,,False,True
10.1016/j.conengprac.2019.104114,2,Sayaka,Nojiri,Sayaka Nojiri,,,False,False
10.1016/j.conengprac.2019.104114,3,Akio,Matsunaga,Akio Matsunaga,,,False,False
10.1016/j.conengprac.2019.104114,4,Toshihiro,Nakamura,Toshihiro Nakamura,,,False,False
10.1016/j.conengprac.2019.104114,5,Tomohiko,Jimbo,Tomohiko Jimbo,,,False,False
10.1016/j.cplett.2007.04.089,1,Y.J.,Zeng,Y.J. Zeng,,,False,True
10.1016/j.cplett.2007.04.089,2,Z.Z.,Ye,Z.Z. Ye,,,False,False
10.1016/j.cplett.2007.04.089,3,Y.F.,Lu,Y.F. Lu,,,False,False
10.1016/j.cplett.2007.04.089,4,J.G.,Lu,J.G. Lu,,,False,False
10.1016/j.cplett.2007.04.089,5,W.Z.,Xu,W.Z. Xu,,,False,False
10.1016/j.cplett.2007.04.089,6,L.P.,Zhu,L.P. Zhu,,,False,False
10.1016/j.cplett.2007.04.089,7,B.H.,Zhao,B.H. Zhao,,,False,False
10.1016/j.cplett.2007.04.089,8,Y.,Che,Y. Che,,,False,False
10.1016/j.cplett.2008.10.039,1,Md. Abu,Sayed,Md. Abu Sayed,,,False,True
10.1016/j.cplett.2008.10.039,2,Hidetaka,Uno,Hidetaka Uno,,,False,False
10.1016/j.cplett.2008.10.039,3,Kensuke,Harada,Kensuke Harada,,,False,False
10.1016/j.cplett.2008.10.039,4,Keiichi,Tanaka,Keiichi Tanaka,,,False,False
10.1016/j.cplett.2008.10.039,5,Yong-Hoon,Kim,Yong-Hoon Kim,,,False,False
10.1016/j.cplett.2008.10.039,6,Yuichiro,Nakaoki,Yuichiro Nakaoki,,,False,False
10.1016/j.cplett.2008.10.039,7,Koji,Okumura,Koji Okumura,,,False,False
10.1016/j.cplett.2008.10.039,8,Ryugo,Tero,Ryugo Tero,,,False,False
10.1016/j.cplett.2008.10.039,9,Tsuneo,Urisu,Tsuneo Urisu,,,False,False
10.1016/j.elecom.2019.106644,1,Satoru,Kato,Satoru Kato,,,False,True
10.1016/j.elecom.2019.106644,2,Satoshi,Yamaguchi,Satoshi Yamaguchi,,,False,False
10.1016/j.elecom.2019.106644,3,Wataru,Yoshimune,Wataru Yoshimune,https://orcid.org/0000-0002-4830-9205,,False,False
10.1016/j.elecom.2019.106644,4,Yoriko,Matsuoka,Yoriko Matsuoka,,,False,False
10.1016/j.elecom.2019.106644,5,Akihiko,Kato,Akihiko Kato,,,False,False
10.1016/j.elecom.2019.106644,6,Yasutaka,Nagai,Yasutaka Nagai,https://orcid.org/0000-0001-7750-6809,,False,False
10.1016/j.elecom.2019.106644,7,Takahisa,Suzuki,Takahisa Suzuki,,,False,False
10.1016/j.elecom.2021.107059,1,Satoshi,Yamaguchi,Satoshi Yamaguchi,,,False,True
10.1016/j.elecom.2021.107059,2,Satoru,Kato,Satoru Kato,,,False,False
10.1016/j.elecom.2021.107059,3,Akihiko,Kato,Akihiko Kato,,,False,False
10.1016/j.elecom.2021.107059,4,Yoriko,Matsuoka,Yoriko Matsuoka,,,False,False
10.1016/j.elecom.2021.107059,5,Yasutaka,Nagai,Yasutaka Nagai,,,False,False
10.1016/j.elecom.2021.107059,6,Takahisa,Suzuki,Takahisa Suzuki,,,False,False
10.1016/j.elecom.2021.107099,1,Wataru,Yoshimune,Wataru Yoshimune,,,False,True
10.1016/j.elecom.2021.107099,2,Masashi,Harada,Masashi Harada,,,False,False
10.1016/j.eml.2020.100867,1,Takashi,Ozaki,Takashi Ozaki,https://orcid.org/0000-0001-5821-3330,,False,True
10.1016/j.eml.2020.100867,2,Kanae,Hamaguchi,Kanae Hamaguchi,,,False,False
10.1016/j.energy.2025.136413,1,Ryosuke,Kataoka,Ryosuke Kataoka,https://orcid.org/0000-0002-6651-6232,,False,True
10.1016/j.energy.2025.136413,2,Kazuhiko,Ogimoto,Kazuhiko Ogimoto,,,False,False
10.1016/j.energy.2025.136413,3,Yumiko,Iwafune,Yumiko Iwafune,,,False,False
10.1016/j.energy.2025.136413,4,Tomoki,Nishi,Tomoki Nishi,https://orcid.org/0000-0001-8418-4633,,False,False
10.1016/j.ensm.2021.11.013,1,Kazuhiko,Mukai,Kazuhiko Mukai,,,False,True
10.1016/j.ensm.2021.11.013,2,Takamasa,Nonaka,Takamasa Nonaka,,,False,False
10.1016/j.ensm.2021.11.013,3,Takeshi,Uyama,Takeshi Uyama,,,False,False
10.1016/j.eswa.2024.126294,1,Keisuke,Otaki,Keisuke Otaki,https://orcid.org/0000-0001-9431-0867,,False,True
10.1016/j.eswa.2024.126294,2,Yukino,Baba,Yukino Baba,https://orcid.org/0000-0001-5310-9841,,False,False
10.1016/j.exer.2022.109215,1,Van Phuc,Nguyen,Van Phuc Nguyen,https://orcid.org/0000-0001-7466-1483,,False,True
10.1016/j.exer.2022.109215,2,Jessica,Henry,Jessica Henry,,,False,False
10.1016/j.exer.2022.109215,3,Josh,Zhe,Josh Zhe,,,False,False
10.1016/j.exer.2022.109215,4,Quynh,Kieu,Quynh Kieu,,,False,False
10.1016/j.exer.2022.109215,5,Wei,Qian,Wei Qian,,,False,False
10.1016/j.exer.2022.109215,6,Yingbin,Fu,Yingbin Fu,,,False,False
10.1016/j.exer.2022.109215,7,Xueding,Wang,Xueding Wang,,,False,False
10.1016/j.exer.2022.109215,8,Yannis M.,Paulus,Yannis M. Paulus,https://orcid.org/0000-0002-0615-628X,,False,False
10.1016/j.ijheatmasstransfer.2020.120081,1,Shunsuke,Hashimoto,Shunsuke Hashimoto,,,False,True
10.1016/j.ijheatmasstransfer.2020.120081,2,Masashi,Harada,Masashi Harada,,,False,False
10.1016/j.ijheatmasstransfer.2020.120081,3,Yuki,Higuchi,Yuki Higuchi,,,False,False
10.1016/j.ijheatmasstransfer.2020.120081,4,Takuro,Matsunaga,Takuro Matsunaga,,,False,False
10.1016/j.ijhydene.2019.10.105,1,Makoto,Koike,Makoto Koike,https://orcid.org/0000-0003-2386-5560,,False,True
10.1016/j.ijhydene.2019.10.105,2,Tetsunori,Suzuoki,Tetsunori Suzuoki,,,False,False
10.1016/j.ijhydene.2024.10.062,1,Hiroshi,Miyagawa,Hiroshi Miyagawa,,,False,True
10.1016/j.ijhydene.2024.10.062,2,Tetsunori,Suzuoki,Tetsunori Suzuoki,,,False,False
10.1016/j.ijhydene.2024.10.062,3,Norinosuke,Nakatani,Norinosuke Nakatani,,,False,False
10.1016/j.ijhydene.2024.10.062,4,Takayuki,Homma,Takayuki Homma,,,False,False
10.1016/j.ijhydene.2024.10.062,5,Yoshitaka,Takeuchi,Yoshitaka Takeuchi,,,False,False
10.1016/j.ijhydene.2024.11.053,1,Kiyoshi,Yamazaki,Kiyoshi Yamazaki,https://orcid.org/0000-0001-7746-8355,,False,True
10.1016/j.ijhydene.2024.11.053,2,Yoshihiro,Goto,Yoshihiro Goto,,,False,False
10.1016/j.ijhydene.2024.11.053,3,Masashi,Kikugawa,Masashi Kikugawa,https://orcid.org/0000-0002-9220-1883,,False,False
10.1016/j.ijhydene.2024.11.053,4,Akinori,Sato,Akinori Sato,,,False,False
10.1016/j.ijhydene.2024.11.053,5,Yuichi,Manaka,Yuichi Manaka,https://orcid.org/0000-0001-5872-3365,,False,False
10.1016/j.ijhydene.2024.11.053,6,Tetsuya,Nanba,Tetsuya Nanba,,,False,False
10.1016/j.ijhydene.2024.11.053,7,Hideyuki,Matsumoto,Hideyuki Matsumoto,https://orcid.org/0000-0003-2403-9324,,False,False
10.1016/j.ijhydene.2024.11.053,8,Shinichi,Ookawara,Shinichi Ookawara,https://orcid.org/0000-0002-7912-3403,,False,False
10.1016/j.ijhydene.2024.11.178,1,Yoshihiro,Goto,Yoshihiro Goto,,,False,True
10.1016/j.ijhydene.2024.11.178,2,Masashi,Kikugawa,Masashi Kikugawa,https://orcid.org/0000-0002-9220-1883,,False,False
10.1016/j.ijhydene.2024.11.178,3,Kiyoshi,Yamazaki,Kiyoshi Yamazaki,https://orcid.org/0000-0001-7746-8355,,False,False
10.1016/j.ijhydene.2024.11.178,4,Hideyuki,Matsumoto,Hideyuki Matsumoto,https://orcid.org/0000-0003-2403-9324,,False,False
10.1016/j.ijhydene.2024.11.178,5,Anthony Basuni,Hamzah,Anthony Basuni Hamzah,https://orcid.org/0000-0002-5558-2664,,False,False
10.1016/j.ijhydene.2024.11.178,6,Shinichi,Ookawara,Shinichi Ookawara,https://orcid.org/0000-0002-7912-3403,,False,False
10.1016/j.ijhydene.2024.11.178,7,Yuichi,Manaka,Yuichi Manaka,https://orcid.org/0000-0001-5872-3365,,False,False
10.1016/j.ijhydene.2024.11.178,8,Tetsuya,Nanba,Tetsuya Nanba,,,False,False
10.1016/j.ijhydene.2024.11.178,9,Akinori,Sato,Akinori Sato,https://orcid.org/0000-0002-9359-1289,,False,False
10.1016/j.ijhydene.2024.11.178,10,Masakazu,Aoki,Masakazu Aoki,,,False,False
10.1016/j.intermet.2022.107643,1,Terunari,Koshinuma,Terunari Koshinuma,,,False,True
10.1016/j.intermet.2022.107643,2,Hiroki,Ninomiya,Hiroki Ninomiya,https://orcid.org/0000-0001-7236-1241,,False,False
10.1016/j.intermet.2022.107643,3,Izumi,Hase,Izumi Hase,,,False,False
10.1016/j.intermet.2022.107643,4,Hiroshi,Fujihisa,Hiroshi Fujihisa,,,False,False
10.1016/j.intermet.2022.107643,5,Yoshito,Gotoh,Yoshito Gotoh,,,False,False
10.1016/j.intermet.2022.107643,6,Kenji,Kawashima,Kenji Kawashima,,,False,False
10.1016/j.intermet.2022.107643,7,Shigeyuki,Ishida,Shigeyuki Ishida,,,False,False
10.1016/j.intermet.2022.107643,8,Yoshiyuki,Yoshida,Yoshiyuki Yoshida,,,False,False
10.1016/j.intermet.2022.107643,9,Hiroshi,Eisaki,Hiroshi Eisaki,,,False,False
10.1016/j.intermet.2022.107643,10,Taichiro,Nishio,Taichiro Nishio,,,False,False
10.1016/j.intermet.2022.107643,11,Akira,Iyo,Akira Iyo,,,False,False
10.1016/j.intermet.2025.108748,1,Terunari,Koshinuma,Terunari Koshinuma,https://orcid.org/0009-0006-3052-3488,,False,True
10.1016/j.intermet.2025.108748,2,Hiroshi,Fujihisa,Hiroshi Fujihisa,,,False,False
10.1016/j.intermet.2025.108748,3,Yoshito,Gotoh,Yoshito Gotoh,https://orcid.org/0000-0001-5033-8833,,False,False
10.1016/j.intermet.2025.108748,4,Izumi,Hase,Izumi Hase,,,False,False
10.1016/j.intermet.2025.108748,5,Kenji,Kawashima,Kenji Kawashima,,,False,False
10.1016/j.intermet.2025.108748,6,Shigeyuki,Ishida,Shigeyuki Ishida,https://orcid.org/0000-0001-9445-8079,,False,False
10.1016/j.intermet.2025.108748,7,Hiroshi,Eisaki,Hiroshi Eisaki,,,False,False
10.1016/j.intermet.2025.108748,8,Hiraku,Ogino,Hiraku Ogino,https://orcid.org/0000-0002-0097-8389,,False,False
10.1016/j.intermet.2025.108748,9,Taichiro,Nishio,Taichiro Nishio,,,False,False
10.1016/j.intermet.2025.108748,10,Akira,Iyo,Akira Iyo,,,False,False
10.1016/j.jallcom.2019.02.249,1,Toshikazu,Satoh,Toshikazu Satoh,,,False,True
10.1016/j.jallcom.2019.02.249,2,Yasuhiro,Kume,Yasuhiro Kume,,,False,False
10.1016/j.jallcom.2019.02.249,3,Masanori,Usui,Masanori Usui,,,False,False
10.1016/j.jallcom.2021.160733,1,Akira,Iyo,Akira Iyo,https://orcid.org/0000-0002-9610-647X,,False,True
10.1016/j.jallcom.2021.160733,2,Izumi,Hase,Izumi Hase,,,False,False
10.1016/j.jallcom.2021.160733,3,Hiroshi,Fujihisa,Hiroshi Fujihisa,,,False,False
10.1016/j.jallcom.2021.160733,4,Yoshito,Gotoh,Yoshito Gotoh,,,False,False
10.1016/j.jallcom.2021.160733,5,Nao,Takeshita,Nao Takeshita,https://orcid.org/0000-0001-5081-2777,,False,False
10.1016/j.jallcom.2021.160733,6,Shigeyuki,Ishida,Shigeyuki Ishida,,,False,False
10.1016/j.jallcom.2021.160733,7,Hiroki,Ninomiya,Hiroki Ninomiya,https://orcid.org/0000-0001-7236-1241,,False,False
10.1016/j.jallcom.2021.160733,8,Yoshiyuki,Yoshida,Yoshiyuki Yoshida,,,False,False
10.1016/j.jallcom.2021.160733,9,Hiroshi,Eisaki,Hiroshi Eisaki,,,False,False
10.1016/j.jallcom.2021.160733,10,Hishiro T.,Hirose,Hishiro T. Hirose,,,False,False
10.1016/j.jallcom.2021.160733,11,Taichi,Terashima,Taichi Terashima,,,False,False
10.1016/j.jallcom.2021.160733,12,Kenji,Kawashima,Kenji Kawashima,,,False,False
10.1016/j.jbiosc.2019.06.006,1,Takashi,Matsuyama,Takashi Matsuyama,,,False,True
10.1016/j.jbiotec.2005.11.004,1,Yasuo,Mitani,Yasuo Mitani,,,False,True
10.1016/j.jbiotec.2005.11.004,2,Katsuhisa,Suzuki,Katsuhisa Suzuki,,,False,False
10.1016/j.jbiotec.2005.11.004,3,Kazuhiro,Kondo,Kazuhiro Kondo,,,False,False
10.1016/j.jbiotec.2005.11.004,4,Koji,Okumura,Koji Okumura,,,False,False
10.1016/j.jbiotec.2005.11.004,5,Tomohiro,Tamura,Tomohiro Tamura,,,False,False
10.1016/j.jcis.2023.01.101,1,Shunsuke,Hashimoto,Shunsuke Hashimoto,https://orcid.org/0000-0001-5085-2613,,False,True
10.1016/j.jcis.2023.01.101,2,Satoshi,Yamaguchi,Satoshi Yamaguchi,https://orcid.org/0000-0003-3531-124X,,False,False
10.1016/j.jcis.2023.01.101,3,Masashi,Harada,Masashi Harada,https://orcid.org/0000-0002-0263-6702,,False,False
10.1016/j.jcis.2023.01.101,4,Kenji,Nakajima,Kenji Nakajima,,,False,False
10.1016/j.jcis.2023.01.101,5,Tatsuya,Kikuchi,Tatsuya Kikuchi,https://orcid.org/0000-0002-1382-7184,,False,False
10.1016/j.jcis.2023.01.101,6,Kazuki,Ohishi,Kazuki Ohishi,https://orcid.org/0000-0003-1494-6502,,False,False
10.1016/j.jcis.2025.139769,1,Soichiro,Makino,Soichiro Makino,https://orcid.org/0000-0001-9934-8303,,False,True
10.1016/j.jcis.2025.139769,2,Masahiko,Ishii,Masahiko Ishii,,,False,False
10.1016/j.jcis.2025.139769,3,Shigehiro,Kawauchi,Shigehiro Kawauchi,https://orcid.org/0000-0002-5798-5627,,False,False
10.1016/j.jcis.2025.139769,4,Megumi,Sasaki,Megumi Sasaki,,,False,False
10.1016/j.jcis.2025.139769,5,Yusuke,Akimoto,Yusuke Akimoto,,,False,False
10.1016/j.jcis.2025.139769,6,Hiroshi,Nakamura,Hiroshi Nakamura,,,False,False
10.1016/j.jcou.2023.102482,1,Seiichi,Kunitomi,Seiichi Kunitomi,https://orcid.org/0000-0001-8303-0552,,False,True
10.1016/j.jcou.2023.102482,2,Kazuto,Ogasawara,Kazuto Ogasawara,,,False,False
10.1016/j.jcou.2023.102482,3,Hiroyuki,Narita,Hiroyuki Narita,,,False,False
10.1016/j.jcou.2023.102482,4,Seiji,Yamamoto,Seiji Yamamoto,https://orcid.org/0000-0002-6340-3435,,False,False
10.1016/j.jelechem.2020.114250,1,Tomohiro,Takeshita,Tomohiro Takeshita,,,False,True
10.1016/j.jelechem.2020.114250,2,Yuji,Kamitaka,Yuji Kamitaka,,,False,False
10.1016/j.jelechem.2020.114250,3,Kazuma,Shinozaki,Kazuma Shinozaki,,,False,False
10.1016/j.jelechem.2020.114250,4,Kensaku,Kodama,Kensaku Kodama,,,False,False
10.1016/j.jelechem.2020.114250,5,Yu,Morimoto,Yu Morimoto,,,False,False
10.1016/j.jelechem.2021.115115,1,Masanori,Inaba,Masanori Inaba,,,False,True
10.1016/j.jelechem.2021.115115,2,Yuji,Kamitaka,Yuji Kamitaka,,,False,False
10.1016/j.jelechem.2021.115115,3,Kensaku,Kodama,Kensaku Kodama,,,False,False
10.1016/j.jmatprotec.2018.08.021,1,Eiichi,Ota,Eiichi Ota,,,False,True
10.1016/j.jmatprotec.2018.08.021,2,Yasuhiro,Yogo,Yasuhiro Yogo,,,False,False
10.1016/j.jmatprotec.2018.08.021,3,Noritoshi,Iwata,Noritoshi Iwata,,,False,False
10.1016/j.jmatprotec.2018.08.021,4,Hidekazu,Nishigaki,Hidekazu Nishigaki,,,False,False
10.1016/j.jneumeth.2021.109215,1,Masami,Iwamoto,Masami Iwamoto,,,False,True
10.1016/j.jneumeth.2021.109215,2,Toru,Hamasaki,Toru Hamasaki,https://orcid.org/0000-0002-0652-5508,,False,False
10.1016/j.jneumeth.2021.109215,3,Yoshitaka,Asano,Yoshitaka Asano,,,False,False
10.1016/j.jneumeth.2021.109215,4,Jun,Shinoda,Jun Shinoda,,,False,False
10.1016/j.joule.2021.01.002,1,Naohiko,Kato,Naohiko Kato,,,False,True
10.1016/j.joule.2021.01.002,2,Shintaro,Mizuno,Shintaro Mizuno,,,False,False
10.1016/j.joule.2021.01.002,3,Masahito,Shiozawa,Masahito Shiozawa,,,False,False
10.1016/j.joule.2021.01.002,4,Natsumi,Nojiri,Natsumi Nojiri,,,False,False
10.1016/j.joule.2021.01.002,5,Yasuaki,Kawai,Yasuaki Kawai,,,False,False
10.1016/j.joule.2021.01.002,6,Kazuhiro,Fukumoto,Kazuhiro Fukumoto,,,False,False
10.1016/j.joule.2021.01.002,7,Takeshi,Morikawa,Takeshi Morikawa,,,False,False
10.1016/j.joule.2021.01.002,8,Yasuhiko,Takeda,Yasuhiko Takeda,,,False,False
10.1016/j.joule.2021.02.015,1,Ryuichi,Iwata,Ryuichi Iwata,,,False,True
10.1016/j.joule.2021.02.015,2,Lenan,Zhang,Lenan Zhang,,,False,False
10.1016/j.joule.2021.02.015,3,Kyle L.,Wilke,Kyle L. Wilke,,,False,False
10.1016/j.joule.2021.02.015,4,Shuai,Gong,Shuai Gong,,,False,False
10.1016/j.joule.2021.02.015,5,Mingfu,He,Mingfu He,,,False,False
10.1016/j.joule.2021.02.015,6,Betar M.,Gallant,Betar M. Gallant,,,False,False
10.1016/j.joule.2021.02.015,7,Evelyn N.,Wang,Evelyn N. Wang,,,False,False
10.1016/j.joule.2024.02.010,1,Nobuhiro,Ogihara,Nobuhiro Ogihara,https://orcid.org/0000-0002-6305-6859,,False,True
10.1016/j.joule.2024.02.010,2,Katsuhiko,Nagaya,Katsuhiko Nagaya,,,False,False
10.1016/j.joule.2024.02.010,3,Hiroyuki,Yamaguchi,Hiroyuki Yamaguchi,,,False,False
10.1016/j.joule.2024.02.010,4,Yasuhito,Kondo,Yasuhito Kondo,,,False,False
10.1016/j.joule.2024.02.010,5,Yuka,Yamada,Yuka Yamada,,,False,False
10.1016/j.joule.2024.02.010,6,Takahiro,Horiba,Takahiro Horiba,,,False,False
10.1016/j.joule.2024.02.010,7,Takeshi,Baba,Takeshi Baba,,,False,False
10.1016/j.joule.2024.02.010,8,Nobuko,Ohba,Nobuko Ohba,,,False,False
10.1016/j.joule.2024.02.010,9,Shogo,Komagata,Shogo Komagata,,,False,False
10.1016/j.joule.2024.02.010,10,Yoshifumi,Aoki,Yoshifumi Aoki,,,False,False
10.1016/j.joule.2024.02.010,11,Hiroki,Kondo,Hiroki Kondo,,,False,False
10.1016/j.joule.2024.02.010,12,Tsuyoshi,Sasaki,Tsuyoshi Sasaki,,,False,False
10.1016/j.joule.2024.02.010,13,Shinobu,Okayama,Shinobu Okayama,,,False,False
10.1016/j.jphotochemrev.2025.100735,1,Takeshi,Morikawa,Takeshi Morikawa,https://orcid.org/0000-0002-4985-0925,,False,True
10.1016/j.jphotochemrev.2025.100735,2,Tomiko M.,Suzuki,Tomiko M. Suzuki,,,False,False
10.1016/j.jphotochemrev.2025.100735,3,Yuichi,Yamaguchi,Yuichi Yamaguchi,,,False,False
10.1016/j.jphotochemrev.2025.100735,4,Akihiko,Kudo,Akihiko Kudo,,,False,False
10.1016/j.jpowsour.2019.02.058,1,Naomi,Kumano,Naomi Kumano,https://orcid.org/0000-0002-0871-0221,,False,True
10.1016/j.jpowsour.2019.02.058,2,Kenji,Kudo,Kenji Kudo,,,False,False
10.1016/j.jpowsour.2019.02.058,3,Akihiko,Suda,Akihiko Suda,,,False,False
10.1016/j.jpowsour.2019.02.058,4,Yusuke,Akimoto,Yusuke Akimoto,,,False,False
10.1016/j.jpowsour.2019.02.058,5,Masahiko,Ishii,Masahiko Ishii,,,False,False
10.1016/j.jpowsour.2019.02.058,6,Hiroshi,Nakamura,Hiroshi Nakamura,,,False,False
10.1016/j.jpowsour.2019.02.064,1,Takamasa,Nonaka,Takamasa Nonaka,https://orcid.org/0000-0001-6967-9574,,False,True
10.1016/j.jpowsour.2019.02.064,2,Hiroyuki,Kawaura,Hiroyuki Kawaura,,,False,False
10.1016/j.jpowsour.2019.02.064,3,Yoshinari,Makimura,Yoshinari Makimura,,,False,False
10.1016/j.jpowsour.2019.02.064,4,Yusaku F.,Nishimura,Yusaku F. Nishimura,,,False,False
10.1016/j.jpowsour.2019.02.064,5,Kazuhiko,Dohmae,Kazuhiko Dohmae,,,False,False
10.1016/j.jpowsour.2019.226721,1,Yusaku F.,Nishimura,Yusaku F. Nishimura,https://orcid.org/0000-0002-2672-8732,,False,True
10.1016/j.jpowsour.2019.226721,2,Hideaki,Oka,Hideaki Oka,,,False,False
10.1016/j.jpowsour.2019.226721,3,Takamasa,Nonaka,Takamasa Nonaka,https://orcid.org/0000-0001-6967-9574,,False,False
10.1016/j.jpowsour.2019.226721,4,Yoshinari,Makimura,Yoshinari Makimura,,,False,False
10.1016/j.jpowsour.2019.226721,5,Kazuhiko,Dohmae,Kazuhiko Dohmae,,,False,False
10.1016/j.jpowsour.2019.226809,1,Yasutaka,Nagai,Yasutaka Nagai,https://orcid.org/0000-0002-4830-9205,,False,True
10.1016/j.jpowsour.2019.226809,2,Jens,Eller,Jens Eller,,,False,False
10.1016/j.jpowsour.2019.226809,3,Tatsuya,Hatanaka,Tatsuya Hatanaka,,,False,False
10.1016/j.jpowsour.2019.226809,4,Satoshi,Yamaguchi,Satoshi Yamaguchi,,,False,False
10.1016/j.jpowsour.2019.226809,5,Satoru,Kato,Satoru Kato,,,False,False
10.1016/j.jpowsour.2019.226809,6,Akihiko,Kato,Akihiko Kato,,,False,False
10.1016/j.jpowsour.2019.226809,7,Federica,Marone,Federica Marone,,,False,False
10.1016/j.jpowsour.2019.226809,8,Hong,Xu,Hong Xu,,,False,False
10.1016/j.jpowsour.2019.226809,9,Felix N.,Büchi,Felix N. Büchi,,,False,False
10.1016/j.jpowsour.2019.227351,1,Yusaku F.,Nishimura,Yusaku F. Nishimura,https://orcid.org/0000-0002-2672-8732,,False,True
10.1016/j.jpowsour.2019.227351,2,Yasuhito,Kondo,Yasuhito Kondo,,,False,False
10.1016/j.jpowsour.2019.227351,3,Hideaki,Oka,Hideaki Oka,,,False,False
10.1016/j.jpowsour.2019.227464,1,Hiroki,Kondo,Hiroki Kondo,https://orcid.org/0000-0002-2708-9039,,False,True
10.1016/j.jpowsour.2019.227464,2,Naoki,Baba,Naoki Baba,,,False,False
10.1016/j.jpowsour.2019.227464,3,Yoshinari,Makimura,Yoshinari Makimura,,,False,False
10.1016/j.jpowsour.2019.227464,4,Yuichi,Itou,Yuichi Itou,,,False,False
10.1016/j.jpowsour.2019.227464,5,Tetsuro,Kobayashi,Tetsuro Kobayashi,,,False,False
10.1016/j.jpowsour.2020.228584,1,Shuhei,Yoshino,Shuhei Yoshino,,,False,True
10.1016/j.jpowsour.2020.228584,2,Akihiro,Shinohara,Akihiro Shinohara,,,False,False
10.1016/j.jpowsour.2020.228584,3,Kensaku,Kodama,Kensaku Kodama,https://orcid.org/0000-0003-1120-6306,,False,False
10.1016/j.jpowsour.2020.228584,4,Yu,Morimoto,Yu Morimoto,,,False,False
10.1016/j.jpowsour.2020.228926,1,Hideaki,Oka,Hideaki Oka,,,False,True
10.1016/j.jpowsour.2020.228926,2,Yoshinari,Makimura,Yoshinari Makimura,https://orcid.org/0000-0001-8170-9326,,False,False
10.1016/j.jpowsour.2020.228926,3,Takeshi,Uyama,Takeshi Uyama,,,False,False
10.1016/j.jpowsour.2020.228926,4,Takamasa,Nonaka,Takamasa Nonaka,,,False,False
10.1016/j.jpowsour.2020.228926,5,Yasuhito,Kondo,Yasuhito Kondo,,,False,False
10.1016/j.jpowsour.2020.228926,6,Chikaaki,Okuda,Chikaaki Okuda,,,False,False
10.1016/j.jpowsour.2021.229788,1,Yuji,Mahara,Yuji Mahara,https://orcid.org/0000-0002-1480-7994,,False,True
10.1016/j.jpowsour.2021.229788,2,Yoshinari,Makimura,Yoshinari Makimura,https://orcid.org/0000-0001-8170-9326,,False,False
10.1016/j.jpowsour.2021.229788,3,Hideaki,Oka,Hideaki Oka,,,False,False
10.1016/j.jpowsour.2021.229788,4,Hiroyuki,Nakano,Hiroyuki Nakano,,,False,False
10.1016/j.jpowsour.2021.229788,5,Shin,Tajima,Shin Tajima,,,False,False
10.1016/j.jpowsour.2021.229788,6,Takamasa,Nonaka,Takamasa Nonaka,,,False,False
10.1016/j.jpowsour.2021.229788,7,Tsuyoshi,Sasaki,Tsuyoshi Sasaki,,,False,False
10.1016/j.jpowsour.2021.229800,1,Yuhei,Yamaguchi,Yuhei Yamaguchi,https://orcid.org/0000-0001-5649-7130,,False,True
10.1016/j.jpowsour.2021.229800,2,Yasumoto,Sato,Yasumoto Sato,,,False,False
10.1016/j.jpowsour.2021.229800,3,Naomi,Kumano,Naomi Kumano,,,False,False
10.1016/j.jpowsour.2021.229800,4,Hiroyuki,Nakano,Hiroyuki Nakano,https://orcid.org/0000-0003-0316-4820,,False,False
10.1016/j.jpowsour.2022.231473,1,Kaito,Miyamoto,Kaito Miyamoto,https://orcid.org/0000-0003-1827-5494,,False,True
10.1016/j.jpowsour.2022.231473,2,Scott R.,Broderick,Scott R. Broderick,,,False,False
10.1016/j.jpowsour.2022.231473,3,Krishna,Rajan,Krishna Rajan,,,False,False
10.1016/j.jpowsour.2022.231698,1,Akitoshi,Suzumura,Akitoshi Suzumura,https://orcid.org/0000-0002-9013-535X,,False,True
10.1016/j.jpowsour.2022.231698,2,Hiroshi,Ohno,Hiroshi Ohno,,,False,False
10.1016/j.jpowsour.2022.231698,3,Nobuaki,Kikkawa,Nobuaki Kikkawa,,,False,False
10.1016/j.jpowsour.2022.231698,4,Kensuke,Takechi,Kensuke Takechi,https://orcid.org/0000-0001-6364-0695,,False,False
10.1016/j.jpowsour.2022.231850,1,Hideaki,Oka,Hideaki Oka,https://orcid.org/0000-0003-0166-3343,,False,True
10.1016/j.jpowsour.2022.231850,2,Hiroaki,Kadoura,Hiroaki Kadoura,,,False,False
10.1016/j.jpowsour.2022.231850,3,Naoko Takechi,Takahashi,Naoko Takechi Takahashi,,,False,False
10.1016/j.jpowsour.2022.231850,4,Taiji,Ikawa,Taiji Ikawa,,,False,False
10.1016/j.jpowsour.2023.232909,1,Kazuma,Shinozaki,Kazuma Shinozaki,https://orcid.org/0000-0002-8674-2528,,False,True
10.1016/j.jpowsour.2023.232909,2,Shuji,Kajiya,Shuji Kajiya,,,False,False
10.1016/j.jpowsour.2023.232909,3,Shunsuke,Yamakawa,Shunsuke Yamakawa,,,False,False
10.1016/j.jpowsour.2023.232909,4,Naoki,Hasegawa,Naoki Hasegawa,,,False,False
10.1016/j.jpowsour.2023.232909,5,Takahisa,Suzuki,Takahisa Suzuki,https://orcid.org/0000-0001-7750-6809,,False,False
10.1016/j.jpowsour.2023.232909,6,Masao,Shibata,Masao Shibata,https://orcid.org/0000-0001-5584-4938,,False,False
10.1016/j.jpowsour.2023.232909,7,Ryosuke,Jinnouchi,Ryosuke Jinnouchi,,,False,False
10.1016/j.jpowsour.2023.233387,1,Hideaki,Oka,Hideaki Oka,https://orcid.org/0000-0003-0166-3343,,False,True
10.1016/j.jpowsour.2023.233387,2,Takamasa,Nonaka,Takamasa Nonaka,https://orcid.org/0000-0001-6967-9574,,False,False
10.1016/j.jpowsour.2023.233387,3,Yasuhito,Kondo,Yasuhito Kondo,,,False,False
10.1016/j.jpowsour.2023.233387,4,Yoshinari,Makimura,Yoshinari Makimura,https://orcid.org/0000-0001-8170-9326,,False,False
10.1016/j.jpowsour.2023.233466,1,Ayaka,Yonaga,Ayaka Yonaga,https://orcid.org/0000-0002-0662-950X,,False,True
10.1016/j.jpowsour.2023.233466,2,Shigehiro,Kawauchi,Shigehiro Kawauchi,,,False,False
10.1016/j.jpowsour.2023.233466,3,Yuki,Mori,Yuki Mori,,,False,False
10.1016/j.jpowsour.2023.233466,4,Liu,Xuanchen,Liu Xuanchen,,,False,False
10.1016/j.jpowsour.2023.233466,5,Shota,Ishikawa,Shota Ishikawa,,,False,False
10.1016/j.jpowsour.2023.233466,6,Keita,Nunoshita,Keita Nunoshita,,,False,False
10.1016/j.jpowsour.2023.233466,7,Gen,Inoue,Gen Inoue,https://orcid.org/0000-0003-2427-0972,,False,False
10.1016/j.jpowsour.2023.233466,8,Takuro,Matsunaga,Takuro Matsunaga,https://orcid.org/0000-0002-0351-4491,,False,False
10.1016/j.jpowsour.2023.233883,1,Naomi,Kumano,Naomi Kumano,https://orcid.org/0000-0002-0871-0221,,False,True
10.1016/j.jpowsour.2023.233883,2,Yuhei,Yamaguchi,Yuhei Yamaguchi,https://orcid.org/0000-0001-5649-7130,,False,False
10.1016/j.jpowsour.2023.233883,3,Yusuke,Akimoto,Yusuke Akimoto,,,False,False
10.1016/j.jpowsour.2023.233883,4,Ayako,Ohshima,Ayako Ohshima,,,False,False
10.1016/j.jpowsour.2023.233883,5,Hiroshi,Nakamura,Hiroshi Nakamura,,,False,False
10.1016/j.jpowsour.2023.233883,6,Masato,Yamamura,Masato Yamamura,https://orcid.org/0000-0003-3585-8608,,False,False
10.1016/j.jpowsour.2024.234739,1,Hiroyuki,Kawaura,Hiroyuki Kawaura,https://orcid.org/0000-0002-6805-8124,,False,True
10.1016/j.jpowsour.2024.234739,2,Ryo,Suzuki,Ryo Suzuki,,,False,False
10.1016/j.jpowsour.2024.234739,3,Naoyuki,Nagasako,Naoyuki Nagasako,,,False,False
10.1016/j.jpowsour.2024.234739,4,Keiichiro,Oh-ishi,Keiichiro Oh-ishi,https://orcid.org/0000-0002-0741-7250,,False,False
10.1016/j.jpowsour.2024.235544,1,Tetsuro,Kobayashi,Tetsuro Kobayashi,https://orcid.org/0009-0004-8382-3615,,False,True
10.1016/j.jpowsour.2024.235544,2,Hiroki,Kondo,Hiroki Kondo,,,False,False
10.1016/j.jpowsour.2024.235544,3,Tsuyoshi,Sasaki,Tsuyoshi Sasaki,,,False,False
10.1016/j.jpowsour.2025.237896,1,Wataru,Yoshimune,Wataru Yoshimune,https://orcid.org/0000-0001-8768-0122,,False,True
10.1016/j.jpowsour.2025.237896,2,Akihiko,Kato,Akihiko Kato,https://orcid.org/0000-0001-5556-3845,,False,False
10.1016/j.jpowsour.2025.237896,3,Tetsuichiro,Hayakawa,Tetsuichiro Hayakawa,,,False,False
10.1016/j.jpowsour.2025.237896,4,Satoshi,Yamaguchi,Satoshi Yamaguchi,https://orcid.org/0000-0003-3531-124X,,False,False
10.1016/j.jpowsour.2025.237896,5,Satoru,Kato,Satoru Kato,https://orcid.org/0000-0002-5590-8652,,False,False
10.1016/j.jpowsour.2025.238103,1,Yuichi,Itou,Yuichi Itou,https://orcid.org/0000-0003-1091-6381,,False,True
10.1016/j.jpowsour.2025.238103,2,Nobuhiro,Ogihara,Nobuhiro Ogihara,https://orcid.org/0000-0002-6305-6859,,False,False
10.1016/j.jpowsour.2025.238103,3,Shigehiro,Kawauchi,Shigehiro Kawauchi,https://orcid.org/0000-0002-5798-5627,,False,False
10.1016/j.jpowsour.2026.239533,1,Takumi,Kusano,Takumi Kusano,https://orcid.org/0000-0002-1114-585X,,False,True
10.1016/j.jpowsour.2026.239533,2,Shigehiro,Kawauchi,Shigehiro Kawauchi,https://orcid.org/0000-0002-5798-5627,,False,False
10.1016/j.jpowsour.2026.239533,3,Kazuhisa,Isegawa,Kazuhisa Isegawa,https://orcid.org/0000-0003-3028-0042,,False,False
10.1016/j.jpowsour.2026.239533,4,Shuji,Takahashi,Shuji Takahashi,https://orcid.org/0009-0006-1090-729X,,False,False
10.1016/j.jpowsour.2026.239533,5,Taro,Watanabe,Taro Watanabe,https://orcid.org/0009-0006-2428-488X,,False,False
10.1016/j.jpowsour.2026.239533,6,Michiaki,Kamiyama,Michiaki Kamiyama,https://orcid.org/0000-0002-1167-0072,,False,False
10.1016/j.jpowsour.2026.239533,7,Masaaki,Tani,Masaaki Tani,https://orcid.org/0009-0001-3143-1327,,False,False
10.1016/j.jpowsour.2026.239533,8,Hiroshi,Nakamura,Hiroshi Nakamura,,,False,False
10.1016/j.jtherbio.2019.102424,1,Hiroko,Sawai,Hiroko Sawai,,,False,True
10.1016/j.jtherbio.2019.102424,2,Katsunori,Kohda,Katsunori Kohda,,,False,False
10.1016/j.jtherbio.2019.102424,3,Tetsuo,Kurahashi,Tetsuo Kurahashi,,,False,False
10.1016/j.matdes.2022.111200,1,Sunao,Tomita,Sunao Tomita,,,False,True
10.1016/j.matdes.2022.111200,2,Sachito,Nakano,Sachito Nakano,,,False,False
10.1016/j.matdes.2022.111200,3,Makoto,Segi,Makoto Segi,,,False,False
10.1016/j.matdes.2022.111200,4,Takuya,Nishimura,Takuya Nishimura,,,False,False
10.1016/j.matdes.2022.111497,1,Sunao,Tomita,Sunao Tomita,,,False,True
10.1016/j.matdes.2022.111497,2,Kento,Shimanuki,Kento Shimanuki,,,False,False
10.1016/j.matdes.2022.111497,3,Hidekazu,Nishigaki,Hidekazu Nishigaki,,,False,False
10.1016/j.matdes.2022.111497,4,Shin,Oyama,Shin Oyama,,,False,False
10.1016/j.matdes.2022.111497,5,Takashi,Sasagawa,Takashi Sasagawa,,,False,False
10.1016/j.matdes.2022.111497,6,Daisuke,Murai,Daisuke Murai,,,False,False
10.1016/j.matdes.2022.111497,7,Kazuhiko,Umemoto,Kazuhiko Umemoto,,,False,False
10.1016/j.matlet.2006.04.001,1,Y.J.,Zeng,Y.J. Zeng,,,False,True
10.1016/j.matlet.2006.04.001,2,Z.Z.,Ye,Z.Z. Ye,,,False,False
10.1016/j.matlet.2006.04.001,3,W.Z.,Xu,W.Z. Xu,,,False,False
10.1016/j.matlet.2006.04.001,4,B.,Liu,B. Liu,,,False,False
10.1016/j.matlet.2006.04.001,5,Y.,Che,Y. Che,,,False,False
10.1016/j.matlet.2006.04.001,6,L.P.,Zhu,L.P. Zhu,,,False,False
10.1016/j.matlet.2006.04.001,7,B.H.,Zhao,B.H. Zhao,,,False,False
10.1016/j.measurement.2020.108530,1,Yasumoto,Sato,Yasumoto Sato,,,False,True
10.1016/j.measurement.2020.108530,2,Natsuki,Ogura,Natsuki Ogura,,,False,False
10.1016/j.measurement.2020.108530,3,Yuhei,Yamaguchi,Yuhei Yamaguchi,,,False,False
10.1016/j.measurement.2020.108530,4,Yang,Ju,Yang Ju,,,False,False
10.1016/j.mechmachtheory.2020.103880,1,Eiji,Tsuchiya,Eiji Tsuchiya,,,False,True
10.1016/j.mechmachtheory.2020.103880,2,Eiji,Shamoto,Eiji Shamoto,,,False,False
10.1016/j.mechmachtheory.2024.105851,1,Sunao,Tomita,Sunao Tomita,https://orcid.org/0000-0001-7607-3028,,False,True
10.1016/j.mechmachtheory.2024.105851,2,Kento,Shimanuki,Kento Shimanuki,,,False,False
10.1016/j.mechmachtheory.2024.105851,3,Kazuhiko,Umemoto,Kazuhiko Umemoto,https://orcid.org/0009-0002-2926-829X,,False,False
10.1016/j.mechmachtheory.2024.105851,4,Atsushi,Kawamoto,Atsushi Kawamoto,https://orcid.org/0000-0002-9335-1269,,False,False
10.1016/j.mechmachtheory.2024.105851,5,Tsuyoshi,Nomura,Tsuyoshi Nomura,,,False,False
10.1016/j.mechmachtheory.2024.105851,6,Tomohiro,Tachi,Tomohiro Tachi,https://orcid.org/0000-0002-1404-4392,,False,False
10.1016/j.molliq.2019.111567,1,Yasuhiro,Ikuta,Yasuhiro Ikuta,,,False,True
10.1016/j.molliq.2019.111567,2,Fumio,Hirata,Fumio Hirata,,,False,False
10.1016/j.mssp.2025.109712,1,Eslam,Abubakr,Eslam Abubakr,https://orcid.org/0000-0001-9901-5525,,False,True
10.1016/j.mssp.2025.109712,2,Ashenafi,Abadi,Ashenafi Abadi,,,False,False
10.1016/j.mssp.2025.109712,3,Shiro,Saito,Shiro Saito,,,False,False
10.1016/j.mssp.2025.109712,4,Hironori,Suzuki,Hironori Suzuki,,,False,False
10.1016/j.mssp.2025.109712,5,Tetsuo,Kan,Tetsuo Kan,,,False,False
10.1016/j.optcom.2018.02.029,1,Fumiya,Ichino,Fumiya Ichino,,,False,True
10.1016/j.optcom.2024.131197,1,Martin E.,Fermann,Martin E. Fermann,https://orcid.org/0000-0001-9438-6183,,False,True
10.1016/j.optcom.2024.131197,2,Antoine,Rolland,Antoine Rolland,,,False,False
10.1016/j.optmat.2024.115175,1,Eslam,Abubakr,Eslam Abubakr,https://orcid.org/0000-0001-9901-5525,,False,True
10.1016/j.optmat.2024.115175,2,Ashenafi,Abadi,Ashenafi Abadi,https://orcid.org/0009-0000-0508-3309,,False,False
10.1016/j.optmat.2024.115175,3,Masaaki,Oshita,Masaaki Oshita,,,False,False
10.1016/j.optmat.2024.115175,4,Shiro,Saito,Shiro Saito,,,False,False
10.1016/j.optmat.2024.115175,5,Tetsuo,Kan,Tetsuo Kan,,,False,False
10.1016/j.orgel.2013.04.048,1,Thogiti,Suresh,Thogiti Suresh,,,False,True
10.1016/j.orgel.2013.04.048,2,Ganugula,Rajkumar,Ganugula Rajkumar,,,False,False
10.1016/j.orgel.2013.04.048,3,Surya Prakash,Singh,Surya Prakash Singh,,,False,False
10.1016/j.orgel.2013.04.048,4,Paidi Yella,Reddy,Paidi Yella Reddy,,,False,False
10.1016/j.orgel.2013.04.048,5,Ashraful,Islam,Ashraful Islam,,,False,False
10.1016/j.orgel.2013.04.048,6,Liyuan,Han,Liyuan Han,,,False,False
10.1016/j.orgel.2013.04.048,7,Malapaka,Chandrasekharam,Malapaka Chandrasekharam,,,False,False
10.1016/j.pep.2007.09.015,1,Shinji,Ebara,Shinji Ebara,,,False,True
10.1016/j.pep.2007.09.015,2,Yasushi,Shigemori,Yasushi Shigemori,,,False,False
10.1016/j.polymer.2019.121667,1,Takayuki,Hirai,Takayuki Hirai,https://orcid.org/0000-0002-1514-2410,,False,True
10.1016/j.polymer.2019.121667,2,Jumpei,Kawada,Jumpei Kawada,,,False,False
10.1016/j.polymer.2019.121667,3,Mamiko,Narita,Mamiko Narita,,,False,False
10.1016/j.polymer.2019.121667,4,Taiji,Ikawa,Taiji Ikawa,,,False,False
10.1016/j.polymer.2019.121667,5,Hisaaki,Takeshima,Hisaaki Takeshima,,,False,False
10.1016/j.polymer.2019.121667,6,Kotaro,Satoh,Kotaro Satoh,https://orcid.org/0000-0002-3105-4592,,False,False
10.1016/j.polymer.2019.121667,7,Masami,Kamigaito,Masami Kamigaito,,,False,False
10.1016/j.renene.2025.122548,1,Shogo,Sayama,Shogo Sayama,https://orcid.org/0000-0002-8588-1948,,False,True
10.1016/j.renene.2025.122548,2,Seiji,Yamamoto,Seiji Yamamoto,https://orcid.org/0000-0002-6340-3435,,False,False
10.1016/j.resconrec.2024.107856,1,Yoshinori,Inoue,Yoshinori Inoue,,,False,True
10.1016/j.resconrec.2024.107856,2,Hirotaka,Okamoto,Hirotaka Okamoto,,,False,False
10.1016/j.robot.2020.103527,1,Kazuki,Shibata,Kazuki Shibata,,,False,True
10.1016/j.robot.2020.103527,2,Tatsuya,Miyano,Tatsuya Miyano,,,False,False
10.1016/j.robot.2020.103527,3,Tomohiko,Jimbo,Tomohiko Jimbo,,,False,False
10.1016/j.robot.2020.103527,4,Takamitsu,Matsubara,Takamitsu Matsubara,,,False,False
10.1016/j.sna.2021.112655,1,Eizo,Ushijima,Eizo Ushijima,https://orcid.org/0000-0001-9155-6212,,False,True
10.1016/j.sna.2021.112655,2,Satoshi,Fujimoto,Satoshi Fujimoto,,,False,False
10.1016/j.sna.2021.112655,3,Kazuo,Nakazato,Kazuo Nakazato,,,False,False
10.1016/j.solener.2011.02.027,1,L.,Giribabu,L. Giribabu,,,False,True
10.1016/j.solener.2011.02.027,2,V.K.,Singh,V.K. Singh,,,False,False
10.1016/j.solener.2011.02.027,3,Ch. Vijay,Kumar,Ch. Vijay Kumar,,,False,False
10.1016/j.solener.2011.02.027,4,Y.,Soujanya,Y. Soujanya,,,False,False
10.1016/j.solener.2011.02.027,5,P. Yella,Reddy,P. Yella Reddy,,,False,False
10.1016/j.solener.2011.02.027,6,M. Lakshmi,Kantam,M. Lakshmi Kantam,,,False,False
10.1016/j.synthmet.2011.03.022,1,Malapaka,Chandrasekharam,Malapaka Chandrasekharam,,,False,True
10.1016/j.synthmet.2011.03.022,2,Ganugula,Rajkumar,Ganugula Rajkumar,,,False,False
10.1016/j.synthmet.2011.03.022,3,Chikkam,Srinivasa Rao,Chikkam Srinivasa Rao,,,False,False
10.1016/j.synthmet.2011.03.022,4,Thogiti,Suresh,Thogiti Suresh,,,False,False
10.1016/j.synthmet.2011.03.022,5,Marri,Anil Reddy,Marri Anil Reddy,,,False,False
10.1016/j.synthmet.2011.03.022,6,Paidi,Yella Reddy,Paidi Yella Reddy,,,False,False
10.1016/j.synthmet.2011.03.022,7,Yarasi,Soujanya,Yarasi Soujanya,,,False,False
10.1016/j.synthmet.2011.03.022,8,B.,Takeru,B. Takeru,,,False,False
10.1016/j.synthmet.2011.03.022,9,Yum,Jun-Ho,Yum Jun-Ho,,,False,False
10.1016/j.synthmet.2011.03.022,10,Mahammad Khaja,Nazeeruddin,Mahammad Khaja Nazeeruddin,,,False,False
10.1016/j.synthmet.2011.03.022,11,Michael,Graetzel,Michael Graetzel,,,False,False
10.1016/j.synthmet.2011.04.001,1,Malapaka,Chandrasekharam,Malapaka Chandrasekharam,,,False,True
10.1016/j.synthmet.2011.04.001,2,Ganugula,Rajkumar,Ganugula Rajkumar,,,False,False
10.1016/j.synthmet.2011.04.001,3,Chikkam Srinivasa,Rao,Chikkam Srinivasa Rao,,,False,False
10.1016/j.synthmet.2011.04.001,4,Thogiti,Suresh,Thogiti Suresh,,,False,False
10.1016/j.synthmet.2011.04.001,5,Paidi Yella,Reddy,Paidi Yella Reddy,,,False,False
10.1016/j.trb.2023.02.009,1,Keiichiro,Hayakawa,Keiichiro Hayakawa,https://orcid.org/0000-0002-3477-1909,,False,True
10.1016/j.trb.2023.02.009,2,Makoto,Chikaraishi,Makoto Chikaraishi,https://orcid.org/0000-0002-8053-9473,,False,False
10.1016/j.trc.2019.09.005,1,Ken,Hidaka,Ken Hidaka,,,False,True
10.1016/j.trc.2019.09.005,2,Keiichiro,Hayakawa,Keiichiro Hayakawa,,,False,False
10.1016/j.trc.2019.09.005,3,Tomoki,Nishi,Tomoki Nishi,,,False,False
10.1016/j.trc.2019.09.005,4,Tomotaka,Usui,Tomotaka Usui,,,False,False
10.1016/j.trc.2019.09.005,5,Toshiyuki,Yamamoto,Toshiyuki Yamamoto,https://orcid.org/0000-0002-7540-5040,,False,False
10.1016/j.trd.2024.104124,1,Ryosuke,Kataoka,Ryosuke Kataoka,https://orcid.org/0000-0002-6651-6232,,False,True
10.1016/j.trd.2024.104124,2,Kazuhiko,Ogimoto,Kazuhiko Ogimoto,,,False,False
10.1016/j.trd.2024.104124,3,Yumiko,Iwafune,Yumiko Iwafune,,,False,False
10.1016/j.trd.2024.104124,4,Tomoki,Nishi,Tomoki Nishi,,,False,False
10.1016/j.trd.2025.104876,1,Hayato,Goto,Hayato Goto,https://orcid.org/0000-0003-4814-1972,,False,True
10.1016/j.trd.2025.104876,2,Tomoki,Nishi,Tomoki Nishi,https://orcid.org/0000-0001-8418-4633,,False,False
10.1016/j.trd.2025.104876,3,Takahiro,Shiga,Takahiro Shiga,https://orcid.org/0000-0001-6304-4156,,False,False
10.1016/j.trd.2025.104876,4,Takeyuki,Sasai,Takeyuki Sasai,,,False,False
10.1016/j.trd.2025.104876,5,Shintaro,Fukushima,Shintaro Fukushima,https://orcid.org/0000-0002-8788-5555,,False,False
10.1016/j.trd.2025.105136,1,Ryosuke,Kataoka,Ryosuke Kataoka,https://orcid.org/0000-0002-6651-6232,,False,True
10.1016/j.trd.2025.105136,2,Ken,Hidaka,Ken Hidaka,,,False,False
10.1016/j.trd.2025.105136,3,Tomoki,Nishi,Tomoki Nishi,,,False,False
10.1016/j.triboint.2020.106304,1,Naoko Takechi,Takahashi,Naoko Takechi Takahashi,,,False,True
10.1016/j.triboint.2020.106304,2,Noritake,Isomura,Noritake Isomura,,,False,False
10.1016/j.triboint.2020.106304,3,Satoru,Kosaka,Satoru Kosaka,,,False,False
10.1016/j.triboint.2020.106304,4,Hiroyuki,Mori,Hiroyuki Mori,,,False,False
10.1016/j.triboint.2020.106304,5,Yasuji,Kimoto,Yasuji Kimoto,,,False,False
10.1016/j.triboint.2020.106304,6,Toshihide,Ohmori,Toshihide Ohmori,,,False,False
10.1016/j.triboint.2020.106304,7,Takayuki,Aoyama,Takayuki Aoyama,,,False,False
10.1016/j.triboint.2020.106304,8,Toshinari,Sano,Toshinari Sano,,,False,False
10.1016/j.triboint.2020.106304,9,Fumihiro,Itoigawa,Fumihiro Itoigawa,,,False,False
10.1016/j.triboint.2023.108675,1,Patrick A.,Bonnaud,Patrick A. Bonnaud,,,False,True
10.1016/j.triboint.2023.108675,2,Hiroshi,Moritani,Hiroshi Moritani,,,False,False
10.1016/j.triboint.2023.108675,3,Tomoyuki,Kinjo,Tomoyuki Kinjo,,,False,False
10.1016/j.triboint.2023.108675,4,Norikazu,Sato,Norikazu Sato,,,False,False
10.1016/j.triboint.2023.108675,5,Mamoru,Tohyama,Mamoru Tohyama,,,False,False
10.1016/j.triboint.2024.109449,1,Patrick A.,Bonnaud,Patrick A. Bonnaud,,,False,True
10.1016/j.triboint.2024.109449,2,Tomoyuki,Kinjo,Tomoyuki Kinjo,,,False,False
10.1016/j.triboint.2024.109449,3,Norikazu,Sato,Norikazu Sato,,,False,False
10.1016/j.triboint.2024.109449,4,Mamoru,Tohyama,Mamoru Tohyama,,,False,False
10.1016/j.triboint.2024.110258,1,Patrick A.,Bonnaud,Patrick A. Bonnaud,,,False,True
10.1016/j.triboint.2024.110258,2,Hiroshi,Moritani,Hiroshi Moritani,,,False,False
10.1016/j.triboint.2024.110258,3,Tomoyuki,Kinjo,Tomoyuki Kinjo,,,False,False
10.1016/j.triboint.2024.110258,4,Norikazu,Sato,Norikazu Sato,,,False,False
10.1016/j.triboint.2024.110258,5,Mamoru,Tohyama,Mamoru Tohyama,,,False,False
10.1016/j.trpro.2018.11.025,1,Ken,Hidaka,Ken Hidaka,,,False,True
10.1016/j.trpro.2018.11.025,2,Takahiro,Shiga,Takahiro Shiga,,,False,False
10.1016/j.tws.2017.10.052,1,Yoshiki,Fukada,Yoshiki Fukada,,,False,True
10.1016/j.tws.2017.10.052,2,Haruki,Minagawa,Haruki Minagawa,,,False,False
10.1016/j.tws.2017.10.052,3,Chikara,Nakazato,Chikara Nakazato,,,False,False
10.1016/j.tws.2017.10.052,4,Takaaki,Nagatani,Takaaki Nagatani,,,False,False
10.1016/j.tws.2021.108010,1,Masato,Tanaka,Masato Tanaka,https://orcid.org/0000-0003-0787-0335,,False,True
10.1016/j.tws.2021.108010,2,Kiyohiro,Ikeda,Kiyohiro Ikeda,,,False,False
10.1016/j.tws.2021.108010,3,Kuo Mo,Hsiao,Kuo Mo Hsiao,,,False,False
10.1016/j.tws.2021.108010,4,Fumio,Fujii,Fumio Fujii,,,False,False
10.1016/j.wasman.2025.114969,1,Yuka,Yamada,Yuka Yamada,https://orcid.org/0000-0001-8508-1660,,False,True
10.1016/j.wasman.2025.114969,2,Yasuhito,Kondo,Yasuhito Kondo,,,False,False
10.1016/j.wasman.2025.114969,3,Hiroki,Kondo,Hiroki Kondo,,,False,False
10.1021/acs.accounts.1c00564,1,Takeshi,Morikawa,Takeshi Morikawa,https://orcid.org/0000-0002-4985-0925,"Toyota Central R&D Laboratories., Inc., Nagakute, Aichi 480-1192, Japan",True,True
10.1021/acs.accounts.1c00564,2,Shunsuke,Sato,Shunsuke Sato,https://orcid.org/0000-0001-8178-7367,"Toyota Central R&D Laboratories., Inc., Nagakute, Aichi 480-1192, Japan",True,False
10.1021/acs.accounts.1c00564,3,Keita,Sekizawa,Keita Sekizawa,https://orcid.org/0000-0003-2660-0410,"Toyota Central R&D Laboratories., Inc., Nagakute, Aichi 480-1192, Japan",True,False
10.1021/acs.accounts.1c00564,4,Tomiko. M.,Suzuki,Tomiko. M. Suzuki,https://orcid.org/0000-0003-3763-4245,"Toyota Central R&D Laboratories., Inc., Nagakute, Aichi 480-1192, Japan",True,False
10.1021/acs.accounts.1c00564,5,Takeo,Arai,Takeo Arai,https://orcid.org/0000-0002-8145-1908,"Toyota Central R&D Laboratories., Inc., Nagakute, Aichi 480-1192, Japan",True,False
10.1021/acs.analchem.0c00370,1,Izumi,Umegaki,Izumi Umegaki,https://orcid.org/0000-0001-9271-3574,"Toyota Central Research & Development Laboratories, Inc., Yokomichi, Nagakute, Aichi 480-1192, Japan",True,True
10.1021/acs.analchem.0c00370,2,Yuki,Higuchi,Yuki Higuchi,,"Toyota Central Research & Development Laboratories, Inc., Yokomichi, Nagakute, Aichi 480-1192, Japan",True,False
10.1021/acs.analchem.0c00370,3,Yasuhito,Kondo,Yasuhito Kondo,,"Toyota Central Research & Development Laboratories, Inc., Yokomichi, Nagakute, Aichi 480-1192, Japan",True,False
10.1021/acs.analchem.0c00370,4,Kazuhiko,Ninomiya,Kazuhiko Ninomiya,,"Graduate School of Science, Osaka University, Machikaneyama, Toyonaka, Osaka 560-0043, Japan",False,False
10.1021/acs.analchem.0c00370,5,Soshi,Takeshita,Soshi Takeshita,,"Muon Science Laboratory, High Energy Accelerator Research Organization (KEK), Tsukuba, Ibaraki 305-0801, Japan; Muon Science Section, Materials and Life Science Division, J-PARC Center, Tokai, Ibaraki 319-1195, Japan",False,False
10.1021/acs.analchem.0c00370,6,Motonobu,Tampo,Motonobu Tampo,,"Muon Science Laboratory, High Energy Accelerator Research Organization (KEK), Tsukuba, Ibaraki 305-0801, Japan; Muon Science Section, Materials and Life Science Division, J-PARC Center, Tokai, Ibaraki 319-1195, Japan",False,False
10.1021/acs.analchem.0c00370,7,Hiroyuki,Nakano,Hiroyuki Nakano,https://orcid.org/0000-0003-0316-4820,"Toyota Central Research & Development Laboratories, Inc., Yokomichi, Nagakute, Aichi 480-1192, Japan",True,False
10.1021/acs.analchem.0c00370,8,Hideaki,Oka,Hideaki Oka,,"Toyota Central Research & Development Laboratories, Inc., Yokomichi, Nagakute, Aichi 480-1192, Japan",True,False
10.1021/acs.analchem.0c00370,9,Jun,Sugiyama,Jun Sugiyama,,"Toyota Central Research & Development Laboratories, Inc., Yokomichi, Nagakute, Aichi 480-1192, Japan; Muon Science Laboratory, High Energy Accelerator Research Organization (KEK), Tsukuba, Ibaraki 305-0801, Japan; Advanced Science Research Center, Japan Atomic Energy Agency (JAEA), Tokai, Ibaraki 319-1195, Japan; CROSS Neutron Science and Technology Center, Tokai, Ibaraki 319-1106, Japan; Muon Science Section, Materials and Life Science Division, J-PARC Center, Tokai, Ibaraki 319-1195, Japan",True,False
10.1021/acs.analchem.0c00370,10,Michael K.,Kubo,Michael K. Kubo,,"College of Liberal Arts, International Christian University, Osawa, Mitaka, Tokyo 181-8585, Japan",False,False
10.1021/acs.analchem.0c00370,11,Yasuhiro,Miyake,Yasuhiro Miyake,,"Muon Science Laboratory, High Energy Accelerator Research Organization (KEK), Tsukuba, Ibaraki 305-0801, Japan; Muon Science Section, Materials and Life Science Division, J-PARC Center, Tokai, Ibaraki 319-1195, Japan",False,False
10.1021/acs.chemmater.0c04570,1,Hiroyuki,Nakano,Hiroyuki Nakano,https://orcid.org/0000-0003-0316-4820,"Environment & Energy Department I, Toyota Central R&D Labs., Inc., 41-1 Yokomichi, Nagakute, Aichi 480-1192, Japan; Office of Society−Academia Collaboration for Innovation, Kyoto University, Gokasyo, Uji, Kyoto 611-0011, Japan",True,True
10.1021/acs.chemmater.0c04570,2,Toshiyuki,Matsunaga,Toshiyuki Matsunaga,,"Graduate School of Human and Environmental Studies, Kyoto University, Yoshida-nihonmatsucho, Sakyo-ku, Kyoto 606-8501, Japan",False,False
10.1021/acs.chemmater.0c04570,3,Takuya,Mori,Takuya Mori,,"Graduate School of Human and Environmental Studies, Kyoto University, Yoshida-nihonmatsucho, Sakyo-ku, Kyoto 606-8501, Japan",False,False
10.1021/acs.chemmater.0c04570,4,Koji,Nakanishi,Koji Nakanishi,,"Office of Society−Academia Collaboration for Innovation, Kyoto University, Gokasyo, Uji, Kyoto 611-0011, Japan",False,False
10.1021/acs.chemmater.0c04570,5,Yoshiyuki,Morita,Yoshiyuki Morita,,"Office of Society−Academia Collaboration for Innovation, Kyoto University, Gokasyo, Uji, Kyoto 611-0011, Japan",False,False
10.1021/acs.chemmater.0c04570,6,Kazuto,Ide,Kazuto Ide,,"Office of Society−Academia Collaboration for Innovation, Kyoto University, Gokasyo, Uji, Kyoto 611-0011, Japan",False,False
10.1021/acs.chemmater.0c04570,7,Ken-ichi,Okazaki,Ken-ichi Okazaki,https://orcid.org/0000-0003-0800-712X,"Office of Society−Academia Collaboration for Innovation, Kyoto University, Gokasyo, Uji, Kyoto 611-0011, Japan",False,False
10.1021/acs.chemmater.0c04570,8,Yuki,Orikasa,Yuki Orikasa,,"Graduate School of Human and Environmental Studies, Kyoto University, Yoshida-nihonmatsucho, Sakyo-ku, Kyoto 606-8501, Japan",False,False
10.1021/acs.chemmater.0c04570,9,Taketoshi,Minato,Taketoshi Minato,,"Office of Society−Academia Collaboration for Innovation, Kyoto University, Gokasyo, Uji, Kyoto 611-0011, Japan",False,False
10.1021/acs.chemmater.0c04570,10,Kentaro,Yamamoto,Kentaro Yamamoto,https://orcid.org/0000-0002-8739-4246,"Graduate School of Human and Environmental Studies, Kyoto University, Yoshida-nihonmatsucho, Sakyo-ku, Kyoto 606-8501, Japan",False,False
10.1021/acs.chemmater.0c04570,11,Zempachi,Ogumi,Zempachi Ogumi,,"Office of Society−Academia Collaboration for Innovation, Kyoto University, Gokasyo, Uji, Kyoto 611-0011, Japan",False,False
10.1021/acs.chemmater.0c04570,12,Yoshiharu,Uchimoto,Yoshiharu Uchimoto,https://orcid.org/0000-0002-1491-2647,"Graduate School of Human and Environmental Studies, Kyoto University, Yoshida-nihonmatsucho, Sakyo-ku, Kyoto 606-8501, Japan",False,False
10.1021/acs.chemmater.1c00336,1,Alan,McLean,Alan McLean,https://orcid.org/0000-0002-7226-7076,"Department of Chemistry, University of Michigan, 930 N University Avenue, Ann Arbor, Michigan 48109, United States",False,True
10.1021/acs.chemmater.1c00336,2,Michael,Kanetidis,Michael Kanetidis,,"Department of Physics, Aristotle University of Thessaloniki, Aristotle University of Thessaloniki Campus, Thessaloniki 54124, Greece",False,False
10.1021/acs.chemmater.1c00336,3,Tarun,Gogineni,Tarun Gogineni,,"Department of Chemistry, University of Michigan, 930 N University Avenue, Ann Arbor, Michigan 48109, United States",False,False
10.1021/acs.chemmater.1c00336,4,Rahil,Ukani,Rahil Ukani,,"Department of Chemistry, University of Michigan, 930 N University Avenue, Ann Arbor, Michigan 48109, United States",False,False
10.1021/acs.chemmater.1c00336,5,Ryan,McLean,Ryan McLean,,"Department of Chemistry, University of Michigan, 930 N University Avenue, Ann Arbor, Michigan 48109, United States",False,False
10.1021/acs.chemmater.1c00336,6,Alexander,Cooke,Alexander Cooke,,"Department of Chemistry, University of Michigan, 930 N University Avenue, Ann Arbor, Michigan 48109, United States",False,False
10.1021/acs.chemmater.1c00336,7,Inbal,Avinor,Inbal Avinor,,"Department of Chemistry, University of Michigan, 930 N University Avenue, Ann Arbor, Michigan 48109, United States",False,False
10.1021/acs.chemmater.1c00336,8,Bing,Liu,Bing Liu,,"IMRA America, Inc., 1044 Woodridge Avenue, Ann Arbor, Michigan 48105, United States",True,False
10.1021/acs.chemmater.1c00336,9,Panos,Argyrakis,Panos Argyrakis,,"Department of Physics, Aristotle University of Thessaloniki, Aristotle University of Thessaloniki Campus, Thessaloniki 54124, Greece",False,False
10.1021/acs.chemmater.1c00336,10,Wei,Qian,Wei Qian,,"Department of Chemistry, University of Michigan, 930 N University Avenue, Ann Arbor, Michigan 48109, United States; IMRA America, Inc., 1044 Woodridge Avenue, Ann Arbor, Michigan 48105, United States",True,False
10.1021/acs.chemmater.1c00336,11,Raoul,Kopelman,Raoul Kopelman,https://orcid.org/0000-0002-7770-8272,"Department of Chemistry, University of Michigan, 930 N University Avenue, Ann Arbor, Michigan 48109, United States",False,False
10.1021/acs.chemmater.1c03343,1,Hiroki,Ninomiya,Hiroki Ninomiya,https://orcid.org/0000-0001-7236-1241,"National Institute of Advanced Industrial Science and Technology (AIST), 1-1-1 Umezono, Tsukuba, Ibaraki 305-8568, Japan",False,True
10.1021/acs.chemmater.1c03343,2,Kenji,Kawashima,Kenji Kawashima,,"National Institute of Advanced Industrial Science and Technology (AIST), 1-1-1 Umezono, Tsukuba, Ibaraki 305-8568, Japan; IMRA Japan Co., Ltd., 2-36 Hachiken-cho, Kariya, Aichi 448-8650, Japan",True,False
10.1021/acs.chemmater.1c03343,3,Hiroshi,Fujihisa,Hiroshi Fujihisa,,"National Institute of Advanced Industrial Science and Technology (AIST), 1-1-1 Umezono, Tsukuba, Ibaraki 305-8568, Japan",False,False
10.1021/acs.chemmater.1c03343,4,Shigeyuki,Ishida,Shigeyuki Ishida,https://orcid.org/0000-0001-9445-8079,"National Institute of Advanced Industrial Science and Technology (AIST), 1-1-1 Umezono, Tsukuba, Ibaraki 305-8568, Japan",False,False
10.1021/acs.chemmater.1c03343,5,Hiraku,Ogino,Hiraku Ogino,,"National Institute of Advanced Industrial Science and Technology (AIST), 1-1-1 Umezono, Tsukuba, Ibaraki 305-8568, Japan",False,False
10.1021/acs.chemmater.1c03343,6,Yoshiyuki,Yoshida,Yoshiyuki Yoshida,,"National Institute of Advanced Industrial Science and Technology (AIST), 1-1-1 Umezono, Tsukuba, Ibaraki 305-8568, Japan",False,False
10.1021/acs.chemmater.1c03343,7,Hiroshi,Eisaki,Hiroshi Eisaki,,"National Institute of Advanced Industrial Science and Technology (AIST), 1-1-1 Umezono, Tsukuba, Ibaraki 305-8568, Japan",False,False
10.1021/acs.chemmater.1c03343,8,Yoshito,Gotoh,Yoshito Gotoh,,"National Institute of Advanced Industrial Science and Technology (AIST), 1-1-1 Umezono, Tsukuba, Ibaraki 305-8568, Japan",False,False
10.1021/acs.chemmater.1c03343,9,Akira,Iyo,Akira Iyo,https://orcid.org/0000-0002-9610-647X,"National Institute of Advanced Industrial Science and Technology (AIST), 1-1-1 Umezono, Tsukuba, Ibaraki 305-8568, Japan",False,False
10.1021/acs.chemmater.3c02217,1,Ritsuko,Yaokawa,Ritsuko Yaokawa,https://orcid.org/0000-0002-4026-7389,"Toyota Central Research & Development Laboratories, Inc., Yokomichi 41-1, Nagakute, Aichi 480-1192, Japan",True,True
10.1021/acs.chemmater.3c02217,2,Kazuhiko,Mukai,Kazuhiko Mukai,https://orcid.org/0000-0002-6154-6539,"Toyota Central Research & Development Laboratories, Inc., Yokomichi 41-1, Nagakute, Aichi 480-1192, Japan",True,False
10.1021/acs.chemmater.3c02217,3,Takamasa,Nonaka,Takamasa Nonaka,https://orcid.org/0000-0001-6967-9574,"Toyota Central Research & Development Laboratories, Inc., Yokomichi 41-1, Nagakute, Aichi 480-1192, Japan",True,False
10.1021/acs.chemmater.3c02217,4,Satoru,Kosaka,Satoru Kosaka,,"Toyota Central Research & Development Laboratories, Inc., Yokomichi 41-1, Nagakute, Aichi 480-1192, Japan",True,False
10.1021/acs.chemmater.3c02217,5,Nobuhiro,Ogihara,Nobuhiro Ogihara,https://orcid.org/0000-0002-6305-6859,"Toyota Central Research & Development Laboratories, Inc., Yokomichi 41-1, Nagakute, Aichi 480-1192, Japan",True,False
10.1021/acs.chemmater.4c01351,1,Saori,Minami,Saori Minami,https://orcid.org/0000-0001-5446-2188,"Toyota Central R&D Laboratories., Inc., 41-1 Yokomichi, Nagakute, Aichi 480-1192, Japan",True,True
10.1021/acs.chemmater.4c01351,2,Masane,Kin,Masane Kin,https://orcid.org/0009-0006-9897-9705,"Advanced Research and Innovation Center, DENSO CORPORATION, 500-1, Minamiyama, Komenoki-cho, Nisshin, Aichi 470-0111, Japan",False,False
10.1021/acs.chemmater.4c01351,3,Kazuki,Takahashi,Kazuki Takahashi,https://orcid.org/0000-0002-4286-6641,"Advanced Research and Innovation Center, DENSO CORPORATION, 500-1, Minamiyama, Komenoki-cho, Nisshin, Aichi 470-0111, Japan",False,False
10.1021/acs.chemmater.4c01351,4,Takashi,Sato,Takashi Sato,,"Advanced Research and Innovation Center, DENSO CORPORATION, 500-1, Minamiyama, Komenoki-cho, Nisshin, Aichi 470-0111, Japan",False,False
10.1021/acs.chemmater.4c01351,5,Ryosuke,Jinnouchi,Ryosuke Jinnouchi,https://orcid.org/0000-0002-0822-1161,"Toyota Central R&D Laboratories., Inc., 41-1 Yokomichi, Nagakute, Aichi 480-1192, Japan",True,False
10.1021/acs.chemmater.4c03295,1,Norihiro,Mizoshita,Norihiro Mizoshita,https://orcid.org/0000-0001-6864-5532,"Toyota Central R&D Laboratories, Inc., Nagakute, Aichi 480-1192, Japan",True,True
10.1021/acs.chemmater.5c00128,1,Takeshi,Uyama,Takeshi Uyama,https://orcid.org/0000-0002-9998-0816,"Toyota Central R&D Laboratories., Inc., 41-1 Yokomichi, Nagakute, Aichi 480-1192, Japan",True,True
10.1021/acs.chemmater.5c00128,2,Yusuke,Noda,Yusuke Noda,https://orcid.org/0000-0003-0401-6731,"Department of Physics and Information Technology, Kyushu Institute of Technology, 680-4 Kawazu, Iizuka, Fukuoka 820-8502, Japan; Data Science and AI Research Center, Kyushu Institute of Technology, 680-4 Kawazu, Iizuka, Fukuoka 820-8502, Japan",False,False
10.1021/acs.chemmater.5c00128,3,Tomiko M.,Suzuki,Tomiko M. Suzuki,https://orcid.org/0000-0003-3763-4245,"Toyota Central R&D Laboratories., Inc., 41-1 Yokomichi, Nagakute, Aichi 480-1192, Japan",True,False
10.1021/acs.chemmater.5c00128,4,Keita,Sekizawa,Keita Sekizawa,https://orcid.org/0000-0003-2660-0410,"Toyota Central R&D Laboratories., Inc., 41-1 Yokomichi, Nagakute, Aichi 480-1192, Japan",True,False
10.1021/acs.chemmater.5c00128,5,Naonari,Sakamoto,Naonari Sakamoto,https://orcid.org/0000-0002-6159-4792,"Toyota Central R&D Laboratories., Inc., 41-1 Yokomichi, Nagakute, Aichi 480-1192, Japan",True,False
10.1021/acs.chemmater.5c00128,6,Takamasa,Nonaka,Takamasa Nonaka,https://orcid.org/0000-0001-6967-9574,"Toyota Central R&D Laboratories., Inc., 41-1 Yokomichi, Nagakute, Aichi 480-1192, Japan",True,False
10.1021/acs.chemmater.5c00128,7,Takeshi,Morikawa,Takeshi Morikawa,https://orcid.org/0000-0002-4985-0925,"Toyota Central R&D Laboratories., Inc., 41-1 Yokomichi, Nagakute, Aichi 480-1192, Japan",True,False
10.1021/acs.chemmater.8b02153,1,Daisuke,Nakamura,Daisuke Nakamura,https://orcid.org/0000-0002-7808-0528,"Toyota Central R&D Laboratories, Inc., Nagakute, Aichi 480-1192, Japan",True,True
10.1021/acs.chemmater.8b02153,2,Hideyuki,Nakano,Hideyuki Nakano,https://orcid.org/0000-0002-2866-3282,"Toyota Central R&D Laboratories, Inc., Nagakute, Aichi 480-1192, Japan",True,False
10.1021/acs.chemmater.9b02044,1,Joohwi,Lee,Joohwi Lee,https://orcid.org/0000-0002-4263-471X,"Toyota Central R&D Laboratories, Inc., Nagakute, Aichi 480-1192, Japan",True,True
10.1021/acs.chemmater.9b02044,2,Nobuko,Ohba,Nobuko Ohba,https://orcid.org/0000-0001-9779-6401,"Toyota Central R&D Laboratories, Inc., Nagakute, Aichi 480-1192, Japan",True,False
10.1021/acs.chemmater.9b02044,3,Ryoji,Asahi,Ryoji Asahi,,"Toyota Central R&D Laboratories, Inc., Nagakute, Aichi 480-1192, Japan",True,False
10.1021/acs.chemmater.9b04984,1,Riho,Mikita,Riho Mikita,,"Toyota Central R&D Laboratories, Inc., Nagakute, Aichi 480-1192, Japan",True,True
10.1021/acs.chemmater.9b04984,2,Nobuhiro,Ogihara,Nobuhiro Ogihara,https://orcid.org/0000-0002-6305-6859,"Toyota Central R&D Laboratories, Inc., Nagakute, Aichi 480-1192, Japan",True,False
10.1021/acs.chemmater.9b04984,3,Naoko,Takahashi,Naoko Takahashi,,"Toyota Central R&D Laboratories, Inc., Nagakute, Aichi 480-1192, Japan",True,False
10.1021/acs.chemmater.9b04984,4,Satoru,Kosaka,Satoru Kosaka,,"Toyota Central R&D Laboratories, Inc., Nagakute, Aichi 480-1192, Japan",True,False
10.1021/acs.chemmater.9b04984,5,Noritake,Isomura,Noritake Isomura,,"Toyota Central R&D Laboratories, Inc., Nagakute, Aichi 480-1192, Japan",True,False
10.1021/acs.est.5c03574,1,Ritsuko,Yaokawa,Ritsuko Yaokawa,https://orcid.org/0000-0002-4026-7389,"Toyota Central R&D Laboratories., Inc., Yokomichi 41−1, Nagakute, Aichi 480−1192, Japan",True,True
10.1021/acs.est.5c03574,2,Hiroki,Sugimoto,Hiroki Sugimoto,,"Toyota Central R&D Laboratories., Inc., Yokomichi 41−1, Nagakute, Aichi 480−1192, Japan",True,False
10.1021/acs.est.5c03574,3,Satoru,Kosaka,Satoru Kosaka,,"Toyota Central R&D Laboratories., Inc., Yokomichi 41−1, Nagakute, Aichi 480−1192, Japan",True,False
10.1021/acs.est.5c03574,4,Takamasa,Nonaka,Takamasa Nonaka,https://orcid.org/0000-0001-6967-9574,"Toyota Central R&D Laboratories., Inc., Yokomichi 41−1, Nagakute, Aichi 480−1192, Japan",True,False
10.1021/acs.est.5c03574,5,Ritsuko,Kitagawa-Yogo,Ritsuko Kitagawa-Yogo,,"Toyota Central R&D Laboratories., Inc., Yokomichi 41−1, Nagakute, Aichi 480−1192, Japan",True,False
10.1021/acs.iecr.9b05970,1,Takayuki,Hirai,Takayuki Hirai,https://orcid.org/0000-0002-1514-2410,"Material and Processing Department, Polymer Processing and Mechanics Laboratories, Toyota Central R&D Laboratories, Inc., 41-1 Yokomichi, Nagakute 480-1192, Japan",True,True
10.1021/acs.iecr.9b05970,2,Kenichi,Yagi,Kenichi Yagi,,"Material and Processing Department, Polymer Processing and Mechanics Laboratories, Toyota Central R&D Laboratories, Inc., 41-1 Yokomichi, Nagakute 480-1192, Japan",True,False
10.1021/acs.iecr.9b05970,3,Kazuo,Okamoto,Kazuo Okamoto,,"Material and Processing Department, Polymer Processing and Mechanics Laboratories, Toyota Central R&D Laboratories, Inc., 41-1 Yokomichi, Nagakute 480-1192, Japan",True,False
10.1021/acs.iecr.9b05970,4,Yusaku,Onochi,Yusaku Onochi,,"Lightweight Material Development Group, Organic Material Dept., Organic Material Engineering Div., Toyota Motor Corporation, Toyota-cho, Toyota, Aichi 471-8572, Japan",True,False
10.1021/acs.iecr.9b05970,5,Jumpei,Kawada,Jumpei Kawada,,"Material and Processing Department, Polymer Processing and Mechanics Laboratories, Toyota Central R&D Laboratories, Inc., 41-1 Yokomichi, Nagakute 480-1192, Japan",True,False
10.1021/acs.inorgchem.0c01482,1,Akira,Iyo,Akira Iyo,https://orcid.org/0000-0002-9610-647X,"National Institute of Advanced Industrial Science and Technology (AIST), Tsukuba, Ibaraki 3058568, Japan",False,True
10.1021/acs.inorgchem.0c01482,2,Hiroshi,Fujihisa,Hiroshi Fujihisa,,"National Institute of Advanced Industrial Science and Technology (AIST), Tsukuba, Ibaraki 3058568, Japan",False,False
10.1021/acs.inorgchem.0c01482,3,Yoshito,Gotoh,Yoshito Gotoh,,"National Institute of Advanced Industrial Science and Technology (AIST), Tsukuba, Ibaraki 3058568, Japan",False,False
10.1021/acs.inorgchem.0c01482,4,Shigeyuki,Ishida,Shigeyuki Ishida,https://orcid.org/0000-0001-9445-8079,"National Institute of Advanced Industrial Science and Technology (AIST), Tsukuba, Ibaraki 3058568, Japan",False,False
10.1021/acs.inorgchem.0c01482,5,Hiroki,Ninomiya,Hiroki Ninomiya,https://orcid.org/0000-0001-7236-1241,"National Institute of Advanced Industrial Science and Technology (AIST), Tsukuba, Ibaraki 3058568, Japan",False,False
10.1021/acs.inorgchem.0c01482,6,Yoshiyuki,Yoshida,Yoshiyuki Yoshida,,"National Institute of Advanced Industrial Science and Technology (AIST), Tsukuba, Ibaraki 3058568, Japan",False,False
10.1021/acs.inorgchem.0c01482,7,Hiroshi,Eisaki,Hiroshi Eisaki,,"National Institute of Advanced Industrial Science and Technology (AIST), Tsukuba, Ibaraki 3058568, Japan",False,False
10.1021/acs.inorgchem.0c01482,8,Hishiro T.,Hirose,Hishiro T. Hirose,,"National Institute for Materials Science, Tsukuba, Ibaraki 3050003, Japan",False,False
10.1021/acs.inorgchem.0c01482,9,Taichi,Terashima,Taichi Terashima,,"National Institute for Materials Science, Tsukuba, Ibaraki 3050003, Japan",False,False
10.1021/acs.inorgchem.0c01482,10,Kenji,Kawashima,Kenji Kawashima,https://orcid.org/0000-0003-4786-3498,"National Institute of Advanced Industrial Science and Technology (AIST), Tsukuba, Ibaraki 3058568, Japan; IMRA Material R&D Co., Ltd., Kariya, Aichi 4480032, Japan",True,False
10.1021/acs.inorgchem.0c02090,1,Hiroki,Ninomiya,Hiroki Ninomiya,https://orcid.org/0000-0001-7236-1241,"National Institute of Advanced Industrial Science and Technology (AIST), Tsukuba, Ibaraki 305-8568, Japan",False,True
10.1021/acs.inorgchem.0c02090,2,Terunari,Koshinuma,Terunari Koshinuma,,"National Institute of Advanced Industrial Science and Technology (AIST), Tsukuba, Ibaraki 305-8568, Japan; Department of Physics, Graduate School of Science, Tokyo University of Science, Shinjuku, Tokyo 162-8601, Japan",False,False
10.1021/acs.inorgchem.0c02090,3,Taichiro,Nishio,Taichiro Nishio,,"National Institute of Advanced Industrial Science and Technology (AIST), Tsukuba, Ibaraki 305-8568, Japan; Department of Physics, Graduate School of Science, Tokyo University of Science, Shinjuku, Tokyo 162-8601, Japan",False,False
10.1021/acs.inorgchem.0c02090,4,Hiroshi,Fujihisa,Hiroshi Fujihisa,,"National Institute of Advanced Industrial Science and Technology (AIST), Tsukuba, Ibaraki 305-8568, Japan",False,False
10.1021/acs.inorgchem.0c02090,5,Kenji,Kawashima,Kenji Kawashima,https://orcid.org/0000-0003-4786-3498,"National Institute of Advanced Industrial Science and Technology (AIST), Tsukuba, Ibaraki 305-8568, Japan; IMRA Material R&D Co., Ltd., Kariya, Aichi 448-0032, Japan",True,False
10.1021/acs.inorgchem.0c02090,6,Izumi,Hase,Izumi Hase,,"National Institute of Advanced Industrial Science and Technology (AIST), Tsukuba, Ibaraki 305-8568, Japan",False,False
10.1021/acs.inorgchem.0c02090,7,Shigeyuki,Ishida,Shigeyuki Ishida,https://orcid.org/0000-0001-9445-8079,"National Institute of Advanced Industrial Science and Technology (AIST), Tsukuba, Ibaraki 305-8568, Japan",False,False
10.1021/acs.inorgchem.0c02090,8,Hiraku,Ogino,Hiraku Ogino,,"National Institute of Advanced Industrial Science and Technology (AIST), Tsukuba, Ibaraki 305-8568, Japan",False,False
10.1021/acs.inorgchem.0c02090,9,Akira,Iyo,Akira Iyo,https://orcid.org/0000-0002-9610-647X,"National Institute of Advanced Industrial Science and Technology (AIST), Tsukuba, Ibaraki 305-8568, Japan",False,False
10.1021/acs.inorgchem.0c02090,10,Yoshiyuki,Yoshida,Yoshiyuki Yoshida,,"National Institute of Advanced Industrial Science and Technology (AIST), Tsukuba, Ibaraki 305-8568, Japan",False,False
10.1021/acs.inorgchem.0c02090,11,Yoshito,Gotoh,Yoshito Gotoh,,"National Institute of Advanced Industrial Science and Technology (AIST), Tsukuba, Ibaraki 305-8568, Japan",False,False
10.1021/acs.inorgchem.0c02090,12,Hiroshi,Eisaki,Hiroshi Eisaki,,"National Institute of Advanced Industrial Science and Technology (AIST), Tsukuba, Ibaraki 305-8568, Japan",False,False
10.1021/acs.inorgchem.1c02604,1,Akira,Iyo,Akira Iyo,https://orcid.org/0000-0002-9610-647X,"National Institute of Advanced Industrial Science and Technology (AIST), Tsukuba, Ibaraki 305-8568, Japan",False,True
10.1021/acs.inorgchem.1c02604,2,Izumi,Hase,Izumi Hase,,"National Institute of Advanced Industrial Science and Technology (AIST), Tsukuba, Ibaraki 305-8568, Japan",False,False
10.1021/acs.inorgchem.1c02604,3,Hiroshi,Fujihisa,Hiroshi Fujihisa,,"National Institute of Advanced Industrial Science and Technology (AIST), Tsukuba, Ibaraki 305-8568, Japan",False,False
10.1021/acs.inorgchem.1c02604,4,Yoshito,Gotoh,Yoshito Gotoh,,"National Institute of Advanced Industrial Science and Technology (AIST), Tsukuba, Ibaraki 305-8568, Japan",False,False
10.1021/acs.inorgchem.1c02604,5,Shigeyuki,Ishida,Shigeyuki Ishida,https://orcid.org/0000-0001-9445-8079,"National Institute of Advanced Industrial Science and Technology (AIST), Tsukuba, Ibaraki 305-8568, Japan",False,False
10.1021/acs.inorgchem.1c02604,6,Hiroki,Ninomiya,Hiroki Ninomiya,https://orcid.org/0000-0001-7236-1241,"National Institute of Advanced Industrial Science and Technology (AIST), Tsukuba, Ibaraki 305-8568, Japan",False,False
10.1021/acs.inorgchem.1c02604,7,Yoshiyuki,Yoshida,Yoshiyuki Yoshida,,"National Institute of Advanced Industrial Science and Technology (AIST), Tsukuba, Ibaraki 305-8568, Japan",False,False
10.1021/acs.inorgchem.1c02604,8,Hiroshi,Eisaki,Hiroshi Eisaki,,"National Institute of Advanced Industrial Science and Technology (AIST), Tsukuba, Ibaraki 305-8568, Japan",False,False
10.1021/acs.inorgchem.1c02604,9,Hishiro T.,Hirose,Hishiro T. Hirose,,"National Institute for Materials Science, Tsukuba, Ibaraki 305-0003, Japan",False,False
10.1021/acs.inorgchem.1c02604,10,Taichi,Terashima,Taichi Terashima,,"National Institute for Materials Science, Tsukuba, Ibaraki 305-0003, Japan",False,False
10.1021/acs.inorgchem.1c02604,11,Kenji,Kawashima,Kenji Kawashima,,"National Institute of Advanced Industrial Science and Technology (AIST), Tsukuba, Ibaraki 305-8568, Japan; IMRA JAPAN Co., Ltd., 2-36 Hachiken-cho, Kariya, Aichi 448-8650, Japan",True,False
10.1021/acs.inorgchem.2c00960,1,Akira,Iyo,Akira Iyo,https://orcid.org/0000-0002-9610-647X,"National Institute of Advanced Industrial Science and Technology (AIST), Tsukuba, Ibaraki 305-8568, Japan",False,True
10.1021/acs.inorgchem.2c00960,2,Hiroshi,Fujihisa,Hiroshi Fujihisa,,"National Institute of Advanced Industrial Science and Technology (AIST), Tsukuba, Ibaraki 305-8568, Japan",False,False
10.1021/acs.inorgchem.2c00960,3,Yoshito,Gotoh,Yoshito Gotoh,,"National Institute of Advanced Industrial Science and Technology (AIST), Tsukuba, Ibaraki 305-8568, Japan",False,False
10.1021/acs.inorgchem.2c00960,4,Shigeyuki,Ishida,Shigeyuki Ishida,https://orcid.org/0000-0001-9445-8079,"National Institute of Advanced Industrial Science and Technology (AIST), Tsukuba, Ibaraki 305-8568, Japan",False,False
10.1021/acs.inorgchem.2c00960,5,Hiroki,Ninomiya,Hiroki Ninomiya,https://orcid.org/0000-0001-7236-1241,"National Institute of Advanced Industrial Science and Technology (AIST), Tsukuba, Ibaraki 305-8568, Japan",False,False
10.1021/acs.inorgchem.2c00960,6,Yoshiyuki,Yoshida,Yoshiyuki Yoshida,,"National Institute of Advanced Industrial Science and Technology (AIST), Tsukuba, Ibaraki 305-8568, Japan",False,False
10.1021/acs.inorgchem.2c00960,7,Hiroshi,Eisaki,Hiroshi Eisaki,,"National Institute of Advanced Industrial Science and Technology (AIST), Tsukuba, Ibaraki 305-8568, Japan",False,False
10.1021/acs.inorgchem.2c00960,8,Kenji,Kawashima,Kenji Kawashima,https://orcid.org/0000-0003-4786-3498,"National Institute of Advanced Industrial Science and Technology (AIST), Tsukuba, Ibaraki 305-8568, Japan; IMRA JAPAN Co., Ltd., Kariya, Aichi 448-8650, Japan",True,False
10.1021/acs.inorgchem.7b01446,1,Akira,Iyo,Akira Iyo,https://orcid.org/0000-0002-9610-647X,"National Institute of Advanced Industrial Science and Technology (AIST), 1-1-1 Umezono, Tsukuba, Ibaraki 305-8568, Japan",False,True
10.1021/acs.inorgchem.7b01446,2,Izumi,Hase,Izumi Hase,,"National Institute of Advanced Industrial Science and Technology (AIST), 1-1-1 Umezono, Tsukuba, Ibaraki 305-8568, Japan",False,False
10.1021/acs.inorgchem.7b01446,3,Kenji,Kawashima,Kenji Kawashima,,"National Institute of Advanced Industrial Science and Technology (AIST), 1-1-1 Umezono, Tsukuba, Ibaraki 305-8568, Japan; IMRA Material R&D Co. Ltd., 2-1 Asahi-machi, Kariya, Aichi 448-0032, Japan",True,False
10.1021/acs.inorgchem.7b01446,4,Shigeyuki,Ishida,Shigeyuki Ishida,,"National Institute of Advanced Industrial Science and Technology (AIST), 1-1-1 Umezono, Tsukuba, Ibaraki 305-8568, Japan",False,False
10.1021/acs.inorgchem.7b01446,5,Hijiri,Kito,Hijiri Kito,,"National Institute of Advanced Industrial Science and Technology (AIST), 1-1-1 Umezono, Tsukuba, Ibaraki 305-8568, Japan",False,False
10.1021/acs.inorgchem.7b01446,6,Nao,Takeshita,Nao Takeshita,,"National Institute of Advanced Industrial Science and Technology (AIST), 1-1-1 Umezono, Tsukuba, Ibaraki 305-8568, Japan",False,False
10.1021/acs.inorgchem.7b01446,7,Kunihiko,Oka,Kunihiko Oka,,"National Institute of Advanced Industrial Science and Technology (AIST), 1-1-1 Umezono, Tsukuba, Ibaraki 305-8568, Japan",False,False
10.1021/acs.inorgchem.7b01446,8,Hiroshi,Fujihisa,Hiroshi Fujihisa,,"National Institute of Advanced Industrial Science and Technology (AIST), 1-1-1 Umezono, Tsukuba, Ibaraki 305-8568, Japan",False,False
10.1021/acs.inorgchem.7b01446,9,Yoshito,Gotoh,Yoshito Gotoh,,"National Institute of Advanced Industrial Science and Technology (AIST), 1-1-1 Umezono, Tsukuba, Ibaraki 305-8568, Japan",False,False
10.1021/acs.inorgchem.7b01446,10,Yoshiyuki,Yoshida,Yoshiyuki Yoshida,,"National Institute of Advanced Industrial Science and Technology (AIST), 1-1-1 Umezono, Tsukuba, Ibaraki 305-8568, Japan",False,False
10.1021/acs.inorgchem.7b01446,11,Hiroshi,Eisaki,Hiroshi Eisaki,,"National Institute of Advanced Industrial Science and Technology (AIST), 1-1-1 Umezono, Tsukuba, Ibaraki 305-8568, Japan",False,False
10.1021/acs.inorgchem.8b01247,1,Akira,Iyo,Akira Iyo,https://orcid.org/0000-0002-9610-647X,"National Institute of Advanced Industrial Science and Technology (AIST), 1-1-1 Umezono, Tsukuba, Ibaraki 305-8568, Japan",False,True
10.1021/acs.inorgchem.8b01247,2,Kenji,Kawashima,Kenji Kawashima,https://orcid.org/0000-0003-4786-3498,"National Institute of Advanced Industrial Science and Technology (AIST), 1-1-1 Umezono, Tsukuba, Ibaraki 305-8568, Japan; IMRA Material R&D Co., Ltd., 2-1 Asahi-machi, Kariya, Aichi 448-0032, Japan",True,False
10.1021/acs.inorgchem.8b01247,3,Shigeyuki,Ishida,Shigeyuki Ishida,,"National Institute of Advanced Industrial Science and Technology (AIST), 1-1-1 Umezono, Tsukuba, Ibaraki 305-8568, Japan",False,False
10.1021/acs.inorgchem.8b01247,4,Hiroshi,Fujihisa,Hiroshi Fujihisa,,"National Institute of Advanced Industrial Science and Technology (AIST), 1-1-1 Umezono, Tsukuba, Ibaraki 305-8568, Japan",False,False
10.1021/acs.inorgchem.8b01247,5,Yoshito,Gotoh,Yoshito Gotoh,,"National Institute of Advanced Industrial Science and Technology (AIST), 1-1-1 Umezono, Tsukuba, Ibaraki 305-8568, Japan",False,False
10.1021/acs.inorgchem.8b01247,6,Yoshiyuki,Yoshida,Yoshiyuki Yoshida,,"National Institute of Advanced Industrial Science and Technology (AIST), 1-1-1 Umezono, Tsukuba, Ibaraki 305-8568, Japan",False,False
10.1021/acs.inorgchem.8b01247,7,Hiroshi,Eisaki,Hiroshi Eisaki,,"National Institute of Advanced Industrial Science and Technology (AIST), 1-1-1 Umezono, Tsukuba, Ibaraki 305-8568, Japan",False,False
10.1021/acs.inorgchem.9b01370,1,Hirofumi,Hazama,Hirofumi Hazama,https://orcid.org/0000-0003-0990-8894,"Toyota Central R&D Labs, Inc., Nagakute, Aichi 480-1192, Japan",True,True
10.1021/acs.inorgchem.9b01370,2,Susumu,Sobue,Susumu Sobue,,"DENSO CORPORATION, Nisshin, Aichi 470-0111, Japan",False,False
10.1021/acs.inorgchem.9b01370,3,Shin,Tajima,Shin Tajima,,"Toyota Central R&D Labs, Inc., Nagakute, Aichi 480-1192, Japan",True,False
10.1021/acs.inorgchem.9b01370,4,Ryoji,Asahi,Ryoji Asahi,,"Toyota Central R&D Labs, Inc., Nagakute, Aichi 480-1192, Japan",True,False
10.1021/acs.inorgchem.9b02709,1,Hiroki,Ninomiya,Hiroki Ninomiya,https://orcid.org/0000-0001-7236-1241,"National Institute of Advanced Industrial Science and Technology (AIST), Tsukuba, Ibaraki 305-8568, Japan",False,True
10.1021/acs.inorgchem.9b02709,2,Kunihiko,Oka,Kunihiko Oka,,"National Institute of Advanced Industrial Science and Technology (AIST), Tsukuba, Ibaraki 305-8568, Japan",False,False
10.1021/acs.inorgchem.9b02709,3,Izumi,Hase,Izumi Hase,,"National Institute of Advanced Industrial Science and Technology (AIST), Tsukuba, Ibaraki 305-8568, Japan",False,False
10.1021/acs.inorgchem.9b02709,4,Kenji,Kawashima,Kenji Kawashima,https://orcid.org/0000-0003-4786-3498,"National Institute of Advanced Industrial Science and Technology (AIST), Tsukuba, Ibaraki 305-8568, Japan; IMRA Material R&D Co., Ltd., Kariya, Aichi 448-0032, Japan",True,False
10.1021/acs.inorgchem.9b02709,5,Hiroshi,Fujihisa,Hiroshi Fujihisa,,"National Institute of Advanced Industrial Science and Technology (AIST), Tsukuba, Ibaraki 305-8568, Japan",False,False
10.1021/acs.inorgchem.9b02709,6,Yoshito,Gotoh,Yoshito Gotoh,,"National Institute of Advanced Industrial Science and Technology (AIST), Tsukuba, Ibaraki 305-8568, Japan",False,False
10.1021/acs.inorgchem.9b02709,7,Shigeyuki,Ishida,Shigeyuki Ishida,https://orcid.org/0000-0001-9445-8079,"National Institute of Advanced Industrial Science and Technology (AIST), Tsukuba, Ibaraki 305-8568, Japan",False,False
10.1021/acs.inorgchem.9b02709,8,Hiraku,Ogino,Hiraku Ogino,,"National Institute of Advanced Industrial Science and Technology (AIST), Tsukuba, Ibaraki 305-8568, Japan",False,False
10.1021/acs.inorgchem.9b02709,9,Akira,Iyo,Akira Iyo,https://orcid.org/0000-0002-9610-647X,"National Institute of Advanced Industrial Science and Technology (AIST), Tsukuba, Ibaraki 305-8568, Japan",False,False
10.1021/acs.inorgchem.9b02709,10,Yoshiyuki,Yoshida,Yoshiyuki Yoshida,,"National Institute of Advanced Industrial Science and Technology (AIST), Tsukuba, Ibaraki 305-8568, Japan",False,False
10.1021/acs.inorgchem.9b02709,11,Hiroshi,Eisaki,Hiroshi Eisaki,,"National Institute of Advanced Industrial Science and Technology (AIST), Tsukuba, Ibaraki 305-8568, Japan",False,False
10.1021/acs.jcim.0c00692,1,Nobuaki,Kikkawa,Nobuaki Kikkawa,https://orcid.org/0000-0002-8351-4060,"Toyota Central R&D Laboratories., Inc., 41-1, Yokomichi, Nagakute, Aichi 480-1192, Japan",True,True
10.1021/acs.jcim.0c00692,2,Seiji,Kajita,Seiji Kajita,,"Toyota Central R&D Laboratories., Inc., 41-1, Yokomichi, Nagakute, Aichi 480-1192, Japan",True,False
10.1021/acs.jcim.0c00692,3,Kensuke,Takechi,Kensuke Takechi,https://orcid.org/0000-0001-6364-0695,"Toyota Central R&D Laboratories., Inc., 41-1, Yokomichi, Nagakute, Aichi 480-1192, Japan",True,False
10.1021/acs.jctc.4c00167,1,Takahiro,Horiba,Takahiro Horiba,https://orcid.org/0000-0002-8610-047X,"Toyota Central Research and Development Laboratories, Inc., 41-1, Yokomichi, Nagakute, Aichi 480-1192, Japan",True,True
10.1021/acs.jctc.4c00167,2,Soichi,Shirai,Soichi Shirai,https://orcid.org/0000-0001-6932-4845,"Toyota Central Research and Development Laboratories, Inc., 41-1, Yokomichi, Nagakute, Aichi 480-1192, Japan",True,False
10.1021/acs.jctc.4c00167,3,Hirotoshi,Hirai,Hirotoshi Hirai,https://orcid.org/0000-0002-9618-3387,"Toyota Central Research and Development Laboratories, Inc., 41-1, Yokomichi, Nagakute, Aichi 480-1192, Japan",True,False
10.1021/acs.jpcc.8b03730,1,Akihiro,Nagoya,Akihiro Nagoya,https://orcid.org/0000-0002-8772-7805,"Toyota Central R&D Labs., Inc., Yokomichi, Nagakute 480-1192, Aichi, Japan",True,True
10.1021/acs.jpcc.8b03730,2,Hiroyuki,Tetsuka,Hiroyuki Tetsuka,,"Toyota Central R&D Labs., Inc., Yokomichi, Nagakute 480-1192, Aichi, Japan",True,False
10.1021/acs.jpcc.8b03730,3,Nobuko,Ohba,Nobuko Ohba,,"Toyota Central R&D Labs., Inc., Yokomichi, Nagakute 480-1192, Aichi, Japan",True,False
10.1021/acs.jpcc.9b01195,1,Kaito,Miyamoto,Kaito Miyamoto,https://orcid.org/0000-0003-1827-5494,"Toyota Central R&D Laboratories, Inc., 41-1, Yokomichi, Nagakute, Aichi 480-1192, Japan",True,True
10.1021/acs.jpcc.9b01195,2,Ryoji,Asahi,Ryoji Asahi,,"Toyota Central R&D Laboratories, Inc., 41-1, Yokomichi, Nagakute, Aichi 480-1192, Japan",True,False
10.1021/acs.jpclett.0c01061,1,Ryosuke,Jinnouchi,Ryosuke Jinnouchi,https://orcid.org/0000-0002-0822-1161,"Toyota Central R&D Laboratories., Inc., Aichi 480-1192, Japan",True,True
10.1021/acs.jpclett.0c01061,2,Kazutoshi,Miwa,Kazutoshi Miwa,,"Toyota Central R&D Laboratories., Inc., Aichi 480-1192, Japan",True,False
10.1021/acs.jpclett.0c01061,3,Ferenc,Karsai,Ferenc Karsai,,"VASP Software GmbH, Sensengasse 8/16, 1090 Vienna, Austria",False,False
10.1021/acs.jpclett.0c01061,4,Georg,Kresse,Georg Kresse,,"Computational Materials Physics, Faculty of Physics, University of Vienna, Sensengasse 8/12, 1090 Vienna, Austria",False,False
10.1021/acs.jpclett.0c01061,5,Ryoji,Asahi,Ryoji Asahi,https://orcid.org/0000-0002-2658-6260,"Toyota Central R&D Laboratories., Inc., Aichi 480-1192, Japan",True,False
10.1021/acs.jpclett.0c01877,1,Yoko,Hase,Yoko Hase,https://orcid.org/0000-0001-8805-7922,"Toyota Central R&D Laboratories., Inc., 41-1 Yokomichi, Nagakute, Aichi 480-1192, Japan",True,True
10.1021/acs.jpclett.0c01877,2,Kiho,Nishioka,Kiho Nishioka,,"Department of Chemistry, Graduate School of Engineering Science, Osaka University, 1-3 Machikaneyama, Toyonaka, Osaka 560−8531, Japan",False,False
10.1021/acs.jpclett.0c01877,3,Yasuhiro,Komori,Yasuhiro Komori,,"Department of Chemistry, Graduate School of Engineering Science, Osaka University, 1-3 Machikaneyama, Toyonaka, Osaka 560−8531, Japan",False,False
10.1021/acs.jpclett.0c01877,4,Takayoshi,Kusumoto,Takayoshi Kusumoto,,"Department of Chemistry, Graduate School of Engineering Science, Osaka University, 1-3 Machikaneyama, Toyonaka, Osaka 560−8531, Japan",False,False
10.1021/acs.jpclett.0c01877,5,Juntaro,Seki,Juntaro Seki,,"Toyota Central R&D Laboratories., Inc., 41-1 Yokomichi, Nagakute, Aichi 480-1192, Japan",True,False
10.1021/acs.jpclett.0c01877,6,Kazuhide,Kamiya,Kazuhide Kamiya,https://orcid.org/0000-0002-6018-9277,"Department of Chemistry, Graduate School of Engineering Science, Osaka University, 1-3 Machikaneyama, Toyonaka, Osaka 560−8531, Japan; Research Center for Solar Energy Chemistry, Osaka University, 1-3 Machikaneyama, Toyonaka, Osaka 560-8531, Japan",False,False
10.1021/acs.jpclett.0c01877,7,Shuji,Nakanishi,Shuji Nakanishi,https://orcid.org/0000-0002-3313-2689,"Department of Chemistry, Graduate School of Engineering Science, Osaka University, 1-3 Machikaneyama, Toyonaka, Osaka 560−8531, Japan; Research Center for Solar Energy Chemistry, Osaka University, 1-3 Machikaneyama, Toyonaka, Osaka 560-8531, Japan",False,False
10.1021/acs.jpclett.8b00162,1,Kenji,Kawashima,Kenji Kawashima,https://orcid.org/0000-0003-4786-3498,"IMRA Material R&D Co., Ltd., 2-1 Asahi-machi, Kariya, Aichi 448-0032, Japan; National Institute of Advanced Industrial Science and Technology (AIST), 1-1-1 Umezono, Tsukuba, Ibaraki 305-8568, Japan",True,True
10.1021/acs.jpclett.8b00162,2,Shigeyuki,Ishida,Shigeyuki Ishida,,"National Institute of Advanced Industrial Science and Technology (AIST), 1-1-1 Umezono, Tsukuba, Ibaraki 305-8568, Japan",False,False
10.1021/acs.jpclett.8b00162,3,Hiroshi,Fujihisa,Hiroshi Fujihisa,,"National Institute of Advanced Industrial Science and Technology (AIST), 1-1-1 Umezono, Tsukuba, Ibaraki 305-8568, Japan",False,False
10.1021/acs.jpclett.8b00162,4,Yoshito,Gotoh,Yoshito Gotoh,,"National Institute of Advanced Industrial Science and Technology (AIST), 1-1-1 Umezono, Tsukuba, Ibaraki 305-8568, Japan",False,False
10.1021/acs.jpclett.8b00162,5,Kunihiro,Kihou,Kunihiro Kihou,https://orcid.org/0000-0003-3065-4147,"National Institute of Advanced Industrial Science and Technology (AIST), 1-1-1 Umezono, Tsukuba, Ibaraki 305-8568, Japan",False,False
10.1021/acs.jpclett.8b00162,6,Yoshiyuki,Yoshida,Yoshiyuki Yoshida,,"National Institute of Advanced Industrial Science and Technology (AIST), 1-1-1 Umezono, Tsukuba, Ibaraki 305-8568, Japan",False,False
10.1021/acs.jpclett.8b00162,7,Hiroshi,Eisaki,Hiroshi Eisaki,,"National Institute of Advanced Industrial Science and Technology (AIST), 1-1-1 Umezono, Tsukuba, Ibaraki 305-8568, Japan",False,False
10.1021/acs.jpclett.8b00162,8,Hiraku,Ogino,Hiraku Ogino,,"National Institute of Advanced Industrial Science and Technology (AIST), 1-1-1 Umezono, Tsukuba, Ibaraki 305-8568, Japan",False,False
10.1021/acs.jpclett.8b00162,9,Akira,Iyo,Akira Iyo,https://orcid.org/0000-0002-9610-647X,"National Institute of Advanced Industrial Science and Technology (AIST), 1-1-1 Umezono, Tsukuba, Ibaraki 305-8568, Japan",False,False
10.1021/acs.jpclett.9b00321,1,Akira,Iyo,Akira Iyo,https://orcid.org/0000-0002-9610-647X,"National Institute of Advanced Industrial Science and Technology (AIST), 1-1-1 Umezono, Tsukuba, Ibaraki 305-8568, Japan",False,True
10.1021/acs.jpclett.9b00321,2,Shigeyuki,Ishida,Shigeyuki Ishida,https://orcid.org/0000-0001-9445-8079,"National Institute of Advanced Industrial Science and Technology (AIST), 1-1-1 Umezono, Tsukuba, Ibaraki 305-8568, Japan",False,False
10.1021/acs.jpclett.9b00321,3,Hiroshi,Fujihisa,Hiroshi Fujihisa,,"National Institute of Advanced Industrial Science and Technology (AIST), 1-1-1 Umezono, Tsukuba, Ibaraki 305-8568, Japan",False,False
10.1021/acs.jpclett.9b00321,4,Yoshito,Gotoh,Yoshito Gotoh,,"National Institute of Advanced Industrial Science and Technology (AIST), 1-1-1 Umezono, Tsukuba, Ibaraki 305-8568, Japan",False,False
10.1021/acs.jpclett.9b00321,5,Izumi,Hase,Izumi Hase,,"National Institute of Advanced Industrial Science and Technology (AIST), 1-1-1 Umezono, Tsukuba, Ibaraki 305-8568, Japan",False,False
10.1021/acs.jpclett.9b00321,6,Yoshiyuki,Yoshida,Yoshiyuki Yoshida,,"National Institute of Advanced Industrial Science and Technology (AIST), 1-1-1 Umezono, Tsukuba, Ibaraki 305-8568, Japan",False,False
10.1021/acs.jpclett.9b00321,7,Hiroshi,Eisaki,Hiroshi Eisaki,,"National Institute of Advanced Industrial Science and Technology (AIST), 1-1-1 Umezono, Tsukuba, Ibaraki 305-8568, Japan",False,False
10.1021/acs.jpclett.9b00321,8,Kenji,Kawashima,Kenji Kawashima,https://orcid.org/0000-0003-4786-3498,"National Institute of Advanced Industrial Science and Technology (AIST), 1-1-1 Umezono, Tsukuba, Ibaraki 305-8568, Japan; IMRA Material R&D Co., Ltd., 2-1 Asahi-machi, Kariya, Aichi 448-0032, Japan",True,False
10.1021/acs.jpclett.9b01670,1,Nobuhiro,Ogihara,Nobuhiro Ogihara,https://orcid.org/0000-0002-6305-6859,"Toyota Central R&D Laboratories, Inc., Nagakute, Aichi 480-1192, Japan",True,True
10.1021/acs.jpclett.9b01670,2,Yuichi,Itou,Yuichi Itou,,"Toyota Central R&D Laboratories, Inc., Nagakute, Aichi 480-1192, Japan",True,False
10.1021/acs.jpclett.9b01670,3,Shigehiro,Kawauchi,Shigehiro Kawauchi,,"Toyota Central R&D Laboratories, Inc., Nagakute, Aichi 480-1192, Japan",True,False
10.1021/acs.langmuir.6b03145,1,Yasuo,Nakashima,Yasuo Nakashima,,"Aisin Cosmos R&D Co., Ltd., Kisarazu, Chiba 292-0818, Japan",True,True
10.1021/acs.langmuir.6b03145,2,Norihiro,Mizoshita,Norihiro Mizoshita,,"Toyota Central R&D Labs., Inc., Nagakute, Aichi 480-1192, Japan",True,False
10.1021/acs.langmuir.6b03145,3,Hiromitsu,Tanaka,Hiromitsu Tanaka,,"Toyota Central R&D Labs., Inc., Nagakute, Aichi 480-1192, Japan",True,False
10.1021/acs.langmuir.6b03145,4,Yuichiro,Nakaoki,Yuichiro Nakaoki,,"Aisin Cosmos R&D Co., Ltd., Kisarazu, Chiba 292-0818, Japan",True,False
10.1021/acsaem.0c02971,1,Hirotaka,Yonekura,Hirotaka Yonekura,https://orcid.org/0000-0002-0946-5870,"Toyota Central R&D Labs., Inc., 41-1, Yokomichi, Nagakute, Aichi 480-1192, Japan",True,True
10.1021/acsaem.0c02971,2,Yusuke,Akimoto,Yusuke Akimoto,,"Toyota Central R&D Labs., Inc., 41-1, Yokomichi, Nagakute, Aichi 480-1192, Japan",True,False
10.1021/acsaem.0c02971,3,Hiroshi,Nakamura,Hiroshi Nakamura,,"Toyota Central R&D Labs., Inc., 41-1, Yokomichi, Nagakute, Aichi 480-1192, Japan",True,False
10.1021/acsaem.2c01721,1,Yoshinari,Makimura,Yoshinari Makimura,https://orcid.org/0000-0001-8170-9326,"Toyota Central R&D Labs., Inc.",True,True
10.1021/acsaem.2c01721,2,Keita,Niitani,Keita Niitani,https://orcid.org/0000-0001-7928-201X,Toyota Motor Corporation,True,False
10.1021/acsaem.2c01721,3,Ippei,Goto,Ippei Goto,,Toyota Motor Corporation,True,False
10.1021/acsaem.2c01721,4,Akira,Tsujiko,Akira Tsujiko,,Toyota Motor Corporation,True,False
10.1021/acsaem.2c01721,5,Hideaki,Oka,Hideaki Oka,https://orcid.org/0000-0003-0166-3343,"Toyota Central R&D Labs., Inc.",True,False
10.1021/acsaem.2c01721,6,Takamasa,Nonaka,Takamasa Nonaka,https://orcid.org/0000-0001-6967-9574,"Toyota Central R&D Labs., Inc.",True,False
10.1021/acsaem.2c01721,7,Takeshi,Abe,Takeshi Abe,,Toyota Motor Corporation,True,False
10.1021/acsami.2c01594,1,Wataru,Yoshimune,Wataru Yoshimune,https://orcid.org/0000-0001-8768-0122,"Toyota Central R&D Labs., Inc., 41-1 Yokomichi, Nagakute 480-1192 Aichi, Japan",True,True
10.1021/acsami.2c01594,2,Satoru,Kato,Satoru Kato,https://orcid.org/0000-0002-5590-8652,"Toyota Central R&D Labs., Inc., 41-1 Yokomichi, Nagakute 480-1192 Aichi, Japan",True,False
10.1021/acsami.2c01594,3,Masashi,Harada,Masashi Harada,https://orcid.org/0000-0002-0263-6702,"Toyota Central R&D Labs., Inc., 41-1 Yokomichi, Nagakute 480-1192 Aichi, Japan",True,False
10.1021/acsami.2c02868,1,Yuji,Mahara,Yuji Mahara,https://orcid.org/0000-0002-1480-7994,"Toyota Central R&D Laboratories, Inc., Nagakute, Aichi 480-1192, Japan",True,True
10.1021/acsami.2c02868,2,Naoyuki,Nagasako,Naoyuki Nagasako,,"Toyota Central R&D Laboratories, Inc., Nagakute, Aichi 480-1192, Japan",True,False
10.1021/acsami.2c02868,3,Hideaki,Oka,Hideaki Oka,https://orcid.org/0000-0003-0166-3343,"Toyota Central R&D Laboratories, Inc., Nagakute, Aichi 480-1192, Japan",True,False
10.1021/acsami.2c02868,4,Yasuhito,Kondo,Yasuhito Kondo,,"Toyota Central R&D Laboratories, Inc., Nagakute, Aichi 480-1192, Japan",True,False
10.1021/acsami.2c02868,5,Satoru,Kosaka,Satoru Kosaka,,"Toyota Central R&D Laboratories, Inc., Nagakute, Aichi 480-1192, Japan",True,False
10.1021/acsami.2c02868,6,Hiroyuki,Nakano,Hiroyuki Nakano,https://orcid.org/0000-0003-0316-4820,"Toyota Central R&D Laboratories, Inc., Nagakute, Aichi 480-1192, Japan",True,False
10.1021/acsami.2c02868,7,Takamasa,Nonaka,Takamasa Nonaka,https://orcid.org/0000-0001-6967-9574,"Toyota Central R&D Laboratories, Inc., Nagakute, Aichi 480-1192, Japan",True,False
10.1021/acsami.2c02868,8,Yoshinari,Makimura,Yoshinari Makimura,https://orcid.org/0000-0001-8170-9326,"Toyota Central R&D Laboratories, Inc., Nagakute, Aichi 480-1192, Japan",True,False
10.1021/acsami.2c06471,1,Hiroyuki,Kawaura,Hiroyuki Kawaura,https://orcid.org/0000-0002-6805-8124,"Toyota Central Research & Development Laboratories, Inc., 41-1 Yokomichi, Nagakute, Aichi 480-1192, Japan",True,True
10.1021/acsami.2c06471,2,Masashi,Harada,Masashi Harada,https://orcid.org/0000-0002-0263-6702,"Toyota Central Research & Development Laboratories, Inc., 41-1 Yokomichi, Nagakute, Aichi 480-1192, Japan",True,False
10.1021/acsami.2c06471,3,Yasuhito,Kondo,Yasuhito Kondo,,"Toyota Central Research & Development Laboratories, Inc., 41-1 Yokomichi, Nagakute, Aichi 480-1192, Japan",True,False
10.1021/acsami.2c06471,4,Mamoru,Mizutani,Mamoru Mizutani,,"Toyota Central Research & Development Laboratories, Inc., 41-1 Yokomichi, Nagakute, Aichi 480-1192, Japan",True,False
10.1021/acsami.2c06471,5,Naoko,Takahashi,Naoko Takahashi,,"Toyota Central Research & Development Laboratories, Inc., 41-1 Yokomichi, Nagakute, Aichi 480-1192, Japan",True,False
10.1021/acsami.2c06471,6,Norifumi L.,Yamada,Norifumi L. Yamada,https://orcid.org/0000-0002-8370-4526,"Institute of Materials Structure Science, High Energy Accelerator Research Organization, 203-1 Shirakata, Tokai-Mura, Naka-gun, Ibaraki 319-1106, Japan",False,False
10.1021/acsami.2c09298,1,Shougo,Higashi,Shougo Higashi,https://orcid.org/0000-0002-7887-4117,"Toyota Central R&D Laboratories, Inc., 41-1 Nagakute, Aichi 480-1192, Japan",True,True
10.1021/acsami.2c09298,2,Takayuki,Matsui,Takayuki Matsui,https://orcid.org/0000-0002-1184-3332,"Toyota Central R&D Laboratories, Inc., 41-1 Nagakute, Aichi 480-1192, Japan",True,False
10.1021/acsami.2c09298,3,Atsushi,Beniya,Atsushi Beniya,https://orcid.org/0000-0003-1480-4862,"Toyota Central R&D Laboratories, Inc., 41-1 Nagakute, Aichi 480-1192, Japan",True,False
10.1021/acsami.2c14574,1,Wataru,Yoshimune,Wataru Yoshimune,https://orcid.org/0000-0001-8768-0122,"Toyota Central R&D Labs, Inc., 41-1 Yokomichi, Nagakute, Aichi480-1192, Japan",True,True
10.1021/acsami.2c14574,2,Nobuaki,Kikkawa,Nobuaki Kikkawa,https://orcid.org/0000-0002-8351-4060,"Toyota Central R&D Labs, Inc., 41-1 Yokomichi, Nagakute, Aichi480-1192, Japan",True,False
10.1021/acsami.2c14574,3,Hiroaki,Yoneyama,Hiroaki Yoneyama,,"Toyota Central R&D Labs, Inc., 41-1 Yokomichi, Nagakute, Aichi480-1192, Japan",True,False
10.1021/acsami.2c14574,4,Naoko,Takahashi,Naoko Takahashi,,"Toyota Central R&D Labs, Inc., 41-1 Yokomichi, Nagakute, Aichi480-1192, Japan",True,False
10.1021/acsami.2c14574,5,Saori,Minami,Saori Minami,,"Toyota Central R&D Labs, Inc., 41-1 Yokomichi, Nagakute, Aichi480-1192, Japan",True,False
10.1021/acsami.2c14574,6,Yusuke,Akimoto,Yusuke Akimoto,,"Toyota Central R&D Labs, Inc., 41-1 Yokomichi, Nagakute, Aichi480-1192, Japan",True,False
10.1021/acsami.2c14574,7,Takuya,Mitsuoka,Takuya Mitsuoka,,"Toyota Central R&D Labs, Inc., 41-1 Yokomichi, Nagakute, Aichi480-1192, Japan",True,False
10.1021/acsami.2c14574,8,Hiroyuki,Kawaura,Hiroyuki Kawaura,https://orcid.org/0000-0002-6805-8124,"Toyota Central R&D Labs, Inc., 41-1 Yokomichi, Nagakute, Aichi480-1192, Japan",True,False
10.1021/acsami.2c14574,9,Masashi,Harada,Masashi Harada,https://orcid.org/0000-0002-0263-6702,"Toyota Central R&D Labs, Inc., 41-1 Yokomichi, Nagakute, Aichi480-1192, Japan",True,False
10.1021/acsami.2c14574,10,Norifumi L.,Yamada,Norifumi L. Yamada,https://orcid.org/0000-0002-8370-4526,"Institute of Materials Structure Science, High Energy Accelerator Research Organization, Naka-gun, Ibaraki319-1106, Japan",False,False
10.1021/acsami.2c14574,11,Hiroyuki,Aoki,Hiroyuki Aoki,https://orcid.org/0000-0001-7521-2743,"Institute of Materials Structure Science, High Energy Accelerator Research Organization, Naka-gun, Ibaraki319-1106, Japan; Materials and Life Science Division, J-PARC Center, Japan Atomic Energy Agency, Naka-gun, Ibaraki319-1195, Japan",False,False
10.1021/acsami.2c19593,1,Yoshitake,Suganuma,Yoshitake Suganuma,https://orcid.org/0000-0003-2410-9214,"Department of Materials Science and Metallurgy, University of Cambridge, 27 Charles Babbage Rd, CB3 0FSCambridge, United Kingdom",False,True
10.1021/acsami.2c19593,2,James A.,Elliott,James A. Elliott,https://orcid.org/0000-0002-4887-6250,"Department of Materials Science and Metallurgy, University of Cambridge, 27 Charles Babbage Rd, CB3 0FSCambridge, United Kingdom",False,False
10.1021/acsami.3c00397,1,Takayuki,Hirai,Takayuki Hirai,https://orcid.org/0000-0002-1514-2410,"Toyota Central R&D Laboratories, Inc., 41-1 Yokomichi, Nagakute 480-1192, Japan",True,True
10.1021/acsami.3c00397,2,Ko,Kugimoto,Ko Kugimoto,https://orcid.org/0000-0002-2313-6029,"Toyota Central R&D Laboratories, Inc., 41-1 Yokomichi, Nagakute 480-1192, Japan",True,False
10.1021/acsami.3c00397,3,Shin,Oyama,Shin Oyama,,"Toyota Central R&D Laboratories, Inc., 41-1 Yokomichi, Nagakute 480-1192, Japan",True,False
10.1021/acsami.3c00397,4,Yasuhiko,Takeda,Yasuhiko Takeda,https://orcid.org/0000-0002-0874-4560,"Toyota Central R&D Laboratories, Inc., 41-1 Yokomichi, Nagakute 480-1192, Japan",True,False
10.1021/acsami.3c01400,1,Keisuke,Shigetoh,Keisuke Shigetoh,https://orcid.org/0000-0001-7296-5627,"Toyota Central R&D Labs., Inc., 41-1 Yokomichi, Nagakute, Aichi 480-1192, Japan",True,True
10.1021/acsami.3c01400,2,Rie,Hirao,Rie Hirao,,"Toyota Central R&D Labs., Inc., 41-1 Yokomichi, Nagakute, Aichi 480-1192, Japan",True,False
10.1021/acsami.3c01400,3,Nobuhiro,Ishida,Nobuhiro Ishida,https://orcid.org/0000-0002-3783-3693,"Toyota Central R&D Labs., Inc., 41-1 Yokomichi, Nagakute, Aichi 480-1192, Japan",True,False
10.1021/acsami.3c05521,1,Hiroyuki,Kawaura,Hiroyuki Kawaura,https://orcid.org/0000-0002-6805-8124,"Toyota Central R&D Laboratories., Inc., 41-1 Yokomichi, Nagakute, Aichi 480-1192, Japan",True,True
10.1021/acsami.3c05521,2,Ryo,Suzuki,Ryo Suzuki,,"Toyota Central R&D Laboratories., Inc., 41-1 Yokomichi, Nagakute, Aichi 480-1192, Japan",True,False
10.1021/acsami.3c05521,3,Yasuhito,Kondo,Yasuhito Kondo,,"Toyota Central R&D Laboratories., Inc., 41-1 Yokomichi, Nagakute, Aichi 480-1192, Japan",True,False
10.1021/acsami.3c05521,4,Yuji,Mahara,Yuji Mahara,https://orcid.org/0000-0002-1480-7994,"Toyota Central R&D Laboratories., Inc., 41-1 Yokomichi, Nagakute, Aichi 480-1192, Japan",True,False
10.1021/acsami.3c08432,1,Masashi,Harada,Masashi Harada,https://orcid.org/0000-0002-0263-6702,"Toyota Central R&D Laboratories, Inc., 41-1 Yokomichi, Nagakute, Aichi 480-1192, Japan",True,True
10.1021/acsami.3c08432,2,Hiroaki,Kadoura,Hiroaki Kadoura,,"Toyota Central R&D Laboratories, Inc., 41-1 Yokomichi, Nagakute, Aichi 480-1192, Japan",True,False
10.1021/acsami.3c08432,3,Shin-ichi,Takata,Shin-ichi Takata,https://orcid.org/0000-0002-5116-7359,"J-PARC Center, Japan Atomic Energy Agency, Tokai, Ibaraki 319-1195, Japan",False,False
10.1021/acsami.3c08432,4,Hiroki,Iwase,Hiroki Iwase,https://orcid.org/0000-0003-4038-7839,"Neutron Science and Technology Center, Comprehensive Research Organization for Science and Society (CROSS), Tokai, Ibaraki 319-1106, Japan",False,False
10.1021/acsami.3c08432,5,Shuji,Kajiya,Shuji Kajiya,,"Toyota Central R&D Laboratories, Inc., 41-1 Yokomichi, Nagakute, Aichi 480-1192, Japan",True,False
10.1021/acsami.3c08432,6,Takahisa,Suzuki,Takahisa Suzuki,,"Toyota Central R&D Laboratories, Inc., 41-1 Yokomichi, Nagakute, Aichi 480-1192, Japan",True,False
10.1021/acsami.3c08432,7,Naoki,Hasegawa,Naoki Hasegawa,,"Toyota Central R&D Laboratories, Inc., 41-1 Yokomichi, Nagakute, Aichi 480-1192, Japan",True,False
10.1021/acsami.3c08432,8,Akihiro,Shinohara,Akihiro Shinohara,,"Toyota Central R&D Laboratories, Inc., 41-1 Yokomichi, Nagakute, Aichi 480-1192, Japan",True,False
10.1021/acsami.3c08432,9,Satoru,Kato,Satoru Kato,https://orcid.org/0000-0002-5590-8652,"Toyota Central R&D Laboratories, Inc., 41-1 Yokomichi, Nagakute, Aichi 480-1192, Japan",True,False
10.1021/acsami.3c15125,1,Rie,Hirao,Rie Hirao,,"Toyota Central R&D Labs, Inc., Nagakute, Aichi 480-1192, Japan",True,True
10.1021/acsami.3c15125,2,Hisato,Takeuchi,Hisato Takeuchi,,"Toyota Central R&D Labs, Inc., Nagakute, Aichi 480-1192, Japan",True,False
10.1021/acsami.3c15125,3,Jumpei,Kawada,Jumpei Kawada,,"Toyota Central R&D Labs, Inc., Nagakute, Aichi 480-1192, Japan",True,False
10.1021/acsami.3c15125,4,Nobuhiro,Ishida,Nobuhiro Ishida,https://orcid.org/0000-0002-3783-3693,"Toyota Central R&D Labs, Inc., Nagakute, Aichi 480-1192, Japan",True,False
10.1021/acsami.4c00626,1,Yumi,Inagaki,Yumi Inagaki,https://orcid.org/0000-0002-8160-7298,"Toyota Central R&D Laboratories, Inc., Nagakute, Aichi 480-1192, Japan",True,True
10.1021/acsami.4c00626,2,Masakazu,Murase,Masakazu Murase,https://orcid.org/0000-0002-1512-9080,"Toyota Central R&D Laboratories, Inc., Nagakute, Aichi 480-1192, Japan",True,False
10.1021/acsami.4c00626,3,Hiromitsu,Tanaka,Hiromitsu Tanaka,https://orcid.org/0000-0001-7736-8872,"Toyota Central R&D Laboratories, Inc., Nagakute, Aichi 480-1192, Japan",True,False
10.1021/acsami.4c00626,4,Daisuke,Nakamura,Daisuke Nakamura,https://orcid.org/0000-0002-7808-0528,"Toyota Central R&D Laboratories, Inc., Nagakute, Aichi 480-1192, Japan",True,False
10.1021/acsami.4c01794,1,Masanori,Inaba,Masanori Inaba,https://orcid.org/0000-0002-2292-7961,"Toyota Central R&D Laboratories., Inc., Nagakute, Aichi 480-1192, Japan",True,True
10.1021/acsami.4c01794,2,Ryuichi,Murase,Ryuichi Murase,,"Toyota Central R&D Laboratories., Inc., Nagakute, Aichi 480-1192, Japan",True,False
10.1021/acsami.4c01794,3,Tomohiro,Takeshita,Tomohiro Takeshita,,"Toyota Central R&D Laboratories., Inc., Nagakute, Aichi 480-1192, Japan",True,False
10.1021/acsami.4c01794,4,Kazuhisa,Yano,Kazuhisa Yano,,"Toyota Central R&D Laboratories., Inc., Nagakute, Aichi 480-1192, Japan",True,False
10.1021/acsami.4c01794,5,Satoru,Kosaka,Satoru Kosaka,,"Toyota Central R&D Laboratories., Inc., Nagakute, Aichi 480-1192, Japan",True,False
10.1021/acsami.4c01794,6,Naoko,Takahashi,Naoko Takahashi,,"Toyota Central R&D Laboratories., Inc., Nagakute, Aichi 480-1192, Japan",True,False
10.1021/acsami.4c01794,7,Noritake,Isomura,Noritake Isomura,https://orcid.org/0000-0002-8333-7295,"Toyota Central R&D Laboratories., Inc., Nagakute, Aichi 480-1192, Japan",True,False
10.1021/acsami.4c01794,8,Keiichiro,Oh-ishi,Keiichiro Oh-ishi,,"Toyota Central R&D Laboratories., Inc., Nagakute, Aichi 480-1192, Japan",True,False
10.1021/acsami.4c01794,9,Wataru,Yoshimune,Wataru Yoshimune,https://orcid.org/0000-0001-8768-0122,"Toyota Central R&D Laboratories., Inc., Nagakute, Aichi 480-1192, Japan",True,False
10.1021/acsami.4c01794,10,Kimihiro,Tsuchiya,Kimihiro Tsuchiya,,"Toyota Motor Corporation, Susono,Shizuoka410-1193, Japan",True,False
10.1021/acsami.4c01794,11,Takeshi,Nobukawa,Takeshi Nobukawa,,"Toyota Motor Corporation, Susono,Shizuoka410-1193, Japan",True,False
10.1021/acsami.4c01794,12,Kensaku,Kodama,Kensaku Kodama,https://orcid.org/0000-0003-1120-6306,"Toyota Central R&D Laboratories., Inc., Nagakute, Aichi 480-1192, Japan",True,False
10.1021/acsami.4c07867,1,Wataru,Yoshimune,Wataru Yoshimune,https://orcid.org/0000-0001-8768-0122,"Toyota Central R&D Laboratories, Inc., 41-1 Yokomichi, Nagakute, Aichi 480-1192, Japan",True,True
10.1021/acsami.4c07867,2,Akihiko,Kato,Akihiko Kato,,"Toyota Central R&D Laboratories, Inc., 41-1 Yokomichi, Nagakute, Aichi 480-1192, Japan",True,False
10.1021/acsami.4c07867,3,Satoshi,Yamaguchi,Satoshi Yamaguchi,https://orcid.org/0000-0003-3531-124X,"Toyota Central R&D Laboratories, Inc., 41-1 Yokomichi, Nagakute, Aichi 480-1192, Japan",True,False
10.1021/acsami.4c07867,4,Shogo,Hibi,Shogo Hibi,,"Toyota Central R&D Laboratories, Inc., 41-1 Yokomichi, Nagakute, Aichi 480-1192, Japan",True,False
10.1021/acsami.4c07867,5,Satoru,Kato,Satoru Kato,https://orcid.org/0000-0002-5590-8652,"Toyota Central R&D Laboratories, Inc., 41-1 Yokomichi, Nagakute, Aichi 480-1192, Japan",True,False
10.1021/acsami.8b18088,1,Taishi,Kimura,Taishi Kimura,https://orcid.org/0000-0002-1284-1814,"Toyota Central R&D Labs., Inc., Nagakute, Aichi 480-1192, Japan",True,True
10.1021/acsami.8b18088,2,Shunsuke,Sato,Shunsuke Sato,https://orcid.org/0000-0001-8178-7367,"Toyota Central R&D Labs., Inc., Nagakute, Aichi 480-1192, Japan",True,False
10.1021/acsami.8b18088,3,Keita,Kataoka,Keita Kataoka,,"Toyota Central R&D Labs., Inc., Nagakute, Aichi 480-1192, Japan",True,False
10.1021/acsami.8b18088,4,Takeshi,Morikawa,Takeshi Morikawa,,"Toyota Central R&D Labs., Inc., Nagakute, Aichi 480-1192, Japan",True,False
10.1021/acsami.8b18088,5,Daisuke,Nakamura,Daisuke Nakamura,https://orcid.org/0000-0002-7808-0528,"Toyota Central R&D Labs., Inc., Nagakute, Aichi 480-1192, Japan",True,False
10.1021/acsanm.1c02563,1,Keita,Funayama,Keita Funayama,https://orcid.org/0000-0002-8868-3613,"Toyota Central Research & Development Laboratories, Inc., Nagakute 480-1192, Japan; Department of Electronics, Nagoya University, Nagoya 464-8603, Japan",True,True
10.1021/acsanm.1c02563,2,Hiroya,Tanaka,Hiroya Tanaka,,"Toyota Central Research & Development Laboratories, Inc., Nagakute 480-1192, Japan",True,False
10.1021/acsanm.1c02563,3,Jun,Hirotani,Jun Hirotani,,"Department of Electronics, Nagoya University, Nagoya 464-8603, Japan",False,False
10.1021/acsanm.1c02563,4,Keiichi,Shimaoka,Keiichi Shimaoka,,"Toyota Central Research & Development Laboratories, Inc., Nagakute 480-1192, Japan",True,False
10.1021/acsanm.1c02563,5,Yutaka,Ohno,Yutaka Ohno,,"Department of Electronics, Nagoya University, Nagoya 464-8603, Japan; Institute of Materials and Systems for Sustainability, Nagoya University, Nagoya 464-8603, Japan",False,False
10.1021/acsanm.1c02563,6,Yukihiro,Tadokoro,Yukihiro Tadokoro,,"Toyota Central Research & Development Laboratories, Inc., Nagakute 480-1192, Japan",True,False
10.1021/acscatal.0c01593,1,Naonari,Sakamoto,Naonari Sakamoto,https://orcid.org/0000-0002-6159-4792,"Toyota Central R&D Laboratories Inc., 41-1, Nagakute, Aichi 480-1192, Japan",True,True
10.1021/acscatal.0c01593,2,Yusaku F.,Nishimura,Yusaku F. Nishimura,https://orcid.org/0000-0002-2672-8732,"Toyota Central R&D Laboratories Inc., 41-1, Nagakute, Aichi 480-1192, Japan",True,False
10.1021/acscatal.0c01593,3,Takamasa,Nonaka,Takamasa Nonaka,https://orcid.org/0000-0001-6967-9574,"Toyota Central R&D Laboratories Inc., 41-1, Nagakute, Aichi 480-1192, Japan",True,False
10.1021/acscatal.0c01593,4,Masataka,Ohashi,Masataka Ohashi,https://orcid.org/0000-0002-4465-4001,"Toyota Central R&D Laboratories Inc., 41-1, Nagakute, Aichi 480-1192, Japan",True,False
10.1021/acscatal.0c01593,5,Nobuhiro,Ishida,Nobuhiro Ishida,,"Toyota Central R&D Laboratories Inc., 41-1, Nagakute, Aichi 480-1192, Japan",True,False
10.1021/acscatal.0c01593,6,Kosuke,Kitazumi,Kosuke Kitazumi,,"Toyota Central R&D Laboratories Inc., 41-1, Nagakute, Aichi 480-1192, Japan",True,False
10.1021/acscatal.0c01593,7,Yuichi,Kato,Yuichi Kato,,"Toyota Central R&D Laboratories Inc., 41-1, Nagakute, Aichi 480-1192, Japan",True,False
10.1021/acscatal.0c01593,8,Keita,Sekizawa,Keita Sekizawa,,"Toyota Central R&D Laboratories Inc., 41-1, Nagakute, Aichi 480-1192, Japan",True,False
10.1021/acscatal.0c01593,9,Takeshi,Morikawa,Takeshi Morikawa,https://orcid.org/0000-0002-4985-0925,"Toyota Central R&D Laboratories Inc., 41-1, Nagakute, Aichi 480-1192, Japan",True,False
10.1021/acscatal.0c01593,10,Takeo,Arai,Takeo Arai,,"Toyota Central R&D Laboratories Inc., 41-1, Nagakute, Aichi 480-1192, Japan",True,False
10.1021/acscatal.1c03948,1,Atsushi,Beniya,Atsushi Beniya,https://orcid.org/0000-0003-1480-4862,"Toyota Central R&D Labs, Inc., 41-1 Yokomichi, Nagakute, Aichi 480-1192, Japan",True,True
10.1021/acscatal.1c03948,2,Kazutoshi,Miwa,Kazutoshi Miwa,,"Toyota Central R&D Labs, Inc., 41-1 Yokomichi, Nagakute, Aichi 480-1192, Japan",True,False
10.1021/acscatal.1c03948,3,Hirohito,Hirata,Hirohito Hirata,,"Toyota Motor Corporation, 1200 Mishuku, Susono, Shizuoka 410-1193, Japan",True,False
10.1021/acscatal.1c03948,4,Yoshihide,Watanabe,Yoshihide Watanabe,https://orcid.org/0000-0001-9999-0486,"Toyota Central R&D Labs, Inc., 41-1 Yokomichi, Nagakute, Aichi 480-1192, Japan",True,False
10.1021/acscatal.1c03948,5,Shougo,Higashi,Shougo Higashi,https://orcid.org/0000-0002-7887-4117,"Toyota Central R&D Labs, Inc., 41-1 Yokomichi, Nagakute, Aichi 480-1192, Japan",True,False
10.1021/acsenergylett.3c01096,1,Wataru,Yoshimune,Wataru Yoshimune,https://orcid.org/0000-0001-8768-0122,"Toyota Central R&D Laboratories, Inc., 41-1 Yokomichi, Nagakute, Aichi 480-1192, Japan",True,True
10.1021/acsenergylett.3c01096,2,Yuki,Higuchi,Yuki Higuchi,,"Toyota Central R&D Laboratories, Inc., 41-1 Yokomichi, Nagakute, Aichi 480-1192, Japan",True,False
10.1021/acsenergylett.3c01096,3,Akihiko,Kato,Akihiko Kato,,"Toyota Central R&D Laboratories, Inc., 41-1 Yokomichi, Nagakute, Aichi 480-1192, Japan",True,False
10.1021/acsenergylett.3c01096,4,Shogo,Hibi,Shogo Hibi,,"Toyota Central R&D Laboratories, Inc., 41-1 Yokomichi, Nagakute, Aichi 480-1192, Japan",True,False
10.1021/acsenergylett.3c01096,5,Satoshi,Yamaguchi,Satoshi Yamaguchi,,"Toyota Central R&D Laboratories, Inc., 41-1 Yokomichi, Nagakute, Aichi 480-1192, Japan",True,False
10.1021/acsenergylett.3c01096,6,Yoshihiro,Matsumoto,Yoshihiro Matsumoto,,"Comprehensive Research Organization for Science and Society, 162-1 Shirakata, Tokai, Ibaraki 319-1106, Japan",False,False
10.1021/acsenergylett.3c01096,7,Hirotoshi,Hayashida,Hirotoshi Hayashida,,"Comprehensive Research Organization for Science and Society, 162-1 Shirakata, Tokai, Ibaraki 319-1106, Japan",False,False
10.1021/acsenergylett.3c01096,8,Hiroshi,Nozaki,Hiroshi Nozaki,,"Toyota Central R&D Laboratories, Inc., 41-1 Yokomichi, Nagakute, Aichi 480-1192, Japan",True,False
10.1021/acsenergylett.3c01096,9,Takenao,Shinohara,Takenao Shinohara,,"Japan Atomic Energy Agency, 162-1 Shirakata, Tokai, Ibaraki 319-1195, Japan",False,False
10.1021/acsenergylett.3c01096,10,Satoru,Kato,Satoru Kato,https://orcid.org/0000-0002-5590-8652,"Toyota Central R&D Laboratories, Inc., 41-1 Yokomichi, Nagakute, Aichi 480-1192, Japan",True,False
10.1021/acsnano.0c08290,1,Nobuhiro,Ogihara,Nobuhiro Ogihara,https://orcid.org/0000-0002-6305-6859,"Toyota Central R&D Laboratories, Inc., Nagakute, Aichi 480-1192, Japan",True,True
10.1021/acsnano.0c08290,2,Masaki,Hasegawa,Masaki Hasegawa,,"Toyota Central R&D Laboratories, Inc., Nagakute, Aichi 480-1192, Japan",True,False
10.1021/acsnano.0c08290,3,Hitoshi,Kumagai,Hitoshi Kumagai,,"Toyota Central R&D Laboratories, Inc., Nagakute, Aichi 480-1192, Japan",True,False
10.1021/acsnano.0c08290,4,Hiroshi,Nozaki,Hiroshi Nozaki,,"Toyota Central R&D Laboratories, Inc., Nagakute, Aichi 480-1192, Japan",True,False
10.1021/acsnano.1c03035,1,Van Phuc,Nguyen,Van Phuc Nguyen,https://orcid.org/0000-0001-7466-1483,"Department of Ophthalmology and Visual Sciences, University of Michigan, Ann Arbor, Michigan 48105, United States",False,True
10.1021/acsnano.1c03035,2,Wen,Fan,Wen Fan,,"Department of Ophthalmology and Visual Sciences, University of Michigan, Ann Arbor, Michigan 48105, United States; Department of Ophthalmology, The First Affiliated Hospital of Nanjing Medical University, Nanjing 210029, China",False,False
10.1021/acsnano.1c03035,3,Tianye,Zhu,Tianye Zhu,,"Department of Ophthalmology and Visual Sciences, University of Michigan, Ann Arbor, Michigan 48105, United States; Department of Ophthalmology, The First Affiliated Hospital of Nanjing Medical University, Nanjing 210029, China",False,False
10.1021/acsnano.1c03035,4,Wei,Qian,Wei Qian,,"IMRA America, Inc., Ann Arbor, Michigan 48105, United States",True,False
10.1021/acsnano.1c03035,5,Yanxiu,Li,Yanxiu Li,,"Department of Ophthalmology and Visual Sciences, University of Michigan, Ann Arbor, Michigan 48105, United States",False,False
10.1021/acsnano.1c03035,6,Bing,Liu,Bing Liu,,"IMRA America, Inc., Ann Arbor, Michigan 48105, United States",True,False
10.1021/acsnano.1c03035,7,Wei,Zhang,Wei Zhang,,"Department of Biomedical Engineering, University of Michigan, 1000 Wall Street, Ann Arbor, Michigan 48105, United States",False,False
10.1021/acsnano.1c03035,8,Jessica,Henry,Jessica Henry,,"Department of Ophthalmology and Visual Sciences, University of Michigan, Ann Arbor, Michigan 48105, United States",False,False
10.1021/acsnano.1c03035,9,Songtao,Yuan,Songtao Yuan,,"Department of Ophthalmology, The First Affiliated Hospital of Nanjing Medical University, Nanjing 210029, China",False,False
10.1021/acsnano.1c03035,10,Xueding,Wang,Xueding Wang,,"Department of Biomedical Engineering, University of Michigan, 1000 Wall Street, Ann Arbor, Michigan 48105, United States",False,False
10.1021/acsnano.1c03035,11,Yannis M.,Paulus,Yannis M. Paulus,,"Department of Ophthalmology and Visual Sciences, University of Michigan, Ann Arbor, Michigan 48105, United States; Department of Biomedical Engineering, University of Michigan, 1000 Wall Street, Ann Arbor, Michigan 48105, United States",False,False
10.1021/acsomega.0c02933,1,Eizo,Ushijima,Eizo Ushijima,https://orcid.org/0000-0001-9155-6212,"R&D Department, Aisin Cosmos R&D Co., Ltd., Kariya 448-8650, Japan",True,True
10.1021/acsomega.0c02933,2,Satoshi,Fujimoto,Satoshi Fujimoto,,"Design and Development Department, MEMS CORE CO., Ltd., Sendai 981-3206, Japan",False,False
10.1021/acsomega.0c02933,3,Kazuo,Nakazato,Kazuo Nakazato,,"Department of Electrical Engineering and Computer Science, Nagoya University, Nagoya 464-8601, Japan",False,False
10.1021/acsomega.1c01535,1,Masashi,Harada,Masashi Harada,https://orcid.org/0000-0002-0263-6702,"Toyota Central R&D Labs., Inc., Nagakute, Aichi 480-1192, Japan",True,True
10.1021/acsomega.1c01535,2,Shin-ichi,Takata,Shin-ichi Takata,https://orcid.org/0000-0002-5116-7359,"J-PARC Center, Japan Atomic Energy Agency, Tokai, Ibaraki 319-1195, Japan",False,False
10.1021/acsomega.1c01535,3,Hiroki,Iwase,Hiroki Iwase,https://orcid.org/0000-0003-4038-7839,"Neutron Science and Technology Center, Comprehensive Research Organization for Science and Society (CROSS), Tokai, Ibaraki 319-1106, Japan",False,False
10.1021/acsomega.1c01535,4,Shuji,Kajiya,Shuji Kajiya,,"Toyota Central R&D Labs., Inc., Nagakute, Aichi 480-1192, Japan",True,False
10.1021/acsomega.1c01535,5,Hiroaki,Kadoura,Hiroaki Kadoura,,"Toyota Central R&D Labs., Inc., Nagakute, Aichi 480-1192, Japan",True,False
10.1021/acsomega.1c01535,6,Toshiji,Kanaya,Toshiji Kanaya,https://orcid.org/0000-0003-0863-1512,"Institute of Materials Structure Science, High Energy Accelerator Research Organization, Tokai, Ibaraki 319-1106, Japan; Materials and Life Science Division, J-PARC Center, Tokai, Ibaraki 319-1106, Japan",False,False
10.1021/acssuschemeng.1c01151,1,Tohru,Shiga,Tohru Shiga,https://orcid.org/0000-0001-7331-3380,"Toyota Central Research & Development Laboratories Inc. 41-1 Yokomichi, Nagakute-city, Aichi-ken 480-1192, Japan",True,True
10.1021/acssuschemeng.1c01151,2,Hiroki,Kondo,Hiroki Kondo,,"Toyota Central Research & Development Laboratories Inc. 41-1 Yokomichi, Nagakute-city, Aichi-ken 480-1192, Japan",True,False
10.1021/acssuschemeng.1c01151,3,Yuichi,Kato,Yuichi Kato,,"Toyota Central Research & Development Laboratories Inc. 41-1 Yokomichi, Nagakute-city, Aichi-ken 480-1192, Japan",True,False
10.1021/acssuschemeng.1c02105,1,Wataru,Yoshimune,Wataru Yoshimune,https://orcid.org/0000-0001-8768-0122,"Toyota Central R&D Labs, Inc., 41-1 Yokomichi, Nagakute, Aichi 480-1192, Japan",True,True
10.1021/acssuschemeng.1c02105,2,Satoru,Kato,Satoru Kato,,"Toyota Central R&D Labs, Inc., 41-1 Yokomichi, Nagakute, Aichi 480-1192, Japan",True,False
10.1021/acssuschemeng.1c02105,3,Satoshi,Yamaguchi,Satoshi Yamaguchi,,"Toyota Central R&D Labs, Inc., 41-1 Yokomichi, Nagakute, Aichi 480-1192, Japan",True,False
10.1021/acssuschemeng.1c02105,4,Yusuke,Akimoto,Yusuke Akimoto,,"Toyota Central R&D Labs, Inc., 41-1 Yokomichi, Nagakute, Aichi 480-1192, Japan",True,False
10.1021/acssuschemeng.1c02105,5,Akihiko,Koiwai,Akihiko Koiwai,,"Toyota Central R&D Labs, Inc., 41-1 Yokomichi, Nagakute, Aichi 480-1192, Japan",True,False
10.1021/acssuschemeng.1c02105,6,Hiroshi,Nakamura,Hiroshi Nakamura,,"Toyota Central R&D Labs, Inc., 41-1 Yokomichi, Nagakute, Aichi 480-1192, Japan",True,False
10.1021/acssuschemeng.1c06390,1,Naohiko,Kato,Naohiko Kato,https://orcid.org/0000-0001-9158-1549,"Toyota Central R&D Laboratories, Inc. Nagakute, Aichi 480-1192, Japan",True,True
10.1021/acssuschemeng.1c06390,2,Yasuhiko,Takeda,Yasuhiko Takeda,https://orcid.org/0000-0002-0874-4560,"Toyota Central R&D Laboratories, Inc. Nagakute, Aichi 480-1192, Japan",True,False
10.1021/acssuschemeng.1c06390,3,Yasuaki,Kawai,Yasuaki Kawai,,"Toyota Central R&D Laboratories, Inc. Nagakute, Aichi 480-1192, Japan",True,False
10.1021/acssuschemeng.1c06390,4,Natsumi,Nojiri,Natsumi Nojiri,,"Toyota Central R&D Laboratories, Inc. Nagakute, Aichi 480-1192, Japan",True,False
10.1021/acssuschemeng.1c06390,5,Masahito,Shiozawa,Masahito Shiozawa,,"Toyota Central R&D Laboratories, Inc. Nagakute, Aichi 480-1192, Japan",True,False
10.1021/acssuschemeng.1c06390,6,Shintaro,Mizuno,Shintaro Mizuno,,"Toyota Central R&D Laboratories, Inc. Nagakute, Aichi 480-1192, Japan",True,False
10.1021/acssuschemeng.1c06390,7,Ken-ichi,Yamanaka,Ken-ichi Yamanaka,,"Toyota Central R&D Laboratories, Inc. Nagakute, Aichi 480-1192, Japan",True,False
10.1021/acssuschemeng.1c06390,8,Takeshi,Morikawa,Takeshi Morikawa,https://orcid.org/0000-0002-4985-0925,"Toyota Central R&D Laboratories, Inc. Nagakute, Aichi 480-1192, Japan",True,False
10.1021/acssuschemeng.1c06390,9,Tsuyoshi,Hamaguchi,Tsuyoshi Hamaguchi,,"Toyota Central R&D Laboratories, Inc. Nagakute, Aichi 480-1192, Japan",True,False
10.1021/acssuschemeng.2c06665,1,Naohiko,Kato,Naohiko Kato,https://orcid.org/0000-0001-9158-1549,"Toyota Central R&D Labs., Inc., Nagakute, Aichi 480-1192, Japan",True,True
10.1021/acssuschemeng.2c06665,2,Hiromitsu,Tanaka,Hiromitsu Tanaka,https://orcid.org/0000-0001-7736-8872,"Toyota Central R&D Labs., Inc., Nagakute, Aichi 480-1192, Japan",True,False
10.1021/acssuschemeng.2c06665,3,Yasuhiko,Takeda,Yasuhiko Takeda,https://orcid.org/0000-0002-0874-4560,"Toyota Central R&D Labs., Inc., Nagakute, Aichi 480-1192, Japan",True,False
10.1021/acssuschemeng.2c06665,4,Kazuo,Higuchi,Kazuo Higuchi,,"Toyota Central R&D Labs., Inc., Nagakute, Aichi 480-1192, Japan",True,False
10.1021/acssuschemeng.2c06665,5,Junji,Nakajima,Junji Nakajima,,"Aisin Corporation, Kariya, Aichi 448-8650, Japan",True,False
10.1021/acssusresmgt.5c00405,1,Yuki,Shibata,Yuki Shibata,https://orcid.org/0009-0001-7700-657X,"Toyota Central R&D Labs., Inc., 41-1 Yokomichi, Nagakute, Aichi 480-1192, Japan",True,True
10.1021/acssusresmgt.5c00405,2,Riho,Mikita,Riho Mikita,https://orcid.org/0009-0007-4354-4074,"Toyota Central R&D Labs., Inc., 41-1 Yokomichi, Nagakute, Aichi 480-1192, Japan",True,False
10.1021/acssusresmgt.5c00405,3,Hiroki,Kondo,Hiroki Kondo,https://orcid.org/0000-0002-2708-9039,"Toyota Central R&D Labs., Inc., 41-1 Yokomichi, Nagakute, Aichi 480-1192, Japan",True,False
10.1021/jacs.5b12571,1,Akira,Iyo,Akira Iyo,,"National Institute of Advanced Industrial Science and Technology (AIST), 1-1-1 Umezono, Tsukuba, Ibaraki 305-8568, Japan",False,True
10.1021/jacs.5b12571,2,Kenji,Kawashima,Kenji Kawashima,,"National Institute of Advanced Industrial Science and Technology (AIST), 1-1-1 Umezono, Tsukuba, Ibaraki 305-8568, Japan; IMRA Material R&D Co., Ltd., 2-1 Asahi-machi, Kariya, Aichi 448-0032, Japan",True,False
10.1021/jacs.5b12571,3,Tatsuya,Kinjo,Tatsuya Kinjo,,"National Institute of Advanced Industrial Science and Technology (AIST), 1-1-1 Umezono, Tsukuba, Ibaraki 305-8568, Japan; Departmentof Physics, Tokyo University of Science, 1-3 Kagurazaka, Shinjuku, Tokyo 162-8601, Japan",False,False
10.1021/jacs.5b12571,4,Taichiro,Nishio,Taichiro Nishio,,"National Institute of Advanced Industrial Science and Technology (AIST), 1-1-1 Umezono, Tsukuba, Ibaraki 305-8568, Japan; Departmentof Physics, Tokyo University of Science, 1-3 Kagurazaka, Shinjuku, Tokyo 162-8601, Japan",False,False
10.1021/jacs.5b12571,5,Shigeyuki,Ishida,Shigeyuki Ishida,,"National Institute of Advanced Industrial Science and Technology (AIST), 1-1-1 Umezono, Tsukuba, Ibaraki 305-8568, Japan",False,False
10.1021/jacs.5b12571,6,Hiroshi,Fujihisa,Hiroshi Fujihisa,,"National Institute of Advanced Industrial Science and Technology (AIST), 1-1-1 Umezono, Tsukuba, Ibaraki 305-8568, Japan",False,False
10.1021/jacs.5b12571,7,Yoshito,Gotoh,Yoshito Gotoh,,"National Institute of Advanced Industrial Science and Technology (AIST), 1-1-1 Umezono, Tsukuba, Ibaraki 305-8568, Japan",False,False
10.1021/jacs.5b12571,8,Kunihiro,Kihou,Kunihiro Kihou,,"National Institute of Advanced Industrial Science and Technology (AIST), 1-1-1 Umezono, Tsukuba, Ibaraki 305-8568, Japan",False,False
10.1021/jacs.5b12571,9,Hiroshi,Eisaki,Hiroshi Eisaki,,"National Institute of Advanced Industrial Science and Technology (AIST), 1-1-1 Umezono, Tsukuba, Ibaraki 305-8568, Japan",False,False
10.1021/jacs.5b12571,10,Yoshiyuki,Yoshida,Yoshiyuki Yoshida,,"National Institute of Advanced Industrial Science and Technology (AIST), 1-1-1 Umezono, Tsukuba, Ibaraki 305-8568, Japan",False,False
10.1021/jacs.5c19250,1,Naonari,Sakamoto,Naonari Sakamoto,https://orcid.org/0000-0002-6159-4792,"Toyota Central R&D Labs Inc., 41-1, Nagakute 480-1192, Japan",True,True
10.1021/jacs.5c19250,2,Keita,Sekizawa,Keita Sekizawa,https://orcid.org/0000-0003-2660-0410,"Toyota Central R&D Labs Inc., 41-1, Nagakute 480-1192, Japan",True,False
10.1021/jacs.5c19250,3,Shunsuke,Sato,Shunsuke Sato,https://orcid.org/0000-0001-8178-7367,"Toyota Central R&D Labs Inc., 41-1, Nagakute 480-1192, Japan",True,False
10.1021/jacs.5c19250,4,Jieun,Jung,Jieun Jung,,Graduate School of Science; Nagoya University,False,False
10.1021/jacs.5c19250,5,Taku,Wakabayashi,Taku Wakabayashi,,Graduate School of Science; Nagoya University,False,False
10.1021/jacs.5c19250,6,Kenji,Kamada,Kenji Kamada,,Graduate School of Science; Nagoya University,False,False
10.1021/jacs.5c19250,7,Takamasa,Nonaka,Takamasa Nonaka,https://orcid.org/0000-0001-6967-9574,"Toyota Central R&D Labs Inc., 41-1, Nagakute 480-1192, Japan",True,False
10.1021/jacs.5c19250,8,Takeshi,Uyama,Takeshi Uyama,https://orcid.org/0000-0002-9998-0816,"Toyota Central R&D Labs Inc., 41-1, Nagakute 480-1192, Japan",True,False
10.1021/jacs.5c19250,9,Takeshi,Morikawa,Takeshi Morikawa,https://orcid.org/0000-0002-4985-0925,"Toyota Central R&D Labs Inc., 41-1, Nagakute 480-1192, Japan",True,False
10.1021/jacs.5c19250,10,Susumu,Saito,Susumu Saito,https://orcid.org/0000-0003-0749-2020,Graduate School of Science; Nagoya University; Integrated Research Consortium on Chemical Sciences (IRCCS); Nagoya University,False,False
10.1038/nature10711,1,Arman,Cingöz,Arman Cingöz,,,False,True
10.1038/nature10711,2,Dylan C.,Yost,Dylan C. Yost,,,False,False
10.1038/nature10711,3,Thomas K.,Allison,Thomas K. Allison,,,False,False
10.1038/nature10711,4,Axel,Ruehl,Axel Ruehl,,,False,False
10.1038/nature10711,5,Martin E.,Fermann,Martin E. Fermann,,,False,False
10.1038/nature10711,6,Ingmar,Hartl,Ingmar Hartl,,,False,False
10.1038/nature10711,7,Jun,Ye,Jun Ye,,,False,False
10.1038/nphoton.2008.79,1,T. R.,Schibli,T. R. Schibli,,,False,True
10.1038/nphoton.2008.79,2,I.,Hartl,I. Hartl,,,False,False
10.1038/nphoton.2008.79,3,D. C.,Yost,D. C. Yost,,,False,False
10.1038/nphoton.2008.79,4,M. J.,Martin,M. J. Martin,,,False,False
10.1038/nphoton.2008.79,5,A.,Marcinkevičius,A. Marcinkevičius,,,False,False
10.1038/nphoton.2008.79,6,M. E.,Fermann,M. E. Fermann,,,False,False
10.1038/nphoton.2008.79,7,J.,Ye,J. Ye,,,False,False
10.1038/s41378-023-00504-4,1,Masaaki,Oshita,Masaaki Oshita,https://orcid.org/0000-0002-5755-6793,,False,True
10.1038/s41378-023-00504-4,2,Shiro,Saito,Shiro Saito,,,False,False
10.1038/s41378-023-00504-4,3,Tetsuo,Kan,Tetsuo Kan,https://orcid.org/0000-0002-1433-9465,,False,False
10.1038/s41427-020-0211-1,1,Seiji,Kajita,Seiji Kajita,,,False,True
10.1038/s41427-020-0211-1,2,Nobuko,Ohba,Nobuko Ohba,https://orcid.org/0000-0001-9779-6401,,False,False
10.1038/s41427-020-0211-1,3,Akitoshi,Suzumura,Akitoshi Suzumura,https://orcid.org/0000-0002-9013-535X,,False,False
10.1038/s41427-020-0211-1,4,Shin,Tajima,Shin Tajima,,,False,False
10.1038/s41427-020-0211-1,5,Ryoji,Asahi,Ryoji Asahi,https://orcid.org/0000-0002-2658-6260,,False,False
10.1038/s41467-017-00815-x,1,Chung V.,Hoang,Chung V. Hoang,,,False,True
10.1038/s41467-017-00815-x,2,Koki,Hayashi,Koki Hayashi,,,False,False
10.1038/s41467-017-00815-x,3,Yasuo,Ito,Yasuo Ito,,,False,False
10.1038/s41467-017-00815-x,4,Naoki,Gorai,Naoki Gorai,,,False,False
10.1038/s41467-017-00815-x,5,Giles,Allison,Giles Allison,,,False,False
10.1038/s41467-017-00815-x,6,Xu,Shi,Xu Shi,https://orcid.org/0000-0002-6353-5470,,False,False
10.1038/s41467-017-00815-x,7,Quan,Sun,Quan Sun,https://orcid.org/0000-0001-5413-8038,,False,False
10.1038/s41467-017-00815-x,8,Zhenzhou,Cheng,Zhenzhou Cheng,https://orcid.org/0000-0003-4842-9458,,False,False
10.1038/s41467-017-00815-x,9,Kosei,Ueno,Kosei Ueno,https://orcid.org/0000-0002-4882-7854,,False,False
10.1038/s41467-017-00815-x,10,Keisuke,Goda,Keisuke Goda,,,False,False
10.1038/s41467-017-00815-x,11,Hiroaki,Misawa,Hiroaki Misawa,https://orcid.org/0000-0003-1070-387X,,False,False
10.1038/s41467-018-03829-1,1,Hiroaki,Yoshida,Hiroaki Yoshida,https://orcid.org/0000-0002-7283-8617,,False,True
10.1038/s41467-018-03829-1,2,Vojtěch,Kaiser,Vojtěch Kaiser,https://orcid.org/0000-0002-6129-4618,,False,False
10.1038/s41467-018-03829-1,3,Benjamin,Rotenberg,Benjamin Rotenberg,https://orcid.org/0000-0001-5198-4650,,False,False
10.1038/s41467-018-03829-1,4,Lydéric,Bocquet,Lydéric Bocquet,,,False,False
10.1038/s41467-018-04256-y,1,Nobuhiko,Muramoto,Nobuhiko Muramoto,,,False,True
10.1038/s41467-018-04256-y,2,Arisa,Oda,Arisa Oda,,,False,False
10.1038/s41467-018-04256-y,3,Hidenori,Tanaka,Hidenori Tanaka,https://orcid.org/0000-0003-0266-1745,,False,False
10.1038/s41467-018-04256-y,4,Takahiro,Nakamura,Takahiro Nakamura,,,False,False
10.1038/s41467-018-04256-y,5,Kazuto,Kugou,Kazuto Kugou,https://orcid.org/0000-0002-7690-1249,,False,False
10.1038/s41467-018-04256-y,6,Kazuki,Suda,Kazuki Suda,,,False,False
10.1038/s41467-018-04256-y,7,Aki,Kobayashi,Aki Kobayashi,,,False,False
10.1038/s41467-018-04256-y,8,Shiori,Yoneda,Shiori Yoneda,,,False,False
10.1038/s41467-018-04256-y,9,Akinori,Ikeuchi,Akinori Ikeuchi,,,False,False
10.1038/s41467-018-04256-y,10,Hiroki,Sugimoto,Hiroki Sugimoto,,,False,False
10.1038/s41467-018-04256-y,11,Satoshi,Kondo,Satoshi Kondo,,,False,False
10.1038/s41467-018-04256-y,12,Chikara,Ohto,Chikara Ohto,,,False,False
10.1038/s41467-018-04256-y,13,Takehiko,Shibata,Takehiko Shibata,,,False,False
10.1038/s41467-018-04256-y,14,Norihiro,Mitsukawa,Norihiro Mitsukawa,,,False,False
10.1038/s41467-018-04256-y,15,Kunihiro,Ohta,Kunihiro Ohta,,,False,False
10.1038/s41467-019-08536-z,1,Yoko,Hase,Yoko Hase,https://orcid.org/0000-0001-8805-7922,,False,True
10.1038/s41467-019-08536-z,2,Yasuhiro,Komori,Yasuhiro Komori,,,False,False
10.1038/s41467-019-08536-z,3,Takayoshi,Kusumoto,Takayoshi Kusumoto,,,False,False
10.1038/s41467-019-08536-z,4,Takashi,Harada,Takashi Harada,https://orcid.org/0000-0002-7351-4649,,False,False
10.1038/s41467-019-08536-z,5,Juntaro,Seki,Juntaro Seki,,,False,False
10.1038/s41467-019-08536-z,6,Tohru,Shiga,Tohru Shiga,https://orcid.org/0000-0001-7331-3380,,False,False
10.1038/s41467-019-08536-z,7,Kazuhide,Kamiya,Kazuhide Kamiya,https://orcid.org/0000-0002-6018-9277,,False,False
10.1038/s41467-019-08536-z,8,Shuji,Nakanishi,Shuji Nakanishi,https://orcid.org/0000-0002-3313-2689,,False,False
10.1038/s41467-020-15850-4,1,Atsushi,Beniya,Atsushi Beniya,https://orcid.org/0000-0003-1480-4862,,False,True
10.1038/s41467-020-15850-4,2,Shougo,Higashi,Shougo Higashi,https://orcid.org/0000-0002-7887-4117,,False,False
10.1038/s41467-020-15850-4,3,Nobuko,Ohba,Nobuko Ohba,https://orcid.org/0000-0001-9779-6401,,False,False
10.1038/s41467-020-15850-4,4,Ryosuke,Jinnouchi,Ryosuke Jinnouchi,,,False,False
10.1038/s41467-020-15850-4,5,Hirohito,Hirata,Hirohito Hirata,,,False,False
10.1038/s41467-020-15850-4,6,Yoshihide,Watanabe,Yoshihide Watanabe,,,False,False
10.1038/s41467-020-20276-z,1,Van Phuc,Nguyen,Van Phuc Nguyen,https://orcid.org/0000-0001-7466-1483,,False,True
10.1038/s41467-020-20276-z,2,Wei,Qian,Wei Qian,,,False,False
10.1038/s41467-020-20276-z,3,Yanxiu,Li,Yanxiu Li,,,False,False
10.1038/s41467-020-20276-z,4,Bing,Liu,Bing Liu,,,False,False
10.1038/s41467-020-20276-z,5,Michael,Aaberg,Michael Aaberg,,,False,False
10.1038/s41467-020-20276-z,6,Jessica,Henry,Jessica Henry,,,False,False
10.1038/s41467-020-20276-z,7,Wei,Zhang,Wei Zhang,https://orcid.org/0000-0002-2539-8321,,False,False
10.1038/s41467-020-20276-z,8,Xueding,Wang,Xueding Wang,,,False,False
10.1038/s41467-020-20276-z,9,Yannis M.,Paulus,Yannis M. Paulus,https://orcid.org/0000-0002-0615-628X,,False,False
10.1038/s41467-021-25301-3,1,Ryosuke,Jinnouchi,Ryosuke Jinnouchi,,,False,True
10.1038/s41467-021-25301-3,2,Kenji,Kudo,Kenji Kudo,,,False,False
10.1038/s41467-021-25301-3,3,Kensaku,Kodama,Kensaku Kodama,,,False,False
10.1038/s41467-021-25301-3,4,Naoki,Kitano,Naoki Kitano,,,False,False
10.1038/s41467-021-25301-3,5,Takahisa,Suzuki,Takahisa Suzuki,https://orcid.org/0000-0001-7750-6809,,False,False
10.1038/s41467-021-25301-3,6,Saori,Minami,Saori Minami,,,False,False
10.1038/s41467-021-25301-3,7,Kazuma,Shinozaki,Kazuma Shinozaki,,,False,False
10.1038/s41467-021-25301-3,8,Naoki,Hasegawa,Naoki Hasegawa,,,False,False
10.1038/s41467-021-25301-3,9,Akihiro,Shinohara,Akihiro Shinohara,https://orcid.org/0000-0001-9052-7823,,False,False
10.1038/s41467-021-26652-7,1,Giles,Allison,Giles Allison,https://orcid.org/0000-0002-4810-092X,,False,True
10.1038/s41467-021-26652-7,2,Amrita Kumar,Sana,Amrita Kumar Sana,https://orcid.org/0000-0003-3505-1652,,False,False
10.1038/s41467-021-26652-7,3,Yuta,Ogawa,Yuta Ogawa,,,False,False
10.1038/s41467-021-26652-7,4,Hidemi,Kato,Hidemi Kato,,,False,False
10.1038/s41467-021-26652-7,5,Kosei,Ueno,Kosei Ueno,https://orcid.org/0000-0002-4882-7854,,False,False
10.1038/s41467-021-26652-7,6,Hiroaki,Misawa,Hiroaki Misawa,https://orcid.org/0000-0003-1070-387X,,False,False
10.1038/s41467-021-26652-7,7,Koki,Hayashi,Koki Hayashi,,,False,False
10.1038/s41467-021-26652-7,8,Hironori,Suzuki,Hironori Suzuki,https://orcid.org/0000-0001-9754-4992,,False,False
10.1038/s41467-023-37120-9,1,Nobuhiro,Ogihara,Nobuhiro Ogihara,https://orcid.org/0000-0002-6305-6859,,False,True
10.1038/s41467-023-37120-9,2,Masaki,Hasegawa,Masaki Hasegawa,,,False,False
10.1038/s41467-023-37120-9,3,Hitoshi,Kumagai,Hitoshi Kumagai,,,False,False
10.1038/s41467-023-37120-9,4,Riho,Mikita,Riho Mikita,,,False,False
10.1038/s41467-023-37120-9,5,Naoyuki,Nagasako,Naoyuki Nagasako,,,False,False
10.1038/s41467-023-43138-w,1,Masanori,Ishigaki,Masanori Ishigaki,https://orcid.org/0000-0002-2408-2560,,False,True
10.1038/s41467-023-43138-w,2,Keisuke,Ishikawa,Keisuke Ishikawa,https://orcid.org/0000-0001-6429-4683,,False,False
10.1038/s41467-023-43138-w,3,Tsukasa,Usuki,Tsukasa Usuki,,,False,False
10.1038/s41467-023-43138-w,4,Hiroki,Kondo,Hiroki Kondo,https://orcid.org/0000-0002-2708-9039,,False,False
10.1038/s41467-023-43138-w,5,Shogo,Komagata,Shogo Komagata,,,False,False
10.1038/s41467-023-43138-w,6,Tsuyoshi,Sasaki,Tsuyoshi Sasaki,,,False,False
10.1038/s41467-025-56596-1,1,T.,Ozaki,T. Ozaki,https://orcid.org/0000-0001-5821-3330,,False,True
10.1038/s41467-025-56596-1,2,N.,Ohta,N. Ohta,,,False,False
10.1038/s41467-025-56596-1,3,M.,Fujiyoshi,M. Fujiyoshi,https://orcid.org/0000-0001-9530-8830,,False,False
10.1038/s41467-025-57826-2,1,James,Greenberg,James Greenberg,https://orcid.org/0000-0001-7731-257X,,False,True
10.1038/s41467-025-57826-2,2,Brendan M.,Heffernan,Brendan M. Heffernan,,,False,False
10.1038/s41467-025-57826-2,3,William F.,McGrew,William F. McGrew,,,False,False
10.1038/s41467-025-57826-2,4,Keisuke,Nose,Keisuke Nose,,,False,False
10.1038/s41467-025-57826-2,5,Antoine,Rolland,Antoine Rolland,https://orcid.org/0000-0002-3214-0062,,False,False
10.1038/s41524-023-01096-3,1,Joohwi,Lee,Joohwi Lee,https://orcid.org/0000-0002-4263-471X,,False,True
10.1038/s41524-023-01096-3,2,Junpei,Oba,Junpei Oba,,,False,False
10.1038/s41524-023-01096-3,3,Nobuko,Ohba,Nobuko Ohba,https://orcid.org/0000-0001-9779-6401,,False,False
10.1038/s41524-023-01096-3,4,Seiji,Kajita,Seiji Kajita,,,False,False
10.1038/s41524-024-01295-6,1,Ryosuke,Jinnouchi,Ryosuke Jinnouchi,,,False,True
10.1038/s41524-024-01295-6,2,Ferenc,Karsai,Ferenc Karsai,,,False,False
10.1038/s41524-024-01295-6,3,Georg,Kresse,Georg Kresse,https://orcid.org/0000-0001-9102-4259,,False,False
10.1038/s41534-025-01011-2,1,Kosuke,Tahara,Kosuke Tahara,https://orcid.org/0000-0002-9474-8970,,False,True
10.1038/s41534-025-01011-2,2,Shin-ichi,Tamura,Shin-ichi Tamura,https://orcid.org/0009-0001-1749-3644,,False,False
10.1038/s41534-025-01011-2,3,Haruko,Toyama,Haruko Toyama,https://orcid.org/0009-0007-8319-3942,,False,False
10.1038/s41534-025-01011-2,4,Jotaro J.,Nakane,Jotaro J. Nakane,https://orcid.org/0009-0004-6466-1294,,False,False
10.1038/s41534-025-01011-2,5,Katsuhiro,Kutsuki,Katsuhiro Kutsuki,https://orcid.org/0009-0009-7339-0912,,False,False
10.1038/s41534-025-01011-2,6,Yuichi,Yamazaki,Yuichi Yamazaki,https://orcid.org/0000-0002-2170-0431,,False,False
10.1038/s41534-025-01011-2,7,Takeshi,Ohshima,Takeshi Ohshima,https://orcid.org/0000-0002-7850-3164,,False,False
10.1038/s41535-019-0165-0,1,Shigeyuki,Ishida,Shigeyuki Ishida,https://orcid.org/0000-0001-9445-8079,,False,True
10.1038/s41535-019-0165-0,2,Akira,Iyo,Akira Iyo,,,False,False
10.1038/s41535-019-0165-0,3,Hiraku,Ogino,Hiraku Ogino,,,False,False
10.1038/s41535-019-0165-0,4,Hiroshi,Eisaki,Hiroshi Eisaki,,,False,False
10.1038/s41535-019-0165-0,5,Nao,Takeshita,Nao Takeshita,,,False,False
10.1038/s41535-019-0165-0,6,Kenji,Kawashima,Kenji Kawashima,,,False,False
10.1038/s41535-019-0165-0,7,Keiichi,Yanagisawa,Keiichi Yanagisawa,,,False,False
10.1038/s41535-019-0165-0,8,Yuuga,Kobayashi,Yuuga Kobayashi,,,False,False
10.1038/s41535-019-0165-0,9,Koji,Kimoto,Koji Kimoto,https://orcid.org/0000-0002-3927-0492,,False,False
10.1038/s41535-019-0165-0,10,Hideki,Abe,Hideki Abe,,,False,False
10.1038/s41535-019-0165-0,11,Motoharu,Imai,Motoharu Imai,,,False,False
10.1038/s41535-019-0165-0,12,Jun-ichi,Shimoyama,Jun-ichi Shimoyama,,,False,False
10.1038/s41535-019-0165-0,13,Michael,Eisterer,Michael Eisterer,,,False,False
10.1038/s41565-020-00824-w,1,Kensaku,Kodama,Kensaku Kodama,https://orcid.org/0000-0003-1120-6306,,False,True
10.1038/s41565-020-00824-w,2,Tomoyuki,Nagai,Tomoyuki Nagai,,,False,False
10.1038/s41565-020-00824-w,3,Akira,Kuwaki,Akira Kuwaki,,,False,False
10.1038/s41565-020-00824-w,4,Ryosuke,Jinnouchi,Ryosuke Jinnouchi,,,False,False
10.1038/s41565-020-00824-w,5,Yu,Morimoto,Yu Morimoto,,,False,False
10.1038/s41566-021-00790-2,1,Tomohiro,Tetsumoto,Tomohiro Tetsumoto,https://orcid.org/0000-0002-2076-8565,,False,True
10.1038/s41566-021-00790-2,2,Tadao,Nagatsuma,Tadao Nagatsuma,https://orcid.org/0000-0002-7256-1021,,False,False
10.1038/s41566-021-00790-2,3,Martin E.,Fermann,Martin E. Fermann,,,False,False
10.1038/s41566-021-00790-2,4,Gabriele,Navickaite,Gabriele Navickaite,,,False,False
10.1038/s41566-021-00790-2,5,Michael,Geiselmann,Michael Geiselmann,,,False,False
10.1038/s41566-021-00790-2,6,Antoine,Rolland,Antoine Rolland,https://orcid.org/0000-0002-3214-0062,,False,False
10.1038/s41566-024-01513-z,1,Brendan M.,Heffernan,Brendan M. Heffernan,https://orcid.org/0000-0002-0319-1602,,False,True
10.1038/s41566-024-01513-z,2,James,Greenberg,James Greenberg,https://orcid.org/0000-0001-7731-257X,,False,False
10.1038/s41566-024-01513-z,3,Takashi,Hori,Takashi Hori,https://orcid.org/0009-0005-0435-5735,,False,False
10.1038/s41566-024-01513-z,4,Tatsuya,Tanigawa,Tatsuya Tanigawa,https://orcid.org/0009-0001-1687-0356,,False,False
10.1038/s41566-024-01513-z,5,Antoine,Rolland,Antoine Rolland,https://orcid.org/0000-0002-3214-0062,,False,False
10.1038/s41586-024-07839-6,1,Chuankun,Zhang,Chuankun Zhang,https://orcid.org/0000-0001-5669-9082,,False,True
10.1038/s41586-024-07839-6,2,Tian,Ooi,Tian Ooi,https://orcid.org/0009-0004-2738-0186,,False,False
10.1038/s41586-024-07839-6,3,Jacob S.,Higgins,Jacob S. Higgins,,,False,False
10.1038/s41586-024-07839-6,4,Jack F.,Doyle,Jack F. Doyle,,,False,False
10.1038/s41586-024-07839-6,5,Lars,von der Wense,Lars von der Wense,,,False,False
10.1038/s41586-024-07839-6,6,Kjeld,Beeks,Kjeld Beeks,https://orcid.org/0000-0002-8707-6723,,False,False
10.1038/s41586-024-07839-6,7,Adrian,Leitner,Adrian Leitner,https://orcid.org/0009-0007-1156-1881,,False,False
10.1038/s41586-024-07839-6,8,Georgy A.,Kazakov,Georgy A. Kazakov,,,False,False
10.1038/s41586-024-07839-6,9,Peng,Li,Peng Li,,,False,False
10.1038/s41586-024-07839-6,10,Peter G.,Thirolf,Peter G. Thirolf,,,False,False
10.1038/s41586-024-07839-6,11,Thorsten,Schumm,Thorsten Schumm,https://orcid.org/0000-0002-1066-202X,,False,False
10.1038/s41586-024-07839-6,12,Jun,Ye,Jun Ye,https://orcid.org/0000-0003-0076-2112,,False,False
10.1038/s41598-018-29572-7,1,Yukihiro,Tadokoro,Yukihiro Tadokoro,https://orcid.org/0000-0002-1844-3040,,False,True
10.1038/s41598-018-29572-7,2,Hiroya,Tanaka,Hiroya Tanaka,,,False,False
10.1038/s41598-018-29572-7,3,M. I.,Dykman,M. I. Dykman,https://orcid.org/0000-0003-3996-7932,,False,False
10.1038/s41598-018-34265-2,1,Kenji,Kawashima,Kenji Kawashima,https://orcid.org/0000-0003-4786-3498,,False,True
10.1038/s41598-018-34265-2,2,Shigeyuki,Ishida,Shigeyuki Ishida,,,False,False
10.1038/s41598-018-34265-2,3,Hiroshi,Fujihisa,Hiroshi Fujihisa,,,False,False
10.1038/s41598-018-34265-2,4,Yoshito,Gotoh,Yoshito Gotoh,,,False,False
10.1038/s41598-018-34265-2,5,Yoshiyuki,Yoshida,Yoshiyuki Yoshida,,,False,False
10.1038/s41598-018-34265-2,6,Hiroshi,Eisaki,Hiroshi Eisaki,,,False,False
10.1038/s41598-018-34265-2,7,Hiraku,Ogino,Hiraku Ogino,,,False,False
10.1038/s41598-018-34265-2,8,Akira,Iyo,Akira Iyo,,,False,False
10.1038/s41598-019-54324-6,1,Sayako,Ueda,Sayako Ueda,,,False,True
10.1038/s41598-019-54324-6,2,Hiroyuki,Sakai,Hiroyuki Sakai,,,False,False
10.1038/s41598-019-54324-6,3,Takatsune,Kumada,Takatsune Kumada,,,False,False
10.1038/s41598-020-58081-9,1,Daisuke,Inoue,Daisuke Inoue,,,False,True
10.1038/s41598-020-58081-9,2,Hiroaki,Yoshida,Hiroaki Yoshida,,,False,False
10.1038/s41598-020-59179-w,1,Mitsuru,Yagi,Mitsuru Yagi,,,False,True
10.1038/s41598-020-59179-w,2,Yuko,Nakahira,Yuko Nakahira,,,False,False
10.1038/s41598-020-59179-w,3,Kota,Watanabe,Kota Watanabe,,,False,False
10.1038/s41598-020-59179-w,4,Masaya,Nakamura,Masaya Nakamura,,,False,False
10.1038/s41598-020-59179-w,5,Morio,Matsumoto,Morio Matsumoto,,,False,False
10.1038/s41598-020-59179-w,6,Masami,Iwamoto,Masami Iwamoto,,,False,False
10.1038/s41598-020-66963-1,1,Takashi,Sasagawa,Takashi Sasagawa,,,False,True
10.1038/s41598-020-66963-1,2,Masato,Tanaka,Masato Tanaka,,,False,False
10.1038/s41598-020-66963-1,3,Ryuji,Omote,Ryuji Omote,,,False,False
10.1038/s41598-020-66963-1,4,Daniel,Balzani,Daniel Balzani,,,False,False
10.1038/s41598-020-76527-y,1,Takaaki,Hatanaka,Takaaki Hatanaka,,,False,True
10.1038/s41598-020-76527-y,2,Nobuaki,Kikkawa,Nobuaki Kikkawa,,,False,False
10.1038/s41598-020-76527-y,3,Akimasa,Matsugami,Akimasa Matsugami,,,False,False
10.1038/s41598-020-76527-y,4,Yoichi,Hosokawa,Yoichi Hosokawa,,,False,False
10.1038/s41598-020-76527-y,5,Fumiaki,Hayashi,Fumiaki Hayashi,,,False,False
10.1038/s41598-020-76527-y,6,Nobuhiro,Ishida,Nobuhiro Ishida,,,False,False
10.1038/s41598-021-82740-0,1,Daisuke,Inoue,Daisuke Inoue,,,False,True
10.1038/s41598-021-82740-0,2,Akihisa,Okada,Akihisa Okada,,,False,False
10.1038/s41598-021-82740-0,3,Tadayoshi,Matsumori,Tadayoshi Matsumori,,,False,False
10.1038/s41598-021-82740-0,4,Kazuyuki,Aihara,Kazuyuki Aihara,,,False,False
10.1038/s41598-021-82740-0,5,Hiroaki,Yoshida,Hiroaki Yoshida,,,False,False
10.1038/s41598-022-22266-1,1,Takashi,Matsuyama,Takashi Matsuyama,,,False,True
10.1038/s41598-022-22266-1,2,Akira,Narita,Akira Narita,,,False,False
10.1038/s41598-022-22266-1,3,Masaki,Takanashi,Masaki Takanashi,,,False,False
10.1038/s41598-022-22266-1,4,Mana,Kogure,Mana Kogure,,,False,False
10.1038/s41598-022-22266-1,5,Shuichi,Sato,Shuichi Sato,,,False,False
10.1038/s41598-022-22266-1,6,Tomohiro,Nakamura,Tomohiro Nakamura,,,False,False
10.1038/s41598-022-22266-1,7,Hideo,Nakane,Hideo Nakane,,,False,False
10.1038/s41598-022-22266-1,8,Soichi,Ogishima,Soichi Ogishima,,,False,False
10.1038/s41598-022-22266-1,9,Fuji,Nagami,Fuji Nagami,,,False,False
10.1038/s41598-022-22266-1,10,Naoki,Nakaya,Naoki Nakaya,,,False,False
10.1038/s41598-022-22266-1,11,Kozo,Tanno,Kozo Tanno,,,False,False
10.1038/s41598-022-22266-1,12,Takao,Imaeda,Takao Imaeda,,,False,False
10.1038/s41598-022-22266-1,13,Atsushi,Hozawa,Atsushi Hozawa,,,False,False
10.1038/s41598-022-25489-4,1,Yoshinao,Ishii,Yoshinao Ishii,https://orcid.org/0000-0003-4364-3551,,False,True
10.1038/s41598-022-25489-4,2,Keiichiro,Hayakawa,Keiichiro Hayakawa,,,False,False
10.1038/s41598-022-25489-4,3,Makoto,Chikaraishi,Makoto Chikaraishi,,,False,False
10.1038/s41598-023-31917-w,1,I.,Hase,I. Hase,,,False,True
10.1038/s41598-023-31917-w,2,Y.,Higashi,Y. Higashi,,,False,False
10.1038/s41598-023-31917-w,3,H.,Eisaki,H. Eisaki,,,False,False
10.1038/s41598-023-31917-w,4,K.,Kawashima,K. Kawashima,,,False,False
10.1038/s41598-023-32947-0,1,Norihiro,Oyama,Norihiro Oyama,,,False,True
10.1038/s41598-023-32947-0,2,Noriko N.,Ishizaki,Noriko N. Ishizaki,,,False,False
10.1038/s41598-023-32947-0,3,Satoshi,Koide,Satoshi Koide,,,False,False
10.1038/s41598-023-32947-0,4,Hiroaki,Yoshida,Hiroaki Yoshida,,,False,False
10.1038/s41598-023-32995-6,1,Masami,Iwamoto,Masami Iwamoto,,,False,True
10.1038/s41598-023-32995-6,2,Shogo,Yonekura,Shogo Yonekura,,,False,False
10.1038/s41598-023-32995-6,3,Noritoshi,Atsumi,Noritoshi Atsumi,,,False,False
10.1038/s41598-023-32995-6,4,Satoko,Hirabayashi,Satoko Hirabayashi,,,False,False
10.1038/s41598-023-32995-6,5,Hoshinori,Kanazawa,Hoshinori Kanazawa,,,False,False
10.1038/s41598-023-32995-6,6,Yasuo,Kuniyoshi,Yasuo Kuniyoshi,,,False,False
10.1038/s41598-023-35509-6,1,Kenichi,Yatsugi,Kenichi Yatsugi,,,False,True
10.1038/s41598-023-35509-6,2,Shrinathan Esakimuthu,Pandarakone,Shrinathan Esakimuthu Pandarakone,,,False,False
10.1038/s41598-023-35509-6,3,Hideo,Iizuka,Hideo Iizuka,,,False,False
10.1038/s41598-023-38393-2,1,Takashi,Sasagawa,Takashi Sasagawa,,,False,True
10.1038/s41598-023-38393-2,2,Masato,Tanaka,Masato Tanaka,,,False,False
10.1038/s41598-023-39200-8,1,Sunao,Tomita,Sunao Tomita,,,False,True
10.1038/s41598-023-39200-8,2,Kento,Shimanuki,Kento Shimanuki,,,False,False
10.1038/s41598-023-39200-8,3,Shin,Oyama,Shin Oyama,,,False,False
10.1038/s41598-023-39200-8,4,Hidekazu,Nishigaki,Hidekazu Nishigaki,,,False,False
10.1038/s41598-023-39200-8,5,Toshiaki,Nakagawa,Toshiaki Nakagawa,,,False,False
10.1038/s41598-023-39200-8,6,Masakazu,Tsutsui,Masakazu Tsutsui,,,False,False
10.1038/s41598-023-39200-8,7,Youhei,Emura,Youhei Emura,,,False,False
10.1038/s41598-023-39200-8,8,Masahiko,Chino,Masahiko Chino,,,False,False
10.1038/s41598-023-39200-8,9,Hirokazu,Tanaka,Hirokazu Tanaka,,,False,False
10.1038/s41598-023-39200-8,10,Yoshinobu,Itou,Yoshinobu Itou,,,False,False
10.1038/s41598-023-39200-8,11,Kazuhiko,Umemoto,Kazuhiko Umemoto,,,False,False
10.1038/s41598-024-53895-3,1,Riho,Mikita,Riho Mikita,,,False,True
10.1038/s41598-024-53895-3,2,Akitoshi,Suzumura,Akitoshi Suzumura,,,False,False
10.1038/s41598-024-53895-3,3,Hiroki,Kondo,Hiroki Kondo,,,False,False
10.1038/s41598-024-69450-z,1,Masato,Tanaka,Masato Tanaka,,,False,True
10.1038/s41598-024-69450-z,2,Yuyang,Song,Yuyang Song,,,False,False
10.1038/s41598-024-69450-z,3,Tsuyoshi,Nomura,Tsuyoshi Nomura,,,False,False
10.1038/s41598-024-69726-4,1,Shuichi,Sato,Shuichi Sato,,,False,True
10.1038/s41598-024-69726-4,2,Takao,Imaeda,Takao Imaeda,,,False,False
10.1038/s41598-024-69726-4,3,Shunji,Mugikura,Shunji Mugikura,,,False,False
10.1038/s41598-024-69726-4,4,Naoko,Mori,Naoko Mori,,,False,False
10.1038/s41598-024-69726-4,5,Masaki,Takanashi,Masaki Takanashi,,,False,False
10.1038/s41598-024-69726-4,6,Kazumi,Hayakawa,Kazumi Hayakawa,,,False,False
10.1038/s41598-024-69726-4,7,Tomo,Saito,Tomo Saito,,,False,False
10.1038/s41598-024-69726-4,8,Makiko,Taira,Makiko Taira,,,False,False
10.1038/s41598-024-69726-4,9,Akira,Narita,Akira Narita,,,False,False
10.1038/s41598-024-69726-4,10,Mana,Kogure,Mana Kogure,,,False,False
10.1038/s41598-024-69726-4,11,Ippei,Chiba,Ippei Chiba,,,False,False
10.1038/s41598-024-69726-4,12,Rieko,Hatanaka,Rieko Hatanaka,,,False,False
10.1038/s41598-024-69726-4,13,Kumi,Nakaya,Kumi Nakaya,,,False,False
10.1038/s41598-024-69726-4,14,Ikumi,Kanno,Ikumi Kanno,,,False,False
10.1038/s41598-024-69726-4,15,Ryosuke,Ishiwata,Ryosuke Ishiwata,,,False,False
10.1038/s41598-024-69726-4,16,Tomohiro,Nakamura,Tomohiro Nakamura,,,False,False
10.1038/s41598-024-69726-4,17,Ikuko N.,Motoike,Ikuko N. Motoike,,,False,False
10.1038/s41598-024-69726-4,18,Naoki,Nakaya,Naoki Nakaya,,,False,False
10.1038/s41598-024-69726-4,19,Seizo,Koshiba,Seizo Koshiba,,,False,False
10.1038/s41598-024-69726-4,20,Kengo,Kinoshita,Kengo Kinoshita,,,False,False
10.1038/s41598-024-69726-4,21,Shinichi,Kuriyama,Shinichi Kuriyama,,,False,False
10.1038/s41598-024-69726-4,22,Soichi,Ogishima,Soichi Ogishima,,,False,False
10.1038/s41598-024-69726-4,23,Fuji,Nagami,Fuji Nagami,,,False,False
10.1038/s41598-024-69726-4,24,Nobuo,Fuse,Nobuo Fuse,,,False,False
10.1038/s41598-024-69726-4,25,Atsushi,Hozawa,Atsushi Hozawa,,,False,False
10.1038/s41598-024-73172-7,1,Yiyu,Li,Yiyu Li,,,False,True
10.1038/s41598-024-73172-7,2,Hiroyuki,Yada,Hiroyuki Yada,,,False,False
10.1038/s41598-024-73172-7,3,Yuki,Ichikawa,Yuki Ichikawa,,,False,False
10.1038/s41598-025-21639-6,1,Masami,Iwamoto,Masami Iwamoto,,,False,True
10.1038/s41598-025-21639-6,2,Hoshinori,Kanazawa,Hoshinori Kanazawa,,,False,False
10.1038/s41598-025-21639-6,3,Atsushi,Narita,Atsushi Narita,,,False,False
10.1038/s41598-025-21639-6,4,Shogo,Yonekura,Shogo Yonekura,,,False,False
10.1038/s41598-025-21639-6,5,Yasuo,Kuniyoshi,Yasuo Kuniyoshi,,,False,False
10.1038/s41598-025-86788-0,1,Yuko,Nakahira,Yuko Nakahira,,,False,True
10.1038/s41598-025-86788-0,2,Masami,Iwamoto,Masami Iwamoto,,,False,False
10.1038/s41598-025-86788-0,3,Tatsuya,Igawa,Tatsuya Igawa,,,False,False
10.1038/s41598-025-86788-0,4,Ken,Ishii,Ken Ishii,,,False,False
10.1038/s41598-025-89362-w,1,Teruki,Kato,Teruki Kato,,,False,True
10.1038/s41598-025-89362-w,2,Kunihiro,Goto,Kunihiro Goto,,,False,False
10.1038/s41598-025-89362-w,3,Takahiro,Niwa,Takahiro Niwa,,,False,False
10.1038/s41598-025-89362-w,4,Tsukasa,Shimizu,Tsukasa Shimizu,,,False,False
10.1038/s41598-025-89362-w,5,Akinobu,Fujii,Akinobu Fujii,,,False,False
10.1038/s41598-025-89362-w,6,Bunyo,Okumura,Bunyo Okumura,,,False,False
10.1038/s41598-025-89362-w,7,Hideaki,Oka,Hideaki Oka,,,False,False
10.1038/s41598-025-89362-w,8,Hiroaki,Kadoura,Hiroaki Kadoura,,,False,False
10.1038/s41928-021-00669-8,1,Takashi,Ozaki,Takashi Ozaki,https://orcid.org/0000-0001-5821-3330,,False,True
10.1038/s41928-021-00669-8,2,Norikazu,Ohta,Norikazu Ohta,,,False,False
10.1038/s41928-021-00669-8,3,Tomohiko,Jimbo,Tomohiko Jimbo,https://orcid.org/0000-0001-6863-4868,,False,False
10.1038/s41928-021-00669-8,4,Kanae,Hamaguchi,Kanae Hamaguchi,,,False,False
10.1038/s41929-019-0282-y,1,Atsushi,Beniya,Atsushi Beniya,,,False,True
10.1038/s41929-019-0282-y,2,Shougo,Higashi,Shougo Higashi,https://orcid.org/0000-0002-7887-4117,,False,False
10.1038/s41929-024-01147-y,1,Naonari,Sakamoto,Naonari Sakamoto,https://orcid.org/0000-0002-6159-4792,,False,True
10.1038/s41929-024-01147-y,2,Keita,Sekizawa,Keita Sekizawa,https://orcid.org/0000-0003-2660-0410,,False,False
10.1038/s41929-024-01147-y,3,Soichi,Shirai,Soichi Shirai,https://orcid.org/0000-0001-6932-4845,,False,False
10.1038/s41929-024-01147-y,4,Takamasa,Nonaka,Takamasa Nonaka,https://orcid.org/0000-0001-6967-9574,,False,False
10.1038/s41929-024-01147-y,5,Takeo,Arai,Takeo Arai,https://orcid.org/0000-0002-8145-1908,,False,False
10.1038/s41929-024-01147-y,6,Shunsuke,Sato,Shunsuke Sato,https://orcid.org/0000-0001-8178-7367,,False,False
10.1038/s41929-024-01147-y,7,Takeshi,Morikawa,Takeshi Morikawa,https://orcid.org/0000-0002-4985-0925,,False,False
10.1038/s42005-020-0338-y,1,Seiji,Kajita,Seiji Kajita,,,False,True
10.1038/s42005-020-0338-y,2,Tomoyuki,Kinjo,Tomoyuki Kinjo,,,False,False
10.1038/s42005-020-0338-y,3,Tomoki,Nishi,Tomoki Nishi,,,False,False
10.1038/s42005-022-00957-5,1,Kenichi,Yatsugi,Kenichi Yatsugi,https://orcid.org/0000-0003-4718-9683,,False,True
10.1038/s42005-022-00957-5,2,Tsuneya,Yoshida,Tsuneya Yoshida,https://orcid.org/0000-0002-2276-1009,,False,False
10.1038/s42005-022-00957-5,3,Tomonari,Mizoguchi,Tomonari Mizoguchi,https://orcid.org/0000-0003-4986-7177,,False,False
10.1038/s42005-022-00957-5,4,Yoshihito,Kuno,Yoshihito Kuno,https://orcid.org/0000-0002-6965-6935,,False,False
10.1038/s42005-022-00957-5,5,Hideo,Iizuka,Hideo Iizuka,https://orcid.org/0000-0002-7026-1033,,False,False
10.1038/s42005-022-00957-5,6,Yukihiro,Tadokoro,Yukihiro Tadokoro,https://orcid.org/0000-0002-1844-3040,,False,False
10.1038/s42005-022-00957-5,7,Yasuhiro,Hatsugai,Yasuhiro Hatsugai,https://orcid.org/0000-0001-6933-5552,,False,False
10.1038/s42005-023-01490-9,1,Keita,Funayama,Keita Funayama,https://orcid.org/0000-0002-8868-3613,,False,True
10.1038/s42005-023-01490-9,2,Jun,Hirotani,Jun Hirotani,,,False,False
10.1038/s42005-023-01490-9,3,Atsushi,Miura,Atsushi Miura,,,False,False
10.1038/s42005-023-01490-9,4,Hiroya,Tanaka,Hiroya Tanaka,,,False,False
10.1038/s42005-024-01899-w,1,Keita,Funayama,Keita Funayama,https://orcid.org/0000-0002-8868-3613,,False,True
10.1038/s42005-024-01899-w,2,Kenichi,Yatsugi,Kenichi Yatsugi,https://orcid.org/0000-0003-4718-9683,,False,False
10.1038/s42005-024-01899-w,3,Hideo,Iizuka,Hideo Iizuka,https://orcid.org/0000-0002-7026-1033,,False,False
10.1038/s42005-026-02621-8,1,Takashi,Ozaki,Takashi Ozaki,https://orcid.org/0000-0001-5821-3330,,False,True
10.1038/s42005-026-02621-8,2,Norikazu,Ohta,Norikazu Ohta,,,False,False
10.1038/s42005-026-02621-8,3,Jiaju,Ma,Jiaju Ma,https://orcid.org/0000-0003-2171-3942,,False,False
10.1038/s42005-026-02621-8,4,Motohiro,Fujiyoshi,Motohiro Fujiyoshi,,,False,False
10.1038/s43246-020-00116-9,1,Hiroki,Ninomiya,Hiroki Ninomiya,https://orcid.org/0000-0001-7236-1241,,False,True
10.1038/s43246-020-00116-9,2,Kenji,Kawashima,Kenji Kawashima,,,False,False
10.1038/s43246-020-00116-9,3,Akira,Iyo,Akira Iyo,,,False,False
10.1038/s43246-020-00116-9,4,Hiroshi,Fujihisa,Hiroshi Fujihisa,https://orcid.org/0000-0001-9308-153X,,False,False
10.1038/s43246-020-00116-9,5,Shigeyuki,Ishida,Shigeyuki Ishida,https://orcid.org/0000-0001-9445-8079,,False,False
10.1038/s43246-020-00116-9,6,Hiraku,Ogino,Hiraku Ogino,,,False,False
10.1038/s43246-020-00116-9,7,Yoshiyuki,Yoshida,Yoshiyuki Yoshida,,,False,False
10.1038/s43246-020-00116-9,8,Yoshito,Gotoh,Yoshito Gotoh,https://orcid.org/0000-0001-5033-8833,,False,False
10.1038/s43246-020-00116-9,9,Hiroshi,Eisaki,Hiroshi Eisaki,,,False,False
10.1038/s44172-024-00176-6,1,Yuki,Higuchi,Yuki Higuchi,https://orcid.org/0000-0001-7793-5988,,False,True
10.1038/s44172-024-00176-6,2,Wataru,Yoshimune,Wataru Yoshimune,https://orcid.org/0000-0001-8768-0122,,False,False
10.1038/s44172-024-00176-6,3,Satoru,Kato,Satoru Kato,https://orcid.org/0000-0002-5590-8652,,False,False
10.1038/s44172-024-00176-6,4,Shogo,Hibi,Shogo Hibi,,,False,False
10.1038/s44172-024-00176-6,5,Daigo,Setoyama,Daigo Setoyama,https://orcid.org/0000-0001-5709-6283,,False,False
10.1038/s44172-024-00176-6,6,Kazuhisa,Isegawa,Kazuhisa Isegawa,,,False,False
10.1038/s44172-024-00176-6,7,Yoshihiro,Matsumoto,Yoshihiro Matsumoto,,,False,False
10.1038/s44172-024-00176-6,8,Hirotoshi,Hayashida,Hirotoshi Hayashida,,,False,False
10.1038/s44172-024-00176-6,9,Hiroshi,Nozaki,Hiroshi Nozaki,https://orcid.org/0000-0001-8039-1010,,False,False
10.1038/s44172-024-00176-6,10,Masashi,Harada,Masashi Harada,https://orcid.org/0000-0002-0263-6702,,False,False
10.1038/s44172-024-00176-6,11,Norihiro,Fukaya,Norihiro Fukaya,https://orcid.org/0000-0002-8015-5218,,False,False
10.1038/s44172-024-00176-6,12,Takahisa,Suzuki,Takahisa Suzuki,https://orcid.org/0000-0001-7750-6809,,False,False
10.1038/s44172-024-00176-6,13,Takenao,Shinohara,Takenao Shinohara,,,False,False
10.1038/s44172-024-00176-6,14,Yasutaka,Nagai,Yasutaka Nagai,https://orcid.org/0000-0002-4830-9205,,False,False
10.1039/c0dt01417f,1,Lingamallu,Giribabu,Lingamallu Giribabu,,,False,True
10.1039/c0dt01417f,2,Takeru,Bessho,Takeru Bessho,,,False,False
10.1039/c0dt01417f,3,Mareedu,Srinivasu,Mareedu Srinivasu,,,False,False
10.1039/c0dt01417f,4,Challuri,Vijaykumar,Challuri Vijaykumar,,,False,False
10.1039/c0dt01417f,5,Yarasi,Soujanya,Yarasi Soujanya,,,False,False
10.1039/c0dt01417f,6,Veeranagari Gopal,Reddy,Veeranagari Gopal Reddy,,,False,False
10.1039/c0dt01417f,7,Paidi Yella,Reddy,Paidi Yella Reddy,,,False,False
10.1039/c0dt01417f,8,Jun-Ho,Yum,Jun-Ho Yum,,,False,False
10.1039/c0dt01417f,9,Michael,Grätzel,Michael Grätzel,,,False,False
10.1039/c0dt01417f,10,Mohammad Khaja,Nazeeruddin,Mohammad Khaja Nazeeruddin,,,False,False
10.1039/c6cp03396b,1,P.,Gao,P. Gao,https://orcid.org/0000-0002-6016-3229,Group for Molecular Engineering of Functional Materials; Institute of Chemical Sciences and Engineering; École Polytechnique Fédérale de Lausanne; Rue de l'industrie 17; CH-1951 Sion,False,True
10.1039/c6cp03396b,2,K. T.,Cho,K. T. Cho,,Group for Molecular Engineering of Functional Materials; Institute of Chemical Sciences and Engineering; École Polytechnique Fédérale de Lausanne; Rue de l'industrie 17; CH-1951 Sion,False,False
10.1039/c6cp03396b,3,A.,Abate,A. Abate,,Laboratory of Photomolecular Science; Institute of Chemical Sciences and Engineering; École Polytechnique Fédérale de Lausanne; CH-1015-Lausanne; Switzerland,False,False
10.1039/c6cp03396b,4,G.,Grancini,G. Grancini,,Group for Molecular Engineering of Functional Materials; Institute of Chemical Sciences and Engineering; École Polytechnique Fédérale de Lausanne; Rue de l'industrie 17; CH-1951 Sion,False,False
10.1039/c6cp03396b,5,P. Y.,Reddy,P. Y. Reddy,,Aisin Cosmos R&D Co LTD; Hyderabad; India,True,False
10.1039/c6cp03396b,6,M.,Srivasu,M. Srivasu,,Aisin Cosmos R&D Co LTD; Hyderabad; India,True,False
10.1039/c6cp03396b,7,M.,Adachi,M. Adachi,,Aisin Cosmos R&D Co LTD; Kariya City; Japan,True,False
10.1039/c6cp03396b,8,A.,Suzuki,A. Suzuki,,Aisin Cosmos R&D Co LTD; Kariya City; Japan,True,False
10.1039/c6cp03396b,9,K.,Tsuchimoto,K. Tsuchimoto,,Aisin Cosmos R&D Co LTD; Kariya City; Japan,True,False
10.1039/c6cp03396b,10,M.,Grätzel,M. Grätzel,,Laboratory of Photomolecular Science; Institute of Chemical Sciences and Engineering; École Polytechnique Fédérale de Lausanne; CH-1015-Lausanne; Switzerland,False,False
10.1039/c6cp03396b,11,Mohammad Khaja,Nazeeruddin,Mohammad Khaja Nazeeruddin,,Group for Molecular Engineering of Functional Materials; Institute of Chemical Sciences and Engineering; École Polytechnique Fédérale de Lausanne; Rue de l'industrie 17; CH-1951 Sion,False,False
10.1039/c8bm00412a,1,Takaaki,Hatanaka,Takaaki Hatanaka,https://orcid.org/0000-0002-1154-6004,Toyota Central R&D Labs Inc.; Nagakute 480-1192; Japan,True,True
10.1039/c8bm00412a,2,Masataka,Ohashi,Masataka Ohashi,,Toyota Central R&D Labs Inc.; Nagakute 480-1192; Japan,True,False
10.1039/c8bm00412a,3,Nobuhiro,Ishida,Nobuhiro Ishida,https://orcid.org/0000-0002-3783-3693,Toyota Central R&D Labs Inc.; Nagakute 480-1192; Japan,True,False
10.1039/c8ta06418k,1,Naohiko,Kato,Naohiko Kato,https://orcid.org/0000-0001-9158-1549,"Toyota Central Research and Development Laboratories, Inc.; Nagakute-shi; Japan",True,True
10.1039/c8ta06418k,2,Shinya,Moribe,Shinya Moribe,,"Toyota Central Research and Development Laboratories, Inc.; Nagakute-shi; Japan",True,False
10.1039/c8ta06418k,3,Masahito,Shiozawa,Masahito Shiozawa,,"Toyota Central Research and Development Laboratories, Inc.; Nagakute-shi; Japan",True,False
10.1039/c8ta06418k,4,Ryo,Suzuki,Ryo Suzuki,,"Toyota Central Research and Development Laboratories, Inc.; Nagakute-shi; Japan",True,False
10.1039/c8ta06418k,5,Kazuo,Higuchi,Kazuo Higuchi,,"Toyota Central Research and Development Laboratories, Inc.; Nagakute-shi; Japan",True,False
10.1039/c8ta06418k,6,Akira,Suzuki,Akira Suzuki,,"AISIN Cosmos R&D Co.,Ltd.; Kariya-shi; Japan",True,False
10.1039/c8ta06418k,7,Mareedu,Sreenivasu,Mareedu Sreenivasu,,"AISIN Cosmos R&D Co.,Ltd.; Kariya-shi; Japan",True,False
10.1039/c8ta06418k,8,Katsuya,Tsuchimoto,Katsuya Tsuchimoto,,"AISIN Cosmos R&D Co.,Ltd.; Kariya-shi; Japan",True,False
10.1039/c8ta06418k,9,Koji,Tatematsu,Koji Tatematsu,,"AISIN SEIKI Co., Ltd.; Kariya-shi; Japan",True,False
10.1039/c8ta06418k,10,Katsuyoshi,Mizumoto,Katsuyoshi Mizumoto,,"AISIN SEIKI Co., Ltd.; Kariya-shi; Japan",True,False
10.1039/c8ta06418k,11,Shoichi,Doi,Shoichi Doi,,"AISIN SEIKI Co., Ltd.; Kariya-shi; Japan",True,False
10.1039/c8ta06418k,12,Tatsuo,Toyoda,Tatsuo Toyoda,,"AISIN SEIKI Co., Ltd.; Kariya-shi; Japan",True,False
10.1039/c9cc05921k,1,Naonari,Sakamoto,Naonari Sakamoto,https://orcid.org/0000-0002-6159-4792,Toyota Central R&D Labs Inc.; Nagakute 480-1192; Japan,True,True
10.1039/c9cc05921k,2,Takeo,Arai,Takeo Arai,https://orcid.org/0000-0002-8145-1908,Toyota Central R&D Labs Inc.; Nagakute 480-1192; Japan,True,False
10.1039/c9cc09051g,1,Kazuhiko,Mukai,Kazuhiko Mukai,https://orcid.org/0000-0002-6154-6539,"Toyota Central Research & Development Laboratories, Inc.; Na-gakute; Japan",True,True
10.1039/c9cc09051g,2,Takamasa,Nonaka,Takamasa Nonaka,https://orcid.org/0000-0001-6967-9574,"Toyota Central Research & Development Laboratories, Inc.; Na-gakute; Japan",True,False
10.1039/c9cc09051g,3,Takeshi,Uyama,Takeshi Uyama,https://orcid.org/0000-0002-9998-0816,"Toyota Central Research & Development Laboratories, Inc.; Na-gakute; Japan",True,False
10.1039/c9cc09051g,4,Yusaku F.,Nishimura,Yusaku F. Nishimura,https://orcid.org/0000-0002-2672-8732,"Toyota Central Research & Development Laboratories, Inc.; Na-gakute; Japan",True,False
10.1039/c9ce01971e,1,Daisuke,Nakamura,Daisuke Nakamura,https://orcid.org/0000-0002-7808-0528,"Toyota Central R&D Labs., Inc.; Nagakute; Japan",True,True
10.1039/c9ce01971e,2,Taishi,Kimura,Taishi Kimura,https://orcid.org/0000-0002-1284-1814,"Toyota Central R&D Labs., Inc.; Nagakute; Japan",True,False
10.1039/c9ce01971e,3,Kenji,Itoh,Kenji Itoh,,"Toyota Central R&D Labs., Inc.; Nagakute; Japan",True,False
10.1039/c9ce01971e,4,Naoki,Fujimoto,Naoki Fujimoto,,Institute of Materials and Systems for Sustainability; Nagoya Univ.; Nagoya 464-8601; Japan,False,False
10.1039/c9ce01971e,5,Shugo,Nitta,Shugo Nitta,,Institute of Materials and Systems for Sustainability; Nagoya Univ.; Nagoya 464-8601; Japan,False,False
10.1039/c9ce01971e,6,Hiroshi,Amano,Hiroshi Amano,,Institute of Materials and Systems for Sustainability; Nagoya Univ.; Nagoya 464-8601; Japan,False,False
10.1039/c9cy00176j,1,Yasutaka,Nagai,Yasutaka Nagai,https://orcid.org/0000-0002-4830-9205,"Toyota Central R&D Labs., Inc.; Nagakute; Japan",True,True
10.1039/c9cy00176j,2,Akihiko,Kato,Akihiko Kato,,"Toyota Central R&D Labs., Inc.; Nagakute; Japan",True,False
10.1039/c9cy00176j,3,Masaoki,Iwasaki,Masaoki Iwasaki,https://orcid.org/0000-0002-3987-0017,"Toyota Central R&D Labs., Inc.; Nagakute; Japan",True,False
10.1039/c9cy00176j,4,Keisuke,Kishita,Keisuke Kishita,,Toyota Motor Corporation; Toyota; Japan,True,False
10.1039/c9gc00525k,1,Yoichi,Hosokawa,Yoichi Hosokawa,https://orcid.org/0000-0001-6361-9634,Toyota Central R&D Labs.; Inc.; Aichi 480-1192; Japan,True,True
10.1039/c9gc00525k,2,Shuji,Kajiya,Shuji Kajiya,,Toyota Central R&D Labs.; Inc.; Aichi 480-1192; Japan,True,False
10.1039/c9gc00525k,3,Ayako,Ohshima,Ayako Ohshima,,Toyota Central R&D Labs.; Inc.; Aichi 480-1192; Japan,True,False
10.1039/c9gc00525k,4,Nobuhiro,Ishida,Nobuhiro Ishida,https://orcid.org/0000-0002-3783-3693,Toyota Central R&D Labs.; Inc.; Aichi 480-1192; Japan,True,False
10.1039/c9gc00525k,5,Masakazu,Washio,Masakazu Washio,,Waseda Research Institute for Science and Engineering; Waseda University; Shinjuku; Japan,False,False
10.1039/c9gc00525k,6,Arimitsu,Usuki,Arimitsu Usuki,,Toyota Central R&D Labs.; Inc.; Aichi 480-1192; Japan,True,False
10.1039/d0cp03887c,1,Yuki,Higuchi,Yuki Higuchi,https://orcid.org/0000-0001-7793-5988,"Toyota Central R&D Labs., Inc.; Nagakute; Japan",True,True
10.1039/d0cp03887c,2,Daigo,Setoyama,Daigo Setoyama,,"Toyota Central R&D Labs., Inc.; Nagakute; Japan",True,False
10.1039/d0cp03887c,3,Kazuhisa,Isegawa,Kazuhisa Isegawa,https://orcid.org/0000-0003-3028-0042,Japan Atomic Energy Agency (JAEA); Tokai 319-1195; Japan,False,False
10.1039/d0cp03887c,4,Yusuke,Tsuchikawa,Yusuke Tsuchikawa,,Japan Atomic Energy Agency (JAEA); Tokai 319-1195; Japan,False,False
10.1039/d0cp03887c,5,Yoshihiro,Matsumoto,Yoshihiro Matsumoto,,Comprehensive Research Organization for Science and Society (CROSS); Tokai 319-1106; Japan,False,False
10.1039/d0cp03887c,6,Joseph Don,Parker,Joseph Don Parker,,Comprehensive Research Organization for Science and Society (CROSS); Tokai 319-1106; Japan,False,False
10.1039/d0cp03887c,7,Takenao,Shinohara,Takenao Shinohara,,Japan Atomic Energy Agency (JAEA); Tokai 319-1195; Japan,False,False
10.1039/d0cp03887c,8,Yasutaka,Nagai,Yasutaka Nagai,https://orcid.org/0000-0002-4830-9205,"Toyota Central R&D Labs., Inc.; Nagakute; Japan",True,False
10.1039/d0ra02344b,1,Takayuki,Hirai,Takayuki Hirai,https://orcid.org/0000-0002-1514-2410,"Material and Processing Department; Polymer Processing and Mechanics Laboratories; Toyota Central R&D Laboratories, Inc.; Nagakute 480-1192; Japan",True,True
10.1039/d0ra02344b,2,Yusaku,Onochi,Yusaku Onochi,,Lightweight Material Development Group; Organic Material Dept.; Organic Material Engineering Div.; Toyota Motor Corporation; Toyota,True,False
10.1039/d0ra02344b,3,Jumpei,Kawada,Jumpei Kawada,https://orcid.org/0000-0003-1423-365X,"Material and Processing Department; Polymer Processing and Mechanics Laboratories; Toyota Central R&D Laboratories, Inc.; Nagakute 480-1192; Japan",True,False
10.1039/d0ta07707k,1,Shougo,Higashi,Shougo Higashi,https://orcid.org/0000-0002-7887-4117,"Toyota Central R&D Laboratories, Inc.; Japan",True,True
10.1039/d0ta07707k,2,Takashi,Tachikawa,Takashi Tachikawa,,"Toyota Central R&D Laboratories, Inc.; Japan",True,False
10.1039/d0ta07707k,3,Keiichiro,Oh-ishi,Keiichiro Oh-ishi,,"Toyota Central R&D Laboratories, Inc.; Japan",True,False
10.1039/d0ta07707k,4,Keisuke,Shigetoh,Keisuke Shigetoh,,"Toyota Central R&D Laboratories, Inc.; Japan",True,False
10.1039/d0ta07707k,5,Kensuke,Takechi,Kensuke Takechi,,"Toyota Central R&D Laboratories, Inc.; Japan",True,False
10.1039/d0ta07707k,6,Atsushi,Beniya,Atsushi Beniya,https://orcid.org/0000-0003-1480-4862,"Toyota Central R&D Laboratories, Inc.; Japan",True,False
10.1039/d0ta10215f,1,Shingo,Ohta,Shingo Ohta,https://orcid.org/0000-0002-5089-3949,Toyota Central R&D Labs. Inc.; Japan,True,True
10.1039/d0ta10215f,2,Yuki,Kihira,Yuki Kihira,,Toyota Central R&D Labs. Inc.; Japan,True,False
10.1039/d0ta10215f,3,Takahiko,Asaoka,Takahiko Asaoka,,Toyota Central R&D Labs. Inc.; Japan,True,False
10.1039/d0tb00034e,1,Hiroyuki,Tetsuka,Hiroyuki Tetsuka,https://orcid.org/0000-0003-3544-7032,Division of Engineering in Medicine; Department of Medicine; Brigham and Women's Hospital; Harvard Medical School; Cambridge,False,True
10.1039/d0tb00034e,2,Su Ryon,Shin,Su Ryon Shin,https://orcid.org/0000-0003-0864-6482,Division of Engineering in Medicine; Department of Medicine; Brigham and Women's Hospital; Harvard Medical School; Cambridge,False,False
10.1039/d1cp02613e,1,Pavan Kumar Naik,Sugali,Pavan Kumar Naik Sugali,https://orcid.org/0000-0002-9343-4320,"Department of Physics, Tokyo University of Science, 1 Chome-3 Kagurazaka, Shinjuku City, Tokyo 162-8601, Japan; Research Institute for Advanced Electronics and Photonics, National Institute of Advanced Industrial Science and Technology (AIST), 1-1-1 Central 2, Umezono, Tsukuba, Ibaraki, 305-8568, Japan",False,True
10.1039/d1cp02613e,2,Shigeyuki,Ishida,Shigeyuki Ishida,https://orcid.org/0000-0001-9445-8079,"Research Institute for Advanced Electronics and Photonics, National Institute of Advanced Industrial Science and Technology (AIST), 1-1-1 Central 2, Umezono, Tsukuba, Ibaraki, 305-8568, Japan",False,False
10.1039/d1cp02613e,3,Koji,Kimoto,Koji Kimoto,,"National Institute for Materials Science, Tsukuba, Ibaraki 305-0047, Japan",False,False
10.1039/d1cp02613e,4,Keiichi,Yanagisawa,Keiichi Yanagisawa,,"National Institute for Materials Science, Tsukuba, Ibaraki 305-0047, Japan",False,False
10.1039/d1cp02613e,5,Yoshihisa,Kamiya,Yoshihisa Kamiya,,"Research Institute for Advanced Electronics and Photonics, National Institute of Advanced Industrial Science and Technology (AIST), 1-1-1 Central 2, Umezono, Tsukuba, Ibaraki, 305-8568, Japan; IMRA JAPAN CO., LTD., Kariya, Aichi 448-8650, Japan",True,False
10.1039/d1cp02613e,6,Yoshinori,Tsuchiya,Yoshinori Tsuchiya,,"Research Institute for Advanced Electronics and Photonics, National Institute of Advanced Industrial Science and Technology (AIST), 1-1-1 Central 2, Umezono, Tsukuba, Ibaraki, 305-8568, Japan",False,False
10.1039/d1cp02613e,7,Kenji,Kawashima,Kenji Kawashima,,"Research Institute for Advanced Electronics and Photonics, National Institute of Advanced Industrial Science and Technology (AIST), 1-1-1 Central 2, Umezono, Tsukuba, Ibaraki, 305-8568, Japan; IMRA JAPAN CO., LTD., Kariya, Aichi 448-8650, Japan",True,False
10.1039/d1cp02613e,8,Yoshiyuki,Yoshida,Yoshiyuki Yoshida,,"Research Institute for Advanced Electronics and Photonics, National Institute of Advanced Industrial Science and Technology (AIST), 1-1-1 Central 2, Umezono, Tsukuba, Ibaraki, 305-8568, Japan",False,False
10.1039/d1cp02613e,9,Akira,Iyo,Akira Iyo,,"Research Institute for Advanced Electronics and Photonics, National Institute of Advanced Industrial Science and Technology (AIST), 1-1-1 Central 2, Umezono, Tsukuba, Ibaraki, 305-8568, Japan",False,False
10.1039/d1cp02613e,10,Hiroshi,Eisaki,Hiroshi Eisaki,,"Research Institute for Advanced Electronics and Photonics, National Institute of Advanced Industrial Science and Technology (AIST), 1-1-1 Central 2, Umezono, Tsukuba, Ibaraki, 305-8568, Japan",False,False
10.1039/d1cp02613e,11,Taichiro,Nishio,Taichiro Nishio,https://orcid.org/0000-0002-1373-2855,"Department of Physics, Tokyo University of Science, 1 Chome-3 Kagurazaka, Shinjuku City, Tokyo 162-8601, Japan",False,False
10.1039/d1cp02613e,12,Hiraku,Ogino,Hiraku Ogino,https://orcid.org/0000-0002-0097-8389,"Research Institute for Advanced Electronics and Photonics, National Institute of Advanced Industrial Science and Technology (AIST), 1-1-1 Central 2, Umezono, Tsukuba, Ibaraki, 305-8568, Japan",False,False
10.1039/d3cc03940d,1,Tomiko M.,Suzuki,Tomiko M. Suzuki,https://orcid.org/0000-0003-3763-4245,"Toyota Central R&D Labs., Inc., 41-1 Yokomichi, Nagakute, Aichi 480-1192, Japan",True,True
10.1039/d3cc03940d,2,Kengo,Nagatsuka,Kengo Nagatsuka,,"Department of Applied Chemistry, Faculty of Science, Tokyo University of Science, 1-3 Kagurazaka, Shinjuku-ku, Tokyo 162-8601, Japan",False,False
10.1039/d3cc03940d,3,Takamasa,Nonaka,Takamasa Nonaka,https://orcid.org/0000-0001-6967-9574,"Toyota Central R&D Labs., Inc., 41-1 Yokomichi, Nagakute, Aichi 480-1192, Japan",True,False
10.1039/d3cc03940d,4,Yuichi,Yamaguchi,Yuichi Yamaguchi,https://orcid.org/0000-0003-1897-3487,"Department of Applied Chemistry, Faculty of Science, Tokyo University of Science, 1-3 Kagurazaka, Shinjuku-ku, Tokyo 162-8601, Japan; Carbon Value Research Center, Research Institute for Science & Technology, Tokyo University of Science, 2641 Yamazaki, Noda-shi, Chiba 278-8510, Japan",False,False
10.1039/d3cc03940d,5,Naonari,Sakamoto,Naonari Sakamoto,https://orcid.org/0000-0002-6159-4792,"Toyota Central R&D Labs., Inc., 41-1 Yokomichi, Nagakute, Aichi 480-1192, Japan",True,False
10.1039/d3cc03940d,6,Takeshi,Uyama,Takeshi Uyama,https://orcid.org/0000-0002-9998-0816,"Toyota Central R&D Labs., Inc., 41-1 Yokomichi, Nagakute, Aichi 480-1192, Japan",True,False
10.1039/d3cc03940d,7,Keita,Sekizawa,Keita Sekizawa,https://orcid.org/0000-0003-2660-0410,"Toyota Central R&D Labs., Inc., 41-1 Yokomichi, Nagakute, Aichi 480-1192, Japan",True,False
10.1039/d3cc03940d,8,Akihiko,Kudo,Akihiko Kudo,,"Department of Applied Chemistry, Faculty of Science, Tokyo University of Science, 1-3 Kagurazaka, Shinjuku-ku, Tokyo 162-8601, Japan; Carbon Value Research Center, Research Institute for Science & Technology, Tokyo University of Science, 2641 Yamazaki, Noda-shi, Chiba 278-8510, Japan",False,False
10.1039/d3cc03940d,9,Takeshi,Morikawa,Takeshi Morikawa,https://orcid.org/0000-0002-4985-0925,"Toyota Central R&D Labs., Inc., 41-1 Yokomichi, Nagakute, Aichi 480-1192, Japan",True,False
10.1039/d3gc04472f,1,Hiroshi,Itahara,Hiroshi Itahara,https://orcid.org/0000-0002-6990-4177,"Toyota Central R&D Labs., Inc., 41-1 Yokomichi Nagakute, Aichi 480-1192, Japan",True,True
10.1039/d3gc04472f,2,Naonari,Sakamoto,Naonari Sakamoto,https://orcid.org/0000-0002-6159-4792,"Toyota Central R&D Labs., Inc., 41-1 Yokomichi Nagakute, Aichi 480-1192, Japan",True,False
10.1039/d3gc04472f,3,Naoko,Takahashi,Naoko Takahashi,,"Toyota Central R&D Labs., Inc., 41-1 Yokomichi Nagakute, Aichi 480-1192, Japan",True,False
10.1039/d3gc04472f,4,Satoru,Kosaka,Satoru Kosaka,,"Toyota Central R&D Labs., Inc., 41-1 Yokomichi Nagakute, Aichi 480-1192, Japan",True,False
10.1039/d3gc04472f,5,Yasuhiro,Takatani,Yasuhiro Takatani,,"Toyota Central R&D Labs., Inc., 41-1 Yokomichi Nagakute, Aichi 480-1192, Japan",True,False
10.1039/d3sc03377e,1,Hiro,Tabata,Hiro Tabata,https://orcid.org/0000-0001-8137-9136,"Research Center for Solar Energy Chemistry, Graduate School of Engineering Science, Osaka University, Toyonaka, Osaka, 560-8531, Japan",False,True
10.1039/d3sc03377e,2,Genta,Chikatani,Genta Chikatani,,"Research Center for Solar Energy Chemistry, Graduate School of Engineering Science, Osaka University, Toyonaka, Osaka, 560-8531, Japan",False,False
10.1039/d3sc03377e,3,Hiroaki,Nishijima,Hiroaki Nishijima,,"Research Center for Solar Energy Chemistry, Graduate School of Engineering Science, Osaka University, Toyonaka, Osaka, 560-8531, Japan",False,False
10.1039/d3sc03377e,4,Takashi,Harada,Takashi Harada,https://orcid.org/0000-0002-7351-4649,"Research Center for Solar Energy Chemistry, Graduate School of Engineering Science, Osaka University, Toyonaka, Osaka, 560-8531, Japan",False,False
10.1039/d3sc03377e,5,Rika,Miyake,Rika Miyake,,"Research Center for Solar Energy Chemistry, Graduate School of Engineering Science, Osaka University, Toyonaka, Osaka, 560-8531, Japan",False,False
10.1039/d3sc03377e,6,Souichiro,Kato,Souichiro Kato,,"Research Center for Solar Energy Chemistry, Graduate School of Engineering Science, Osaka University, Toyonaka, Osaka, 560-8531, Japan; Bioproduction Research Institute, National Institute of Advanced Industrial Science and Technology (AIST), 2-17-2-1, Tsukisamu higashi, Toyohira, Sapporo, 062-8517, Japan",False,False
10.1039/d3sc03377e,7,Kensuke,Igarashi,Kensuke Igarashi,,"Bioproduction Research Institute, National Institute of Advanced Industrial Science and Technology (AIST), 2-17-2-1, Tsukisamu higashi, Toyohira, Sapporo, 062-8517, Japan",False,False
10.1039/d3sc03377e,8,Yoshiharu,Mukouyama,Yoshiharu Mukouyama,,"Research Center for Solar Energy Chemistry, Graduate School of Engineering Science, Osaka University, Toyonaka, Osaka, 560-8531, Japan; Division of Science, College of Science and Engineering, Tokyo Denki University, Hatoyama, Saitama 350-0394, Japan",False,False
10.1039/d3sc03377e,9,Soichi,Shirai,Soichi Shirai,https://orcid.org/0000-0001-6932-4845,"Toyota Central R&D Labs., Inc., 41-1 Yokomichi, Nagakute, Aichi, 480-1192, Japan",True,False
10.1039/d3sc03377e,10,Minoru,Waki,Minoru Waki,https://orcid.org/0000-0001-8843-6180,"Toyota Central R&D Labs., Inc., 41-1 Yokomichi, Nagakute, Aichi, 480-1192, Japan",True,False
10.1039/d3sc03377e,11,Yoko,Hase,Yoko Hase,https://orcid.org/0000-0001-8805-7922,"Research Center for Solar Energy Chemistry, Graduate School of Engineering Science, Osaka University, Toyonaka, Osaka, 560-8531, Japan; Toyota Central R&D Labs., Inc., 41-1 Yokomichi, Nagakute, Aichi, 480-1192, Japan",True,False
10.1039/d3sc03377e,12,Shuji,Nakanishi,Shuji Nakanishi,https://orcid.org/0000-0002-3313-2689,"Research Center for Solar Energy Chemistry, Graduate School of Engineering Science, Osaka University, Toyonaka, Osaka, 560-8531, Japan; Innovative Catalysis Science Division, Institute for Open and Transdisciplinary Research Initiatives (ICS-OTRI), Osaka University, Suita, Osaka, 565-0871, Japan",False,False
10.1039/d3ta03164k,1,Saori,Minami,Saori Minami,https://orcid.org/0000-0001-5446-2188,"Toyota Central R&D Labs., Inc., 41-1 Yokomichi, Nagakute, Aichi, 480-1192, Japan",True,True
10.1039/d3ta03164k,2,Ryosuke,Jinnouchi,Ryosuke Jinnouchi,https://orcid.org/0000-0002-0822-1161,"Toyota Central R&D Labs., Inc., 41-1 Yokomichi, Nagakute, Aichi, 480-1192, Japan",True,False
10.1039/d3ta06719j,1,Izuru,Miyazaki,Izuru Miyazaki,https://orcid.org/0000-0003-4869-4374,"Toyota Central R&D Labs., Inc., Nagakute, Aichi, Japan",True,True
10.1039/d3ta06719j,2,Yumi,Masuoka,Yumi Masuoka,,"Toyota Central R&D Labs., Inc., Nagakute, Aichi, Japan",True,False
10.1039/d3ta06719j,3,Keiichiro,Oh-Ishi,Keiichiro Oh-Ishi,,"Toyota Central R&D Labs., Inc., Nagakute, Aichi, Japan",True,False
10.1039/d3ta06719j,4,Norihiko,Setoyama,Norihiko Setoyama,,"Toyota Central R&D Labs., Inc., Nagakute, Aichi, Japan",True,False
10.1039/d3ta06719j,5,Mitsutaro,Umehara,Mitsutaro Umehara,,"Toyota Central R&D Labs., Inc., Nagakute, Aichi, Japan",True,False
10.1039/d4ee00283k,1,Yoshinari,Makimura,Yoshinari Makimura,https://orcid.org/0000-0001-8170-9326,"Toyota Central R&D Labs., Inc, Nagakute, Aichi 480-1192, Japan",True,True
10.1039/d4ee00283k,2,Chikaaki,Okuda,Chikaaki Okuda,,"Toyota Central R&D Labs., Inc, Nagakute, Aichi 480-1192, Japan",True,False
10.1039/d4ee00283k,3,Toshihisa,Munekata,Toshihisa Munekata,,"Toyota Central R&D Labs., Inc, Nagakute, Aichi 480-1192, Japan",True,False
10.1039/d4ee00283k,4,Azusa,Tsukigase,Azusa Tsukigase,,"Toyota Central R&D Labs., Inc, Nagakute, Aichi 480-1192, Japan",True,False
10.1039/d4ee00283k,5,Hideaki,Oka,Hideaki Oka,,"Toyota Central R&D Labs., Inc, Nagakute, Aichi 480-1192, Japan",True,False
10.1039/d4ee00283k,6,Tooru,Saeki,Tooru Saeki,,"Toyota Central R&D Labs., Inc, Nagakute, Aichi 480-1192, Japan",True,False
10.1039/d4ee00283k,7,Ryohei,Morimoto,Ryohei Morimoto,,"Toyota Central R&D Labs., Inc, Nagakute, Aichi 480-1192, Japan",True,False
10.1039/d4ee00283k,8,Megumi,Sasaki,Megumi Sasaki,,"Toyota Central R&D Labs., Inc, Nagakute, Aichi 480-1192, Japan",True,False
10.1039/d4ee00283k,9,Hiroyuki,Nakano,Hiroyuki Nakano,,"Toyota Central R&D Labs., Inc, Nagakute, Aichi 480-1192, Japan",True,False
10.1039/d4ee00283k,10,Yuichi,Itou,Yuichi Itou,,"Toyota Central R&D Labs., Inc, Nagakute, Aichi 480-1192, Japan",True,False
10.1039/d4ee00283k,11,Mamoru,Mizutani,Mamoru Mizutani,,"Toyota Central R&D Labs., Inc, Nagakute, Aichi 480-1192, Japan",True,False
10.1039/d4ee00283k,12,Tsuyoshi,Sasaki,Tsuyoshi Sasaki,,"Toyota Central R&D Labs., Inc, Nagakute, Aichi 480-1192, Japan",True,False
10.1039/d4sc03378g,1,Ryosuke,Jinnouchi,Ryosuke Jinnouchi,https://orcid.org/0000-0002-0822-1161,"Toyota Central R&D Labs., Inc., Yokomichi 41-1, Nagakute, Aichi, Japan",True,True
10.1039/d4sc03378g,2,Ferenc,Karsai,Ferenc Karsai,,"VASP Software GmbH, Berggasse 21, A-1090 Vienna, Austria",False,False
10.1039/d4sc03378g,3,Georg,Kresse,Georg Kresse,,"VASP Software GmbH, Berggasse 21, A-1090 Vienna, Austria; University of Vienna, Faculty of Physics, Kolingasse 14-16, A-1090 Vienna, Austria",False,False
10.1039/d5cc05617a,1,Tomiko M.,Suzuki,Tomiko M. Suzuki,https://orcid.org/0000-0003-3763-4245,"Toyota Central R&D Labs. Inc., 41-1, Yokomichi, Nagakute, Aichi 480-1192, Japan",True,True
10.1039/d5cc05617a,2,Takamasa,Nonaka,Takamasa Nonaka,https://orcid.org/0000-0001-6967-9574,"Toyota Central R&D Labs. Inc., 41-1, Yokomichi, Nagakute, Aichi 480-1192, Japan",True,False
10.1039/d5cc05617a,3,Takeshi,Uyama,Takeshi Uyama,https://orcid.org/0000-0002-9998-0816,"Toyota Central R&D Labs. Inc., 41-1, Yokomichi, Nagakute, Aichi 480-1192, Japan",True,False
10.1039/d5cc05617a,4,Naonari,Sakamoto,Naonari Sakamoto,https://orcid.org/0000-0002-6159-4792,"Toyota Central R&D Labs. Inc., 41-1, Yokomichi, Nagakute, Aichi 480-1192, Japan",True,False
10.1039/d5cc05617a,5,Keita,Sekizawa,Keita Sekizawa,https://orcid.org/0000-0003-2660-0410,"Toyota Central R&D Labs. Inc., 41-1, Yokomichi, Nagakute, Aichi 480-1192, Japan",True,False
10.1039/d5cc05617a,6,Yuichi,Yamaguchi,Yuichi Yamaguchi,https://orcid.org/0000-0003-1897-3487,"Department of Applied Chemistry, Faculty of Science, Tokyo University of Science, 1-Kagurazaka, Shinjuku-ku, Tokyo 162-8601, Japan; Carbon Value Research Center, Research Institute for Science & Technology, Tokyo University of Science, 2641 Yamazaki, Noda-shi, Chiba 278-8510, Japan",False,False
10.1039/d5cc05617a,7,Akihiko,Kudo,Akihiko Kudo,,"Department of Applied Chemistry, Faculty of Science, Tokyo University of Science, 1-Kagurazaka, Shinjuku-ku, Tokyo 162-8601, Japan; Carbon Value Research Center, Research Institute for Science & Technology, Tokyo University of Science, 2641 Yamazaki, Noda-shi, Chiba 278-8510, Japan",False,False
10.1039/d5cc05617a,8,Takeshi,Morikawa,Takeshi Morikawa,https://orcid.org/0000-0002-4985-0925,"Toyota Central R&D Labs. Inc., 41-1, Yokomichi, Nagakute, Aichi 480-1192, Japan",True,False
10.1039/d5ta06122a,1,Naohiko,Kato,Naohiko Kato,https://orcid.org/0000-0001-9158-1549,"Toyota Central R&D Labs., Inc., Nagakute, Aichi 480-1192, Japan",True,True
10.1039/d5ta06122a,2,Shu,Saeki,Shu Saeki,,"Toyota Central R&D Labs., Inc., Nagakute, Aichi 480-1192, Japan",True,False
10.1039/d5ta06122a,3,Yusaku F.,Nishimura,Yusaku F. Nishimura,https://orcid.org/0000-0002-2672-8732,"Toyota Central R&D Labs., Inc., Nagakute, Aichi 480-1192, Japan",True,False
10.1039/d5ta06122a,4,Yasuhiko,Takeda,Yasuhiko Takeda,https://orcid.org/0000-0002-0874-4560,"Toyota Central R&D Labs., Inc., Nagakute, Aichi 480-1192, Japan",True,False
10.1039/d5ta06122a,5,Shinya,Moribe,Shinya Moribe,https://orcid.org/0000-0001-7101-9989,"Toyota Central R&D Labs., Inc., Nagakute, Aichi 480-1192, Japan",True,False
10.1049/el:19950147,1,M.E.,Fermann,M.E. Fermann,,"IMRA America, Inc., 1044 Woodridge Avenue, Ann Arbor, MI 48105, USA",True,True
10.1049/el:19950147,2,K.,Sugden,K. Sugden,,"Aston University, Aston Triangle, Birmingham, B4 7ET, United Kingdom",False,False
10.1049/el:19950147,3,I.,Bennion,I. Bennion,,"Aston University, Aston Triangle, Birmingham, B4 7ET, United Kingdom",False,False
10.1049/el:19980888,1,H.,Suche,H. Suche,,"Angewandte Physik, Universität-GH Paderborn, Warburger Straße 100, Paderborn, D-33098, Germany",False,True
10.1049/el:19980888,2,T.,Oesselke,T. Oesselke,,"Angewandte Physik, Universität-GH Paderborn, Warburger Straße 100, Paderborn, D-33098, Germany",False,False
10.1049/el:19980888,3,J.,Pandavenes,J. Pandavenes,,"Angewandte Physik, Universität-GH Paderborn, Warburger Straße 100, Paderborn, D-33098, Germany",False,False
10.1049/el:19980888,4,R.,Ricken,R. Ricken,,"Angewandte Physik, Universität-GH Paderborn, Warburger Straße 100, Paderborn, D-33098, Germany",False,False
10.1049/el:19980888,5,K.,Rochhausen,K. Rochhausen,,"Angewandte Physik, Universität-GH Paderborn, Warburger Straße 100, Paderborn, D-33098, Germany",False,False
10.1049/el:19980888,6,W.,Sohler,W. Sohler,,"Angewandte Physik, Universität-GH Paderborn, Warburger Straße 100, Paderborn, D-33098, Germany",False,False
10.1049/el:19980888,7,S.,Balsamo,S. Balsamo,,"Dipartimento di Elettronica, Politecnico di Torino, Corso Duca degli Abruzzi 24, Torino, I-10129, Italy",False,False
10.1049/el:19980888,8,I.,Montrosset,I. Montrosset,,"Dipartimento di Elettronica, Politecnico di Torino, Corso Duca degli Abruzzi 24, Torino, I-10129, Italy",False,False
10.1049/el:19980888,9,K.K.,Wong,K.K. Wong,,"IMRA America, Inc., 1044 Woodridge Ave., Ann Arbor, MI 48105-9774, USA",True,False
10.1049/el:20001259,1,S.,Shen,S. Shen,,"School of Electrical &amp; Computer Engineering, Purdue University, 1285 EE Building, West Lafayette, IN 47907, USA",False,True
10.1049/el:20001259,2,A.M.,Weiner,A.M. Weiner,,"School of Electrical &amp; Computer Engineering, Purdue University, 1285 EE Building, West Lafayette, IN 47907, USA",False,False
10.1049/el:20001259,3,G.D.,Sucha,G.D. Sucha,,"IMRA America, Inc., 1044 Woodridge Ave., Ann Arbor, MI 48105, USA",True,False
10.1049/el:20001259,4,M.L.,Stock,M.L. Stock,,"IMRA America, Inc., 1044 Woodridge Ave., Ann Arbor, MI 48105, USA",True,False
10.1063/1.107456,1,A.,Galvanauskas,A. Galvanauskas,,"Department of Physics, Royal Institute of Technology, S-10044 Stockholm, Sweden",False,True
10.1063/1.107456,2,J. A.,Tellefsen,J. A. Tellefsen,,"Department of Physics, Royal Institute of Technology, S-10044 Stockholm, Sweden",False,False
10.1063/1.107456,3,A.,Krotkus,A. Krotkus,,"Semiconductor Physics Institute, Lithuanian Academy of Sciences, Gostauto 11, 2600 Vilnius, Lithuania",False,False
10.1063/1.107456,4,M.,Öberg,M. Öberg,,"Swedish Institute of Microelectronics, Box 1084, S-16241 Kista, Sweden",False,False
10.1063/1.107456,5,B.,Broberg,B. Broberg,,"Swedish Institute of Microelectronics, Box 1084, S-16241 Kista, Sweden",False,False
10.1063/1.108516,1,M. E.,Fermann,M. E. Fermann,,"Bellcore, 331 Newman Springs Road, Red Bank, New Jersey 07701",False,True
10.1063/1.108516,2,M. J.,Andrejco,M. J. Andrejco,,"Bellcore, 331 Newman Springs Road, Red Bank, New Jersey 07701",False,False
10.1063/1.108516,3,M. L.,Stock,M. L. Stock,,"Bellcore, 331 Newman Springs Road, Red Bank, New Jersey 07701",False,False
10.1063/1.108516,4,Y.,Silberberg,Y. Silberberg,,"Bellcore, 331 Newman Springs Road, Red Bank, New Jersey 07701",False,False
10.1063/1.108516,5,A. M.,Weiner,A. M. Weiner,,"Bellcore, 331 Newman Springs Road, Red Bank, New Jersey 07701",False,False
10.1063/1.110701,1,A.,Galvanauskas,A. Galvanauskas,,"Institute of Optical Research, S-100 44 Stockholm, Sweden",False,True
10.1063/1.110701,2,P.,Blixt,P. Blixt,,"Institute of Optical Research, S-100 44 Stockholm, Sweden",False,False
10.1063/1.110701,3,J. A.,Tellefsen,J. A. Tellefsen,,"Department of Physics II, Royal Institute of Technology, S-100 44 Stockholm, Sweden",False,False
10.1063/1.111450,1,D.,Botkin,D. Botkin,,"Physics Department, University of California at Berkeley, and Materials Sciences Division, Lawrence Berkeley Laboratory, Berkeley, California 94720",False,True
10.1063/1.111450,2,S.,Weiss,S. Weiss,,"Physics Department, University of California at Berkeley, and Materials Sciences Division, Lawrence Berkeley Laboratory, Berkeley, California 94720",False,False
10.1063/1.111450,3,G.,Sucha,G. Sucha,,"Physics Department, University of California at Berkeley, and Materials Sciences Division, Lawrence Berkeley Laboratory, Berkeley, California 94720",False,False
10.1063/1.111450,4,D. S.,Chemla,D. S. Chemla,,"Physics Department, University of California at Berkeley, and Materials Sciences Division, Lawrence Berkeley Laboratory, Berkeley, California 94720",False,False
10.1063/1.111450,5,J. M.,Wiesenfeld,J. M. Wiesenfeld,,"AT&T Bell Laboratories, Crawford Hill Laboratory, Holmdel, New Jersey 07733",False,False
10.1063/1.111919,1,M. E.,Fermann,M. E. Fermann,,"IMRA America, Inc., 1044 Woodridge Avenue, Ann Arbor, Michigan 48105",True,True
10.1063/1.111919,2,A.,Galvanauskas,A. Galvanauskas,,"IMRA America, Inc., 1044 Woodridge Avenue, Ann Arbor, Michigan 48105",True,False
10.1063/1.111919,3,D.,Harter,D. Harter,,"IMRA America, Inc., 1044 Woodridge Avenue, Ann Arbor, Michigan 48105",True,False
10.1063/1.112020,1,G.,Sucha,G. Sucha,,"Department of Physics, University of California at Berkeley; Materials Science Division, Lawrence Berkeley Laboratory, Berkeley, California 84720",False,True
10.1063/1.112020,2,S. R.,Bolton,S. R. Bolton,,"Department of Physics, University of California at Berkeley; Materials Science Division, Lawrence Berkeley Laboratory, Berkeley, California 84720",False,False
10.1063/1.112020,3,D. S.,Chemla,D. S. Chemla,,"Department of Physics, University of California at Berkeley; Materials Science Division, Lawrence Berkeley Laboratory, Berkeley, California 84720",False,False
10.1063/1.112020,4,D. L.,Sivco,D. L. Sivco,,"AT&T Bell Laboratories, Murray Hill, New Jersey 07974",False,False
10.1063/1.112020,5,A. Y.,Cho,A. Y. Cho,,"AT&T Bell Laboratories, Murray Hill, New Jersey 07974",False,False
10.1063/1.113571,1,A.,Galvanauskas,A. Galvanauskas,,"IMRA America, Inc. Ann Arbor, Michigan 48105",True,True
10.1063/1.113571,2,M. E.,Fermann,M. E. Fermann,,"IMRA America, Inc. Ann Arbor, Michigan 48105",True,False
10.1063/1.113571,3,D.,Harter,D. Harter,,"IMRA America, Inc. Ann Arbor, Michigan 48105",True,False
10.1063/1.113571,4,K.,Sugden,K. Sugden,,"Aston University, Aston Triangle, Birmingham B4 7ET, United Kingdom",False,False
10.1063/1.113571,5,I.,Bennion,I. Bennion,,"Aston University, Aston Triangle, Birmingham B4 7ET, United Kingdom",False,False
10.1063/1.1150240,1,Shingo,Ono,Shingo Ono,,"Science University of Tokyo, Kagurazaka, Shinjuku-ku, Tokyo 162, Japan",False,True
10.1063/1.1150240,2,Takeyo,Tsukamoto,Takeyo Tsukamoto,,"Science University of Tokyo, Kagurazaka, Shinjuku-ku, Tokyo 162, Japan",False,False
10.1063/1.1150240,3,Masahiro,Sakai,Masahiro Sakai,,"Institute for Molecular Science (IMS), Myodaiji, Okazaki 444-8585, Japan",False,False
10.1063/1.1150240,4,Zhenlin,Liu,Zhenlin Liu,,"Institute for Molecular Science (IMS), Myodaiji, Okazaki 444-8585, Japan",False,False
10.1063/1.1150240,5,Hideyuki,Ohtake,Hideyuki Ohtake,,"Institute for Molecular Science (IMS), Myodaiji, Okazaki 444-8585, Japan",False,False
10.1063/1.1150240,6,Nobuhiko,Sarukura,Nobuhiko Sarukura,,"Institute for Molecular Science (IMS), Myodaiji, Okazaki 444-8585, Japan",False,False
10.1063/1.1150240,7,Seizi,Nishizawa,Seizi Nishizawa,,"Jasco Corporation, Ishikawa, Hachioji, Tokyo 192-8537, Japan",False,False
10.1063/1.1150240,8,Akio,Nakanishi,Akio Nakanishi,,"Sumitomo Special Metals Co., Ltd, Egawa, Shimamoto-cho, Mishima-gun, Osaka 618, Japan",False,False
10.1063/1.1150240,9,Makoto,Yoshida,Makoto Yoshida,,"Imra America, Inc. JLO, Kojiritsuki, Hitotsugi-cho, Kariya 448, Japan",True,False
10.1063/1.126390,1,Y.-S.,Lee,Y.-S. Lee,,"Center for Ultrafast Optical Science, The University of Michigan, Ann Arbor, Michigan 48109-2099",False,True
10.1063/1.126390,2,T.,Meade,T. Meade,,"Center for Ultrafast Optical Science, The University of Michigan, Ann Arbor, Michigan 48109-2099",False,False
10.1063/1.126390,3,V.,Perlin,V. Perlin,,"Center for Ultrafast Optical Science, The University of Michigan, Ann Arbor, Michigan 48109-2099",False,False
10.1063/1.126390,4,H.,Winful,H. Winful,,"Center for Ultrafast Optical Science, The University of Michigan, Ann Arbor, Michigan 48109-2099",False,False
10.1063/1.126390,5,T. B.,Norris,T. B. Norris,,"Center for Ultrafast Optical Science, The University of Michigan, Ann Arbor, Michigan 48109-2099",False,False
10.1063/1.126390,6,A.,Galvanauskas,A. Galvanauskas,,"IMRA America, 1044 Woodridge Avenue, Ann Arbor, Michigan 48105",True,False
10.1063/1.1373406,1,Y. S.,Lee,Y. S. Lee,,"Center for Ultrafast Optical Science, The University of Michigan, Ann Arbor, Michigan 48109-2099",False,True
10.1063/1.1373406,2,T.,Meade,T. Meade,,"Center for Ultrafast Optical Science, The University of Michigan, Ann Arbor, Michigan 48109-2099",False,False
10.1063/1.1373406,3,T. B.,Norris,T. B. Norris,,"Center for Ultrafast Optical Science, The University of Michigan, Ann Arbor, Michigan 48109-2099",False,False
10.1063/1.1373406,4,A.,Galvanauskas,A. Galvanauskas,,"IMRA America, 1044 Woodridge Avenue, Ann Arbor, Michigan 48105",True,False
10.1063/1.1616668,1,Hou-Tong,Chen,Hou-Tong Chen,,"Department of Physics, Rensselaer Polytechnic Institute, Troy, New York 12180",False,True
10.1063/1.1616668,2,Roland,Kersting,Roland Kersting,,"Department of Physics, Rensselaer Polytechnic Institute, Troy, New York 12180",False,False
10.1063/1.1616668,3,Gyu Cheon,Cho,Gyu Cheon Cho,,"IMRA America, 1044 Woodridge Avenue, Ann Arbor, Michigan 48105",True,False
10.1063/1.2217165,1,Y. J.,Zeng,Y. J. Zeng,,"Zhejiang University State Key Laboratory of Silicon Materials, , Hangzhou 310027, People’s Republic of China",False,True
10.1063/1.2217165,2,Z. Z.,Ye,Z. Z. Ye,,"Zhejiang University State Key Laboratory of Silicon Materials, , Hangzhou 310027, People’s Republic of China",False,False
10.1063/1.2217165,3,W. Z.,Xu,W. Z. Xu,,"Zhejiang University State Key Laboratory of Silicon Materials, , Hangzhou 310027, People’s Republic of China",False,False
10.1063/1.2217165,4,J. G.,Lu,J. G. Lu,,"Zhejiang University State Key Laboratory of Silicon Materials, , Hangzhou 310027, People’s Republic of China",False,False
10.1063/1.2217165,5,H. P.,He,H. P. He,,"Zhejiang University State Key Laboratory of Silicon Materials, , Hangzhou 310027, People’s Republic of China",False,False
10.1063/1.2217165,6,L. P.,Zhu,L. P. Zhu,,"Zhejiang University State Key Laboratory of Silicon Materials, , Hangzhou 310027, People’s Republic of China",False,False
10.1063/1.2217165,7,B. H.,Zhao,B. H. Zhao,,"Zhejiang University State Key Laboratory of Silicon Materials, , Hangzhou 310027, People’s Republic of China",False,False
10.1063/1.2217165,8,Y.,Che,Y. Che,,"IMRA America, Inc. , 1044 Woodridge Avenue, Ann Arbor, Michigan 48105",True,False
10.1063/1.2217165,9,S. B.,Zhang,S. B. Zhang,,"National Renewable Energy Laboratory , Golden, Colorado 80401",False,False
10.1063/1.2428853,1,Y. J.,Zeng,Y. J. Zeng,,"Zhejiang University State Key Laboratory of Silicon Materials, , Hangzhou 310027, People’s Republic of China",False,True
10.1063/1.2428853,2,Z. Z.,Ye,Z. Z. Ye,,"Zhejiang University State Key Laboratory of Silicon Materials, , Hangzhou 310027, People’s Republic of China",False,False
10.1063/1.2428853,3,Y. F.,Lu,Y. F. Lu,,"Zhejiang University State Key Laboratory of Silicon Materials, , Hangzhou 310027, People’s Republic of China",False,False
10.1063/1.2428853,4,J. G.,Lu,J. G. Lu,,"Zhejiang University State Key Laboratory of Silicon Materials, , Hangzhou 310027, People’s Republic of China",False,False
10.1063/1.2428853,5,L.,Sun,L. Sun,,"Zhejiang University State Key Laboratory of Silicon Materials, , Hangzhou 310027, People’s Republic of China",False,False
10.1063/1.2428853,6,W. Z.,Xu,W. Z. Xu,,"Zhejiang University State Key Laboratory of Silicon Materials, , Hangzhou 310027, People’s Republic of China",False,False
10.1063/1.2428853,7,L. P.,Zhu,L. P. Zhu,,"Zhejiang University State Key Laboratory of Silicon Materials, , Hangzhou 310027, People’s Republic of China",False,False
10.1063/1.2428853,8,B. H.,Zhao,B. H. Zhao,,"Zhejiang University State Key Laboratory of Silicon Materials, , Hangzhou 310027, People’s Republic of China",False,False
10.1063/1.2428853,9,Y.,Che,Y. Che,,"IMRA America, Inc. , 1044 Woodridge Ave., Ann Arbor, Michigan 48105",True,False
10.1063/1.2434168,1,Bing,Liu,Bing Liu,,"IMRA America, Inc. , Ann Arbor, Michigan 48105",True,True
10.1063/1.2434168,2,Zhendong,Hu,Zhendong Hu,,"IMRA America, Inc. , Ann Arbor, Michigan 48105",True,False
10.1063/1.2434168,3,Yong,Che,Yong Che,,"IMRA America, Inc. , Ann Arbor, Michigan 48105",True,False
10.1063/1.2434168,4,Yanbin,Chen,Yanbin Chen,,"University of Michigan Department of Materials Science and Engineering, , Ann Arbor, Michigan 48109",False,False
10.1063/1.2434168,5,Xiaoqing,Pan,Xiaoqing Pan,,"University of Michigan Department of Materials Science and Engineering, , Ann Arbor, Michigan 48109",False,False
10.1063/1.2747669,1,W.,Guo,W. Guo,,"University of Michigan Department of Materials Science and Engineering, , Ann Arbor, Michigan 48109",False,True
10.1063/1.2747669,2,A.,Allenic,A. Allenic,,"University of Michigan Department of Materials Science and Engineering, , Ann Arbor, Michigan 48109",False,False
10.1063/1.2747669,3,Y. B.,Chen,Y. B. Chen,,"University of Michigan Department of Materials Science and Engineering, , Ann Arbor, Michigan 48109",False,False
10.1063/1.2747669,4,X. Q.,Pan,X. Q. Pan,,"University of Michigan Department of Materials Science and Engineering, , Ann Arbor, Michigan 48109",False,False
10.1063/1.2747669,5,Y.,Che,Y. Che,,"IMRA America, Inc. Materials Research Group, , Ann Arbor, Michigan 48105",True,False
10.1063/1.2747669,6,Z. D.,Hu,Z. D. Hu,,"IMRA America, Inc. Materials Research Group, , Ann Arbor, Michigan 48105",True,False
10.1063/1.2747669,7,B.,Liu,B. Liu,,"IMRA America, Inc. Materials Research Group, , Ann Arbor, Michigan 48105",True,False
10.1063/1.5019998,1,Takashi,Katsuno,Takashi Katsuno,,"Toyota Central R&D Laboratories, Inc. 1 , Nagakute, Aichi 480-1192, Japan",True,True
10.1063/1.5019998,2,Takaaki,Manaka,Takaaki Manaka,,"Department of Electrical and Electronic Engineering, Tokyo Institute of Technology 2 , Meguro, Tokyo 152-8552, Japan",False,False
10.1063/1.5019998,3,Narumasa,Soejima,Narumasa Soejima,,"Toyota Central R&D Laboratories, Inc. 1 , Nagakute, Aichi 480-1192, Japan",True,False
10.1063/1.5019998,4,Tsuyoshi,Ishikawa,Tsuyoshi Ishikawa,,"Toyota Central R&D Laboratories, Inc. 1 , Nagakute, Aichi 480-1192, Japan",True,False
10.1063/1.5019998,5,Mitsumasa,Iwamoto,Mitsumasa Iwamoto,,"Department of Electrical and Electronic Engineering, Tokyo Institute of Technology 2 , Meguro, Tokyo 152-8552, Japan",False,False
10.1063/1.5120321,1,N.,Kuse,N. Kuse,,"IMRA America, Inc., Boulder Research Labs 1 , 1551 South Sunset St., Suite C, Longmont, Colorado 80501, USA",True,True
10.1063/1.5120321,2,M. E.,Fermann,M. E. Fermann,,"IMRA America, Inc. 2 , 1044 Woodridge Ave., Ann Arbor, Michigan 48105, USA",True,False
10.1063/5.0030825,1,Keita,Kataoka,Keita Kataoka,https://orcid.org/0000-0003-4855-4339,"Toyota Central R&D Labs., Inc. 1 , Nagakute, Aichi 480-1192, Japan",True,True
10.1063/5.0030825,2,Tetsuo,Narita,Tetsuo Narita,https://orcid.org/0000-0002-0849-360X,"Toyota Central R&D Labs., Inc. 1 , Nagakute, Aichi 480-1192, Japan",True,False
10.1063/5.0030825,3,Kengo,Nagata,Kengo Nagata,https://orcid.org/0000-0002-1281-0372,"Toyoda Gosei Co., Ltd. 2 , Heiwa, Aichi 490-1312, Japan; TS Opto Co., Ltd. 3 , Ichihara, Chiba 290-0067, Japan",False,False
10.1063/5.0030825,4,Hiroaki,Makino,Hiroaki Makino,https://orcid.org/0000-0002-5895-8962,"Toyoda Gosei Co., Ltd. 2 , Heiwa, Aichi 490-1312, Japan",False,False
10.1063/5.0030825,5,Yoshiki,Saito,Yoshiki Saito,,"Toyoda Gosei Co., Ltd. 2 , Heiwa, Aichi 490-1312, Japan; TS Opto Co., Ltd. 3 , Ichihara, Chiba 290-0067, Japan",False,False
10.1063/5.0146957,1,Brendan M.,Heffernan,Brendan M. Heffernan,https://orcid.org/0000-0002-0319-1602,"IMRA America Inc., Boulder Research Labs 1 , 1551 South Sunset St., Suite C, Longmont, Colorado 80501, USA",True,True
10.1063/5.0146957,2,Yuma,Kawamoto,Yuma Kawamoto,https://orcid.org/0000-0003-2959-4183,"Graduate School of Engineering Science, Osaka University 2 , 1-3 Machikaneyama, Toyonaka 560-8531, Japan",False,False
10.1063/5.0146957,3,Keisuke,Maekawa,Keisuke Maekawa,https://orcid.org/0009-0006-1786-2928,"Graduate School of Engineering Science, Osaka University 2 , 1-3 Machikaneyama, Toyonaka 560-8531, Japan",False,False
10.1063/5.0146957,4,James,Greenberg,James Greenberg,https://orcid.org/0000-0001-7731-257X,"IMRA America Inc., Boulder Research Labs 1 , 1551 South Sunset St., Suite C, Longmont, Colorado 80501, USA",True,False
10.1063/5.0146957,5,Rubab,Amin,Rubab Amin,https://orcid.org/0000-0002-4783-3080,"IMRA America Inc., Boulder Research Labs 1 , 1551 South Sunset St., Suite C, Longmont, Colorado 80501, USA",True,False
10.1063/5.0146957,6,Takashi,Hori,Takashi Hori,https://orcid.org/0009-0005-0435-5735,"IMRA America Inc., Japan Branch Office 3 , 2-1 Asahi-machi, Kariya, Aichi, Japan",True,False
10.1063/5.0146957,7,Tatsuya,Tanigawa,Tatsuya Tanigawa,https://orcid.org/0009-0001-1687-0356,"IMRA America Inc., Japan Branch Office 3 , 2-1 Asahi-machi, Kariya, Aichi, Japan",True,False
10.1063/5.0146957,8,Tadao,Nagatsuma,Tadao Nagatsuma,https://orcid.org/0000-0002-7256-1021,"Graduate School of Engineering Science, Osaka University 2 , 1-3 Machikaneyama, Toyonaka 560-8531, Japan",False,False
10.1063/5.0146957,9,Antoine,Rolland,Antoine Rolland,https://orcid.org/0000-0002-3214-0062,"IMRA America Inc., Boulder Research Labs 1 , 1551 South Sunset St., Suite C, Longmont, Colorado 80501, USA",True,False
10.1063/5.0175547,1,James,Greenberg,James Greenberg,https://orcid.org/0000-0001-7731-257X,"Boulder Research Lab at IMRA, America, Inc. , 1551 S. Sunset Street, Longmont, Colorado 80501, USA",True,True
10.1063/5.0175547,2,Brendan M.,Heffernan,Brendan M. Heffernan,https://orcid.org/0000-0002-0319-1602,"Boulder Research Lab at IMRA, America, Inc. , 1551 S. Sunset Street, Longmont, Colorado 80501, USA",True,False
10.1063/5.0175547,3,Antoine,Rolland,Antoine Rolland,https://orcid.org/0000-0002-3214-0062,"Boulder Research Lab at IMRA, America, Inc. , 1551 S. Sunset Street, Longmont, Colorado 80501, USA",True,False
10.1073/pnas.2101101118,1,Shigeyuki,Ishida,Shigeyuki Ishida,https://orcid.org/0000-0001-9445-8079,"Research Institute for Advanced Electronics and Photonics, National Institute of Advanced Industrial Science and Technology, Tsukuba 305-8568, Japan;",False,True
10.1073/pnas.2101101118,2,Daniel,Kagerbauer,Daniel Kagerbauer,https://orcid.org/0000-0001-6072-9504,"Atominstitut, TU Wien, 1020 Vienna, Austria;",False,False
10.1073/pnas.2101101118,3,Sigrid,Holleis,Sigrid Holleis,https://orcid.org/0000-0002-4173-2211,"Atominstitut, TU Wien, 1020 Vienna, Austria;",False,False
10.1073/pnas.2101101118,4,Kazuki,Iida,Kazuki Iida,https://orcid.org/0000-0001-9989-9965,"Neutron Science and Technology Center, Comprehensive Research Organization for Science and Society, Tokai 319-1106, Japan;",False,False
10.1073/pnas.2101101118,5,Koji,Munakata,Koji Munakata,,"Neutron Science and Technology Center, Comprehensive Research Organization for Science and Society, Tokai 319-1106, Japan;",False,False
10.1073/pnas.2101101118,6,Akiko,Nakao,Akiko Nakao,,"Neutron Science and Technology Center, Comprehensive Research Organization for Science and Society, Tokai 319-1106, Japan;",False,False
10.1073/pnas.2101101118,7,Akira,Iyo,Akira Iyo,,"Research Institute for Advanced Electronics and Photonics, National Institute of Advanced Industrial Science and Technology, Tsukuba 305-8568, Japan;",False,False
10.1073/pnas.2101101118,8,Hiraku,Ogino,Hiraku Ogino,,"Research Institute for Advanced Electronics and Photonics, National Institute of Advanced Industrial Science and Technology, Tsukuba 305-8568, Japan;",False,False
10.1073/pnas.2101101118,9,Kenji,Kawashima,Kenji Kawashima,,"Research &amp; Development Department, IMRA JAPAN CO., LTD., Kariya 448-8650, Japan",True,False
10.1073/pnas.2101101118,10,Michael,Eisterer,Michael Eisterer,https://orcid.org/0000-0002-7160-7331,"Atominstitut, TU Wien, 1020 Vienna, Austria;",False,False
10.1073/pnas.2101101118,11,Hiroshi,Eisaki,Hiroshi Eisaki,https://orcid.org/0000-0002-8299-6416,"Research Institute for Advanced Electronics and Photonics, National Institute of Advanced Industrial Science and Technology, Tsukuba 305-8568, Japan;",False,False
10.1080/00140139.2019.1683616,1,Tomoko,Sugawara,Tomoko Sugawara,,"Strategic Research Division, Toyota Central R&D Labs., Inc, Nagakute, Japan;",True,True
10.1080/00140139.2019.1683616,2,Hiroyuki,Sakai,Hiroyuki Sakai,,"Strategic Research Division, Toyota Central R&D Labs., Inc, Nagakute, Japan;",True,False
10.1080/00140139.2019.1683616,3,Yutaka,Hirata,Yutaka Hirata,,"Department of Robotic Science and Technology, Chubu University College of Engineering, Kasugai, Japan",False,False
10.1080/00207543.2024.2416560,1,S.,Iwase,S. Iwase,https://orcid.org/0009-0003-3147-695X,"Toyota Central R&D Labs., Inc.",True,True
10.1080/01691864.2020.1863260,1,Rui,Zhu,Rui Zhu,,"AIS Lab., Faculty of Engineering, Shinshu University, Nagano, Japan",False,True
10.1080/01691864.2020.1863260,2,Kotaro,Nagahama,Kotaro Nagahama,https://orcid.org/0000-0003-3691-5133,"AIS Lab., Faculty of Engineering, Shinshu University, Nagano, Japan",False,False
10.1080/01691864.2020.1863260,3,Keisuke,Takeshita,Keisuke Takeshita,,"Toyota Motor Corp., Aichi, Japan",True,False
10.1080/01691864.2020.1863260,4,Kimitoshi,Yamazaki,Kimitoshi Yamazaki,,"AIS Lab., Faculty of Engineering, Shinshu University, Nagano, Japan",False,False
10.1080/01691864.2024.2369816,1,Keisuke,Takeshita,Keisuke Takeshita,,"R-Frontier Division, Toyota Motor Corporation, Aichi, Japan",True,True
10.1080/01691864.2024.2369816,2,Takashi,Yamamoto,Takashi Yamamoto,,"Department of Information Science, Faculty of Information Science, Aichi Institute of Technology, Aichi, Japan",False,False
10.1080/01691864.2024.2391831,1,Sotaro,Suwa,Sotaro Suwa,,"Graduate School of Science Technology, Shinshu University, Nagano, Japan",False,True
10.1080/01691864.2024.2391831,2,Keisuke,Takeshita,Keisuke Takeshita,,"Faculty of Engineering, Shinshu University, Nagano, Japan",False,False
10.1080/01691864.2024.2391831,3,Kimitoshi,Yamazaki,Kimitoshi Yamazaki,,"Toyota Motor Corp, Aichi, Japan",True,False
10.1080/10255842.2020.1795142,1,Noritoshi,Atsumi,Noritoshi Atsumi,https://orcid.org/0000-0001-5938-9557,"Human Science Special Assigned Lab., Toyota Central R&D Labs., Inc, Aichi, Japan;",True,True
10.1080/10255842.2020.1795142,2,Masami,Iwamoto,Masami Iwamoto,,"Human Science Special Assigned Lab., Toyota Central R&D Labs., Inc, Aichi, Japan;",True,False
10.1080/10255842.2020.1795142,3,Yuko,Nakahira,Yuko Nakahira,,"Human Science Special Assigned Lab., Toyota Central R&D Labs., Inc, Aichi, Japan;",True,False
10.1080/10255842.2020.1795142,4,Yoshitaka,Asano,Yoshitaka Asano,,"Chubu Medical Center for Prolonged Traumatic Brain Dysfunction, Kizawa Memorial Hospital, Minokamo, Japan;; Department of Clinical Brain Sciences, Graduate School of Medicine, Gifu University, Gifu, Japan",False,False
10.1080/10255842.2020.1795142,5,Jun,Shinoda,Jun Shinoda,,"Chubu Medical Center for Prolonged Traumatic Brain Dysfunction, Kizawa Memorial Hospital, Minokamo, Japan;; Department of Clinical Brain Sciences, Graduate School of Medicine, Gifu University, Gifu, Japan",False,False
10.1080/10402004.2020.1820123,1,Tatsunori,Tomota,Tatsunori Tomota,,"Mechanical Engineering Department I, Toyota Central R&D Labs, Inc., Nagakute, Aichi, Japan;; Department of Hydrogen Energy Systems, Graduate School of Engineering, Kyushu University, Nishi-ku, Fukuoka, Japan;",True,True
10.1080/10402004.2020.1820123,2,Ryo,Masuda,Ryo Masuda,,"Mechanical Engineering Department I, Toyota Central R&D Labs, Inc., Nagakute, Aichi, Japan;",True,False
10.1080/10402004.2020.1820123,3,Yasuhiro,Kondoh,Yasuhiro Kondoh,,"Mechanical Engineering Department I, Toyota Central R&D Labs, Inc., Nagakute, Aichi, Japan;",True,False
10.1080/10402004.2020.1820123,4,Toshihide,Ohmori,Toshihide Ohmori,,"Entrepreneurs Department, Toyota Central R&D Labs., Inc., Nagakute, Aichi, Japan;",True,False
10.1080/10402004.2020.1820123,5,Kazuyuki,Yagi,Kazuyuki Yagi,,"Department of Mechanical Engineering, Faculty of Engineering, Kyushu University, Nishi-ku, Fukuoka, Japan;; International Institute for Carbon-Neutral Energy Research (I2CNER), Kyushu University, Nishi-ku, Fukuoka, Japan",False,False
10.1080/14686996.2019.1578183,1,Joohwi,Lee,Joohwi Lee,https://orcid.org/0000-0002-4263-471X,"Toyota Central R&D Laboratories, Inc., Nagakute, Japan",True,True
10.1080/14686996.2019.1578183,2,Nobuko,Ohba,Nobuko Ohba,https://orcid.org/0000-0001-9779-6401,"Toyota Central R&D Laboratories, Inc., Nagakute, Japan",True,False
10.1080/14686996.2019.1578183,3,Ryoji,Asahi,Ryoji Asahi,https://orcid.org/0000-0002-2658-6260,"Toyota Central R&D Laboratories, Inc., Nagakute, Japan",True,False
10.1088/0268-1242/20/7/020,1,Gyu Cheon,Cho,Gyu Cheon Cho,,,False,True
10.1088/0268-1242/20/7/020,2,Hou-Tong,Chen,Hou-Tong Chen,,,False,False
10.1088/0268-1242/20/7/020,3,Simon,Kraatz,Simon Kraatz,,,False,False
10.1088/0268-1242/20/7/020,4,Nicholas,Karpowicz,Nicholas Karpowicz,,,False,False
10.1088/0268-1242/20/7/020,5,Roland,Kersting,Roland Kersting,,,False,False
10.1088/1361-6668/adcc63,1,A,Iyo,A Iyo,https://orcid.org/0000-0002-9610-647X,,False,True
10.1088/1361-6668/adcc63,2,H,Fujihisa,H Fujihisa,https://orcid.org/0000-0001-9308-153X,,False,False
10.1088/1361-6668/adcc63,3,Y,Gotoh,Y Gotoh,https://orcid.org/0000-0001-5033-8833,,False,False
10.1088/1361-6668/adcc63,4,S,Ishida,S Ishida,https://orcid.org/0000-0001-9445-8079,,False,False
10.1088/1361-6668/adcc63,5,H,Eisaki,H Eisaki,https://orcid.org/0000-0002-8299-6416,,False,False
10.1088/1361-6668/adcc63,6,H,Ogino,H Ogino,https://orcid.org/0000-0002-0097-8389,,False,False
10.1088/1361-6668/adcc63,7,K,Kawashima,K Kawashima,https://orcid.org/0000-0003-4786-3498,,False,False
10.1088/1464-4258/7/2/024,1,Roland,Kersting,Roland Kersting,,,False,True
10.1088/1464-4258/7/2/024,2,Hou-Tong,Chen,Hou-Tong Chen,,,False,False
10.1088/1464-4258/7/2/024,3,Nicholas,Karpowicz,Nicholas Karpowicz,,,False,False
10.1088/1464-4258/7/2/024,4,Gyu Cheon,Cho,Gyu Cheon Cho,,,False,False
10.1088/1758-5090/abff11,1,Minoru,Hirano,Minoru Hirano,https://orcid.org/0000-0002-4546-3864,,False,True
10.1088/1758-5090/abff11,2,Yike,Huang,Yike Huang,https://orcid.org/0000-0002-6850-493X,,False,False
10.1088/1758-5090/abff11,3,Daniel,Vela Jarquin,Daniel Vela Jarquin,https://orcid.org/0000-0001-5624-8791,,False,False
10.1088/1758-5090/abff11,4,Rosakaren Ludivina,De la Garza Hernández,Rosakaren Ludivina De la Garza Hernández,,,False,False
10.1088/1758-5090/abff11,5,Yasamin A,Jodat,Yasamin A Jodat,https://orcid.org/0000-0001-6365-2637,,False,False
10.1088/1758-5090/abff11,6,Eder,Luna Cerón,Eder Luna Cerón,https://orcid.org/0000-0002-6484-4304,,False,False
10.1088/1758-5090/abff11,7,Luis Enrique,García-Rivera,Luis Enrique García-Rivera,https://orcid.org/0000-0003-2554-2386,,False,False
10.1088/1758-5090/abff11,8,Su Ryon,Shin,Su Ryon Shin,https://orcid.org/0000-0003-0864-6482,,False,False
10.1093/dnares/dsi022,1,Y.,Shigemori,Y. Shigemori,,,False,True
10.1093/dnares/dsi022,2,M.,Oishi,M. Oishi,,,False,False
10.1093/nar/gkl350,1,J.,Inoue,J. Inoue,,,False,True
10.1093/nar/gkl350,2,Y.,Shigemori,Y. Shigemori,,,False,False
10.1093/nar/gkl350,3,T.,Mikawa,T. Mikawa,,,False,False
10.1093/nar/gnh004,1,Y.,Shigemori,Y. Shigemori,,,False,True
10.1093/nar/gni111,1,Y.,Shigemori,Y. Shigemori,,,False,True
10.1101/gr.2789604,1,Yasushi,Shigemori,Yasushi Shigemori,,,False,True
10.1101/gr.2789604,2,Hirotaka,Haruta,Hirotaka Haruta,,,False,False
10.1101/gr.2789604,3,Takao,Okada,Takao Okada,,,False,False
10.1101/gr.2789604,4,Michio,Oishi,Michio Oishi,,,False,False
10.1103/3w8q-c26h,1,G.,Lamura,G. Lamura,https://orcid.org/0000-0001-5629-1319,CNR-SPIN,False,True
10.1103/3w8q-c26h,2,H.,Ninomiya,H. Ninomiya,https://orcid.org/0000-0001-7236-1241,National Institute of Advanced Industrial Science and Technology,False,False
10.1103/3w8q-c26h,3,R.,Khasanov,R. Khasanov,https://orcid.org/0000-0002-4768-5524,PSI,False,False
10.1103/3w8q-c26h,4,K.,Kawashima,K. Kawashima,,IMRA; National Institute of Advanced Industrial Science and Technology,True,False
10.1103/3w8q-c26h,5,N.,Takeshita,N. Takeshita,https://orcid.org/0000-0001-5081-2777,National Institute of Advanced Industrial Science and Technology,False,False
10.1103/3w8q-c26h,6,H.,Ogino,H. Ogino,https://orcid.org/0000-0002-0097-8389,National Institute of Advanced Industrial Science and Technology,False,False
10.1103/3w8q-c26h,7,T.,Shiroka,T. Shiroka,https://orcid.org/0000-0001-8624-2649,PSI; ETH Zürich,False,False
10.1103/physreva.109.033521,1,Kevin F.,Lee,Kevin F. Lee,,"IMRA America Inc., 1044 Woodridge Ave, Ann Arbor, Michigan 48105, USA",True,True
10.1103/physreva.109.033521,2,Martin E.,Fermann,Martin E. Fermann,,"IMRA America Inc., 1044 Woodridge Ave, Ann Arbor, Michigan 48105, USA",True,False
10.1103/physrevapplied.18.064069,1,Francesco,Tani,Francesco Tani,https://orcid.org/0000-0001-6482-0647,,False,True
10.1103/physrevapplied.18.064069,2,Jacob,Lampen,Jacob Lampen,,,False,False
10.1103/physrevapplied.18.064069,3,Martin,Butryn,Martin Butryn,,,False,False
10.1103/physrevapplied.18.064069,4,Michael H.,Frosz,Michael H. Frosz,https://orcid.org/0000-0002-8857-0029,,False,False
10.1103/physrevapplied.18.064069,5,Jie,Jiang,Jie Jiang,,,False,False
10.1103/physrevapplied.18.064069,6,Martin E.,Fermann,Martin E. Fermann,,,False,False
10.1103/physrevapplied.18.064069,7,Philip St.J.,Russell,Philip St.J. Russell,https://orcid.org/0000-0002-8972-2477,,False,False
10.1103/physrevb.107.045116,1,Tatsuhiro,Ishida,Tatsuhiro Ishida,,"Graduate School of Human and Environmental Studies, Kyoto University, Sakyo-ku, Kyoto 606-8501, Japan",False,True
10.1103/physrevb.107.045116,2,Daiki,Ootsuki,Daiki Ootsuki,https://orcid.org/0000-0001-5795-5068,"Graduate School of Human and Environmental Studies, Kyoto University, Sakyo-ku, Kyoto 606-8501, Japan",False,False
10.1103/physrevb.107.045116,3,Shigeyuki,Ishida,Shigeyuki Ishida,https://orcid.org/0000-0001-9445-8079,"National Institute of Advanced Industrial Science and Technology, Tsukuba 305-8568, Japan",False,False
10.1103/physrevb.107.045116,4,Miho,Kitamura,Miho Kitamura,,"Institute of Materials Structure Science, High Energy Accelerator Research Organization (KEK), Tsukuba, Ibaraki 305-0801, Japan",False,False
10.1103/physrevb.107.045116,5,Koji,Horiba,Koji Horiba,,"Institute of Materials Structure Science, High Energy Accelerator Research Organization (KEK), Tsukuba, Ibaraki 305-0801, Japan",False,False
10.1103/physrevb.107.045116,6,Yasumasa,Takagi,Yasumasa Takagi,,"SPring-8/JASRI, 1-1-1 Koto, Sayo-cho, Hyogo 679-5198, Japan",False,False
10.1103/physrevb.107.045116,7,Akira,Yasui,Akira Yasui,https://orcid.org/0000-0003-2130-0523,"SPring-8/JASRI, 1-1-1 Koto, Sayo-cho, Hyogo 679-5198, Japan",False,False
10.1103/physrevb.107.045116,8,Eiji,Ikenaga,Eiji Ikenaga,,"SPring-8/JASRI, 1-1-1 Koto, Sayo-cho, Hyogo 679-5198, Japan",False,False
10.1103/physrevb.107.045116,9,Kenji,Kawashima,Kenji Kawashima,,"National Institute of Advanced Industrial Science and Technology, Tsukuba 305-8568, Japan; IMRA Material R&D Co., Ltd., Kariya, Aichi 448-0032, Japan",True,False
10.1103/physrevb.107.045116,10,Yousuke,Yanagi,Yousuke Yanagi,,"National Institute of Advanced Industrial Science and Technology, Tsukuba 305-8568, Japan; IMRA Material R&D Co., Ltd., Kariya, Aichi 448-0032, Japan",True,False
10.1103/physrevb.107.045116,11,Akira,Iyo,Akira Iyo,https://orcid.org/0000-0002-9610-647X,"National Institute of Advanced Industrial Science and Technology, Tsukuba 305-8568, Japan",False,False
10.1103/physrevb.107.045116,12,Hiroshi,Eisaki,Hiroshi Eisaki,,"National Institute of Advanced Industrial Science and Technology, Tsukuba 305-8568, Japan",False,False
10.1103/physrevb.107.045116,13,Teppei,Yoshida,Teppei Yoshida,https://orcid.org/0000-0002-7045-3107,"Graduate School of Human and Environmental Studies, Kyoto University, Sakyo-ku, Kyoto 606-8501, Japan",False,False
10.1103/physrevb.55.15768,1,S. R.,Bolton,S. R. Bolton,,,False,True
10.1103/physrevb.55.15768,2,S.,Bar-Ad,S. Bar-Ad,,,False,False
10.1103/physrevb.55.15768,3,G.,Sucha,G. Sucha,,,False,False
10.1103/physrevb.55.15768,4,D. S.,Chemla,D. S. Chemla,,,False,False
10.1103/physrevb.55.15768,5,D. L.,Sivco,D. L. Sivco,,,False,False
10.1103/physrevb.55.15768,6,A. Y.,Cho,A. Y. Cho,,,False,False
10.1103/physrevb.58.16326,1,Sarah,Bolton,Sarah Bolton,,,False,True
10.1103/physrevb.58.16326,2,Gregg,Sucha,Gregg Sucha,,,False,False
10.1103/physrevb.58.16326,3,Daniel,Chemla,Daniel Chemla,,,False,False
10.1103/physrevb.58.16326,4,D. L.,Sivco,D. L. Sivco,,,False,False
10.1103/physrevb.58.16326,5,A. Y.,Cho,A. Y. Cho,,,False,False
10.1103/physreve.100.052303,1,Tadayoshi,Matsumori,Tadayoshi Matsumori,,,False,True
10.1103/physreve.100.052303,2,Hiroyuki,Sakai,Hiroyuki Sakai,,,False,False
10.1103/physreve.100.052303,3,Kazuyuki,Aihara,Kazuyuki Aihara,,,False,False
10.1103/physrevlett.121.087202,1,Jun,Sugiyama,Jun Sugiyama,,,False,True
10.1103/physrevlett.121.087202,2,Izumi,Umegaki,Izumi Umegaki,,,False,False
10.1103/physrevlett.121.087202,3,Hiroshi,Nozaki,Hiroshi Nozaki,,,False,False
10.1103/physrevlett.121.087202,4,Wataru,Higemoto,Wataru Higemoto,,,False,False
10.1103/physrevlett.121.087202,5,Koji,Hamada,Koji Hamada,,,False,False
10.1103/physrevlett.121.087202,6,Soshi,Takeshita,Soshi Takeshita,,,False,False
10.1103/physrevlett.121.087202,7,Akihiro,Koda,Akihiro Koda,,,False,False
10.1103/physrevlett.121.087202,8,Koichiro,Shimomura,Koichiro Shimomura,,,False,False
10.1103/physrevlett.121.087202,9,Kazuhiko,Ninomiya,Kazuhiko Ninomiya,,,False,False
10.1103/physrevlett.121.087202,10,M. Kenya,Kubo,M. Kenya Kubo,,,False,False
10.1103/physrevlett.132.148201,1,Norihiro,Oyama,Norihiro Oyama,https://orcid.org/0000-0001-9684-2584,"Toyota Central R&D Labs., Inc., Nagakute 480-1192, Japan",True,True
10.1103/physrevlett.132.148201,2,Takeshi,Kawasaki,Takeshi Kawasaki,https://orcid.org/0000-0001-8036-8435,"Department of Physics, Nagoya University, Nagoya 464-8602, Japan",False,False
10.1103/physrevlett.132.148201,3,Kang,Kim,Kang Kim,https://orcid.org/0000-0002-7047-3183,"Division of Chemical Engineering, Department of Materials Engineering Science, Graduate School of Engineering Science, Osaka University, Toyonaka, Osaka 560-8531, Japan",False,False
10.1103/physrevlett.132.148201,4,Hideyuki,Mizuno,Hideyuki Mizuno,https://orcid.org/0000-0002-2866-7400,"Graduate School of Arts and Sciences, The University of Tokyo, Tokyo 153-8902, Japan",False,False
10.1103/physrevlett.93.267401,1,H.-T.,Chen,H.-T. Chen,,,False,True
10.1103/physrevlett.93.267401,2,S.,Kraatz,S. Kraatz,,,False,False
10.1103/physrevlett.93.267401,3,G. C.,Cho,G. C. Cho,,,False,False
10.1103/physrevlett.93.267401,4,R.,Kersting,R. Kersting,,,False,False
10.1103/physrevmaterials.3.124802,1,Akira,Iyo,Akira Iyo,https://orcid.org/0000-0002-9610-647X,,False,True
10.1103/physrevmaterials.3.124802,2,Izumi,Hase,Izumi Hase,https://orcid.org/0000-0002-1273-9318,,False,False
10.1103/physrevmaterials.3.124802,3,Hiroshi,Fujihisa,Hiroshi Fujihisa,https://orcid.org/0000-0001-9308-153X,,False,False
10.1103/physrevmaterials.3.124802,4,Yoshito,Gotoh,Yoshito Gotoh,https://orcid.org/0000-0001-5033-8833,,False,False
10.1103/physrevmaterials.3.124802,5,Nao,Takeshita,Nao Takeshita,https://orcid.org/0000-0001-5081-2777,,False,False
10.1103/physrevmaterials.3.124802,6,Shigeyuki,Ishida,Shigeyuki Ishida,https://orcid.org/0000-0001-9445-8079,,False,False
10.1103/physrevmaterials.3.124802,7,Hiroki,Ninomiya,Hiroki Ninomiya,https://orcid.org/0000-0001-7236-1241,,False,False
10.1103/physrevmaterials.3.124802,8,Yoshiyuki,Yoshida,Yoshiyuki Yoshida,https://orcid.org/0000-0001-7998-1873,,False,False
10.1103/physrevmaterials.3.124802,9,Hiroshi,Eisaki,Hiroshi Eisaki,https://orcid.org/0000-0002-8299-6416,,False,False
10.1103/physrevmaterials.3.124802,10,Kenji,Kawashima,Kenji Kawashima,https://orcid.org/0000-0003-4786-3498,,False,False
10.1109/2944.571759,1,G.,Sucha,G. Sucha,,,False,True
10.1109/2944.571759,2,M.E.,Fermann,M.E. Fermann,,,False,False
10.1109/2944.571759,3,D.J.,Harter,D.J. Harter,,,False,False
10.1109/2944.571759,4,M.,Hofer,M. Hofer,,,False,False
10.1109/2944.974221,1,A.,Galvanauskas,A. Galvanauskas,,,False,True
10.1109/3.124997,1,M.,Hofer,M. Hofer,,,False,True
10.1109/3.124997,2,M.H.,Ober,M.H. Ober,,,False,False
10.1109/3.124997,3,F.,Haberl,F. Haberl,,,False,False
10.1109/3.124997,4,M.E.,Fermann,M.E. Fermann,,,False,False
10.1109/3.239,1,P.,Bado,P. Bado,,,False,True
10.1109/3.239,2,M.,Pessot,M. Pessot,,,False,False
10.1109/3.239,3,J.,Squier,J. Squier,,,False,False
10.1109/3.239,4,G.A.,Mourou,G.A. Mourou,,,False,False
10.1109/3.239,5,D.J.,Harter,D.J. Harter,,,False,False
10.1109/4.628738,1,S.,Nati,S. Nati,,,False,True
10.1109/4.628738,2,I.,Kyles,I. Kyles,,,False,False
10.1109/68.705605,1,M.,Hofer,M. Hofer,,,False,True
10.1109/68.705605,2,M.E.,Fermann,M.E. Fermann,,,False,False
10.1109/68.705605,3,L.,Goldberg,L. Goldberg,,,False,False
10.1109/68.766773,1,M.,Hofer,M. Hofer,,,False,True
10.1109/68.766773,2,M.E.,Fermann,M.E. Fermann,,,False,False
10.1109/68.766773,3,A.,Galvanauskas,A. Galvanauskas,,,False,False
10.1109/68.766773,4,D.,Harter,D. Harter,,,False,False
10.1109/68.766773,5,R.S.,Windeler,R.S. Windeler,,,False,False
10.1109/access.2021.3091757,1,Yoshihiro,Ohama,Yoshihiro Ohama,https://orcid.org/0000-0003-1601-2308,"Toyota Central Research and Development Laboratories Inc., Nagakute, Japan",True,True
10.1109/access.2021.3091757,2,Kakeru,Tanaka,Kakeru Tanaka,,"Department of Information and Computer Sciences Technologies, Toyohashi University of Technology, Toyohashi, Japan",False,False
10.1109/access.2021.3091757,3,Hiroshi,Yasuda,Hiroshi Yasuda,,"Toyota Central Research and Development Laboratories Inc., Nagakute, Japan",True,False
10.1109/access.2021.3091757,4,Kainosuke,Obata,Kainosuke Obata,,"Department of Information and Computer Sciences Technologies, Toyohashi University of Technology, Toyohashi, Japan",False,False
10.1109/access.2021.3091757,5,Naohiro,Fukumura,Naohiro Fukumura,,"Department of Information and Computer Sciences Technologies, Toyohashi University of Technology, Toyohashi, Japan",False,False
10.1109/cleo.1997.603463,1,J.D.,Minelly,J.D. Minelly,,,False,True
10.1109/cleo.1997.603463,2,A.,Galvanauskas,A. Galvanauskas,,,False,False
10.1109/cleo.1997.603463,3,D.,Harter,D. Harter,,,False,False
10.1109/cleo.1997.603463,4,J.E.,Caplen,J.E. Caplen,,,False,False
10.1109/cleo.1997.603463,5,L.,Dong,L. Dong,,,False,False
10.1109/cleo.1998.675801,1,A.,Galvanauskas,A. Galvanauskas,,,False,True
10.1109/cleo.1998.675801,2,A.,Hariharan,A. Hariharan,,,False,False
10.1109/cleo.1998.675801,3,D.,Harter,D. Harter,,,False,False
10.1109/cleo.1998.675801,4,M.A.,Arbore,M.A. Arbore,,,False,False
10.1109/cleo.1998.675801,5,M.M.,Fejer,M.M. Fejer,,,False,False
10.1109/cleo.1998.676035,1,G.,Sucha,G. Sucha,,,False,True
10.1109/cleo.1998.676035,2,M.E.,Fermann,M.E. Fermann,,,False,False
10.1109/cleo.1998.676035,3,D.J.,Harter,D.J. Harter,,,False,False
10.1109/cleo.1998.676037,1,M.E.,Fermann,M.E. Fermann,,,False,True
10.1109/cleo.1998.676037,2,A.,Galvanauskas,A. Galvanauskas,,,False,False
10.1109/cleo.1998.676037,3,D.,Harter,D. Harter,,,False,False
10.1109/cleo.1998.676304,1,A.,Galvanauskas,A. Galvanauskas,,,False,True
10.1109/cleo.1998.676304,2,A.,Heaney,A. Heaney,,,False,False
10.1109/cleo.1998.676304,3,T.,Erdogan,T. Erdogan,,,False,False
10.1109/cleo.1998.676304,4,D.,Harter,D. Harter,,,False,False
10.1109/cleo.1998.676310,1,B.,Galvanauskas,B. Galvanauskas,,,False,True
10.1109/cleo.1998.676310,2,M.E.,Fermann,M.E. Fermann,,,False,False
10.1109/cleo.1998.676310,3,M.A.,Arbore,M.A. Arbore,,,False,False
10.1109/cleo.1998.676310,4,J.D.,Minelly,J.D. Minelly,,,False,False
10.1109/cleo.1998.676310,5,J.E.,Caplen,J.E. Caplen,,,False,False
10.1109/cleo.1998.676310,6,M.M.,Fejer,M.M. Fejer,,,False,False
10.1109/cleo.1998.676310,7,D.,Harter,D. Harter,,,False,False
10.1109/cleo.1999.834066,1,G.,Imeshev,G. Imeshev,,,False,True
10.1109/cleo.1999.834066,2,M.M.,Fejer,M.M. Fejer,,,False,False
10.1109/cleo.1999.834066,3,A.,Galvanauskas,A. Galvanauskas,,,False,False
10.1109/cleo.1999.834066,4,D.,Harter,D. Harter,,,False,False
10.1109/cleo.1999.834109,1,M.,Hofer,M. Hofer,,,False,True
10.1109/cleo.1999.834109,2,M.E.,Fermann,M.E. Fermann,,,False,False
10.1109/cleo.1999.834109,3,A.,Galvanauskas,A. Galvanauskas,,,False,False
10.1109/cleo.1999.834109,4,R.S.,Windeler,R.S. Windeler,,,False,False
10.1109/cleo.1999.834420,1,,Min Jiang,Min Jiang,,,False,True
10.1109/cleo.1999.834420,2,G.,Sucha,G. Sucha,,,False,False
10.1109/cleo.1999.834420,3,M.,Fermann,M. Fermann,,,False,False
10.1109/cleo.1999.834420,4,D.,Harter,D. Harter,,,False,False
10.1109/cleo.1999.834610,1,M.E.,Fermann,M.E. Fermann,,,False,True
10.1109/cleo.1999.834610,2,A.,Galvanauskas,A. Galvanauskas,,,False,False
10.1109/cleo.1999.834610,3,M.L.,Stock,M.L. Stock,,,False,False
10.1109/cleo.1999.834610,4,K.K.,Wong,K.K. Wong,,,False,False
10.1109/cleo.1999.834610,5,D.,Harter,D. Harter,,,False,False
10.1109/cleo.1999.834610,6,L.,Goldberg,L. Goldberg,,,False,False
10.1109/cleo.2000.906678,1,M.E.,Fermann,M.E. Fermann,,,False,True
10.1109/cleo.2000.906678,2,B.C.,Thomsen,B.C. Thomsen,,,False,False
10.1109/cleo.2000.906678,3,J.M.,Dudley,J.M. Dudley,,,False,False
10.1109/cleo.2000.906678,4,J.D.,Harvey,J.D. Harvey,,,False,False
10.1109/cleo.2000.906754,1,M.E.,Fermann,M.E. Fermann,,,False,True
10.1109/cleo.2000.906754,2,M.L.,Stock,M.L. Stock,,,False,False
10.1109/cleo.2000.906754,3,A.,Galvanauskas,A. Galvanauskas,,,False,False
10.1109/cleo.2000.906754,4,A.,Hariharan,A. Hariharan,,,False,False
10.1109/cleo.2000.906754,5,G.,Sucha,G. Sucha,,,False,False
10.1109/cleo.2000.906754,6,D.,Harter,D. Harter,,,False,False
10.1109/cleo.2000.906754,7,L.,Goldberg,L. Goldberg,,,False,False
10.1109/cleo.2000.906801,1,G.C.,Cho,G.C. Cho,,,False,True
10.1109/cleo.2000.906801,2,A.,Galvanauskas,A. Galvanauskas,,,False,False
10.1109/cleo.2000.906801,3,M.E.,Fermann,M.E. Fermann,,,False,False
10.1109/cleo.2000.906801,4,M.L.,Stock,M.L. Stock,,,False,False
10.1109/cleo.2000.906801,5,D.,Harter,D. Harter,,,False,False
10.1109/cleo.2000.907166,1,A.,Galvanauskas,A. Galvanauskas,,,False,True
10.1109/cleo.2000.907166,2,A.,Hariharan,A. Hariharan,,,False,False
10.1109/cleo.2000.907166,3,F.,Raksi,F. Raksi,,,False,False
10.1109/cleo.2000.907166,4,K.K.,Wong,K.K. Wong,,,False,False
10.1109/cleo.2000.907166,5,D.,Harter,D. Harter,,,False,False
10.1109/cleo.2000.907166,6,G.,Imeshev,G. Imeshev,,,False,False
10.1109/cleo.2000.907166,7,M.M.,Fejer,M.M. Fejer,,,False,False
10.1109/cleo.2001.947386,1,A.,Galvanauskas,A. Galvanauskas,,,False,True
10.1109/cleo.2001.947386,2,Z.,Sartania,Z. Sartania,,,False,False
10.1109/cleo.2001.947386,3,M.,Bischoff,M. Bischoff,,,False,False
10.1109/cleo.2001.947543,1,S.,Ono,S. Ono,,,False,True
10.1109/cleo.2001.947543,2,T.,Tsukamoto,T. Tsukamoto,,,False,False
10.1109/cleo.2001.947543,3,Y.,Suzuki,Y. Suzuki,,,False,False
10.1109/cleo.2001.947543,4,H.,Ohtake,H. Ohtake,,,False,False
10.1109/cleo.2001.947543,5,N.,Sarukura,N. Sarukura,,,False,False
10.1109/cleo.2001.947543,6,A.,Nakanishi,A. Nakanishi,,,False,False
10.1109/cleo.2001.947543,7,S.,Nishizawa,S. Nishizawa,,,False,False
10.1109/cleo.2001.947543,8,M.L.,Stock,M.L. Stock,,,False,False
10.1109/cleo.2001.947543,9,M.,Yoshida,M. Yoshida,,,False,False
10.1109/cleo.2001.947702,1,L.,Xu,L. Xu,,,False,True
10.1109/cleo.2001.947702,2,X.,Gu,X. Gu,,,False,False
10.1109/cleo.2001.947702,3,M.,Kimmel,M. Kimmel,,,False,False
10.1109/cleo.2001.947702,4,P.,O'Shea,P. O'Shea,,,False,False
10.1109/cleo.2001.947702,5,R.,Trebino,R. Trebino,,,False,False
10.1109/cleo.2001.947702,6,A.,Galvanauskas,A. Galvanauskas,,,False,False
10.1109/cleo.2005.201888,1,G.,Imeshev,G. Imeshev,,,False,True
10.1109/cleo.2005.201888,2,M.E.,Fermann,M.E. Fermann,,,False,False
10.1109/cleo.2005.201888,3,S.D.,Jackson,S.D. Jackson,,,False,False
10.1109/cleo.2005.202226,1,I.,Hartl,I. Hartl,,"IMRA America Inc., Ann Arbor, MI, USA",True,True
10.1109/cleo.2005.202226,2,G.,Imeshev,G. Imeshev,,"IMRA America Inc., Ann Arbor, MI, USA",True,False
10.1109/cleo.2005.202226,3,L.,Dong,L. Dong,,"IMRA America Inc., Ann Arbor, MI, USA",True,False
10.1109/cleo.2005.202226,4,G.C.,Cho,G.C. Cho,,"IMRA America Inc., Ann Arbor, MI, USA",True,False
10.1109/cleo.2005.202226,5,M.E.,Fermann,M.E. Fermann,,"IMRA America Inc., Ann Arbor, MI, USA",True,False
10.1109/cleo.2005.202229,1,Z.,Liu,Z. Liu,,,False,True
10.1109/cleo.2005.202229,2,L.,Shah,L. Shah,,,False,False
10.1109/cleo.2005.202229,3,I.,Hartl,I. Hartl,,,False,False
10.1109/cleo.2005.202229,4,G.C.,Cho,G.C. Cho,,,False,False
10.1109/cleo.2005.202229,5,M.E.,Fermann,M.E. Fermann,,,False,False
10.1109/cleo.2005.202230,1,G.,Imeshev,G. Imeshev,,,False,True
10.1109/cleo.2005.202230,2,I.,Hartl,I. Hartl,,,False,False
10.1109/cleo.2005.202230,3,M.E.,Fermann,M.E. Fermann,,,False,False
10.1109/cleo.2005.202407,1,S.M.,Eaton,S.M. Eaton,,,False,True
10.1109/cleo.2005.202407,2,,Haibin Zhang,Haibin Zhang,,,False,False
10.1109/cleo.2005.202407,3,P.R.,Herman,P.R. Herman,,,False,False
10.1109/cleo.2005.202407,4,F.,Yoshino,F. Yoshino,,,False,False
10.1109/cleo.2005.202407,5,L.,Shah,L. Shah,,,False,False
10.1109/cleo.2005.202407,6,A.Y.,Arai,A.Y. Arai,,,False,False
10.1109/cleo.2006.4627644,1,L.,Shah,L. Shah,,,False,True
10.1109/cleo.2006.4627644,2,Z.,Liu,Z. Liu,,,False,False
10.1109/cleo.2006.4627644,3,I.,Hartl,I. Hartl,,,False,False
10.1109/cleo.2006.4627644,4,G. C.,Cho,G. C. Cho,,,False,False
10.1109/cleo.2006.4627644,5,M. E.,Fermann,M. E. Fermann,,,False,False
10.1109/cleo.2006.4627715,1,Wilbur J.,Reichman,Wilbur J. Reichman,,,False,True
10.1109/cleo.2006.4627715,2,Denise M.,Krol,Denise M. Krol,,,False,False
10.1109/cleo.2006.4627715,3,Lawrence,Shah,Lawrence Shah,,,False,False
10.1109/cleo.2006.4627715,4,,Fumiyo Yoshino,Fumiyo Yoshino,,,False,False
10.1109/cleo.2006.4627715,5,Alan,Arai,Alan Arai,,,False,False
10.1109/cleo.2006.4627715,6,Shane M.,Eaton,Shane M. Eaton,,,False,False
10.1109/cleo.2006.4627715,7,Peter R.,Herman,Peter R. Herman,,,False,False
10.1109/cleo.2006.4627978,1,Jim,Bovatsek,Jim Bovatsek,,,False,True
10.1109/cleo.2006.4627978,2,Alan,Arai,Alan Arai,,,False,False
10.1109/cleo.2006.4627978,3,Chris B.,Schaffer,Chris B. Schaffer,,,False,False
10.1109/cleo.2006.4628179,1,I.,Hartl,I. Hartl,,,False,True
10.1109/cleo.2006.4628179,2,L.,Shah,L. Shah,,,False,False
10.1109/cleo.2006.4628179,3,Z.,Liu,Z. Liu,,,False,False
10.1109/cleo.2006.4628179,4,G.,Imeshev,G. Imeshev,,,False,False
10.1109/cleo.2006.4628179,5,G.,Cho,G. Cho,,,False,False
10.1109/cleo.2006.4628179,6,M. E.,Fermann,M. E. Fermann,,,False,False
10.1109/cleo.2006.4628204,1,K. L.,Vodopyanov,K. L. Vodopyanov,,,False,True
10.1109/cleo.2006.4628204,2,G.,Imeshev,G. Imeshev,,,False,False
10.1109/cleo.2006.4628204,3,M. E.,Fermann,M. E. Fermann,,,False,False
10.1109/cleo.2006.4628204,4,J.,Schaar,J. Schaar,,,False,False
10.1109/cleo.2006.4628204,5,M. M.,Fejer,M. M. Fejer,,,False,False
10.1109/cleo.2006.4628204,6,X.,Yu,X. Yu,,,False,False
10.1109/cleo.2006.4628204,7,J. S.,Harris,J. S. Harris,,,False,False
10.1109/cleo.2006.4628204,8,D.,Bliss,D. Bliss,,,False,False
10.1109/cleo.2006.4628204,9,D.,Weyburne,D. Weyburne,,,False,False
10.1109/cleo.2006.4628210,1,I.,Hartl,I. Hartl,,,False,True
10.1109/cleo.2006.4628210,2,M. E.,Fermann,M. E. Fermann,,,False,False
10.1109/cleo.2006.4628210,3,C.,Langrock,C. Langrock,,,False,False
10.1109/cleo.2006.4628210,4,M. M.,Fejer,M. M. Fejer,,,False,False
10.1109/cleo.2006.4628211,1,I.,Hartl,I. Hartl,,,False,True
10.1109/cleo.2006.4628211,2,M. E.,Fermann,M. E. Fermann,,,False,False
10.1109/cleo.2006.4628211,3,C.,Langrock,C. Langrock,,,False,False
10.1109/cleo.2006.4628211,4,M. M.,Fejer,M. M. Fejer,,,False,False
10.1109/cleo.2006.4628211,5,J. W.,Nicholson,J. W. Nicholson,,,False,False
10.1109/cleo.2006.4628211,6,D.J.,DiGiovanni,D.J. DiGiovanni,,,False,False
10.1109/cleo.2007.4453030,1,C.,Langrock,C. Langrock,,,False,True
10.1109/cleo.2007.4453030,2,M. M.,Fejer,M. M. Fejer,,,False,False
10.1109/cleo.2007.4453030,3,I.,Hartl,I. Hartl,,,False,False
10.1109/cleo.2007.4453030,4,M. E.,Fermann,M. E. Fermann,,,False,False
10.1109/dicta51227.2020.9363373,1,Kojiro,Takeyama,Kojiro Takeyama,,,False,True
10.1109/ecce.2019.8911846,1,Masanori,Ishigaki,Masanori Ishigaki,,,False,True
10.1109/ecce.2019.8911846,2,Keisuke,Ishikawa,Keisuke Ishikawa,,,False,False
10.1109/ecce.2019.8911846,3,Makoto,Kusakabe,Makoto Kusakabe,,,False,False
10.1109/ecce.2019.8911846,4,Kosuke,Tahara,Kosuke Tahara,,,False,False
10.1109/ecoc.2008.4729557,1,Hugh A,McKay,Hugh A McKay,,,False,True
10.1109/ecoc.2008.4729557,2,Libin,Fu,Libin Fu,,,False,False
10.1109/ecoc.2008.4729557,3,Liang,Dong,Liang Dong,,,False,False
10.1109/globecom38437.2019.9013198,1,Kengo,Sasaki,Kengo Sasaki,,,False,True
10.1109/globecom38437.2019.9013198,2,Satoshi,Makido,Satoshi Makido,,,False,False
10.1109/globecom38437.2019.9013198,3,Akihiro,Nakao,Akihiro Nakao,,,False,False
10.1109/icassp40776.2020.9054121,1,Keisuke,Kawano,Keisuke Kawano,,,False,True
10.1109/icassp40776.2020.9054121,2,Takuro,Kutsuna,Takuro Kutsuna,,,False,False
10.1109/icassp40776.2020.9054121,3,Satoshi,Koide,Satoshi Koide,,,False,False
10.1109/icimw.2006.368520,1,P.Y.,Han,P.Y. Han,,,False,True
10.1109/icimw.2006.368520,2,G.,Sucha,G. Sucha,,,False,False
10.1109/icimw.2006.368520,3,D.,Harter,D. Harter,,,False,False
10.1109/icimw.2006.368520,4,A.,Galvanauskas,A. Galvanauskas,,,False,False
10.1109/icimw.2006.368520,5,M.,Li,M. Li,,,False,False
10.1109/icimw.2006.368520,6,X.-C.,Zhang,X.-C. Zhang,,,False,False
10.1109/icra46639.2022.9811768,1,Koshi,Oishi,Koshi Oishi,,"Cloud Informatics Research-Domain, Toyota Central R&#x0026;D Labs., Inc.,Aichi,Japan",True,True
10.1109/icra46639.2022.9811768,2,Yasushi,Amano,Yasushi Amano,,"Cloud Informatics Research-Domain, Toyota Central R&#x0026;D Labs., Inc.,Aichi,Japan",True,False
10.1109/icra46639.2022.9811768,3,Tomohiko,Jimbo,Tomohiko Jimbo,,"Frontier Research Center. Toyota Motor Corporation,The author R-Frontier Division,Toyota,Japan",True,False
10.1109/icra46639.2022.9812301,1,Kosuke,Tahara,Kosuke Tahara,,Toyota Central R&#x0026;D Labs.,True,True
10.1109/icra46639.2022.9812301,2,Noriaki,Hirose,Noriaki Hirose,,Toyota Central R&#x0026;D Labs.,True,False
10.1109/icra48506.2021.9560776,1,Noriaki,Hirose,Noriaki Hirose,,,False,True
10.1109/icra48506.2021.9560776,2,Satoshi,Koide,Satoshi Koide,,,False,False
10.1109/icra48506.2021.9560776,3,Keisuke,Kawano,Keisuke Kawano,,,False,False
10.1109/icra48506.2021.9560776,4,Ruho,Kondo,Ruho Kondo,,,False,False
10.1109/icra48506.2021.9561274,1,Kazuki,Shibata,Kazuki Shibata,,,False,True
10.1109/icra48506.2021.9561274,2,Tomohiko,Jimbo,Tomohiko Jimbo,,,False,False
10.1109/icra48506.2021.9561274,3,Takamitsu,Matsubara,Takamitsu Matsubara,,,False,False
10.1109/iros45743.2020.9341184,1,Daiki,Mori,Daiki Mori,,,False,True
10.1109/iros45743.2020.9341184,2,Yoshikazu,Hattori,Yoshikazu Hattori,,,False,False
10.1109/iros47612.2022.9981958,1,Takahiro,Niwa,Takahiro Niwa,,"INC,Toyota Central R&#x0026;D Labs.,Japan",True,True
10.1109/iros47612.2022.9981958,2,Shun,Taguchi,Shun Taguchi,,"INC,Toyota Central R&#x0026;D Labs.,Japan",True,False
10.1109/iros47612.2022.9981958,3,Noriaki,Hirose,Noriaki Hirose,,"INC,Toyota Central R&#x0026;D Labs.,Japan",True,False
10.1109/iros47612.2022.9982213,1,Shun,Taguchi,Shun Taguchi,,"Toyota Central R&#x0026;D Labs., Inc.,Nagakute,Aichi,Japan",True,True
10.1109/iros47612.2022.9982213,2,Noriaki,Hirose,Noriaki Hirose,,"Toyota Central R&#x0026;D Labs., Inc.,Nagakute,Aichi,Japan",True,False
10.1109/iros55552.2023.10342107,1,Hideki,Deguchi,Hideki Deguchi,,"Toyota Central R&#x0026;D Labs., Inc.,Aichi,Japan,480-1192",True,True
10.1109/iros55552.2023.10342107,2,Shun,Taguchi,Shun Taguchi,,"Toyota Central R&#x0026;D Labs., Inc.,Aichi,Japan,480-1192",True,False
10.1109/iros55552.2023.10342107,3,Kazuki,Shibata,Kazuki Shibata,,"Toyota Central R&#x0026;D Labs., Inc.,Aichi,Japan,480-1192",True,False
10.1109/iros55552.2023.10342107,4,Satoshi,Koide,Satoshi Koide,,"Toyota Central R&#x0026;D Labs., Inc.,Aichi,Japan,480-1192",True,False
10.1109/iros58592.2024.10802597,1,Hiroya,Makino,Hiroya Makino,,"Toyota Central R&#x0026;D Labs., Inc.,Aichi,Japan",True,True
10.1109/iros58592.2024.10802597,2,Seigo,Ito,Seigo Ito,,"Toyota Central R&#x0026;D Labs., Inc.,Aichi,Japan",True,False
10.1109/iros58592.2024.10803053,1,Hiroya,Makino,Hiroya Makino,,"Toyota Central R&#x0026;D Labs., Inc.,Aichi,Japan",True,True
10.1109/iros58592.2024.10803053,2,Yoshihiro,Ohama,Yoshihiro Ohama,,"Toyota Central R&#x0026;D Labs., Inc.,Aichi,Japan",True,False
10.1109/iros58592.2024.10803053,3,Seigo,Ito,Seigo Ito,,"Toyota Central R&#x0026;D Labs., Inc.,Aichi,Japan",True,False
10.1109/itsc.2019.8917112,1,Ayano,Okoso,Ayano Okoso,,,False,True
10.1109/itsc.2019.8917112,2,Keisuke,Otaki,Keisuke Otaki,,,False,False
10.1109/itsc.2019.8917112,3,Tomoki,Nishi,Tomoki Nishi,,,False,False
10.1109/itsc45102.2020.9294281,1,Tomoki,Nishi,Tomoki Nishi,,,False,True
10.1109/itsc45102.2020.9294281,2,Keisuke,Otaki,Keisuke Otaki,,,False,False
10.1109/itsc45102.2020.9294281,3,Ayano,Okoso,Ayano Okoso,,,False,False
10.1109/itsc45102.2020.9294281,4,Alex,Fukunaga,Alex Fukunaga,,,False,False
10.1109/itsc45102.2020.9294582,1,Kosuke,Tahara,Kosuke Tahara,,,False,True
10.1109/itsc45102.2020.9294582,2,Keisuke,Ishikawa,Keisuke Ishikawa,,,False,False
10.1109/itsc45102.2020.9294582,3,Masanori,Ishigaki,Masanori Ishigaki,,,False,False
10.1109/itsc55140.2022.9921784,1,Takashi,Owaki,Takashi Owaki,,"Toyota Central R&#x0026;D Labs., Inc.,Nagakute,Aichi,Japan,4801192",True,True
10.1109/itsc55140.2022.9921784,2,Takashi,Machida,Takashi Machida,,"Toyota Central R&#x0026;D Labs., Inc.,Nagakute,Aichi,Japan,4801192",True,False
10.1109/itsc55140.2022.9922035,1,Ayano,Okoso,Ayano Okoso,,"TOYOTA CENTRAL R&#x0026;D LABS., INC.,Tokyo,Japan,112-0004",True,True
10.1109/itsc55140.2022.9922035,2,Keisuke,Otaki,Keisuke Otaki,,"TOYOTA CENTRAL R&#x0026;D LABS., INC.,Tokyo,Japan,112-0004",True,False
10.1109/itsc55140.2022.9922035,3,Satoshi,Koide,Satoshi Koide,,"TOYOTA CENTRAL R&#x0026;D LABS., INC.,Tokyo,Japan,112-0004",True,False
10.1109/itsc55140.2022.9922035,4,Tomoki,Nishi,Tomoki Nishi,,"TOYOTA CENTRAL R&#x0026;D LABS., INC.,Tokyo,Japan,112-0004",True,False
10.1109/jlt.2008.925685,1,Liang,Dong,Liang Dong,,,False,True
10.1109/jphot.2021.3079933,1,Tetsuya,Shimogaki,Tetsuya Shimogaki,https://orcid.org/0000-0001-7386-5871,,False,True
10.1109/jphot.2021.3079933,2,Hikaru,Fukushima,Hikaru Fukushima,,,False,False
10.1109/jphot.2021.3079933,3,Daisuke,Inoue,Daisuke Inoue,https://orcid.org/0000-0003-3926-4903,,False,False
10.1109/jphot.2021.3079933,4,Tadashi,Ichikawa,Tadashi Ichikawa,,,False,False
10.1109/jphot.2021.3079933,5,Tatsuya,Yamashita,Tatsuya Yamashita,,,False,False
10.1109/jphot.2023.3325088,1,Tomohiro,Tetsumoto,Tomohiro Tetsumoto,https://orcid.org/0000-0002-2076-8565,"National Institute of Information and Communications Technology, Koganei, Japan",False,True
10.1109/jphot.2023.3325088,2,Antoine,Rolland,Antoine Rolland,https://orcid.org/0000-0002-3214-0062,"IMRA America, Longmont, CO, USA",True,False
10.1109/jqe.2004.831633,1,,Liang Dong,Liang Dong,,,False,True
10.1109/jqe.2004.831633,2,S.,Fortier,S. Fortier,,,False,False
10.1109/jqe.2026.3652530,1,James,Greenberg,James Greenberg,https://orcid.org/0000-0001-7731-257X,"IMRA America Inc., Boulder Research Laboratories, Longmont, CO, USA",True,True
10.1109/jqe.2026.3652530,2,Brendan M.,Heffernan,Brendan M. Heffernan,https://orcid.org/0000-0002-0319-1602,"IMRA America Inc., Boulder Research Laboratories, Longmont, CO, USA",True,False
10.1109/jqe.2026.3652530,3,William F.,McGrew,William F. McGrew,https://orcid.org/0000-0002-4482-3258,"IMRA America Inc., Boulder Research Laboratories, Longmont, CO, USA",True,False
10.1109/jqe.2026.3652530,4,Antoine,Rolland,Antoine Rolland,https://orcid.org/0000-0002-3214-0062,"IMRA America Inc., Boulder Research Laboratories, Longmont, CO, USA",True,False
10.1109/jstqe.2007.896096,1,Lawrence,Shah,Lawrence Shah,,,False,True
10.1109/jstqe.2007.896096,2,Martin,Fermann,Martin Fermann,,,False,False
10.1109/leos.1996.565158,1,A.,Galvanauskas,A. Galvanauskas,,,False,True
10.1109/leos.1998.737810,1,G.,Sucha,G. Sucha,,,False,True
10.1109/leos.1999.811858,1,G.C.,Cho,G.C. Cho,,,False,True
10.1109/leos.1999.811858,2,M.,Tani,M. Tani,,,False,False
10.1109/leos.1999.811858,3,J.,Wegener,J. Wegener,,,False,False
10.1109/leos.1999.811858,4,X.-C.,Zhang,X.-C. Zhang,,,False,False
10.1109/leos.2004.1363446,1,G.,Imeshev,G. Imeshev,,,False,True
10.1109/leos.2004.1363446,2,I.,Hartl,I. Hartl,,,False,False
10.1109/leos.2004.1363446,3,M.E.,Fermann,M.E. Fermann,,,False,False
10.1109/leosst.1992.697422,1,A.M.,Weiner,A.M. Weiner,,,False,True
10.1109/leosst.1992.697422,2,V.L.,DaSilva,V.L. DaSilva,,,False,False
10.1109/leosst.1992.697422,3,M.E.,Fermann,M.E. Fermann,,,False,False
10.1109/leosst.1992.697422,4,D.E.,Leaird,D.E. Leaird,,,False,False
10.1109/leosst.1992.697422,5,E.G.,Paek,E.G. Paek,,,False,False
10.1109/leosst.1992.697422,6,D.H.,Reitze,D.H. Reitze,,,False,False
10.1109/leosst.1992.697422,7,Y.,Silberberg,Y. Silberberg,,,False,False
10.1109/leosst.1992.697422,8,D.A.,Smith,D.A. Smith,,,False,False
10.1109/leosst.2006.1694008,1,,Liang Dong,Liang Dong,,,False,True
10.1109/leosst.2006.1694008,2,W.S.,Wong,W.S. Wong,,,False,False
10.1109/leosst.2006.1694008,3,,Xiang Peng,Xiang Peng,,,False,False
10.1109/lpt.2002.1021998,1,R.L.,Jungerman,R.L. Jungerman,,,False,True
10.1109/lpt.2002.1021998,2,G.,Lee,G. Lee,,,False,False
10.1109/lpt.2002.1021998,3,O.,Buccafusca,O. Buccafusca,,,False,False
10.1109/lpt.2002.1021998,4,Y.,Kaneko,Y. Kaneko,,,False,False
10.1109/lpt.2002.1021998,5,N.,Itagaki,N. Itagaki,,,False,False
10.1109/lpt.2002.1021998,6,R.,Shioda,R. Shioda,,,False,False
10.1109/lpt.2002.1021998,7,A.,Harada,A. Harada,,,False,False
10.1109/lpt.2002.1021998,8,Y.,Nihei,Y. Nihei,,,False,False
10.1109/lpt.2002.1021998,9,G.,Sucha,G. Sucha,,,False,False
10.1109/lsp.2018.2816579,1,Tatsuya,Nobunaga,Tatsuya Nobunaga,https://orcid.org/0000-0002-2937-9814,,False,True
10.1109/lsp.2018.2816579,2,Hiroya,Tanaka,Hiroya Tanaka,https://orcid.org/0000-0002-5113-0927,,False,False
10.1109/lsp.2018.2816579,3,Yukihiro,Tadokoro,Yukihiro Tadokoro,https://orcid.org/0000-0002-1844-3040,,False,False
10.1109/nlo.1998.710278,1,A.,Galvanuskas,A. Galvanuskas,,,False,True
10.1109/nlo.1998.710278,2,M.E.,Fermann,M.E. Fermann,,,False,False
10.1109/nlo.1998.710278,3,M.A.,Arbore,M.A. Arbore,,,False,False
10.1109/nlo.1998.710278,4,M.M.,Fejer,M.M. Fejer,,,False,False
10.1109/nlo.1998.710278,5,J.D.,Minelly,J.D. Minelly,,,False,False
10.1109/nlo.1998.710278,6,J.E.,Caplen,J.E. Caplen,,,False,False
10.1109/nlo.1998.710278,7,K.K.,Wong,K.K. Wong,,,False,False
10.1109/nlo.1998.710278,8,D.,Harter,D. Harter,,,False,False
10.1109/ofc.1996.907589,1,M.,Hofer,M. Hofer,,,False,True
10.1109/ofc.1996.907589,2,M.H.,Ober,M.H. Ober,,,False,False
10.1109/ofc.1996.907589,3,R.,Hofer,R. Hofer,,,False,False
10.1109/ofc.1996.907589,4,G.A.,Reider,G.A. Reider,,,False,False
10.1109/ofc.1996.907589,5,K.,Sugden,K. Sugden,,,False,False
10.1109/ofc.1996.907589,6,I.,Bennion,I. Bennion,,,False,False
10.1109/ofc.1996.907589,7,M.E.,Fermann,M.E. Fermann,,,False,False
10.1109/ofc.1996.907589,8,G.,Sucha,G. Sucha,,,False,False
10.1109/ofc.1996.907589,9,D.,Harter,D. Harter,,,False,False
10.1109/ofc.1996.907589,10,C.A.C.,Mendonca,C.A.C. Mendonca,,,False,False
10.1109/ofc.1996.907589,11,T.H.,Chiu,T.H. Chiu,,,False,False
10.1109/ofc.1996.908245,1,S.,Radic,S. Radic,,,False,True
10.1109/ofc.1996.908245,2,G.P.,Agrawal,G.P. Agrawal,,,False,False
10.1109/ofc.1996.908245,3,A.,Galvanauskas,A. Galvanauskas,,,False,False
10.1109/ofc.1998.657185,1,M.E.,Fermann,M.E. Fermann,,,False,True
10.1109/ofc.1998.657185,2,A.,Galvanauskas,A. Galvanauskas,,,False,False
10.1109/ofc.1998.657185,3,D.,Harter,D. Harter,,,False,False
10.1109/ofc.1998.657185,4,J.D.,Minelly,J.D. Minelly,,,False,False
10.1109/ofc.1998.657185,5,J.E.,Caplen,J.E. Caplen,,,False,False
10.1109/ofc.2005.193129,1,I.,Hartl,I. Hartl,,,False,True
10.1109/ofc.2005.193129,2,L.,Dong,L. Dong,,,False,False
10.1109/ofc.2005.193129,3,M.E.,Fermann,M.E. Fermann,,,False,False
10.1109/ofc.2005.193129,4,T.R.,Schibli,T.R. Schibli,,,False,False
10.1109/ofc.2005.193129,5,A.,Onae,A. Onae,,,False,False
10.1109/ofc.2005.193129,6,F.-L.,Hong,F.-L. Hong,,,False,False
10.1109/ofc.2005.193129,7,H.,Inaba,H. Inaba,,,False,False
10.1109/ofc.2005.193129,8,K.,Minoshima,K. Minoshima,,,False,False
10.1109/ofc.2005.193129,9,H.,Matsumoto,H. Matsumoto,,,False,False
10.1109/tac.2018.2876793,1,Yuji,Ito,Yuji Ito,https://orcid.org/0000-0002-6786-7798,,False,True
10.1109/tac.2018.2876793,2,Kenji,Fujimoto,Kenji Fujimoto,https://orcid.org/0000-0001-6345-4884,,False,False
10.1109/tac.2018.2876793,3,Yukihiro,Tadokoro,Yukihiro Tadokoro,https://orcid.org/0000-0002-1844-3040,,False,False
10.1109/tac.2018.2876793,4,Takayoshi,Yoshimura,Takayoshi Yoshimura,https://orcid.org/0000-0002-1812-6491,,False,False
10.1109/tac.2024.3462532,1,Yuji,Ito,Yuji Ito,https://orcid.org/0000-0002-6786-7798,"Toyota Central R&amp;D Labs., Inc., Nagakute-shi, Japan",True,True
10.1109/tac.2024.3462532,2,Kenji,Fujimoto,Kenji Fujimoto,https://orcid.org/0000-0001-6345-4884,"Department of Aeronautics and Astronautics, Graduate School of Engineering, Kyoto University, Kyoto, Japan",False,False
10.1109/tasc.2023.3238293,1,Taketsune,Nakamura,Taketsune Nakamura,https://orcid.org/0000-0003-1685-5153,"Department of Electrical Engineering, Graduate School of Engineering, Kyoto University, Kyoto, Japan",False,True
10.1109/tasc.2023.3238293,2,Masaaki,Yoshikawa,Masaaki Yoshikawa,,"IMRA Japan Co., Ltd., Kariya, Aichi, Japan",True,False
10.1109/tasc.2023.3238293,3,Toshihisa,Terazawa,Toshihisa Terazawa,,"IMRA Japan Co., Ltd., Kariya, Aichi, Japan",True,False
10.1109/tasc.2023.3238293,4,Kenjiro,Matsuki,Kenjiro Matsuki,,"Department of Electrical Engineering, Graduate School of Engineering, Kyoto University, Kyoto, Japan",False,False
10.1109/tasc.2023.3238293,5,Yunfei,Gao,Yunfei Gao,,"Department of Electrical Engineering, Graduate School of Engineering, Kyoto University, Kyoto, Japan",False,False
10.1109/tasc.2023.3238293,6,Takanobu,Kiss,Takanobu Kiss,https://orcid.org/0000-0001-6380-8435,"Department of Electrical Engineering, Graduate School of Information Science and Electrical Engineering, Kyushu University, Nishi-ku, Japan",False,False
10.1109/tasc.2023.3244118,1,Jun,Ogawa,Jun Ogawa,https://orcid.org/0000-0002-7763-7961,"Faculty of Engineering, Niigata University, Niigata, Japan",False,True
10.1109/tasc.2023.3244118,2,Satoshi,Fukui,Satoshi Fukui,https://orcid.org/0000-0002-7537-7027,"Faculty of Engineering, Niigata University, Niigata, Japan",False,False
10.1109/tasc.2023.3244118,3,Tomohiro,Nabeya,Tomohiro Nabeya,,"Faculty of Engineering, Niigata University, Niigata, Japan",False,False
10.1109/tasc.2023.3244118,4,Kazuhiko,Toshima,Kazuhiko Toshima,,"Faculty of Engineering, Niigata University, Niigata, Japan",False,False
10.1109/tasc.2023.3244118,5,Yousuke,Yanagi,Yousuke Yanagi,,"IMRA Japan Company Ltd., Nagoya, Japan",True,False
10.1109/tasc.2023.3244118,6,Kenji,Kawashima,Kenji Kawashima,,"IMRA Japan Company Ltd., Nagoya, Japan",True,False
10.1109/tcns.2020.2972590,1,Tatsuya,Miyano,Tatsuya Miyano,https://orcid.org/0000-0002-8374-1482,,False,True
10.1109/tcns.2020.2972590,2,Shunya,Yamashita,Shunya Yamashita,,,False,False
10.1109/tcns.2020.2972590,3,Takeshi,Hatanaka,Takeshi Hatanaka,https://orcid.org/0000-0003-3143-121X,,False,False
10.1109/tcns.2020.2972590,4,Kazuki,Shibata,Kazuki Shibata,,,False,False
10.1109/tcns.2020.2972590,5,Tomohiko,Jimbo,Tomohiko Jimbo,https://orcid.org/0000-0001-6863-4868,,False,False
10.1109/tcns.2020.2972590,6,Masayuki,Fujita,Masayuki Fujita,https://orcid.org/0000-0001-9312-339X,,False,False
10.1109/tcst.2023.3291880,1,Tatsuya,Miyano,Tatsuya Miyano,https://orcid.org/0000-0002-8374-1482,"Toyota Motor North America, Inc., Ann Arbor, MI, USA",True,True
10.1109/tcst.2023.3291880,2,Justin,Romberg,Justin Romberg,https://orcid.org/0000-0002-6616-197X,"School of Electrical and Computer Engineering, Georgia Institute of Technology, Atlanta, GA, USA",False,False
10.1109/tcst.2023.3291880,3,Magnus,Egerstedt,Magnus Egerstedt,https://orcid.org/0000-0003-4213-5299,"Samueli School of Engineering, University of California at Irvine, Irvine, CA, USA",False,False
10.1109/tcyb.2023.3252673,1,Yuji,Ito,Yuji Ito,https://orcid.org/0000-0002-6786-7798,"Toyota Central R&#x0026;D Labs., Inc., Nagakute, Aichi, Japan",True,True
10.1109/tcyb.2023.3252673,2,Kenji,Fujimoto,Kenji Fujimoto,https://orcid.org/0000-0001-6345-4884,"Department of Aeronautics and Astronautics, Graduate School of Engineering, Kyoto University, Kyoto, Japan",False,False
10.1109/tcyb.2023.3252673,3,Yukihiro,Tadokoro,Yukihiro Tadokoro,https://orcid.org/0000-0002-1844-3040,"Toyota Central R&#x0026;D Labs., Inc., Nagakute, Aichi, Japan",True,False
10.1109/tii.2025.3538109,1,Tatsuo,Fukano,Tatsuo Fukano,https://orcid.org/0000-0003-0708-7973,"Department of Electrification Systems Research-Domain, Toyota Central R&amp;D Labs., Inc., Nagakute, Aichi, Japan",True,True
10.1109/tii.2025.3538109,2,Masaru,Sugai,Masaru Sugai,,"Department of Electrification Systems Research-Domain, Toyota Central R&amp;D Labs., Inc., Nagakute, Aichi, Japan",True,False
10.1109/tim.2025.3558744,1,Keisuke,Ishikawa,Keisuke Ishikawa,https://orcid.org/0000-0001-6429-4683,"Secondary Batteries Research-Domain, Toyota Central R&#x0026;D Labs., Inc., Nagakute, Japan",True,True
10.1109/tim.2025.3558744,2,Tsukasa,Usuki,Tsukasa Usuki,https://orcid.org/0009-0002-5972-1091,"Secondary Batteries Research-Domain, Toyota Central R&#x0026;D Labs., Inc., Nagakute, Japan",True,False
10.1109/tim.2025.3558744,3,Shogo,Komagata,Shogo Komagata,https://orcid.org/0000-0002-2750-2655,"Secondary Batteries Research-Domain, Toyota Central R&#x0026;D Labs., Inc., Nagakute, Japan",True,False
10.1109/tim.2025.3558744,4,Ryohei,Morimoto,Ryohei Morimoto,https://orcid.org/0009-0001-1124-3513,"Secondary Batteries Research-Domain, Toyota Central R&#x0026;D Labs., Inc., Nagakute, Japan",True,False
10.1109/tim.2025.3558744,5,Masanori,Ishigaki,Masanori Ishigaki,https://orcid.org/0000-0001-9440-832X,"Secondary Batteries Research-Domain, Toyota Central R&#x0026;D Labs., Inc., Nagakute, Japan",True,False
10.1109/tits.2018.2812147,1,Shun,Taguchi,Shun Taguchi,https://orcid.org/0000-0002-1612-6121,,False,True
10.1109/tits.2018.2812147,2,Satoshi,Koide,Satoshi Koide,,,False,False
10.1109/tits.2018.2812147,3,Takayoshi,Yoshimura,Takayoshi Yoshimura,https://orcid.org/0000-0002-1812-6491,,False,False
10.1109/tits.2018.2876905,1,Yuji,Ito,Yuji Ito,https://orcid.org/0000-0002-6786-7798,,False,True
10.1109/tits.2018.2876905,2,Md Abdus Samad,Kamal,Md Abdus Samad Kamal,https://orcid.org/0000-0003-3150-0510,,False,False
10.1109/tits.2018.2876905,3,Takayoshi,Yoshimura,Takayoshi Yoshimura,https://orcid.org/0000-0002-1812-6491,,False,False
10.1109/tits.2018.2876905,4,Shun-ichi,Azuma,Shun-ichi Azuma,https://orcid.org/0000-0002-7274-0708,,False,False
10.1109/tits.2020.3026679,1,Takashi,Machida,Takashi Machida,https://orcid.org/0000-0002-5586-4346,,False,True
10.1109/tits.2020.3026679,2,Kazuya,Shitaoka,Kazuya Shitaoka,,,False,False
10.1109/tits.2021.3067603,1,Shun,Taguchi,Shun Taguchi,https://orcid.org/0000-0002-1612-6121,"Toyota Central R&#x0026;D Labs., Inc., Nagakute, Japan",True,True
10.1109/tits.2021.3067603,2,Takayoshi,Yoshimura,Takayoshi Yoshimura,https://orcid.org/0000-0002-1812-6491,"Toyota Central R&#x0026;D Labs., Inc., Nagakute, Japan",True,False
10.1109/tits.2024.3487117,1,Daiki,Mori,Daiki Mori,https://orcid.org/0009-0005-8072-4504,"Human Science Research Department, Toyota Central Research and Development Laboratories Inc., Nagakute, Japan",True,True
10.1109/tits.2024.3487117,2,Masahito,Kamekawa,Masahito Kamekawa,,"Human Science Research Department, Toyota Central Research and Development Laboratories Inc., Nagakute, Japan",True,False
10.1109/tits.2024.3487117,3,Nobushige,Fujieda,Nobushige Fujieda,,"Human Science Research Department, Toyota Central Research and Development Laboratories Inc., Nagakute, Japan",True,False
10.1109/tits.2024.3487117,4,Yoshihiro,Mizuno,Yoshihiro Mizuno,,"Human Science Research Department, Toyota Central Research and Development Laboratories Inc., Nagakute, Japan",True,False
10.1109/tpel.2020.3003618,1,Shuntaro,Inoue,Shuntaro Inoue,https://orcid.org/0000-0002-6263-7627,,False,True
10.1109/tpel.2020.3003618,2,Masanori,Ishigaki,Masanori Ishigaki,https://orcid.org/0000-0001-9440-832X,,False,False
10.1109/tpel.2020.3003618,3,Atsuhiro,Takahashi,Atsuhiro Takahashi,,,False,False
10.1109/tpel.2020.3003618,4,Takahide,Sugiyama,Takahide Sugiyama,,,False,False
10.1109/tpel.2020.3013399,1,Kenichi,Yatsugi,Kenichi Yatsugi,https://orcid.org/0000-0003-4718-9683,,False,True
10.1109/tpel.2020.3013399,2,Koshi,Oishi,Koshi Oishi,,,False,False
10.1109/tpel.2020.3013399,3,Hideo,Iizuka,Hideo Iizuka,https://orcid.org/0000-0002-7026-1033,,False,False
10.1109/tpel.2021.3073991,1,Tomoyuki,Shoji,Tomoyuki Shoji,https://orcid.org/0000-0002-4209-1196,,False,True
10.1109/tpel.2021.3073991,2,Makoto,Kuwahara,Makoto Kuwahara,,,False,False
10.1109/tpel.2021.3073991,3,Masanori,Usui,Masanori Usui,https://orcid.org/0000-0002-2227-5983,,False,False
10.1109/tpel.2021.3081121,1,Atsuhiro,Takahashi,Atsuhiro Takahashi,https://orcid.org/0000-0002-7948-3505,,False,True
10.1109/tpel.2021.3081121,2,Katsuya,Nomura,Katsuya Nomura,https://orcid.org/0000-0002-0721-0954,,False,False
10.1109/tpel.2021.3081121,3,Takashi,Kojima,Takashi Kojima,,,False,False
10.1109/tpel.2021.3081121,4,Tsuyoshi,Nomura,Tsuyoshi Nomura,https://orcid.org/0000-0002-7055-6675,,False,False
10.1109/tthz.2025.3592353,1,William F.,McGrew,William F. McGrew,https://orcid.org/0000-0002-4482-3258,"Boulder Research Labs, Imra America, Inc., Longmont, CO, USA",True,True
10.1109/tthz.2025.3592353,2,James,Greenberg,James Greenberg,https://orcid.org/0000-0001-7731-257X,"Boulder Research Labs, Imra America, Inc., Longmont, CO, USA",True,False
10.1109/tthz.2025.3592353,3,Keisuke,Nose,Keisuke Nose,,"Boulder Research Labs, Imra America, Inc., Longmont, CO, USA",True,False
10.1109/tthz.2025.3592353,4,Brendan M.,Heffernan,Brendan M. Heffernan,,"Boulder Research Labs, Imra America, Inc., Longmont, CO, USA",True,False
10.1109/tthz.2025.3592353,5,Antoine,Rolland,Antoine Rolland,https://orcid.org/0000-0002-3214-0062,"Boulder Research Labs, Imra America, Inc., Longmont, CO, USA",True,False
10.1109/tvt.2019.2934502,1,Hiroya,Tanaka,Hiroya Tanaka,https://orcid.org/0000-0002-5113-0927,,False,True
10.1109/tvt.2019.2934502,2,Shintaro,Hiraoka,Shintaro Hiraoka,https://orcid.org/0000-0001-7623-8961,,False,False
10.1109/tvt.2019.2934502,3,Shintaro,Arai,Shintaro Arai,https://orcid.org/0000-0002-4562-9385,,False,False
10.1109/tvt.2019.2934502,4,Takaya,Yamazato,Takaya Yamazato,https://orcid.org/0000-0001-5256-4965,,False,False
10.1109/tvt.2019.2934502,5,Yukihiro,Tadokoro,Yukihiro Tadokoro,https://orcid.org/0000-0002-1844-3040,,False,False
10.1111/2041-210x.70209,1,Hinano,Mizuno,Hinano Mizuno,https://orcid.org/0009-0007-3826-4561,"Toyota Central R&amp;D Labs., Inc.  Nagakute Aichi Japan",True,True
10.1111/2041-210x.70209,2,Hidenori,Tanaka,Hidenori Tanaka,,"Toyota Central R&amp;D Labs., Inc.  Nagakute Aichi Japan",True,False
10.1111/2041-210x.70209,3,Yoshikazu,Furuta,Yoshikazu Furuta,,"Toyota Central R&amp;D Labs., Inc.  Nagakute Aichi Japan",True,False
10.1111/2041-210x.70209,4,Nobuhiko,Muramoto,Nobuhiko Muramoto,,"Toyota Central R&amp;D Labs., Inc.  Nagakute Aichi Japan",True,False
10.1111/tpj.14687,1,Hiroki,Sugimoto,Hiroki Sugimoto,https://orcid.org/0000-0002-7485-9075,"Genome Engineering Program Strategic Research Division Toyota Central R&amp;D Laboratories, Inc. Nagakute Aichi 480‐1192 Japan",True,True
10.1111/tpj.14687,2,Minoru,Hirano,Minoru Hirano,,"Bio System Engineering Program Strategic Research Division Toyota Central R&amp;D Laboratories, Inc. Nagakute Aichi 480‐1192 Japan",True,False
10.1111/tpj.14687,3,Hidenori,Tanaka,Hidenori Tanaka,,"Genome Engineering Program Strategic Research Division Toyota Central R&amp;D Laboratories, Inc. Nagakute Aichi 480‐1192 Japan",True,False
10.1111/tpj.14687,4,Tomoko,Tanaka,Tomoko Tanaka,,"Genome Engineering Program Strategic Research Division Toyota Central R&amp;D Laboratories, Inc. Nagakute Aichi 480‐1192 Japan",True,False
10.1111/tpj.14687,5,Ritsuko,Kitagawa‐Yogo,Ritsuko Kitagawa‐Yogo,,"Genome Engineering Program Strategic Research Division Toyota Central R&amp;D Laboratories, Inc. Nagakute Aichi 480‐1192 Japan",True,False
10.1111/tpj.14687,6,Nobuhiko,Muramoto,Nobuhiko Muramoto,,"Genome Engineering Program Strategic Research Division Toyota Central R&amp;D Laboratories, Inc. Nagakute Aichi 480‐1192 Japan",True,False
10.1111/tpj.14687,7,Norihiro,Mitsukawa,Norihiro Mitsukawa,,"Genome Engineering Program Strategic Research Division Toyota Central R&amp;D Laboratories, Inc. Nagakute Aichi 480‐1192 Japan",True,False
10.1111/tpj.14888,1,Hidenori,Tanaka,Hidenori Tanaka,https://orcid.org/0000-0003-0266-1745,"Genome Engineering Program Strategic Innovative Research‐Domain Toyota Central R&amp;D Laboratories, Inc Nagakute Aichi 480‐1192 Japan",True,True
10.1111/tpj.14888,2,Nobuhiko,Muramoto,Nobuhiko Muramoto,,"Genome Engineering Program Strategic Innovative Research‐Domain Toyota Central R&amp;D Laboratories, Inc Nagakute Aichi 480‐1192 Japan",True,False
10.1111/tpj.14888,3,Hiroki,Sugimoto,Hiroki Sugimoto,https://orcid.org/0000-0002-7485-9075,"Genome Engineering Program Strategic Innovative Research‐Domain Toyota Central R&amp;D Laboratories, Inc Nagakute Aichi 480‐1192 Japan",True,False
10.1111/tpj.14888,4,Arisa H.,Oda,Arisa H. Oda,,Department of Life Sciences Graduate School of Arts and Sciences The University of Tokyo Komaba 3‐8‐1 Tokyo 153‐8902 Japan; Universal Biology Institute The University of Tokyo Hongo 7‐3‐1 Tokyo 113‐0033 Japan,False,False
10.1111/tpj.14888,5,Kunihiro,Ohta,Kunihiro Ohta,,Department of Life Sciences Graduate School of Arts and Sciences The University of Tokyo Komaba 3‐8‐1 Tokyo 153‐8902 Japan; Universal Biology Institute The University of Tokyo Hongo 7‐3‐1 Tokyo 113‐0033 Japan,False,False
10.1117/12.206403,1,Almantas,Galvanauskas,Almantas Galvanauskas,,,False,True
10.1117/12.2577649,1,Kevin F.,Lee,Kevin F. Lee,,,False,True
10.1117/12.2577649,2,Gengji,Zhou,Gengji Zhou,,,False,False
10.1117/12.2577649,3,Herbert G.,Winful,Herbert G. Winful,,,False,False
10.1117/12.2577649,4,Jie,Jiang,Jie Jiang,,,False,False
10.1117/12.2577649,5,Martin E.,Fermann,Martin E. Fermann,,,False,False
10.1117/12.2659759,1,Kevin F.,Lee,Kevin F. Lee,,,False,True
10.1117/12.2659759,2,Martin,Fermann,Martin Fermann,,,False,False
10.1117/12.3075489,1,Hironori,Suzuki,Hironori Suzuki,,,False,True
10.1117/12.3075489,2,Eslam,Abubakr,Eslam Abubakr,,,False,False
10.1117/12.3075489,3,Shiro,Saito,Shiro Saito,,,False,False
10.1117/12.3075489,4,Tetsuo,Kan,Tetsuo Kan,,,False,False
10.1117/12.351830,1,Ming,Li,Ming Li,,,False,True
10.1117/12.351830,2,Xi-Cheng,Zhang,Xi-Cheng Zhang,,,False,False
10.1117/12.351830,3,Gregg D.,Sucha,Gregg D. Sucha,,,False,False
10.1117/12.351830,4,Donald J.,Harter,Donald J. Harter,,,False,False
10.1117/12.351836,1,Martin E.,Fermann,Martin E. Fermann,,,False,True
10.1117/12.351836,2,Gregg D.,Sucha,Gregg D. Sucha,,,False,False
10.1117/12.351836,3,Almantas,Galvanauskes,Almantas Galvanauskes,,,False,False
10.1117/12.351836,4,Martin,Hofer,Martin Hofer,,,False,False
10.1117/12.351836,5,Donald J.,Harter,Donald J. Harter,,,False,False
10.1117/12.456810,1,Heinrich,Endert,Heinrich Endert,,,False,True
10.1117/12.456810,2,Almantas,Galvanauskes,Almantas Galvanauskes,,,False,False
10.1117/12.456810,3,Gregg D.,Sucha,Gregg D. Sucha,,,False,False
10.1117/12.456810,4,Rajesh S.,Patel,Rajesh S. Patel,,,False,False
10.1117/12.477843,1,Michelle L.,Stock,Michelle L. Stock,,,False,True
10.1117/12.477843,2,Heinrich,Endert,Heinrich Endert,,,False,False
10.1117/12.477843,3,Rajesh S.,Patel,Rajesh S. Patel,,,False,False
10.1117/12.479230,1,Michelle L.,Stock,Michelle L. Stock,,,False,True
10.1117/12.479230,2,Heinrich,Endert,Heinrich Endert,,,False,False
10.1117/12.479230,3,Rajesh S.,Patel,Rajesh S. Patel,,,False,False
10.1117/12.486528,1,Rajesh S.,Patel,Rajesh S. Patel,,,False,True
10.1117/12.486528,2,Michelle L.,Stock,Michelle L. Stock,,,False,False
10.1117/12.486528,3,Zaza,Sartania,Zaza Sartania,,,False,False
10.1117/12.486528,4,Jim M.,Bovatsek,Jim M. Bovatsek,,,False,False
10.1117/12.486528,5,Alan Y.,Arai,Alan Y. Arai,,,False,False
10.1117/12.486528,6,Heinrich,Endert,Heinrich Endert,,,False,False
10.1117/12.501655,1,Gregg D.,Sucha,Gregg D. Sucha,,,False,True
10.1117/12.501655,2,Heinrich,Endert,Heinrich Endert,,,False,False
10.1117/12.501655,3,Mark,Bischoff,Mark Bischoff,,,False,False
10.1117/12.580606,1,A.,Galvanauskas,A. Galvanauskas,,,False,True
10.1117/12.580606,2,D. J.,Harter,D. J. Harter,,,False,False
10.1117/12.580606,3,M. E.,Fermann,M. E. Fermann,,,False,False
10.1117/12.580606,4,A.,Hariharan,A. Hariharan,,,False,False
10.1117/12.590850,1,Lawrence,Shah,Lawrence Shah,,,False,True
10.1117/12.590850,2,Fumiyo,Yoshino,Fumiyo Yoshino,,,False,False
10.1117/12.590850,3,Alan,Arai,Alan Arai,,,False,False
10.1117/12.590850,4,Shane,Eaton,Shane Eaton,,,False,False
10.1117/12.590850,5,Haibin,Zhang,Haibin Zhang,,,False,False
10.1117/12.590850,6,Stephen,Ho,Stephen Ho,,,False,False
10.1117/12.590850,7,Peter R.,Herman,Peter R. Herman,,,False,False
10.1117/12.591058,1,Shane,Eaton,Shane Eaton,,,False,True
10.1117/12.591058,2,Fumiyo,Yoshino,Fumiyo Yoshino,,,False,False
10.1117/12.591058,3,Lawrence,Shah,Lawrence Shah,,,False,False
10.1117/12.591058,4,Alan,Arai,Alan Arai,,,False,False
10.1117/12.591058,5,Haibin,Zhang,Haibin Zhang,,,False,False
10.1117/12.591058,6,Stephen,Ho,Stephen Ho,,,False,False
10.1117/12.591058,7,Peter R.,Herman,Peter R. Herman,,,False,False
10.1117/12.596573,1,James M.,Bovatsek,James M. Bovatsek,,,False,True
10.1117/12.596573,2,Lawrence,Shah,Lawrence Shah,,,False,False
10.1117/12.596573,3,Alan Y.,Arai,Alan Y. Arai,,,False,False
10.1117/12.596573,4,Yuzuru,Uehara,Yuzuru Uehara,,,False,False
10.1117/12.598050,1,Michelle L.,Stock,Michelle L. Stock,,,False,True
10.1117/12.598050,2,Gregg D.,Sucha,Gregg D. Sucha,,,False,False
10.1117/12.598050,3,James,Bovatsek,James Bovatsek,,,False,False
10.1117/12.598050,4,Tadashi,Yamamoto,Tadashi Yamamoto,,,False,False
10.1117/12.598050,5,Alan,Arai,Alan Arai,,,False,False
10.1117/12.659365,1,L.,Shah,L. Shah,,,False,True
10.1117/12.659365,2,Z.,Liu,Z. Liu,,,False,False
10.1117/12.659365,3,I.,Hartl,I. Hartl,,,False,False
10.1117/12.659365,4,G.,Imeshev,G. Imeshev,,,False,False
10.1117/12.659365,5,G. C.,Cho,G. C. Cho,,,False,False
10.1117/12.659365,6,M. E.,Fermann,M. E. Fermann,,,False,False
10.1117/12.659451,1,James M.,Bovatsek,James M. Bovatsek,,,False,True
10.1117/12.659451,2,Alan Y.,Arai,Alan Y. Arai,,,False,False
10.1117/12.659451,3,Fumiyo,Yoshino,Fumiyo Yoshino,,,False,False
10.1117/12.659451,4,Yuzuru,Uehara,Yuzuru Uehara,,,False,False
10.1117/12.659866,1,Michelle L.,Stock,Michelle L. Stock,,,False,True
10.1117/12.659866,2,Lawrence,Shah,Lawrence Shah,,,False,False
10.1117/12.659866,3,Bing,Liu,Bing Liu,,,False,False
10.1117/12.659866,4,Makoto,Yoshida,Makoto Yoshida,,,False,False
10.1117/12.659866,5,Fumiyo,Yoshino,Fumiyo Yoshino,,,False,False
10.1117/12.659866,6,James,Bovatsek,James Bovatsek,,,False,False
10.1117/12.659866,7,Alan,Arai,Alan Arai,,,False,False
10.1117/12.706121,1,Liang,Dong,Liang Dong,,,False,True
10.1117/12.706121,2,Xiang,Peng,Xiang Peng,,,False,False
10.1117/12.706121,3,Jun,Li,Jun Li,,,False,False
10.1117/12.707699,1,A.,Arai,A. Arai,,,False,True
10.1117/12.707699,2,J.,Bovatsek,J. Bovatsek,,,False,False
10.1117/12.707699,3,F.,Yoshino,F. Yoshino,,,False,False
10.1117/12.707699,4,Z.,Liu,Z. Liu,,,False,False
10.1117/12.707699,5,G. C.,Cho,G. C. Cho,,,False,False
10.1117/12.707699,6,L.,Shah,L. Shah,,,False,False
10.1117/12.707699,7,M. E.,Fermann,M. E. Fermann,,,False,False
10.1117/12.707699,8,Y.,Uehara,Y. Uehara,,,False,False
10.1117/12.713437,1,L.,Shah,L. Shah,,,False,True
10.1117/12.713437,2,M. E.,Fermann,M. E. Fermann,,,False,False
10.1117/12.713437,3,J. W.,Dawson,J. W. Dawson,,,False,False
10.1117/12.713437,4,C. P. J.,Barty,C. P. J. Barty,,,False,False
10.1117/12.717322,1,Ingmar,Hartl,Ingmar Hartl,,,False,True
10.1117/12.717322,2,Martin E.,Fermann,Martin E. Fermann,,,False,False
10.1117/12.736522,1,Bing,Liu,Bing Liu,,,False,True
10.1117/12.736522,2,Zhendong,Hu,Zhendong Hu,,,False,False
10.1117/12.736522,3,Yanbin,Chen,Yanbin Chen,,,False,False
10.1117/12.736522,4,Kai,Sun,Kai Sun,,,False,False
10.1117/12.736522,5,Xiaoqing,Pan,Xiaoqing Pan,,,False,False
10.1117/12.736522,6,Yong,Che,Yong Che,,,False,False
10.1117/12.763982,1,L. B.,Fletcher,L. B. Fletcher,,,False,True
10.1117/12.763982,2,J. J.,Witcher,J. J. Witcher,,,False,False
10.1117/12.763982,3,W. J.,Reichman,W. J. Reichman,,,False,False
10.1117/12.763982,4,J.,Bovatsek,J. Bovatsek,,,False,False
10.1117/12.763982,5,A.,Arai,A. Arai,,,False,False
10.1117/12.763982,6,D. M.,Krol,D. M. Krol,,,False,False
10.1117/12.774052,1,Liang,Dong,Liang Dong,,,False,True
10.1117/12.878831,1,Liang,Dong,Liang Dong,,,False,True
10.1117/12.878831,2,Hugh A.,McKay,Hugh A. McKay,,,False,False
10.1117/12.878831,3,B. K.,Thomas,B. K. Thomas,,,False,False
10.1117/12.878831,4,Libin,Fu,Libin Fu,,,False,False
10.1117/12.878831,5,Shigeru,Suzuki,Shigeru Suzuki,,,False,False
10.1117/12.878831,6,Michiharu,Ohta,Michiharu Ohta,,,False,False
10.1117/12.878831,7,Andrius,Marcinkeivicius,Andrius Marcinkeivicius,,,False,False
10.1117/12.906451,1,Wei,Qian,Wei Qian,,,False,True
10.1117/12.906451,2,Makoto,Murakami,Makoto Murakami,,,False,False
10.1117/12.906451,3,Yuki,Ichikawa,Yuki Ichikawa,,,False,False
10.1117/12.906451,4,Yong,Che,Yong Che,,,False,False
10.1117/2.1201206.004297,1,Arman,Cingöz,Arman Cingöz,,,False,True
10.1117/2.1201206.004297,2,Thomas K.,Allison,Thomas K. Allison,,,False,False
10.1117/2.1201206.004297,3,Dylan C.,Yost,Dylan C. Yost,,,False,False
10.1117/2.1201206.004297,4,Craig,Benko,Craig Benko,,,False,False
10.1117/2.1201206.004297,5,Jun,Ye,Jun Ye,,,False,False
10.1117/2.1201206.004297,6,Axel,Ruehl,Axel Ruehl,,,False,False
10.1117/2.1201206.004297,7,Martin E.,Fermann,Martin E. Fermann,,,False,False
10.1117/2.1201206.004297,8,Ingmar,Hartl,Ingmar Hartl,,,False,False
10.1126/sciadv.ade4381,1,Masato,Tanaka,Masato Tanaka,https://orcid.org/0000-0003-0787-0335,"Toyota Research Institute of North America, Toyota Motor North America, Ann Arbor, MI 48105, USA.",True,True
10.1126/sciadv.ade4381,2,S. Macrae,Montgomery,S. Macrae Montgomery,https://orcid.org/0000-0002-7452-2827,"The George W. Woodruff School of Mechanical Engineering, Georgia Institute of Technology, Atlanta, GA 30332, USA.",False,False
10.1126/sciadv.ade4381,3,Liang,Yue,Liang Yue,https://orcid.org/0000-0002-3901-9572,"The George W. Woodruff School of Mechanical Engineering, Georgia Institute of Technology, Atlanta, GA 30332, USA.",False,False
10.1126/sciadv.ade4381,4,Yaochi,Wei,Yaochi Wei,,"The George W. Woodruff School of Mechanical Engineering, Georgia Institute of Technology, Atlanta, GA 30332, USA.",False,False
10.1126/sciadv.ade4381,5,Yuyang,Song,Yuyang Song,,"Toyota Research Institute of North America, Toyota Motor North America, Ann Arbor, MI 48105, USA.",True,False
10.1126/sciadv.ade4381,6,Tsuyoshi,Nomura,Tsuyoshi Nomura,https://orcid.org/0000-0002-7055-6675,"Toyota Central R&amp;D Laboratories Inc. , Bunkyo-ku, Tokyo 112-0004, Japan.",True,False
10.1126/sciadv.ade4381,7,H. Jerry,Qi,H. Jerry Qi,https://orcid.org/0000-0002-3212-5284,"The George W. Woodruff School of Mechanical Engineering, Georgia Institute of Technology, Atlanta, GA 30332, USA.",False,False
10.1126/sciadv.adh9986,1,Shunsuke,Sato,Shunsuke Sato,https://orcid.org/0000-0001-8178-7367,"Toyota Central Research and Development Laboratories, Incorporated, Nagakute, Aichi 480-1192, Japan.",True,True
10.1126/sciadv.adh9986,2,Keita,Sekizawa,Keita Sekizawa,https://orcid.org/0000-0003-2660-0410,"Toyota Central Research and Development Laboratories, Incorporated, Nagakute, Aichi 480-1192, Japan.",True,False
10.1126/sciadv.adh9986,3,Soichi,Shirai,Soichi Shirai,https://orcid.org/0000-0001-6932-4845,"Toyota Central Research and Development Laboratories, Incorporated, Nagakute, Aichi 480-1192, Japan.",True,False
10.1126/sciadv.adh9986,4,Naonari,Sakamoto,Naonari Sakamoto,https://orcid.org/0000-0002-6159-4792,"Toyota Central Research and Development Laboratories, Incorporated, Nagakute, Aichi 480-1192, Japan.",True,False
10.1126/sciadv.adh9986,5,Takeshi,Morikawa,Takeshi Morikawa,https://orcid.org/0000-0002-4985-0925,"Toyota Central Research and Development Laboratories, Incorporated, Nagakute, Aichi 480-1192, Japan.",True,False
10.1126/sciadv.adn6129,1,Hiroki,Kobayashi,Hiroki Kobayashi,https://orcid.org/0000-0003-3597-1328,"Toyota Central R&amp;D Labs., Inc., Bunkyo-ku, Tokyo 112-0004, Japan.",True,True
10.1126/sciadv.adn6129,2,Farzad,Gholami,Farzad Gholami,,"The George W. Woodruff School of Mechanical Engineering, Georgia Institute of Technology, Atlanta, GA 30332, USA.",False,False
10.1126/sciadv.adn6129,3,S. Macrae,Montgomery,S. Macrae Montgomery,https://orcid.org/0000-0002-7452-2827,"The George W. Woodruff School of Mechanical Engineering, Georgia Institute of Technology, Atlanta, GA 30332, USA.",False,False
10.1126/sciadv.adn6129,4,Masato,Tanaka,Masato Tanaka,https://orcid.org/0000-0003-0787-0335,"Toyota Central R&amp;D Labs., Inc., Bunkyo-ku, Tokyo 112-0004, Japan.; Toyota Research Institute of North America, Toyota Motor North America, Ann Arbor, MI 48105, USA.",True,False
10.1126/sciadv.adn6129,5,Liang,Yue,Liang Yue,https://orcid.org/0000-0002-3901-9572,"The George W. Woodruff School of Mechanical Engineering, Georgia Institute of Technology, Atlanta, GA 30332, USA.",False,False
10.1126/sciadv.adn6129,6,Changyoung,Yuhn,Changyoung Yuhn,https://orcid.org/0000-0002-1758-0043,"Toyota Central R&amp;D Labs., Inc., Bunkyo-ku, Tokyo 112-0004, Japan.",True,False
10.1126/sciadv.adn6129,7,Yuki,Sato,Yuki Sato,https://orcid.org/0000-0003-2069-0355,"Toyota Central R&amp;D Labs., Inc., Bunkyo-ku, Tokyo 112-0004, Japan.",True,False
10.1126/sciadv.adn6129,8,Atsushi,Kawamoto,Atsushi Kawamoto,https://orcid.org/0000-0002-9335-1269,"Toyota Central R&amp;D Labs., Inc., Bunkyo-ku, Tokyo 112-0004, Japan.",True,False
10.1126/sciadv.adn6129,9,H. Jerry,Qi,H. Jerry Qi,https://orcid.org/0000-0002-3212-5284,"The George W. Woodruff School of Mechanical Engineering, Georgia Institute of Technology, Atlanta, GA 30332, USA.",False,False
10.1126/sciadv.adn6129,10,Tsuyoshi,Nomura,Tsuyoshi Nomura,https://orcid.org/0000-0002-7055-6675,"Toyota Central R&amp;D Labs., Inc., Bunkyo-ku, Tokyo 112-0004, Japan.",True,False
10.1126/science.aax9167,1,Yujiro,Hayashi,Yujiro Hayashi,https://orcid.org/0000-0003-1512-8683,"Toyota Central R&amp;D Laboratories, Nagakute, Aichi 480-1192, Japan.",True,True
10.1126/science.aax9167,2,Daigo,Setoyama,Daigo Setoyama,https://orcid.org/0000-0001-5709-6283,"Toyota Central R&amp;D Laboratories, Nagakute, Aichi 480-1192, Japan.",True,False
10.1126/science.aax9167,3,Yoshiharu,Hirose,Yoshiharu Hirose,https://orcid.org/0000-0002-5832-2032,"Toyota Central R&amp;D Laboratories, Nagakute, Aichi 480-1192, Japan.",True,False
10.1126/science.aax9167,4,Tomoyuki,Yoshida,Tomoyuki Yoshida,https://orcid.org/0000-0002-9424-5572,"Toyota Central R&amp;D Laboratories, Nagakute, Aichi 480-1192, Japan.",True,False
10.1126/science.aax9167,5,Hidehiko,Kimura,Hidehiko Kimura,https://orcid.org/0000-0003-0031-9823,"Toyota Central R&amp;D Laboratories, Nagakute, Aichi 480-1192, Japan.",True,False
10.1126/science.ado0078,1,Antoine,Rolland,Antoine Rolland,,"IMRA Boulder Research Laboratory, Longmont, CO, USA.",True,True
10.1126/science.ado0078,2,Brendan M.,Heffernan,Brendan M. Heffernan,,"IMRA Boulder Research Laboratory, Longmont, CO, USA.",True,False
10.1137/25m1726339,1,Takuro,Kutsuna,Takuro Kutsuna,https://orcid.org/0000-0001-6965-1512,"Toyota Central R&D Labs., Inc., Aichi, 480-1192 Japan.",True,True
10.1142/s1088424606000351,1,Lingamallu,Giribabu,Lingamallu Giribabu,,"Nanomaterials Laboratory, Inorganic &amp; Physical Chemistry Division, Indian Institute of Chemical Technology, Hyderabad 500007, India",False,True
10.1142/s1088424606000351,2,Ch. Vijay,Kumar,Ch. Vijay Kumar,,"Aisin Cosmos R&amp;D Co. Ltd., S. No. 8, Block D, Huda Complex, Tarnaka, Hyderabad 500007, India",True,False
10.1142/s1088424606000351,3,P. Yella,Reddy,P. Yella Reddy,,"Aisin Cosmos R&amp;D Co. Ltd., S. No. 8, Block D, Huda Complex, Tarnaka, Hyderabad 500007, India",True,False
10.1143/jjap.40.l1223,1,Hideyuki Ohtake,Stock,Hideyuki Ohtake Stock,,,False,True
10.1143/jjap.40.l1223,2,Makoto Yoshida,Makoto Yoshida,Makoto Yoshida Makoto Yoshida,,,False,False
10.1143/jjap.40.l1223,3,Heirich Endert,Heirich Endert,Heirich Endert Heirich Endert,,,False,False
10.1145/3706598.3713744,1,Ayano,Okoso,Ayano Okoso,https://orcid.org/0000-0002-9931-8574,"Toyota Central R&amp;D labs., Inc., Aichi, Japan",True,True
10.1145/3706598.3713744,2,Mingzhe,Yang,Mingzhe Yang,https://orcid.org/0009-0004-9030-7838,"The University of Tokyo, Tokyo, Japan",False,False
10.1145/3706598.3713744,3,Yukino,Baba,Yukino Baba,https://orcid.org/0000-0001-5310-9841,"The University of Tokyo, Tokyo, Japan",False,False
10.1149/1945-7111/ab8b97,1,Haruhiko,Yamada,Haruhiko Yamada,https://orcid.org/0000-0002-6618-6974,,False,True
10.1149/1945-7111/ab8b97,2,Hisao,Kato,Hisao Kato,,,False,False
10.1149/1945-7111/ab8b97,3,Kensaku,Kodama,Kensaku Kodama,,,False,False
10.1149/1945-7111/abb7e6,1,Masao,Shibata,Masao Shibata,https://orcid.org/0000-0001-5584-4938,,False,True
10.1149/1945-7111/abb7e6,2,Takahisa,Suzuki,Takahisa Suzuki,https://orcid.org/0000-0001-7750-6809,,False,False
10.1149/1945-7111/abb7e6,3,Yu,Morimoto,Yu Morimoto,https://orcid.org/0000-0001-9140-1691,,False,False
10.1149/1945-7111/abe34b,1,Tomoyuki,Nagai,Tomoyuki Nagai,https://orcid.org/0000-0003-4976-7301,,False,True
10.1149/1945-7111/abe34b,2,Kensaku,Kodama,Kensaku Kodama,https://orcid.org/0000-0003-1120-6306,,False,False
10.1155/2011/294353,1,Lingamallu,Giribabu,Lingamallu Giribabu,,"Nanomaterials Laboratory, Inorganic & Physical Chemistry Division, Indian Institute of Chemical Technology,  Hyderabad 500607, India",False,True
10.1155/2011/294353,2,Varun Kumar,Singh,Varun Kumar Singh,,"Nanomaterials Laboratory, Inorganic & Physical Chemistry Division, Indian Institute of Chemical Technology,  Hyderabad 500607, India",False,False
10.1155/2011/294353,3,Challuri,Vijay Kumar,Challuri Vijay Kumar,,"Nanomaterials Laboratory, Inorganic & Physical Chemistry Division, Indian Institute of Chemical Technology,  Hyderabad 500607, India",False,False
10.1155/2011/294353,4,Yarasi,Soujanya,Yarasi Soujanya,,"Molecular Modelling Group, Indian Institute of Chemical Technology, Hyderabad 500607, India",False,False
10.1155/2011/294353,5,Veerannagari,Gopal Reddy,Veerannagari Gopal Reddy,,"Aisin Cosmos R&D Co. Ltd., HUDA Complex, Tarnaka, Hyderabad 500007, India",True,False
10.1155/2011/294353,6,Paidi,Yella Reddy,Paidi Yella Reddy,,"Aisin Cosmos R&D Co. Ltd., HUDA Complex, Tarnaka, Hyderabad 500007, India",True,False
10.1155/2011/376369,1,Malapaka,Chandrasekharam,Malapaka Chandrasekharam,,"Inorganic and Physical Chemistry Division, Indian Institute of Chemical Technology, Uppal Road, Tarnaka, Hyderabad 500607, India",False,True
10.1155/2011/376369,2,Ganugula,Rajkumar,Ganugula Rajkumar,,"Aisin Cosmos R and D Co. Ltd, Indian Institute of Chemical Technology, Uppal Road, Tarnaka, Hyderabad 500607, India",True,False
10.1155/2011/376369,3,Chikkam Srinivasa,Rao,Chikkam Srinivasa Rao,,"Inorganic and Physical Chemistry Division, Indian Institute of Chemical Technology, Uppal Road, Tarnaka, Hyderabad 500607, India",False,False
10.1155/2011/376369,4,Paidi Yella,Reddy,Paidi Yella Reddy,,"Aisin Cosmos R and D Co. Ltd, Indian Institute of Chemical Technology, Uppal Road, Tarnaka, Hyderabad 500607, India",True,False
10.1155/2011/376369,5,Mannepalli Lakshmi,Kantam,Mannepalli Lakshmi Kantam,,"Inorganic and Physical Chemistry Division, Indian Institute of Chemical Technology, Uppal Road, Tarnaka, Hyderabad 500607, India",False,False
10.1155/2011/963068,1,Malapaka,Chandrasekharam,Malapaka Chandrasekharam,,"Inorganic and Physical Chemistry Division, Indian Institute of Chemical Technology, Uppal Road, Tarnaka, Hyderabad 500 607, India",False,True
10.1155/2011/963068,2,Ganugula,Rajkumar,Ganugula Rajkumar,,"Aisin Cosmos R&D Co. Ltd., Indian Institute of Chemical Technology, Uppal Road, Tarnaka, Hyderabad 500 607, India",True,False
10.1155/2011/963068,3,Thogoti,Suresh,Thogoti Suresh,,"Inorganic and Physical Chemistry Division, Indian Institute of Chemical Technology, Uppal Road, Tarnaka, Hyderabad 500 607, India",False,False
10.1155/2011/963068,4,Chikkam Srinivasa,Rao,Chikkam Srinivasa Rao,,"Inorganic and Physical Chemistry Division, Indian Institute of Chemical Technology, Uppal Road, Tarnaka, Hyderabad 500 607, India",False,False
10.1155/2011/963068,5,Paidi Yella,Reddy,Paidi Yella Reddy,,"Aisin Cosmos R&D Co. Ltd., Indian Institute of Chemical Technology, Uppal Road, Tarnaka, Hyderabad 500 607, India",True,False
10.1155/2011/963068,6,Jun-Ho,Yum,Jun-Ho Yum,,"Laboratory of Photonics and Interfaces, Swiss Federal Institute of Technology (EPFL), 1015 Lausanne, Switzerland",False,False
10.1155/2011/963068,7,Mohammad Khaja,Nazeeruddin,Mohammad Khaja Nazeeruddin,,"Laboratory of Photonics and Interfaces, Swiss Federal Institute of Technology (EPFL), 1015 Lausanne, Switzerland",False,False
10.1155/2011/963068,8,Michael,Graetzel,Michael Graetzel,,"Laboratory of Photonics and Interfaces, Swiss Federal Institute of Technology (EPFL), 1015 Lausanne, Switzerland",False,False
10.1155/2012/482074,1,Malapaka,Chandrasekharam,Malapaka Chandrasekharam,,"Inorganic and Physical Chemistry Division, Indian Institute of Chemical Technology, Uppal Road, Tarnaka, Hyderabad 500 607, India",False,True
10.1155/2012/482074,2,Ganugula,Rajkumar,Ganugula Rajkumar,,"Aisin Cosmos R&D Co. Ltd, Indian Institute of Chemical Technology, Uppal Road, Tarnaka, Hyderabad 500 607, India",True,False
10.1155/2012/482074,3,Thogiti,Suresh,Thogiti Suresh,,"Inorganic and Physical Chemistry Division, Indian Institute of Chemical Technology, Uppal Road, Tarnaka, Hyderabad 500 607, India",False,False
10.1155/2012/482074,4,Paidi Yella,Reddy,Paidi Yella Reddy,,"Aisin Cosmos R&D Co. Ltd, Indian Institute of Chemical Technology, Uppal Road, Tarnaka, Hyderabad 500 607, India",True,False
10.1162/neco_a_01333,1,Masami,Iwamoto,Masami Iwamoto,,"Toyota Central R&D Labs., Aichi 480-1192 Japan",True,True
10.1162/neco_a_01333,2,Daichi,Kato,Daichi Kato,,"Toyota Central R&D Labs., Aichi 480-1192 Japan",True,False
10.1177%2f1468087418791684,1,Masao,Kinoshita,Masao Kinoshita,https://orcid.org/0000-0002-3987-6099,"Toyota Central R&D Labs., Inc., Nagakute, Japan",True,True
10.1177%2f1468087418791684,2,Takayuki,Fuyuto,Takayuki Fuyuto,,"Toyota Central R&D Labs., Inc., Nagakute, Japan",True,False
10.1177%2f1468087418791684,3,Hiroshi,Akatsuka,Hiroshi Akatsuka,,"Tokyo Institute of Technology, Tokyo, Japan",False,False
10.1177%2f1468087419848236,1,Takayuki,Fuyuto,Takayuki Fuyuto,https://orcid.org/0000-0003-1464-8230,"Toyota Central R&D Labs, Inc., Nagakute, Japan",True,True
10.1177%2f1468087419848236,2,Masahiro,Taki,Masahiro Taki,,"Toyota Central R&D Labs, Inc., Nagakute, Japan",True,False
10.1177%2f1468087420931247,1,Hidemasa,Kosaka,Hidemasa Kosaka,https://orcid.org/0000-0002-4666-3008,"Powertrain System Lab., Toyota Central R&D Labs., Nagakute, Japan",True,True
10.1177%2f1468087420931247,2,Tomoyuki,Akita,Tomoyuki Akita,,"Thermal Management Lab., Toyota Central R&D Labs., Nagakute, Japan",True,False
10.1177%2f1468087420931247,3,Shigeaki,Goto,Shigeaki Goto,,"Model-Based Design Lab., Toyota Central R&D Labs., Nagakute, Japan",True,False
10.1177%2f1468087420931247,4,Yoshihiro,Hotta,Yoshihiro Hotta,,"Powertrain System Lab., Toyota Central R&D Labs., Nagakute, Japan",True,False
10.1177%2f1468087420945905,1,Yoshihiro,Nomura,Yoshihiro Nomura,https://orcid.org/0000-0002-5542-2601,"Toyota Central R&D Labs., Inc., Nagakute, Japan",True,True
10.1177%2f1468087420945905,2,Seiji,Yamamoto,Seiji Yamamoto,,"Toyota Central R&D Labs., Inc., Nagakute, Japan",True,False
10.1177%2f1468087420945905,3,Makoto,Nagaoka,Makoto Nagaoka,,"Toyota Central R&D Labs., Inc., Nagakute, Japan",True,False
10.1177%2f1468087420945905,4,Stephan,Diel,Stephan Diel,,"Toyota Motorsport GmbH, Cologne, Germany",True,False
10.1177%2f1468087420945905,5,Kenta,Kurihara,Kenta Kurihara,,"Toyota Motor Corporation, Toyota, Japan",True,False
10.1177%2f1468087420945905,6,Rio,Shimizu,Rio Shimizu,,"Toyota Motor Corporation, Toyota, Japan",True,False
10.1177%2f1468087420945905,7,Eiji,Murase,Eiji Murase,,"Toyota Motor Corporation, Toyota, Japan",True,False
10.1177/1687814020984651,1,Toru,Hamasaki,Toru Hamasaki,https://orcid.org/0000-0002-0652-5508,"Toyota Central R&D Labs., Inc., Aichi, Japan",True,True
10.1177/1687814020984651,2,Daisuke,Yamada,Daisuke Yamada,,"Toyota Central R&D Labs., Inc., Aichi, Japan",True,False
10.1186/s12976-018-0094-9,1,Satoko,Hirabayashi,Satoko Hirabayashi,https://orcid.org/0000-0002-6657-7166,,False,True
10.1186/s12976-018-0094-9,2,Masami,Iwamoto,Masami Iwamoto,,,False,False
10.1186/s40648-017-0098-y,1,Yusuke,Moriya,Yusuke Moriya,,,False,True
10.1186/s40648-017-0098-y,2,Daisuke,Tanaka,Daisuke Tanaka,,,False,False
10.1186/s40648-017-0098-y,3,Kimitoshi,Yamazaki,Kimitoshi Yamazaki,,,False,False
10.1186/s40648-017-0098-y,4,Keisuke,Takeshita,Keisuke Takeshita,,,False,False
10.1246/bcsj.20200044,1,Hiroyuki,Kawaura,Hiroyuki Kawaura,,"Toyota Central Research & Development Laboratories, Inc., 41-1 Yokomichi, Nagakute, Aichi 480-1192 , Japan",True,True
10.1246/bcsj.20200044,2,Masashi,Harada,Masashi Harada,,"Toyota Central Research & Development Laboratories, Inc., 41-1 Yokomichi, Nagakute, Aichi 480-1192 , Japan",True,False
10.1246/bcsj.20200044,3,Yasuhito,Kondo,Yasuhito Kondo,,"Toyota Central Research & Development Laboratories, Inc., 41-1 Yokomichi, Nagakute, Aichi 480-1192 , Japan",True,False
10.1246/bcsj.20200044,4,Mamoru,Mizutani,Mamoru Mizutani,,"Toyota Central Research & Development Laboratories, Inc., 41-1 Yokomichi, Nagakute, Aichi 480-1192 , Japan",True,False
10.1246/bcsj.20200044,5,Naoko,Takahashi,Naoko Takahashi,,"Toyota Central Research & Development Laboratories, Inc., 41-1 Yokomichi, Nagakute, Aichi 480-1192 , Japan",True,False
10.1246/bcsj.20200044,6,Norifumi L,Yamada,Norifumi L Yamada,,"Institute of Materials Structure Science, High Energy Accelerator Research Organization, 203-1 Shirakata, Tokai-Mura, Naka-gun, Ibaraki 319-1106 , Japan",False,False
10.1246/bcsj.20200387,1,Tomoyuki,Kinjo,Tomoyuki Kinjo,,"Toyota Central R&D Labs., Inc., 41-1 Yokomichi, Nagakute, Aichi 480-1192 , Japan",True,True
10.1246/bcsj.20200387,2,Hiroaki,Yoneyama,Hiroaki Yoneyama,,"Toyota Central R&D Labs., Inc., 41-1 Yokomichi, Nagakute, Aichi 480-1192 , Japan",True,False
10.1246/bcsj.20200387,3,Kazuhiko,Umemoto,Kazuhiko Umemoto,,"Toyota Central R&D Labs., Inc., 41-1 Yokomichi, Nagakute, Aichi 480-1192 , Japan",True,False
10.1246/cl.150057,1,Kazuki,Murata,Kazuki Murata,,"Division of Materials Science, Faculty of Pure and Applied Sciences, University of Tsukuba",False,True
10.1246/cl.150057,2,Yasushi,Shigemori,Yasushi Shigemori,,"Aisin Cosmos R&D Co., Ltd",True,False
10.1246/cl.150057,3,Seiya,Tsujimura,Seiya Tsujimura,,"Division of Materials Science, Faculty of Pure and Applied Sciences, University of Tsukuba",False,False
10.1271/bbb.100026,1,Chie,IMAMURA,Chie IMAMURA,,,False,True
10.1271/bbb.100026,2,Yasushi,SHIGEMORI,Yasushi SHIGEMORI,,,False,False
10.1364/boe.532042,1,Tianqu,Zhai,Tianqu Zhai,https://orcid.org/0000-0002-1217-5022,,False,True
10.1364/boe.532042,2,Wei,Qian,Wei Qian,,"IMRA America, Inc.,",True,False
10.1364/boe.532042,3,Yannis M.,Paulus,Yannis M. Paulus,,University of Michigan,False,False
10.1364/boe.532042,4,Xueding,Wang,Xueding Wang,,University of Michigan,False,False
10.1364/boe.532042,5,Wei,Zhang,Wei Zhang,https://orcid.org/0000-0002-2539-8321,,False,False
10.1364/josab.15.002847,1,G.,Sucha,G. Sucha,,,False,True
10.1364/josab.15.002847,2,D. S.,Chemla,D. S. Chemla,,,False,False
10.1364/josab.15.002847,3,S. R.,Bolton,S. R. Bolton,,,False,False
10.1364/josab.16.000339,1,S. R.,Bolton,S. R. Bolton,,,False,True
10.1364/josab.16.000339,2,R. A.,Jenks,R. A. Jenks,,,False,False
10.1364/josab.16.000339,3,C. N.,Elkinton,C. N. Elkinton,,,False,False
10.1364/josab.16.000339,4,G.,Sucha,G. Sucha,,,False,False
10.1364/josab.18.000534,1,G.,Imeshev,G. Imeshev,,,False,True
10.1364/josab.18.000534,2,M. M.,Fejer,M. M. Fejer,,,False,False
10.1364/josab.18.000534,3,A.,Galvanauskas,A. Galvanauskas,,,False,False
10.1364/josab.18.000534,4,D.,Harter,D. Harter,,,False,False
10.1364/josab.24.001689,1,Liang,Dong,Liang Dong,,,False,True
10.1364/josab.24.001689,2,Xiang,Peng,Xiang Peng,,,False,False
10.1364/josab.24.001689,3,Jun,Li,Jun Li,,,False,False
10.1364/josab.25.000126,1,Xiang,Peng,Xiang Peng,,,False,True
10.1364/josab.25.000126,2,Liang,Dong,Liang Dong,,,False,False
10.1364/oe.14.004439,1,G.,Imeshev,G. Imeshev,,,False,True
10.1364/oe.14.004439,2,M. E.,Fermann,M. E. Fermann,,,False,False
10.1364/oe.14.004439,3,K. L.,Vodopyanov,K. L. Vodopyanov,,,False,False
10.1364/oe.14.004439,4,M. M.,Fejer,M. M. Fejer,,,False,False
10.1364/oe.14.004439,5,X.,Yu,X. Yu,,,False,False
10.1364/oe.14.004439,6,J. S.,Harris,J. S. Harris,,,False,False
10.1364/oe.14.004439,7,D.,Bliss,D. Bliss,,,False,False
10.1364/oe.14.004439,8,C.,Lynch,C. Lynch,,,False,False
10.1364/oe.14.010117,1,Weijia,Yang,Weijia Yang,,,False,True
10.1364/oe.14.010117,2,Erica,Bricchi,Erica Bricchi,,,False,False
10.1364/oe.14.010117,3,Peter G.,Kazansky,Peter G. Kazansky,,,False,False
10.1364/oe.14.010117,4,James,Bovatsek,James Bovatsek,,,False,False
10.1364/oe.14.010117,5,Alan Y.,Arai,Alan Y. Arai,,,False,False
10.1364/oe.14.011512,1,Liang,Dong,Liang Dong,,,False,True
10.1364/oe.14.011512,2,Jun,Li,Jun Li,,,False,False
10.1364/oe.14.011512,3,Xiang,Peng,Xiang Peng,,,False,False
10.1364/oe.14.012546,1,Lawrence,Shah,Lawrence Shah,,,False,True
10.1364/oe.14.012546,2,Martin E.,Fermann,Martin E. Fermann,,,False,False
10.1364/oe.14.012546,3,Jay W.,Dawson,Jay W. Dawson,,,False,False
10.1364/oe.14.012546,4,Christopher P. J.,Barty,Christopher P. J. Barty,,,False,False
10.1364/oe.15.012161,1,Parama,Pal,Parama Pal,,,False,True
10.1364/oe.15.012161,2,Wayne H.,Knox,Wayne H. Knox,,,False,False
10.1364/oe.15.012161,3,Ingmar,Hartl,Ingmar Hartl,,,False,False
10.1364/oe.15.012161,4,Martin E.,Fermann,Martin E. Fermann,,,False,False
10.1364/oe.16.004278,1,Tsai-wei,Wu,Tsai-wei Wu,,,False,True
10.1364/oe.16.004278,2,Liang,Dong,Liang Dong,,,False,False
10.1364/oe.16.004278,3,Herbert,Winful,Herbert Winful,,,False,False
10.1364/oe.16.016423,1,Liang,Dong,Liang Dong,,,False,True
10.1364/oe.16.016423,2,Brian K.,Thomas,Brian K. Thomas,,,False,False
10.1364/oe.16.016423,3,Libin,Fu,Libin Fu,,,False,False
10.1364/oe.16.019629,1,Libin,Fu,Libin Fu,,,False,True
10.1364/oe.16.019629,2,Brian K.,Thomas,Brian K. Thomas,,,False,False
10.1364/oe.16.019629,3,Liang,Dong,Liang Dong,,,False,False
10.1364/oe.20.007046,1,Nick,Leindecker,Nick Leindecker,,,False,True
10.1364/oe.20.007046,2,Alireza,Marandi,Alireza Marandi,,,False,False
10.1364/oe.20.007046,3,Robert L.,Byer,Robert L. Byer,,,False,False
10.1364/oe.20.007046,4,Konstantin L.,Vodopyanov,Konstantin L. Vodopyanov,,,False,False
10.1364/oe.20.007046,5,Jie,Jiang,Jie Jiang,,,False,False
10.1364/oe.20.007046,6,Ingmar,Hartl,Ingmar Hartl,,,False,False
10.1364/oe.20.007046,7,Martin,Fermann,Martin Fermann,,,False,False
10.1364/oe.20.007046,8,Peter G.,Schunemann,Peter G. Schunemann,,,False,False
10.1364/oe.27.002499,1,Daisuke,Inoue,Daisuke Inoue,https://orcid.org/0000-0003-3926-4903,,False,True
10.1364/oe.27.002499,2,Tadashi,Ichikawa,Tadashi Ichikawa,,,False,False
10.1364/oe.27.002499,3,Akari,Kawasaki,Akari Kawasaki,,,False,False
10.1364/oe.27.002499,4,Tatsuya,Yamashita,Tatsuya Yamashita,,,False,False
10.1364/oe.461440,1,Peng,Li,Peng Li,,"IMRA America, Inc.",True,True
10.1364/oe.461440,2,Antoine,Rolland,Antoine Rolland,,Boulder Research Laboratory,False,False
10.1364/oe.461440,3,Jie,Jiang,Jie Jiang,,"IMRA America, Inc.",True,False
10.1364/oe.461440,4,Martin E.,Fermann,Martin E. Fermann,,"IMRA America, Inc.",True,False
10.1364/oe.483277,1,Jacob,Lampen,Jacob Lampen,https://orcid.org/0000-0002-4951-5326,"IMRA America, Inc.",True,True
10.1364/oe.483277,2,Francesco,Tani,Francesco Tani,https://orcid.org/0000-0001-6482-0647,Max Planck Institute for the Science of Light,False,False
10.1364/oe.483277,3,Peng,Li,Peng Li,,"IMRA America, Inc.",True,False
10.1364/oe.483277,4,Kevin F.,Lee,Kevin F. Lee,,"IMRA America, Inc.",True,False
10.1364/oe.483277,5,Jie,Jiang,Jie Jiang,,"IMRA America, Inc.",True,False
10.1364/oe.483277,6,Philip St.,J.Russell,Philip St. J.Russell,https://orcid.org/0000-0002-8972-2477,Max Planck Institute for the Science of Light,False,False
10.1364/oe.483277,7,Martin E.,Fermann,Martin E. Fermann,,"IMRA America, Inc.",True,False
10.1364/oe.541513,1,Hiroyuki,Yada,Hiroyuki Yada,,"IMRA AMERICA, INC.",True,True
10.1364/oe.541513,2,Yuki,Ichikawa,Yuki Ichikawa,https://orcid.org/0009-0003-8694-9566,"IMRA AMERICA, INC.",True,False
10.1364/oe.569127,1,Scott C.,Egbert,Scott C. Egbert,https://orcid.org/0000-0002-9745-6869,,False,True
10.1364/oe.569127,2,James,Greenberg,James Greenberg,,,False,False
10.1364/oe.569127,3,Brendan M.,Heffernan,Brendan M. Heffernan,,,False,False
10.1364/oe.569127,4,William F.,McGrew,William F. McGrew,,,False,False
10.1364/oe.569127,5,Antoine,Rolland,Antoine Rolland,,,False,False
10.1364/oe.585687,1,Negar,Baradaran,Negar Baradaran,,Princeton University,False,True
10.1364/oe.585687,2,Dominik,Charczun,Dominik Charczun,,Princeton University,False,False
10.1364/oe.585687,3,Tanay,Nambiar,Tanay Nambiar,,Princeton University,False,False
10.1364/oe.585687,4,Meijun,Zou,Meijun Zou,,Princeton University,False,False
10.1364/oe.585687,5,Kevin F.,Lee,Kevin F. Lee,,IMRA America Inc.,True,False
10.1364/oe.585687,6,Martin E.,Fermann,Martin E. Fermann,,IMRA America Inc.,True,False
10.1364/oe.585687,7,Marissa L.,Weichman,Marissa L. Weichman,https://orcid.org/0000-0002-2551-9146,Princeton University,False,False
10.1364/ofc.2023.th1i.4,1,Keisuke,Maekawa,Keisuke Maekawa,,,False,True
10.1364/ofc.2023.th1i.4,2,Yuma,Kawamoto,Yuma Kawamoto,,,False,False
10.1364/ofc.2023.th1i.4,3,Tomoya,Nakashita,Tomoya Nakashita,,,False,False
10.1364/ofc.2023.th1i.4,4,Toki,Yoshioka,Toki Yoshioka,,,False,False
10.1364/ofc.2023.th1i.4,5,Takashi,Hori,Takashi Hori,,,False,False
10.1364/ofc.2023.th1i.4,6,Brendan M.,Heffernan,Brendan M. Heffernan,,,False,False
10.1364/ofc.2023.th1i.4,7,James,Greenberg,James Greenberg,,,False,False
10.1364/ofc.2023.th1i.4,8,Rubab,Amin,Rubab Amin,,,False,False
10.1364/ofc.2023.th1i.4,9,Tatsuya,Tanigawa,Tatsuya Tanigawa,,,False,False
10.1364/ofc.2023.th1i.4,10,Antoine,Rolland,Antoine Rolland,,,False,False
10.1364/ofc.2023.th1i.4,11,Tadao,Nagatsuma,Tadao Nagatsuma,,,False,False
10.1364/ol.18.000048,1,M. E.,Fermann,M. E. Fermann,,,False,True
10.1364/ol.18.000048,2,M. J.,Andrejco,M. J. Andrejco,,,False,False
10.1364/ol.18.000048,3,Y.,Silberberg,Y. Silberberg,,,False,False
10.1364/ol.18.000048,4,A. M.,Weiner,A. M. Weiner,,,False,False
10.1364/ol.18.000367,1,M. H.,Ober,M. H. Ober,,,False,True
10.1364/ol.18.000367,2,M.,Hofer,M. Hofer,,,False,False
10.1364/ol.18.000367,3,M. E.,Fermann,M. E. Fermann,,,False,False
10.1364/ol.18.001505,1,M. E.,Fermann,M. E. Fermann,,,False,True
10.1364/ol.18.001505,2,V.,da Silva,V. da Silva,,,False,False
10.1364/ol.18.001505,3,D. A.,Smith,D. A. Smith,,,False,False
10.1364/ol.18.001505,4,Y.,Silberberg,Y. Silberberg,,,False,False
10.1364/ol.18.001505,5,A. M.,Weiner,A. M. Weiner,,,False,False
10.1364/ol.18.001529,1,M. L.,Stock,M. L. Stock,,,False,True
10.1364/ol.18.001529,2,M. J.,Andrejco,M. J. Andrejco,,,False,False
10.1364/ol.18.001529,3,M. E.,Fermann,M. E. Fermann,,,False,False
10.1364/ol.18.001529,4,L.-M.,Yang,L.-M. Yang,,,False,False
10.1364/ol.19.000043,1,M. E.,Fermann,M. E. Fermann,,,False,True
10.1364/ol.19.000043,2,L.-M.,Yang,L.-M. Yang,,,False,False
10.1364/ol.19.000043,3,M. J.,Andrejco,M. J. Andrejco,,,False,False
10.1364/ol.19.000043,4,M. L.,Stock,M. L. Stock,,,False,False
10.1364/ol.19.001043,1,Almantas,Galvanauskas,Almantas Galvanauskas,,,False,True
10.1364/ol.19.001043,2,Peter,Blixt,Peter Blixt,,,False,False
10.1364/ol.19.001043,3,Jens A.,Tellefsen,Jens A. Tellefsen,,,False,False
10.1364/ol.19.001043,4,Donald,Harter,Donald Harter,,,False,False
10.1364/ol.19.001043,5,Martin E.,Fermann,Martin E. Fermann,,,False,False
10.1364/ol.19.001201,1,A.,Galvanauskas,A. Galvanauskas,,,False,True
10.1364/ol.19.001201,2,M. E.,Fermann,M. E. Fermann,,,False,False
10.1364/ol.19.001201,3,D.,Harter,D. Harter,,,False,False
10.1364/ol.20.000195,1,M. H.,Ober,M. H. Ober,,,False,True
10.1364/ol.20.000195,2,G.,Sucha,G. Sucha,,,False,False
10.1364/ol.20.000195,3,M. E.,Fermann,M. E. Fermann,,,False,False
10.1364/ol.20.001625,1,M. E.,Fermann,M. E. Fermann,,,False,True
10.1364/ol.20.001625,2,K.,Sugden,K. Sugden,,,False,False
10.1364/ol.20.001625,3,I.,Bennion,I. Bennion,,,False,False
10.1364/ol.20.001701,1,M.,Hofer,M. Hofer,,,False,True
10.1364/ol.20.001701,2,M. E.,Fermann,M. E. Fermann,,,False,False
10.1364/ol.20.001701,3,K.,Sugden,K. Sugden,,,False,False
10.1364/ol.20.001701,4,C. A. C.,Mendonca,C. A. C. Mendonca,,,False,False
10.1364/ol.20.001701,5,T. H.,Chiu,T. H. Chiu,,,False,False
10.1364/ol.20.001701,6,I.,Bennion,I. Bennion,,,False,False
10.1364/ol.20.001701,7,G.,Sucha,G. Sucha,,,False,False
10.1364/ol.20.001701,8,M. H.,Ober,M. H. Ober,,,False,False
10.1364/ol.20.001701,9,R.,Hofer,R. Hofer,,,False,False
10.1364/ol.20.001701,10,D.,Harter,D. Harter,,,False,False
10.1364/ol.20.001794,1,G.,Sucha,G. Sucha,,,False,True
10.1364/ol.20.001794,2,S. R.,Bolton,S. R. Bolton,,,False,False
10.1364/ol.20.001794,3,S.,Weiss,S. Weiss,,,False,False
10.1364/ol.20.001794,4,D. S.,Chemla,D. S. Chemla,,,False,False
10.1364/ol.20.001797,1,J. D.,Minelly,J. D. Minelly,,,False,True
10.1364/ol.20.001797,2,J. E.,Caplen,J. E. Caplen,,,False,False
10.1364/ol.20.001797,3,Z. J.,Chen,Z. J. Chen,,,False,False
10.1364/ol.20.001797,4,A.,Galvanauskas,A. Galvanauskas,,,False,False
10.1364/ol.20.001797,5,M. E.,Fermann,M. E. Fermann,,,False,False
10.1364/ol.20.001797,6,D. N.,Payne,D. N. Payne,,,False,False
10.1364/ol.20.001797,7,D.,Harter,D. Harter,,,False,False
10.1364/ol.20.002303,1,M. H.,Ober,M. H. Ober,,,False,True
10.1364/ol.20.002303,2,G. D.,Sucha,G. D. Sucha,,,False,False
10.1364/ol.20.002303,3,C. A. C.,Mendonca,C. A. C. Mendonca,,,False,False
10.1364/ol.20.002303,4,T. H.,Chiu,T. H. Chiu,,,False,False
10.1364/ol.20.002303,5,M. E.,Fermann,M. E. Fermann,,,False,False
10.1364/ol.20.002303,6,M.,Hofer,M. Hofer,,,False,False
10.1364/ol.20.002303,7,R.,Hofer,R. Hofer,,,False,False
10.1364/ol.20.002303,8,D.,Harter,D. Harter,,,False,False
10.1364/ol.20.002303,9,G. A.,Reider,G. A. Reider,,,False,False
10.1364/ol.21.000128,1,A.,Hariharan,A. Hariharan,,,False,True
10.1364/ol.21.000128,2,Jeff,Squier,Jeff Squier,,,False,False
10.1364/ol.21.000128,3,M. E.,Fermann,M. E. Fermann,,,False,False
10.1364/ol.21.000128,4,M. L.,Stock,M. L. Stock,,,False,False
10.1364/ol.21.000128,5,D. J.,Harter,D. J. Harter,,,False,False
10.1364/ol.21.000967,1,M. E.,Fermann,M. E. Fermann,,,False,True
10.1364/ol.21.000967,2,J. D.,Minelly,J. D. Minelly,,,False,False
10.1364/ol.21.000967,3,G. G.,Vienne,G. G. Vienne,,,False,False
10.1364/ol.21.000967,4,D.,Harter,D. Harter,,,False,False
10.1364/ol.21.000970,1,M. E.,Fermann,M. E. Fermann,,,False,True
10.1364/ol.21.000970,2,J. D.,Minelly,J. D. Minelly,,,False,False
10.1364/ol.21.001049,1,A.,Galvanauskas,A. Galvanauskas,,,False,True
10.1364/ol.21.001049,2,Peter A.,Krug,Peter A. Krug,,,False,False
10.1364/ol.21.001049,3,D.,Harter,D. Harter,,,False,False
10.1364/ol.21.001570,1,G.,Sucha,G. Sucha,,,False,True
10.1364/ol.21.001570,2,M.,Hofer,M. Hofer,,,False,False
10.1364/ol.21.001570,3,M. E.,Fermann,M. E. Fermann,,,False,False
10.1364/ol.21.001570,4,F.,Haberl,F. Haberl,,,False,False
10.1364/ol.21.001570,5,D.,Harter,D. Harter,,,False,False
10.1364/ol.22.000013,1,M. A.,Arbore,M. A. Arbore,,,False,True
10.1364/ol.22.000013,2,M. M.,Fejer,M. M. Fejer,,,False,False
10.1364/ol.22.000013,3,M. E.,Fermann,M. E. Fermann,,,False,False
10.1364/ol.22.000013,4,A.,Hariharan,A. Hariharan,,,False,False
10.1364/ol.22.000013,5,A.,Galvanauskas,A. Galvanauskas,,,False,False
10.1364/ol.22.000013,6,D.,Harter,D. Harter,,,False,False
10.1364/ol.22.000105,1,A.,Galvanauskas,A. Galvanauskas,,,False,True
10.1364/ol.22.000105,2,M. A.,Arbore,M. A. Arbore,,,False,False
10.1364/ol.22.000105,3,M. M.,Fejer,M. M. Fejer,,,False,False
10.1364/ol.22.000105,4,M. E.,Fermann,M. E. Fermann,,,False,False
10.1364/ol.22.000105,5,D.,Harter,D. Harter,,,False,False
10.1364/ol.22.001341,1,M. A.,Arbore,M. A. Arbore,,,False,True
10.1364/ol.22.001341,2,A.,Galvanauskas,A. Galvanauskas,,,False,False
10.1364/ol.22.001341,3,D.,Harter,D. Harter,,,False,False
10.1364/ol.22.001341,4,M. H.,Chou,M. H. Chou,,,False,False
10.1364/ol.22.001341,5,M. M.,Fejer,M. M. Fejer,,,False,False
10.1364/ol.23.000052,1,Martin E.,Fermann,Martin E. Fermann,,,False,True
10.1364/ol.23.000210,1,A.,Galvanauskas,A. Galvanauskas,,,False,True
10.1364/ol.23.000210,2,A.,Hariharan,A. Hariharan,,,False,False
10.1364/ol.23.000210,3,D.,Harter,D. Harter,,,False,False
10.1364/ol.23.000210,4,M. A.,Arbore,M. A. Arbore,,,False,False
10.1364/ol.23.000210,5,M. M.,Fejer,M. M. Fejer,,,False,False
10.1364/ol.23.000864,1,G.,Imeshev,G. Imeshev,,,False,True
10.1364/ol.23.000864,2,A.,Galvanauskas,A. Galvanauskas,,,False,False
10.1364/ol.23.000864,3,D.,Harter,D. Harter,,,False,False
10.1364/ol.23.000864,4,M. A.,Arbore,M. A. Arbore,,,False,False
10.1364/ol.23.000864,5,M.,Proctor,M. Proctor,,,False,False
10.1364/ol.23.000864,6,M. M.,Fejer,M. M. Fejer,,,False,False
10.1364/ol.23.001695,1,A.,Galvanauskas,A. Galvanauskas,,,False,True
10.1364/ol.23.001695,2,D.,Harter,D. Harter,,,False,False
10.1364/ol.23.001695,3,M. A.,Arbore,M. A. Arbore,,,False,False
10.1364/ol.23.001695,4,M. H.,Chou,M. H. Chou,,,False,False
10.1364/ol.23.001695,5,M. M.,Fejer,M. M. Fejer,,,False,False
10.1364/ol.23.001840,1,M.,Hofer,M. Hofer,,,False,True
10.1364/ol.23.001840,2,M. E.,Fermann,M. E. Fermann,,,False,False
10.1364/ol.23.001840,3,A.,Galvanauskas,A. Galvanauskas,,,False,False
10.1364/ol.23.001840,4,D.,Harter,D. Harter,,,False,False
10.1364/ol.23.001840,5,Robert S.,Windeler,Robert S. Windeler,,,False,False
10.1364/ol.24.001074,1,M.,Jiang,M. Jiang,,,False,True
10.1364/ol.24.001074,2,G.,Sucha,G. Sucha,,,False,False
10.1364/ol.24.001074,3,M. E.,Fermann,M. E. Fermann,,,False,False
10.1364/ol.24.001074,4,J.,Jimenez,J. Jimenez,,,False,False
10.1364/ol.24.001074,5,D.,Harter,D. Harter,,,False,False
10.1364/ol.24.001074,6,M.,Dagenais,M. Dagenais,,,False,False
10.1364/ol.24.001074,7,S.,Fox,S. Fox,,,False,False
10.1364/ol.24.001074,8,Y.,Hu,Y. Hu,,,False,False
10.1364/ol.24.001428,1,M. E.,Fermann,M. E. Fermann,,,False,True
10.1364/ol.24.001428,2,A.,Galvanauskas,A. Galvanauskas,,,False,False
10.1364/ol.24.001428,3,M. L.,Stock,M. L. Stock,,,False,False
10.1364/ol.24.001428,4,K. K.,Wong,K. K. Wong,,,False,False
10.1364/ol.24.001428,5,D.,Harter,D. Harter,,,False,False
10.1364/ol.24.001428,6,L.,Goldberg,L. Goldberg,,,False,False
10.1364/ol.26.000268,1,G.,Imeshev,G. Imeshev,,,False,True
10.1364/ol.26.000268,2,M. M.,Fejer,M. M. Fejer,,,False,False
10.1364/ol.26.000268,3,A.,Galvanauskas,A. Galvanauskas,,,False,False
10.1364/ol.26.000268,4,D.,Harter,D. Harter,,,False,False
10.1364/ol.26.000935,1,A.,Galvanauskas,A. Galvanauskas,,,False,True
10.1364/ol.26.000935,2,G. C.,Cho,G. C. Cho,,,False,False
10.1364/ol.26.000935,3,A.,Hariharan,A. Hariharan,,,False,False
10.1364/ol.26.000935,4,M. E.,Fermann,M. E. Fermann,,,False,False
10.1364/ol.26.000935,5,D.,Harter,D. Harter,,,False,False
10.1364/ol.29.000679,1,G.,Imeshev,G. Imeshev,,,False,True
10.1364/ol.29.000679,2,I.,Hartl,I. Hartl,,,False,False
10.1364/ol.29.000679,3,M. E.,Fermann,M. E. Fermann,,,False,False
10.1364/ol.29.002467,1,T. R.,Schibli,T. R. Schibli,,,False,True
10.1364/ol.29.002467,2,K.,Minoshima,K. Minoshima,,,False,False
10.1364/ol.29.002467,3,F.-L.,Hong,F.-L. Hong,,,False,False
10.1364/ol.29.002467,4,H.,Inaba,H. Inaba,,,False,False
10.1364/ol.29.002467,5,A.,Onae,A. Onae,,,False,False
10.1364/ol.29.002467,6,H.,Matsumoto,H. Matsumoto,,,False,False
10.1364/ol.29.002467,7,I.,Hartl,I. Hartl,,,False,False
10.1364/ol.29.002467,8,M. E.,Fermann,M. E. Fermann,,,False,False
10.1364/ol.30.002855,1,William S.,Wong,William S. Wong,,,False,True
10.1364/ol.30.002855,2,Xiang,Peng,Xiang Peng,,,False,False
10.1364/ol.30.002855,3,Joseph M.,McLaughlin,Joseph M. McLaughlin,,,False,False
10.1364/ol.30.002855,4,Liang,Dong,Liang Dong,,,False,False
10.1364/ol.31.003046,1,W. C.,Swann,W. C. Swann,,,False,True
10.1364/ol.31.003046,2,J. J.,McFerran,J. J. McFerran,,,False,False
10.1364/ol.31.003046,3,I.,Coddington,I. Coddington,,,False,False
10.1364/ol.31.003046,4,N. R.,Newbury,N. R. Newbury,,,False,False
10.1364/ol.31.003046,5,I.,Hartl,I. Hartl,,,False,False
10.1364/ol.31.003046,6,M. E.,Fermann,M. E. Fermann,,,False,False
10.1364/ol.31.003046,7,P. S.,Westbrook,P. S. Westbrook,,,False,False
10.1364/ol.31.003046,8,J. W.,Nicholson,J. W. Nicholson,,,False,False
10.1364/ol.31.003046,9,K. S.,Feder,K. S. Feder,,,False,False
10.1364/ol.31.003046,10,C.,Langrock,C. Langrock,,,False,False
10.1364/ol.31.003046,11,M. M.,Fejer,M. M. Fejer,,,False,False
10.1364/ol.32.000358,1,Xiang,Peng,Xiang Peng,,,False,True
10.1364/ol.32.000358,2,Liang,Dong,Liang Dong,,,False,False
10.1364/ol.32.002478,1,Carsten,Langrock,Carsten Langrock,,,False,True
10.1364/ol.32.002478,2,M. M.,Fejer,M. M. Fejer,,,False,False
10.1364/ol.32.002478,3,I.,Hartl,I. Hartl,,,False,False
10.1364/ol.32.002478,4,Martin E.,Fermann,Martin E. Fermann,,,False,False
10.1364/ol.37.002928,1,C. R.,Phillips,C. R. Phillips,,,False,True
10.1364/ol.37.002928,2,J.,Jiang,J. Jiang,,,False,False
10.1364/ol.37.002928,3,C.,Mohr,C. Mohr,,,False,False
10.1364/ol.37.002928,4,A. C.,Lin,A. C. Lin,,,False,False
10.1364/ol.37.002928,5,C.,Langrock,C. Langrock,,,False,False
10.1364/ol.37.002928,6,M.,Snure,M. Snure,,,False,False
10.1364/ol.37.002928,7,D.,Bliss,D. Bliss,,,False,False
10.1364/ol.37.002928,8,M.,Zhu,M. Zhu,,,False,False
10.1364/ol.37.002928,9,I.,Hartl,I. Hartl,,,False,False
10.1364/ol.37.002928,10,J. S.,Harris,J. S. Harris,,,False,False
10.1364/ol.37.002928,11,M. E.,Fermann,M. E. Fermann,,,False,False
10.1364/ol.37.002928,12,M. M.,Fejer,M. M. Fejer,,,False,False
10.1364/ol.37.003084,1,C.-C.,Lee,C.-C. Lee,,,False,True
10.1364/ol.37.003084,2,C.,Mohr,C. Mohr,,,False,False
10.1364/ol.37.003084,3,J.,Bethge,J. Bethge,,,False,False
10.1364/ol.37.003084,4,S.,Suzuki,S. Suzuki,,,False,False
10.1364/ol.37.003084,5,M. E.,Fermann,M. E. Fermann,,,False,False
10.1364/ol.37.003084,6,I.,Hartl,I. Hartl,,,False,False
10.1364/ol.37.003084,7,T. R.,Schibli,T. R. Schibli,,,False,False
10.1364/ol.383036,1,Naoya,Kuse,Naoya Kuse,,,False,True
10.1364/ol.383036,2,Tomohiro,Tetsumoto,Tomohiro Tetsumoto,,,False,False
10.1364/ol.383036,3,Gabriele,Navickaite,Gabriele Navickaite,,,False,False
10.1364/ol.383036,4,Michael,Geiselmann,Michael Geiselmann,,,False,False
10.1364/ol.383036,5,Martin E.,Fermann,Martin E. Fermann,,,False,False
10.1364/ol.392578,1,Honghao,Zhang,Honghao Zhang,,,False,True
10.1364/ol.392578,2,Satoshi,Hasegawa,Satoshi Hasegawa,,,False,False
10.1364/ol.392578,3,Hidetomo,Takahashi,Hidetomo Takahashi,,,False,False
10.1364/ol.392578,4,Haruyoshi,Toyoda,Haruyoshi Toyoda,,,False,False
10.1364/ol.392578,5,Yoshio,Hayasaki,Yoshio Hayasaki,https://orcid.org/0000-0001-6826-9995,,False,False
10.1364/ol.398345,1,Tomohiro,Tetsumoto,Tomohiro Tetsumoto,https://orcid.org/0000-0002-2076-8565,,False,True
10.1364/ol.398345,2,Fumiya,Ayano,Fumiya Ayano,,,False,False
10.1364/ol.398345,3,Mark,Yeo,Mark Yeo,,,False,False
10.1364/ol.398345,4,Julian,Webber,Julian Webber,,,False,False
10.1364/ol.398345,5,Tadao,Nagatsuma,Tadao Nagatsuma,https://orcid.org/0000-0002-7256-1021,,False,False
10.1364/ol.398345,6,Antoine,Rolland,Antoine Rolland,,,False,False
10.1364/ol.603468,1,Y. Lange,Simmons,Y. Lange Simmons,https://orcid.org/0000-0002-2392-1887,"Boulder Research Labs, IMRA America, Inc.",True,True
10.1364/ol.603468,2,James,Greenberg,James Greenberg,,"Boulder Research Labs, IMRA America, Inc.",True,False
10.1364/ol.603468,3,Brendan M.,Heffernan,Brendan M. Heffernan,,"Boulder Research Labs, IMRA America, Inc.",True,False
10.1364/ol.603468,4,Antoine,Rolland,Antoine Rolland,https://orcid.org/0000-0002-3214-0062,"Boulder Research Labs, IMRA America, Inc.",True,False
10.1364/opex.12.006508,1,G.,Imeshev,G. Imeshev,,,False,True
10.1364/opex.12.006508,2,I.,Hartl,I. Hartl,,,False,False
10.1364/opex.12.006508,3,M. E.,Fermann,M. E. Fermann,,,False,False
10.1364/opex.13.004717,1,Lawrence,Shah,Lawrence Shah,,,False,True
10.1364/opex.13.004717,2,Zhenlin,Liu,Zhenlin Liu,,,False,False
10.1364/opex.13.004717,3,Ingmar,Hartl,Ingmar Hartl,,,False,False
10.1364/opex.13.004717,4,Gennady,Imeshev,Gennady Imeshev,,,False,False
10.1364/opex.13.004717,5,Gyu C.,Cho,Gyu C. Cho,,,False,False
10.1364/opex.13.004717,6,Martin E.,Fermann,Martin E. Fermann,,,False,False
10.1364/opex.13.006490,1,I.,Hartl,I. Hartl,,,False,True
10.1364/opex.13.006490,2,G.,Imeshev,G. Imeshev,,,False,False
10.1364/opex.13.006490,3,M. E.,Fermann,M. E. Fermann,,,False,False
10.1364/opex.13.006490,4,C.,Langrock,C. Langrock,,,False,False
10.1364/opex.13.006490,5,M. M.,Fejer,M. M. Fejer,,,False,False
10.1364/opex.13.007424,1,G.,Imeshev,G. Imeshev,,,False,True
10.1364/opex.13.007424,2,M. E.,Fermann,M. E. Fermann,,,False,False
10.1364/optcon.543988,1,Hiroyuki,Yada,Hiroyuki Yada,,,False,True
10.1364/optcon.543988,2,Yuki,Ichikawa,Yuki Ichikawa,https://orcid.org/0009-0003-8694-9566,,False,False
10.1364/optica.427977,1,Kevin F.,Lee,Kevin F. Lee,,"IMRA America, Inc.",True,True
10.1364/optica.427977,2,Gengji,Zhou,Gengji Zhou,https://orcid.org/0000-0002-2462-7284,University of Michigan; Chinese Academy of Sciences,False,False
10.1364/optica.427977,3,Yu,Yun,Yu Yun,,"IMRA America, Inc.",True,False
10.1364/optica.427977,4,Jie,Jiang,Jie Jiang,,"IMRA America, Inc.",True,False
10.1364/optica.427977,5,Herbert G.,Winful,Herbert G. Winful,https://orcid.org/0000-0003-4903-9208,University of Michigan,False,False
10.1364/optica.427977,6,Martin E.,Fermann,Martin E. Fermann,,"IMRA America, Inc.",True,False
10.1364/optica.498402,1,Daisuke,Inoue,Daisuke Inoue,https://orcid.org/0000-0003-3926-4903,,False,True
10.1364/optica.498402,2,Tadashi,Ichikawa,Tadashi Ichikawa,,,False,False
10.1364/optica.498402,3,Tetsuya,Shimogaki,Tetsuya Shimogaki,,,False,False
10.1364/optica.498402,4,Hiroyuki,Matsubara,Hiroyuki Matsubara,,,False,False
10.1364/optica.498402,5,Akari,Kawasaki,Akari Kawasaki,,,False,False
10.1364/optica.498402,6,Tatsuya,Yamashita,Tatsuya Yamashita,https://orcid.org/0000-0002-1086-5724,,False,False
10.1364/optica.568460,1,Kevin F.,Lee,Kevin F. Lee,,,False,True
10.1364/optica.568460,2,Jacob,Lampen,Jacob Lampen,https://orcid.org/0000-0002-4951-5326,,False,False
10.1364/optica.568460,3,Peng,Li,Peng Li,,,False,False
10.1364/optica.568460,4,Jie,Jiang,Jie Jiang,,,False,False
10.1364/optica.568460,5,Martin E.,Fermann,Martin E. Fermann,,,False,False
10.1364/osac.422925,1,Tomohiro,Tetsumoto,Tomohiro Tetsumoto,https://orcid.org/0000-0002-2076-8565,IMRA America Inc.,True,True
10.1364/osac.422925,2,Jie,Jiang,Jie Jiang,,IMRA America Inc.,True,False
10.1364/osac.422925,3,Martin E.,Fermann,Martin E. Fermann,,IMRA America Inc.,True,False
10.1364/osac.422925,4,Gabriele,Navickaite,Gabriele Navickaite,,LIGENTEC SA,False,False
10.1364/osac.422925,5,Michael,Geiselmann,Michael Geiselmann,,LIGENTEC SA,False,False
10.1364/osac.422925,6,Antoine,Rolland,Antoine Rolland,,IMRA America Inc.,True,False
10.1371/journal.pcbi.1009043,1,Misaki,Sakashita,Misaki Sakashita,https://orcid.org/0000-0002-7076-655X,,False,True
10.1371/journal.pcbi.1009043,2,Shintaro,Yamasaki,Shintaro Yamasaki,https://orcid.org/0000-0002-1255-388X,,False,False
10.1371/journal.pcbi.1009043,3,Kentaro,Yaji,Kentaro Yaji,https://orcid.org/0000-0002-4309-2043,,False,False
10.1371/journal.pcbi.1009043,4,Atsushi,Kawamoto,Atsushi Kawamoto,,,False,False
10.1371/journal.pcbi.1009043,5,Shigeru,Kondo,Shigeru Kondo,https://orcid.org/0000-0003-0192-5526,,False,False
10.1371/journal.pcbi.1009373,1,Hidenori,Tanaka,Hidenori Tanaka,https://orcid.org/0000-0003-0266-1745,,False,True
10.1371/journal.pcbi.1009373,2,Jason F.,Kreisberg,Jason F. Kreisberg,https://orcid.org/0000-0002-3616-079X,,False,False
10.1371/journal.pcbi.1009373,3,Trey,Ideker,Trey Ideker,https://orcid.org/0000-0002-1708-8454,,False,False
10.1371/journal.pone.0114858,1,Yoshio,Takahashi,Yoshio Takahashi,,,False,True
10.1371/journal.pone.0114858,2,Kazuhiro,Kondo,Kazuhiro Kondo,,,False,False
10.1371/journal.pone.0114858,3,Asami,Miyaji,Asami Miyaji,,,False,False
10.1371/journal.pone.0114858,4,Yusuke,Watanabe,Yusuke Watanabe,,,False,False
10.1371/journal.pone.0114858,5,Qiaohui,Fan,Qiaohui Fan,,,False,False
10.1371/journal.pone.0114858,6,Tetsuo,Honma,Tetsuo Honma,,,False,False
10.1371/journal.pone.0114858,7,Kazuya,Tanaka,Kazuya Tanaka,,,False,False
10.14778/3407790.3407818,1,Satoshi,Koide,Satoshi Koide,,Toyota Central R&amp;D Labs,True,True
10.14778/3407790.3407818,2,Chuan,Xiao,Chuan Xiao,,Osaka University and Nagoya University,False,False
10.14778/3407790.3407818,3,Yoshiharu,Ishikawa,Yoshiharu Ishikawa,,Nagoya University,False,False
10.1557/jmr.2007.0294,1,A.,Allenic,A. Allenic,,,False,True
10.1557/jmr.2007.0294,2,W.,Guo,W. Guo,,,False,False
10.1557/jmr.2007.0294,3,Y.B.,Chen,Y.B. Chen,,,False,False
10.1557/jmr.2007.0294,4,G.Y.,Zhao,G.Y. Zhao,,,False,False
10.1557/jmr.2007.0294,5,X.Q.,Pan,X.Q. Pan,,,False,False
10.1557/jmr.2007.0294,6,Y.,Che,Y. Che,,,False,False
10.1557/jmr.2007.0294,7,Z.D.,Hu,Z.D. Hu,,,False,False
10.1557/jmr.2007.0294,8,B.,Liu,B. Liu,,,False,False
10.1557/s43579-025-00812-y,1,Eslam,Abubakr,Eslam Abubakr,https://orcid.org/0000-0001-9901-5525,,False,True
10.1557/s43579-025-00812-y,2,Shiro,Saito,Shiro Saito,,,False,False
10.1557/s43579-025-00812-y,3,Hironori,Suzuki,Hironori Suzuki,,,False,False
10.1557/s43579-025-00812-y,4,Tetsuo,Kan,Tetsuo Kan,,,False,False
10.1587/elex.20.20230584,1,Keisuke,Maekawa,Keisuke Maekawa,,"Graduate School of Engineering Science, Osaka University",False,True
10.1587/elex.20.20230584,2,Tomoya,Nakashita,Tomoya Nakashita,,"Graduate School of Engineering Science, Osaka University",False,False
10.1587/elex.20.20230584,3,Toki,Yoshioka,Toki Yoshioka,,"Graduate School of Engineering Science, Osaka University",False,False
10.1587/elex.20.20230584,4,Takashi,Hori,Takashi Hori,,"Japanese Branch Office, IMRA America Inc.",True,False
10.1587/elex.20.20230584,5,Antoine,Rolland,Antoine Rolland,,"Boulder Research Labs, IMRA America Inc.",True,False
10.1587/elex.20.20230584,6,Tadao,Nagatsuma,Tadao Nagatsuma,,"Graduate School of Engineering Science, Osaka University",False,False
10.2116/analsci.28.985,1,Yoshio,Takahashi,Yoshio Takahashi,,,False,True
10.2116/analsci.28.985,2,Kazuhiro,Kondo,Kazuhiro Kondo,,,False,False
10.2116/analsci.28.985,3,Asami,Miyaji,Asami Miyaji,,,False,False
10.2116/analsci.28.985,4,Miyuki,Umeo,Miyuki Umeo,,,False,False
10.2116/analsci.28.985,5,Tetsuo,Honma,Tetsuo Honma,,,False,False
10.2116/analsci.28.985,6,Satoshi,Asaoka,Satoshi Asaoka,,,False,False
10.2174/1874070700701010066,1,Yasuo,Mitani,Yasuo Mitani,,,False,True
10.2174/1874070700701010066,2,Tsuneaki,Watanabe,Tsuneaki Watanabe,,,False,False
10.2174/1874070700701010066,3,Kazuhiro,Kondo,Kazuhiro Kondo,,,False,False
10.2174/1874070700701010066,4,Tomohiro,Tamura,Tomohiro Tamura,,,False,False
10.22331/q-2022-04-13-688,1,Ruho,Kondo,Ruho Kondo,,"Toyota Central R&D Labs., Inc., 41-1, Yokomichi, Nagakute, Aichi 480-1192, Japan",True,True
10.22331/q-2022-04-13-688,2,Yuki,Sato,Yuki Sato,,"Toyota Central R&D Labs., Inc., 41-1, Yokomichi, Nagakute, Aichi 480-1192, Japan",True,False
10.22331/q-2022-04-13-688,3,Satoshi,Koide,Satoshi Koide,,"Toyota Central R&D Labs., Inc., 41-1, Yokomichi, Nagakute, Aichi 480-1192, Japan",True,False
10.22331/q-2022-04-13-688,4,Seiji,Kajita,Seiji Kajita,,"Toyota Central R&D Labs., Inc., 41-1, Yokomichi, Nagakute, Aichi 480-1192, Japan",True,False
10.22331/q-2022-04-13-688,5,Hideki,Takamatsu,Hideki Takamatsu,,"Toyota Motor Corporation, 1 Toyota-Cho, Toyota, Aichi 471-8571, Japan",True,False
10.22331/q-2025-01-15-1594,1,Ruho,Kondo,Ruho Kondo,,"Toyota Central R&D Labs., Inc., 41-1, Yokomichi, Nagakute, Aichi 480-1192, Japan; Quantum Computing Center, Keio University, 3-14-1 Hiyoshi, Kohoku-ku, Yokohama, Kanagawa 223-8522, Japan",True,True
10.22331/q-2025-01-15-1594,2,Yuki,Sato,Yuki Sato,,"Toyota Central R&D Labs., Inc., 41-1, Yokomichi, Nagakute, Aichi 480-1192, Japan; Quantum Computing Center, Keio University, 3-14-1 Hiyoshi, Kohoku-ku, Yokohama, Kanagawa 223-8522, Japan",True,False
10.22331/q-2025-01-15-1594,3,Rudy,Raymond,Rudy Raymond,,"Quantum Computing Center, Keio University, 3-14-1 Hiyoshi, Kohoku-ku, Yokohama, Kanagawa 223-8522, Japan; Department of Computer Science, The University of Tokyo, 7-3-1, Hongo, Bunkyo-ku, Tokyo 113-0033, Japan",False,False
10.22331/q-2025-01-15-1594,4,Naoki,Yamamoto,Naoki Yamamoto,,"Quantum Computing Center, Keio University, 3-14-1 Hiyoshi, Kohoku-ku, Yokohama, Kanagawa 223-8522, Japan; Department of Applied Physics and Physico-Informatics, Keio University, Hiyoshi 3-14-1, Kohoku-ku, Yokohama 223-8522, Japan",False,False
10.23919/acc63710.2025.11107679,1,Yuji,Ito,Yuji Ito,,"Toyota Central R&#x0026;D Labs., Inc.,Japan,480-1192",True,True
10.23919/acc63710.2025.11107818,1,Yuma,Shida,Yuma Shida,,"Toyota Central R&amp;D Labs., Inc.,Nagakute, Aichi,Japan,480-1192",True,True
10.23919/acc63710.2025.11107818,2,Yuji,Ito,Yuji Ito,,"Toyota Central R&amp;D Labs., Inc.,Nagakute, Aichi,Japan,480-1192",True,False
10.23919/acc63710.2025.11107938,1,Ryotaro,Shima,Ryotaro Shima,,"Ryotaro Shima, Ryuta Moriyasu, and Teruki Kato are With Toyota Central R&#x0026;D Labs., Inc.,Nagakute,Japan,4801192",True,True
10.23919/acc63710.2025.11107938,2,Ryuta,Moriyasu,Ryuta Moriyasu,,"Ryotaro Shima, Ryuta Moriyasu, and Teruki Kato are With Toyota Central R&#x0026;D Labs., Inc.,Nagakute,Japan,4801192",True,False
10.23919/acc63710.2025.11107938,3,Teruki,Kato,Teruki Kato,,"Ryotaro Shima, Ryuta Moriyasu, and Teruki Kato are With Toyota Central R&#x0026;D Labs., Inc.,Nagakute,Japan,4801192",True,False
10.23919/eumc.2019.8910724,1,Li,Yi,Li Yi,,,False,True
10.23919/eumc.2019.8910724,2,Kenta,Iwamoto,Kenta Iwamoto,,,False,False
10.23919/eumc.2019.8910724,3,Takumi,Yamamoto,Takumi Yamamoto,,,False,False
10.23919/eumc.2019.8910724,4,Fumiya,Ayano,Fumiya Ayano,,,False,False
10.23919/eumc.2019.8910724,5,Yihan,Li,Yihan Li,,,False,False
10.23919/eumc.2019.8910724,6,Antoine,Rolland,Antoine Rolland,,,False,False
10.23919/eumc.2019.8910724,7,Naoya,Kuse,Naoya Kuse,,,False,False
10.23919/eumc.2019.8910724,8,Martin,Fermann,Martin Fermann,,,False,False
10.23919/eumc.2019.8910724,9,Tadao,Nagatsuma,Tadao Nagatsuma,,,False,False
10.24963/ijcai.2022/534,1,Tatsuya,Iwase,Tatsuya Iwase,,Toyota Motor Europe NV/SA,True,True
10.24963/ijcai.2022/534,2,Sebastian,Stein,Sebastian Stein,,University of Southampton,False,False
10.24963/ijcai.2022/534,3,Enrico H.,Gerding,Enrico H. Gerding,,University of Southampton,False,False
10.24963/ijcai.2022/534,4,Archie,Chapman,Archie Chapman,,The University of Queensland,False,False
10.2961/jlmn.2006.03.0005,1,Lawrence,Shah,Lawrence Shah,,,False,True
10.2961/jlmn.2006.03.0021,1,Fumiyo,Yoshino,Fumiyo Yoshino,,,False,True
10.2961/jlmn.2008.03.0006,1,Fumiyo,Yoshino,Fumiyo Yoshino,,,False,True
10.3209/saj.20.55,1,Yasuo,Mitani,Yasuo Mitani,,,False,True
10.3209/saj.20.55,2,Nobutaka,Nakashima,Nobutaka Nakashima,,,False,False
10.3209/saj.20.55,3,Khalid Ibrahim,Sallam,Khalid Ibrahim Sallam,,,False,False
10.3209/saj.20.55,4,Tetsutya,Toriyabe,Tetsutya Toriyabe,,,False,False
10.3209/saj.20.55,5,Kazuhiro,Kondo,Kazuhiro Kondo,,,False,False
10.3209/saj.20.55,6,Tomohiro,Tamura,Tomohiro Tamura,,,False,False
10.3389/fcimb.2021.712360,1,Katsunori,Kohda,Katsunori Kohda,,,False,True
10.3389/fcimb.2021.712360,2,Xuan,Li,Xuan Li,,,False,False
10.3389/fcimb.2021.712360,3,Naoki,Soga,Naoki Soga,,,False,False
10.3389/fcimb.2021.712360,4,Risa,Nagura,Risa Nagura,,,False,False
10.3389/fcimb.2021.712360,5,Tie,Duerna,Tie Duerna,,,False,False
10.3389/fcimb.2021.712360,6,Saeko,Nakajima,Saeko Nakajima,,,False,False
10.3389/fcimb.2021.712360,7,Ichiro,Nakagawa,Ichiro Nakagawa,,,False,False
10.3389/fcimb.2021.712360,8,Masakazu,Ito,Masakazu Ito,,,False,False
10.3389/fcimb.2021.712360,9,Akinori,Ikeuchi,Akinori Ikeuchi,,,False,False
10.3389/fneur.2020.596632,1,Herbert H.,Engelhard,Herbert H. Engelhard,,,False,True
10.3389/fneur.2020.596632,2,Alexander J.,Willis,Alexander J. Willis,,,False,False
10.3389/fneur.2020.596632,3,Syed I.,Hussain,Syed I. Hussain,,,False,False
10.3389/fneur.2020.596632,4,Georgia,Papavasiliou,Georgia Papavasiliou,,,False,False
10.3389/fneur.2020.596632,5,David J.,Banner,David J. Banner,,,False,False
10.3389/fneur.2020.596632,6,Amanda,Kwasnicki,Amanda Kwasnicki,,,False,False
10.3389/fneur.2020.596632,7,Sajani S.,Lakka,Sajani S. Lakka,,,False,False
10.3389/fneur.2020.596632,8,Sangyeul,Hwang,Sangyeul Hwang,,,False,False
10.3389/fneur.2020.596632,9,Tolou,Shokuhfar,Tolou Shokuhfar,,,False,False
10.3389/fneur.2020.596632,10,Sean C.,Morris,Sean C. Morris,,,False,False
10.3389/fneur.2020.596632,11,Bing,Liu,Bing Liu,,,False,False
10.3389/fnins.2023.1191617,1,Nodoka,Oka,Nodoka Oka,,,False,True
10.3389/fnins.2023.1191617,2,Koichiro,Iwai,Koichiro Iwai,,,False,False
10.3389/fnins.2023.1191617,3,Hiroyuki,Sakai,Hiroyuki Sakai,,,False,False
10.3389/fphy.2022.1005074,1,Martin E.,Fermann,Martin E. Fermann,,,False,True
10.3389/fphy.2022.1005074,2,Kevin F.,Lee,Kevin F. Lee,,,False,False
10.3389/fphy.2022.1005074,3,Peng,Li,Peng Li,,,False,False
10.3389/fphy.2022.1005074,4,Antoine,Rolland,Antoine Rolland,,,False,False
10.3389/fphy.2022.1005074,5,Jie,Jiang,Jie Jiang,,,False,False
10.3390/app9101983,1,Seigo,Ito,Seigo Ito,,"Department of System and Electronics Engineering, Toyota Central R&amp;D Labs., Inc., 41-1, Yokomichi, Nagakute, Aichi 480-1192, Japan",True,True
10.3390/app9101983,2,Mineki,Soga,Mineki Soga,,"Department of System and Electronics Engineering, Toyota Central R&amp;D Labs., Inc., 41-1, Yokomichi, Nagakute, Aichi 480-1192, Japan",True,False
10.3390/app9101983,3,Shigeyoshi,Hiratsuka,Shigeyoshi Hiratsuka,,"Department of System and Electronics Engineering, Toyota Central R&amp;D Labs., Inc., 41-1, Yokomichi, Nagakute, Aichi 480-1192, Japan",True,False
10.3390/app9101983,4,Hiroyuki,Matsubara,Hiroyuki Matsubara,,"Department of System and Electronics Engineering, Toyota Central R&amp;D Labs., Inc., 41-1, Yokomichi, Nagakute, Aichi 480-1192, Japan",True,False
10.3390/app9101983,5,Masaru,Ogawa,Masaru Ogawa,,"Department of System and Electronics Engineering, Toyota Central R&amp;D Labs., Inc., 41-1, Yokomichi, Nagakute, Aichi 480-1192, Japan",True,False
10.3390/app9235008,1,Satoko,Hirabayashi,Satoko Hirabayashi,https://orcid.org/0000-0002-6657-7166,"Strategic Research Division, Toyota Central R&amp;D Labs., Inc., Nagakute, Aichi 480-1192, Japan",True,True
10.3390/app9235008,2,Masami,Iwamoto,Masami Iwamoto,,"Strategic Research Division, Toyota Central R&amp;D Labs., Inc., Bunkyo-ku, Tokyo 112-0004, Japan",True,False
10.3390/c11030059,1,Teruki,Ando,Teruki Ando,,"Division of Applied Chemistry, Faculty of Engineering, Graduate School of Chemical Science and Engineering, Hokkaido University, Kita 13-Nishi 8, Kita-ku, Sapporo 060-8628, Japan",False,True
10.3390/c11030059,2,Seiya,Yokokura,Seiya Yokokura,,"Division of Applied Chemistry, Faculty of Engineering, Graduate School of Chemical Science and Engineering, Hokkaido University, Kita 13-Nishi 8, Kita-ku, Sapporo 060-8628, Japan",False,False
10.3390/c11030059,3,Hiroki,Waizumi,Hiroki Waizumi,,"Division of Applied Chemistry, Faculty of Engineering, Graduate School of Chemical Science and Engineering, Hokkaido University, Kita 13-Nishi 8, Kita-ku, Sapporo 060-8628, Japan",False,False
10.3390/c11030059,4,Hironori,Suzuki,Hironori Suzuki,https://orcid.org/0000-0001-9754-4992,"IMRA Japan, 2-36 Hachiken-Cho, Kariya 448-8650, Japan",True,False
10.3390/c11030059,5,Kenji,Kawashima,Kenji Kawashima,,"IMRA Japan, 2-36 Hachiken-Cho, Kariya 448-8650, Japan",True,False
10.3390/c11030059,6,Toshihiro,Shimada,Toshihiro Shimada,https://orcid.org/0000-0001-5122-1063,"Division of Applied Chemistry, Faculty of Engineering, Graduate School of Chemical Science and Engineering, Hokkaido University, Kita 13-Nishi 8, Kita-ku, Sapporo 060-8628, Japan",False,False
10.3390/mi10070482,1,Daisuke,Inoue,Daisuke Inoue,https://orcid.org/0000-0003-3926-4903,"Toyota Central R&amp;D Labs., Inc., 41-1, Yokomichi, Nagakute, Aichi 480-1192, Japan",True,True
10.3390/mi10070482,2,Tadashi,Ichikawa,Tadashi Ichikawa,,"Toyota Central R&amp;D Labs., Inc., 41-1, Yokomichi, Nagakute, Aichi 480-1192, Japan",True,False
10.3390/mi10070482,3,Akari,Kawasaki,Akari Kawasaki,,"Toyota Central R&amp;D Labs., Inc., 41-1, Yokomichi, Nagakute, Aichi 480-1192, Japan",True,False
10.3390/mi10070482,4,Tatsuya,Yamashita,Tatsuya Yamashita,,"Toyota Central R&amp;D Labs., Inc., 41-1, Yokomichi, Nagakute, Aichi 480-1192, Japan",True,False
10.3390/molecules25030761,1,Nobuhiro,Ishida,Nobuhiro Ishida,https://orcid.org/0000-0002-3783-3693,"Strategic Research Division, TOYOTA Central R&amp;D Labs, Inc., 41-1, Yokomichi, Nagakute, Aichi 480-1192, Japan",True,True
10.3390/molecules25030761,2,Takaaki,Hatanaka,Takaaki Hatanaka,,"Strategic Research Division, TOYOTA Central R&amp;D Labs, Inc., 41-1, Yokomichi, Nagakute, Aichi 480-1192, Japan",True,False
10.3390/molecules25030761,3,Yoichi,Hosokawa,Yoichi Hosokawa,,"Strategic Research Division, TOYOTA Central R&amp;D Labs, Inc., 41-1, Yokomichi, Nagakute, Aichi 480-1192, Japan",True,False
10.3390/molecules25030761,4,Katsura,Kojima,Katsura Kojima,,"Silk Materials Research Unit, Division of Biotechnology, Institute of Agrobiological Sciences, National Agriculture and Food Research Organization (NARO), 1-2, Owashi, Tsukuba, Ibaraki 305-8634, Japan",False,False
10.3390/molecules25030761,5,Tetsuya,Iizuka,Tetsuya Iizuka,,"Transgenic Silkworm Research Unit, Division of Biotechnology, Institute of Agrobiological Sciences, National Agriculture and Food Research Organization (NARO), 1-2, Owashi, Tsukuba, Ibaraki 305-8634, Japan",False,False
10.3390/molecules25030761,6,Hidetoshi,Teramoto,Hidetoshi Teramoto,https://orcid.org/0000-0002-2075-0218,"Silk Materials Research Unit, Division of Biotechnology, Institute of Agrobiological Sciences, National Agriculture and Food Research Organization (NARO), 1-2, Owashi, Tsukuba, Ibaraki 305-8634, Japan",False,False
10.3390/molecules25030761,7,Hideki,Sezutsu,Hideki Sezutsu,,"Transgenic Silkworm Research Unit, Division of Biotechnology, Institute of Agrobiological Sciences, National Agriculture and Food Research Organization (NARO), 1-2, Owashi, Tsukuba, Ibaraki 305-8634, Japan",False,False
10.3390/molecules25030761,8,Tsunenori,Kameda,Tsunenori Kameda,,"Silk Materials Research Unit, Division of Biotechnology, Institute of Agrobiological Sciences, National Agriculture and Food Research Organization (NARO), 1-2, Owashi, Tsukuba, Ibaraki 305-8634, Japan",False,False
10.3390/ph16010071,1,Karim,Mhanna,Karim Mhanna,,"Department of Radiology, University of Michigan, Ann Arbor, MI 48109, USA",False,True
10.3390/ph16010071,2,Wei,Qian,Wei Qian,,"IMRA America Inc., Ann Arbor, MI 48105, USA",True,False
10.3390/ph16010071,3,Ziyun,Zhong,Ziyun Zhong,,"College of Chemistry, Nankai University, Tianjin 300071, China",False,False
10.3390/ph16010071,4,Allen F.,Brooks,Allen F. Brooks,,"Department of Radiology, University of Michigan, Ann Arbor, MI 48109, USA",False,False
10.3390/ph16010071,5,Erika,Ouchi,Erika Ouchi,https://orcid.org/0000-0002-5436-7516,"Department of Radiology, University of Michigan, Ann Arbor, MI 48109, USA",False,False
10.3390/ph16010071,6,Jenelle,Stauff,Jenelle Stauff,,"Department of Radiology, University of Michigan, Ann Arbor, MI 48109, USA",False,False
10.3390/ph16010071,7,Janna,Arteaga,Janna Arteaga,,"Department of Radiology, University of Michigan, Ann Arbor, MI 48109, USA",False,False
10.3390/ph16010071,8,Maria,Papachristou,Maria Papachristou,,"Department of Nuclear Medicine—PET/CT, General Hospital of Athens “Evaggelismos”, 10676 Athens, Greece",False,False
10.3390/ph16010071,9,Ioannis E.,Datseris,Ioannis E. Datseris,,"Department of Nuclear Medicine—PET/CT, General Hospital of Athens “Evaggelismos”, 10676 Athens, Greece",False,False
10.3390/ph16010071,10,Bing,Liu,Bing Liu,,"IMRA America Inc., Ann Arbor, MI 48105, USA",True,False
10.3390/ph16010071,11,Xia,Shao,Xia Shao,,"Department of Radiology, University of Michigan, Ann Arbor, MI 48109, USA",False,False
10.3390/ph16010071,12,Peter J. H.,Scott,Peter J. H. Scott,https://orcid.org/0000-0002-6505-0450,"Department of Radiology, University of Michigan, Ann Arbor, MI 48109, USA",False,False
10.3390/s21175883,1,Mario,Siciliani de Cumis,Mario Siciliani de Cumis,https://orcid.org/0000-0003-2854-5881,"Agenzia Spaziale Italiana, Contrada Terlecchia SNC, 75100 Matera, Italy; Istituto Nazionale di Ottica, INO-CNR, Via N. Carrara 1, 50019 Sesto Fiorentino, Italy; Dipartimento di Fisica, Universitá degli Studi di Firenze, Via G. Sansone 1, 50019 Sesto Fiorentino, Italy",False,True
10.3390/s21175883,2,Roberto,Eramo,Roberto Eramo,https://orcid.org/0000-0003-4413-1857,"Istituto Nazionale di Ottica, INO-CNR, Via N. Carrara 1, 50019 Sesto Fiorentino, Italy; Dipartimento di Fisica, Universitá degli Studi di Firenze, Via G. Sansone 1, 50019 Sesto Fiorentino, Italy",False,False
10.3390/s21175883,3,Jie,Jiang,Jie Jiang,,"IMRA America, Inc., 1044 Woodridge Avenue, Ann Arbor, MI 48105, USA",True,False
10.3390/s21175883,4,Martin E.,Fermann,Martin E. Fermann,,"IMRA America, Inc., 1044 Woodridge Avenue, Ann Arbor, MI 48105, USA",True,False
10.3390/s21175883,5,Pablo,Cancio Pastor,Pablo Cancio Pastor,https://orcid.org/0000-0002-2771-4519,"Istituto Nazionale di Ottica, INO-CNR, Via N. Carrara 1, 50019 Sesto Fiorentino, Italy; Dipartimento di Fisica, Universitá degli Studi di Firenze, Via G. Sansone 1, 50019 Sesto Fiorentino, Italy",False,False
10.35848/1347-4065/abd539,1,Savanna,Lloyd,Savanna Lloyd,https://orcid.org/0000-0003-0621-6446,,False,True
10.35848/1347-4065/abd539,2,Koichi,Higashimine,Koichi Higashimine,,,False,False
10.35848/1347-4065/abd539,3,Tatsuya,Tanigawa,Tatsuya Tanigawa,,,False,False
10.35848/1347-4065/abd539,4,Hideyuki,Murata,Hideyuki Murata,https://orcid.org/0000-0001-8248-9652,,False,False
10.35848/1347-4065/ad1699,1,Utana,Yamaoka,Utana Yamaoka,,,False,True
10.35848/1347-4065/ad1699,2,Yuuki,Kaneda,Yuuki Kaneda,,,False,False
10.35848/1347-4065/ad1699,3,Masaaki,Oshita,Masaaki Oshita,,,False,False
10.35848/1347-4065/ad1699,4,Shiro,Saito,Shiro Saito,,,False,False
10.35848/1347-4065/ad1699,5,Tetsuo,Kan,Tetsuo Kan,https://orcid.org/0000-0002-1433-9465,,False,False
10.35848/1882-0786/aba494,1,Taishi,Kimura,Taishi Kimura,https://orcid.org/0000-0002-1284-1814,,False,True
10.35848/1882-0786/aba494,2,Keita,Kataoka,Keita Kataoka,,,False,False
10.35848/1882-0786/aba494,3,Akira,Uedono,Akira Uedono,,,False,False
10.35848/1882-0786/aba494,4,Hiroshi,Amano,Hiroshi Amano,,,False,False
10.35848/1882-0786/aba494,5,Daisuke,Nakamura,Daisuke Nakamura,https://orcid.org/0000-0002-7808-0528,,False,False
10.4131/jshpreview.35.85,1,Kenji,KAWASHIMA,Kenji KAWASHIMA,,"IMRA JAPAN Co., Ltd.",True,True
10.4131/jshpreview.35.85,2,Hiroki,NINOMIYA,Hiroki NINOMIYA,,National Institute of Advanced Industrial Science and Technology (AIST),False,False
10.4131/jshpreview.35.85,3,Hiroshi,FUJIHISA,Hiroshi FUJIHISA,,National Institute of Advanced Industrial Science and Technology (AIST),False,False
10.4131/jshpreview.35.85,4,Akira,IYO,Akira IYO,,National Institute of Advanced Industrial Science and Technology (AIST),False,False
10.4271/980086,1,A.,Luo,A. Luo,,"IMRA America, Inc.",True,True
10.4271/980086,2,T.,Shinoda,T. Shinoda,,"IMRA America, Inc.",True,False
10.7566/jpsj.85.064710,1,Kenji,Kawashima,Kenji Kawashima,,"IMRA Material R&D Co., Ltd., Kariya, Aichi 448-0032, Japan; National Institute of Advanced Industrial Science and Technology (AIST), Tsukuba, Ibaraki 305-8568, Japan",True,True
10.7566/jpsj.85.064710,2,Tatsuya,Kinjo,Tatsuya Kinjo,,"National Institute of Advanced Industrial Science and Technology (AIST), Tsukuba, Ibaraki 305-8568, Japan; Department of Physics, Tokyo University of Science, Shinjuku, Tokyo 162-8601, Japan",False,False
10.7566/jpsj.85.064710,3,Taichiro,Nishio,Taichiro Nishio,,"National Institute of Advanced Industrial Science and Technology (AIST), Tsukuba, Ibaraki 305-8568, Japan; Department of Physics, Tokyo University of Science, Shinjuku, Tokyo 162-8601, Japan",False,False
10.7566/jpsj.85.064710,4,Shigeyuki,Ishida,Shigeyuki Ishida,,"National Institute of Advanced Industrial Science and Technology (AIST), Tsukuba, Ibaraki 305-8568, Japan",False,False
10.7566/jpsj.85.064710,5,Hiroshi,Fujihisa,Hiroshi Fujihisa,,"National Institute of Advanced Industrial Science and Technology (AIST), Tsukuba, Ibaraki 305-8568, Japan",False,False
10.7566/jpsj.85.064710,6,Yoshito,Gotoh,Yoshito Gotoh,,"National Institute of Advanced Industrial Science and Technology (AIST), Tsukuba, Ibaraki 305-8568, Japan",False,False
10.7566/jpsj.85.064710,7,Kunihiro,Kihou,Kunihiro Kihou,,"National Institute of Advanced Industrial Science and Technology (AIST), Tsukuba, Ibaraki 305-8568, Japan",False,False
10.7566/jpsj.85.064710,8,Hiroshi,Eisaki,Hiroshi Eisaki,,"National Institute of Advanced Industrial Science and Technology (AIST), Tsukuba, Ibaraki 305-8568, Japan",False,False
10.7566/jpsj.85.064710,9,Yoshiyuki,Yoshida,Yoshiyuki Yoshida,,"National Institute of Advanced Industrial Science and Technology (AIST), Tsukuba, Ibaraki 305-8568, Japan",False,False
10.7566/jpsj.85.064710,10,Akira,Iyo,Akira Iyo,,"National Institute of Advanced Industrial Science and Technology (AIST), Tsukuba, Ibaraki 305-8568, Japan",False,False
10.7567/1347-4065/ab0d06,1,Shigefusa F.,Chichibu,Shigefusa F. Chichibu,https://orcid.org/0000-0001-9558-1642,,False,True
10.7567/1347-4065/ab0d06,2,Kohei,Shima,Kohei Shima,,,False,False
10.7567/1347-4065/ab0d06,3,Kazunobu,Kojima,Kazunobu Kojima,,,False,False
10.7567/1347-4065/ab0d06,4,Shin-ya,Takashima,Shin-ya Takashima,,,False,False
10.7567/1347-4065/ab0d06,5,Katsunori,Ueno,Katsunori Ueno,,,False,False
10.7567/1347-4065/ab0d06,6,Masaharu,Edo,Masaharu Edo,,,False,False
10.7567/1347-4065/ab0d06,7,Hiroko,Iguchi,Hiroko Iguchi,,,False,False
10.7567/1347-4065/ab0d06,8,Tetsuo,Narita,Tetsuo Narita,,,False,False
10.7567/1347-4065/ab0d06,9,Keita,Kataoka,Keita Kataoka,,,False,False
10.7567/1347-4065/ab0d06,10,Shoji,Ishibashi,Shoji Ishibashi,,,False,False
10.7567/1347-4065/ab0d06,11,Akira,Uedono,Akira Uedono,,,False,False
