doi,author_position,scopus_author_id,indexed_name,surname,given_name,affiliation,n_affiliations,is_toyota_affiliated
10.1002/adfm.202202674,1,56585826500,Tetsuka H.,Tetsuka,Hiroyuki,"Harvard Medical School; Toyota Motor North America, Inc.",2,True
10.1002/adfm.202202674,2,54791408900,Pirrami L.,Pirrami,Lorenzo,University of Applied Sciences Western Switzerland,1,False
10.1002/adfm.202202674,3,57212264412,Wang T.,Wang,Ting,Harvard Medical School,1,False
10.1002/adfm.202202674,4,6701519542,Demarchi D.,Demarchi,Danilo,Politecnico di Torino,1,False
10.1002/adfm.202202674,5,7403646810,Shin S.R.,Shin,Su Ryon,Harvard Medical School,1,False
10.1002/adma.202302069,1,56423103900,Nguyen V.P.,Nguyen,Van Phuc,"University of Michigan, Ann Arbor",1,False
10.1002/adma.202302069,2,57199691486,Qian W.,Qian,Wei,"IMRA America, Inc.",1,True
10.1002/adma.202302069,3,57847706300,Zhe J.,Zhe,Josh,"University of Michigan, Ann Arbor",1,False
10.1002/adma.202302069,4,57208299472,Henry J.,Henry,Jessica,"University of Michigan, Ann Arbor",1,False
10.1002/adma.202302069,5,57216754410,Wang M.,Wang,Mingyang,"University of Michigan, Ann Arbor",1,False
10.1002/adma.202302069,6,55502865500,Liu B.,Liu,Bing,"IMRA America, Inc.",1,True
10.1002/adma.202302069,7,57200954487,Zhang W.,Zhang,Wei,"University of Michigan, Ann Arbor",1,False
10.1002/adma.202302069,8,55174162600,Wang X.,Wang,Xueding,"University of Michigan, Ann Arbor",1,False
10.1002/adma.202302069,9,23467702900,Paulus Y.M.,Paulus,Yannis M.,"University of Michigan, Ann Arbor",2,False
10.1002/admt.202000254,1,7005351263,Hazama H.,Hazama,Hirofumi,"Toyota Central R&D Labs., Inc.",1,True
10.1002/admt.202000254,2,57217422535,Murai D.,Murai,Daisuke,"Toyota Central R&D Labs., Inc.",1,True
10.1002/admt.202000254,3,6507201117,Nagasako N.,Nagasako,Naoyuki,"Toyota Central R&D Labs., Inc.",1,True
10.1002/admt.202000254,4,57210643742,Hasegawa M.,Hasegawa,Masaki,"Toyota Central R&D Labs., Inc.",1,True
10.1002/admt.202000254,5,8602755700,Ogihara N.,Ogihara,Nobuhiro,"Toyota Central R&D Labs., Inc.",1,True
10.1002/adom.202500994,1,57225212672,Sato Y.,Sato,Yuki,"Toyota Central R&D Labs., Inc.",1,True
10.1002/adom.202500994,2,57967726600,Kone S.E.M.P.,Kone,Shrinathan Esaki Muthu Pandara,"Toyota Central R&D Labs., Inc.",1,True
10.1002/adom.202500994,3,57460368700,Oba J.,Oba,Junpei,"Toyota Central R&D Labs., Inc.",1,True
10.1002/adom.202500994,4,42462794300,Yatsugi K.,Yatsugi,Kenichi,"Toyota Central R&D Labs., Inc.",1,True
10.1002/aenm.202301843,1,56195581000,Mahara Y.,Mahara,Yuji,"Toyota Central R&D Labs., Inc.",1,True
10.1002/aenm.202301843,2,42361568400,Oka H.,Oka,Hideaki,"Toyota Central R&D Labs., Inc.",1,True
10.1002/aenm.202301843,3,57204152834,Nonaka T.,Nonaka,Takamasa,"Toyota Central R&D Labs., Inc.",1,True
10.1002/aenm.202301843,4,57194635568,Kosaka S.,Kosaka,Satoru,"Toyota Central R&D Labs., Inc.",1,True
10.1002/aenm.202301843,5,57215931929,Takahashi N.T.,Takahashi,Naoko Takechi,"Toyota Central R&D Labs., Inc.",1,True
10.1002/aenm.202301843,6,8508167400,Kondo Y.,Kondo,Yasuhito,"Toyota Central R&D Labs., Inc.",1,True
10.1002/aenm.202301843,7,6603931411,Makimura Y.,Makimura,Yoshinari,"Toyota Central R&D Labs., Inc.",1,True
10.1002/anie.200603098,1,7402570154,Reddy P.Y.,Reddy,Paidi Yella,"IMRA Japan Co., Ltd.",1,True
10.1002/anie.200603098,2,6602917953,Giribabu L.,Giribabu,Lingamallu,Indian Institute of Chemical Technology,1,False
10.1002/anie.200603098,3,15830371600,Lyness C.,Lyness,Christopher,École Polytechnique Fédérale de Lausanne,1,False
10.1002/anie.200603098,4,8833978100,Snaith H.J.,Snaith,Henry J.,École Polytechnique Fédérale de Lausanne,1,False
10.1002/anie.200603098,5,12753879300,Vijaykumar C.,Vijaykumar,Challuri,Indian Institute of Chemical Technology,1,False
10.1002/anie.200603098,6,6602287081,Chandrasekharam M.,Chandrasekharam,Malapaka,Indian Institute of Chemical Technology,1,False
10.1002/anie.200603098,7,55304181100,Lakshmikantam M.,Lakshmikantam,Mannepalli,Indian Institute of Chemical Technology,1,False
10.1002/anie.200603098,8,7004044501,Yum J.-H.,Yum,Jun-Ho,École Polytechnique Fédérale de Lausanne,1,False
10.1002/anie.200603098,9,6602751450,Kalyanasundaram K.,Kalyanasundaram,Kuppuswamy,École Polytechnique Fédérale de Lausanne,1,False
10.1002/anie.200603098,10,35463345800,Gratzel M.,Grätzel,Michael,École Polytechnique Fédérale de Lausanne,1,False
10.1002/anie.200603098,11,35463772200,Nazeeruddin M.K.,Nazeeruddin,Mohammad K.,École Polytechnique Fédérale de Lausanne,1,False
10.1002/anie.202420703,1,57190345176,Murase M.,Murase,Masakazu,"Toyota Central R&D Labs., Inc.",1,True
10.1002/anie.202420703,2,57199844753,Sakamoto N.,Sakamoto,Naonari,"Toyota Central R&D Labs., Inc.",1,True
10.1002/anie.202420703,3,56895793800,Uyama T.,Uyama,Takeshi,"Toyota Central R&D Labs., Inc.",1,True
10.1002/anie.202420703,4,57204152834,Nonaka T.,Nonaka,Takamasa,"Toyota Central R&D Labs., Inc.",1,True
10.1002/anie.202420703,5,55127247600,Ohashi M.,Ohashi,Masataka,"Toyota Central R&D Labs., Inc.",1,True
10.1002/anie.202420703,6,7501694167,Sato S.,Sato,Shunsuke,"Toyota Central R&D Labs., Inc.",1,True
10.1002/anie.202420703,7,56673389100,Arai T.,Arai,Takeo,"Toyota Central R&D Labs., Inc.",1,True
10.1002/anie.202420703,8,7404746853,Itoh T.,Itoh,Toshiyuki,Toyota Physical and Chemical Research Institute,1,True
10.1002/cctc.201801257,1,55320970900,Himiyama T.,Himiyama,Tomoki,"Toyota Central R&D Labs., Inc.",1,True
10.1002/cctc.201801257,2,36624756700,Waki M.,Waki,Minoru,"Toyota Central R&D Labs., Inc.",1,True
10.1002/cctc.201801257,3,36696390000,Esquivel D.,Esquivel,Dolores,Universidad de Córdoba,1,False
10.1002/cctc.201801257,4,6701365928,Onoda A.,Onoda,Akira,The University of Osaka,1,False
10.1002/cctc.201801257,5,55735983400,Hayashi T.,Hayashi,Takashi,The University of Osaka,1,False
10.1002/cctc.201801257,6,7006404365,Van Der Voort P.,Van Der Voort,Pascal,Universiteit Gent,1,False
10.1002/cctc.201801257,7,35448765100,Inagaki S.,Inagaki,Shinji,"Toyota Central R&D Labs., Inc.",1,True
10.1002/cctc.201900264,1,57199806946,Kato S.,Kato,Satoru,"Toyota Central R&D Labs., Inc.",1,True
10.1002/cctc.201900264,2,57208184423,Ito Y.,Ito,Yoshihiko,"Toyota Central R&D Labs., Inc.",1,True
10.1002/cctc.201900264,3,15623103000,Ikuta Y.,Ikuta,Yasuhiro,"Toyota Central R&D Labs., Inc.",1,True
10.1002/cctc.201900264,4,35327641500,Morikawa A.,Morikawa,Akira,"Toyota Central R&D Labs., Inc.",1,True
10.1002/cctc.201900264,5,7006091334,Suda A.,Suda,Akihiko,"Toyota Central R&D Labs., Inc.",1,True
10.1002/cctc.201900264,6,57206439824,Tanabe T.,Tanabe,Toshitaka,"Toyota Central R&D Labs., Inc.",1,True
10.1002/cssc.202002557,1,56424690000,Yamaguchi S.,Yamaguchi,Sho,"Toyota Central R&D Labs., Inc.; The University of Osaka",2,True
10.1002/cssc.202002557,2,14123824200,Maegawa Y.,Maegawa,Yoshifumi,"Toyota Central R&D Labs., Inc.",1,True
10.1002/cssc.202002557,3,55259765700,Fujita K.-I.,Fujita,Ken-Ichi,Graduate School of Human and Environmental Studies,1,False
10.1002/cssc.202002557,4,35448765100,Inagaki S.,Inagaki,Shinji,"Toyota Central R&D Labs., Inc.",1,True
10.1002/cssc.202300679,1,57190345176,Murase M.,Murase,Masakazu,"Toyota Central R&D Labs., Inc.",1,True
10.1002/cssc.202300679,2,14123824200,Maegawa Y.,Maegawa,Yoshifumi,"Toyota Central R&D Labs., Inc.",1,True
10.1002/cssc.202300679,3,55127247600,Ohashi M.,Ohashi,Masataka,"Toyota Central R&D Labs., Inc.",1,True
10.1002/cssc.202300679,4,57204698271,Goto Y.,Goto,Yasutomo,"Toyota Central R&D Labs., Inc.",1,True
10.1002/cssc.202300679,5,57199844753,Sakamoto N.,Sakamoto,Naonari,"Toyota Central R&D Labs., Inc.",1,True
10.1002/cssc.202300679,6,57204152834,Nonaka T.,Nonaka,Takamasa,"Toyota Central R&D Labs., Inc.",1,True
10.1002/cssc.202300679,7,56895793800,Uyama T.,Uyama,Takeshi,"Toyota Central R&D Labs., Inc.",1,True
10.1002/cssc.202300679,8,56673389100,Arai T.,Arai,Takeo,"Toyota Central R&D Labs., Inc.",1,True
10.1002/cssc.202401082,1,37662110000,Nishi T.,Nishi,Teppei,"Toyota Central R&D Labs., Inc.",1,True
10.1002/cssc.202401082,2,57199844753,Sakamoto N.,Sakamoto,Naonari,"Toyota Central R&D Labs., Inc.",1,True
10.1002/cssc.202401082,3,54401616800,Sekizawa K.,Sekizawa,Keita,"Toyota Central R&D Labs., Inc.",1,True
10.1002/cssc.202401082,4,35547016000,Morikawa T.,Morikawa,Takeshi,"Toyota Central R&D Labs., Inc.",1,True
10.1002/cssc.202401082,5,7501694167,Sato S.,Sato,Shunsuke,"Toyota Central R&D Labs., Inc.",1,True
10.1002/lapl.200810090,1,7005467080,Fermann M.E.,Fermann,,"IMRA America, Inc.",1,True
10.1002/lapl.200810090,2,7003288655,Hartl I.,Hartl,,"IMRA America, Inc.",1,True
10.1002/pip.3129,1,36009365500,Takeda Y.,Takeda,Yasuhiko,"Toyota Central R&D Labs., Inc.",1,True
10.1002/smll.202200113,1,56771643400,Matsui T.,Matsui,Takayuki,"Toyota Central R&D Labs., Inc.",1,True
10.1002/smll.202200113,2,35606877200,Matsumori T.,Matsumori,Tadayoshi,"Toyota Central R&D Labs., Inc.",1,True
10.1002/smll.202200113,3,56739624300,Ito Y.,Ito,Yuji,"Toyota Central R&D Labs., Inc.",1,True
10.1002/smll.202200113,4,7003739754,Hase Y.,Hase,Yoko,"Toyota Central R&D Labs., Inc.",1,True
10.1002/smll.202200113,5,55628543086,Yoshida H.,Yoshida,Hiroyuki,The University of Osaka,1,False
10.1002/smll.202300298,1,56263228200,Miyazaki I.,Miyazaki,Izuru,"Toyota Central R&D Labs., Inc.",1,True
10.1002/smll.202300298,2,6602849868,Masuoka Y.,Masuoka,Yumi,"Toyota Central R&D Labs., Inc.",1,True
10.1002/smll.202300298,3,57209256493,Ohshima A.,Ohshima,Ayako,"Toyota Central R&D Labs., Inc.",1,True
10.1002/smll.202300298,4,55134537100,Takahashi N.,Takahashi,Naoko,"Toyota Central R&D Labs., Inc.",1,True
10.1002/smll.202300298,5,36168650300,Suzumura A.,Suzumura,Akitoshi,"Toyota Central R&D Labs., Inc.",1,True
10.1002/smll.202300298,6,57616340300,Moribe S.,Moribe,Shinya,"Toyota Central R&D Labs., Inc.",1,True
10.1002/smll.202300298,7,59026626500,Takao H.,Takao,Hisaaki,"Toyota Central R&D Labs., Inc.",1,True
10.1002/smll.202300298,8,55027388300,Umehara M.,Umehara,Mitsutaro,"Toyota Central R&D Labs., Inc.",1,True
10.1002/smll.202402570,1,6601951595,Mizoshita N.,Mizoshita,Norihiro,"Toyota Central R&D Labs., Inc.",1,True
10.1002/smll.202402570,2,37031355600,Yamada Y.,Yamada,Yuri,"Toyota Central R&D Labs., Inc.",1,True
10.1002/smll.202402570,3,6602849868,Masuoka Y.,Masuoka,Yumi,"Toyota Central R&D Labs., Inc.",1,True
10.1002/smtd.202401851,1,36559655600,Kodama K.,Kodama,Kensaku,"Toyota Central R&D Labs., Inc.",1,True
10.1002/smtd.202401851,2,56649714800,Todoroki N.,Todoroki,Naoto,Tohoku University,1,False
10.1002/smtd.202502213,1,57194016564,Yonaga A.,Yonaga,Ayaka,"Toyota Central R&D Labs., Inc.",1,True
10.1002/smtd.202502213,2,15763084600,Matsunaga T.,Matsunaga,Takuro,"Toyota Central R&D Labs., Inc.",1,True
10.1002/sstr.202300106,1,56781448900,Yoshimune W.,Yoshimune,Wataru,Paul Scherrer Institut,1,False
10.1002/sstr.202300106,2,57202361777,Falqueto J.B.,Falqueto,Juliana B.,Paul Scherrer Institut,1,False
10.1002/sstr.202300106,3,57207956240,Clark A.H.,Clark,Adam H.,Paul Scherrer Institut,1,False
10.1002/sstr.202300106,4,36661719100,Yuzbasi N.S.,Yüzbasi,Nur Sena,Empa - Swiss Federal Laboratories for Materials Science and Technology,1,False
10.1002/sstr.202300106,5,55048146800,Graule T.,Graule,Thomas,Empa - Swiss Federal Laboratories for Materials Science and Technology,1,False
10.1002/sstr.202300106,6,55571934300,Baster D.,Baster,Dominika,Paul Scherrer Institut,1,False
10.1002/sstr.202300106,7,14007502000,El Kazzi M.,El Kazzi,Mario,Paul Scherrer Institut,1,False
10.1002/sstr.202300106,8,7402839852,Schmidt T.J.,Schmidt,Thomas J.,Paul Scherrer Institut; ETH Zürich,2,False
10.1002/sstr.202300106,9,16645331300,Fabbri E.,Fabbri,Emiliana,Paul Scherrer Institut,1,False
10.1002/tcr.201900063,1,56585826500,Tetsuka H.,Tetsuka,Hiroyuki,"Toyota Motor North America, Inc.",1,True
10.1007/978-3-030-69322-0_26,1,56150704300,Okoso A.,Okoso,Ayano,"Toyota Central R&D Labs., Inc.",1,True
10.1007/978-3-030-69322-0_26,2,55513185800,Otaki K.,Otaki,Keisuke,"Toyota Central R&D Labs., Inc.",1,True
10.1007/978-3-030-69322-0_26,3,57205550400,Nishi T.,Nishi,Tomoki,"Toyota Central R&D Labs., Inc.",1,True
10.1007/978-3-030-69322-0_8,1,55513185800,Otaki K.,Otaki,Keisuke,"Toyota Central R&D Labs., Inc.",1,True
10.1007/978-3-030-69322-0_8,2,57190489621,Koide S.,Koide,Satoshi,"Toyota Central R&D Labs., Inc.",1,True
10.1007/978-3-030-69322-0_8,3,56150704300,Okoso A.,Okoso,Ayano,"Toyota Central R&D Labs., Inc.",1,True
10.1007/978-3-030-69322-0_8,4,57205550400,Nishi T.,Nishi,Tomoki,"Toyota Central R&D Labs., Inc.",1,True
10.1007/bf01081312,1,7005467080,Fermann M.E.,Fermann,,"IMRA America, Inc.",1,True
10.1007/s00158-018-02187-2,1,57189641839,Nomura K.,Nomura,Katsuya,"Toyota Central R&D Labs., Inc.",1,True
10.1007/s00158-018-02187-2,2,55418078600,Yamasaki S.,Yamasaki,Shintaro,The University of Osaka,1,False
10.1007/s00158-018-02187-2,3,55787947500,Yaji K.,Yaji,Kentaro,The University of Osaka,1,False
10.1007/s00158-018-02187-2,4,57205398498,Bo H.,Bo,Hiroki,The University of Osaka,1,False
10.1007/s00158-018-02187-2,5,56178073900,Takahashi A.,Takahashi,Atsuhiro,"Toyota Central R&D Labs., Inc.",1,True
10.1007/s00158-018-02187-2,6,55118477400,Kojima T.,Kojima,Takashi,"Toyota Central R&D Labs., Inc.",1,True
10.1007/s00158-018-02187-2,7,7404057902,Fujita K.,Fujita,Kikuo,The University of Osaka,1,False
10.1007/s00158-018-1999-y,1,7102295436,Fukada Y.,Fukada,Yoshiki,Toyota Motor Corporation,1,True
10.1007/s00158-018-1999-y,2,57198352602,Minagawa H.,Minagawa,Haruki,Quint Corporation,1,False
10.1007/s00158-018-1999-y,3,57198355821,Nakazato C.,Nakazato,Chikara,Quint Corporation,1,False
10.1007/s00158-018-1999-y,4,54940346000,Nagatani T.,Nagatani,Takaaki,Toyota Motor Corporation,1,True
10.1007/s00158-019-02341-4,1,35606877200,Matsumori T.,Matsumori,Tadayoshi,,0,False
10.1007/s00158-019-02341-4,2,57205936753,Kawamoto A.,Kawamoto,Atsushi,,0,False
10.1007/s00158-019-02341-4,3,7103121714,Kondoh T.,Kondoh,Tsuguo,,0,False
10.1007/s00158-019-02345-0,1,7102295436,Fukada Y.,Fukada,Yoshiki,Toyota Motor Corporation,1,True
10.1007/s00158-019-02418-0,1,7102295436,Fukada Y.,Fukada,Yoshiki,Toyota Motor Corporation,1,True
10.1007/s00339-008-4754-1,1,55502865500,Liu B.,Liu,Bing,"IMRA America, Inc.",1,True
10.1007/s00339-008-4754-1,2,15834833400,Hu Z.,Hu,Zhendong,"IMRA America, Inc.",1,True
10.1007/s00339-008-4754-1,3,14027903500,Che Y.,Che,Yong,"IMRA America, Inc.",1,True
10.1007/s00339-008-4754-1,4,16549113300,Allenic A.,Allenic,Arnold,"University of Michigan, Ann Arbor",1,False
10.1007/s00339-008-4754-1,5,55488826600,Sun K.,Sun,Kai,"University of Michigan, Ann Arbor",1,False
10.1007/s00339-008-4754-1,6,7401930674,Pan X.,Pan,Xiaoqing,"University of Michigan, Ann Arbor",1,False
10.1007/s003400050272,1,7005467080,Fermann M.E.,Fermann,,"IMRA America, Inc.",1,True
10.1007/s003400050272,2,7003316887,Galvanauskas A.,Galvanauskas,,"IMRA America, Inc.",1,True
10.1007/s003400050272,3,22969320600,Sucha G.,Sucha,,"IMRA America, Inc.",1,True
10.1007/s003400050272,4,7005776610,Harter D.,Harter,,"IMRA America, Inc.",1,True
10.1007/s10853-020-05169-2,1,59281998700,Inagaki Y.,Inagaki,Yumi,"Toyota Central R&D Labs., Inc.",1,True
10.1007/s10853-020-05169-2,2,57216681714,Kozawa T.,Kozawa,Takahiro,"Toyota Central R&D Labs., Inc.",1,True
10.1007/s10853-020-05169-2,3,7402402850,Yano K.,Yano,Kazuhisa,"Toyota Central R&D Labs., Inc.",1,True
10.1007/s10853-020-05169-2,4,57206351925,Nakamura T.,Nakamura,Tadashi,"Toyota Central R&D Labs., Inc.",1,True
10.1007/s10854-020-03211-2,1,7403584413,Satoh T.,Satoh,Toshikazu,"Toyota Central R&D Labs., Inc.",1,True
10.1007/s10854-020-03211-2,2,10141509200,Usui M.,Usui,Masanori,"Toyota Central R&D Labs., Inc.",1,True
10.1007/s10915-025-02846-9,1,57221135406,Inoue D.,Inoue,Daisuke,"Toyota Central R&D Labs., Inc.",1,True
10.1007/s10915-025-02846-9,2,56739624300,Ito Y.,Ito,Yuji,"Toyota Central R&D Labs., Inc.",1,True
10.1007/s10915-025-02846-9,3,55388733500,Kashiwabara T.,Kashiwabara,Takahito,The University of Tokyo,1,False
10.1007/s10915-025-02846-9,4,7402347929,Saito N.,Saito,Norikazu,The University of Tokyo,1,False
10.1007/s10915-025-02846-9,5,55983427900,Yoshida H.,Yoshida,Hiroaki,"Toyota Central R&D Labs., Inc.",1,True
10.1007/s11340-019-00552-w,1,56611763500,Akai A.,Akai,,"Toyota Central R&D Labs., Inc.",1,True
10.1007/s11340-019-00552-w,2,6603245219,Shiozawa D.,Shiozawa,,Kobe University,1,False
10.1007/s11340-019-00552-w,3,57211637096,Yamada T.,Yamada,,Kobe University,1,False
10.1007/s11340-019-00552-w,4,7006590429,Sakagami T.,Sakagami,,Kobe University,1,False
10.1007/s12010-019-03108-9,1,56710934900,Ishida N.,Ishida,Nobuhiro,"Toyota Central R&D Labs., Inc.",1,True
10.1007/s12010-019-03108-9,2,57209261545,Hosokawa Y.,Hosokawa,Yoichi,"Toyota Central R&D Labs., Inc.",1,True
10.1007/s12010-019-03108-9,3,7005804583,Imaeda T.,Imaeda,Takao,"Toyota Central R&D Labs., Inc.",1,True
10.1007/s12010-019-03108-9,4,24168376500,Hatanaka T.,Hatanaka,Takaaki,"Toyota Central R&D Labs., Inc.",1,True
10.1007/s12039-011-0066-7,1,6602287081,Chandrasekharam M.,Chandrasekharam,,Indian Institute of Chemical Technology,1,False
10.1007/s12039-011-0066-7,2,37012800300,Srinivasarao C.,Srinivasarao,,Indian Institute of Chemical Technology,1,False
10.1007/s12039-011-0066-7,3,57194152053,Suresh T.,Suresh,,Indian Institute of Chemical Technology,1,False
10.1007/s12039-011-0066-7,4,57195426255,Reddy M.A.,Reddy,M. Anil,Indian Institute of Chemical Technology,1,False
10.1007/s12039-011-0066-7,5,57185574100,Raghavender M.,Raghavender,,"IMRA Japan Co., Ltd.",1,True
10.1007/s12039-011-0066-7,6,37012947900,Rajkumar G.,Rajkumar,,"IMRA Japan Co., Ltd.",1,True
10.1007/s12039-011-0066-7,7,37012917200,Srinivasu M.,Srinivasu,,"IMRA Japan Co., Ltd.",1,True
10.1007/s12039-011-0066-7,8,7402570154,Reddy P.Y.,Reddy,P. Yella,"IMRA Japan Co., Ltd.",1,True
10.1007/s12039-011-0096-1,1,6602917953,Giribabu L.,Giribabu,,Indian Institute of Chemical Technology,1,False
10.1007/s12039-011-0096-1,2,57204196746,Singh V.K.,Singh,Varun Kumar,Indian Institute of Chemical Technology,1,False
10.1007/s12039-011-0096-1,3,37012917200,Srinivasu M.,Srinivasu,,Indian Institute of Chemical Technology,1,False
10.1007/s12039-011-0096-1,4,57213091616,Kumar C.V.,Kumar,Ch Vijay,Indian Institute of Chemical Technology,1,False
10.1007/s12039-011-0096-1,5,13406666600,Reddy V.G.,Reddy,V. Gopal,"IMRA Japan Co., Ltd.",1,True
10.1007/s12039-011-0096-1,6,47861453600,Soujnya Y.,Soujnya,,Indian Institute of Chemical Technology,1,False
10.1007/s12039-011-0096-1,7,7402570154,Reddy P.Y.,Reddy,P. Yella,"IMRA Japan Co., Ltd.",1,True
10.1016/0030-4018(96)00403-8,1,6603931112,Hariharan A.,Hariharan,,"IMRA America, Inc.",1,True
10.1016/0030-4018(96)00403-8,2,7005776610,Harter D.J.,Harter,,"IMRA America, Inc.",1,True
10.1016/0030-4018(96)00403-8,3,7004618098,Sosnowski T.S.,Sosnowski,Thomas S.,Michigan Engineering,1,False
10.1016/0030-4018(96)00403-8,4,7103251301,Kane S.,Kane,Steve,Michigan Engineering,1,False
10.1016/0030-4018(96)00403-8,5,7202610850,Du D.,Du,Detao,Michigan Engineering,1,False
10.1016/0030-4018(96)00403-8,6,7103410593,Norris T.B.,Norris,,Michigan Engineering,1,False
10.1016/0030-4018(96)00403-8,7,7006753769,Squier J.,Squier,Jeff,Electrical and Computer Engineering Department,1,False
10.1016/bs.mie.2021.06.038,1,56423103900,Nguyen V.P.,Nguyen,Van Phuc,University of Michigan Medical School; Dại học Nguyen Tat Thanh,2,False
10.1016/bs.mie.2021.06.038,2,57199691486,Qian W.,Qian,Wei,"IMRA America, Inc.",1,True
10.1016/bs.mie.2021.06.038,3,55174162600,Wang X.,Wang,Xueding,"University of Michigan, Ann Arbor",1,False
10.1016/bs.mie.2021.06.038,4,23467702900,Paulus Y.M.,Paulus,Yannis M.,"University of Michigan Medical School; University of Michigan, Ann Arbor",2,False
10.1016/j.ab.2004.10.045,1,6506260582,Shigemori Y.,Shigemori,Yasushi,"Kazusa DNA Research Institute; IMRA Japan Co., Ltd.",2,True
10.1016/j.ab.2005.03.016,1,6506260582,Shigemori Y.,Shigemori,Yasushi,"Kazusa DNA Research Institute; IMRA Japan Co., Ltd.",2,True
10.1016/j.ab.2009.05.013,1,7007141508,Mikawa T.,Mikawa,Tsutomu,Riken; Yokohama City University; RIKEN SPring-8 Center,3,False
10.1016/j.ab.2009.05.013,2,14028460200,Inoue J.,Inoue,Jin,Riken; Yokohama City University,2,False
10.1016/j.ab.2009.05.013,3,6506260582,Shigemori Y.,Shigemori,Yasushi,"IMRA Japan Co., Ltd.",1,True
10.1016/j.actamat.2018.11.058,1,6507201117,Nagasako N.,Nagasako,Naoyuki,"Toyota Central R&D Labs., Inc.",1,True
10.1016/j.actamat.2018.11.058,2,36168650300,Suzumura A.,Suzumura,Akitoshi,"Toyota Central R&D Labs., Inc.",1,True
10.1016/j.actamat.2018.11.058,3,6603791613,Asahi R.,Asahi,Ryoji,"Toyota Central R&D Labs., Inc.",1,True
10.1016/j.apcata.2019.02.033,1,37061151100,Kikugawa M.,Kikugawa,Masashi,"Toyota Central R&D Labs., Inc.",1,True
10.1016/j.apcata.2019.02.033,2,7402217791,Yamazaki K.,Yamazaki,Kiyoshi,"Toyota Central R&D Labs., Inc.",1,True
10.1016/j.apcata.2019.02.033,3,57207199294,Kato A.,Kato,Akihiko,"Toyota Central R&D Labs., Inc.",1,True
10.1016/j.apcata.2019.02.033,4,56895793800,Uyama T.,Uyama,Takeshi,"Toyota Central R&D Labs., Inc.",1,True
10.1016/j.apcata.2019.02.033,5,59054670000,Takahashi N.,Takahashi,Naoki,"Toyota Central R&D Labs., Inc.",1,True
10.1016/j.apcata.2019.02.033,6,6602487165,Shinjoh H.,Shinjoh,Hirofumi,"Toyota Central R&D Labs., Inc.",1,True
10.1016/j.apcata.2019.06.003,1,56970429200,Sakai M.,Sakai,Masatoshi,"Toyota Central R&D Labs., Inc.",1,True
10.1016/j.apcata.2019.06.003,2,7102806434,Hamaguchi T.,Hamaguchi,Tsuyoshi,"Toyota Central R&D Labs., Inc.",1,True
10.1016/j.apcata.2019.06.003,3,55628537587,Tanaka T.,Tanaka,Toshiyuki,"Toyota Central R&D Labs., Inc.",1,True
10.1016/j.apcatb.2021.119965,1,57204698271,Goto Y.,Goto,Yasutomo,"Toyota Central R&D Labs., Inc.",1,True
10.1016/j.apcatb.2021.119965,2,57203230970,Yamanaka K.-I.,Yamanaka,Ken-ichi,"Toyota Central R&D Labs., Inc.",1,True
10.1016/j.apcatb.2021.119965,3,55127247600,Ohashi M.,Ohashi,Masataka,"Toyota Central R&D Labs., Inc.",1,True
10.1016/j.apcatb.2021.119965,4,14123824200,Maegawa Y.,Maegawa,Yoshifumi,"Toyota Central R&D Labs., Inc.",1,True
10.1016/j.apcatb.2021.119965,5,35448765100,Inagaki S.,Inagaki,Shinji,"Toyota Central R&D Labs., Inc.",1,True
10.1016/j.apcatb.2022.121600,1,22036811600,Suzuki T.M.,Suzuki,Tomiko M.,"Toyota Central R&D Labs., Inc.",1,True
10.1016/j.apcatb.2022.121600,2,57190847488,Yoshino S.,Yoshino,Shunya,Tokyo University of Science,1,False
10.1016/j.apcatb.2022.121600,3,54401616800,Sekizawa K.,Sekizawa,Keita,"Toyota Central R&D Labs., Inc.",1,True
10.1016/j.apcatb.2022.121600,4,57051948900,Yamaguchi Y.,Yamaguchi,Yuichi,Tokyo University of Science,1,False
10.1016/j.apcatb.2022.121600,5,35450315500,Kudo A.,Kudo,Akihiko,Tokyo University of Science,1,False
10.1016/j.apcatb.2022.121600,6,35547016000,Morikawa T.,Morikawa,Takeshi,"Toyota Central R&D Labs., Inc.",1,True
10.1016/j.apcatb.2022.122030,1,55519838700,Higashi S.,Higashi,Shougo,"Toyota Central R&D Labs., Inc.",1,True
10.1016/j.apcatb.2022.122030,2,8377037900,Beniya A.,Beniya,Atsushi,"Toyota Central R&D Labs., Inc.",1,True
10.1016/j.apcatb.2022.122352,1,7402217791,Yamazaki K.,Yamazaki,Kiyoshi,"Toyota Central R&D Labs., Inc.",1,True
10.1016/j.apcatb.2022.122352,2,55450338100,Matsumoto M.,Matsumoto,Mitsuru,"Toyota Central R&D Labs., Inc.",1,True
10.1016/j.apcatb.2022.122352,3,57606737300,Ishikawa M.,Ishikawa,Marie,Toyota Motor Corporation,1,True
10.1016/j.apcatb.2022.122352,4,57189053379,Sato A.,Sato,Akinori,Toyota Motor Corporation,1,True
10.1016/j.apenergy.2018.06.015,1,7005351263,Hazama H.,Hazama,Hirofumi,"Toyota Central R&D Labs., Inc.",1,True
10.1016/j.apenergy.2018.06.015,2,6602849868,Masuoka Y.,Masuoka,Yumi,"Toyota Central R&D Labs., Inc.",1,True
10.1016/j.apenergy.2018.06.015,3,36168650300,Suzumura A.,Suzumura,Akitoshi,"Toyota Central R&D Labs., Inc.",1,True
10.1016/j.apenergy.2018.06.015,4,24171770200,Matsubara M.,Matsubara,Masato,"Toyota Central R&D Labs., Inc.",1,True
10.1016/j.apenergy.2018.06.015,5,7202589372,Tajima S.,Tajima,Shin,"Toyota Central R&D Labs., Inc.",1,True
10.1016/j.apenergy.2018.06.015,6,6603791613,Asahi R.,Asahi,Ryoji,"Toyota Central R&D Labs., Inc.",1,True
10.1016/j.apenergy.2019.05.065,1,26429801100,Kugimoto K.,Kugimoto,,"Toyota Central R&D Labs., Inc.; Nagoya University",2,True
10.1016/j.apenergy.2019.05.065,2,7201928979,Hirota Y.,Hirota,,"Toyota Central R&D Labs., Inc.",1,True
10.1016/j.apenergy.2019.05.065,3,36103554200,Yamauchi T.,Yamauchi,,"Toyota Central R&D Labs., Inc.",1,True
10.1016/j.apenergy.2019.05.065,4,56501147300,Yamaguchi H.,Yamaguchi,,Nagoya University,1,False
10.1016/j.apenergy.2019.05.065,5,57209755803,Niimi T.,Niimi,,Nagoya University,1,False
10.1016/j.apenergy.2022.119773,1,57200916312,Sayama S.,Sayama,Shogo,"Toyota Central R&D Labs., Inc.",1,True
10.1016/j.apenergy.2022.119773,2,55475493100,Yamamoto S.,Yamamoto,Seiji,"Toyota Central R&D Labs., Inc.",1,True
10.1016/j.applthermaleng.2025.128860,1,26429801100,Kugimoto K.,Kugimoto,Ko,"Toyota Central R&D Labs., Inc.",1,True
10.1016/j.applthermaleng.2025.128860,2,57202577107,Hirai T.,Hirai,Takayuki,"Toyota Central R&D Labs., Inc.",1,True
10.1016/j.applthermaleng.2025.128860,3,60200082900,Kaneko T.,Kaneko,Takanori,"Toyota Central R&D Labs., Inc.",1,True
10.1016/j.apsusc.2019.144813,1,7005484082,Murase A.,Murase,Atsushi,"Toyota Central R&D Labs., Inc.",1,True
10.1016/j.apsusc.2019.144813,2,58912635700,Kato Y.,Kato,Yuichi,"Toyota Central R&D Labs., Inc.",1,True
10.1016/j.apsusc.2019.144813,3,36457070700,Sudo E.,Sudo,Eiichi,"Toyota Central R&D Labs., Inc.",1,True
10.1016/j.apsusc.2020.146058,1,6602311063,Isomura N.,Isomura,Noritake,"Toyota Central R&D Labs., Inc.",1,True
10.1016/j.apsusc.2020.146058,2,55975936200,Kikuta D.,Kikuta,Daigo,"Toyota Central R&D Labs., Inc.",1,True
10.1016/j.apsusc.2020.146058,3,55134537100,Takahashi N.,Takahashi,Naoko,"Toyota Central R&D Labs., Inc.",1,True
10.1016/j.apsusc.2020.146058,4,57194635568,Kosaka S.,Kosaka,Satoru,"Toyota Central R&D Labs., Inc.",1,True
10.1016/j.apsusc.2020.146058,5,13408171400,Kataoka K.,Kataoka,Keita,"Toyota Central R&D Labs., Inc.",1,True
10.1016/j.apsusc.2022.155198,1,6602311063,Isomura N.,Isomura,Noritake,"Toyota Central R&D Labs., Inc.",1,True
10.1016/j.apsusc.2022.155198,2,57194635568,Kosaka S.,Kosaka,Satoru,"Toyota Central R&D Labs., Inc.",1,True
10.1016/j.apsusc.2022.155198,3,55134537100,Takahashi N.,Takahashi,Naoko,"Toyota Central R&D Labs., Inc.",1,True
10.1016/j.asoc.2019.105682,1,26638360000,Ohno H.,Ohno,Hiroshi,"Toyota Central R&D Labs., Inc.",1,True
10.1016/j.asoc.2019.105932,1,26638360000,Ohno H.,Ohno,Hiroshi,"Toyota Central R&D Labs., Inc.",1,True
10.1016/j.automatica.2019.108769,1,56739624300,Ito Y.,Ito,Yuji,"Toyota Central R&D Labs., Inc.",1,True
10.1016/j.automatica.2019.108769,2,7202025866,Kamal M.A.S.,Kamal,Md Abdus Samad,Gunma University,1,False
10.1016/j.automatica.2019.108769,3,7402915094,Yoshimura T.,Yoshimura,Takayoshi,"Toyota Central R&D Labs., Inc.",1,True
10.1016/j.automatica.2019.108769,4,7005048803,Azuma S.-I.,Azuma,Shun-ichi,Nagoya University,1,False
10.1016/j.automatica.2024.111901,1,56739624300,Ito Y.,Ito,Yuji,"Toyota Central R&D Labs., Inc.",1,True
10.1016/j.automatica.2024.111901,2,7403304242,Fujimoto K.,Fujimoto,Kenji,Graduate School of Engineering,1,False
10.1016/j.automatica.2024.111901,3,8902896000,Tadokoro Y.,Tadokoro,Yukihiro,"Toyota Central R&D Labs., Inc.",1,True
10.1016/j.automatica.2025.112621,1,57204569626,Moriyasu R.,Moriyasu,Ryuta,"Toyota Central R&D Labs., Inc.",1,True
10.1016/j.automatica.2025.112621,2,57223436864,Kawaguchi S.,Kawaguchi,Sho,Toyota Industries Corporation,1,True
10.1016/j.automatica.2025.112621,3,35304931200,Kashima K.,Kashima,Kenji,Kyoto University,1,False
10.1016/j.bbrc.2020.05.213,1,57537957300,Otomo K.,Otomo,Kohei,National Institutes of Natural Sciences - Exploratory Research Center on Life and Living Systems; National Institutes of Natural Sciences - National Institute for Physiological Sciences; The Graduate University for Advanced Studies; Hokkaido University,5,False
10.1016/j.bbrc.2020.05.213,2,57208652623,Goto A.,Goto,Ai,Hokkaido University,2,False
10.1016/j.bbrc.2020.05.213,3,57217279854,Yamanaka Y.,Yamanaka,Yumi,Hokkaido University,2,False
10.1016/j.bbrc.2020.05.213,4,57217281449,Hori T.,Hori,Takashi,"IMRA America, Inc.",1,True
10.1016/j.bbrc.2020.05.213,5,57203293310,Nakayama H.,Nakayama,Hiroshi,Yokogawa Electric Corp,1,False
10.1016/j.bbrc.2020.05.213,6,8320101600,Nemoto T.,Nemoto,Tomomi,National Institutes of Natural Sciences - Exploratory Research Center on Life and Living Systems; National Institutes of Natural Sciences - National Institute for Physiological Sciences; The Graduate University for Advanced Studies; Hokkaido University,5,False
10.1016/j.bbrc.2021.10.018,1,55980050900,Katayama S.,Katayama,Shota,"IMRA Japan Co., Ltd.; Aisin Corporation",2,True
10.1016/j.bbrc.2021.10.018,2,57222314985,Andou M.,Andou,Masao,"IMRA Japan Co., Ltd.",1,True
10.1016/j.buildenv.2025.112828,1,8570254300,Tokuhiro K.,Tokuhiro,Kenro,"Toyota Central R&D Labs., Inc.",1,True
10.1016/j.buildenv.2025.112828,2,57206531575,Sugimoto H.,Sugimoto,Hiroki,"Toyota Central R&D Labs., Inc.",1,True
10.1016/j.buildenv.2025.112828,3,59753140900,Ikeuchi A.,Ikeuchi,Akinori,"Toyota Central R&D Labs., Inc.",1,True
10.1016/j.buildenv.2025.112828,4,59721338200,Tsujie T.,Tsujie,Takeshi,Minami Aoyama,1,False
10.1016/j.buildenv.2025.112828,5,59721697600,Wada E.,Wada,Eriko,Ltd.,1,False
10.1016/j.buildenv.2025.112828,6,7201730707,Muramatsu M.,Muramatsu,Masayoshi,Toyota Motor Corporation,1,True
10.1016/j.buildenv.2025.112828,7,6602873403,Ohto C.,Ohto,Chikara,Toyota Motor Corporation,1,True
10.1016/j.carbon.2020.07.047,1,57224978810,Kumano N.,Kumano,Naomi,"Toyota Central R&D Labs., Inc.",1,True
10.1016/j.carbon.2020.07.047,2,37063492600,Kudo K.,Kudo,Kenji,"Toyota Central R&D Labs., Inc.",1,True
10.1016/j.carbon.2020.07.047,3,23003595000,Akimoto Y.,Akimoto,Yusuke,"Toyota Central R&D Labs., Inc.",1,True
10.1016/j.carbon.2020.07.047,4,8217114600,Ishii M.,Ishii,Masahiko,"Toyota Central R&D Labs., Inc.",1,True
10.1016/j.carbon.2020.07.047,5,55624478385,Nakamura H.,Nakamura,Hiroshi,"Toyota Central R&D Labs., Inc.",1,True
10.1016/j.carbon.2023.118381,1,11039578700,Iyo A.,Iyo,Akira,National Institute of Advanced Industrial Science and Technology,1,False
10.1016/j.carbon.2023.118381,2,7004125383,Fujihisa H.,Fujihisa,Hiroshi,National Institute of Advanced Industrial Science and Technology,1,False
10.1016/j.carbon.2023.118381,3,7201963235,Gotoh Y.,Gotoh,Yoshito,National Institute of Advanced Industrial Science and Technology,1,False
10.1016/j.carbon.2023.118381,4,25923470800,Ishida S.,Ishida,Shigeyuki,National Institute of Advanced Industrial Science and Technology,1,False
10.1016/j.carbon.2023.118381,5,7005867924,Eisaki H.,Eisaki,Hiroshi,National Institute of Advanced Industrial Science and Technology,1,False
10.1016/j.carbon.2023.118381,6,55209020500,Ogino H.,Ogino,Hiraku,National Institute of Advanced Industrial Science and Technology,1,False
10.1016/j.carbon.2023.118381,7,57202286282,Kawashima K.,Kawashima,Kenji,"National Institute of Advanced Industrial Science and Technology; IMRA Japan Co., Ltd.",2,True
10.1016/j.carbon.2024.119120,1,57857209500,Fukaya N.,Fukaya,Norihiro,"Toyota Central R&D Labs., Inc.",1,True
10.1016/j.carbon.2024.119120,2,57212809765,De Silva K.K.H.,De Silva,K. Kanishka H.,Toyota Technological Institute,1,True
10.1016/j.carbon.2024.119120,3,7403136411,Yoshimura M.,Yoshimura,Masamichi,Toyota Technological Institute,1,True
10.1016/j.carbon.2024.119120,4,57194089679,Hirai H.,Hirai,Hirotoshi,"Toyota Central R&D Labs., Inc.",1,True
10.1016/j.carbon.2024.119120,5,55983427900,Yoshida H.,Yoshida,Hiroaki,"Toyota Central R&D Labs., Inc.",1,True
10.1016/j.carbon.2024.119120,6,57205758604,Tanaka H.,Tanaka,Hiroya,"Toyota Central R&D Labs., Inc.",1,True
10.1016/j.carbon.2024.119664,1,42361568400,Oka H.,Oka,Hideaki,"Toyota Central R&D Labs., Inc.",1,True
10.1016/j.carbon.2024.119664,2,6603164329,Setoyama N.,Setoyama,Norihiko,"Toyota Central R&D Labs., Inc.",1,True
10.1016/j.carbon.2024.119664,3,59154584700,Matsuhara S.,Matsuhara,Shinsuke,Toyota Motor Corporation,1,True
10.1016/j.cattod.2018.07.046,1,56240908600,Dong F.,Dong,Fei,"Toyota Central R&D Labs., Inc.",1,True
10.1016/j.cattod.2018.07.046,2,57206439824,Tanabe T.,Tanabe,Toshitaka,"Toyota Central R&D Labs., Inc.",1,True
10.1016/j.cattod.2018.07.046,3,59054670000,Takahashi N.,Takahashi,Naoki,"Toyota Central R&D Labs., Inc.",1,True
10.1016/j.cattod.2018.07.046,4,6602487165,Shinjoh H.,Shinjoh,Hirofumi,"Toyota Central R&D Labs., Inc.",1,True
10.1016/j.cattod.2020.08.019,1,56240908600,Dong F.,Dong,Fei,"Toyota Central R&D Labs., Inc.",1,True
10.1016/j.cattod.2020.08.019,2,7402217791,Yamazaki K.,Yamazaki,Kiyoshi,"Toyota Central R&D Labs., Inc.",1,True
10.1016/j.cattod.2025.115254,1,58161220600,Hong K.,Hong,Kiheon,George R. Brown School of Engineering and Computing,1,False
10.1016/j.cattod.2025.115254,2,55271515700,Elias W.C.,Elias,Welman C.,George R. Brown School of Engineering and Computing,1,False
10.1016/j.cattod.2025.115254,3,15019550700,Heck K.N.,Heck,Kimberly N.,George R. Brown School of Engineering and Computing,1,False
10.1016/j.cattod.2025.115254,4,56007536400,Terlier T.,Terlier,Tanguy,Rice University,1,False
10.1016/j.cattod.2025.115254,5,59664009200,Dimpel D.,Dimpel,Dimpel,Rice University,1,False
10.1016/j.cattod.2025.115254,6,59783157900,Qian W.,Qian,Wei,IMRA America,1,True
10.1016/j.cattod.2025.115254,7,59664009300,Liu B.,Liu,Bing,IMRA America,1,True
10.1016/j.cattod.2025.115254,8,59663963800,Kurihara T.,Kurihara,Takao,IMRA America,1,True
10.1016/j.cattod.2025.115254,9,7403908683,Wong M.S.,Wong,Michael S.,George R. Brown School of Engineering and Computing; Rice University,6,False
10.1016/j.cej.2025.170753,1,56530053400,Harada M.,Harada,Masashi,"Toyota Central R&D Labs., Inc.",1,True
10.1016/j.cej.2025.170753,2,36857846800,Hasegawa N.,Hasegawa,Naoki,"Toyota Central R&D Labs., Inc.",1,True
10.1016/j.cej.2025.170753,3,57207199294,Kato A.,Kato,Akihiko,"Toyota Central R&D Labs., Inc.",1,True
10.1016/j.cej.2025.170753,4,56298288100,Higuchi Y.,Higuchi,Yuki,"Toyota Central R&D Labs., Inc.",1,True
10.1016/j.cej.2025.170753,5,57199806946,Kato S.,Kato,Satoru,"Toyota Central R&D Labs., Inc.",1,True
10.1016/j.cej.2025.170753,6,57218991157,Song F.,Song,Fangzhou,J-PARC Center,1,False
10.1016/j.cej.2025.170753,7,7102085149,Iwase H.,Iwase,Hiroki,Comprehensive Research Organization for Science and Society,1,False
10.1016/j.cej.2025.170753,8,7103046468,Takata S.-I.,Takata,Shin-ichi,J-PARC Center,1,False
10.1016/j.ceramint.2018.08.177,1,57191988304,Nakamura D.,Nakamura,Daisuke,"Toyota Central R&D Labs., Inc.",1,True
10.1016/j.ceramint.2018.08.177,2,59758510000,Shigetoh K.,Shigetoh,Keisuke,"Toyota Central R&D Labs., Inc.",1,True
10.1016/j.ceramint.2018.08.177,3,8522430400,Kimura T.,Kimura,Taishi,"Toyota Central R&D Labs., Inc.",1,True
10.1016/j.cma.2019.112763,1,55502243000,Tanaka M.,Tanaka,Masato,"Toyota Central R&D Labs., Inc.",1,True
10.1016/j.cma.2019.112763,2,56132104000,Sasagawa T.,Sasagawa,Takashi,"Toyota Central R&D Labs., Inc.",1,True
10.1016/j.cma.2019.112763,3,57212653832,Omote R.,Omote,Ryuji,"Toyota Central R&D Labs., Inc.",1,True
10.1016/j.cma.2019.112763,4,7005987720,Fujii F.,Fujii,Fumio,Gifu University,1,False
10.1016/j.cma.2023.116187,1,57209245060,Yuhn C.,Yuhn,Changyoung,"Toyota Central R&D Labs., Inc.",1,True
10.1016/j.cma.2023.116187,2,57225212672,Sato Y.,Sato,Yuki,"Toyota Central R&D Labs., Inc.",1,True
10.1016/j.cma.2023.116187,3,57210378515,Kobayashi H.,Kobayashi,Hiroki,"Toyota Central R&D Labs., Inc.",1,True
10.1016/j.cma.2023.116187,4,57205936753,Kawamoto A.,Kawamoto,Atsushi,"Toyota Central R&D Labs., Inc.",1,True
10.1016/j.cma.2023.116187,5,35240649900,Nomura T.,Nomura,Tsuyoshi,"Toyota Central R&D Labs., Inc.",1,True
10.1016/j.compositesa.2019.105514,1,55318169400,Sasayama T.,Sasayama,Toshiki,"Toyota Central R&D Labs., Inc.",1,True
10.1016/j.compositesa.2019.105514,2,8404324100,Inagaki M.,Inagaki,Masahide,"Toyota Central R&D Labs., Inc.",1,True
10.1016/j.compositesa.2019.105514,3,7404180471,Sato N.,Sato,Norikazu,"Toyota Central R&D Labs., Inc.",1,True
10.1016/j.compositesa.2020.106115,1,55318169400,Sasayama T.,Sasayama,Toshiki,"Toyota Central R&D Labs., Inc.",1,True
10.1016/j.compositesa.2020.106115,2,7404180471,Sato N.,Sato,Norikazu,"Toyota Central R&D Labs., Inc.",1,True
10.1016/j.compositesa.2020.106115,3,26654243400,Katagiri Y.,Katagiri,Yoshihide,"Toyota Central R&D Labs., Inc.",1,True
10.1016/j.compositesa.2020.106115,4,57219088216,Murayama Y.,Murayama,Yuko,"Toyota Central R&D Labs., Inc.",1,True
10.1016/j.compositesa.2021.106338,1,57202577107,Hirai T.,Hirai,Takayuki,"Toyota Central R&D Labs., Inc.",1,True
10.1016/j.compositesa.2021.106338,2,55646798500,Amano K.,Amano,Kumi,"Toyota Central R&D Labs., Inc.",1,True
10.1016/j.compositesa.2021.106338,3,55315315500,Onochi Y.,Onochi,Yusaku,Toyota Motor Corporation,1,True
10.1016/j.compositesa.2021.106338,4,57203440006,Inoue Y.,Inoue,Yoshinori,"Toyota Central R&D Labs., Inc.",1,True
10.1016/j.compositesb.2019.107187,1,35240649900,Nomura T.,Nomura,Tsuyoshi,"Toyota Central R&D Labs., Inc.; Toyota Research Institute of North America",2,True
10.1016/j.compositesb.2019.107187,2,57205936753,Kawamoto A.,Kawamoto,Atsushi,"Toyota Central R&D Labs., Inc.",1,True
10.1016/j.compositesb.2019.107187,3,7103121714,Kondoh T.,Kondoh,Tsuguo,"Toyota Central R&D Labs., Inc.",1,True
10.1016/j.compositesb.2019.107187,4,23469364000,Dede E.M.,Dede,Ercan M.,Toyota Research Institute of North America,1,True
10.1016/j.compositesb.2019.107187,5,54383552000,Lee J.,Lee,Jaewook,Gwangju Institute of Science and Technology,1,False
10.1016/j.compositesb.2019.107187,6,56239171200,Song Y.,Song,Yuyang,Toyota Research Institute of North America,1,True
10.1016/j.compositesb.2019.107187,7,56457601600,Kikuchi N.,Kikuchi,Noboru,"Toyota Central R&D Labs., Inc.; Toyota Research Institute of North America",2,True
10.1016/j.compstruct.2018.06.014,1,56132104000,Sasagawa T.,Sasagawa,Takashi,"Toyota Central R&D Labs., Inc.",1,True
10.1016/j.compstruct.2018.06.014,2,55502243000,Tanaka M.,Tanaka,Masato,"Toyota Central R&D Labs., Inc.",1,True
10.1016/j.compstruct.2018.06.014,3,57212653832,Omote R.,Omote,Ryuji,"Toyota Central R&D Labs., Inc.",1,True
10.1016/j.compstruct.2018.06.014,4,8255613200,Balzani D.,Balzani,Daniel,Technische Universität Dresden,1,False
10.1016/j.conengprac.2019.104114,1,57204569626,Moriyasu R.,Moriyasu,,"Toyota Central R&D Labs., Inc.",1,True
10.1016/j.conengprac.2019.104114,2,57210377513,Nojiri S.,Nojiri,Sayaka,"Toyota Central R&D Labs., Inc.",1,True
10.1016/j.conengprac.2019.104114,3,50162041800,Matsunaga A.,Matsunaga,Akio,Toyota Motor Corporation,1,True
10.1016/j.conengprac.2019.104114,4,55680078600,Nakamura T.,Nakamura,Toshihiro,Toyota Motor Corporation,1,True
10.1016/j.conengprac.2019.104114,5,34872427700,Jimbo T.,Jimbo,Tomohiko,"Toyota Central R&D Labs., Inc.",1,True
10.1016/j.cplett.2007.04.089,1,13404537700,Zeng Y.J.,Zeng,,National Key Laboratory of Silicon and Advanced Semiconductor Materials,1,False
10.1016/j.cplett.2007.04.089,2,7401956997,Ye Z.Z.,Ye,,National Key Laboratory of Silicon and Advanced Semiconductor Materials,1,False
10.1016/j.cplett.2007.04.089,3,55697711600,Lu Y.F.,Lu,,National Key Laboratory of Silicon and Advanced Semiconductor Materials,1,False
10.1016/j.cplett.2007.04.089,4,7601563262,Lu J.G.,Lu,,National Key Laboratory of Silicon and Advanced Semiconductor Materials,1,False
10.1016/j.cplett.2007.04.089,5,53869763000,Xu W.Z.,Xu,,National Key Laboratory of Silicon and Advanced Semiconductor Materials,1,False
10.1016/j.cplett.2007.04.089,6,57204513994,Zhu L.P.,Zhu,,National Key Laboratory of Silicon and Advanced Semiconductor Materials,1,False
10.1016/j.cplett.2007.04.089,7,35451618200,Zhao B.H.,Zhao,,National Key Laboratory of Silicon and Advanced Semiconductor Materials,1,False
10.1016/j.cplett.2007.04.089,8,14027903500,Che Y.,Che,,"IMRA America, Inc.",1,True
10.1016/j.cplett.2008.10.039,1,24541291900,Sayed Md.A.,Sayed,Md. Abu,The Graduate University for Advanced Studies,1,False
10.1016/j.cplett.2008.10.039,2,12143983600,Uno H.,Uno,Hidetaka,The Graduate University for Advanced Studies,1,False
10.1016/j.cplett.2008.10.039,3,35445879000,Harada K.,Harada,Kensuke,Kyushu University,1,False
10.1016/j.cplett.2008.10.039,4,23017067500,Tanaka K.,Tanaka,Keiichi,Kyushu University,1,False
10.1016/j.cplett.2008.10.039,5,57196171331,Kim Y.-H.,Kim,Yong-Hoon,National Institutes of Natural Sciences - Institute for Molecular Science,1,False
10.1016/j.cplett.2008.10.039,6,8501992100,Nakaoki Y.,Nakaoki,Yuichiro,"IMRA Japan Co., Ltd.",1,True
10.1016/j.cplett.2008.10.039,7,36918048700,Okumura K.,Okumura,Koji,"IMRA Japan Co., Ltd.",1,True
10.1016/j.cplett.2008.10.039,8,57214925250,Tero R.,Tero,Ryugo,The Graduate University for Advanced Studies; National Institutes of Natural Sciences - Institute for Molecular Science,2,False
10.1016/j.cplett.2008.10.039,9,35548240500,Urisu T.,Urisu,Tsuneo,The Graduate University for Advanced Studies; National Institutes of Natural Sciences - Institute for Molecular Science,2,False
10.1016/j.elecom.2019.106644,1,57199806946,Kato S.,Kato,Satoru,"Toyota Central R&D Labs., Inc.",1,True
10.1016/j.elecom.2019.106644,2,57206649828,Yamaguchi S.,Yamaguchi,Satoshi,"Toyota Central R&D Labs., Inc.",1,True
10.1016/j.elecom.2019.106644,3,56781448900,Yoshimune W.,Yoshimune,Wataru,"Toyota Central R&D Labs., Inc.",1,True
10.1016/j.elecom.2019.106644,4,7402637795,Matsuoka Y.,Matsuoka,Yoriko,"Toyota Central R&D Labs., Inc.",1,True
10.1016/j.elecom.2019.106644,5,57207199294,Kato A.,Kato,Akihiko,"Toyota Central R&D Labs., Inc.",1,True
10.1016/j.elecom.2019.106644,6,7402580842,Nagai Y.,Nagai,Yasutaka,"Toyota Central R&D Labs., Inc.",1,True
10.1016/j.elecom.2019.106644,7,55731679800,Suzuki T.,Suzuki,Takahisa,"Toyota Central R&D Labs., Inc.",1,True
10.1016/j.elecom.2021.107059,1,57206649828,Yamaguchi S.,Yamaguchi,Satoshi,"Toyota Central R&D Labs., Inc.",1,True
10.1016/j.elecom.2021.107059,2,57199806946,Kato S.,Kato,Satoru,"Toyota Central R&D Labs., Inc.",1,True
10.1016/j.elecom.2021.107059,3,57207199294,Kato A.,Kato,Akihiko,"Toyota Central R&D Labs., Inc.",1,True
10.1016/j.elecom.2021.107059,4,7402637795,Matsuoka Y.,Matsuoka,Yoriko,"Toyota Central R&D Labs., Inc.",1,True
10.1016/j.elecom.2021.107059,5,7402580842,Nagai Y.,Nagai,Yasutaka,"Toyota Central R&D Labs., Inc.",1,True
10.1016/j.elecom.2021.107059,6,55731679800,Suzuki T.,Suzuki,Takahisa,"Toyota Central R&D Labs., Inc.",1,True
10.1016/j.elecom.2021.107099,1,56781448900,Yoshimune W.,Yoshimune,Wataru,"Toyota Central R&D Labs., Inc.",1,True
10.1016/j.elecom.2021.107099,2,56530053400,Harada M.,Harada,Masashi,"Toyota Central R&D Labs., Inc.",1,True
10.1016/j.eml.2020.100867,1,36880853000,Ozaki T.,Ozaki,Takashi,"Toyota Central R&D Labs., Inc.",1,True
10.1016/j.eml.2020.100867,2,7103120347,Hamaguchi K.,Hamaguchi,Kanae,"Toyota Central R&D Labs., Inc.",1,True
10.1016/j.energy.2025.136413,1,57205263026,Kataoka R.,Kataoka,Ryosuke,"Toyota Central R&D Labs., Inc.",1,True
10.1016/j.energy.2025.136413,2,36025628400,Ogimoto K.,Ogimoto,Kazuhiko,Institute of Industrial Science,1,False
10.1016/j.energy.2025.136413,3,35770644600,Iwafune Y.,Iwafune,Yumiko,Institute of Industrial Science,1,False
10.1016/j.energy.2025.136413,4,57205550400,Nishi T.,Nishi,Tomoki,"Toyota Central R&D Labs., Inc.",1,True
10.1016/j.ensm.2021.11.013,1,22985859200,Mukai K.,Mukai,Kazuhiko,"Toyota Central R&D Labs., Inc.",1,True
10.1016/j.ensm.2021.11.013,2,57204152834,Nonaka T.,Nonaka,Takamasa,"Toyota Central R&D Labs., Inc.",1,True
10.1016/j.ensm.2021.11.013,3,56895793800,Uyama T.,Uyama,Takeshi,"Toyota Central R&D Labs., Inc.",1,True
10.1016/j.eswa.2024.126294,1,55513185800,Otaki K.,Otaki,Keisuke,"Toyota Central R&D Labs., Inc.",1,True
10.1016/j.eswa.2024.126294,2,55968890900,Baba Y.,Baba,Yukino,The University of Tokyo,1,False
10.1016/j.exer.2022.109215,1,56423103900,Nguyen V.P.,Nguyen,Van Phuc,University of Michigan Medical School,1,False
10.1016/j.exer.2022.109215,2,57208299472,Henry J.,Henry,Jessica,University of Michigan Medical School,1,False
10.1016/j.exer.2022.109215,3,57847706300,Zhe J.,Zhe,Josh,University of Michigan Medical School,1,False
10.1016/j.exer.2022.109215,4,57847249500,Kieu Q.,Kieu,Quynh,University of Michigan Medical School,1,False
10.1016/j.exer.2022.109215,5,57199691486,Qian W.,Qian,Wei,"IMRA America, Inc.",1,True
10.1016/j.exer.2022.109215,6,35788628200,Fu Y.,Fu,Yingbin,Baylor College of Medicine,1,False
10.1016/j.exer.2022.109215,7,55174162600,Wang X.,Wang,Xueding,"University of Michigan, Ann Arbor",1,False
10.1016/j.exer.2022.109215,8,23467702900,Paulus Y.M.,Paulus,Yannis M.,"University of Michigan Medical School; University of Michigan, Ann Arbor",2,False
10.1016/j.ijheatmasstransfer.2020.120081,1,8525189200,Hashimoto S.,Hashimoto,Shunsuke,"Toyota Central R&D Labs., Inc.",1,True
10.1016/j.ijheatmasstransfer.2020.120081,2,56530053400,Harada M.,Harada,Masashi,"Toyota Central R&D Labs., Inc.",1,True
10.1016/j.ijheatmasstransfer.2020.120081,3,56298288100,Higuchi Y.,Higuchi,Yuki,"Toyota Central R&D Labs., Inc.",1,True
10.1016/j.ijheatmasstransfer.2020.120081,4,15763084600,Matsunaga T.,Matsunaga,Takuro,"Toyota Central R&D Labs., Inc.",1,True
10.1016/j.ijhydene.2019.10.105,1,7202463410,Koike M.,Koike,Makoto,"Toyota Central R&D Labs., Inc.",1,True
10.1016/j.ijhydene.2019.10.105,2,6602517476,Suzuoki T.,Suzuoki,Tetsunori,"Toyota Central R&D Labs., Inc.",1,True
10.1016/j.ijhydene.2024.10.062,1,7102604041,Miyagawa H.,Miyagawa,Hiroshi,"Toyota Central R&D Labs., Inc.",1,True
10.1016/j.ijhydene.2024.10.062,2,6602517476,Suzuoki T.,Suzuoki,Tetsunori,"Toyota Central R&D Labs., Inc.",1,True
10.1016/j.ijhydene.2024.10.062,3,59369270100,Nakatani N.,Nakatani,Norinosuke,Toyota Industries Corporation,1,True
10.1016/j.ijhydene.2024.10.062,4,57224518820,Homma T.,Homma,Takayuki,Toyota Industries Corporation,1,True
10.1016/j.ijhydene.2024.10.062,5,57224521845,Takeuchi Y.,Takeuchi,Yoshitaka,Toyota Industries Corporation,1,True
10.1016/j.ijhydene.2024.11.053,1,7402217791,Yamazaki K.,Yamazaki,Kiyoshi,"Toyota Central R&D Labs., Inc.",1,True
10.1016/j.ijhydene.2024.11.053,2,59098725400,Goto Y.,Goto,Yoshihiro,"Toyota Central R&D Labs., Inc.",1,True
10.1016/j.ijhydene.2024.11.053,3,37061151100,Kikugawa M.,Kikugawa,Masashi,"Toyota Central R&D Labs., Inc.",1,True
10.1016/j.ijhydene.2024.11.053,4,57189053379,Sato A.,Sato,Akinori,Toyota Motor Corporation,1,True
10.1016/j.ijhydene.2024.11.053,5,36731211100,Manaka Y.,Manaka,Yuichi,National Institute of Advanced Industrial Science and Technology,1,False
10.1016/j.ijhydene.2024.11.053,6,7103056770,Nanba T.,Nanba,Tetsuya,National Institute of Advanced Industrial Science and Technology,1,False
10.1016/j.ijhydene.2024.11.053,7,35240947600,Matsumoto H.,Matsumoto,Hideyuki,Institute of Science Tokyo,1,False
10.1016/j.ijhydene.2024.11.053,8,7005004002,Ookawara S.,Ookawara,Shinichi,Institute of Science Tokyo,1,False
10.1016/j.ijhydene.2024.11.178,1,59098725400,Goto Y.,Goto,Yoshihiro,"Toyota Central R&D Labs., Inc.",1,True
10.1016/j.ijhydene.2024.11.178,2,37061151100,Kikugawa M.,Kikugawa,Masashi,"Toyota Central R&D Labs., Inc.",1,True
10.1016/j.ijhydene.2024.11.178,3,7402217791,Yamazaki K.,Yamazaki,Kiyoshi,"Toyota Central R&D Labs., Inc.",1,True
10.1016/j.ijhydene.2024.11.178,4,35240947600,Matsumoto H.,Matsumoto,Hideyuki,Institute of Science Tokyo,1,False
10.1016/j.ijhydene.2024.11.178,5,57191840550,Hamzah A.B.,Hamzah,Anthony Basuni,Institute of Science Tokyo,1,False
10.1016/j.ijhydene.2024.11.178,6,7005004002,Ookawara S.,Ookawara,Shinichi,Institute of Science Tokyo,1,False
10.1016/j.ijhydene.2024.11.178,7,36731211100,Manaka Y.,Manaka,Yuichi,National Institute of Advanced Industrial Science and Technology,1,False
10.1016/j.ijhydene.2024.11.178,8,7103056770,Nanba T.,Nanba,Tetsuya,National Institute of Advanced Industrial Science and Technology,1,False
10.1016/j.ijhydene.2024.11.178,9,57189053379,Sato A.,Sato,Akinori,Toyota Motor Corporation,1,True
10.1016/j.ijhydene.2024.11.178,10,35365779400,Aoki M.,Aoki,Masakazu,"Toyota Central R&D Labs., Inc.",1,True
10.1016/j.intermet.2022.107643,1,57219277958,Koshinuma T.,Koshinuma,Terunari,Tokyo University of Science; National Institute of Advanced Industrial Science and Technology,2,False
10.1016/j.intermet.2022.107643,2,57211599079,Ninomiya H.,Ninomiya,Hiroki,National Institute of Advanced Industrial Science and Technology,1,False
10.1016/j.intermet.2022.107643,3,35465984200,Hase I.,Hase,Izumi,National Institute of Advanced Industrial Science and Technology,1,False
10.1016/j.intermet.2022.107643,4,7004125383,Fujihisa H.,Fujihisa,Hiroshi,National Institute of Advanced Industrial Science and Technology,1,False
10.1016/j.intermet.2022.107643,5,7201963235,Gotoh Y.,Gotoh,Yoshito,National Institute of Advanced Industrial Science and Technology,1,False
10.1016/j.intermet.2022.107643,6,57202286282,Kawashima K.,Kawashima,Kenji,"National Institute of Advanced Industrial Science and Technology; IMRA Japan Co., Ltd.",2,True
10.1016/j.intermet.2022.107643,7,25923470800,Ishida S.,Ishida,Shigeyuki,National Institute of Advanced Industrial Science and Technology,1,False
10.1016/j.intermet.2022.107643,8,56555651100,Yoshida Y.,Yoshida,Yoshiyuki,National Institute of Advanced Industrial Science and Technology,1,False
10.1016/j.intermet.2022.107643,9,7005867924,Eisaki H.,Eisaki,Hiroshi,National Institute of Advanced Industrial Science and Technology,1,False
10.1016/j.intermet.2022.107643,10,55667217200,Nishio T.,Nishio,Taichiro,Tokyo University of Science; National Institute of Advanced Industrial Science and Technology,2,False
10.1016/j.intermet.2022.107643,11,11039578700,Iyo A.,Iyo,Akira,National Institute of Advanced Industrial Science and Technology,1,False
10.1016/j.intermet.2025.108748,1,57219277958,Koshinuma T.,Koshinuma,Terunari,National Institute of Advanced Industrial Science and Technology; Tokyo University of Science,2,False
10.1016/j.intermet.2025.108748,2,7004125383,Fujihisa H.,Fujihisa,Hiroshi,National Institute of Advanced Industrial Science and Technology,1,False
10.1016/j.intermet.2025.108748,3,7201963235,Gotoh Y.,Gotoh,Yoshito,National Institute of Advanced Industrial Science and Technology,1,False
10.1016/j.intermet.2025.108748,4,35465984200,Hase I.,Hase,Izumi,National Institute of Advanced Industrial Science and Technology,1,False
10.1016/j.intermet.2025.108748,5,57202286282,Kawashima K.,Kawashima,Kenji,National Institute of Advanced Industrial Science and Technology; Ltd.,2,False
10.1016/j.intermet.2025.108748,6,25923470800,Ishida S.,Ishida,Shigeyuki,National Institute of Advanced Industrial Science and Technology,1,False
10.1016/j.intermet.2025.108748,7,7005867924,Eisaki H.,Eisaki,Hiroshi,National Institute of Advanced Industrial Science and Technology,1,False
10.1016/j.intermet.2025.108748,8,55209020500,Ogino H.,Ogino,Hiraku,National Institute of Advanced Industrial Science and Technology,1,False
10.1016/j.intermet.2025.108748,9,55667217200,Nishio T.,Nishio,Taichiro,National Institute of Advanced Industrial Science and Technology; Tokyo University of Science,2,False
10.1016/j.intermet.2025.108748,10,11039578700,Iyo A.,Iyo,Akira,National Institute of Advanced Industrial Science and Technology,1,False
10.1016/j.jallcom.2019.02.249,1,7403584413,Satoh T.,Satoh,Toshikazu,"Toyota Central R&D Labs., Inc.",1,True
10.1016/j.jallcom.2019.02.249,2,57206770792,Kume Y.,Kume,Yasuhiro,Aisin Corporation,1,True
10.1016/j.jallcom.2019.02.249,3,10141509200,Usui M.,Usui,Masanori,"Toyota Central R&D Labs., Inc.",1,True
10.1016/j.jallcom.2021.160733,1,11039578700,Iyo A.,Iyo,Akira,National Institute of Advanced Industrial Science and Technology,1,False
10.1016/j.jallcom.2021.160733,2,35465984200,Hase I.,Hase,Izumi,National Institute of Advanced Industrial Science and Technology,1,False
10.1016/j.jallcom.2021.160733,3,7004125383,Fujihisa H.,Fujihisa,Hiroshi,National Institute of Advanced Industrial Science and Technology,1,False
10.1016/j.jallcom.2021.160733,4,7201963235,Gotoh Y.,Gotoh,Yoshito,National Institute of Advanced Industrial Science and Technology,1,False
10.1016/j.jallcom.2021.160733,5,7006199484,Takeshita N.,Takeshita,Nao,National Institute of Advanced Industrial Science and Technology,1,False
10.1016/j.jallcom.2021.160733,6,25923470800,Ishida S.,Ishida,Shigeyuki,National Institute of Advanced Industrial Science and Technology,1,False
10.1016/j.jallcom.2021.160733,7,57211599079,Ninomiya H.,Ninomiya,Hiroki,National Institute of Advanced Industrial Science and Technology,1,False
10.1016/j.jallcom.2021.160733,8,56555651100,Yoshida Y.,Yoshida,Yoshiyuki,National Institute of Advanced Industrial Science and Technology,1,False
10.1016/j.jallcom.2021.160733,9,7005867924,Eisaki H.,Eisaki,Hiroshi,National Institute of Advanced Industrial Science and Technology,1,False
10.1016/j.jallcom.2021.160733,10,57200729332,Hirose H.T.,Hirose,Hishiro T.,National Institute for Materials Science,1,False
10.1016/j.jallcom.2021.160733,11,10640397300,Terashima T.,Terashima,Taichi,National Institute for Materials Science,1,False
10.1016/j.jallcom.2021.160733,12,57202286282,Kawashima K.,Kawashima,Kenji,"National Institute of Advanced Industrial Science and Technology; IMRA Japan Co., Ltd.",2,True
10.1016/j.jbiosc.2019.06.006,1,56981851800,Matsuyama T.,Matsuyama,Takashi,"Toyota Central R&D Labs., Inc.",1,True
10.1016/j.jbiotec.2005.11.004,1,7103404961,Mitani Y.,Mitani,Yasuo,"National Institute of Advanced Industrial Science and Technology, Hokkaido",1,False
10.1016/j.jbiotec.2005.11.004,2,55503747600,Suzuki K.,Suzuki,Katsuhisa,"IMRA Japan Co., Ltd.",1,True
10.1016/j.jbiotec.2005.11.004,3,59273127300,Kondo K.,Kondo,Kazuhiro,"IMRA Japan Co., Ltd.",1,True
10.1016/j.jbiotec.2005.11.004,4,57206368112,Okumura K.,Okumura,Koji,"IMRA Japan Co., Ltd.",1,True
10.1016/j.jbiotec.2005.11.004,5,8965710300,Tamura T.,Tamura,Tomohiro,"National Institute of Advanced Industrial Science and Technology, Hokkaido; Hokkaido University",2,False
10.1016/j.jcis.2023.01.101,1,8525189200,Hashimoto S.,Hashimoto,Shunsuke,"Toyota Central R&D Labs., Inc.",1,True
10.1016/j.jcis.2023.01.101,2,57206649828,Yamaguchi S.,Yamaguchi,Satoshi,"Toyota Central R&D Labs., Inc.",1,True
10.1016/j.jcis.2023.01.101,3,56530053400,Harada M.,Harada,Masashi,"Toyota Central R&D Labs., Inc.",1,True
10.1016/j.jcis.2023.01.101,4,57200163355,Nakajima K.,Nakajima,Kenji,J-PARC Center,1,False
10.1016/j.jcis.2023.01.101,5,55729249600,Kikuchi T.,Kikuchi,Tatsuya,J-PARC Center,1,False
10.1016/j.jcis.2023.01.101,6,7101800459,Ohishi K.,Ohishi,Kazuki,Comprehensive Research Organization for Science and Society,1,False
10.1016/j.jcis.2025.139769,1,24168827500,Makino S.,Makino,Soichiro,"Toyota Central R&D Labs., Inc.",1,True
10.1016/j.jcis.2025.139769,2,8217114600,Ishii M.,Ishii,Masahiko,"Toyota Central R&D Labs., Inc.",1,True
10.1016/j.jcis.2025.139769,3,35584643100,Kawauchi S.,Kawauchi,Shigehiro,"Toyota Central R&D Labs., Inc.",1,True
10.1016/j.jcis.2025.139769,4,15826949000,Sasaki M.,Sasaki,Megumi,"Toyota Central R&D Labs., Inc.",1,True
10.1016/j.jcis.2025.139769,5,60335376500,Akimoto Y.,Akimoto,Yusuke,"Toyota Central R&D Labs., Inc.",1,True
10.1016/j.jcis.2025.139769,6,55624478385,Nakamura H.,Nakamura,Hiroshi,"Toyota Central R&D Labs., Inc.",1,True
10.1016/j.jcou.2023.102482,1,57222639158,Kunitomi S.,Kunitomi,Seiichi,"Toyota Central R&D Labs., Inc.",1,True
10.1016/j.jcou.2023.102482,2,55568424800,Ogasawara K.,Ogasawara,Kazuto,"Toyota Central R&D Labs., Inc.",1,True
10.1016/j.jcou.2023.102482,3,58249602400,Narita H.,Narita,Hiroyuki,"Toyota Central R&D Labs., Inc.",1,True
10.1016/j.jcou.2023.102482,4,55475493100,Yamamoto S.,Yamamoto,Seiji,"Toyota Central R&D Labs., Inc.",1,True
10.1016/j.jelechem.2020.114250,1,12242083900,Takeshita T.,Takeshita,Tomohiro,"Toyota Central R&D Labs., Inc.",1,True
10.1016/j.jelechem.2020.114250,2,8569530000,Kamitaka Y.,Kamitaka,Yuji,"Toyota Central R&D Labs., Inc.",1,True
10.1016/j.jelechem.2020.114250,3,24376986200,Shinozaki K.,Shinozaki,Kazuma,"Toyota Central R&D Labs., Inc.",1,True
10.1016/j.jelechem.2020.114250,4,36559655600,Kodama K.,Kodama,Kensaku,"Toyota Central R&D Labs., Inc.",1,True
10.1016/j.jelechem.2020.114250,5,7403116341,Morimoto Y.,Morimoto,Yu,"Toyota Central R&D Labs., Inc.",1,True
10.1016/j.jelechem.2021.115115,1,56622183300,Inaba M.,Inaba,Masanori,"Toyota Central R&D Labs., Inc.",1,True
10.1016/j.jelechem.2021.115115,2,8569530000,Kamitaka Y.,Kamitaka,Yuji,"Toyota Central R&D Labs., Inc.",1,True
10.1016/j.jelechem.2021.115115,3,36559655600,Kodama K.,Kodama,Kensaku,"Toyota Central R&D Labs., Inc.",1,True
10.1016/j.jmatprotec.2018.08.021,1,56521270500,Ota E.,Ota,Eiichi,"Toyota Central R&D Labs., Inc.",1,True
10.1016/j.jmatprotec.2018.08.021,2,56370915200,Yogo Y.,Yogo,Yasuhiro,"Toyota Central R&D Labs., Inc.",1,True
10.1016/j.jmatprotec.2018.08.021,3,7202204766,Iwata N.,Iwata,Noritoshi,"Toyota Central R&D Labs., Inc.",1,True
10.1016/j.jmatprotec.2018.08.021,4,7005277374,Nishigaki H.,Nishigaki,Hidekazu,"Toyota Central R&D Labs., Inc.",1,True
10.1016/j.jneumeth.2021.109215,1,7402584059,Iwamoto M.,Iwamoto,Masami,"Toyota Central R&D Labs., Inc.",1,True
10.1016/j.jneumeth.2021.109215,2,57200967392,Hamasaki T.,Hamasaki,Toru,"Toyota Central R&D Labs., Inc.",1,True
10.1016/j.jneumeth.2021.109215,3,7401728998,Asano Y.,Asano,Yoshitaka,Kizawa Memorial Hospital,1,False
10.1016/j.jneumeth.2021.109215,4,7005690958,Shinoda J.,Shinoda,Jun,Graduate School of Medicine,1,False
10.1016/j.joule.2021.01.002,1,7403474409,Kato N.,Kato,Naohiko,"Toyota Central R&D Labs., Inc.",1,True
10.1016/j.joule.2021.01.002,2,36025627800,Mizuno S.,Mizuno,Shintaro,"Toyota Central R&D Labs., Inc.",1,True
10.1016/j.joule.2021.01.002,3,14919955000,Shiozawa M.,Shiozawa,Masahito,"Toyota Central R&D Labs., Inc.",1,True
10.1016/j.joule.2021.01.002,4,57222082086,Nojiri N.,Nojiri,Natsumi,"Toyota Central R&D Labs., Inc.",1,True
10.1016/j.joule.2021.01.002,5,7401615600,Kawai Y.,Kawai,Yasuaki,"Toyota Central R&D Labs., Inc.",1,True
10.1016/j.joule.2021.01.002,6,7102024481,Fukumoto K.,Fukumoto,Kazuhiro,"Toyota Central R&D Labs., Inc.",1,True
10.1016/j.joule.2021.01.002,7,35547016000,Morikawa T.,Morikawa,Takeshi,"Toyota Central R&D Labs., Inc.",1,True
10.1016/j.joule.2021.01.002,8,36009365500,Takeda Y.,Takeda,Yasuhiko,"Toyota Central R&D Labs., Inc.",1,True
10.1016/j.joule.2021.02.015,1,57220028196,Iwata R.,Iwata,Ryuichi,MIT School of Engineering,1,False
10.1016/j.joule.2021.02.015,2,57197843903,Zhang L.,Zhang,Lenan,MIT School of Engineering,1,False
10.1016/j.joule.2021.02.015,3,57190761775,Wilke K.L.,Wilke,Kyle L.,MIT School of Engineering,1,False
10.1016/j.joule.2021.02.015,4,36910140000,Gong S.,Gong,Shuai,MIT School of Engineering; Shanghai Jiao Tong University,2,False
10.1016/j.joule.2021.02.015,5,55511434000,He M.,He,Mingfu,MIT School of Engineering,1,False
10.1016/j.joule.2021.02.015,6,24824371700,Gallant B.M.,Gallant,Betar M.,MIT School of Engineering,1,False
10.1016/j.joule.2021.02.015,7,7403413981,Wang E.N.,Wang,Evelyn N.,MIT School of Engineering,1,False
10.1016/j.joule.2024.02.010,1,8602755700,Ogihara N.,Ogihara,Nobuhiro,"Toyota Central R&D Labs., Inc.",1,True
10.1016/j.joule.2024.02.010,2,58951943100,Nagaya K.,Nagaya,Katsuhiko,Toyota Motor Corporation,1,True
10.1016/j.joule.2024.02.010,3,55585532600,Yamaguchi H.,Yamaguchi,Hiroyuki,Toyota Motor Corporation,1,True
10.1016/j.joule.2024.02.010,4,8508167400,Kondo Y.,Kondo,Yasuhito,"Toyota Central R&D Labs., Inc.",1,True
10.1016/j.joule.2024.02.010,5,58952115600,Yamada Y.,Yamada,Yuka,"Toyota Central R&D Labs., Inc.",1,True
10.1016/j.joule.2024.02.010,6,57226193972,Horiba T.,Horiba,Takahiro,"Toyota Central R&D Labs., Inc.",1,True
10.1016/j.joule.2024.02.010,7,57201160095,Baba T.,Baba,Takeshi,"Toyota Central R&D Labs., Inc.",1,True
10.1016/j.joule.2024.02.010,8,9433473000,Ohba N.,Ohba,Nobuko,"Toyota Central R&D Labs., Inc.",1,True
10.1016/j.joule.2024.02.010,9,55649838300,Komagata S.,Komagata,Shogo,"Toyota Central R&D Labs., Inc.",1,True
10.1016/j.joule.2024.02.010,10,59845129400,Aoki Y.,Aoki,Yoshifumi,"Toyota Central R&D Labs., Inc.",1,True
10.1016/j.joule.2024.02.010,11,57211270328,Kondo H.,Kondo,Hiroki,"Toyota Central R&D Labs., Inc.",1,True
10.1016/j.joule.2024.02.010,12,57206918686,Sasaki T.,Sasaki,Tsuyoshi,"Toyota Central R&D Labs., Inc.",1,True
10.1016/j.joule.2024.02.010,13,55680276800,Okayama S.,Okayama,Shinobu,Toyota Motor Corporation,1,True
10.1016/j.jphotochemrev.2025.100735,1,35547016000,Morikawa T.,Morikawa,Takeshi,"Toyota Central R&D Labs., Inc.; Tokyo University of Science",2,True
10.1016/j.jphotochemrev.2025.100735,2,22036811600,Suzuki T.M.,Suzuki,Tomiko M.,"Toyota Central R&D Labs., Inc.",1,True
10.1016/j.jphotochemrev.2025.100735,3,57051948900,Yamaguchi Y.,Yamaguchi,Yuichi,Tokyo University of Science,2,False
10.1016/j.jphotochemrev.2025.100735,4,35450315500,Kudo A.,Kudo,Akihiko,Tokyo University of Science,2,False
10.1016/j.jpowsour.2019.02.058,1,57224978810,Kumano N.,Kumano,Naomi,"Toyota Central R&D Labs., Inc.",1,True
10.1016/j.jpowsour.2019.02.058,2,37063492600,Kudo K.,Kudo,Kenji,"Toyota Central R&D Labs., Inc.",1,True
10.1016/j.jpowsour.2019.02.058,3,7006091334,Suda A.,Suda,Akihiko,"Toyota Central R&D Labs., Inc.",1,True
10.1016/j.jpowsour.2019.02.058,4,23003595000,Akimoto Y.,Akimoto,Yusuke,"Toyota Central R&D Labs., Inc.",1,True
10.1016/j.jpowsour.2019.02.058,5,8217114600,Ishii M.,Ishii,Masahiko,"Toyota Central R&D Labs., Inc.",1,True
10.1016/j.jpowsour.2019.02.058,6,55624478385,Nakamura H.,Nakamura,Hiroshi,"Toyota Central R&D Labs., Inc.",1,True
10.1016/j.jpowsour.2019.02.064,1,57204152834,Nonaka T.,Nonaka,Takamasa,"Toyota Central R&D Labs., Inc.",1,True
10.1016/j.jpowsour.2019.02.064,2,55939819700,Kawaura H.,Kawaura,Hiroyuki,"Toyota Central R&D Labs., Inc.",1,True
10.1016/j.jpowsour.2019.02.064,3,6603931411,Makimura Y.,Makimura,Yoshinari,"Toyota Central R&D Labs., Inc.",1,True
10.1016/j.jpowsour.2019.02.064,4,55749528200,Nishimura Y.F.,Nishimura,Yusaku F.,"Toyota Central R&D Labs., Inc.",1,True
10.1016/j.jpowsour.2019.02.064,5,22233498000,Dohmae K.,Dohmae,Kazuhiko,"Toyota Central R&D Labs., Inc.",1,True
10.1016/j.jpowsour.2019.226721,1,55749528200,Nishimura Y.F.,Nishimura,Yusaku F.,"Toyota Central R&D Labs., Inc.",1,True
10.1016/j.jpowsour.2019.226721,2,42361568400,Oka H.,Oka,Hideaki,"Toyota Central R&D Labs., Inc.",1,True
10.1016/j.jpowsour.2019.226721,3,57204152834,Nonaka T.,Nonaka,Takamasa,"Toyota Central R&D Labs., Inc.",1,True
10.1016/j.jpowsour.2019.226721,4,6603931411,Makimura Y.,Makimura,Yoshinari,"Toyota Central R&D Labs., Inc.",1,True
10.1016/j.jpowsour.2019.226721,5,22233498000,Dohmae K.,Dohmae,Kazuhiko,"Toyota Central R&D Labs., Inc.",1,True
10.1016/j.jpowsour.2019.226809,1,7402580842,Nagai Y.,Nagai,Yasutaka,"Toyota Central R&D Labs., Inc.",1,True
10.1016/j.jpowsour.2019.226809,2,36668421400,Eller J.,Eller,Jens,Paul Scherrer Institut,1,False
10.1016/j.jpowsour.2019.226809,3,7101651965,Hatanaka T.,Hatanaka,Tatsuya,"Toyota Central R&D Labs., Inc.",1,True
10.1016/j.jpowsour.2019.226809,4,57206649828,Yamaguchi S.,Yamaguchi,Satoshi,"Toyota Central R&D Labs., Inc.",1,True
10.1016/j.jpowsour.2019.226809,5,57199806946,Kato S.,Kato,Satoru,"Toyota Central R&D Labs., Inc.",1,True
10.1016/j.jpowsour.2019.226809,6,57207199294,Kato A.,Kato,Akihiko,"Toyota Central R&D Labs., Inc.",1,True
10.1016/j.jpowsour.2019.226809,7,58961395400,Marone F.,Marone,Federica,Paul Scherrer Institut,1,False
10.1016/j.jpowsour.2019.226809,8,57202970526,Xu H.,Xu,Hong,Paul Scherrer Institut,1,False
10.1016/j.jpowsour.2019.226809,9,6701311277,Buchi F.N.,Büchi,Felix N.,Paul Scherrer Institut,1,False
10.1016/j.jpowsour.2019.227351,1,55749528200,Nishimura Y.F.,Nishimura,Yusaku F.,"Toyota Central R&D Labs., Inc.",1,True
10.1016/j.jpowsour.2019.227351,2,8508167400,Kondo Y.,Kondo,Yasuhito,"Toyota Central R&D Labs., Inc.",1,True
10.1016/j.jpowsour.2019.227351,3,42361568400,Oka H.,Oka,Hideaki,"Toyota Central R&D Labs., Inc.",1,True
10.1016/j.jpowsour.2019.227464,1,57211270328,Kondo H.,Kondo,Hiroki,"Toyota Central R&D Labs., Inc.",1,True
10.1016/j.jpowsour.2019.227464,2,7202291174,Baba N.,Baba,Naoki,"Toyota Central R&D Labs., Inc.",1,True
10.1016/j.jpowsour.2019.227464,3,6603931411,Makimura Y.,Makimura,Yoshinari,"Toyota Central R&D Labs., Inc.",1,True
10.1016/j.jpowsour.2019.227464,4,7005115731,Itou Y.,Itou,Yuichi,"Toyota Central R&D Labs., Inc.",1,True
10.1016/j.jpowsour.2019.227464,5,55724328500,Kobayashi T.,Kobayashi,Tetsuro,"Toyota Central R&D Labs., Inc.",1,True
10.1016/j.jpowsour.2020.228584,1,57190885118,Yoshino S.,Yoshino,Shuhei,"Toyota Central R&D Labs., Inc.",1,True
10.1016/j.jpowsour.2020.228584,2,56291775500,Shinohara A.,Shinohara,Akihiro,"Toyota Central R&D Labs., Inc.",1,True
10.1016/j.jpowsour.2020.228584,3,36559655600,Kodama K.,Kodama,Kensaku,"Toyota Central R&D Labs., Inc.",1,True
10.1016/j.jpowsour.2020.228584,4,7403116341,Morimoto Y.,Morimoto,Yu,"Toyota Central R&D Labs., Inc.",1,True
10.1016/j.jpowsour.2020.228926,1,42361568400,Oka H.,Oka,Hideaki,"Toyota Central R&D Labs., Inc.",1,True
10.1016/j.jpowsour.2020.228926,2,6603931411,Makimura Y.,Makimura,Yoshinari,"Toyota Central R&D Labs., Inc.",1,True
10.1016/j.jpowsour.2020.228926,3,56895793800,Uyama T.,Uyama,Takeshi,"Toyota Central R&D Labs., Inc.",1,True
10.1016/j.jpowsour.2020.228926,4,57204152834,Nonaka T.,Nonaka,Takamasa,"Toyota Central R&D Labs., Inc.",1,True
10.1016/j.jpowsour.2020.228926,5,8508167400,Kondo Y.,Kondo,Yasuhito,"Toyota Central R&D Labs., Inc.",1,True
10.1016/j.jpowsour.2020.228926,6,7004303893,Okuda C.,Okuda,Chikaaki,"Toyota Central R&D Labs., Inc.",1,True
10.1016/j.jpowsour.2021.229788,1,56195581000,Mahara Y.,Mahara,Yuji,"Toyota Central R&D Labs., Inc.",1,True
10.1016/j.jpowsour.2021.229788,2,6603931411,Makimura Y.,Makimura,Yoshinari,"Toyota Central R&D Labs., Inc.",1,True
10.1016/j.jpowsour.2021.229788,3,42361568400,Oka H.,Oka,Hideaki,"Toyota Central R&D Labs., Inc.",1,True
10.1016/j.jpowsour.2021.229788,4,57217234186,Nakano H.,Nakano,Hiroyuki,"Toyota Central R&D Labs., Inc.",1,True
10.1016/j.jpowsour.2021.229788,5,7202589372,Tajima S.,Tajima,Shin,"Toyota Central R&D Labs., Inc.",1,True
10.1016/j.jpowsour.2021.229788,6,57204152834,Nonaka T.,Nonaka,Takamasa,"Toyota Central R&D Labs., Inc.",1,True
10.1016/j.jpowsour.2021.229788,7,57206918686,Sasaki T.,Sasaki,Tsuyoshi,"Toyota Central R&D Labs., Inc.",1,True
10.1016/j.jpowsour.2021.229800,1,55642507700,Yamaguchi Y.,Yamaguchi,Yuhei,"Toyota Central R&D Labs., Inc.",1,True
10.1016/j.jpowsour.2021.229800,2,7410378390,Sato Y.,Sato,Yasumoto,"Toyota Central R&D Labs., Inc.",1,True
10.1016/j.jpowsour.2021.229800,3,57224978810,Kumano N.,Kumano,Naomi,"Toyota Central R&D Labs., Inc.",1,True
10.1016/j.jpowsour.2021.229800,4,57217234186,Nakano H.,Nakano,Hiroyuki,"Toyota Central R&D Labs., Inc.",1,True
10.1016/j.jpowsour.2022.231473,1,57208307058,Miyamoto K.,Miyamoto,Kaito,"Toyota Central R&D Labs., Inc.",1,True
10.1016/j.jpowsour.2022.231473,2,36016077800,Broderick S.R.,Broderick,Scott R.,Department of Materials Design and Innovation,1,False
10.1016/j.jpowsour.2022.231473,3,7102877901,Rajan K.,Rajan,Krishna,Department of Materials Design and Innovation,1,False
10.1016/j.jpowsour.2022.231698,1,36168650300,Suzumura A.,Suzumura,Akitoshi,"Toyota Central R&D Labs., Inc.",1,True
10.1016/j.jpowsour.2022.231698,2,26638360000,Ohno H.,Ohno,Hiroshi,"Toyota Central R&D Labs., Inc.",1,True
10.1016/j.jpowsour.2022.231698,3,55141772200,Kikkawa N.,Kikkawa,Nobuaki,"Toyota Central R&D Labs., Inc.",1,True
10.1016/j.jpowsour.2022.231698,4,8624097700,Takechi K.,Takechi,Kensuke,"Toyota Central R&D Labs., Inc.",1,True
10.1016/j.jpowsour.2022.231850,1,42361568400,Oka H.,Oka,Hideaki,"Toyota Central R&D Labs., Inc.",1,True
10.1016/j.jpowsour.2022.231850,2,6505525817,Kadoura H.,Kadoura,Hiroaki,"Toyota Central R&D Labs., Inc.",1,True
10.1016/j.jpowsour.2022.231850,3,57215931929,Takahashi N.T.,Takahashi,Naoko Takechi,"Toyota Central R&D Labs., Inc.",1,True
10.1016/j.jpowsour.2022.231850,4,56002519000,Ikawa T.,Ikawa,Taiji,"Toyota Central R&D Labs., Inc.",1,True
10.1016/j.jpowsour.2023.232909,1,24376986200,Shinozaki K.,Shinozaki,Kazuma,"Toyota Central R&D Labs., Inc.",1,True
10.1016/j.jpowsour.2023.232909,2,36918485700,Kajiya S.,Kajiya,Shuji,"Toyota Central R&D Labs., Inc.",1,True
10.1016/j.jpowsour.2023.232909,3,7005906843,Yamakawa S.,Yamakawa,Shunsuke,"Toyota Central R&D Labs., Inc.",1,True
10.1016/j.jpowsour.2023.232909,4,36857846800,Hasegawa N.,Hasegawa,Naoki,"Toyota Central R&D Labs., Inc.",1,True
10.1016/j.jpowsour.2023.232909,5,55731679800,Suzuki T.,Suzuki,Takahisa,"Toyota Central R&D Labs., Inc.",1,True
10.1016/j.jpowsour.2023.232909,6,57204730275,Shibata M.,Shibata,Masao,"Toyota Central R&D Labs., Inc.",1,True
10.1016/j.jpowsour.2023.232909,7,24376739300,Jinnouchi R.,Jinnouchi,Ryosuke,"Toyota Central R&D Labs., Inc.",1,True
10.1016/j.jpowsour.2023.233387,1,42361568400,Oka H.,Oka,Hideaki,"Toyota Central R&D Labs., Inc.",1,True
10.1016/j.jpowsour.2023.233387,2,57204152834,Nonaka T.,Nonaka,Takamasa,"Toyota Central R&D Labs., Inc.",1,True
10.1016/j.jpowsour.2023.233387,3,8508167400,Kondo Y.,Kondo,Yasuhito,"Toyota Central R&D Labs., Inc.",1,True
10.1016/j.jpowsour.2023.233387,4,6603931411,Makimura Y.,Makimura,Yoshinari,"Toyota Central R&D Labs., Inc.",1,True
10.1016/j.jpowsour.2023.233466,1,57194016564,Yonaga A.,Yonaga,Ayaka,"Toyota Central R&D Labs., Inc.",1,True
10.1016/j.jpowsour.2023.233466,2,35584643100,Kawauchi S.,Kawauchi,Shigehiro,"Toyota Central R&D Labs., Inc.",1,True
10.1016/j.jpowsour.2023.233466,3,58833380600,Mori Y.,Mori,Yuki,Kyushu University,1,False
10.1016/j.jpowsour.2023.233466,4,58184046000,Xuanchen L.,Xuanchen,Liu,Kyushu University,1,False
10.1016/j.jpowsour.2023.233466,5,57222671932,Ishikawa S.,Ishikawa,Shota,Kyushu University,1,False
10.1016/j.jpowsour.2023.233466,6,57222988030,Nunoshita K.,Nunoshita,Keita,Kyushu University,1,False
10.1016/j.jpowsour.2023.233466,7,55401173500,Inoue G.,Inoue,Gen,Kyushu University,1,False
10.1016/j.jpowsour.2023.233466,8,15763084600,Matsunaga T.,Matsunaga,Takuro,"Toyota Central R&D Labs., Inc.",1,True
10.1016/j.jpowsour.2023.233883,1,57224978810,Kumano N.,Kumano,Naomi,"Toyota Central R&D Labs., Inc.",1,True
10.1016/j.jpowsour.2023.233883,2,55642507700,Yamaguchi Y.,Yamaguchi,Yuhei,"Toyota Central R&D Labs., Inc.",1,True
10.1016/j.jpowsour.2023.233883,3,23003595000,Akimoto Y.,Akimoto,Yusuke,"Toyota Central R&D Labs., Inc.",1,True
10.1016/j.jpowsour.2023.233883,4,57209256493,Ohshima A.,Ohshima,Ayako,"Toyota Central R&D Labs., Inc.",1,True
10.1016/j.jpowsour.2023.233883,5,55624478385,Nakamura H.,Nakamura,Hiroshi,"Toyota Central R&D Labs., Inc.",1,True
10.1016/j.jpowsour.2023.233883,6,56209682000,Yamamura M.,Yamamura,Masato,Kyushu Institute of Technology,1,False
10.1016/j.jpowsour.2024.234739,1,55939819700,Kawaura H.,Kawaura,Hiroyuki,"Toyota Central R&D Labs., Inc.",1,True
10.1016/j.jpowsour.2024.234739,2,7402805633,Suzuki R.,Suzuki,Ryo,"Toyota Central R&D Labs., Inc.",1,True
10.1016/j.jpowsour.2024.234739,3,6507201117,Nagasako N.,Nagasako,Naoyuki,"Toyota Central R&D Labs., Inc.",1,True
10.1016/j.jpowsour.2024.234739,4,7003872720,Oh-ishi K.,Oh-ishi,Keiichiro,"Toyota Central R&D Labs., Inc.",1,True
10.1016/j.jpowsour.2024.235544,1,55724328500,Kobayashi T.,Kobayashi,Tetsuro,"Toyota Central R&D Labs., Inc.",1,True
10.1016/j.jpowsour.2024.235544,2,57211270328,Kondo H.,Kondo,Hiroki,"Toyota Central R&D Labs., Inc.",1,True
10.1016/j.jpowsour.2024.235544,3,57206918686,Sasaki T.,Sasaki,Tsuyoshi,"Toyota Central R&D Labs., Inc.",1,True
10.1016/j.jpowsour.2025.237896,1,56781448900,Yoshimune W.,Yoshimune,Wataru,"Toyota Central R&D Labs., Inc.",1,True
10.1016/j.jpowsour.2025.237896,2,57207199294,Kato A.,Kato,Akihiko,"Toyota Central R&D Labs., Inc.",1,True
10.1016/j.jpowsour.2025.237896,3,59094390500,Hayakawa T.,Hayakawa,Tetsuichiro,"Toyota Central R&D Labs., Inc.",1,True
10.1016/j.jpowsour.2025.237896,4,57206649828,Yamaguchi S.,Yamaguchi,Satoshi,"Toyota Central R&D Labs., Inc.",1,True
10.1016/j.jpowsour.2025.237896,5,57199806946,Kato S.,Kato,Satoru,"Toyota Central R&D Labs., Inc.",1,True
10.1016/j.jpowsour.2025.238103,1,7005115731,Itou Y.,Itou,Yuichi,"Toyota Central R&D Labs., Inc.",1,True
10.1016/j.jpowsour.2025.238103,2,8602755700,Ogihara N.,Ogihara,Nobuhiro,"Toyota Central R&D Labs., Inc.",1,True
10.1016/j.jpowsour.2025.238103,3,35584643100,Kawauchi S.,Kawauchi,Shigehiro,"Toyota Central R&D Labs., Inc.",1,True
10.1016/j.jpowsour.2026.239533,1,37016397700,Kusano T.,Kusano,Takumi,"Toyota Central R&D Labs., Inc.",1,True
10.1016/j.jpowsour.2026.239533,2,35584643100,Kawauchi S.,Kawauchi,Shigehiro,"Toyota Central R&D Labs., Inc.",1,True
10.1016/j.jpowsour.2026.239533,3,57151285400,Isegawa K.,Isegawa,Kazuhisa,"Toyota Central R&D Labs., Inc.",1,True
10.1016/j.jpowsour.2026.239533,4,60210424200,Takahashi S.,Takahashi,Shuji,"Toyota Central R&D Labs., Inc.",1,True
10.1016/j.jpowsour.2026.239533,5,60552251300,Watanabe T.,Watanabe,Taro,"Toyota Central R&D Labs., Inc.",1,True
10.1016/j.jpowsour.2026.239533,6,57226335537,Kamiyama M.,Kamiyama,Michiaki,"Toyota Central R&D Labs., Inc.",1,True
10.1016/j.jpowsour.2026.239533,7,7202548760,Tani M.,Tani,Masaaki,"Toyota Central R&D Labs., Inc.",1,True
10.1016/j.jpowsour.2026.239533,8,55624478385,Nakamura H.,Nakamura,Hiroshi,"Toyota Central R&D Labs., Inc.",1,True
10.1016/j.jtherbio.2019.102424,1,59873120500,Sawai H.,Sawai,Hiroko,"Toyota Central R&D Labs., Inc.",1,True
10.1016/j.jtherbio.2019.102424,2,36917609200,Kohda K.,Kohda,Katsunori,"Toyota Central R&D Labs., Inc.",1,True
10.1016/j.jtherbio.2019.102424,3,55064123000,Kurahashi T.,Kurahashi,Tetsuo,"Toyota Central R&D Labs., Inc.",1,True
10.1016/j.matdes.2022.111200,1,57193992118,Tomita S.,Tomita,Sunao,"Toyota Central R&D Labs., Inc.",1,True
10.1016/j.matdes.2022.111200,2,35485212400,Nakano S.,Nakano,Sachito,"Toyota Central R&D Labs., Inc.",1,True
10.1016/j.matdes.2022.111200,3,57912361700,Segi M.,Segi,Makoto,"Toyota Auto Body Co., Ltd.",1,True
10.1016/j.matdes.2022.111200,4,57911162200,Nishimura T.,Nishimura,Takuya,"Toyota Auto Body Co., Ltd.",1,True
10.1016/j.matdes.2022.111497,1,57193992118,Tomita S.,Tomita,Sunao,"Toyota Central R&D Labs., Inc.",1,True
10.1016/j.matdes.2022.111497,2,58043433400,Shimanuki K.,Shimanuki,Kento,"Toyota Central R&D Labs., Inc.",1,True
10.1016/j.matdes.2022.111497,3,7005277374,Nishigaki H.,Nishigaki,Hidekazu,"Toyota Central R&D Labs., Inc.",1,True
10.1016/j.matdes.2022.111497,4,58043585500,Oyama S.,Oyama,Shin,"Toyota Central R&D Labs., Inc.",1,True
10.1016/j.matdes.2022.111497,5,56132104000,Sasagawa T.,Sasagawa,Takashi,"Toyota Central R&D Labs., Inc.",1,True
10.1016/j.matdes.2022.111497,6,57217422535,Murai D.,Murai,Daisuke,"Toyota Central R&D Labs., Inc.",1,True
10.1016/j.matdes.2022.111497,7,58506670000,Umemoto K.,Umemoto,Kazuhiko,"Toyota Central R&D Labs., Inc.",1,True
10.1016/j.matlet.2006.04.001,1,13404537700,Zeng Y.J.,Zeng,,National Key Laboratory of Silicon and Advanced Semiconductor Materials,1,False
10.1016/j.matlet.2006.04.001,2,7401956997,Ye Z.Z.,Ye,,National Key Laboratory of Silicon and Advanced Semiconductor Materials,1,False
10.1016/j.matlet.2006.04.001,3,53869763000,Xu W.Z.,Xu,,National Key Laboratory of Silicon and Advanced Semiconductor Materials,1,False
10.1016/j.matlet.2006.04.001,4,55502865500,Liu B.,Liu,,"IMRA America, Inc.",1,True
10.1016/j.matlet.2006.04.001,5,14027903500,Che Y.,Che,,"IMRA America, Inc.",1,True
10.1016/j.matlet.2006.04.001,6,57204513994,Zhu L.P.,Zhu,,National Key Laboratory of Silicon and Advanced Semiconductor Materials,1,False
10.1016/j.matlet.2006.04.001,7,35451618200,Zhao B.H.,Zhao,,National Key Laboratory of Silicon and Advanced Semiconductor Materials,1,False
10.1016/j.measurement.2020.108530,1,7410378390,Sato Y.,Sato,Yasumoto,"Toyota Central R&D Labs., Inc.",1,True
10.1016/j.measurement.2020.108530,2,55205874900,Ogura N.,Ogura,Natsuki,"Toyota Central R&D Labs., Inc.",1,True
10.1016/j.measurement.2020.108530,3,55642507700,Yamaguchi Y.,Yamaguchi,Yuhei,"Toyota Central R&D Labs., Inc.",1,True
10.1016/j.measurement.2020.108530,4,7202808888,Ju Y.,Ju,Yang,Nagoya University,1,False
10.1016/j.mechmachtheory.2020.103880,1,15849263700,Tsuchiya E.,Tsuchiya,Eiji,"Toyota Central R&D Labs., Inc.",1,True
10.1016/j.mechmachtheory.2020.103880,2,7003775370,Shamoto E.,Shamoto,Eiji,Nagoya University,1,False
10.1016/j.mechmachtheory.2024.105851,1,57193992118,Tomita S.,Tomita,Sunao,"Toyota Central R&D Labs., Inc.",1,True
10.1016/j.mechmachtheory.2024.105851,2,58043433400,Shimanuki K.,Shimanuki,Kento,"Toyota Central R&D Labs., Inc.",1,True
10.1016/j.mechmachtheory.2024.105851,3,58506670000,Umemoto K.,Umemoto,Kazuhiko,"Toyota Central R&D Labs., Inc.",1,True
10.1016/j.mechmachtheory.2024.105851,4,57205936753,Kawamoto A.,Kawamoto,Atsushi,"Toyota Central R&D Labs., Inc.",1,True
10.1016/j.mechmachtheory.2024.105851,5,35240649900,Nomura T.,Nomura,Tsuyoshi,"Toyota Central R&D Labs., Inc.",1,True
10.1016/j.mechmachtheory.2024.105851,6,35485936600,Tachi T.,Tachi,Tomohiro,The University of Tokyo,1,False
10.1016/j.molliq.2019.111567,1,15623103000,Ikuta Y.,Ikuta,Yasuhiro,"Toyota Central R&D Labs., Inc.",1,True
10.1016/j.molliq.2019.111567,2,7102307036,Hirata F.,Hirata,Fumio,Toyota Physical and Chemical Research Institute,1,True
10.1016/j.mssp.2025.109712,1,57208298606,Abubakr E.,Abubakr,Eslam,The University of Electro-Communications; Faculty of Energy Engineering,2,False
10.1016/j.mssp.2025.109712,2,57215811408,Abadi A.,Abadi,Ashenafi,The University of Electro-Communications,1,False
10.1016/j.mssp.2025.109712,3,57216335017,Saito S.,Saito,Shiro,"IMRA Japan Co., Ltd.",1,True
10.1016/j.mssp.2025.109712,4,57329497300,Suzuki H.,Suzuki,Hironori,"IMRA Japan Co., Ltd.",1,True
10.1016/j.mssp.2025.109712,5,57203057848,Kan T.,Kan,Tetsuo,The University of Electro-Communications,1,False
10.1016/j.optcom.2018.02.029,1,57202786667,Ichino F.,Ichino,Fumiya,"Toyota Central R&D Labs., Inc.",1,True
10.1016/j.optcom.2024.131197,1,7005467080,Fermann M.E.,Fermann,Martin E.,"IMRA America, Inc.",1,True
10.1016/j.optcom.2024.131197,2,55401164500,Rolland A.,Rolland,Antoine,IMRA Boulder Research Laboratory,1,True
10.1016/j.optmat.2024.115175,1,57208298606,Abubakr E.,Abubakr,Eslam,The University of Electro-Communications; Faculty of Energy Engineering,2,False
10.1016/j.optmat.2024.115175,2,57215811408,Abadi A.,Abadi,Ashenafi,The University of Electro-Communications,1,False
10.1016/j.optmat.2024.115175,3,57202061170,Oshita M.,Oshita,Masaaki,The University of Electro-Communications,1,False
10.1016/j.optmat.2024.115175,4,57216335017,Saito S.,Saito,Shiro,"IMRA Japan Co., Ltd.",1,True
10.1016/j.optmat.2024.115175,5,57203057848,Kan T.,Kan,Tetsuo,The University of Electro-Communications,1,False
10.1016/j.orgel.2013.04.048,1,57194152053,Suresh T.,Suresh,Thogiti,Indian Institute of Chemical Technology,1,False
10.1016/j.orgel.2013.04.048,2,37012947900,Rajkumar G.,Rajkumar,Ganugula,"IMRA Japan Co., Ltd.",1,True
10.1016/j.orgel.2013.04.048,3,56595731100,Singh S.P.,Singh,Surya Prakash,Indian Institute of Chemical Technology,1,False
10.1016/j.orgel.2013.04.048,4,7402570154,Reddy P.Y.,Reddy,Paidi Yella,"IMRA Japan Co., Ltd.",1,True
10.1016/j.orgel.2013.04.048,5,7103365998,Islam A.,Islam,Ashraful,National Institute for Materials Science,1,False
10.1016/j.orgel.2013.04.048,6,7401548312,Han L.,Han,Liyuan,National Institute for Materials Science,1,False
10.1016/j.orgel.2013.04.048,7,6602287081,Chandrasekharam M.,Chandrasekharam,Malapaka,Indian Institute of Chemical Technology,1,False
10.1016/j.pep.2007.09.015,1,56037013200,Ebara S.,Ebara,Shinji,"IMRA Japan Co., Ltd.",1,True
10.1016/j.pep.2007.09.015,2,6506260582,Shigemori Y.,Shigemori,Yasushi,"IMRA Japan Co., Ltd.",1,True
10.1016/j.polymer.2019.121667,1,57202577107,Hirai T.,Hirai,Takayuki,"Toyota Central R&D Labs., Inc.",1,True
10.1016/j.polymer.2019.121667,2,7006693280,Kawada J.,Kawada,Jumpei,"Toyota Central R&D Labs., Inc.",1,True
10.1016/j.polymer.2019.121667,3,37052665500,Narita M.,Narita,Mamiko,"Toyota Central R&D Labs., Inc.",1,True
10.1016/j.polymer.2019.121667,4,56002519000,Ikawa T.,Ikawa,Taiji,"Toyota Central R&D Labs., Inc.",1,True
10.1016/j.polymer.2019.121667,5,57194550081,Takeshima H.,Takeshima,Hisaaki,Nagoya University,1,False
10.1016/j.polymer.2019.121667,6,10341181800,Satoh K.,Satoh,Kotaro,Nagoya University,1,False
10.1016/j.polymer.2019.121667,7,7005287961,Kamigaito M.,Kamigaito,Masami,Nagoya University,1,False
10.1016/j.renene.2025.122548,1,57200916312,Sayama S.,Sayama,Shogo,"Toyota Central R&D Labs., Inc.",1,True
10.1016/j.renene.2025.122548,2,55475493100,Yamamoto S.,Yamamoto,Seiji,"Toyota Central R&D Labs., Inc.",1,True
10.1016/j.resconrec.2024.107856,1,57203440006,Inoue Y.,Inoue,Yoshinori,"Toyota Central R&D Labs., Inc.",1,True
10.1016/j.resconrec.2024.107856,2,7403532912,Okamoto H.,Okamoto,Hirotaka,"Toyota Central R&D Labs., Inc.",1,True
10.1016/j.robot.2020.103527,1,57196095607,Shibata K.,Shibata,Kazuki,"Toyota Central R&D Labs., Inc.",1,True
10.1016/j.robot.2020.103527,2,57196097126,Miyano T.,Miyano,Tatsuya,"Toyota Central R&D Labs., Inc.",1,True
10.1016/j.robot.2020.103527,3,34872427700,Jimbo T.,Jimbo,Tomohiko,"Toyota Central R&D Labs., Inc.",1,True
10.1016/j.robot.2020.103527,4,10242801500,Matsubara T.,Matsubara,Takamitsu,Nara Institute of Science and Technology,1,False
10.1016/j.sna.2021.112655,1,57212383758,Ushijima E.,Ushijima,Eizo,"IMRA Japan Co., Ltd.",1,True
10.1016/j.sna.2021.112655,2,57202945747,Fujimoto S.,Fujimoto,Satoshi,MEMS-CORE Co. Ltd.,1,False
10.1016/j.sna.2021.112655,3,57202475051,Nakazato K.,Nakazato,Kazuo,Nagoya University,1,False
10.1016/j.solener.2011.02.027,1,6602917953,Giribabu L.,Giribabu,,Indian Institute of Chemical Technology,1,False
10.1016/j.solener.2011.02.027,2,57204196746,Singh V.K.,Singh,,Indian Institute of Chemical Technology,1,False
10.1016/j.solener.2011.02.027,3,57213091616,Kumar C.V.,Kumar,Ch. Vijay,Indian Institute of Chemical Technology,1,False
10.1016/j.solener.2011.02.027,4,15081601400,Soujanya Y.,Soujanya,,Indian Institute of Chemical Technology,1,False
10.1016/j.solener.2011.02.027,5,7402570154,Reddy P.Y.,Reddy,P. Yella,"IMRA Japan Co., Ltd.",1,True
10.1016/j.solener.2011.02.027,6,7003406922,Kantam M.L.,Kantam,M. Lakshmi,Indian Institute of Chemical Technology,1,False
10.1016/j.synthmet.2011.03.022,1,6602287081,Chandrasekharam M.,Chandrasekharam,Malapaka,Indian Institute of Chemical Technology,1,False
10.1016/j.synthmet.2011.03.022,2,37012947900,Rajkumar G.,Rajkumar,Ganugula,"IMRA Japan Co., Ltd.",1,True
10.1016/j.synthmet.2011.03.022,3,40661925700,Srinivasa Rao C.,Srinivasa Rao,Chikkam,Indian Institute of Chemical Technology,1,False
10.1016/j.synthmet.2011.03.022,4,57194152053,Suresh T.,Suresh,Thogiti,Indian Institute of Chemical Technology,1,False
10.1016/j.synthmet.2011.03.022,5,57195426255,Anil Reddy M.,Anil Reddy,Marri,Indian Institute of Chemical Technology,1,False
10.1016/j.synthmet.2011.03.022,6,7402570154,Yella Reddy P.,Yella Reddy,Paidi,"IMRA Japan Co., Ltd.",1,True
10.1016/j.synthmet.2011.03.022,7,15081601400,Soujanya Y.,Soujanya,Yarasi,Indian Institute of Chemical Technology,1,False
10.1016/j.synthmet.2011.03.022,8,15836757100,Takeru B.,Takeru,,École Polytechnique Fédérale de Lausanne,1,False
10.1016/j.synthmet.2011.03.022,9,40661611500,Jun-Ho Y.,Jun-Ho,Yum,École Polytechnique Fédérale de Lausanne,1,False
10.1016/j.synthmet.2011.03.022,10,35463772200,Nazeeruddin M.K.,Nazeeruddin,Mahammad Khaja,École Polytechnique Fédérale de Lausanne,1,False
10.1016/j.synthmet.2011.03.022,11,35463345800,Graetzel M.,Graetzel,Michael,École Polytechnique Fédérale de Lausanne,1,False
10.1016/j.synthmet.2011.04.001,1,6602287081,Chandrasekharam M.,Chandrasekharam,Malapaka,Indian Institute of Chemical Technology,1,False
10.1016/j.synthmet.2011.04.001,2,37012947900,Rajkumar G.,Rajkumar,Ganugula,"IMRA Japan Co., Ltd.",1,True
10.1016/j.synthmet.2011.04.001,3,48761857900,Rao C.S.,Rao,Chikkam Srinivasa,Indian Institute of Chemical Technology,1,False
10.1016/j.synthmet.2011.04.001,4,57194152053,Suresh T.,Suresh,Thogiti,Indian Institute of Chemical Technology,1,False
10.1016/j.synthmet.2011.04.001,5,7402570154,Reddy P.Y.,Reddy,Paidi Yella,"IMRA Japan Co., Ltd.",1,True
10.1016/j.trb.2023.02.009,1,15047971700,Hayakawa K.,Hayakawa,Keiichiro,"Toyota Central R&D Labs., Inc.",1,True
10.1016/j.trb.2023.02.009,2,26031259900,Chikaraishi M.,Chikaraishi,Makoto,Hiroshima University,1,False
10.1016/j.trc.2019.09.005,1,57195234027,Hidaka K.,Hidaka,Ken,"Toyota Central R&D Labs., Inc.",1,True
10.1016/j.trc.2019.09.005,2,15047971700,Hayakawa K.,Hayakawa,Keiichiro,"Toyota Central R&D Labs., Inc.",1,True
10.1016/j.trc.2019.09.005,3,57205550400,Nishi T.,Nishi,Tomoki,"Toyota Central R&D Labs., Inc.",1,True
10.1016/j.trc.2019.09.005,4,53364368200,Usui T.,Usui,Tomotaka,University of Human Environments,1,False
10.1016/j.trc.2019.09.005,5,55703202800,Yamamoto T.,Yamamoto,Toshiyuki,Nagoya University,1,False
10.1016/j.trd.2024.104124,1,57205263026,Kataoka R.,Kataoka,Ryosuke,"Toyota Central R&D Labs., Inc.",1,True
10.1016/j.trd.2024.104124,2,36025628400,Ogimoto K.,Ogimoto,Kazuhiko,Institute of Industrial Science,1,False
10.1016/j.trd.2024.104124,3,35770644600,Iwafune Y.,Iwafune,Yumiko,Institute of Industrial Science,1,False
10.1016/j.trd.2024.104124,4,57205550400,Nishi T.,Nishi,Tomoki,"Toyota Central R&D Labs., Inc.",1,True
10.1016/j.trd.2025.104876,1,57194831902,Goto H.,Goto,Hayato,"Toyota Central R&D Labs., Inc.",1,True
10.1016/j.trd.2025.104876,2,57205550400,Nishi T.,Nishi,Tomoki,"Toyota Central R&D Labs., Inc.",1,True
10.1016/j.trd.2025.104876,3,7102946398,Shiga T.,Shiga,Takahiro,"Toyota Central R&D Labs., Inc.",1,True
10.1016/j.trd.2025.104876,4,57963541300,Sasai T.,Sasai,Takeyuki,Toyota Motor Corporation,1,True
10.1016/j.trd.2025.104876,5,57202811891,Fukushima S.,Fukushima,Shintaro,Toyota Motor Corporation,1,True
10.1016/j.trd.2025.105136,1,57205263026,Kataoka R.,Kataoka,Ryosuke,"Toyota Central R&D Labs., Inc.",1,True
10.1016/j.trd.2025.105136,2,57195234027,Hidaka K.,Hidaka,Ken,"Toyota Central R&D Labs., Inc.",1,True
10.1016/j.trd.2025.105136,3,57205550400,Nishi T.,Nishi,Tomoki,"Toyota Central R&D Labs., Inc.",1,True
10.1016/j.triboint.2020.106304,1,57215931929,Takahashi N.T.,Takahashi,Naoko Takechi,"Toyota Central R&D Labs., Inc.; Nagoya Institute of Technology",2,True
10.1016/j.triboint.2020.106304,2,6602311063,Isomura N.,Isomura,Noritake,"Toyota Central R&D Labs., Inc.",1,True
10.1016/j.triboint.2020.106304,3,57194635568,Kosaka S.,Kosaka,Satoru,"Toyota Central R&D Labs., Inc.",1,True
10.1016/j.triboint.2020.106304,4,36069364400,Mori H.,Mori,Hiroyuki,"Toyota Central R&D Labs., Inc.",1,True
10.1016/j.triboint.2020.106304,5,23994319200,Kimoto Y.,Kimoto,Yasuji,"Toyota Central R&D Labs., Inc.",1,True
10.1016/j.triboint.2020.106304,6,24503698700,Ohmori T.,Ohmori,Toshihide,"Toyota Central R&D Labs., Inc.",1,True
10.1016/j.triboint.2020.106304,7,36157099000,Aoyama T.,Aoyama,Takayuki,"Toyota Central R&D Labs., Inc.",1,True
10.1016/j.triboint.2020.106304,8,7402240754,Sano T.,Sano,Toshinari,Toyota Motor Corporation,1,True
10.1016/j.triboint.2020.106304,9,55881068200,Itoigawa F.,Itoigawa,Fumihiro,Nagoya Institute of Technology,1,False
10.1016/j.triboint.2023.108675,1,22978168600,Bonnaud P.A.,Bonnaud,Patrick A.,"Toyota Central R&D Labs., Inc.",1,True
10.1016/j.triboint.2023.108675,2,7003342624,Moritani H.,Moritani,Hiroshi,"Toyota Central R&D Labs., Inc.",1,True
10.1016/j.triboint.2023.108675,3,7004441317,Kinjo T.,Kinjo,Tomoyuki,"Toyota Central R&D Labs., Inc.",1,True
10.1016/j.triboint.2023.108675,4,7404180471,Sato N.,Sato,Norikazu,"Toyota Central R&D Labs., Inc.",1,True
10.1016/j.triboint.2023.108675,5,7202991850,Tohyama M.,Tohyama,Mamoru,"Toyota Central R&D Labs., Inc.",1,True
10.1016/j.triboint.2024.109449,1,22978168600,Bonnaud P.A.,Bonnaud,Patrick A.,"Toyota Central R&D Labs., Inc.",1,True
10.1016/j.triboint.2024.109449,2,7004441317,Kinjo T.,Kinjo,Tomoyuki,"Toyota Central R&D Labs., Inc.",1,True
10.1016/j.triboint.2024.109449,3,7404180471,Sato N.,Sato,Norikazu,"Toyota Central R&D Labs., Inc.",1,True
10.1016/j.triboint.2024.109449,4,7202991850,Tohyama M.,Tohyama,Mamoru,"Toyota Central R&D Labs., Inc.",1,True
10.1016/j.triboint.2024.110258,1,22978168600,Bonnaud P.A.,Bonnaud,Patrick A.,"Toyota Central R&D Labs., Inc.",1,True
10.1016/j.triboint.2024.110258,2,7003342624,Moritani H.,Moritani,Hiroshi,"Toyota Central R&D Labs., Inc.",1,True
10.1016/j.triboint.2024.110258,3,7004441317,Kinjo T.,Kinjo,Tomoyuki,"Toyota Central R&D Labs., Inc.",1,True
10.1016/j.triboint.2024.110258,4,7404180471,Sato N.,Sato,Norikazu,"Toyota Central R&D Labs., Inc.",1,True
10.1016/j.triboint.2024.110258,5,7202991850,Tohyama M.,Tohyama,Mamoru,"Toyota Central R&D Labs., Inc.",1,True
10.1016/j.trpro.2018.11.025,1,57195234027,Hidaka K.,Hidaka,Ken,"Toyota Central R&D Labs., Inc.",1,True
10.1016/j.trpro.2018.11.025,2,7102946398,Shiga T.,Shiga,Takahiro,"Toyota Central R&D Labs., Inc.",1,True
10.1016/j.tws.2017.10.052,1,7102295436,Fukada Y.,Fukada,Yoshiki,Toyota Motor Corporation,1,True
10.1016/j.tws.2017.10.052,2,57198352602,Minagawa H.,Minagawa,Haruki,Quint Corporation,1,False
10.1016/j.tws.2017.10.052,3,57198355821,Nakazato C.,Nakazato,Chikara,Quint Corporation,1,False
10.1016/j.tws.2017.10.052,4,54940346000,Nagatani T.,Nagatani,Takaaki,Toyota Motor Corporation,1,True
10.1016/j.tws.2021.108010,1,55502243000,Tanaka M.,Tanaka,Masato,"Toyota Motor North America, Inc.",1,True
10.1016/j.tws.2021.108010,2,7404891398,Ikeda K.,Ikeda,Kiyohiro,Tohoku University,1,False
10.1016/j.tws.2021.108010,3,55662992800,Hsiao K.M.,Hsiao,Kuo Mo,National Chiao Tung University,1,False
10.1016/j.tws.2021.108010,4,7005987720,Fujii F.,Fujii,Fumio,Gifu University,1,False
10.1016/j.wasman.2025.114969,1,57192838913,Yamada Y.,Yamada,Yuka,"Toyota Central R&D Labs., Inc.",1,True
10.1016/j.wasman.2025.114969,2,8508167400,Kondo Y.,Kondo,Yasuhito,"Toyota Central R&D Labs., Inc.",1,True
10.1016/j.wasman.2025.114969,3,57219102529,Kondo H.,Kondo,Hiroki,"Toyota Central R&D Labs., Inc.",1,True
10.1021/acs.accounts.1c00564,1,35547016000,Morikawa T.,Morikawa,Takeshi,"Toyota Central R&D Labs., Inc.",1,True
10.1021/acs.accounts.1c00564,2,7501694167,Sato S.,Sato,Shunsuke,"Toyota Central R&D Labs., Inc.",1,True
10.1021/acs.accounts.1c00564,3,54401616800,Sekizawa K.,Sekizawa,Keita,"Toyota Central R&D Labs., Inc.",1,True
10.1021/acs.accounts.1c00564,4,22036811600,Suzuki T.M.,Suzuki,Tomiko. M.,"Toyota Central R&D Labs., Inc.",1,True
10.1021/acs.accounts.1c00564,5,56673389100,Arai T.,Arai,Takeo,"Toyota Central R&D Labs., Inc.",1,True
10.1021/acs.analchem.0c00370,1,26538413500,Umegaki I.,Umegaki,Izumi,"Toyota Central R&D Labs., Inc.",1,True
10.1021/acs.analchem.0c00370,2,56298288100,Higuchi Y.,Higuchi,Yuki,"Toyota Central R&D Labs., Inc.",1,True
10.1021/acs.analchem.0c00370,3,8508167400,Kondo Y.,Kondo,Yasuhito,"Toyota Central R&D Labs., Inc.",1,True
10.1021/acs.analchem.0c00370,4,36844397100,Ninomiya K.,Ninomiya,Kazuhiko,The University of Osaka,1,False
10.1021/acs.analchem.0c00370,5,23471336300,Takeshita S.,Takeshita,Soshi,"High Energy Accelerator Research Organization, Tsukuba; J-PARC Center",2,False
10.1021/acs.analchem.0c00370,6,9738201600,Tampo M.,Tampo,Motonobu,"High Energy Accelerator Research Organization, Tsukuba; J-PARC Center",2,False
10.1021/acs.analchem.0c00370,7,57217234186,Nakano H.,Nakano,Hiroyuki,"Toyota Central R&D Labs., Inc.",1,True
10.1021/acs.analchem.0c00370,8,42361568400,Oka H.,Oka,Hideaki,"Toyota Central R&D Labs., Inc.",1,True
10.1021/acs.analchem.0c00370,9,35446091800,Sugiyama J.,Sugiyama,Jun,"Toyota Central R&D Labs., Inc.; High Energy Accelerator Research Organization, Tsukuba; Japan Atomic Energy Agency; Comprehensive Research Organization for Science and Society; J-PARC Center",5,True
10.1021/acs.analchem.0c00370,10,13805668100,Kubo M.K.,Kubo,Michael K.,International Christian University,1,False
10.1021/acs.analchem.0c00370,11,55588398200,Miyake Y.,Miyake,Yasuhiro,"High Energy Accelerator Research Organization, Tsukuba; J-PARC Center",2,False
10.1021/acs.chemmater.0c04570,1,57217234186,Nakano H.,Nakano,Hiroyuki,"Toyota Central R&D Labs., Inc.; Kyoto University",2,True
10.1021/acs.chemmater.0c04570,2,56523905400,Matsunaga T.,Matsunaga,Toshiyuki,Kyoto University,1,False
10.1021/acs.chemmater.0c04570,3,55911743700,Mori T.,Mori,Takuya,Kyoto University,1,False
10.1021/acs.chemmater.0c04570,4,35394384400,Nakanishi K.,Nakanishi,Koji,Kyoto University,1,False
10.1021/acs.chemmater.0c04570,5,36605044400,Morita Y.,Morita,Yoshiyuki,Kyoto University,1,False
10.1021/acs.chemmater.0c04570,6,56051750200,Ide K.,Ide,Kazuto,Kyoto University,1,False
10.1021/acs.chemmater.0c04570,7,35559332600,Okazaki K.-I.,Okazaki,Ken-Ichi,Kyoto University,1,False
10.1021/acs.chemmater.0c04570,8,16308001800,Orikasa Y.,Orikasa,Yuki,Kyoto University,1,False
10.1021/acs.chemmater.0c04570,9,7005390662,Minato T.,Minato,Taketoshi,Kyoto University,1,False
10.1021/acs.chemmater.0c04570,10,55831552500,Yamamoto K.,Yamamoto,Kentaro,Kyoto University,1,False
10.1021/acs.chemmater.0c04570,11,7006410166,Ogumi Z.,Ogumi,Zempachi,Kyoto University,1,False
10.1021/acs.chemmater.0c04570,12,7006093464,Uchimoto Y.,Uchimoto,Yoshiharu,Kyoto University,1,False
10.1021/acs.chemmater.1c00336,1,55973735600,Mclean A.,Mclean,Alan,"University of Michigan, Ann Arbor",1,False
10.1021/acs.chemmater.1c00336,2,57205688551,Kanetidis M.,Kanetidis,Michael,Aristotle University of Thessaloniki,1,False
10.1021/acs.chemmater.1c00336,3,57219693672,Gogineni T.,Gogineni,Tarun,"University of Michigan, Ann Arbor",1,False
10.1021/acs.chemmater.1c00336,4,57210582805,Ukani R.,Ukani,Rahil,"University of Michigan, Ann Arbor",1,False
10.1021/acs.chemmater.1c00336,5,58430438700,Mclean R.,Mclean,Ryan,"University of Michigan, Ann Arbor",1,False
10.1021/acs.chemmater.1c00336,6,57214466670,Cooke A.,Cooke,Alexander,"University of Michigan, Ann Arbor",1,False
10.1021/acs.chemmater.1c00336,7,57223119571,Avinor I.,Avinor,Inbal,"University of Michigan, Ann Arbor",1,False
10.1021/acs.chemmater.1c00336,8,55502865500,Liu B.,Liu,Bing,"IMRA America, Inc.",1,True
10.1021/acs.chemmater.1c00336,9,7003592627,Argyrakis P.,Argyrakis,Panos,Aristotle University of Thessaloniki,1,False
10.1021/acs.chemmater.1c00336,10,57199691486,Qian W.,Qian,Wei,"University of Michigan, Ann Arbor; IMRA America, Inc.",2,True
10.1021/acs.chemmater.1c00336,11,23031154900,Kopelman R.,Kopelman,Raoul,"University of Michigan, Ann Arbor",1,False
10.1021/acs.chemmater.1c03343,1,57211599079,Ninomiya H.,Ninomiya,Hiroki,National Institute of Advanced Industrial Science and Technology,1,False
10.1021/acs.chemmater.1c03343,2,57202286282,Kawashima K.,Kawashima,Kenji,"National Institute of Advanced Industrial Science and Technology; IMRA Japan Co., Ltd.",2,True
10.1021/acs.chemmater.1c03343,3,7004125383,Fujihisa H.,Fujihisa,Hiroshi,National Institute of Advanced Industrial Science and Technology,1,False
10.1021/acs.chemmater.1c03343,4,25923470800,Ishida S.,Ishida,Shigeyuki,National Institute of Advanced Industrial Science and Technology,1,False
10.1021/acs.chemmater.1c03343,5,55209020500,Ogino H.,Ogino,Hiraku,National Institute of Advanced Industrial Science and Technology,1,False
10.1021/acs.chemmater.1c03343,6,56555651100,Yoshida Y.,Yoshida,Yoshiyuki,National Institute of Advanced Industrial Science and Technology,1,False
10.1021/acs.chemmater.1c03343,7,7005867924,Eisaki H.,Eisaki,Hiroshi,National Institute of Advanced Industrial Science and Technology,1,False
10.1021/acs.chemmater.1c03343,8,7201963235,Gotoh Y.,Gotoh,Yoshito,National Institute of Advanced Industrial Science and Technology,1,False
10.1021/acs.chemmater.1c03343,9,11039578700,Iyo A.,Iyo,Akira,National Institute of Advanced Industrial Science and Technology,1,False
10.1021/acs.chemmater.3c02217,1,36545496200,Yaokawa R.,Yaokawa,Ritsuko,"Toyota Central R&D Labs., Inc.",1,True
10.1021/acs.chemmater.3c02217,2,22985859200,Mukai K.,Mukai,Kazuhiko,"Toyota Central R&D Labs., Inc.",1,True
10.1021/acs.chemmater.3c02217,3,57204152834,Nonaka T.,Nonaka,Takamasa,"Toyota Central R&D Labs., Inc.",1,True
10.1021/acs.chemmater.3c02217,4,57194635568,Kosaka S.,Kosaka,Satoru,"Toyota Central R&D Labs., Inc.",1,True
10.1021/acs.chemmater.3c02217,5,8602755700,Ogihara N.,Ogihara,Nobuhiro,"Toyota Central R&D Labs., Inc.",1,True
10.1021/acs.chemmater.4c01351,1,59844864500,Minami S.,Minami,Saori,"Toyota Central R&D Labs., Inc.",1,True
10.1021/acs.chemmater.4c01351,2,56662881700,Kin M.,Kin,Masane,DENSO Corporation,1,False
10.1021/acs.chemmater.4c01351,3,57216989656,Takahashi K.,Takahashi,Kazuki,DENSO Corporation,1,False
10.1021/acs.chemmater.4c01351,4,57240461700,Sato T.,Sato,Takashi,DENSO Corporation,1,False
10.1021/acs.chemmater.4c01351,5,24376739300,Jinnouchi R.,Jinnouchi,Ryosuke,"Toyota Central R&D Labs., Inc.",1,True
10.1021/acs.chemmater.4c03295,1,6601951595,Mizoshita N.,Mizoshita,Norihiro,"Toyota Central R&D Labs., Inc.",1,True
10.1021/acs.chemmater.5c00128,1,56895793800,Uyama T.,Uyama,Takeshi,"Toyota Central R&D Labs., Inc.",1,True
10.1021/acs.chemmater.5c00128,2,48761820100,Noda Y.,Noda,Yusuke,Kyushu Institute of Technology,2,False
10.1021/acs.chemmater.5c00128,3,22036811600,Suzuki T.M.,Suzuki,Tomiko M.,"Toyota Central R&D Labs., Inc.",1,True
10.1021/acs.chemmater.5c00128,4,54401616800,Sekizawa K.,Sekizawa,Keita,"Toyota Central R&D Labs., Inc.",1,True
10.1021/acs.chemmater.5c00128,5,57199844753,Sakamoto N.,Sakamoto,Naonari,"Toyota Central R&D Labs., Inc.",1,True
10.1021/acs.chemmater.5c00128,6,57204152834,Nonaka T.,Nonaka,Takamasa,"Toyota Central R&D Labs., Inc.",1,True
10.1021/acs.chemmater.5c00128,7,35547016000,Morikawa T.,Morikawa,Takeshi,"Toyota Central R&D Labs., Inc.",1,True
10.1021/acs.chemmater.8b02153,1,57191988304,Nakamura D.,Nakamura,Daisuke,"Toyota Central R&D Labs., Inc.",1,True
10.1021/acs.chemmater.8b02153,2,35771262100,Nakano H.,Nakano,Hideyuki,"Toyota Central R&D Labs., Inc.",1,True
10.1021/acs.chemmater.9b02044,1,23667872700,Lee J.,Lee,Joohwi,"Toyota Central R&D Labs., Inc.",1,True
10.1021/acs.chemmater.9b02044,2,9433473000,Ohba N.,Ohba,Nobuko,"Toyota Central R&D Labs., Inc.",1,True
10.1021/acs.chemmater.9b02044,3,6603791613,Asahi R.,Asahi,Ryoji,"Toyota Central R&D Labs., Inc.",1,True
10.1021/acs.chemmater.9b04984,1,57163864900,Mikita R.,Mikita,Riho,"Toyota Central R&D Labs., Inc.",1,True
10.1021/acs.chemmater.9b04984,2,8602755700,Ogihara N.,Ogihara,Nobuhiro,"Toyota Central R&D Labs., Inc.",1,True
10.1021/acs.chemmater.9b04984,3,55134537100,Takahashi N.,Takahashi,Naoko,"Toyota Central R&D Labs., Inc.",1,True
10.1021/acs.chemmater.9b04984,4,57194635568,Kosaka S.,Kosaka,Satoru,"Toyota Central R&D Labs., Inc.",1,True
10.1021/acs.chemmater.9b04984,5,6602311063,Isomura N.,Isomura,Noritake,"Toyota Central R&D Labs., Inc.",1,True
10.1021/acs.est.5c03574,1,36545496200,Yaokawa R.,Yaokawa,Ritsuko,"Toyota Central R&D Labs., Inc.",1,True
10.1021/acs.est.5c03574,2,57206531575,Sugimoto H.,Sugimoto,Hiroki,"Toyota Central R&D Labs., Inc.",1,True
10.1021/acs.est.5c03574,3,57194635568,Kosaka S.,Kosaka,Satoru,"Toyota Central R&D Labs., Inc.",1,True
10.1021/acs.est.5c03574,4,57204152834,Nonaka T.,Nonaka,Takamasa,"Toyota Central R&D Labs., Inc.",1,True
10.1021/acs.est.5c03574,5,57214878740,Kitagawa-Yogo R.,Kitagawa-Yogo,Ritsuko,"Toyota Central R&D Labs., Inc.",1,True
10.1021/acs.iecr.9b05970,1,57202577107,Hirai T.,Hirai,Takayuki,"Toyota Central R&D Labs., Inc.",1,True
10.1021/acs.iecr.9b05970,2,57215032133,Yagi K.,Yagi,Kenichi,"Toyota Central R&D Labs., Inc.",1,True
10.1021/acs.iecr.9b05970,3,57206694853,Okamoto K.,Okamoto,Kazuo,"Toyota Central R&D Labs., Inc.",1,True
10.1021/acs.iecr.9b05970,4,55315315500,Onochi Y.,Onochi,Yusaku,Lightweight Material Development Group,1,False
10.1021/acs.iecr.9b05970,5,7006693280,Kawada J.,Kawada,Jumpei,"Toyota Central R&D Labs., Inc.",1,True
10.1021/acs.inorgchem.0c01482,1,11039578700,Iyo A.,Iyo,Akira,National Institute of Advanced Industrial Science and Technology,1,False
10.1021/acs.inorgchem.0c01482,2,7004125383,Fujihisa H.,Fujihisa,Hiroshi,National Institute of Advanced Industrial Science and Technology,1,False
10.1021/acs.inorgchem.0c01482,3,7201963235,Gotoh Y.,Gotoh,Yoshito,National Institute of Advanced Industrial Science and Technology,1,False
10.1021/acs.inorgchem.0c01482,4,25923470800,Ishida S.,Ishida,Shigeyuki,National Institute of Advanced Industrial Science and Technology,1,False
10.1021/acs.inorgchem.0c01482,5,57211599079,Ninomiya H.,Ninomiya,Hiroki,National Institute of Advanced Industrial Science and Technology,1,False
10.1021/acs.inorgchem.0c01482,6,56555651100,Yoshida Y.,Yoshida,Yoshiyuki,National Institute of Advanced Industrial Science and Technology,1,False
10.1021/acs.inorgchem.0c01482,7,7005867924,Eisaki H.,Eisaki,Hiroshi,National Institute of Advanced Industrial Science and Technology,1,False
10.1021/acs.inorgchem.0c01482,8,57200729332,Hirose H.T.,Hirose,Hishiro T.,National Institute for Materials Science,1,False
10.1021/acs.inorgchem.0c01482,9,10640397300,Terashima T.,Terashima,Taichi,National Institute for Materials Science,1,False
10.1021/acs.inorgchem.0c01482,10,57202286282,Kawashima K.,Kawashima,Kenji,"National Institute of Advanced Industrial Science and Technology; IMRA Japan Co., Ltd.",2,True
10.1021/acs.inorgchem.0c02090,1,57211599079,Ninomiya H.,Ninomiya,Hiroki,National Institute of Advanced Industrial Science and Technology,1,False
10.1021/acs.inorgchem.0c02090,2,57219277958,Koshinuma T.,Koshinuma,Terunari,National Institute of Advanced Industrial Science and Technology; Tokyo University of Science,2,False
10.1021/acs.inorgchem.0c02090,3,55667217200,Nishio T.,Nishio,Taichiro,National Institute of Advanced Industrial Science and Technology; Tokyo University of Science,2,False
10.1021/acs.inorgchem.0c02090,4,7004125383,Fujihisa H.,Fujihisa,Hiroshi,National Institute of Advanced Industrial Science and Technology,1,False
10.1021/acs.inorgchem.0c02090,5,57202286282,Kawashima K.,Kawashima,Kenji,"National Institute of Advanced Industrial Science and Technology; IMRA Japan Co., Ltd.",2,True
10.1021/acs.inorgchem.0c02090,6,35465984200,Hase I.,Hase,Izumi,National Institute of Advanced Industrial Science and Technology,1,False
10.1021/acs.inorgchem.0c02090,7,25923470800,Ishida S.,Ishida,Shigeyuki,National Institute of Advanced Industrial Science and Technology,1,False
10.1021/acs.inorgchem.0c02090,8,55209020500,Ogino H.,Ogino,Hiraku,National Institute of Advanced Industrial Science and Technology,1,False
10.1021/acs.inorgchem.0c02090,9,11039578700,Iyo A.,Iyo,Akira,National Institute of Advanced Industrial Science and Technology,1,False
10.1021/acs.inorgchem.0c02090,10,56555651100,Yoshida Y.,Yoshida,Yoshiyuki,National Institute of Advanced Industrial Science and Technology,1,False
10.1021/acs.inorgchem.0c02090,11,7201963235,Gotoh Y.,Gotoh,Yoshito,National Institute of Advanced Industrial Science and Technology,1,False
10.1021/acs.inorgchem.0c02090,12,7005867924,Eisaki H.,Eisaki,Hiroshi,National Institute of Advanced Industrial Science and Technology,1,False
10.1021/acs.inorgchem.1c02604,1,11039578700,Iyo A.,Iyo,Akira,National Institute of Advanced Industrial Science and Technology,1,False
10.1021/acs.inorgchem.1c02604,2,35465984200,Hase I.,Hase,Izumi,National Institute of Advanced Industrial Science and Technology,1,False
10.1021/acs.inorgchem.1c02604,3,7004125383,Fujihisa H.,Fujihisa,Hiroshi,National Institute of Advanced Industrial Science and Technology,1,False
10.1021/acs.inorgchem.1c02604,4,7201963235,Gotoh Y.,Gotoh,Yoshito,National Institute of Advanced Industrial Science and Technology,1,False
10.1021/acs.inorgchem.1c02604,5,25923470800,Ishida S.,Ishida,Shigeyuki,National Institute of Advanced Industrial Science and Technology,1,False
10.1021/acs.inorgchem.1c02604,6,57211599079,Ninomiya H.,Ninomiya,Hiroki,National Institute of Advanced Industrial Science and Technology,1,False
10.1021/acs.inorgchem.1c02604,7,56555651100,Yoshida Y.,Yoshida,Yoshiyuki,National Institute of Advanced Industrial Science and Technology,1,False
10.1021/acs.inorgchem.1c02604,8,7005867924,Eisaki H.,Eisaki,Hiroshi,National Institute of Advanced Industrial Science and Technology,1,False
10.1021/acs.inorgchem.1c02604,9,57200729332,Hirose H.T.,Hirose,Hishiro T.,National Institute for Materials Science,1,False
10.1021/acs.inorgchem.1c02604,10,10640397300,Terashima T.,Terashima,Taichi,National Institute for Materials Science,1,False
10.1021/acs.inorgchem.1c02604,11,57202286282,Kawashima K.,Kawashima,Kenji,"National Institute of Advanced Industrial Science and Technology; IMRA Japan Co., Ltd.",2,True
10.1021/acs.inorgchem.2c00960,1,11039578700,Iyo A.,Iyo,Akira,National Institute of Advanced Industrial Science and Technology,1,False
10.1021/acs.inorgchem.2c00960,2,7004125383,Fujihisa H.,Fujihisa,Hiroshi,National Institute of Advanced Industrial Science and Technology,1,False
10.1021/acs.inorgchem.2c00960,3,7201963235,Gotoh Y.,Gotoh,Yoshito,National Institute of Advanced Industrial Science and Technology,1,False
10.1021/acs.inorgchem.2c00960,4,25923470800,Ishida S.,Ishida,Shigeyuki,National Institute of Advanced Industrial Science and Technology,1,False
10.1021/acs.inorgchem.2c00960,5,57211599079,Ninomiya H.,Ninomiya,Hiroki,National Institute of Advanced Industrial Science and Technology,1,False
10.1021/acs.inorgchem.2c00960,6,56555651100,Yoshida Y.,Yoshida,Yoshiyuki,National Institute of Advanced Industrial Science and Technology,1,False
10.1021/acs.inorgchem.2c00960,7,7005867924,Eisaki H.,Eisaki,Hiroshi,National Institute of Advanced Industrial Science and Technology,1,False
10.1021/acs.inorgchem.2c00960,8,57202286282,Kawashima K.,Kawashima,Kenji,"National Institute of Advanced Industrial Science and Technology; IMRA Japan Co., Ltd.",2,True
10.1021/acs.inorgchem.7b01446,1,11039578700,Iyo A.,Iyo,Akira,National Institute of Advanced Industrial Science and Technology,1,False
10.1021/acs.inorgchem.7b01446,2,35465984200,Hase I.,Hase,Izumi,National Institute of Advanced Industrial Science and Technology,1,False
10.1021/acs.inorgchem.7b01446,3,57202286282,Kawashima K.,Kawashima,Kenji,"National Institute of Advanced Industrial Science and Technology; IMRA Japan Co., Ltd.",2,True
10.1021/acs.inorgchem.7b01446,4,25923470800,Ishida S.,Ishida,Shigeyuki,National Institute of Advanced Industrial Science and Technology,1,False
10.1021/acs.inorgchem.7b01446,5,7005171852,Kito H.,Kito,Hijiri,National Institute of Advanced Industrial Science and Technology,1,False
10.1021/acs.inorgchem.7b01446,6,7006199484,Takeshita N.,Takeshita,Nao,National Institute of Advanced Industrial Science and Technology,1,False
10.1021/acs.inorgchem.7b01446,7,35494961300,Oka K.,Oka,Kunihiko,National Institute of Advanced Industrial Science and Technology,1,False
10.1021/acs.inorgchem.7b01446,8,7004125383,Fujihisa H.,Fujihisa,Hiroshi,National Institute of Advanced Industrial Science and Technology,1,False
10.1021/acs.inorgchem.7b01446,9,7201963235,Gotoh Y.,Gotoh,Yoshito,National Institute of Advanced Industrial Science and Technology,1,False
10.1021/acs.inorgchem.7b01446,10,56555651100,Yoshida Y.,Yoshida,Yoshiyuki,National Institute of Advanced Industrial Science and Technology,1,False
10.1021/acs.inorgchem.7b01446,11,7005867924,Eisaki H.,Eisaki,Hiroshi,National Institute of Advanced Industrial Science and Technology,1,False
10.1021/acs.inorgchem.8b01247,1,11039578700,Iyo A.,Iyo,Akira,National Institute of Advanced Industrial Science and Technology,1,False
10.1021/acs.inorgchem.8b01247,2,57202286282,Kawashima K.,Kawashima,Kenji,"National Institute of Advanced Industrial Science and Technology; IMRA Japan Co., Ltd.",2,True
10.1021/acs.inorgchem.8b01247,3,25923470800,Ishida S.,Ishida,Shigeyuki,National Institute of Advanced Industrial Science and Technology,1,False
10.1021/acs.inorgchem.8b01247,4,7004125383,Fujihisa H.,Fujihisa,Hiroshi,National Institute of Advanced Industrial Science and Technology,1,False
10.1021/acs.inorgchem.8b01247,5,7201963235,Gotoh Y.,Gotoh,Yoshito,National Institute of Advanced Industrial Science and Technology,1,False
10.1021/acs.inorgchem.8b01247,6,56555651100,Yoshida Y.,Yoshida,Yoshiyuki,National Institute of Advanced Industrial Science and Technology,1,False
10.1021/acs.inorgchem.8b01247,7,7005867924,Eisaki H.,Eisaki,Hiroshi,National Institute of Advanced Industrial Science and Technology,1,False
10.1021/acs.inorgchem.9b01370,1,7005351263,Hazama H.,Hazama,Hirofumi,"Toyota Central R&D Labs., Inc.",1,True
10.1021/acs.inorgchem.9b01370,2,7006304400,Sobue S.,Sobue,Susumu,DENSO Corporation,1,False
10.1021/acs.inorgchem.9b01370,3,7202589372,Tajima S.,Tajima,Shin,"Toyota Central R&D Labs., Inc.",1,True
10.1021/acs.inorgchem.9b01370,4,6603791613,Asahi R.,Asahi,Ryoji,"Toyota Central R&D Labs., Inc.",1,True
10.1021/acs.inorgchem.9b02709,1,57211599079,Ninomiya H.,Ninomiya,Hiroki,National Institute of Advanced Industrial Science and Technology,1,False
10.1021/acs.inorgchem.9b02709,2,35494961300,Oka K.,Oka,Kunihiko,National Institute of Advanced Industrial Science and Technology,1,False
10.1021/acs.inorgchem.9b02709,3,35465984200,Hase I.,Hase,Izumi,National Institute of Advanced Industrial Science and Technology,1,False
10.1021/acs.inorgchem.9b02709,4,57202286282,Kawashima K.,Kawashima,Kenji,"National Institute of Advanced Industrial Science and Technology; IMRA Japan Co., Ltd.",2,True
10.1021/acs.inorgchem.9b02709,5,7004125383,Fujihisa H.,Fujihisa,Hiroshi,National Institute of Advanced Industrial Science and Technology,1,False
10.1021/acs.inorgchem.9b02709,6,7201963235,Gotoh Y.,Gotoh,Yoshito,National Institute of Advanced Industrial Science and Technology,1,False
10.1021/acs.inorgchem.9b02709,7,25923470800,Ishida S.,Ishida,Shigeyuki,National Institute of Advanced Industrial Science and Technology,1,False
10.1021/acs.inorgchem.9b02709,8,55209020500,Ogino H.,Ogino,Hiraku,National Institute of Advanced Industrial Science and Technology,1,False
10.1021/acs.inorgchem.9b02709,9,11039578700,Iyo A.,Iyo,Akira,National Institute of Advanced Industrial Science and Technology,1,False
10.1021/acs.inorgchem.9b02709,10,56555651100,Yoshida Y.,Yoshida,Yoshiyuki,National Institute of Advanced Industrial Science and Technology,1,False
10.1021/acs.inorgchem.9b02709,11,7005867924,Eisaki H.,Eisaki,Hiroshi,National Institute of Advanced Industrial Science and Technology,1,False
10.1021/acs.jcim.0c00692,1,55141772200,Kikkawa N.,Kikkawa,Nobuaki,"Toyota Central R&D Labs., Inc.",1,True
10.1021/acs.jcim.0c00692,2,12239498500,Kajita S.,Kajita,Seiji,"Toyota Central R&D Labs., Inc.",1,True
10.1021/acs.jcim.0c00692,3,8624097700,Takechi K.,Takechi,Kensuke,"Toyota Central R&D Labs., Inc.",1,True
10.1021/acs.jctc.4c00167,1,57226193972,Horiba T.,Horiba,Takahiro,"Toyota Central R&D Labs., Inc.",1,True
10.1021/acs.jctc.4c00167,2,7102377451,Shirai S.,Shirai,Soichi,"Toyota Central R&D Labs., Inc.",1,True
10.1021/acs.jctc.4c00167,3,57194089679,Hirai H.,Hirai,Hirotoshi,"Toyota Central R&D Labs., Inc.",1,True
10.1021/acs.jpcc.8b03730,1,21741247300,Nagoya A.,Nagoya,Akihiro,"Toyota Central R&D Labs., Inc.",1,True
10.1021/acs.jpcc.8b03730,2,56585826500,Tetsuka H.,Tetsuka,Hiroyuki,"Toyota Central R&D Labs., Inc.",1,True
10.1021/acs.jpcc.8b03730,3,9433473000,Ohba N.,Ohba,Nobuko,"Toyota Central R&D Labs., Inc.",1,True
10.1021/acs.jpcc.9b01195,1,57208307058,Miyamoto K.,Miyamoto,Kaito,"Toyota Central R&D Labs., Inc.",1,True
10.1021/acs.jpcc.9b01195,2,6603791613,Asahi R.,Asahi,Ryoji,"Toyota Central R&D Labs., Inc.",1,True
10.1021/acs.jpclett.0c01061,1,24376739300,Jinnouchi R.,Jinnouchi,Ryosuke,"Toyota Central R&D Labs., Inc.",1,True
10.1021/acs.jpclett.0c01061,2,7202384697,Miwa K.,Miwa,Kazutoshi,"Toyota Central R&D Labs., Inc.",1,True
10.1021/acs.jpclett.0c01061,3,54899578000,Karsai F.,Karsai,Ferenc,VASP Software GmbH,1,False
10.1021/acs.jpclett.0c01061,4,7005050281,Kresse G.,Kresse,Georg,Universität Wien,1,False
10.1021/acs.jpclett.0c01061,5,6603791613,Asahi R.,Asahi,Ryoji,"Toyota Central R&D Labs., Inc.",1,True
10.1021/acs.jpclett.0c01877,1,7003739754,Hase Y.,Hase,Yoko,"Toyota Central R&D Labs., Inc.",1,True
10.1021/acs.jpclett.0c01877,2,57208318326,Nishioka K.,Nishioka,Kiho,The University of Osaka,1,False
10.1021/acs.jpclett.0c01877,3,57205695459,Komori Y.,Komori,Yasuhiro,The University of Osaka,1,False
10.1021/acs.jpclett.0c01877,4,57205695907,Kusumoto T.,Kusumoto,Takayoshi,The University of Osaka,1,False
10.1021/acs.jpclett.0c01877,5,15056890500,Seki J.,Seki,Juntaro,"Toyota Central R&D Labs., Inc.",1,True
10.1021/acs.jpclett.0c01877,6,24178005800,Kamiya K.,Kamiya,Kazuhide,The University of Osaka,2,False
10.1021/acs.jpclett.0c01877,7,7402706228,Nakanishi S.,Nakanishi,Shuji,The University of Osaka,2,False
10.1021/acs.jpclett.8b00162,1,57202286282,Kawashima K.,Kawashima,Kenji,"IMRA Japan Co., Ltd.; National Institute of Advanced Industrial Science and Technology",2,True
10.1021/acs.jpclett.8b00162,2,25923470800,Ishida S.,Ishida,Shigeyuki,National Institute of Advanced Industrial Science and Technology,1,False
10.1021/acs.jpclett.8b00162,3,7004125383,Fujihisa H.,Fujihisa,Hiroshi,National Institute of Advanced Industrial Science and Technology,1,False
10.1021/acs.jpclett.8b00162,4,7201963235,Gotoh Y.,Gotoh,Yoshito,National Institute of Advanced Industrial Science and Technology,1,False
10.1021/acs.jpclett.8b00162,5,6507040591,Kihou K.,Kihou,Kunihiro,National Institute of Advanced Industrial Science and Technology,1,False
10.1021/acs.jpclett.8b00162,6,56555651100,Yoshida Y.,Yoshida,Yoshiyuki,National Institute of Advanced Industrial Science and Technology,1,False
10.1021/acs.jpclett.8b00162,7,7005867924,Eisaki H.,Eisaki,Hiroshi,National Institute of Advanced Industrial Science and Technology,1,False
10.1021/acs.jpclett.8b00162,8,55209020500,Ogino H.,Ogino,Hiraku,National Institute of Advanced Industrial Science and Technology,1,False
10.1021/acs.jpclett.8b00162,9,11039578700,Iyo A.,Iyo,Akira,National Institute of Advanced Industrial Science and Technology,1,False
10.1021/acs.jpclett.9b00321,1,11039578700,Iyo A.,Iyo,Akira,National Institute of Advanced Industrial Science and Technology,1,False
10.1021/acs.jpclett.9b00321,2,25923470800,Ishida S.,Ishida,Shigeyuki,National Institute of Advanced Industrial Science and Technology,1,False
10.1021/acs.jpclett.9b00321,3,7004125383,Fujihisa H.,Fujihisa,Hiroshi,National Institute of Advanced Industrial Science and Technology,1,False
10.1021/acs.jpclett.9b00321,4,7201963235,Gotoh Y.,Gotoh,Yoshito,National Institute of Advanced Industrial Science and Technology,1,False
10.1021/acs.jpclett.9b00321,5,35465984200,Hase I.,Hase,Izumi,National Institute of Advanced Industrial Science and Technology,1,False
10.1021/acs.jpclett.9b00321,6,56555651100,Yoshida Y.,Yoshida,Yoshiyuki,National Institute of Advanced Industrial Science and Technology,1,False
10.1021/acs.jpclett.9b00321,7,7005867924,Eisaki H.,Eisaki,Hiroshi,National Institute of Advanced Industrial Science and Technology,1,False
10.1021/acs.jpclett.9b00321,8,57202286282,Kawashima K.,Kawashima,Kenji,"National Institute of Advanced Industrial Science and Technology; IMRA Japan Co., Ltd.",2,True
10.1021/acs.jpclett.9b01670,1,8602755700,Ogihara N.,Ogihara,Nobuhiro,"Toyota Central R&D Labs., Inc.",1,True
10.1021/acs.jpclett.9b01670,2,7005115731,Itou Y.,Itou,Yuichi,"Toyota Central R&D Labs., Inc.",1,True
10.1021/acs.jpclett.9b01670,3,35584643100,Kawauchi S.,Kawauchi,Shigehiro,"Toyota Central R&D Labs., Inc.",1,True
10.1021/acs.langmuir.6b03145,1,57192396830,Nakashima Y.,Nakashima,Yasuo,"IMRA Japan Co., Ltd.",1,True
10.1021/acs.langmuir.6b03145,2,6601951595,Mizoshita N.,Mizoshita,Norihiro,"Toyota Central R&D Labs., Inc.",1,True
10.1021/acs.langmuir.6b03145,3,8310738200,Tanaka H.,Tanaka,Hiromitsu,"Toyota Central R&D Labs., Inc.",1,True
10.1021/acs.langmuir.6b03145,4,8501992100,Nakaoki Y.,Nakaoki,Yuichiro,"IMRA Japan Co., Ltd.",1,True
10.1021/acsaem.0c02971,1,55654426300,Yonekura H.,Yonekura,Hirotaka,"Toyota Central R&D Labs., Inc.",1,True
10.1021/acsaem.0c02971,2,23003595000,Akimoto Y.,Akimoto,Yusuke,"Toyota Central R&D Labs., Inc.",1,True
10.1021/acsaem.0c02971,3,55624478385,Nakamura H.,Nakamura,Hiroshi,"Toyota Central R&D Labs., Inc.",1,True
10.1021/acsaem.2c01721,1,6603931411,Makimura Y.,Makimura,Yoshinari,"Toyota Central R&D Labs., Inc.",1,True
10.1021/acsaem.2c01721,2,57204570468,Niitani K.,Niitani,Keita,Toyota Motor Corporation,1,True
10.1021/acsaem.2c01721,3,57919528600,Goto I.,Goto,Ippei,Toyota Motor Corporation,1,True
10.1021/acsaem.2c01721,4,6507910951,Tsujiko A.,Tsujiko,Akira,Toyota Motor Corporation,1,True
10.1021/acsaem.2c01721,5,42361568400,Oka H.,Oka,Hideaki,"Toyota Central R&D Labs., Inc.",1,True
10.1021/acsaem.2c01721,6,57204152834,Nonaka T.,Nonaka,Takamasa,"Toyota Central R&D Labs., Inc.",1,True
10.1021/acsaem.2c01721,7,8046188800,Abe T.,Abe,Takeshi,Toyota Motor Corporation,1,True
10.1021/acsami.2c01594,1,56781448900,Yoshimune W.,Yoshimune,Wataru,"Toyota Central R&D Labs., Inc.",1,True
10.1021/acsami.2c01594,2,57199806946,Kato S.,Kato,Satoru,"Toyota Central R&D Labs., Inc.",1,True
10.1021/acsami.2c01594,3,56530053400,Harada M.,Harada,Masashi,"Toyota Central R&D Labs., Inc.",1,True
10.1021/acsami.2c02868,1,56195581000,Mahara Y.,Mahara,Yuji,"Toyota Central R&D Labs., Inc.",1,True
10.1021/acsami.2c02868,2,6507201117,Nagasako N.,Nagasako,Naoyuki,"Toyota Central R&D Labs., Inc.",1,True
10.1021/acsami.2c02868,3,42361568400,Oka H.,Oka,Hideaki,"Toyota Central R&D Labs., Inc.",1,True
10.1021/acsami.2c02868,4,8508167400,Kondo Y.,Kondo,Yasuhito,"Toyota Central R&D Labs., Inc.",1,True
10.1021/acsami.2c02868,5,57194635568,Kosaka S.,Kosaka,Satoru,"Toyota Central R&D Labs., Inc.",1,True
10.1021/acsami.2c02868,6,57217234186,Nakano H.,Nakano,Hiroyuki,"Toyota Central R&D Labs., Inc.",1,True
10.1021/acsami.2c02868,7,57204152834,Nonaka T.,Nonaka,Takamasa,"Toyota Central R&D Labs., Inc.",1,True
10.1021/acsami.2c02868,8,6603931411,Makimura Y.,Makimura,Yoshinari,"Toyota Central R&D Labs., Inc.",1,True
10.1021/acsami.2c06471,1,55939819700,Kawaura H.,Kawaura,Hiroyuki,"Toyota Central R&D Labs., Inc.",1,True
10.1021/acsami.2c06471,2,56530053400,Harada M.,Harada,Masashi,"Toyota Central R&D Labs., Inc.",1,True
10.1021/acsami.2c06471,3,8508167400,Kondo Y.,Kondo,Yasuhito,"Toyota Central R&D Labs., Inc.",1,True
10.1021/acsami.2c06471,4,57724531200,Mizutani M.,Mizutani,Mamoru,"Toyota Central R&D Labs., Inc.",1,True
10.1021/acsami.2c06471,5,55134537100,Takahashi N.,Takahashi,Naoko,"Toyota Central R&D Labs., Inc.",1,True
10.1021/acsami.2c06471,6,55628999900,Yamada N.L.,Yamada,Norifumi L.,"High Energy Accelerator Research Organization, Institute of Materials Structure Science",1,False
10.1021/acsami.2c09298,1,55519838700,Higashi S.,Higashi,Shougo,"Toyota Central R&D Labs., Inc.",1,True
10.1021/acsami.2c09298,2,56771643400,Matsui T.,Matsui,Takayuki,"Toyota Central R&D Labs., Inc.",1,True
10.1021/acsami.2c09298,3,8377037900,Beniya A.,Beniya,Atsushi,"Toyota Central R&D Labs., Inc.",1,True
10.1021/acsami.2c14574,1,56781448900,Yoshimune W.,Yoshimune,Wataru,"Toyota Central R&D Labs., Inc.",1,True
10.1021/acsami.2c14574,2,55141772200,Kikkawa N.,Kikkawa,Nobuaki,"Toyota Central R&D Labs., Inc.",1,True
10.1021/acsami.2c14574,3,57204369272,Yoneyama H.,Yoneyama,Hiroaki,"Toyota Central R&D Labs., Inc.",1,True
10.1021/acsami.2c14574,4,55134537100,Takahashi N.,Takahashi,Naoko,"Toyota Central R&D Labs., Inc.",1,True
10.1021/acsami.2c14574,5,59844864500,Minami S.,Minami,Saori,"Toyota Central R&D Labs., Inc.",1,True
10.1021/acsami.2c14574,6,23003595000,Akimoto Y.,Akimoto,Yusuke,"Toyota Central R&D Labs., Inc.",1,True
10.1021/acsami.2c14574,7,7102596550,Mitsuoka T.,Mitsuoka,Takuya,"Toyota Central R&D Labs., Inc.",1,True
10.1021/acsami.2c14574,8,55939819700,Kawaura H.,Kawaura,Hiroyuki,"Toyota Central R&D Labs., Inc.",1,True
10.1021/acsami.2c14574,9,56530053400,Harada M.,Harada,Masashi,"Toyota Central R&D Labs., Inc.",1,True
10.1021/acsami.2c14574,10,55628999900,Yamada N.L.,Yamada,Norifumi L.,"High Energy Accelerator Research Organization, Institute of Materials Structure Science",1,False
10.1021/acsami.2c14574,11,7402574482,Aoki H.,Aoki,Hiroyuki,"High Energy Accelerator Research Organization, Institute of Materials Structure Science; J-PARC Center",2,False
10.1021/acsami.2c19593,1,35726142800,Suganuma Y.,Suganuma,Yoshitake,University of Cambridge,1,False
10.1021/acsami.2c19593,2,26643326800,Elliott J.A.,Elliott,James A.,University of Cambridge,1,False
10.1021/acsami.3c00397,1,57202577107,Hirai T.,Hirai,Takayuki,"Toyota Central R&D Labs., Inc.",1,True
10.1021/acsami.3c00397,2,26429801100,Kugimoto K.,Kugimoto,Ko,"Toyota Central R&D Labs., Inc.",1,True
10.1021/acsami.3c00397,3,58043585500,Oyama S.,Oyama,Shin,"Toyota Central R&D Labs., Inc.",1,True
10.1021/acsami.3c00397,4,36009365500,Takeda Y.,Takeda,Yasuhiko,"Toyota Central R&D Labs., Inc.",1,True
10.1021/acsami.3c01400,1,59758510000,Shigetoh K.,Shigetoh,Keisuke,"Toyota Central R&D Labs., Inc.",1,True
10.1021/acsami.3c01400,2,58109657000,Hirao R.,Hirao,Rie,"Toyota Central R&D Labs., Inc.",1,True
10.1021/acsami.3c01400,3,56710934900,Ishida N.,Ishida,Nobuhiro,"Toyota Central R&D Labs., Inc.",1,True
10.1021/acsami.3c05521,1,55939819700,Kawaura H.,Kawaura,Hiroyuki,"Toyota Central R&D Labs., Inc.",1,True
10.1021/acsami.3c05521,2,7402805633,Suzuki R.,Suzuki,Ryo,"Toyota Central R&D Labs., Inc.",1,True
10.1021/acsami.3c05521,3,8508167400,Kondo Y.,Kondo,Yasuhito,"Toyota Central R&D Labs., Inc.",1,True
10.1021/acsami.3c05521,4,56195581000,Mahara Y.,Mahara,Yuji,"Toyota Central R&D Labs., Inc.",1,True
10.1021/acsami.3c08432,1,56530053400,Harada M.,Harada,Masashi,"Toyota Central R&D Labs., Inc.",1,True
10.1021/acsami.3c08432,2,6505525817,Kadoura H.,Kadoura,Hiroaki,"Toyota Central R&D Labs., Inc.",1,True
10.1021/acsami.3c08432,3,7103046468,Takata S.-I.,Takata,Shin-Ichi,J-PARC Center,1,False
10.1021/acsami.3c08432,4,7102085149,Iwase H.,Iwase,Hiroki,Comprehensive Research Organization for Science and Society,1,False
10.1021/acsami.3c08432,5,36918485700,Kajiya S.,Kajiya,Shuji,"Toyota Central R&D Labs., Inc.",1,True
10.1021/acsami.3c08432,6,55731679800,Suzuki T.,Suzuki,Takahisa,"Toyota Central R&D Labs., Inc.",1,True
10.1021/acsami.3c08432,7,36857846800,Hasegawa N.,Hasegawa,Naoki,"Toyota Central R&D Labs., Inc.",1,True
10.1021/acsami.3c08432,8,56291775500,Shinohara A.,Shinohara,Akihiro,"Toyota Central R&D Labs., Inc.",1,True
10.1021/acsami.3c08432,9,57199806946,Kato S.,Kato,Satoru,"Toyota Central R&D Labs., Inc.",1,True
10.1021/acsami.3c15125,1,58109657000,Hirao R.,Hirao,Rie,"Toyota Central R&D Labs., Inc.",1,True
10.1021/acsami.3c15125,2,58891275800,Takeuchi H.,Takeuchi,Hisato,"Toyota Central R&D Labs., Inc.",1,True
10.1021/acsami.3c15125,3,7006693280,Kawada J.,Kawada,Jumpei,"Toyota Central R&D Labs., Inc.",1,True
10.1021/acsami.3c15125,4,56710934900,Ishida N.,Ishida,Nobuhiro,"Toyota Central R&D Labs., Inc.",1,True
10.1021/acsami.4c00626,1,59281998700,Inagaki Y.,Inagaki,Yumi,"Toyota Central R&D Labs., Inc.",1,True
10.1021/acsami.4c00626,2,57190345176,Murase M.,Murase,Masakazu,"Toyota Central R&D Labs., Inc.",1,True
10.1021/acsami.4c00626,3,59097789600,Tanaka H.,Tanaka,Hiromitsu,"Toyota Central R&D Labs., Inc.",1,True
10.1021/acsami.4c00626,4,57191988304,Nakamura D.,Nakamura,Daisuke,"Toyota Central R&D Labs., Inc.",1,True
10.1021/acsami.4c01794,1,56622183300,Inaba M.,Inaba,Masanori,"Toyota Central R&D Labs., Inc.",1,True
10.1021/acsami.4c01794,2,58908482800,Murase R.,Murase,Ryuichi,"Toyota Central R&D Labs., Inc.",1,True
10.1021/acsami.4c01794,3,12242083900,Takeshita T.,Takeshita,Tomohiro,"Toyota Central R&D Labs., Inc.",1,True
10.1021/acsami.4c01794,4,7402402850,Yano K.,Yano,Kazuhisa,"Toyota Central R&D Labs., Inc.",1,True
10.1021/acsami.4c01794,5,57194635568,Kosaka S.,Kosaka,Satoru,"Toyota Central R&D Labs., Inc.",1,True
10.1021/acsami.4c01794,6,55134537100,Takahashi N.,Takahashi,Naoko,"Toyota Central R&D Labs., Inc.",1,True
10.1021/acsami.4c01794,7,6602311063,Isomura N.,Isomura,Noritake,"Toyota Central R&D Labs., Inc.",1,True
10.1021/acsami.4c01794,8,7003872720,Oh-Ishi K.,Oh-Ishi,Keiichiro,"Toyota Central R&D Labs., Inc.",1,True
10.1021/acsami.4c01794,9,56781448900,Yoshimune W.,Yoshimune,Wataru,"Toyota Central R&D Labs., Inc.",1,True
10.1021/acsami.4c01794,10,57219172681,Tsuchiya K.,Tsuchiya,Kimihiro,Toyota Motor Corporation,1,True
10.1021/acsami.4c01794,11,57211225898,Nobukawa T.,Nobukawa,Takeshi,Toyota Motor Corporation,1,True
10.1021/acsami.4c01794,12,36559655600,Kodama K.,Kodama,Kensaku,"Toyota Central R&D Labs., Inc.",1,True
10.1021/acsami.4c07867,1,56781448900,Yoshimune W.,Yoshimune,Wataru,"Toyota Central R&D Labs., Inc.",1,True
10.1021/acsami.4c07867,2,57207199294,Kato A.,Kato,Akihiko,"Toyota Central R&D Labs., Inc.",1,True
10.1021/acsami.4c07867,3,57206649828,Yamaguchi S.,Yamaguchi,Satoshi,"Toyota Central R&D Labs., Inc.",1,True
10.1021/acsami.4c07867,4,7007105521,Hibi S.,Hibi,Shogo,"Toyota Central R&D Labs., Inc.",1,True
10.1021/acsami.4c07867,5,57199806946,Kato S.,Kato,Satoru,"Toyota Central R&D Labs., Inc.",1,True
10.1021/acsami.8b18088,1,8522430400,Kimura T.,Kimura,Taishi,"Toyota Central R&D Labs., Inc.",1,True
10.1021/acsami.8b18088,2,7501694167,Sato S.,Sato,Shunsuke,"Toyota Central R&D Labs., Inc.",1,True
10.1021/acsami.8b18088,3,13408171400,Kataoka K.,Kataoka,Keita,"Toyota Central R&D Labs., Inc.",1,True
10.1021/acsami.8b18088,4,35547016000,Morikawa T.,Morikawa,Takeshi,"Toyota Central R&D Labs., Inc.",1,True
10.1021/acsami.8b18088,5,57191988304,Nakamura D.,Nakamura,Daisuke,"Toyota Central R&D Labs., Inc.",1,True
10.1021/acsanm.1c02563,1,57202452413,Funayama K.,Funayama,Keita,"Toyota Central R&D Labs., Inc.; Nagoya University",2,True
10.1021/acsanm.1c02563,2,57205758604,Tanaka H.,Tanaka,Hiroya,"Toyota Central R&D Labs., Inc.",1,True
10.1021/acsanm.1c02563,3,36182441100,Hirotani J.,Hirotani,Jun,Nagoya University,1,False
10.1021/acsanm.1c02563,4,7006253252,Shimaoka K.,Shimaoka,Keiichi,"Toyota Central R&D Labs., Inc.",1,True
10.1021/acsanm.1c02563,5,56530085400,Ohno Y.,Ohno,Yutaka,Nagoya University,2,False
10.1021/acsanm.1c02563,6,8902896000,Tadokoro Y.,Tadokoro,Yukihiro,"Toyota Central R&D Labs., Inc.",1,True
10.1021/acscatal.0c01593,1,57199844753,Sakamoto N.,Sakamoto,Naonari,"Toyota Central R&D Labs., Inc.",1,True
10.1021/acscatal.0c01593,2,55749528200,Nishimura Y.F.,Nishimura,Yusaku F.,"Toyota Central R&D Labs., Inc.",1,True
10.1021/acscatal.0c01593,3,57204152834,Nonaka T.,Nonaka,Takamasa,"Toyota Central R&D Labs., Inc.",1,True
10.1021/acscatal.0c01593,4,55127247600,Ohashi M.,Ohashi,Masataka,"Toyota Central R&D Labs., Inc.",1,True
10.1021/acscatal.0c01593,5,56710934900,Ishida N.,Ishida,Nobuhiro,"Toyota Central R&D Labs., Inc.",1,True
10.1021/acscatal.0c01593,6,55735038000,Kitazumi K.,Kitazumi,Kosuke,"Toyota Central R&D Labs., Inc.",1,True
10.1021/acscatal.0c01593,7,58912635700,Kato Y.,Kato,Yuichi,"Toyota Central R&D Labs., Inc.",1,True
10.1021/acscatal.0c01593,8,54401616800,Sekizawa K.,Sekizawa,Keita,"Toyota Central R&D Labs., Inc.",1,True
10.1021/acscatal.0c01593,9,35547016000,Morikawa T.,Morikawa,Takeshi,"Toyota Central R&D Labs., Inc.",1,True
10.1021/acscatal.0c01593,10,56673389100,Arai T.,Arai,Takeo,"Toyota Central R&D Labs., Inc.",1,True
10.1021/acscatal.1c03948,1,8377037900,Beniya A.,Beniya,Atsushi,"Toyota Central R&D Labs., Inc.",1,True
10.1021/acscatal.1c03948,2,7202384697,Miwa K.,Miwa,Kazutoshi,"Toyota Central R&D Labs., Inc.",1,True
10.1021/acscatal.1c03948,3,8894536400,Hirata H.,Hirata,Hirohito,Toyota Motor Corporation,1,True
10.1021/acscatal.1c03948,4,55693125700,Watanabe Y.,Watanabe,Yoshihide,"Toyota Central R&D Labs., Inc.",1,True
10.1021/acscatal.1c03948,5,55519838700,Higashi S.,Higashi,Shougo,"Toyota Central R&D Labs., Inc.",1,True
10.1021/acsenergylett.3c01096,1,56781448900,Yoshimune W.,Yoshimune,Wataru,"Toyota Central R&D Labs., Inc.",1,True
10.1021/acsenergylett.3c01096,2,56298288100,Higuchi Y.,Higuchi,Yuki,"Toyota Central R&D Labs., Inc.",1,True
10.1021/acsenergylett.3c01096,3,57207199294,Kato A.,Kato,Akihiko,"Toyota Central R&D Labs., Inc.",1,True
10.1021/acsenergylett.3c01096,4,7007105521,Hibi S.,Hibi,Shogo,"Toyota Central R&D Labs., Inc.",1,True
10.1021/acsenergylett.3c01096,5,57206649828,Yamaguchi S.,Yamaguchi,Satoshi,"Toyota Central R&D Labs., Inc.",1,True
10.1021/acsenergylett.3c01096,6,59031002600,Matsumoto Y.,Matsumoto,Yoshihiro,Comprehensive Research Organization for Science and Society,1,False
10.1021/acsenergylett.3c01096,7,23392579800,Hayashida H.,Hayashida,Hirotoshi,Comprehensive Research Organization for Science and Society,1,False
10.1021/acsenergylett.3c01096,8,55427288600,Nozaki H.,Nozaki,Hiroshi,"Toyota Central R&D Labs., Inc.",1,True
10.1021/acsenergylett.3c01096,9,7202958524,Shinohara T.,Shinohara,Takenao,Japan Atomic Energy Agency,1,False
10.1021/acsenergylett.3c01096,10,57199806946,Kato S.,Kato,Satoru,"Toyota Central R&D Labs., Inc.",1,True
10.1021/acsnano.0c08290,1,8602755700,Ogihara N.,Ogihara,Nobuhiro,"Toyota Central R&D Labs., Inc.",1,True
10.1021/acsnano.0c08290,2,57210643742,Hasegawa M.,Hasegawa,Masaki,"Toyota Central R&D Labs., Inc.",1,True
10.1021/acsnano.0c08290,3,7202149468,Kumagai H.,Kumagai,Hitoshi,"Toyota Central R&D Labs., Inc.",1,True
10.1021/acsnano.0c08290,4,55427288600,Nozaki H.,Nozaki,Hiroshi,"Toyota Central R&D Labs., Inc.",1,True
10.1021/acsnano.1c03035,1,56423103900,Nguyen V.P.,Nguyen,Van Phuc,University of Michigan Medical School,1,False
10.1021/acsnano.1c03035,2,56597346100,Fan W.,Fan,Wen,University of Michigan Medical School; Jiangsu Province Hospital,2,False
10.1021/acsnano.1c03035,3,57223240963,Zhu T.,Zhu,Tianye,University of Michigan Medical School; Jiangsu Province Hospital,2,False
10.1021/acsnano.1c03035,4,57199691486,Qian W.,Qian,Wei,"IMRA America, Inc.",1,True
10.1021/acsnano.1c03035,5,56267914200,Li Y.,Li,Yanxiu,University of Michigan Medical School,1,False
10.1021/acsnano.1c03035,6,55502865500,Liu B.,Liu,Bing,"IMRA America, Inc.",1,True
10.1021/acsnano.1c03035,7,57200954487,Zhang W.,Zhang,Wei,"University of Michigan, Ann Arbor",1,False
10.1021/acsnano.1c03035,8,57208299472,Henry J.,Henry,Jessica,University of Michigan Medical School,1,False
10.1021/acsnano.1c03035,9,7403272765,Yuan S.,Yuan,Songtao,Jiangsu Province Hospital,1,False
10.1021/acsnano.1c03035,10,55174162600,Wang X.,Wang,Xueding,"University of Michigan, Ann Arbor",1,False
10.1021/acsnano.1c03035,11,23467702900,Paulus Y.M.,Paulus,Yannis M.,"University of Michigan Medical School; University of Michigan, Ann Arbor",2,False
10.1021/acsomega.0c02933,1,57212383758,Ushijima E.,Ushijima,Eizo,"IMRA Japan Co., Ltd.",1,True
10.1021/acsomega.0c02933,2,57202945747,Fujimoto S.,Fujimoto,Satoshi,MEMS-CORE Co. Ltd.,1,False
10.1021/acsomega.0c02933,3,57202475051,Nakazato K.,Nakazato,Kazuo,Nagoya University,1,False
10.1021/acsomega.1c01535,1,56530053400,Harada M.,Harada,Masashi,"Toyota Central R&D Labs., Inc.",1,True
10.1021/acsomega.1c01535,2,7103046468,Takata S.-I.,Takata,Shin-Ichi,Japan Atomic Energy Agency,1,False
10.1021/acsomega.1c01535,3,7102085149,Iwase H.,Iwase,Hiroki,Comprehensive Research Organization for Science and Society,1,False
10.1021/acsomega.1c01535,4,36918485700,Kajiya S.,Kajiya,Shuji,"Toyota Central R&D Labs., Inc.",1,True
10.1021/acsomega.1c01535,5,6505525817,Kadoura H.,Kadoura,Hiroaki,"Toyota Central R&D Labs., Inc.",1,True
10.1021/acsomega.1c01535,6,57195145246,Kanaya T.,Kanaya,Toshiji,"High Energy Accelerator Research Organization, Institute of Materials Structure Science; J-PARC Center",2,False
10.1021/acssuschemeng.1c01151,1,57546453900,Shiga T.,Shiga,Tohru,"Toyota Central R&D Labs., Inc.",1,True
10.1021/acssuschemeng.1c01151,2,57211270328,Kondo H.,Kondo,Hiroki,"Toyota Central R&D Labs., Inc.",1,True
10.1021/acssuschemeng.1c01151,3,58912635700,Kato Y.,Kato,Yuichi,"Toyota Central R&D Labs., Inc.",1,True
10.1021/acssuschemeng.1c02105,1,56781448900,Yoshimune W.,Yoshimune,Wataru,"Toyota Central R&D Labs., Inc.",1,True
10.1021/acssuschemeng.1c02105,2,57199806946,Kato S.,Kato,Satoru,"Toyota Central R&D Labs., Inc.",1,True
10.1021/acssuschemeng.1c02105,3,57206649828,Yamaguchi S.,Yamaguchi,Satoshi,"Toyota Central R&D Labs., Inc.",1,True
10.1021/acssuschemeng.1c02105,4,23003595000,Akimoto Y.,Akimoto,Yusuke,"Toyota Central R&D Labs., Inc.",1,True
10.1021/acssuschemeng.1c02105,5,6603447691,Koiwai A.,Koiwai,Akihiko,"Toyota Central R&D Labs., Inc.",1,True
10.1021/acssuschemeng.1c02105,6,55624478385,Nakamura H.,Nakamura,Hiroshi,"Toyota Central R&D Labs., Inc.",1,True
10.1021/acssuschemeng.1c06390,1,7403474409,Kato N.,Kato,Naohiko,"Toyota Central R&D Labs., Inc.",1,True
10.1021/acssuschemeng.1c06390,2,36009365500,Takeda Y.,Takeda,Yasuhiko,"Toyota Central R&D Labs., Inc.",1,True
10.1021/acssuschemeng.1c06390,3,7401615600,Kawai Y.,Kawai,Yasuaki,"Toyota Central R&D Labs., Inc.",1,True
10.1021/acssuschemeng.1c06390,4,57222082086,Nojiri N.,Nojiri,Natsumi,"Toyota Central R&D Labs., Inc.",1,True
10.1021/acssuschemeng.1c06390,5,14919955000,Shiozawa M.,Shiozawa,Masahito,"Toyota Central R&D Labs., Inc.",1,True
10.1021/acssuschemeng.1c06390,6,36025627800,Mizuno S.,Mizuno,Shintaro,"Toyota Central R&D Labs., Inc.",1,True
10.1021/acssuschemeng.1c06390,7,57203230970,Yamanaka K.-I.,Yamanaka,Ken-Ichi,"Toyota Central R&D Labs., Inc.",1,True
10.1021/acssuschemeng.1c06390,8,35547016000,Morikawa T.,Morikawa,Takeshi,"Toyota Central R&D Labs., Inc.",1,True
10.1021/acssuschemeng.1c06390,9,7102806434,Hamaguchi T.,Hamaguchi,Tsuyoshi,"Toyota Central R&D Labs., Inc.",1,True
10.1021/acssuschemeng.2c06665,1,7403474409,Kato N.,Kato,Naohiko,"Toyota Central R&D Labs., Inc.",1,True
10.1021/acssuschemeng.2c06665,2,59097789600,Tanaka H.,Tanaka,Hiromitsu,"Toyota Central R&D Labs., Inc.",1,True
10.1021/acssuschemeng.2c06665,3,36009365500,Takeda Y.,Takeda,Yasuhiko,"Toyota Central R&D Labs., Inc.",1,True
10.1021/acssuschemeng.2c06665,4,7402162988,Higuchi K.,Higuchi,Kazuo,"Toyota Central R&D Labs., Inc.",1,True
10.1021/acssuschemeng.2c06665,5,26041023700,Nakajima J.,Nakajima,Junji,Aisin Corporation,1,True
10.1021/acssusresmgt.5c00405,1,60343831900,Shibata Y.,Shibata,Yuki,"Toyota Central R&D Labs., Inc.",1,True
10.1021/acssusresmgt.5c00405,2,57163864900,Mikita R.,Mikita,Riho,"Toyota Central R&D Labs., Inc.",1,True
10.1021/acssusresmgt.5c00405,3,57211270328,Kondo H.,Kondo,Hiroki,"Toyota Central R&D Labs., Inc.",1,True
10.1021/jacs.5b12571,1,11039578700,Iyo A.,Iyo,Akira,National Institute of Advanced Industrial Science and Technology,1,False
10.1021/jacs.5b12571,2,57202286282,Kawashima K.,Kawashima,Kenji,"National Institute of Advanced Industrial Science and Technology; IMRA Japan Co., Ltd.",2,True
10.1021/jacs.5b12571,3,56224508000,Kinjo T.,Kinjo,Tatsuya,National Institute of Advanced Industrial Science and Technology; Tokyo University of Science,2,False
10.1021/jacs.5b12571,4,55667217200,Nishio T.,Nishio,Taichiro,National Institute of Advanced Industrial Science and Technology; Tokyo University of Science,2,False
10.1021/jacs.5b12571,5,25923470800,Ishida S.,Ishida,Shigeyuki,National Institute of Advanced Industrial Science and Technology,1,False
10.1021/jacs.5b12571,6,7004125383,Fujihisa H.,Fujihisa,Hiroshi,National Institute of Advanced Industrial Science and Technology,1,False
10.1021/jacs.5b12571,7,7201963235,Gotoh Y.,Gotoh,Yoshito,National Institute of Advanced Industrial Science and Technology,1,False
10.1021/jacs.5b12571,8,6507040591,Kihou K.,Kihou,Kunihiro,National Institute of Advanced Industrial Science and Technology,1,False
10.1021/jacs.5b12571,9,7005867924,Eisaki H.,Eisaki,Hiroshi,National Institute of Advanced Industrial Science and Technology,1,False
10.1021/jacs.5b12571,10,56555651100,Yoshida Y.,Yoshida,Yoshiyuki,National Institute of Advanced Industrial Science and Technology,1,False
10.1021/jacs.5c19250,1,57199844753,Sakamoto N.,Sakamoto,Naonari,"Toyota Central R&D Labs., Inc.",1,True
10.1021/jacs.5c19250,2,54401616800,Sekizawa K.,Sekizawa,Keita,"Toyota Central R&D Labs., Inc.",1,True
10.1021/jacs.5c19250,3,7501694167,Sato S.,Sato,Shunsuke,"Toyota Central R&D Labs., Inc.",1,True
10.1021/jacs.5c19250,4,55320529400,Jung J.,Jung,Jieun,Nagoya University,1,False
10.1021/jacs.5c19250,5,57217125230,Wakabayashi T.,Wakabayashi,Taku,Nagoya University,1,False
10.1021/jacs.5c19250,6,55436830500,Kamada K.,Kamada,Kenji,Nagoya University,1,False
10.1021/jacs.5c19250,7,57204152834,Nonaka T.,Nonaka,Takamasa,"Toyota Central R&D Labs., Inc.",1,True
10.1021/jacs.5c19250,8,56895793800,Uyama T.,Uyama,Takeshi,"Toyota Central R&D Labs., Inc.",1,True
10.1021/jacs.5c19250,9,35547016000,Morikawa T.,Morikawa,Takeshi,"Toyota Central R&D Labs., Inc.",1,True
10.1021/jacs.5c19250,10,7404854738,Saito S.,Saito,Susumu,Nagoya University,2,False
10.1038/nature10711,1,12645099800,Cingoz A.,Cingöz,Arman,University of Colorado Boulder,1,False
10.1038/nature10711,2,24342537500,Yost D.C.,Yost,Dylan C.,University of Colorado Boulder,1,False
10.1038/nature10711,3,57210721787,Allison T.K.,Allison,Thomas K.,University of Colorado Boulder,1,False
10.1038/nature10711,4,8533069900,Ruehl A.,Ruehl,Axel,"IMRA America, Inc.; Vrije Universiteit Amsterdam",2,True
10.1038/nature10711,5,7005467080,Fermann M.E.,Fermann,Martin E.,"IMRA America, Inc.",1,True
10.1038/nature10711,6,7003288655,Hartl I.,Hartl,Ingmar,"IMRA America, Inc.",1,True
10.1038/nature10711,7,7403237382,Ye J.,Ye,Jun,University of Colorado Boulder,1,False
10.1038/nphoton.2008.79,1,7003909021,Schibli T.R.,Schibli,,University of Colorado Boulder,1,False
10.1038/nphoton.2008.79,2,7003288655,Hartl I.,Hartl,,"IMRA America, Inc.",1,True
10.1038/nphoton.2008.79,3,24342537500,Yost D.C.,Yost,,University of Colorado Boulder,1,False
10.1038/nphoton.2008.79,4,56931712000,Martin M.J.,Martin,,University of Colorado Boulder,1,False
10.1038/nphoton.2008.79,5,55909464700,Marcinkeviius A.,Marcinkevǐius,,"IMRA America, Inc.",1,True
10.1038/nphoton.2008.79,6,7005467080,Fermann M.E.,Fermann,,"IMRA America, Inc.",1,True
10.1038/nphoton.2008.79,7,7403237382,Ye J.,Ye,,University of Colorado Boulder,1,False
10.1038/s41378-023-00504-4,1,57202061170,Oshita M.,Oshita,Masaaki,The University of Electro-Communications,1,False
10.1038/s41378-023-00504-4,2,57216335017,Saito S.,Saito,Shiro,"IMRA Japan Co., Ltd.",1,True
10.1038/s41378-023-00504-4,3,57203057848,Kan T.,Kan,Tetsuo,The University of Electro-Communications,1,False
10.1038/s41427-020-0211-1,1,12239498500,Kajita S.,Kajita,Seiji,"Toyota Central R&D Labs., Inc.",1,True
10.1038/s41427-020-0211-1,2,9433473000,Ohba N.,Ohba,Nobuko,"Toyota Central R&D Labs., Inc.",1,True
10.1038/s41427-020-0211-1,3,36168650300,Suzumura A.,Suzumura,Akitoshi,"Toyota Central R&D Labs., Inc.",1,True
10.1038/s41427-020-0211-1,4,7202589372,Tajima S.,Tajima,Shin,"Toyota Central R&D Labs., Inc.",1,True
10.1038/s41427-020-0211-1,5,6603791613,Asahi R.,Asahi,Ryoji,"Toyota Central R&D Labs., Inc.",1,True
10.1038/s41467-017-00815-x,1,55258668200,Hoang C.V.,Hoang,Chung V.,"IMRA Japan Co., Ltd.; Vietnamese Academy of Science and Technology Institute of Materials Science; Vietnam National University, Hanoi",3,True
10.1038/s41467-017-00815-x,2,57195955332,Hayashi K.,Hayashi,Koki,"IMRA Japan Co., Ltd.",1,True
10.1038/s41467-017-00815-x,3,57195956369,Ito Y.,Ito,Yasuo,"IMRA Japan Co., Ltd.",1,True
10.1038/s41467-017-00815-x,4,57195953186,Gorai N.,Gorai,Naoki,"IMRA Japan Co., Ltd.",1,True
10.1038/s41467-017-00815-x,5,14012956600,Allison G.,Allison,Giles,"IMRA Japan Co., Ltd.",1,True
10.1038/s41467-017-00815-x,6,55352870300,Shi X.,Shi,Xu,Hokkaido University,1,False
10.1038/s41467-017-00815-x,7,35621322000,Sun Q.,Sun,Quan,Hokkaido University,1,False
10.1038/s41467-017-00815-x,8,54384799300,Cheng Z.,Cheng,Zhenzhou,The University of Tokyo,1,False
10.1038/s41467-017-00815-x,9,7403134588,Ueno K.,Ueno,Kosei,Hokkaido University,1,False
10.1038/s41467-017-00815-x,10,35227304100,Goda K.,Goda,Keisuke,The University of Tokyo; UCLA Samueli School of Engineering,2,False
10.1038/s41467-017-00815-x,11,7102209420,Misawa H.,Misawa,Hiroaki,Hokkaido University; National Chiao Tung University,2,False
10.1038/s41467-018-03829-1,1,55983427900,Yoshida H.,Yoshida,Hiroaki,"Laboratoire de Physique de l’Ecole Normale Supérieure; Toyota Central R&D Labs., Inc.",2,True
10.1038/s41467-018-03829-1,2,56294917700,Kaiser V.,Kaiser,Vojtěch,Laboratoire de Physique de l’Ecole Normale Supérieure,1,False
10.1038/s41467-018-03829-1,3,14024808000,Rotenberg B.,Rotenberg,Benjamin,Physicochimie des Electrolytes et Nanosystèmes Interfaciaux,1,False
10.1038/s41467-018-03829-1,4,57203257616,Bocquet L.,Bocquet,Lydéric,Laboratoire de Physique de l’Ecole Normale Supérieure,1,False
10.1038/s41467-018-04256-y,1,6603378676,Muramoto N.,Muramoto,Nobuhiko,"Toyota Central R&D Labs., Inc.",1,True
10.1038/s41467-018-04256-y,2,55319272600,Oda A.,Oda,Arisa,"Toyota Central R&D Labs., Inc.; The University of Tokyo",3,True
10.1038/s41467-018-04256-y,3,57207103554,Tanaka H.,Tanaka,Hidenori,"Toyota Central R&D Labs., Inc.",1,True
10.1038/s41467-018-04256-y,4,57224723388,Nakamura T.,Nakamura,Takahiro,The University of Tokyo,1,False
10.1038/s41467-018-04256-y,5,16175531500,Kugou K.,Kugou,Kazuto,The University of Tokyo; Kazusa DNA Research Institute,2,False
10.1038/s41467-018-04256-y,6,57202110028,Suda K.,Suda,Kazuki,The University of Tokyo,1,False
10.1038/s41467-018-04256-y,7,57202109529,Kobayashi A.,Kobayashi,Aki,The University of Tokyo,1,False
10.1038/s41467-018-04256-y,8,57202119992,Yoneda S.,Yoneda,Shiori,The University of Tokyo,1,False
10.1038/s41467-018-04256-y,9,55768706700,Ikeuchi A.,Ikeuchi,Akinori,"Toyota Central R&D Labs., Inc.",1,True
10.1038/s41467-018-04256-y,10,57206531575,Sugimoto H.,Sugimoto,Hiroki,"Toyota Central R&D Labs., Inc.",1,True
10.1038/s41467-018-04256-y,11,59113091100,Kondo S.,Kondo,Satoshi,Toyota Motor Corporation,1,True
10.1038/s41467-018-04256-y,12,6602873403,Ohto C.,Ohto,Chikara,Toyota Motor Corporation,1,True
10.1038/s41467-018-04256-y,13,55850875600,Shibata T.,Shibata,Takehiko,Riken,1,False
10.1038/s41467-018-04256-y,14,7003717514,Mitsukawa N.,Mitsukawa,Norihiro,"Toyota Central R&D Labs., Inc.",1,True
10.1038/s41467-018-04256-y,15,7403540066,Ohta K.,Ohta,Kunihiro,The University of Tokyo,2,False
10.1038/s41467-019-08536-z,1,7003739754,Hase Y.,Hase,Yoko,"Toyota Central R&D Labs., Inc.",1,True
10.1038/s41467-019-08536-z,2,57205695459,Komori Y.,Komori,Yasuhiro,The University of Osaka,1,False
10.1038/s41467-019-08536-z,3,57205695907,Kusumoto T.,Kusumoto,Takayoshi,The University of Osaka,1,False
10.1038/s41467-019-08536-z,4,58410659900,Harada T.,Harada,Takashi,The University of Osaka,1,False
10.1038/s41467-019-08536-z,5,15056890500,Seki J.,Seki,Juntaro,"Toyota Central R&D Labs., Inc.",1,True
10.1038/s41467-019-08536-z,6,57546453900,Shiga T.,Shiga,Tohru,"Toyota Central R&D Labs., Inc.",1,True
10.1038/s41467-019-08536-z,7,24178005800,Kamiya K.,Kamiya,Kazuhide,The University of Osaka,2,False
10.1038/s41467-019-08536-z,8,7402706228,Nakanishi S.,Nakanishi,Shuji,The University of Osaka,2,False
10.1038/s41467-020-15850-4,1,8377037900,Beniya A.,Beniya,Atsushi,"Toyota Central R&D Labs., Inc.",1,True
10.1038/s41467-020-15850-4,2,55519838700,Higashi S.,Higashi,Shougo,"Toyota Central R&D Labs., Inc.",1,True
10.1038/s41467-020-15850-4,3,9433473000,Ohba N.,Ohba,Nobuko,"Toyota Central R&D Labs., Inc.",1,True
10.1038/s41467-020-15850-4,4,24376739300,Jinnouchi R.,Jinnouchi,Ryosuke,"Toyota Central R&D Labs., Inc.",1,True
10.1038/s41467-020-15850-4,5,8894536400,Hirata H.,Hirata,Hirohito,Toyota Motor Corporation,1,True
10.1038/s41467-020-15850-4,6,55693125700,Watanabe Y.,Watanabe,Yoshihide,"Toyota Central R&D Labs., Inc.",1,True
10.1038/s41467-020-20276-z,1,56423103900,Nguyen V.P.,Nguyen,Van Phuc,University of Michigan Medical School,2,False
10.1038/s41467-020-20276-z,2,57199691486,Qian W.,Qian,Wei,"IMRA America, Inc.",1,True
10.1038/s41467-020-20276-z,3,56267914200,Li Y.,Li,Yanxiu,University of Michigan Medical School,1,False
10.1038/s41467-020-20276-z,4,55502865500,Liu B.,Liu,Bing,"IMRA America, Inc.",1,True
10.1038/s41467-020-20276-z,5,57196149393,Aaberg M.,Aaberg,Michael,University of Michigan Medical School,1,False
10.1038/s41467-020-20276-z,6,57208299472,Henry J.,Henry,Jessica,University of Michigan Medical School,1,False
10.1038/s41467-020-20276-z,7,57200954487,Zhang W.,Zhang,Wei,"University of Michigan, Ann Arbor",1,False
10.1038/s41467-020-20276-z,8,55174162600,Wang X.,Wang,Xueding,"University of Michigan, Ann Arbor",1,False
10.1038/s41467-020-20276-z,9,23467702900,Paulus Y.M.,Paulus,Yannis M.,"University of Michigan Medical School; University of Michigan, Ann Arbor",2,False
10.1038/s41467-021-25301-3,1,24376739300,Jinnouchi R.,Jinnouchi,Ryosuke,"Toyota Central R&D Labs., Inc.",1,True
10.1038/s41467-021-25301-3,2,37063492600,Kudo K.,Kudo,Kenji,"Toyota Central R&D Labs., Inc.",1,True
10.1038/s41467-021-25301-3,3,36559655600,Kodama K.,Kodama,Kensaku,"Toyota Central R&D Labs., Inc.",1,True
10.1038/s41467-021-25301-3,4,57007983300,Kitano N.,Kitano,Naoki,"Toyota Central R&D Labs., Inc.",1,True
10.1038/s41467-021-25301-3,5,55731679800,Suzuki T.,Suzuki,Takahisa,"Toyota Central R&D Labs., Inc.",1,True
10.1038/s41467-021-25301-3,6,59844864500,Minami S.,Minami,Saori,"Toyota Central R&D Labs., Inc.",1,True
10.1038/s41467-021-25301-3,7,24376986200,Shinozaki K.,Shinozaki,Kazuma,"Toyota Central R&D Labs., Inc.",1,True
10.1038/s41467-021-25301-3,8,36857846800,Hasegawa N.,Hasegawa,Naoki,"Toyota Central R&D Labs., Inc.",1,True
10.1038/s41467-021-25301-3,9,56291775500,Shinohara A.,Shinohara,Akihiro,"Toyota Central R&D Labs., Inc.",1,True
10.1038/s41467-021-26652-7,1,14012956600,Allison G.,Allison,Giles,"IMRA Japan Co., Ltd.",1,True
10.1038/s41467-021-26652-7,2,56436100900,Sana A.K.,Sana,Amrita Kumar,"IMRA Japan Co., Ltd.",1,True
10.1038/s41467-021-26652-7,3,57329497200,Ogawa Y.,Ogawa,Yuta,"IMRA Japan Co., Ltd.",1,True
10.1038/s41467-021-26652-7,4,57329107600,Kato H.,Kato,Hidemi,"IMRA Japan Co., Ltd.",1,True
10.1038/s41467-021-26652-7,5,7403134588,Ueno K.,Ueno,Kosei,Hokkaido University,1,False
10.1038/s41467-021-26652-7,6,7102209420,Misawa H.,Misawa,Hiroaki,Hokkaido University; National Yang Ming Chiao Tung University,2,False
10.1038/s41467-021-26652-7,7,57195955332,Hayashi K.,Hayashi,Koki,"IMRA Japan Co., Ltd.",1,True
10.1038/s41467-021-26652-7,8,57329497300,Suzuki H.,Suzuki,Hironori,"IMRA Japan Co., Ltd.",1,True
10.1038/s41467-023-37120-9,1,8602755700,Ogihara N.,Ogihara,Nobuhiro,"Toyota Central R&D Labs., Inc.",1,True
10.1038/s41467-023-37120-9,2,57210643742,Hasegawa M.,Hasegawa,Masaki,"Toyota Central R&D Labs., Inc.",1,True
10.1038/s41467-023-37120-9,3,7202149468,Kumagai H.,Kumagai,Hitoshi,"Toyota Central R&D Labs., Inc.",1,True
10.1038/s41467-023-37120-9,4,57163864900,Mikita R.,Mikita,Riho,"Toyota Central R&D Labs., Inc.",1,True
10.1038/s41467-023-37120-9,5,6507201117,Nagasako N.,Nagasako,Naoyuki,"Toyota Central R&D Labs., Inc.",1,True
10.1038/s41467-023-43138-w,1,55774295800,Ishigaki M.,Ishigaki,Masanori,"Toyota Central R&D Labs., Inc.",1,True
10.1038/s41467-023-43138-w,2,57212472269,Ishikawa K.,Ishikawa,Keisuke,"Toyota Central R&D Labs., Inc.",1,True
10.1038/s41467-023-43138-w,3,59816486100,Usuki T.,Usuki,Tsukasa,"Toyota Central R&D Labs., Inc.",1,True
10.1038/s41467-023-43138-w,4,57211270328,Kondo H.,Kondo,Hiroki,"Toyota Central R&D Labs., Inc.",1,True
10.1038/s41467-023-43138-w,5,55649838300,Komagata S.,Komagata,Shogo,"Toyota Central R&D Labs., Inc.",1,True
10.1038/s41467-023-43138-w,6,57206918686,Sasaki T.,Sasaki,Tsuyoshi,"Toyota Central R&D Labs., Inc.",1,True
10.1038/s41467-025-56596-1,1,36880853000,Ozaki T.,Ozaki,,"Toyota Central R&D Labs., Inc.",1,True
10.1038/s41467-025-56596-1,2,57548502200,Ohta N.,Ohta,,"Toyota Central R&D Labs., Inc.",1,True
10.1038/s41467-025-56596-1,3,7003700194,Fujiyoshi M.,Fujiyoshi,,"Toyota Central R&D Labs., Inc.",1,True
10.1038/s41467-025-57826-2,1,57203894557,Greenberg J.,Greenberg,James,"IMRA America, Inc.",1,True
10.1038/s41467-025-57826-2,2,57189222179,Heffernan B.M.,Heffernan,Brendan M.,"IMRA America, Inc.",1,True
10.1038/s41467-025-57826-2,3,57192118888,McGrew W.F.,McGrew,William F.,"IMRA America, Inc.",1,True
10.1038/s41467-025-57826-2,4,59379181100,Nose K.,Nose,Keisuke,"IMRA America, Inc.",1,True
10.1038/s41467-025-57826-2,5,55401164500,Rolland A.,Rolland,Antoine,"IMRA America, Inc.",1,True
10.1038/s41524-023-01096-3,1,23667872700,Lee J.,Lee,Joohwi,"Toyota Central R&D Labs., Inc.",1,True
10.1038/s41524-023-01096-3,2,57460368700,Oba J.,Oba,Junpei,"Toyota Central R&D Labs., Inc.",1,True
10.1038/s41524-023-01096-3,3,9433473000,Ohba N.,Ohba,Nobuko,"Toyota Central R&D Labs., Inc.",1,True
10.1038/s41524-023-01096-3,4,12239498500,Kajita S.,Kajita,Seiji,"Toyota Central R&D Labs., Inc.",1,True
10.1038/s41524-024-01295-6,1,24376739300,Jinnouchi R.,Jinnouchi,Ryosuke,"Toyota Central R&D Labs., Inc.",1,True
10.1038/s41524-024-01295-6,2,54899578000,Karsai F.,Karsai,Ferenc,VASP Software GmbH,1,False
10.1038/s41524-024-01295-6,3,7005050281,Kresse G.,Kresse,Georg,VASP Software GmbH; Universität Wien,2,False
10.1038/s41534-025-01011-2,1,55885030900,Tahara K.,Tahara,Kosuke,"Toyota Central R&D Labs., Inc.",1,True
10.1038/s41534-025-01011-2,2,57188986936,Tamura S.-I.,Tamura,Shin-Ichi,"Toyota Central R&D Labs., Inc.",1,True
10.1038/s41534-025-01011-2,3,57204183390,Toyama H.,Toyama,Haruko,"Toyota Central R&D Labs., Inc.",1,True
10.1038/s41534-025-01011-2,4,57202134036,Nakane J.J.,Nakane,Jotaro J.,"Toyota Central R&D Labs., Inc.",1,True
10.1038/s41534-025-01011-2,5,12790897200,Kutsuki K.,Kutsuki,Katsuhiro,"Toyota Central R&D Labs., Inc.",1,True
10.1038/s41534-025-01011-2,6,57203783217,Yamazaki Y.,Yamazaki,Yuichi,National Institutes for Quantum Science and Technology,1,False
10.1038/s41534-025-01011-2,7,7201525435,Ohshima T.,Ohshima,Takeshi,National Institutes for Quantum Science and Technology; Tohoku University,2,False
10.1038/s41535-019-0165-0,1,25923470800,Ishida S.,Ishida,Shigeyuki,National Institute of Advanced Industrial Science and Technology,1,False
10.1038/s41535-019-0165-0,2,11039578700,Iyo A.,Iyo,Akira,National Institute of Advanced Industrial Science and Technology,1,False
10.1038/s41535-019-0165-0,3,55209020500,Ogino H.,Ogino,Hiraku,National Institute of Advanced Industrial Science and Technology,1,False
10.1038/s41535-019-0165-0,4,7005867924,Eisaki H.,Eisaki,Hiroshi,National Institute of Advanced Industrial Science and Technology,1,False
10.1038/s41535-019-0165-0,5,7006199484,Takeshita N.,Takeshita,Nao,National Institute of Advanced Industrial Science and Technology,1,False
10.1038/s41535-019-0165-0,6,57202286282,Kawashima K.,Kawashima,Kenji,"IMRA Japan Co., Ltd.",1,True
10.1038/s41535-019-0165-0,7,57208655795,Yanagisawa K.,Yanagisawa,Keiichi,National Institute for Materials Science,1,False
10.1038/s41535-019-0165-0,8,57208650952,Kobayashi Y.,Kobayashi,Yuuga,National Institute for Materials Science,1,False
10.1038/s41535-019-0165-0,9,57203269806,Kimoto K.,Kimoto,Koji,National Institute for Materials Science,1,False
10.1038/s41535-019-0165-0,10,7404482056,Abe H.,Abe,Hideki,National Institute for Materials Science,1,False
10.1038/s41535-019-0165-0,11,7402062611,Imai M.,Imai,Motoharu,National Institute for Materials Science,1,False
10.1038/s41535-019-0165-0,12,7007109481,Shimoyama J.-I.,Shimoyama,Jun-Ichi,Aoyama Gakuin University,1,False
10.1038/s41535-019-0165-0,13,8691296400,Eisterer M.,Eisterer,Michael,TU Wien,1,False
10.1038/s41565-020-00824-w,1,36559655600,Kodama K.,Kodama,Kensaku,"Toyota Central R&D Labs., Inc.",1,True
10.1038/s41565-020-00824-w,2,57209261099,Nagai T.,Nagai,Tomoyuki,"Toyota Central R&D Labs., Inc.",1,True
10.1038/s41565-020-00824-w,3,57221676659,Kuwaki A.,Kuwaki,Akira,"Toyota Central R&D Labs., Inc.",1,True
10.1038/s41565-020-00824-w,4,24376739300,Jinnouchi R.,Jinnouchi,Ryosuke,"Toyota Central R&D Labs., Inc.",1,True
10.1038/s41565-020-00824-w,5,7403116341,Morimoto Y.,Morimoto,Yu,"Toyota Central R&D Labs., Inc.",1,True
10.1038/s41566-021-00790-2,1,56308236300,Tetsumoto T.,Tetsumoto,Tomohiro,"IMRA America, Inc.",1,True
10.1038/s41566-021-00790-2,2,7006744896,Nagatsuma T.,Nagatsuma,Tadao,The University of Osaka,1,False
10.1038/s41566-021-00790-2,3,7005467080,Fermann M.E.,Fermann,Martin E.,"IMRA America, Inc.",1,True
10.1038/s41566-021-00790-2,4,36554814700,Navickaite G.,Navickaite,Gabriele,LIGENTEC,1,False
10.1038/s41566-021-00790-2,5,35172727600,Geiselmann M.,Geiselmann,Michael,LIGENTEC,1,False
10.1038/s41566-021-00790-2,6,55401164500,Rolland A.,Rolland,Antoine,"IMRA America, Inc.",1,True
10.1038/s41566-024-01513-z,1,57189222179,Heffernan B.M.,Heffernan,Brendan M.,IMRA America Inc.,1,True
10.1038/s41566-024-01513-z,2,57203894557,Greenberg J.,Greenberg,James,IMRA America Inc.,1,True
10.1038/s41566-024-01513-z,3,57217281449,Hori T.,Hori,Takashi,"IMRA Japan Co., Ltd.",1,True
10.1038/s41566-024-01513-z,4,59433579100,Tanigawa T.,Tanigawa,Tatsuya,"IMRA Japan Co., Ltd.",1,True
10.1038/s41566-024-01513-z,5,55401164500,Rolland A.,Rolland,Antoine,IMRA America Inc.,1,True
10.1038/s41586-024-07839-6,1,57217733753,Zhang C.,Zhang,Chuankun,JILA; National Institute of Standards and Technology; University of Colorado Boulder,3,False
10.1038/s41586-024-07839-6,2,59234126300,Ooi T.,Ooi,Tian,JILA; National Institute of Standards and Technology; University of Colorado Boulder,3,False
10.1038/s41586-024-07839-6,3,57218706630,Higgins J.S.,Higgins,Jacob S.,JILA; National Institute of Standards and Technology; University of Colorado Boulder,3,False
10.1038/s41586-024-07839-6,4,59234682900,Doyle J.F.,Doyle,Jack F.,JILA; National Institute of Standards and Technology; University of Colorado Boulder,3,False
10.1038/s41586-024-07839-6,5,57185701500,von der Wense L.,von der Wense,Lars,JILA; National Institute of Standards and Technology; University of Colorado Boulder; Johannes Gutenberg-Universität Mainz,4,False
10.1038/s41586-024-07839-6,6,57218391739,Beeks K.,Beeks,Kjeld,Vienna Center for Quantum Science and Technology; École Polytechnique Fédérale de Lausanne,2,False
10.1038/s41586-024-07839-6,7,59010905300,Leitner A.,Leitner,Adrian,Vienna Center for Quantum Science and Technology,1,False
10.1038/s41586-024-07839-6,8,7003330559,Kazakov G.A.,Kazakov,Georgy A.,Vienna Center for Quantum Science and Technology,1,False
10.1038/s41586-024-07839-6,9,56456903400,Li P.,Li,Peng,"IMRA America, Inc.",1,True
10.1038/s41586-024-07839-6,10,7004131246,Thirolf P.G.,Thirolf,Peter G.,Ludwig-Maximilians-Universität München,1,False
10.1038/s41586-024-07839-6,11,6507267999,Schumm T.,Schumm,Thorsten,Vienna Center for Quantum Science and Technology,1,False
10.1038/s41586-024-07839-6,12,58478447500,Ye J.,Ye,Jun,JILA; National Institute of Standards and Technology; University of Colorado Boulder,3,False
10.1038/s41598-018-29572-7,1,8902896000,Tadokoro Y.,Tadokoro,Yukihiro,"Toyota Central R&D Labs., Inc.",1,True
10.1038/s41598-018-29572-7,2,57205758604,Tanaka H.,Tanaka,Hiroya,"Toyota Central R&D Labs., Inc.",1,True
10.1038/s41598-018-29572-7,3,7005411310,Dykman M.I.,Dykman,,Michigan State University,1,False
10.1038/s41598-018-34265-2,1,57202286282,Kawashima K.,Kawashima,Kenji,"IMRA Japan Co., Ltd.; National Institute of Advanced Industrial Science and Technology",2,True
10.1038/s41598-018-34265-2,2,25923470800,Ishida S.,Ishida,Shigeyuki,National Institute of Advanced Industrial Science and Technology,1,False
10.1038/s41598-018-34265-2,3,7004125383,Fujihisa H.,Fujihisa,Hiroshi,National Institute of Advanced Industrial Science and Technology,1,False
10.1038/s41598-018-34265-2,4,7201963235,Gotoh Y.,Gotoh,Yoshito,National Institute of Advanced Industrial Science and Technology,1,False
10.1038/s41598-018-34265-2,5,56555651100,Yoshida Y.,Yoshida,Yoshiyuki,National Institute of Advanced Industrial Science and Technology,1,False
10.1038/s41598-018-34265-2,6,7005867924,Eisaki H.,Eisaki,Hiroshi,National Institute of Advanced Industrial Science and Technology,1,False
10.1038/s41598-018-34265-2,7,55209020500,Ogino H.,Ogino,Hiraku,National Institute of Advanced Industrial Science and Technology,1,False
10.1038/s41598-018-34265-2,8,11039578700,Iyo A.,Iyo,Akira,National Institute of Advanced Industrial Science and Technology,1,False
10.1038/s41598-019-54324-6,1,57208314609,Ueda S.,Ueda,Sayako,RIKEN Center for Brain Science,1,False
10.1038/s41598-019-54324-6,2,36925901400,Sakai H.,Sakai,Hiroyuki,"Toyota Central R&D Labs., Inc.",1,True
10.1038/s41598-019-54324-6,3,26659888700,Kumada T.,Kumada,Takatsune,RIKEN Center for Brain Science; Kyoto University,2,False
10.1038/s41598-020-58081-9,1,57221135406,Inoue D.,Inoue,Daisuke,"Toyota Central R&D Labs., Inc.",1,True
10.1038/s41598-020-58081-9,2,55983427900,Yoshida H.,Yoshida,Hiroaki,"Toyota Central R&D Labs., Inc.",1,True
10.1038/s41598-020-59179-w,1,15731962400,Yagi M.,Yagi,Mitsuru,Keio University School of Medicine; National Hospital Organization Murayama Medical Center,2,False
10.1038/s41598-020-59179-w,2,24468685500,Nakahira Y.,Nakahira,Yuko,"Toyota Central R&D Labs., Inc.",1,True
10.1038/s41598-020-59179-w,3,56196991900,Watanabe K.,Watanabe,Kota,Keio University School of Medicine,1,False
10.1038/s41598-020-59179-w,4,7405346352,Nakamura M.,Nakamura,Masaya,Keio University School of Medicine,1,False
10.1038/s41598-020-59179-w,5,35429991100,Matsumoto M.,Matsumoto,Morio,Keio University School of Medicine,1,False
10.1038/s41598-020-59179-w,6,7402584059,Iwamoto M.,Iwamoto,Masami,"Toyota Central R&D Labs., Inc.",1,True
10.1038/s41598-020-66963-1,1,56132104000,Sasagawa T.,Sasagawa,Takashi,"Toyota Central R&D Labs., Inc.",1,True
10.1038/s41598-020-66963-1,2,55502243000,Tanaka M.,Tanaka,Masato,"Toyota Central R&D Labs., Inc.",1,True
10.1038/s41598-020-66963-1,3,57212653832,Omote R.,Omote,Ryuji,"Toyota Central R&D Labs., Inc.",1,True
10.1038/s41598-020-66963-1,4,8255613200,Balzani D.,Balzani,Daniel,Technische Universität Dresden; Ruhr-Universitat Bochum,2,False
10.1038/s41598-020-76527-y,1,24168376500,Hatanaka T.,Hatanaka,Takaaki,"Toyota Central R&D Labs., Inc.",1,True
10.1038/s41598-020-76527-y,2,55141772200,Kikkawa N.,Kikkawa,Nobuaki,"Toyota Central R&D Labs., Inc.",1,True
10.1038/s41598-020-76527-y,3,6603476714,Matsugami A.,Matsugami,Akimasa,RIKEN SPring-8 Center,1,False
10.1038/s41598-020-76527-y,4,57209261545,Hosokawa Y.,Hosokawa,Yoichi,"Toyota Central R&D Labs., Inc.",1,True
10.1038/s41598-020-76527-y,5,55795032200,Hayashi F.,Hayashi,Fumiaki,RIKEN SPring-8 Center,1,False
10.1038/s41598-020-76527-y,6,56710934900,Ishida N.,Ishida,Nobuhiro,"Toyota Central R&D Labs., Inc.",1,True
10.1038/s41598-021-82740-0,1,57221135406,Inoue D.,Inoue,Daisuke,"Toyota Central R&D Labs., Inc.",1,True
10.1038/s41598-021-82740-0,2,25622007000,Okada A.,Okada,Akihisa,"Toyota Central R&D Labs., Inc.",1,True
10.1038/s41598-021-82740-0,3,35606877200,Matsumori T.,Matsumori,Tadayoshi,"Toyota Central R&D Labs., Inc.",1,True
10.1038/s41598-021-82740-0,4,7103203284,Aihara K.,Aihara,Kazuyuki,Institute of Industrial Science; The University of Tokyo,2,False
10.1038/s41598-021-82740-0,5,55983427900,Yoshida H.,Yoshida,Hiroaki,"Toyota Central R&D Labs., Inc.",1,True
10.1038/s41598-022-22266-1,1,56981851800,Matsuyama T.,Matsuyama,Takashi,"Toyota Central R&D Labs., Inc.",1,True
10.1038/s41598-022-22266-1,2,57055280100,Narita A.,Narita,Akira,Tohoku University,1,False
10.1038/s41598-022-22266-1,3,35079557200,Takanashi M.,Takanashi,Masaki,"Toyota Central R&D Labs., Inc.",1,True
10.1038/s41598-022-22266-1,4,56383517900,Kogure M.,Kogure,Mana,Tohoku University,1,False
10.1038/s41598-022-22266-1,5,58781463600,Sato S.,Sato,Shuichi,"Toyota Central R&D Labs., Inc.",1,True
10.1038/s41598-022-22266-1,6,55741697000,Nakamura T.,Nakamura,Tomohiro,Tohoku University,1,False
10.1038/s41598-022-22266-1,7,57934928300,Nakane H.,Nakane,Hideo,"Toyota Central R&D Labs., Inc.",1,True
10.1038/s41598-022-22266-1,8,6507241005,Ogishima S.,Ogishima,Soichi,Tohoku University,1,False
10.1038/s41598-022-22266-1,9,57090702500,Nagami F.,Nagami,Fuji,Tohoku University,1,False
10.1038/s41598-022-22266-1,10,7005037475,Nakaya N.,Nakaya,Naoki,Tohoku University,1,False
10.1038/s41598-022-22266-1,11,7103288856,Tanno K.,Tanno,Kozo,Iwate Medical University,1,False
10.1038/s41598-022-22266-1,12,57934615700,Imaeda T.,Imaeda,Takao,"Toyota Central R&D Labs., Inc.",1,True
10.1038/s41598-022-22266-1,13,7003868341,Hozawa A.,Hozawa,Atsushi,Tohoku University,1,False
10.1038/s41598-022-25489-4,1,57201553862,Ishii Y.,Ishii,Yoshinao,"Toyota Central R&D Labs., Inc.",1,True
10.1038/s41598-022-25489-4,2,15047971700,Hayakawa K.,Hayakawa,Keiichiro,"Toyota Central R&D Labs., Inc.",1,True
10.1038/s41598-022-25489-4,3,26031259900,Chikaraishi M.,Chikaraishi,Makoto,Hiroshima University,1,False
10.1038/s41598-023-31917-w,1,35465984200,Hase I.,Hase,,National Institute of Advanced Industrial Science and Technology,1,False
10.1038/s41598-023-31917-w,2,36679911600,Higashi Y.,Higashi,,National Institute of Advanced Industrial Science and Technology,1,False
10.1038/s41598-023-31917-w,3,7005867924,Eisaki H.,Eisaki,,National Institute of Advanced Industrial Science and Technology,1,False
10.1038/s41598-023-31917-w,4,57202286282,Kawashima K.,Kawashima,,IMRA-JAPAN Material R &D Co. Ltd.,1,True
10.1038/s41598-023-32947-0,1,57188959986,Oyama N.,Oyama,Norihiro,"Toyota Central R&D Labs., Inc.",1,True
10.1038/s41598-023-32947-0,2,55243231000,Ishizaki N.N.,Ishizaki,Noriko N.,National Institute for Environmental Studies of Japan,1,False
10.1038/s41598-023-32947-0,3,57912218400,Koide S.,Koide,Satoshi,"Toyota Central R&D Labs., Inc.",1,True
10.1038/s41598-023-32947-0,4,57912218500,Yoshida H.,Yoshida,Hiroaki,"Toyota Central R&D Labs., Inc.",1,True
10.1038/s41598-023-32995-6,1,7402584059,Iwamoto M.,Iwamoto,Masami,"Toyota Central R&D Labs., Inc.",1,True
10.1038/s41598-023-32995-6,2,7005902061,Yonekura S.,Yonekura,Shogo,"University of Tokyo, Graduate School of Information Science and Technology",1,False
10.1038/s41598-023-32995-6,3,55926287500,Atsumi N.,Atsumi,Noritoshi,"Toyota Central R&D Labs., Inc.",1,True
10.1038/s41598-023-32995-6,4,24477488900,Hirabayashi S.,Hirabayashi,Satoko,"Toyota Central R&D Labs., Inc.",1,True
10.1038/s41598-023-32995-6,5,55307547600,Kanazawa H.,Kanazawa,Hoshinori,"University of Tokyo, Graduate School of Information Science and Technology",1,False
10.1038/s41598-023-32995-6,6,7005371269,Kuniyoshi Y.,Kuniyoshi,Yasuo,"University of Tokyo, Graduate School of Information Science and Technology",1,False
10.1038/s41598-023-35509-6,1,42462794300,Yatsugi K.,Yatsugi,Kenichi,"Toyota Central R&D Labs., Inc.",1,True
10.1038/s41598-023-35509-6,2,57732271600,Pandarakone S.E.,Pandarakone,Shrinathan Esakimuthu,"Toyota Central R&D Labs., Inc.",1,True
10.1038/s41598-023-35509-6,3,9045335600,Iizuka H.,Iizuka,Hideo,"Toyota Central R&D Labs., Inc.",1,True
10.1038/s41598-023-38393-2,1,56132104000,Sasagawa T.,Sasagawa,Takashi,"Toyota Central R&D Labs., Inc.",1,True
10.1038/s41598-023-38393-2,2,55502243000,Tanaka M.,Tanaka,Masato,"Toyota Central R&D Labs., Inc.",1,True
10.1038/s41598-023-39200-8,1,57193992118,Tomita S.,Tomita,Sunao,"Toyota Central R&D Labs., Inc.",1,True
10.1038/s41598-023-39200-8,2,58043433400,Shimanuki K.,Shimanuki,Kento,"Toyota Central R&D Labs., Inc.",1,True
10.1038/s41598-023-39200-8,3,58043585500,Oyama S.,Oyama,Shin,"Toyota Central R&D Labs., Inc.",1,True
10.1038/s41598-023-39200-8,4,7005277374,Nishigaki H.,Nishigaki,Hidekazu,"Toyota Central R&D Labs., Inc.",1,True
10.1038/s41598-023-39200-8,5,58507101400,Nakagawa T.,Nakagawa,Toshiaki,"Toyota Central R&D Labs., Inc.",1,True
10.1038/s41598-023-39200-8,6,58507557300,Tsutsui M.,Tsutsui,Masakazu,"Toyota Auto Body Co., Ltd.",1,True
10.1038/s41598-023-39200-8,7,58507101500,Emura Y.,Emura,Youhei,"Toyota Auto Body Co., Ltd.",1,True
10.1038/s41598-023-39200-8,8,58507775200,Chino M.,Chino,Masahiko,"Toyota Auto Body Co., Ltd.",1,True
10.1038/s41598-023-39200-8,9,58506669800,Tanaka H.,Tanaka,Hirokazu,"Toyota Auto Body Co., Ltd.",1,True
10.1038/s41598-023-39200-8,10,58506669900,Itou Y.,Itou,Yoshinobu,"Toyota Auto Body Co., Ltd.",1,True
10.1038/s41598-023-39200-8,11,58506670000,Umemoto K.,Umemoto,Kazuhiko,"Toyota Central R&D Labs., Inc.",1,True
10.1038/s41598-024-53895-3,1,57163864900,Mikita R.,Mikita,Riho,"Toyota Central R&D Labs., Inc.",1,True
10.1038/s41598-024-53895-3,2,36168650300,Suzumura A.,Suzumura,Akitoshi,"Toyota Central R&D Labs., Inc.",1,True
10.1038/s41598-024-53895-3,3,57211270328,Kondo H.,Kondo,Hiroki,"Toyota Central R&D Labs., Inc.",1,True
10.1038/s41598-024-69450-z,1,55502243000,Tanaka M.,Tanaka,Masato,"Toyota Central R&D Labs., Inc.; Toyota Motor North America, Inc.",2,True
10.1038/s41598-024-69450-z,2,56239171200,Song Y.,Song,Yuyang,"Toyota Motor North America, Inc.",1,True
10.1038/s41598-024-69450-z,3,35240649900,Nomura T.,Nomura,Tsuyoshi,"Toyota Central R&D Labs., Inc.",1,True
10.1038/s41598-024-69726-4,1,58781463600,Sato S.,Sato,Shuichi,"Toyota Central R&D Labs., Inc.",1,True
10.1038/s41598-024-69726-4,2,57934615700,Imaeda T.,Imaeda,Takao,"Toyota Central R&D Labs., Inc.",1,True
10.1038/s41598-024-69726-4,3,6603619847,Mugikura S.,Mugikura,Shunji,Tohoku University; Tohoku University Hospital; Graduate School of Medicine,4,False
10.1038/s41598-024-69726-4,4,57225030814,Mori N.,Mori,Naoko,Tohoku University,1,False
10.1038/s41598-024-69726-4,5,35079557200,Takanashi M.,Takanashi,Masaki,"Toyota Central R&D Labs., Inc.",1,True
10.1038/s41598-024-69726-4,6,8631477900,Hayakawa K.,Hayakawa,Kazumi,"Toyota Central R&D Labs., Inc.",1,True
10.1038/s41598-024-69726-4,7,56393465600,Saito T.,Saito,Tomo,Tohoku University,1,False
10.1038/s41598-024-69726-4,8,57208615619,Taira M.,Taira,Makiko,Tohoku University; Tohoku University Hospital; Graduate School of Medicine,3,False
10.1038/s41598-024-69726-4,9,59430642400,Narita A.,Narita,Akira,Tohoku University,1,False
10.1038/s41598-024-69726-4,10,56383517900,Kogure M.,Kogure,Mana,Tohoku University; Graduate School of Medicine,2,False
10.1038/s41598-024-69726-4,11,57204719079,Chiba I.,Chiba,Ippei,Tohoku University; Graduate School of Medicine,2,False
10.1038/s41598-024-69726-4,12,36765560900,Hatanaka R.,Hatanaka,Rieko,Tohoku University; Graduate School of Medicine,2,False
10.1038/s41598-024-69726-4,13,13006568700,Nakaya K.,Nakaya,Kumi,Tohoku University; Graduate School of Medicine,2,False
10.1038/s41598-024-69726-4,14,57339081100,Kanno I.,Kanno,Ikumi,Tohoku University; Graduate School of Medicine,2,False
10.1038/s41598-024-69726-4,15,57601182100,Ishiwata R.,Ishiwata,Ryosuke,Tohoku University,1,False
10.1038/s41598-024-69726-4,16,59791106500,Nakamura T.,Nakamura,Tomohiro,Tohoku University,1,False
10.1038/s41598-024-69726-4,17,6602320250,Motoike I.N.,Motoike,Ikuko N.,Tohoku University,1,False
10.1038/s41598-024-69726-4,18,7005037475,Nakaya N.,Nakaya,Naoki,Tohoku University; Graduate School of Medicine,2,False
10.1038/s41598-024-69726-4,19,7004306579,Koshiba S.,Koshiba,Seizo,Tohoku University,2,False
10.1038/s41598-024-69726-4,20,7402901232,Kinoshita K.,Kinoshita,Kengo,Tohoku University,4,False
10.1038/s41598-024-69726-4,21,59142892600,Kuriyama S.,Kuriyama,Shinichi,Tohoku University; Graduate School of Medicine,3,False
10.1038/s41598-024-69726-4,22,6507241005,Ogishima S.,Ogishima,Soichi,Tohoku University,2,False
10.1038/s41598-024-69726-4,23,57090702500,Nagami F.,Nagami,Fuji,Tohoku University,2,False
10.1038/s41598-024-69726-4,24,7003376740,Fuse N.,Fuse,Nobuo,Tohoku University; Graduate School of Medicine,3,False
10.1038/s41598-024-69726-4,25,7003868341,Hozawa A.,Hozawa,Atsushi,Tohoku University; Graduate School of Medicine,2,False
10.1038/s41598-024-73172-7,1,59352573200,Li Y.,Li,Yiyu,"IMRA America, Inc.",1,True
10.1038/s41598-024-73172-7,2,57355839500,Yada H.,Yada,Hiroyuki,"IMRA America, Inc.",1,True
10.1038/s41598-024-73172-7,3,57355424900,Ichikawa Y.,Ichikawa,Yuki,"IMRA America, Inc.",1,True
10.1038/s41598-025-21639-6,1,7402584059,Iwamoto M.,Iwamoto,Masami,"Toyota Central R&D Labs., Inc.",1,True
10.1038/s41598-025-21639-6,2,55307547600,Kanazawa H.,Kanazawa,Hoshinori,The University of Tokyo,1,False
10.1038/s41598-025-21639-6,3,59728183400,Narita A.,Narita,Atsushi,The University of Tokyo,1,False
10.1038/s41598-025-21639-6,4,7005902061,Yonekura S.,Yonekura,Shogo,The University of Tokyo,1,False
10.1038/s41598-025-21639-6,5,7005371269,Kuniyoshi Y.,Kuniyoshi,Yasuo,The University of Tokyo,1,False
10.1038/s41598-025-86788-0,1,24468685500,Nakahira Y.,Nakahira,Yuko,"Toyota Central R&D Labs., Inc.",1,True
10.1038/s41598-025-86788-0,2,7402584059,Iwamoto M.,Iwamoto,Masami,"Toyota Central R&D Labs., Inc.",1,True
10.1038/s41598-025-86788-0,3,56494574700,Igawa T.,Igawa,Tatsuya,International University of Health and Welfare,2,False
10.1038/s41598-025-86788-0,4,55512829500,Ishii K.,Ishii,Ken,International University of Health and Welfare; New Spine Clinic Tokyo,2,False
10.1038/s41598-025-89362-w,1,59367596600,Kato T.,Kato,Teruki,"Toyota Central R&D Labs., Inc.",1,True
10.1038/s41598-025-89362-w,2,56220499900,Goto K.,Goto,Kunihiro,"Toyota Central R&D Labs., Inc.",1,True
10.1038/s41598-025-89362-w,3,59653935200,Niwa T.,Niwa,Takahiro,"Toyota Central R&D Labs., Inc.",1,True
10.1038/s41598-025-89362-w,4,57197728678,Shimizu T.,Shimizu,Tsukasa,"Toyota Central R&D Labs., Inc.",1,True
10.1038/s41598-025-89362-w,5,59653502900,Fujii A.,Fujii,Akinobu,"Toyota Central R&D Labs., Inc.",1,True
10.1038/s41598-025-89362-w,6,57015290100,Okumura B.,Okumura,Bunyo,"Toyota Central R&D Labs., Inc.",1,True
10.1038/s41598-025-89362-w,7,42361568400,Oka H.,Oka,Hideaki,"Toyota Central R&D Labs., Inc.",1,True
10.1038/s41598-025-89362-w,8,6505525817,Kadoura H.,Kadoura,Hiroaki,"Toyota Central R&D Labs., Inc.",1,True
10.1038/s41928-021-00669-8,1,36880853000,Ozaki T.,Ozaki,Takashi,"Toyota Central R&D Labs., Inc.",1,True
10.1038/s41928-021-00669-8,2,57548502200,Ohta N.,Ohta,Norikazu,"Toyota Central R&D Labs., Inc.",1,True
10.1038/s41928-021-00669-8,3,34872427700,Jimbo T.,Jimbo,Tomohiko,"Toyota Central R&D Labs., Inc.",1,True
10.1038/s41928-021-00669-8,4,7103120347,Hamaguchi K.,Hamaguchi,Kanae,"Toyota Central R&D Labs., Inc.",1,True
10.1038/s41929-019-0282-y,1,8377037900,Beniya A.,Beniya,Atsushi,"Toyota Central R&D Labs., Inc.",1,True
10.1038/s41929-019-0282-y,2,55519838700,Higashi S.,Higashi,Shougo,"Toyota Central R&D Labs., Inc.",1,True
10.1038/s41929-024-01147-y,1,57199844753,Sakamoto N.,Sakamoto,Naonari,"Toyota Central R&D Labs., Inc.",1,True
10.1038/s41929-024-01147-y,2,54401616800,Sekizawa K.,Sekizawa,Keita,"Toyota Central R&D Labs., Inc.",1,True
10.1038/s41929-024-01147-y,3,7102377451,Shirai S.,Shirai,Soichi,"Toyota Central R&D Labs., Inc.",1,True
10.1038/s41929-024-01147-y,4,57204152834,Nonaka T.,Nonaka,Takamasa,"Toyota Central R&D Labs., Inc.",1,True
10.1038/s41929-024-01147-y,5,56673389100,Arai T.,Arai,Takeo,"Toyota Central R&D Labs., Inc.",1,True
10.1038/s41929-024-01147-y,6,7501694167,Sato S.,Sato,Shunsuke,"Toyota Central R&D Labs., Inc.",1,True
10.1038/s41929-024-01147-y,7,35547016000,Morikawa T.,Morikawa,Takeshi,"Toyota Central R&D Labs., Inc.",1,True
10.1038/s42005-020-0338-y,1,12239498500,Kajita S.,Kajita,Seiji,"Toyota Central R&D Labs., Inc.",1,True
10.1038/s42005-020-0338-y,2,7004441317,Kinjo T.,Kinjo,Tomoyuki,"Toyota Central R&D Labs., Inc.",1,True
10.1038/s42005-020-0338-y,3,57205550400,Nishi T.,Nishi,Tomoki,"Toyota Central R&D Labs., Inc.",1,True
10.1038/s42005-022-00957-5,1,42462794300,Yatsugi K.,Yatsugi,Kenichi,"Toyota Central R&D Labs., Inc.",1,True
10.1038/s42005-022-00957-5,2,39962837000,Yoshida T.,Yoshida,Tsuneya,University of Tsukuba,1,False
10.1038/s42005-022-00957-5,3,56612883200,Mizoguchi T.,Mizoguchi,Tomonari,University of Tsukuba,1,False
10.1038/s42005-022-00957-5,4,55513599800,Kuno Y.,Kuno,Yoshihito,University of Tsukuba,1,False
10.1038/s42005-022-00957-5,5,9045335600,Iizuka H.,Iizuka,Hideo,"Toyota Central R&D Labs., Inc.",1,True
10.1038/s42005-022-00957-5,6,8902896000,Tadokoro Y.,Tadokoro,Yukihiro,"Toyota Central R&D Labs., Inc.",1,True
10.1038/s42005-022-00957-5,7,7004104276,Hatsugai Y.,Hatsugai,Yasuhiro,University of Tsukuba,1,False
10.1038/s42005-023-01490-9,1,57202452413,Funayama K.,Funayama,Keita,"Toyota Central R&D Labs., Inc.",1,True
10.1038/s42005-023-01490-9,2,36182441100,Hirotani J.,Hirotani,Jun,Kyoto University,1,False
10.1038/s42005-023-01490-9,3,55201598500,Miura A.,Miura,Atsushi,"Toyota Central R&D Labs., Inc.",1,True
10.1038/s42005-023-01490-9,4,57205758604,Tanaka H.,Tanaka,Hiroya,"Toyota Central R&D Labs., Inc.",1,True
10.1038/s42005-024-01899-w,1,57202452413,Funayama K.,Funayama,Keita,"Toyota Central R&D Labs., Inc.",1,True
10.1038/s42005-024-01899-w,2,42462794300,Yatsugi K.,Yatsugi,Kenichi,"Toyota Central R&D Labs., Inc.",1,True
10.1038/s42005-024-01899-w,3,9045335600,Iizuka H.,Iizuka,Hideo,"Toyota Central R&D Labs., Inc.",1,True
10.1038/s42005-026-02621-8,1,36880853000,Ozaki T.,Ozaki,Takashi,"Toyota Central R&D Labs., Inc.",1,True
10.1038/s42005-026-02621-8,2,57548502200,Ohta N.,Ohta,Norikazu,"Toyota Central R&D Labs., Inc.",1,True
10.1038/s42005-026-02621-8,3,57196418648,Ma J.,Ma,Jiaju,"Toyota Central R&D Labs., Inc.",1,True
10.1038/s42005-026-02621-8,4,7003700194,Fujiyoshi M.,Fujiyoshi,Motohiro,"Toyota Central R&D Labs., Inc.",1,True
10.1038/s43246-020-00116-9,1,57211599079,Ninomiya H.,Ninomiya,Hiroki,National Institute of Advanced Industrial Science and Technology,1,False
10.1038/s43246-020-00116-9,2,57202286282,Kawashima K.,Kawashima,Kenji,"National Institute of Advanced Industrial Science and Technology; IMRA Japan Co., Ltd.; Aisin Corporation",3,True
10.1038/s43246-020-00116-9,3,11039578700,Iyo A.,Iyo,Akira,National Institute of Advanced Industrial Science and Technology,1,False
10.1038/s43246-020-00116-9,4,7004125383,Fujihisa H.,Fujihisa,Hiroshi,National Institute of Advanced Industrial Science and Technology,1,False
10.1038/s43246-020-00116-9,5,25923470800,Ishida S.,Ishida,Shigeyuki,National Institute of Advanced Industrial Science and Technology,1,False
10.1038/s43246-020-00116-9,6,55209020500,Ogino H.,Ogino,Hiraku,National Institute of Advanced Industrial Science and Technology,1,False
10.1038/s43246-020-00116-9,7,56555651100,Yoshida Y.,Yoshida,Yoshiyuki,National Institute of Advanced Industrial Science and Technology,1,False
10.1038/s43246-020-00116-9,8,7201963235,Gotoh Y.,Gotoh,Yoshito,National Institute of Advanced Industrial Science and Technology,1,False
10.1038/s43246-020-00116-9,9,7005867924,Eisaki H.,Eisaki,Hiroshi,National Institute of Advanced Industrial Science and Technology,1,False
10.1038/s44172-024-00176-6,1,56298288100,Higuchi Y.,Higuchi,Yuki,"Toyota Central R&D Labs., Inc.",1,True
10.1038/s44172-024-00176-6,2,56781448900,Yoshimune W.,Yoshimune,Wataru,"Toyota Central R&D Labs., Inc.",1,True
10.1038/s44172-024-00176-6,3,57199806946,Kato S.,Kato,Satoru,"Toyota Central R&D Labs., Inc.",1,True
10.1038/s44172-024-00176-6,4,7007105521,Hibi S.,Hibi,Shogo,"Toyota Central R&D Labs., Inc.",1,True
10.1038/s44172-024-00176-6,5,6602365435,Setoyama D.,Setoyama,Daigo,"Toyota Central R&D Labs., Inc.",1,True
10.1038/s44172-024-00176-6,6,57151285400,Isegawa K.,Isegawa,Kazuhisa,"Toyota Central R&D Labs., Inc.; Japan Atomic Energy Agency",2,True
10.1038/s44172-024-00176-6,7,59031002600,Matsumoto Y.,Matsumoto,Yoshihiro,Comprehensive Research Organization for Science and Society,1,False
10.1038/s44172-024-00176-6,8,23392579800,Hayashida H.,Hayashida,Hirotoshi,Comprehensive Research Organization for Science and Society,1,False
10.1038/s44172-024-00176-6,9,55427288600,Nozaki H.,Nozaki,Hiroshi,"Toyota Central R&D Labs., Inc.",1,True
10.1038/s44172-024-00176-6,10,56530053400,Harada M.,Harada,Masashi,"Toyota Central R&D Labs., Inc.",1,True
10.1038/s44172-024-00176-6,11,57857209500,Fukaya N.,Fukaya,Norihiro,"Toyota Central R&D Labs., Inc.",1,True
10.1038/s44172-024-00176-6,12,55731679800,Suzuki T.,Suzuki,Takahisa,"Toyota Central R&D Labs., Inc.",1,True
10.1038/s44172-024-00176-6,13,7202958524,Shinohara T.,Shinohara,Takenao,Japan Atomic Energy Agency,1,False
10.1038/s44172-024-00176-6,14,7402580842,Nagai Y.,Nagai,Yasutaka,"Toyota Central R&D Labs., Inc.",1,True
10.1039/c0dt01417f,1,6602917953,Giribabu L.,Giribabu,Lingamallu,Indian Institute of Chemical Technology,1,False
10.1039/c0dt01417f,2,15836757100,Bessho T.,Bessho,Takeru,School of Basic Sciences,1,False
10.1039/c0dt01417f,3,37012917200,Srinivasu M.,Srinivasu,Mareedu,Indian Institute of Chemical Technology,1,False
10.1039/c0dt01417f,4,12753879300,Vijaykumar C.,Vijaykumar,Challuri,Indian Institute of Chemical Technology,1,False
10.1039/c0dt01417f,5,15081601400,Soujanya Y.,Soujanya,Yarasi,Indian Institute of Chemical Technology,1,False
10.1039/c0dt01417f,6,13406666600,Reddy V.G.,Reddy,Veeranagari Gopal,"IMRA Japan Co., Ltd.",1,True
10.1039/c0dt01417f,7,7402570154,Reddy P.Y.,Reddy,Paidi Yella,"IMRA Japan Co., Ltd.",1,True
10.1039/c0dt01417f,8,7004044501,Yum J.-H.,Yum,Jun-Ho,School of Basic Sciences,1,False
10.1039/c0dt01417f,9,35463345800,Gratzel M.,Grätzel,Michael,School of Basic Sciences,1,False
10.1039/c0dt01417f,10,35463772200,Nazeeruddin M.K.,Nazeeruddin,Mohammad Khaja,School of Basic Sciences,1,False
10.1039/c6cp03396b,1,8305791600,Gao P.,Gao,,École Polytechnique Fédérale de Lausanne,1,False
10.1039/c6cp03396b,2,57143231700,Cho K.T.,Cho,,École Polytechnique Fédérale de Lausanne,1,False
10.1039/c6cp03396b,3,35167776300,Abate A.,Abate,,École Polytechnique Fédérale de Lausanne,1,False
10.1039/c6cp03396b,4,6508101563,Grancini G.,Grancini,,École Polytechnique Fédérale de Lausanne,1,False
10.1039/c6cp03396b,5,7402570154,Reddy P.Y.,Reddy,,"IMRA Japan Co., Ltd.",1,True
10.1039/c6cp03396b,6,57191502973,Srivasu M.,Srivasu,,"IMRA Japan Co., Ltd.",1,True
10.1039/c6cp03396b,7,57109791400,Adachi M.,Adachi,,"IMRA Japan Co., Ltd.",1,True
10.1039/c6cp03396b,8,59120106400,Suzuki A.,Suzuki,,"IMRA Japan Co., Ltd.",1,True
10.1039/c6cp03396b,9,57191498065,Tsuchimoto K.,Tsuchimoto,,"IMRA Japan Co., Ltd.",1,True
10.1039/c6cp03396b,10,35463345800,Gratzel M.,Grätzel,,École Polytechnique Fédérale de Lausanne,1,False
10.1039/c6cp03396b,11,35463772200,Nazeeruddin M.K.,Nazeeruddin,Mohammad Khaja,École Polytechnique Fédérale de Lausanne,1,False
10.1039/c8bm00412a,1,24168376500,Hatanaka T.,Hatanaka,Takaaki,"Toyota Central R&D Labs., Inc.",1,True
10.1039/c8bm00412a,2,55127247600,Ohashi M.,Ohashi,Masataka,"Toyota Central R&D Labs., Inc.",1,True
10.1039/c8bm00412a,3,56710934900,Ishida N.,Ishida,Nobuhiro,"Toyota Central R&D Labs., Inc.",1,True
10.1039/c8ta06418k,1,7403474409,Kato N.,Kato,Naohiko,"Toyota Central R&D Labs., Inc.",1,True
10.1039/c8ta06418k,2,57616340300,Moribe S.,Moribe,Shinya,"Toyota Central R&D Labs., Inc.",1,True
10.1039/c8ta06418k,3,14919955000,Shiozawa M.,Shiozawa,Masahito,"Toyota Central R&D Labs., Inc.",1,True
10.1039/c8ta06418k,4,7402805633,Suzuki R.,Suzuki,Ryo,"Toyota Central R&D Labs., Inc.",1,True
10.1039/c8ta06418k,5,7402162988,Higuchi K.,Higuchi,Kazuo,"Toyota Central R&D Labs., Inc.",1,True
10.1039/c8ta06418k,6,59120106400,Suzuki A.,Suzuki,Akira,"IMRA Japan Co., Ltd.",1,True
10.1039/c8ta06418k,7,57110347000,Sreenivasu M.,Sreenivasu,Mareedu,"IMRA Japan Co., Ltd.",1,True
10.1039/c8ta06418k,8,57191498065,Tsuchimoto K.,Tsuchimoto,Katsuya,"IMRA Japan Co., Ltd.",1,True
10.1039/c8ta06418k,9,57204756117,Tatematsu K.,Tatematsu,Koji,Aisin Corporation,1,True
10.1039/c8ta06418k,10,55485893800,Mizumoto K.,Mizumoto,Katsuyoshi,Aisin Corporation,1,True
10.1039/c8ta06418k,11,57204761985,Doi S.,Doi,Shoichi,Aisin Corporation,1,True
10.1039/c8ta06418k,12,7201723963,Toyoda T.,Toyoda,Tatsuo,Aisin Corporation,1,True
10.1039/c9cc05921k,1,57199844753,Sakamoto N.,Sakamoto,Naonari,"Toyota Central R&D Labs., Inc.",1,True
10.1039/c9cc05921k,2,56673389100,Arai T.,Arai,Takeo,"Toyota Central R&D Labs., Inc.",1,True
10.1039/c9cc09051g,1,22985859200,Mukai K.,Mukai,Kazuhiko,"Toyota Central R&D Labs., Inc.",1,True
10.1039/c9cc09051g,2,57204152834,Nonaka T.,Nonaka,Takamasa,"Toyota Central R&D Labs., Inc.",1,True
10.1039/c9cc09051g,3,56895793800,Uyama T.,Uyama,Takeshi,"Toyota Central R&D Labs., Inc.",1,True
10.1039/c9cc09051g,4,55749528200,Nishimura Y.F.,Nishimura,Yusaku F.,"Toyota Central R&D Labs., Inc.",1,True
10.1039/c9ce01971e,1,57191988304,Nakamura D.,Nakamura,Daisuke,"Toyota Central R&D Labs., Inc.",1,True
10.1039/c9ce01971e,2,8522430400,Kimura T.,Kimura,Taishi,"Toyota Central R&D Labs., Inc.",1,True
10.1039/c9ce01971e,3,57216096277,Itoh K.,Itoh,Kenji,"Toyota Central R&D Labs., Inc.",1,True
10.1039/c9ce01971e,4,36021028300,Fujimoto N.,Fujimoto,Naoki,Nagoya University,1,False
10.1039/c9ce01971e,5,7202956218,Nitta S.,Nitta,Shugo,Nagoya University,1,False
10.1039/c9ce01971e,6,35397740400,Amano H.,Amano,Hiroshi,Nagoya University,1,False
10.1039/c9cy00176j,1,7402580842,Nagai Y.,Nagai,Yasutaka,"Toyota Central R&D Labs., Inc.",1,True
10.1039/c9cy00176j,2,57207199294,Kato A.,Kato,Akihiko,"Toyota Central R&D Labs., Inc.",1,True
10.1039/c9cy00176j,3,57080322000,Iwasaki M.,Iwasaki,Masaoki,"Toyota Central R&D Labs., Inc.",1,True
10.1039/c9cy00176j,4,24281823400,Kishita K.,Kishita,Keisuke,Toyota Motor Corporation,1,True
10.1039/c9gc00525k,1,57209261545,Hosokawa Y.,Hosokawa,Yoichi,"Toyota Central R&D Labs., Inc.",1,True
10.1039/c9gc00525k,2,36918485700,Kajiya S.,Kajiya,Shuji,"Toyota Central R&D Labs., Inc.",1,True
10.1039/c9gc00525k,3,57209256493,Ohshima A.,Ohshima,Ayako,"Toyota Central R&D Labs., Inc.",1,True
10.1039/c9gc00525k,4,56710934900,Ishida N.,Ishida,Nobuhiro,"Toyota Central R&D Labs., Inc.",1,True
10.1039/c9gc00525k,5,7103023819,Washio M.,Washio,Masakazu,Waseda University,1,False
10.1039/c9gc00525k,6,7004035300,Usuki A.,Usuki,Arimitsu,"Toyota Central R&D Labs., Inc.; Research Institute for Sustainable Humanosphere",2,True
10.1039/d0cp03887c,1,56298288100,Higuchi Y.,Higuchi,Yuki,"Toyota Central R&D Labs., Inc.",1,True
10.1039/d0cp03887c,2,6602365435,Setoyama D.,Setoyama,Daigo,"Toyota Central R&D Labs., Inc.",1,True
10.1039/d0cp03887c,3,57151285400,Isegawa K.,Isegawa,Kazuhisa,Japan Atomic Energy Agency,1,False
10.1039/d0cp03887c,4,57219718751,Tsuchikawa Y.,Tsuchikawa,Yusuke,Japan Atomic Energy Agency,1,False
10.1039/d0cp03887c,5,59031002600,Matsumoto Y.,Matsumoto,Yoshihiro,Comprehensive Research Organization for Science and Society,1,False
10.1039/d0cp03887c,6,55628565796,Parker J.D.,Parker,Joseph Don,Comprehensive Research Organization for Science and Society,1,False
10.1039/d0cp03887c,7,7202958524,Shinohara T.,Shinohara,Takenao,Japan Atomic Energy Agency,1,False
10.1039/d0cp03887c,8,7402580842,Nagai Y.,Nagai,Yasutaka,"Toyota Central R&D Labs., Inc.",1,True
10.1039/d0ra02344b,1,57202577107,Hirai T.,Hirai,Takayuki,"Toyota Central R&D Labs., Inc.",1,True
10.1039/d0ra02344b,2,55315315500,Onochi Y.,Onochi,Yusaku,Toyota Motor Corporation,1,True
10.1039/d0ra02344b,3,7006693280,Kawada J.,Kawada,Jumpei,"Toyota Central R&D Labs., Inc.",1,True
10.1039/d0ta07707k,1,55519838700,Higashi S.,Higashi,Shougo,"Toyota Central R&D Labs., Inc.",1,True
10.1039/d0ta07707k,2,57212001397,Tachikawa T.,Tachikawa,Takashi,"Toyota Central R&D Labs., Inc.",1,True
10.1039/d0ta07707k,3,7003872720,Oh-Ishi K.,Oh-Ishi,Keiichiro,"Toyota Central R&D Labs., Inc.",1,True
10.1039/d0ta07707k,4,59758510000,Shigetoh K.,Shigetoh,Keisuke,"Toyota Central R&D Labs., Inc.",1,True
10.1039/d0ta07707k,5,8624097700,Takechi K.,Takechi,Kensuke,"Toyota Central R&D Labs., Inc.",1,True
10.1039/d0ta07707k,6,8377037900,Beniya A.,Beniya,Atsushi,"Toyota Central R&D Labs., Inc.",1,True
10.1039/d0ta10215f,1,36667168700,Ohta S.,Ohta,Shingo,"Toyota Central R&D Labs., Inc.",1,True
10.1039/d0ta10215f,2,26531416200,Kihira Y.,Kihira,Yuki,"Toyota Central R&D Labs., Inc.",1,True
10.1039/d0ta10215f,3,8602269500,Asaoka T.,Asaoka,Takahiko,"Toyota Central R&D Labs., Inc.",1,True
10.1039/d0tb00034e,1,56585826500,Tetsuka H.,Tetsuka,Hiroyuki,"Harvard Medical School; Toyota Motor North America, Inc.",2,True
10.1039/d0tb00034e,2,7403646810,Shin S.R.,Shin,Su Ryon,Harvard Medical School,1,False
10.1039/d1cp02613e,1,55655151000,Sugali P.K.N.,Sugali,Pavan Kumar Naik,Tokyo University of Science; National Institute of Advanced Industrial Science and Technology,2,False
10.1039/d1cp02613e,2,25923470800,Ishida S.,Ishida,Shigeyuki,National Institute of Advanced Industrial Science and Technology,1,False
10.1039/d1cp02613e,3,57203269806,Kimoto K.,Kimoto,Koji,National Institute for Materials Science,1,False
10.1039/d1cp02613e,4,57208655795,Yanagisawa K.,Yanagisawa,Keiichi,National Institute for Materials Science,1,False
10.1039/d1cp02613e,5,57218629516,Kamiya Y.,Kamiya,Yoshihisa,"National Institute of Advanced Industrial Science and Technology; IMRA Japan Co., Ltd.",2,True
10.1039/d1cp02613e,6,35727798100,Tsuchiya Y.,Tsuchiya,Yoshinori,National Institute of Advanced Industrial Science and Technology,1,False
10.1039/d1cp02613e,7,57202286282,Kawashima K.,Kawashima,Kenji,"National Institute of Advanced Industrial Science and Technology; IMRA Japan Co., Ltd.",2,True
10.1039/d1cp02613e,8,56555651100,Yoshida Y.,Yoshida,Yoshiyuki,National Institute of Advanced Industrial Science and Technology,1,False
10.1039/d1cp02613e,9,11039578700,Iyo A.,Iyo,Akira,National Institute of Advanced Industrial Science and Technology,1,False
10.1039/d1cp02613e,10,7005867924,Eisaki H.,Eisaki,Hiroshi,National Institute of Advanced Industrial Science and Technology,1,False
10.1039/d1cp02613e,11,55667217200,Nishio T.,Nishio,Taichiro,Tokyo University of Science,1,False
10.1039/d1cp02613e,12,55209020500,Ogino H.,Ogino,Hiraku,National Institute of Advanced Industrial Science and Technology,1,False
10.1039/d3cc03940d,1,22036811600,Suzuki T.M.,Suzuki,Tomiko M.,"Toyota Central R&D Labs., Inc.",1,True
10.1039/d3cc03940d,2,57729915400,Nagatsuka K.,Nagatsuka,Kengo,Tokyo University of Science,1,False
10.1039/d3cc03940d,3,57204152834,Nonaka T.,Nonaka,Takamasa,"Toyota Central R&D Labs., Inc.",1,True
10.1039/d3cc03940d,4,57051948900,Yamaguchi Y.,Yamaguchi,Yuichi,Tokyo University of Science,2,False
10.1039/d3cc03940d,5,57199844753,Sakamoto N.,Sakamoto,Naonari,"Toyota Central R&D Labs., Inc.",1,True
10.1039/d3cc03940d,6,56895793800,Uyama T.,Uyama,Takeshi,"Toyota Central R&D Labs., Inc.",1,True
10.1039/d3cc03940d,7,54401616800,Sekizawa K.,Sekizawa,Keita,"Toyota Central R&D Labs., Inc.",1,True
10.1039/d3cc03940d,8,35450315500,Kudo A.,Kudo,Akihiko,Tokyo University of Science,2,False
10.1039/d3cc03940d,9,35547016000,Morikawa T.,Morikawa,Takeshi,"Toyota Central R&D Labs., Inc.",1,True
10.1039/d3gc04472f,1,6602091507,Itahara H.,Itahara,Hiroshi,"Toyota Central R&D Labs., Inc.",1,True
10.1039/d3gc04472f,2,57199844753,Sakamoto N.,Sakamoto,Naonari,"Toyota Central R&D Labs., Inc.",1,True
10.1039/d3gc04472f,3,55134537100,Takahashi N.,Takahashi,Naoko,"Toyota Central R&D Labs., Inc.",1,True
10.1039/d3gc04472f,4,57194635568,Kosaka S.,Kosaka,Satoru,"Toyota Central R&D Labs., Inc.",1,True
10.1039/d3gc04472f,5,56316737600,Takatani Y.,Takatani,Yasuhiro,"Toyota Central R&D Labs., Inc.",1,True
10.1039/d3sc03377e,1,57216761264,Tabata H.,Tabata,Hiro,The University of Osaka,1,False
10.1039/d3sc03377e,2,57861087600,Chikatani G.,Chikatani,Genta,The University of Osaka,1,False
10.1039/d3sc03377e,3,57861375500,Nishijima H.,Nishijima,Hiroaki,The University of Osaka,1,False
10.1039/d3sc03377e,4,58410659900,Harada T.,Harada,Takashi,The University of Osaka,1,False
10.1039/d3sc03377e,5,57860519800,Miyake R.,Miyake,Rika,The University of Osaka,1,False
10.1039/d3sc03377e,6,26663576300,Kato S.,Kato,Souichiro,"The University of Osaka; National Institute of Advanced Industrial Science and Technology, Hokkaido",2,False
10.1039/d3sc03377e,7,55388485000,Igarashi K.,Igarashi,Kensuke,"National Institute of Advanced Industrial Science and Technology, Hokkaido",1,False
10.1039/d3sc03377e,8,6603841324,Mukouyama Y.,Mukouyama,Yoshiharu,The University of Osaka; Tokyo Denki University,2,False
10.1039/d3sc03377e,9,7102377451,Shirai S.,Shirai,Soichi,"Toyota Central R&D Labs., Inc.",1,True
10.1039/d3sc03377e,10,36624756700,Waki M.,Waki,Minoru,"Toyota Central R&D Labs., Inc.",1,True
10.1039/d3sc03377e,11,7003739754,Hase Y.,Hase,Yoko,"The University of Osaka; Toyota Central R&D Labs., Inc.",2,True
10.1039/d3sc03377e,12,7402706228,Nakanishi S.,Nakanishi,Shuji,The University of Osaka,2,False
10.1039/d3ta03164k,1,59844864500,Minami S.,Minami,Saori,"Toyota Central R&D Labs., Inc.",1,True
10.1039/d3ta03164k,2,24376739300,Jinnouchi R.,Jinnouchi,Ryosuke,"Toyota Central R&D Labs., Inc.",1,True
10.1039/d3ta06719j,1,56263228200,Miyazaki I.,Miyazaki,Izuru,"Toyota Central R&D Labs., Inc.",1,True
10.1039/d3ta06719j,2,6602849868,Masuoka Y.,Masuoka,Yumi,"Toyota Central R&D Labs., Inc.",1,True
10.1039/d3ta06719j,3,7003872720,Oh-Ishi K.,Oh-Ishi,Keiichiro,"Toyota Central R&D Labs., Inc.",1,True
10.1039/d3ta06719j,4,6603164329,Setoyama N.,Setoyama,Norihiko,"Toyota Central R&D Labs., Inc.",1,True
10.1039/d3ta06719j,5,55027388300,Umehara M.,Umehara,Mitsutaro,"Toyota Central R&D Labs., Inc.",1,True
10.1039/d4ee00283k,1,6603931411,Makimura Y.,Makimura,Yoshinari,"Toyota Central R&D Labs., Inc.",1,True
10.1039/d4ee00283k,2,7004303893,Okuda C.,Okuda,Chikaaki,"Toyota Central R&D Labs., Inc.",1,True
10.1039/d4ee00283k,3,22135380600,Munekata T.,Munekata,Toshihisa,"Toyota Central R&D Labs., Inc.",1,True
10.1039/d4ee00283k,4,56616088800,Tsukigase A.,Tsukigase,Azusa,"Toyota Central R&D Labs., Inc.",1,True
10.1039/d4ee00283k,5,42361568400,Oka H.,Oka,Hideaki,"Toyota Central R&D Labs., Inc.",1,True
10.1039/d4ee00283k,6,59000199400,Saeki T.,Saeki,Tooru,"Toyota Central R&D Labs., Inc.",1,True
10.1039/d4ee00283k,7,59000751800,Morimoto R.,Morimoto,Ryohei,"Toyota Central R&D Labs., Inc.",1,True
10.1039/d4ee00283k,8,15826949000,Sasaki M.,Sasaki,Megumi,"Toyota Central R&D Labs., Inc.",1,True
10.1039/d4ee00283k,9,57217234186,Nakano H.,Nakano,Hiroyuki,"Toyota Central R&D Labs., Inc.",1,True
10.1039/d4ee00283k,10,7005115731,Itou Y.,Itou,Yuichi,"Toyota Central R&D Labs., Inc.",1,True
10.1039/d4ee00283k,11,59000675100,Mizutani M.,Mizutani,Mamoru,"Toyota Central R&D Labs., Inc.",1,True
10.1039/d4ee00283k,12,57206918686,Sasaki T.,Sasaki,Tsuyoshi,"Toyota Central R&D Labs., Inc.",1,True
10.1039/d4sc03378g,1,24376739300,Jinnouchi R.,Jinnouchi,Ryosuke,"Toyota Central R&D Labs., Inc.",1,True
10.1039/d4sc03378g,2,54899578000,Karsai F.,Karsai,Ferenc,VASP Software GmbH,1,False
10.1039/d4sc03378g,3,7005050281,Kresse G.,Kresse,Georg,VASP Software GmbH; Universität Wien,2,False
10.1039/d5cc05617a,1,22036811600,Suzuki T.M.,Suzuki,Tomiko M.,"Toyota Central R&D Labs., Inc.",1,True
10.1039/d5cc05617a,2,57204152834,Nonaka T.,Nonaka,Takamasa,"Toyota Central R&D Labs., Inc.",1,True
10.1039/d5cc05617a,3,56895793800,Uyama T.,Uyama,Takeshi,"Toyota Central R&D Labs., Inc.",1,True
10.1039/d5cc05617a,4,57199844753,Sakamoto N.,Sakamoto,Naonari,"Toyota Central R&D Labs., Inc.",1,True
10.1039/d5cc05617a,5,54401616800,Sekizawa K.,Sekizawa,Keita,"Toyota Central R&D Labs., Inc.",1,True
10.1039/d5cc05617a,6,57051948900,Yamaguchi Y.,Yamaguchi,Yuichi,Tokyo University of Science,2,False
10.1039/d5cc05617a,7,35450315500,Kudo A.,Kudo,Akihiko,Tokyo University of Science,2,False
10.1039/d5cc05617a,8,35547016000,Morikawa T.,Morikawa,Takeshi,"Toyota Central R&D Labs., Inc.",1,True
10.1039/d5ta06122a,1,7403474409,Kato N.,Kato,Naohiko,"Toyota Central R&D Labs., Inc.",1,True
10.1039/d5ta06122a,2,7102714366,Saeki S.,Saeki,Shu,"Toyota Central R&D Labs., Inc.",1,True
10.1039/d5ta06122a,3,55749528200,Nishimura Y.F.,Nishimura,Yusaku F.,"Toyota Central R&D Labs., Inc.",1,True
10.1039/d5ta06122a,4,36009365500,Takeda Y.,Takeda,Yasuhiko,"Toyota Central R&D Labs., Inc.",1,True
10.1039/d5ta06122a,5,57616340300,Moribe S.,Moribe,Shinya,"Toyota Central R&D Labs., Inc.",1,True
10.1049/el:19950147,1,7005467080,Fermann M.E.,Fermann,,"IMRA America, Inc.",1,True
10.1049/el:19950147,2,35497979500,Sugden K.,Sugden,,Aston University,1,False
10.1049/el:19950147,3,57204302690,Bennion I.,Bennion,,Aston University,1,False
10.1049/el:19980888,1,7004258797,Suche H.,Suche,,,0,False
10.1049/el:19980888,2,6505856269,Oesselke T.,Oesselke,,,0,False
10.1049/el:19980888,3,7801485662,Pandavenes J.,Pandavenes,,,0,False
10.1049/el:19980888,4,6701334600,Ricken R.,Ricken,,,0,False
10.1049/el:19980888,5,6506668524,Rochhausen K.,Rochhausen,,,0,False
10.1049/el:19980888,6,7006152093,Sohler W.,Sohler,,,0,False
10.1049/el:19980888,7,56276187000,Balsamo S.,Balsamo,,,0,False
10.1049/el:19980888,8,7005991465,Montrosset I.,Montrosset,,,0,False
10.1049/el:19980888,9,58322679600,Wong K.K.,Wong,,,0,False
10.1049/el:20001259,1,7403431254,Shen S.,Shen,,Purdue University,1,False
10.1049/el:20001259,2,35416950700,Weiner A.M.,Weiner,,Purdue University,1,False
10.1049/el:20001259,3,22969320600,Sucha G.D.,Sucha,,"IMRA America, Inc.",1,True
10.1049/el:20001259,4,35966651800,Stock M.L.,Stock,,"IMRA America, Inc.",1,True
10.1063/1.107456,1,7003316887,Galvanauskas A.,Galvanauskas,,The Royal Institute of Technology (KTH),1,False
10.1063/1.107456,2,6602758604,Tellefsen Jr. J.A.,Tellefsen Jr.,,The Royal Institute of Technology (KTH),1,False
10.1063/1.107456,3,22993444300,Krotkus A.,Krotkus,,Lietuvos Mokslų Akademija,1,False
10.1063/1.107456,4,7003468614,Oberg M.,Öberg,,"RISE, Swedish Institute of Computer Science",1,False
10.1063/1.107456,5,7004221157,Broberg B.,Broberg,,"RISE, Swedish Institute of Computer Science",1,False
10.1063/1.108516,1,7005467080,Fermann M.E.,Fermann,,"Telcordia Technologies, Inc.",1,False
10.1063/1.108516,2,35599544400,Andrejco M.J.,Andrejco,,"Telcordia Technologies, Inc.",1,False
10.1063/1.108516,3,35966651800,Stock M.L.,Stock,,"Telcordia Technologies, Inc.",1,False
10.1063/1.108516,4,35594276300,Silberberg Y.,Silberberg,,"Telcordia Technologies, Inc.",1,False
10.1063/1.108516,5,35416950700,Weiner A.M.,Weiner,,"Telcordia Technologies, Inc.",1,False
10.1063/1.110701,1,7003316887,Galvanauskas A.,Galvanauskas,,RISE Acreo AB,1,False
10.1063/1.110701,2,6603885329,Blixt P.,Blixt,,RISE Acreo AB,1,False
10.1063/1.110701,3,6602758604,Tellefsen Jr. J.A.,Tellefsen Jr.,,The Royal Institute of Technology (KTH),1,False
10.1063/1.111450,1,7003973625,Botkin D.,Botkin,,"University of California, Berkeley",1,False
10.1063/1.111450,2,7403678118,Weiss S.,Weiss,,"University of California, Berkeley",1,False
10.1063/1.111450,3,22969320600,Sucha G.,Sucha,,"University of California, Berkeley",1,False
10.1063/1.111450,4,7102401250,Chemla D.S.,Chemla,,"University of California, Berkeley",1,False
10.1063/1.111450,5,56249454100,Wiesenfeld J.M.,Wiesenfeld,,Nokia Bell Labs,1,False
10.1063/1.111919,1,7005467080,Fermann M.E.,Fermann,,"IMRA America, Inc.",1,True
10.1063/1.111919,2,7003316887,Galvanauskas A.,Galvanauskas,,"IMRA America, Inc.",1,True
10.1063/1.111919,3,7005776610,Harter D.,Harter,,"IMRA America, Inc.",1,True
10.1063/1.112020,1,22969320600,Sucha G.,Sucha,,"University of California, Berkeley",1,False
10.1063/1.112020,2,7102315335,Bolton S.R.,Bolton,,"University of California, Berkeley",1,False
10.1063/1.112020,3,7102401250,Chemla D.S.,Chemla,,"University of California, Berkeley",1,False
10.1063/1.112020,4,35416187900,Sivco D.L.,Sivco,,Nokia Bell Labs,1,False
10.1063/1.112020,5,55701265000,Cho A.Y.,Cho,,Nokia Bell Labs,1,False
10.1063/1.113571,1,7003316887,Galvanauskas A.,Galvanauskas,,"IMRA America, Inc.",1,True
10.1063/1.113571,2,7005467080,Fermann M.E.,Fermann,,"IMRA America, Inc.",1,True
10.1063/1.113571,3,7005776610,Harter D.,Harter,,"IMRA America, Inc.",1,True
10.1063/1.113571,4,35497979500,Sugden K.,Sugden,,Aston University,1,False
10.1063/1.113571,5,35494995200,Bennion I.,Bennion,,Aston University,1,False
10.1063/1.1150240,1,7401439952,Ono S.,Ono,Shingo,Tokyo University of Science,1,False
10.1063/1.1150240,2,57830222100,Tsukamoto T.,Tsukamoto,Takeyo,Tokyo University of Science,1,False
10.1063/1.1150240,3,7401990758,Sakai M.,Sakai,Masahiro,National Institutes of Natural Sciences - Institute for Molecular Science,1,False
10.1063/1.1150240,4,7406674757,Liu Z.,Liu,Zhenlin,National Institutes of Natural Sciences - Institute for Molecular Science,1,False
10.1063/1.1150240,5,7202053564,Ohtake H.,Ohtake,Hideyuki,National Institutes of Natural Sciences - Institute for Molecular Science,1,False
10.1063/1.1150240,6,56251140500,Sarukura N.,Sarukura,Nobuhiko,National Institutes of Natural Sciences - Institute for Molecular Science,1,False
10.1063/1.1150240,7,7102587914,Nishizawa S.,Nishizawa,Seizi,JASCO Corporation,1,False
10.1063/1.1150240,8,59082933500,Nakanishi A.,Nakanishi,Akio,"Hitachi Metals, Ltd",1,False
10.1063/1.1150240,9,57206882434,Yoshida M.,Yoshida,Makoto,"IMRA America, Inc.",1,True
10.1063/1.126390,1,60626312800,Lee Y.-S.,Lee,,Michigan Engineering,1,False
10.1063/1.126390,2,7102321906,Meade T.,Meade,,Michigan Engineering,1,False
10.1063/1.126390,3,6701859098,Perlin V.,Perlin,,Michigan Engineering,1,False
10.1063/1.126390,4,7004905231,Winful H.,Winful,,Michigan Engineering,1,False
10.1063/1.126390,5,7103410593,Norris T.B.,Norris,,Michigan Engineering,1,False
10.1063/1.126390,6,7003316887,Galvanauskas A.,Galvanauskas,,"IMRA America, Inc.",1,True
10.1063/1.1373406,1,60626312800,Lee Y.S.,Lee,,Michigan Engineering,1,False
10.1063/1.1373406,2,7102321906,Meade T.,Meade,,Michigan Engineering,1,False
10.1063/1.1373406,3,7103410593,Norris T.B.,Norris,,Michigan Engineering,1,False
10.1063/1.1373406,4,7003316887,Galvanauskas A.,Galvanauskas,,"IMRA America, Inc.",1,True
10.1063/1.1616668,1,57203808007,Chen H.-T.,Chen,Hou-Tong,Rensselaer Polytechnic Institute,1,False
10.1063/1.1616668,2,7003937854,Kersting R.,Kersting,Roland,Rensselaer Polytechnic Institute,1,False
10.1063/1.1616668,3,7201438056,Cho G.C.,Cho,Gyu Cheon,"IMRA America, Inc.",1,True
10.1063/1.2217165,1,13404537700,Zeng Y.J.,Zeng,,National Key Laboratory of Silicon and Advanced Semiconductor Materials,1,False
10.1063/1.2217165,2,7401956997,Ye Z.Z.,Ye,,National Key Laboratory of Silicon and Advanced Semiconductor Materials,1,False
10.1063/1.2217165,3,53869763000,Xu W.Z.,Xu,,National Key Laboratory of Silicon and Advanced Semiconductor Materials,1,False
10.1063/1.2217165,4,7601563262,Lu J.G.,Lu,,National Key Laboratory of Silicon and Advanced Semiconductor Materials,1,False
10.1063/1.2217165,5,8551756900,He H.P.,He,,National Key Laboratory of Silicon and Advanced Semiconductor Materials,1,False
10.1063/1.2217165,6,57204513994,Zhu L.P.,Zhu,,National Key Laboratory of Silicon and Advanced Semiconductor Materials,1,False
10.1063/1.2217165,7,35451618200,Zhao B.H.,Zhao,,National Key Laboratory of Silicon and Advanced Semiconductor Materials,1,False
10.1063/1.2217165,8,14027903500,Che Y.,Che,,"IMRA America, Inc.",1,True
10.1063/1.2217165,9,7409371926,Zhang S.B.,Zhang,,National Laboratory of the Rockies,1,False
10.1063/1.2428853,1,13404537700,Zeng Y.J.,Zeng,,National Key Laboratory of Silicon and Advanced Semiconductor Materials,1,False
10.1063/1.2428853,2,7401956997,Ye Z.Z.,Ye,,National Key Laboratory of Silicon and Advanced Semiconductor Materials,1,False
10.1063/1.2428853,3,55697711600,Lu Y.F.,Lu,,National Key Laboratory of Silicon and Advanced Semiconductor Materials,1,False
10.1063/1.2428853,4,7601563262,Lu J.G.,Lu,,National Key Laboratory of Silicon and Advanced Semiconductor Materials,1,False
10.1063/1.2428853,5,16043818300,Sun L.,Sun,,National Key Laboratory of Silicon and Advanced Semiconductor Materials,1,False
10.1063/1.2428853,6,53869763000,Xu W.Z.,Xu,,National Key Laboratory of Silicon and Advanced Semiconductor Materials,1,False
10.1063/1.2428853,7,57204513994,Zhu L.P.,Zhu,,National Key Laboratory of Silicon and Advanced Semiconductor Materials,1,False
10.1063/1.2428853,8,35451618200,Zhao B.H.,Zhao,,National Key Laboratory of Silicon and Advanced Semiconductor Materials,1,False
10.1063/1.2428853,9,14027903500,Che Y.,Che,,"IMRA America, Inc.",1,True
10.1063/1.2434168,1,55502865500,Liu B.,Liu,Bing,"IMRA America, Inc.",1,True
10.1063/1.2434168,2,15834833400,Hu Z.,Hu,Zhendong,"IMRA America, Inc.",1,True
10.1063/1.2434168,3,14027903500,Che Y.,Che,Yong,"IMRA America, Inc.",1,True
10.1063/1.2434168,4,59653399400,Chen Y.,Chen,Yanbin,"University of Michigan, Ann Arbor",1,False
10.1063/1.2434168,5,7401930674,Pan X.,Pan,Xiaoqing,"University of Michigan, Ann Arbor",1,False
10.1063/1.2747669,1,56768534200,Guo W.,Guo,,"University of Michigan, Ann Arbor",1,False
10.1063/1.2747669,2,16549113300,Allenic A.,Allenic,,"University of Michigan, Ann Arbor",1,False
10.1063/1.2747669,3,59653399400,Chen Y.B.,Chen,,"University of Michigan, Ann Arbor",1,False
10.1063/1.2747669,4,7401930674,Pan X.Q.,Pan,,"University of Michigan, Ann Arbor",1,False
10.1063/1.2747669,5,14027903500,Che Y.,Che,,"IMRA America, Inc.",1,True
10.1063/1.2747669,6,15834833400,Hu Z.D.,Hu,,"IMRA America, Inc.",1,True
10.1063/1.2747669,7,55502865500,Liu B.,Liu,,"IMRA America, Inc.",1,True
10.1063/1.5019998,1,57526809300,Katsuno T.,Katsuno,Takashi,"Toyota Central R&D Labs., Inc.",1,True
10.1063/1.5019998,2,7003504280,Manaka T.,Manaka,Takaaki,Institute of Science Tokyo,1,False
10.1063/1.5019998,3,22036271800,Soejima N.,Soejima,Narumasa,"Toyota Central R&D Labs., Inc.",1,True
10.1063/1.5019998,4,55225755700,Ishikawa T.,Ishikawa,Tsuyoshi,"Toyota Central R&D Labs., Inc.",1,True
10.1063/1.5019998,5,35501726200,Iwamoto M.,Iwamoto,Mitsumasa,Institute of Science Tokyo,1,False
10.1063/1.5120321,1,36537260700,Kuse N.,Kuse,,IMRA America Inc.; Tokushima University,2,True
10.1063/1.5120321,2,7005467080,Fermann M.E.,Fermann,,"IMRA America, Inc.",1,True
10.1063/5.0030825,1,13408171400,Kataoka K.,Kataoka,Keita,"Toyota Central R&D Labs., Inc.",1,True
10.1063/5.0030825,2,7202898936,Narita T.,Narita,Tetsuo,"Toyota Central R&D Labs., Inc.",1,True
10.1063/5.0030825,3,57221031158,Nagata K.,Nagata,Kengo,"Toyoda Gosei Co., Ltd.; TS Opto Co. Ltd.",2,False
10.1063/5.0030825,4,57210447868,Makino H.,Makino,Hiroaki,"Toyoda Gosei Co., Ltd.",1,False
10.1063/5.0030825,5,59313463700,Saito Y.,Saito,Yoshiki,"Toyoda Gosei Co., Ltd.; TS Opto Co. Ltd.",2,False
10.1063/5.0146957,1,57189222179,Heffernan B.M.,Heffernan,Brendan M.,"IMRA America, Inc.",1,True
10.1063/5.0146957,2,57221818626,Kawamoto Y.,Kawamoto,Yuma,The University of Osaka,1,False
10.1063/5.0146957,3,58075511100,Maekawa K.,Maekawa,Keisuke,The University of Osaka,1,False
10.1063/5.0146957,4,57203894557,Greenberg J.,Greenberg,James,"IMRA America, Inc.",1,True
10.1063/5.0146957,5,57194898955,Amin R.,Amin,Rubab,"IMRA America, Inc.",1,True
10.1063/5.0146957,6,57217281449,Hori T.,Hori,Takashi,"IMRA America, Inc.",1,True
10.1063/5.0146957,7,59433579100,Tanigawa T.,Tanigawa,Tatsuya,"IMRA America, Inc.",1,True
10.1063/5.0146957,8,7006744896,Nagatsuma T.,Nagatsuma,Tadao,The University of Osaka,1,False
10.1063/5.0146957,9,55401164500,Rolland A.,Rolland,Antoine,"IMRA America, Inc.",1,True
10.1063/5.0175547,1,57203894557,Greenberg J.,Greenberg,James,,0,False
10.1063/5.0175547,2,57189222179,Heffernan B.M.,Heffernan,Brendan M.,,0,False
10.1063/5.0175547,3,55401164500,Rolland A.,Rolland,Antoine,,0,False
10.1073/pnas.2101101118,1,25923470800,Ishida S.,Ishida,Shigeyuki,National Institute of Advanced Industrial Science and Technology,1,False
10.1073/pnas.2101101118,2,57200340278,Kagerbauer D.,Kagerbauer,Daniel,TU Wien,1,False
10.1073/pnas.2101101118,3,56154827100,Holleis S.,Holleis,Sigrid,TU Wien,1,False
10.1073/pnas.2101101118,4,23485287000,Iida K.,Iida,Kazuki,Comprehensive Research Organization for Science and Society,1,False
10.1073/pnas.2101101118,5,35227771600,Munakata K.,Munakata,Koji,Comprehensive Research Organization for Science and Society,1,False
10.1073/pnas.2101101118,6,8834336700,Nakao A.,Nakao,Akiko,Comprehensive Research Organization for Science and Society,1,False
10.1073/pnas.2101101118,7,11039578700,Iyo A.,Iyo,Akira,National Institute of Advanced Industrial Science and Technology,1,False
10.1073/pnas.2101101118,8,55209020500,Ogino H.,Ogino,Hiraku,National Institute of Advanced Industrial Science and Technology,1,False
10.1073/pnas.2101101118,9,57202286282,Kawashima K.,Kawashima,Kenji,"IMRA Japan Co., Ltd.",1,True
10.1073/pnas.2101101118,10,8691296400,Eisterer M.,Eisterer,Michael,TU Wien,1,False
10.1073/pnas.2101101118,11,7005867924,Eisaki H.,Eisaki,Hiroshi,National Institute of Advanced Industrial Science and Technology,1,False
10.1080/00140139.2019.1683616,1,57198249730,Sugawara T.,Sugawara,Tomoko,"Toyota Central R&D Labs., Inc.",1,True
10.1080/00140139.2019.1683616,2,36925901400,Sakai H.,Sakai,Hiroyuki,"Toyota Central R&D Labs., Inc.",1,True
10.1080/00140139.2019.1683616,3,35797191900,Hirata Y.,Hirata,Yutaka,Chubu University,1,False
10.1080/00207543.2024.2416560,1,59400500000,Iwase S.,Iwase,,"Toyota Central R&D Labs., Inc.",1,True
10.1080/01691864.2020.1863260,1,57211049507,Zhu R.,Zhu,Rui,Shinshu University,1,False
10.1080/01691864.2020.1863260,2,37049284800,Nagahama K.,Nagahama,Kotaro,Shinshu University,1,False
10.1080/01691864.2020.1863260,3,57200940265,Takeshita K.,Takeshita,Keisuke,Toyota Motor Corporation,1,True
10.1080/01691864.2020.1863260,4,7402217404,Yamazaki K.,Yamazaki,Kimitoshi,Shinshu University,1,False
10.1080/01691864.2024.2369816,1,57200940265,Takeshita K.,Takeshita,Keisuke,Toyota Motor Corporation,1,True
10.1080/01691864.2024.2369816,2,55619316851,Yamamoto T.,Yamamoto,Takashi,Aichi Institute of Technology,1,False
10.1080/01691864.2024.2391831,1,59287794000,Suwa S.,Suwa,Sotaro,Shinshu University,1,False
10.1080/01691864.2024.2391831,2,57200940265,Takeshita K.,Takeshita,Keisuke,Shinshu University,1,False
10.1080/01691864.2024.2391831,3,7402217404,Yamazaki K.,Yamazaki,Kimitoshi,Toyota Motor Corporation,1,True
10.1080/10255842.2020.1795142,1,55926287500,Atsumi N.,Atsumi,Noritoshi,"Toyota Central R&D Labs., Inc.",1,True
10.1080/10255842.2020.1795142,2,7402584059,Iwamoto M.,Iwamoto,Masami,"Toyota Central R&D Labs., Inc.",1,True
10.1080/10255842.2020.1795142,3,24468685500,Nakahira Y.,Nakahira,Yuko,"Toyota Central R&D Labs., Inc.",1,True
10.1080/10255842.2020.1795142,4,7401728998,Asano Y.,Asano,Yoshitaka,Kizawa Memorial Hospital; Graduate School of Medicine,2,False
10.1080/10255842.2020.1795142,5,7005690958,Shinoda J.,Shinoda,Jun,Kizawa Memorial Hospital; Graduate School of Medicine,2,False
10.1080/10402004.2020.1820123,1,56566715600,Tomota T.,Tomota,Tatsunori,"Toyota Central R&D Labs., Inc.; Kyushu University",2,True
10.1080/10402004.2020.1820123,2,55389377700,Masuda R.,Masuda,Ryo,"Toyota Central R&D Labs., Inc.",1,True
10.1080/10402004.2020.1820123,3,35971695100,Kondoh Y.,Kondoh,Yasuhiro,"Toyota Central R&D Labs., Inc.",1,True
10.1080/10402004.2020.1820123,4,24503698700,Ohmori T.,Ohmori,Toshihide,"Toyota Central R&D Labs., Inc.",1,True
10.1080/10402004.2020.1820123,5,57218537206,Yagi K.,Yagi,Kazuyuki,Kyushu University,2,False
10.1080/14686996.2019.1578183,1,23667872700,Lee J.,Lee,Joohwi,"Toyota Central R&D Labs., Inc.",1,True
10.1080/14686996.2019.1578183,2,9433473000,Ohba N.,Ohba,Nobuko,"Toyota Central R&D Labs., Inc.",1,True
10.1080/14686996.2019.1578183,3,6603791613,Asahi R.,Asahi,Ryoji,"Toyota Central R&D Labs., Inc.",1,True
10.1088/0268-1242/20/7/020,1,7201438056,Cho G.C.,Cho,Gyu Cheon,"IMRA America, Inc.",1,True
10.1088/0268-1242/20/7/020,2,57203808007,Chen H.-T.,Chen,Hou-Tong.,Rensselaer Polytechnic Institute,1,False
10.1088/0268-1242/20/7/020,3,8528600400,Kraatz S.,Kraatz,Simon,Rensselaer Polytechnic Institute,1,False
10.1088/0268-1242/20/7/020,4,6508163357,Karpowicz N.,Karpowicz,Nicholas,Rensselaer Polytechnic Institute,1,False
10.1088/0268-1242/20/7/020,5,7003937854,Kersting R.,Kersting,Roland,Ludwig-Maximilians-Universität München,1,False
10.1088/1361-6668/adcc63,1,11039578700,Iyo A.,Iyo,,National Institute of Advanced Industrial Science and Technology,1,False
10.1088/1361-6668/adcc63,2,7004125383,Fujihisa H.,Fujihisa,,National Institute of Advanced Industrial Science and Technology,1,False
10.1088/1361-6668/adcc63,3,7201963235,Gotoh Y.,Gotoh,,National Institute of Advanced Industrial Science and Technology,1,False
10.1088/1361-6668/adcc63,4,25923470800,Ishida S.,Ishida,,National Institute of Advanced Industrial Science and Technology,1,False
10.1088/1361-6668/adcc63,5,7005867924,Eisaki H.,Eisaki,,National Institute of Advanced Industrial Science and Technology,1,False
10.1088/1361-6668/adcc63,6,55209020500,Ogino H.,Ogino,,National Institute of Advanced Industrial Science and Technology,1,False
10.1088/1361-6668/adcc63,7,57202286282,Kawashima K.,Kawashima,,"National Institute of Advanced Industrial Science and Technology; IMRA Japan Co., Ltd.",2,True
10.1088/1464-4258/7/2/024,1,7003937854,Kersting R.,Kersting,Roland,Ludwig-Maximilians-Universität München,1,False
10.1088/1464-4258/7/2/024,2,57203808007,Chen H.-T.,Chen,Hou-Tong,School of Science,1,False
10.1088/1464-4258/7/2/024,3,6508163357,Karpowicz N.,Karpowicz,Nicholas,School of Science,1,False
10.1088/1464-4258/7/2/024,4,7201438056,Cho G.C.,Cho,Gyu Cheon,IMRA America,1,True
10.1088/1758-5090/abff11,1,57191829704,Hirano M.,Hirano,Minoru,"Harvard Medical School; Toyota Motor North America, Inc.",2,True
10.1088/1758-5090/abff11,2,57224495259,Huang Y.,Huang,Yike,"Harvard Medical School; Institute of Blood Transfusion,Chinese Academy of Medical Sciences& Peking Union Medical College",2,False
10.1088/1758-5090/abff11,3,57215617169,Jarquin D.V.,Jarquin,Daniel Vela,Harvard Medical School; Tecnológico de Monterrey,2,False
10.1088/1758-5090/abff11,4,57214319966,De La Garza Hernandez R.L.,De La Garza Hernández,Rosakaren Ludivina,Harvard Medical School; Tecnológico de Monterrey,2,False
10.1088/1758-5090/abff11,5,57208551546,Jodat Y.A.,Jodat,Yasamin A.,Harvard Medical School,1,False
10.1088/1758-5090/abff11,6,57224562233,Ceron E.L.,Cerón,Eder Luna,Harvard Medical School; Tecnológico de Monterrey,2,False
10.1088/1758-5090/abff11,7,57222030971,Garcia-Rivera L.E.,García-Rivera,Luis Enrique,Harvard Medical School; Tecnológico de Monterrey,2,False
10.1088/1758-5090/abff11,8,7403646810,Shin S.R.,Shin,Su Ryon,Harvard Medical School,1,False
10.1093/dnares/dsi022,1,6506260582,Shigemori Y.,Shigemori,Yasushi,"Kazusa DNA Research Institute; IMRA Japan Co., Ltd.",2,True
10.1093/dnares/dsi022,2,7201660792,Oishi M.,Oishi,Michio,Kazusa DNA Research Institute,1,False
10.1093/nar/gkl350,1,14028460200,Inoue J.,Inoue,Jin,Yokohama City University,1,False
10.1093/nar/gkl350,2,6506260582,Shigemori Y.,Shigemori,Yasushi,"IMRA Japan Co., Ltd.",1,True
10.1093/nar/gkl350,3,7007141508,Mikawa T.,Mikawa,Tsutomu,Riken Harima Institute; Riken Wako Insititute; Yokohama City University,3,False
10.1093/nar/gnh004,1,6506260582,Shigemori Y.,Shigemori,Yasushi,Kazusa DNA Research Institute,1,False
10.1093/nar/gnh004,2,7201660792,Oishi M.,Oishi,Michio,Kazusa DNA Research Institute,1,False
10.1093/nar/gni111,1,6506260582,Shigemori Y.,Shigemori,Yasushi,"Kazusa DNA Research Institute; IMRA Japan Co., Ltd.",2,True
10.1093/nar/gni111,2,7007141508,Mikawa T.,Mikawa,Tsutomu,Riken Harima Institute; Riken Wako Insititute,2,False
10.1093/nar/gni111,3,55850875600,Shibata T.,Shibata,Takehiko,Riken Wako Insititute,1,False
10.1093/nar/gni111,4,7201660792,Oishi M.,Oishi,Michio,Kazusa DNA Research Institute,1,False
10.1101/gr.2789604,1,6506260582,Shigemori Y.,Shigemori,Yasushi,"Kazusa DNA Research Institute; IMRA Japan Co., Ltd.",2,True
10.1101/gr.2789604,2,57196987042,Haruta H.,Haruta,Hirotaka,Res. Inst. Biomolec. Metrol. Co. Ltd,1,False
10.1101/gr.2789604,3,59870648100,Okada T.,Okada,Takao,Res. Inst. Biomolec. Metrol. Co. Ltd,1,False
10.1101/gr.2789604,4,7201660792,Oishi M.,Oishi,Michio,Kazusa DNA Research Institute,1,False
10.1103/physreva.109.033521,1,8344658900,Lee K.F.,Lee,Kevin F.,"IMRA America, Inc.",1,True
10.1103/physreva.109.033521,2,7005467080,Fermann M.E.,Fermann,Martin E.,"IMRA America, Inc.",1,True
10.1103/physrevapplied.18.064069,1,55802291300,Tani F.,Tani,Francesco,Max Planck Institute for the Science of Light,1,False
10.1103/physrevapplied.18.064069,2,57304098400,Lampen J.,Lampen,Jacob,"IMRA America, Inc.",1,True
10.1103/physrevapplied.18.064069,3,57508596900,Butryn M.,Butryn,Martin,Max Planck Institute for the Science of Light,1,False
10.1103/physrevapplied.18.064069,4,6602911483,Frosz M.H.,Frosz,Michael H.,Max Planck Institute for the Science of Light,1,False
10.1103/physrevapplied.18.064069,5,55731799700,Jiang J.,Jiang,Jie,"IMRA America, Inc.",1,True
10.1103/physrevapplied.18.064069,6,7005467080,Fermann M.E.,Fermann,Martin E.,"IMRA America, Inc.",1,True
10.1103/physrevapplied.18.064069,7,35600540200,Russell P.S.J.,Russell,Philip St.J.,Max Planck Institute for the Science of Light,1,False
10.1103/physrevb.107.045116,1,58041100900,Ishida T.,Ishida,Tatsuhiro,Graduate School of Human and Environmental Studies,1,False
10.1103/physrevb.107.045116,2,55325536800,Ootsuki D.,Ootsuki,Daiki,Graduate School of Human and Environmental Studies,1,False
10.1103/physrevb.107.045116,3,25923470800,Ishida S.,Ishida,Shigeyuki,National Institute of Advanced Industrial Science and Technology,1,False
10.1103/physrevb.107.045116,4,56533341700,Kitamura M.,Kitamura,Miho,"High Energy Accelerator Research Organization, Institute of Materials Structure Science",1,False
10.1103/physrevb.107.045116,5,57208064006,Horiba K.,Horiba,Koji,"High Energy Accelerator Research Organization, Institute of Materials Structure Science; National Institutes for Quantum Science and Technology",2,False
10.1103/physrevb.107.045116,6,7401511049,Takagi Y.,Takagi,Yasumasa,Japan Synchrotron Radiation Research Institute,1,False
10.1103/physrevb.107.045116,7,24171990500,Yasui A.,Yasui,Akira,Japan Synchrotron Radiation Research Institute,1,False
10.1103/physrevb.107.045116,8,56243648600,Ikenaga E.,Ikenaga,Eiji,Japan Synchrotron Radiation Research Institute,1,False
10.1103/physrevb.107.045116,9,57202286282,Kawashima K.,Kawashima,Kenji,"National Institute of Advanced Industrial Science and Technology; IMRA Japan Co., Ltd.",2,True
10.1103/physrevb.107.045116,10,7103191679,Yanagi Y.,Yanagi,Yousuke,"National Institute of Advanced Industrial Science and Technology; IMRA Japan Co., Ltd.",2,True
10.1103/physrevb.107.045116,11,11039578700,Iyo A.,Iyo,Akira,National Institute of Advanced Industrial Science and Technology,1,False
10.1103/physrevb.107.045116,12,7005867924,Eisaki H.,Eisaki,Hiroshi,National Institute of Advanced Industrial Science and Technology,1,False
10.1103/physrevb.107.045116,13,57288841600,Yoshida T.,Yoshida,Teppei,Graduate School of Human and Environmental Studies,1,False
10.1103/physrevb.55.15768,1,7102315335,Bolton S.,Bolton,,Lawrence Berkeley National Laboratory,1,False
10.1103/physrevb.55.15768,2,6603890998,Bar-Ad S.,Bar-Ad,,Lawrence Berkeley National Laboratory,1,False
10.1103/physrevb.55.15768,3,22969320600,Sucha G.,Sucha,,Lawrence Berkeley National Laboratory,1,False
10.1103/physrevb.55.15768,4,7102401250,Chemla D.,Chemla,,Lawrence Berkeley National Laboratory,1,False
10.1103/physrevb.55.15768,5,35416187900,Sivco D.,Sivco,,Lucent Technologies,1,False
10.1103/physrevb.55.15768,6,55701265000,Cho A.,Cho,,Lucent Technologies,1,False
10.1103/physrevb.58.16326,1,7102315335,Bolton S.,Bolton,Sarah,"University of California, Berkeley",1,False
10.1103/physrevb.58.16326,2,22969320600,Sucha G.,Sucha,Gregg,"University of California, Berkeley",1,False
10.1103/physrevb.58.16326,3,7102401250,Chemla D.,Chemla,Daniel,"University of California, Berkeley",1,False
10.1103/physrevb.58.16326,4,35416187900,Sivco D.,Sivco,,Lucent Technologies,1,False
10.1103/physrevb.58.16326,5,55701265000,Cho A.,Cho,,Lucent Technologies,1,False
10.1103/physreve.100.052303,1,35606877200,Matsumori T.,Matsumori,Tadayoshi,"Toyota Central R&D Labs., Inc.",1,True
10.1103/physreve.100.052303,2,57211798509,Sakai H.,Sakai,Hiroyuki,"Toyota Central R&D Labs., Inc.",1,True
10.1103/physreve.100.052303,3,7103203284,Aihara K.,Aihara,Kazuyuki,Institute of Industrial Science,1,False
10.1103/physrevlett.121.087202,1,35446091800,Sugiyama J.,Sugiyama,Jun,"Toyota Central R&D Labs., Inc.",1,True
10.1103/physrevlett.121.087202,2,26538413500,Umegaki I.,Umegaki,Izumi,"Toyota Central R&D Labs., Inc.",1,True
10.1103/physrevlett.121.087202,3,55427288600,Nozaki H.,Nozaki,Hiroshi,"Toyota Central R&D Labs., Inc.",1,True
10.1103/physrevlett.121.087202,4,26643335600,Higemoto W.,Higemoto,Wataru,Japan Atomic Energy Agency; Institute of Science Tokyo,2,False
10.1103/physrevlett.121.087202,5,57206324393,Hamada K.,Hamada,Koji,"High Energy Accelerator Research Organization, Tsukuba",1,False
10.1103/physrevlett.121.087202,6,23471336300,Takeshita S.,Takeshita,Soshi,"High Energy Accelerator Research Organization, Tsukuba",1,False
10.1103/physrevlett.121.087202,7,7101613292,Koda A.,Koda,Akihiro,"High Energy Accelerator Research Organization, Tsukuba",1,False
10.1103/physrevlett.121.087202,8,55580452500,Shimomura K.,Shimomura,Koichiro,"High Energy Accelerator Research Organization, Tsukuba",1,False
10.1103/physrevlett.121.087202,9,36844397100,Ninomiya K.,Ninomiya,Kazuhiko,The University of Osaka,1,False
10.1103/physrevlett.121.087202,10,13805668100,Kubo M.K.,Kubo,M. Kenya,International Christian University,1,False
10.1103/physrevlett.132.148201,1,57188959986,Oyama N.,Oyama,Norihiro,"Toyota Central R&D Labs., Inc.",1,True
10.1103/physrevlett.132.148201,2,56496171500,Kawasaki T.,Kawasaki,Takeshi,Nagoya University,1,False
10.1103/physrevlett.132.148201,3,7409317610,Kim K.,Kim,Kang,The University of Osaka,1,False
10.1103/physrevlett.132.148201,4,36519330900,Mizuno H.,Mizuno,Hideyuki,The University of Tokyo,1,False
10.1103/physrevlett.93.267401,1,57203808007,Chen H.-T.,Chen,,Rensselaer Polytechnic Institute,1,False
10.1103/physrevlett.93.267401,2,8528600400,Kraatz S.,Kraatz,,Rensselaer Polytechnic Institute,1,False
10.1103/physrevlett.93.267401,3,7201438056,Cho G.C.,Cho,,"IMRA America, Inc.",1,True
10.1103/physrevlett.93.267401,4,7003937854,Kersting R.,Kersting,,Ludwig-Maximilians-Universität München,1,False
10.1103/physrevmaterials.3.124802,1,11039578700,Iyo A.,Iyo,Akira,National Institute of Advanced Industrial Science and Technology,1,False
10.1103/physrevmaterials.3.124802,2,35465984200,Hase I.,Hase,Izumi,National Institute of Advanced Industrial Science and Technology,1,False
10.1103/physrevmaterials.3.124802,3,7004125383,Fujihisa H.,Fujihisa,Hiroshi,National Institute of Advanced Industrial Science and Technology,1,False
10.1103/physrevmaterials.3.124802,4,7201963235,Gotoh Y.,Gotoh,Yoshito,National Institute of Advanced Industrial Science and Technology,1,False
10.1103/physrevmaterials.3.124802,5,7006199484,Takeshita N.,Takeshita,Nao,National Institute of Advanced Industrial Science and Technology,1,False
10.1103/physrevmaterials.3.124802,6,25923470800,Ishida S.,Ishida,Shigeyuki,National Institute of Advanced Industrial Science and Technology,1,False
10.1103/physrevmaterials.3.124802,7,57211599079,Ninomiya H.,Ninomiya,Hiroki,National Institute of Advanced Industrial Science and Technology,1,False
10.1103/physrevmaterials.3.124802,8,56555651100,Yoshida Y.,Yoshida,Yoshiyuki,National Institute of Advanced Industrial Science and Technology,1,False
10.1103/physrevmaterials.3.124802,9,7005867924,Eisaki H.,Eisaki,Hiroshi,National Institute of Advanced Industrial Science and Technology,1,False
10.1103/physrevmaterials.3.124802,10,57202286282,Kawashima K.,Kawashima,Kenji,"National Institute of Advanced Industrial Science and Technology; IMRA Japan Co., Ltd.",2,True
10.1109/2944.571759,1,22969320600,Sucha G.,Sucha,Gregg,"IMRA America, Inc.; University of Nebraska–Lincoln; University of Rochester Institute of Optics; Nokia Bell Labs; Lawrence Berkeley National Laboratory; IMRA; Optical Society of America",7,True
10.1109/2944.571759,2,7005467080,Fermann M.E.,Fermann,Martin E.,"IMRA America, Inc.; IMRA; Optical Society of America; University of Southampton; TU Wien; Telcordia Technologies, Inc.",6,True
10.1109/2944.571759,3,7005776610,Harter D.J.,Harter,Donald J.,"IMRA America, Inc.",1,True
10.1109/2944.571759,4,7202450206,Hofer M.,Hofer,Martin,TU Wien,1,False
10.1109/2944.974221,1,7003316887,Galvanauskas A.,Galvanauskas,Almantas,Michigan Engineering,1,False
10.1109/3.124997,1,7202450206,Hofer M.,Hofer,,TU Wien,1,False
10.1109/3.124997,2,57208763705,Ober M.H.,Ober,,TU Wien,1,False
10.1109/3.124997,3,7005556225,Haberl F.,Haberl,,TU Wien,1,False
10.1109/3.124997,4,7005467080,Fermann M.E.,Fermann,,TU Wien,1,False
10.1109/3.239,1,57202967863,Bado P.,Bado,Philippe,University of Rochester Laboratory for Laser Energetics,1,False
10.1109/3.239,2,6603061423,Pessot M.,Pessot,Maurice,University of Rochester Laboratory for Laser Energetics,1,False
10.1109/3.239,3,7006753769,Squier J.,Squier,Jeff,University of Rochester Laboratory for Laser Energetics,1,False
10.1109/3.239,4,7102620818,Mourou G.A.,Mourou,Gerard A.,University of Rochester Laboratory for Laser Energetics,1,False
10.1109/3.239,5,7005776610,Harter D.J.,Harter,Donald J.,Honeywell International Inc.,1,False
10.1109/4.628738,1,7003652356,Nati S.,Nati,Sal,"IEEE; IMRA America, Inc.; Syracuse University; General Electric Company; GE Global Research",7,True
10.1109/4.628738,2,6507675066,Kyles I.,Kyles,Ian,"IEEE; Qorvo, Inc; University of Waterloo; Nortel Networks",5,False
10.1109/68.705605,1,7202450206,Hofer M.,Hofer,,"IMRA America, Inc.",1,True
10.1109/68.705605,2,7005467080,Fermann M.E.,Fermann,,"IMRA America, Inc.",1,True
10.1109/68.705605,3,23003948200,Goldberg L.,Goldberg,,U.S. Naval Research Laboratory,1,False
10.1109/68.766773,1,7202450206,Hofer M.,Hofer,,"IMRA America, Inc.",1,True
10.1109/68.766773,2,7005467080,Fermann M.E.,Fermann,,"IMRA America, Inc.",1,True
10.1109/68.766773,3,7003316887,Galvanauskas A.,Galvanauskas,,"IMRA America, Inc.",1,True
10.1109/68.766773,4,7005776610,Harter D.,Harter,,"IMRA America, Inc.",1,True
10.1109/68.766773,5,35512998300,Windeler R.S.,Windeler,,Lucent Technologies,1,False
10.1109/access.2021.3091757,1,8614628800,Ohama Y.,Ohama,Yoshihiro,"Toyota Central R&D Labs., Inc.",1,True
10.1109/access.2021.3091757,2,57304632400,Tanaka K.,Tanaka,Kakeru,Toyohashi University of Technology,1,False
10.1109/access.2021.3091757,3,57280131200,Yasuda H.,Yasuda,Hiroshi,"Toyota Central R&D Labs., Inc.",1,True
10.1109/access.2021.3091757,4,57304632500,Obata K.,Obata,Kainosuke,Toyohashi University of Technology,1,False
10.1109/access.2021.3091757,5,6603605190,Fukumura N.,Fukumura,Naohiro,Toyohashi University of Technology,1,False
10.1109/cleo.1998.676035,1,22969320600,Sucha G.,Sucha,,"IMRA America, Inc.",1,True
10.1109/cleo.1998.676035,2,7005467080,Fermann M.E.,Fermann,,"IMRA America, Inc.",1,True
10.1109/cleo.1998.676035,3,7005776610,Harter D.J.,Harter,,"IMRA America, Inc.",1,True
10.1109/cleo.1998.676037,1,7005467080,Fermann M.E.,Fermann,,"IMRA America, Inc.",1,True
10.1109/cleo.1998.676037,2,7003316887,Galvanauskas A.,Galvanauskas,,"IMRA America, Inc.",1,True
10.1109/cleo.1998.676037,3,7005776610,Harter D.,Harter,,"IMRA America, Inc.",1,True
10.1109/cleo.1998.676304,1,7003316887,Galvanauskas A.,Galvanauskas,,"IMRA America, Inc.",1,True
10.1109/cleo.1998.676304,2,7003569019,Heaney A.,Heaney,,"IMRA America, Inc.",1,True
10.1109/cleo.1998.676304,3,7006545562,Erdogan T.,Erdogan,,"IMRA America, Inc.",1,True
10.1109/cleo.1998.676304,4,7005776610,Harter D.,Harter,,"IMRA America, Inc.",1,True
10.1109/cleo.1998.676310,1,6506103000,Galvanauskas B.,Galvanauskas,,"IMRA America, Inc.",1,True
10.1109/cleo.1998.676310,2,7005467080,Fermann M.E.,Fermann,,"IMRA America, Inc.",1,True
10.1109/cleo.1998.676310,3,57204403006,Arbore M.A.,Arbore,,"IMRA America, Inc.",1,True
10.1109/cleo.1998.676310,4,7004290992,Minelly J.D.,Minelly,,"IMRA America, Inc.",1,True
10.1109/cleo.1998.676310,5,6603940694,Caplen J.E.,Caplen,,"IMRA America, Inc.",1,True
10.1109/cleo.1998.676310,6,35227187900,Fejer M.M.,Fejer,,"IMRA America, Inc.",1,True
10.1109/cleo.1998.676310,7,7005776610,Harter D.,Harter,,"IMRA America, Inc.",1,True
10.1109/cleo.2000.906678,1,7005467080,Fermann M.E.,Fermann,,"IMRA America, Inc.",1,True
10.1109/cleo.2000.906678,2,7006614570,Thomsen B.C.,Thomsen,,"IMRA America, Inc.",1,True
10.1109/cleo.2000.906678,3,7102008767,Dudley J.M.,Dudley,,"IMRA America, Inc.",1,True
10.1109/cleo.2000.906678,4,55971611800,Harvey J.D.,Harvey,,"IMRA America, Inc.",1,True
10.1109/cleo.2000.906754,1,7005467080,Fermann M.E.,Fermann,,"IMRA America, Inc.",1,True
10.1109/cleo.2000.906754,2,35966651800,Stock M.L.,Stock,,"IMRA America, Inc.",1,True
10.1109/cleo.2000.906754,3,7003316887,Galvanauskas A.,Galvanauskas,,"IMRA America, Inc.",1,True
10.1109/cleo.2000.906754,4,6603931112,Hariharan A.,Hariharan,,"IMRA America, Inc.",1,True
10.1109/cleo.2000.906754,5,22969320600,Sucha G.,Sucha,,"IMRA America, Inc.",1,True
10.1109/cleo.2000.906754,6,7005776610,Harter D.,Harter,,"IMRA America, Inc.",1,True
10.1109/cleo.2000.906754,7,23003948200,Goldberg L.,Goldberg,,"IMRA America, Inc.",1,True
10.1109/cleo.2000.907166,1,7003316887,Galvanauskas A.,Galvanauskas,,"IMRA America, Inc.",1,True
10.1109/cleo.2000.907166,2,6603931112,Hariharan A.,Hariharan,,"IMRA America, Inc.",1,True
10.1109/cleo.2000.907166,3,6701454615,Raksi F.,Raksi,,"IMRA America, Inc.",1,True
10.1109/cleo.2000.907166,4,35265445000,Wong K.K.,Wong,,"IMRA America, Inc.",1,True
10.1109/cleo.2000.907166,5,7005776610,Harter D.,Harter,,"IMRA America, Inc.",1,True
10.1109/cleo.2000.907166,6,6603758756,Imeshev G.,Imeshev,,"IMRA America, Inc.",1,True
10.1109/cleo.2000.907166,7,35227187900,Fejer M.M.,Fejer,,"IMRA America, Inc.",1,True
10.1109/cleo.2001.947386,1,7003316887,Galvanauskas A.,Galvanauskas,,"IMRA America, Inc.",1,True
10.1109/cleo.2001.947386,2,6507924314,Sartania Z.,Sartania,,"IMRA America, Inc.",1,True
10.1109/cleo.2001.947386,3,57196510117,Bischoff M.,Bischoff,,"IMRA America, Inc.",1,True
10.1109/cleo.2001.947543,1,7401439952,Ono S.,Ono,,National Institutes of Natural Sciences - Institute for Molecular Science,1,False
10.1109/cleo.2001.947543,2,57830222100,Tsukamoto T.,Tsukamoto,,National Institutes of Natural Sciences - Institute for Molecular Science,1,False
10.1109/cleo.2001.947543,3,57201962416,Suzuki Y.,Suzuki,,National Institutes of Natural Sciences - Institute for Molecular Science,1,False
10.1109/cleo.2001.947543,4,7202053564,Ohtake H.,Ohtake,,National Institutes of Natural Sciences - Institute for Molecular Science,1,False
10.1109/cleo.2001.947543,5,56251140500,Sarukura N.,Sarukura,,National Institutes of Natural Sciences - Institute for Molecular Science,1,False
10.1109/cleo.2001.947543,6,59082436300,Nakanishi A.,Nakanishi,,National Institutes of Natural Sciences - Institute for Molecular Science,1,False
10.1109/cleo.2001.947543,7,57220487751,Nishizawa S.,Nishizawa,,National Institutes of Natural Sciences - Institute for Molecular Science,1,False
10.1109/cleo.2001.947543,8,35966651800,Stock M.L.,Stock,,National Institutes of Natural Sciences - Institute for Molecular Science,1,False
10.1109/cleo.2001.947543,9,57206882434,Yoshida M.,Yoshida,,National Institutes of Natural Sciences - Institute for Molecular Science,1,False
10.1109/cleo.2001.947543,10,35580048600,Endert H.,Endert,,National Institutes of Natural Sciences - Institute for Molecular Science,1,False
10.1109/cleo.2001.947702,1,55732609300,Xu L.,Xu,,Georgia Institute of Technology,1,False
10.1109/cleo.2001.947702,2,9843220700,Gu X.,Gu,,Georgia Institute of Technology,1,False
10.1109/cleo.2001.947702,3,7006669311,Kimmel M.,Kimmel,,Georgia Institute of Technology,1,False
10.1109/cleo.2001.947702,4,57224792421,O'Shea P.,O'Shea,,Georgia Institute of Technology,1,False
10.1109/cleo.2001.947702,5,7006038251,Trebino R.,Trebino,,Georgia Institute of Technology,1,False
10.1109/cleo.2001.947702,6,7003316887,Galvanauskas A.,Galvanauskas,,Georgia Institute of Technology,1,False
10.1109/cleo.2005.201888,1,6603758756,Imeshev G.,Imeshev,,"IMRA America, Inc.; The University of Sydney",2,True
10.1109/cleo.2005.201888,2,7005467080,Fermann M.E.,Fermann,,"IMRA America, Inc.; The University of Sydney",2,True
10.1109/cleo.2005.201888,3,35737112900,Jackson S.D.,Jackson,,"IMRA America, Inc.; The University of Sydney",2,True
10.1109/cleo.2005.202229,1,57221433804,Liu Z.,Liu,,"IMRA America, Inc.",1,True
10.1109/cleo.2005.202229,2,7006451326,Shah L.,Shah,,"IMRA America, Inc.",1,True
10.1109/cleo.2005.202229,3,7003288655,Hartl I.,Hartl,,"IMRA America, Inc.",1,True
10.1109/cleo.2005.202229,4,7201438056,Cho G.C.,Cho,,"IMRA America, Inc.",1,True
10.1109/cleo.2005.202229,5,7005467080,Fermann M.E.,Fermann,,"IMRA America, Inc.",1,True
10.1109/cleo.2005.202230,1,6603758756,Imeshev G.,Imeshev,,"IMRA America, Inc.",1,True
10.1109/cleo.2005.202230,2,7003288655,Hartl I.,Hartl,,"IMRA America, Inc.",1,True
10.1109/cleo.2005.202230,3,7005467080,Fermann M.E.,Fermann,,"IMRA America, Inc.",1,True
10.1109/cleo.2005.202407,1,8688491900,Eaton S.M.,Eaton,Shane M.,University of Toronto,1,False
10.1109/cleo.2005.202407,2,55839675100,Zhang H.,Zhang,Haibin,University of Toronto,1,False
10.1109/cleo.2005.202407,3,7201563433,Herman P.R.,Herman,Peter R.,University of Toronto,1,False
10.1109/cleo.2005.202407,4,7005835902,Yoshino F.,Yoshino,Fumiyo,"IMRA America, Inc.",1,True
10.1109/cleo.2005.202407,5,7006451326,Shah L.,Shah,Lawrence,"IMRA America, Inc.",1,True
10.1109/cleo.2005.202407,6,8688491800,Arai A.Y.,Arai,Alan Y.,"IMRA America, Inc.",1,True
10.1109/cleo.2006.4627644,1,7006451326,Shah L.,Shah,,"IMRA America, Inc.",1,True
10.1109/cleo.2006.4627644,2,57221433804,Liu Z.,Liu,,"IMRA America, Inc.",1,True
10.1109/cleo.2006.4627644,3,7003288655,Hartl I.,Hartl,,"IMRA America, Inc.",1,True
10.1109/cleo.2006.4627644,4,7201438056,Cho G.C.,Cho,,"IMRA America, Inc.",1,True
10.1109/cleo.2006.4627644,5,7005467080,Fermann M.E.,Fermann,,"IMRA America, Inc.",1,True
10.1109/cleo.2006.4627715,1,20434781200,Reichman W.J.,Reichman,Wilbur J.,"University of California, Davis; Lawrence Livermore National Laboratory",2,False
10.1109/cleo.2006.4627715,2,7003268409,Krol D.M.,Krol,Denise M.,"University of California, Davis; Lawrence Livermore National Laboratory",2,False
10.1109/cleo.2006.4627715,3,7006451326,Shah L.,Shah,Lawrence,"IMRA America, Inc.",1,True
10.1109/cleo.2006.4627715,4,7005835902,Yoshino F.,Yoshino,Fumiyo,"IMRA America, Inc.",1,True
10.1109/cleo.2006.4627715,5,8688491800,Aral A.,Aral,Alan,"IMRA America, Inc.",1,True
10.1109/cleo.2006.4627715,6,8688491900,Eaton S.M.,Eaton,Shane M.,University of Toronto,1,False
10.1109/cleo.2006.4627715,7,7201563433,Herman P.R.,Herman,Peter R.,University of Toronto,1,False
10.1109/cleo.2006.4627978,1,6503899187,Bovatsek J.,Bovatsek,Jim,"IMRA America, Inc.",1,True
10.1109/cleo.2006.4627978,2,8688491800,Arai A.,Arai,Alan,"IMRA America, Inc.",1,True
10.1109/cleo.2006.4627978,3,7006462978,Schaffer C.B.,Schaffer,Chris B.,Cornell University College of Engineering,1,False
10.1109/cleo.2006.4628179,1,25638660900,Shah I.H.L.,Shah,I. Hartl L.,"IMRA America, Inc.",1,True
10.1109/cleo.2006.4628179,2,57221433804,Liu Z.,Liu,,"IMRA America, Inc.",1,True
10.1109/cleo.2006.4628179,3,6603758756,Imeshev G.,Imeshev,,"IMRA America, Inc.",1,True
10.1109/cleo.2006.4628179,4,7201438056,Cho G.,Cho,,"IMRA America, Inc.",1,True
10.1109/cleo.2006.4628179,5,7005467080,Fermann M.E.,Fermann,,"IMRA America, Inc.",1,True
10.1109/cleo.2006.4628204,1,35495413600,Vodopyanov K.L.,Vodopyanov,,Ginzton Laboratory,1,False
10.1109/cleo.2006.4628204,2,6603758756,Imeshev G.,Imeshev,,"IMRA America, Inc.",1,True
10.1109/cleo.2006.4628204,3,7005467080,Fermann M.E.,Fermann,,"IMRA America, Inc.",1,True
10.1109/cleo.2006.4628204,4,15766408600,Schaar J.,Schaar,,Ginzton Laboratory,1,False
10.1109/cleo.2006.4628204,5,35227187900,Fejer M.M.,Fejer,,Ginzton Laboratory,1,False
10.1109/cleo.2006.4628204,6,52763935400,Yu X.,Yu,,Stanford University,1,False
10.1109/cleo.2006.4628204,7,7202257193,Harris J.S.,Harris,,Stanford University,1,False
10.1109/cleo.2006.4628204,8,7102454916,Bliss D.,Bliss,,Hanscom AFB,1,False
10.1109/cleo.2006.4628204,9,6602089275,Weyburne D.,Weyburne,,Hanscom AFB,1,False
10.1109/cleo.2006.4628210,1,7003288655,Hartl I.,Hartl,,"IMRA America, Inc.",1,True
10.1109/cleo.2006.4628210,2,7005467080,Fermann M.E.,Fermann,,"IMRA America, Inc.",1,True
10.1109/cleo.2006.4628210,3,6602878168,Langrock C.,Langrock,,Ginzton Laboratory,1,False
10.1109/cleo.2006.4628210,4,35227187900,Fejer M.M.,Fejer,,Ginzton Laboratory,1,False
10.1109/cleo.2006.4628211,1,7003288655,Hartl I.,Hartl,,"IMRA America, Inc.",1,True
10.1109/cleo.2006.4628211,2,7005467080,Fermann M.E.,Fermann,,"IMRA America, Inc.",1,True
10.1109/cleo.2006.4628211,3,6602878168,Langrock C.,Langrock,,Ginzton Laboratory,1,False
10.1109/cleo.2006.4628211,4,35227187900,Fejer M.M.,Fejer,,Ginzton Laboratory,1,False
10.1109/cleo.2006.4628211,5,55625861500,Nicholson J.W.,Nicholson,,OFS Laboratories,1,False
10.1109/cleo.2006.4628211,6,7007145015,Digiovanni D.J.,Digiovanni,,OFS Laboratories,1,False
10.1109/cleo.2007.4453030,1,6602878168,Langrock C.,Langrock,,Ginzton Laboratory,1,False
10.1109/cleo.2007.4453030,2,35227187900,Fejer M.M.,Fejer,,Ginzton Laboratory,1,False
10.1109/cleo.2007.4453030,3,7003288655,Hartl I.,Hartl,,"IMRA America, Inc.",1,True
10.1109/cleo.2007.4453030,4,7005467080,Fermann M.E.,Fermann,,"IMRA America, Inc.",1,True
10.1109/dicta51227.2020.9363373,1,55358297600,Takeyama K.,Takeyama,Kojiro,"Toyota Central R&D Labs., Inc.",1,True
10.1109/ecce.2019.8911846,1,55774295800,Ishigaki M.,Ishigaki,Masanori,"Toyota Central R&D Labs., Inc.",1,True
10.1109/ecce.2019.8911846,2,57212472269,Ishikawa K.,Ishikawa,Keisuke,"Toyota Central R&D Labs., Inc.",1,True
10.1109/ecce.2019.8911846,3,57212478306,Kusakabe M.,Kusakabe,Makoto,"Toyota Central R&D Labs., Inc.",1,True
10.1109/ecce.2019.8911846,4,55885030900,Tahara K.,Tahara,Kosuke,"Toyota Central R&D Labs., Inc.",1,True
10.1109/ecoc.2008.4729557,1,7005849033,McKay H.A.,McKay,Hugh A.,"IMRA America, Inc.",1,True
10.1109/ecoc.2008.4729557,2,56036338800,Fu L.,Fu,Libin,"IMRA America, Inc.",1,True
10.1109/ecoc.2008.4729557,3,7402561185,Dong L.,Dong,Liang,"IMRA America, Inc.",1,True
10.1109/globecom38437.2019.9013198,1,55586839000,Sasaki K.,Sasaki,Kengo,The University of Tokyo,1,False
10.1109/globecom38437.2019.9013198,2,6602430593,Makido S.,Makido,Satoshi,,0,False
10.1109/globecom38437.2019.9013198,3,35254032500,Nakao A.,Nakao,Akihiro,The University of Tokyo,1,False
10.1109/icassp40776.2020.9054121,1,57208439594,Kawano K.,Kawano,Keisuke,Toyota Central Rd Labs. Inc.,1,True
10.1109/icassp40776.2020.9054121,2,36986980000,Kutsuna T.,Kutsuna,Takuro,Toyota Central Rd Labs. Inc.,1,True
10.1109/icassp40776.2020.9054121,3,57190489621,Koide S.,Koide,Satoshi,Toyota Central Rd Labs. Inc.,1,True
10.1109/icimw.2006.368520,1,57217401922,Han P.Y.,Han,,Zhongyuan University of Technology,1,False
10.1109/icimw.2006.368520,2,22969320600,Sucha G.,Sucha,,"IMRA America, Inc.",1,True
10.1109/icimw.2006.368520,3,7005776610,Harter D.,Harter,,"IMRA America, Inc.",1,True
10.1109/icimw.2006.368520,4,7003316887,Galvanauskas A.,Galvanauskas,,"IMRA America, Inc.",1,True
10.1109/icimw.2006.368520,5,57199162668,Li M.,Li,,Applied Materials Incorporated,1,False
10.1109/icimw.2006.368520,6,7410280543,Zhang X.-C.,Zhang,,Center for Terahertz Research,1,False
10.1109/icra46639.2022.9811768,1,57219843064,Oishi K.,Oishi,Koshi,"Toyota Central R&D Labs., Inc.",1,True
10.1109/icra46639.2022.9811768,2,7101803342,Amano Y.,Amano,Yasushi,"Toyota Central R&D Labs., Inc.",1,True
10.1109/icra46639.2022.9811768,3,34872427700,Jimbo T.,Jimbo,Tomohiko,Toyota Motor Corporation,1,True
10.1109/icra46639.2022.9812301,1,55885030900,Tahara K.,Tahara,Kosuke,"Toyota Central R&D Labs., Inc.",1,True
10.1109/icra46639.2022.9812301,2,7103121968,Hirose N.,Hirose,Noriaki,"Toyota Central R&D Labs., Inc.",1,True
10.1109/icra48506.2021.9560776,1,7103121968,Hirose N.,Hirose,Noriaki,"Toyota Central R&D Labs., Inc.",1,True
10.1109/icra48506.2021.9560776,2,57190489621,Koide S.,Koide,Satoshi,"Toyota Central R&D Labs., Inc.",1,True
10.1109/icra48506.2021.9560776,3,57208439594,Kawano K.,Kawano,Keisuke,"Toyota Central R&D Labs., Inc.",1,True
10.1109/icra48506.2021.9560776,4,55354221200,Kondo R.,Kondo,Ruho,"Toyota Central R&D Labs., Inc.",1,True
10.1109/icra48506.2021.9561274,1,57196095607,Shibata K.,Shibata,Kazuki,"Toyota Central R&D Labs., Inc.; Nara Institute of Science and Technology",2,True
10.1109/icra48506.2021.9561274,2,34872427700,Jimbo T.,Jimbo,Tomohiko,"Toyota Central R&D Labs., Inc.",1,True
10.1109/icra48506.2021.9561274,3,10242801500,Matsubara T.,Matsubara,Takamitsu,Nara Institute of Science and Technology,1,False
10.1109/iros45743.2020.9341184,1,57215359112,Mori D.,Mori,Daiki,"Toyota Central R&D Labs., Inc.",1,True
10.1109/iros45743.2020.9341184,2,57205839014,Hattori Y.,Hattori,Yoshikazu,"Toyota Central R&D Labs., Inc.",1,True
10.1109/iros47612.2022.9981958,1,57219973837,Niwa T.,Niwa,Takahiro,"Toyota Central R&D Labs., Inc.",1,True
10.1109/iros47612.2022.9981958,2,23981581100,Taguchi S.,Taguchi,Shun,"Toyota Central R&D Labs., Inc.",1,True
10.1109/iros47612.2022.9981958,3,7103121968,Hirose N.,Hirose,Noriaki,"Toyota Central R&D Labs., Inc.",1,True
10.1109/iros47612.2022.9982213,1,23981581100,Taguchi S.,Taguchi,Shun,"Toyota Central R&D Labs., Inc.",1,True
10.1109/iros47612.2022.9982213,2,7103121968,Hirose N.,Hirose,Noriaki,"Toyota Central R&D Labs., Inc.",1,True
10.1109/iros55552.2023.10342107,1,57219971131,Deguchi H.,Deguchi,Hideki,"Toyota Central R&D Labs., Inc.",1,True
10.1109/iros55552.2023.10342107,2,23981581100,Taguchi S.,Taguchi,Shun,"Toyota Central R&D Labs., Inc.",1,True
10.1109/iros55552.2023.10342107,3,57196095607,Shibata K.,Shibata,Kazuki,"Toyota Central R&D Labs., Inc.",1,True
10.1109/iros55552.2023.10342107,4,57190489621,Koide S.,Koide,Satoshi,"Toyota Central R&D Labs., Inc.",1,True
10.1109/iros58592.2024.10802597,1,57221329446,Makino H.,Makino,Hiroya,"Toyota Central R&D Labs., Inc.",1,True
10.1109/iros58592.2024.10802597,2,56640312800,Ito S.,Ito,Seigo,"Toyota Central R&D Labs., Inc.",1,True
10.1109/iros58592.2024.10803053,1,57221329446,Makino H.,Makino,Hiroya,"Toyota Central R&D Labs., Inc.",1,True
10.1109/iros58592.2024.10803053,2,8614628800,Ohama Y.,Ohama,Yoshihiro,"Toyota Central R&D Labs., Inc.",1,True
10.1109/iros58592.2024.10803053,3,56640312800,Ito S.,Ito,Seigo,"Toyota Central R&D Labs., Inc.",1,True
10.1109/itsc.2019.8917112,1,56150704300,Okoso A.,Okoso,Ayano,"Toyota Central R&D Labs., Inc.",1,True
10.1109/itsc.2019.8917112,2,55513185800,Otaki K.,Otaki,Keisuke,"Toyota Central R&D Labs., Inc.",1,True
10.1109/itsc.2019.8917112,3,57205550400,Nishi T.,Nishi,Tomoki,"Toyota Central R&D Labs., Inc.",1,True
10.1109/itsc45102.2020.9294281,1,57205550400,Nishi T.,Nishi,Tomoki,"Toyota Central R&D Labs., Inc.",1,True
10.1109/itsc45102.2020.9294281,2,55513185800,Otaki K.,Otaki,Keisuke,"Toyota Central R&D Labs., Inc.",1,True
10.1109/itsc45102.2020.9294281,3,56150704300,Okoso A.,Okoso,Ayano,"Toyota Central R&D Labs., Inc.",1,True
10.1109/itsc45102.2020.9294281,4,7006390863,Fukunaga A.,Fukunaga,Alex,The University of Tokyo,1,False
10.1109/itsc45102.2020.9294582,1,55885030900,Tahara K.,Tahara,Kosuke,"Toyota Central R&D Labs., Inc.",1,True
10.1109/itsc45102.2020.9294582,2,57212472269,Ishikawa K.,Ishikawa,Keisuke,"Toyota Central R&D Labs., Inc.",1,True
10.1109/itsc45102.2020.9294582,3,55774295800,Ishigaki M.,Ishigaki,Masanori,"Toyota Central R&D Labs., Inc.",1,True
10.1109/itsc55140.2022.9921784,1,57195421375,Owaki T.,Owaki,Takashi,"Toyota Central R&D Labs., Inc.",1,True
10.1109/itsc55140.2022.9921784,2,59048082500,MacHida T.,MacHida,Takashi,"Toyota Central R&D Labs., Inc.",1,True
10.1109/itsc55140.2022.9922035,1,56150704300,Okoso A.,Okoso,Ayano,"Toyota Central R&D Labs., Inc.",1,True
10.1109/itsc55140.2022.9922035,2,55513185800,Otaki K.,Otaki,Keisuke,"Toyota Central R&D Labs., Inc.",1,True
10.1109/itsc55140.2022.9922035,3,57190489621,Koide S.,Koide,Satoshi,"Toyota Central R&D Labs., Inc.",1,True
10.1109/itsc55140.2022.9922035,4,57205550400,Nishi T.,Nishi,Tomoki,"Toyota Central R&D Labs., Inc.",1,True
10.1109/jlt.2008.925685,1,7402561185,Dong L.,Dong,Liang,"IMRA America, Inc.",1,True
10.1109/jphot.2021.3079933,1,55114601300,Shimogaki T.,Shimogaki,Tetsuya,"Toyota Central R&D Labs., Inc.",1,True
10.1109/jphot.2021.3079933,2,57223440051,Fukushima H.,Fukushima,Hikaru,"Toyota Central R&D Labs., Inc.",1,True
10.1109/jphot.2021.3079933,3,57205656916,Inoue D.,Inoue,Daisuke,"Toyota Central R&D Labs., Inc.",1,True
10.1109/jphot.2021.3079933,4,35778054000,Ichikawa T.,Ichikawa,Tadashi,"Toyota Central R&D Labs., Inc.",1,True
10.1109/jphot.2021.3079933,5,34979565400,Yamashita T.,Yamashita,Tatsuya,"Toyota Central R&D Labs., Inc.",1,True
10.1109/jphot.2023.3325088,1,56308236300,Tetsumoto T.,Tetsumoto,Tomohiro,National Institute of Information and Communications Technology,1,False
10.1109/jphot.2023.3325088,2,55401164500,Rolland A.,Rolland,Antoine,IMRA America Inc.,1,True
10.1109/jqe.2004.831633,1,7402561185,Dong L.,Dong,Liang,"IMRA America, Inc.",1,True
10.1109/jqe.2004.831633,2,7006647732,Fortier S.,Fortier,Simon,Polytechnique Montréal,1,False
10.1109/jqe.2026.3652530,1,57203894557,Greenberg J.,Greenberg,James,"IMRA America, Inc.",1,True
10.1109/jqe.2026.3652530,2,57189222179,Heffernan B.M.,Heffernan,Brendan M.,"IMRA America, Inc.",1,True
10.1109/jqe.2026.3652530,3,57192118888,McGrew W.F.,McGrew,William F.,"IMRA America, Inc.",1,True
10.1109/jqe.2026.3652530,4,55401164500,Rolland A.,Rolland,Antoine,"IMRA America, Inc.",1,True
10.1109/jstqe.2007.896096,1,7006451326,Shah L.,Shah,Lawrence,"IMRA America, Inc.",1,True
10.1109/jstqe.2007.896096,2,7005467080,Fermann M.,Fermann,Martin,"IMRA America, Inc.",1,True
10.1109/leosst.1992.697422,1,35416950700,Weiner A.M.,Weiner,,"Telcordia Technologies, Inc.",1,False
10.1109/leosst.1992.697422,2,57209450853,Dasilva V.L.,Dasilva,,"Telcordia Technologies, Inc.",1,False
10.1109/leosst.1992.697422,3,7005467080,Fermann M.E.,Fermann,,"Telcordia Technologies, Inc.",1,False
10.1109/leosst.1992.697422,4,7003592322,Leaird D.E.,Leaird,,"Telcordia Technologies, Inc.",1,False
10.1109/leosst.1992.697422,5,7004608459,Paek E.G.,Paek,,"Telcordia Technologies, Inc.",1,False
10.1109/leosst.1992.697422,6,7003577475,Reitze D.H.,Reitze,,"Telcordia Technologies, Inc.",1,False
10.1109/leosst.1992.697422,7,57189999818,Silberberg Y.,Silberberg,,"Telcordia Technologies, Inc.",1,False
10.1109/leosst.1992.697422,8,57218079927,Smith D.A.,Smith,,"Telcordia Technologies, Inc.",1,False
10.1109/lpt.2002.1021998,1,6701741305,Jungerman R.L.,Jungerman,,IEEE; Agilent Technologies,2,False
10.1109/lpt.2002.1021998,2,56326046100,Lee G.,Lee,,Agilent Technologies,1,False
10.1109/lpt.2002.1021998,3,6602880189,Buccafusca O.,Buccafusca,,IEEE; Agilent Technologies,2,False
10.1109/lpt.2002.1021998,4,57208492467,Kaneko Y.,Kaneko,,IEEE; Agilent Technologies,2,False
10.1109/lpt.2002.1021998,5,7005515080,Itagaki N.,Itagaki,,Agilent Technologies,1,False
10.1109/lpt.2002.1021998,6,57205005112,Shioda R.,Shioda,,Agilent Technologies,1,False
10.1109/lpt.2002.1021998,7,7202253446,Harada A.,Harada,,FUJIFILM Corporation,1,False
10.1109/lpt.2002.1021998,8,7006655860,Nihei Y.,Nihei,,FUJIFILM Corporation,1,False
10.1109/lpt.2002.1021998,9,22969320600,Sucha G.,Sucha,,"IMRA America, Inc.",1,True
10.1109/lsp.2018.2816579,1,57193412205,Nobunaga T.,Nobunaga,Tatsuya,"Toyota Central R&D Labs., Inc.",1,True
10.1109/lsp.2018.2816579,2,57205758604,Tanaka H.,Tanaka,Hiroya,"Toyota Central R&D Labs., Inc.",1,True
10.1109/lsp.2018.2816579,3,8902896000,Tadokoro Y.,Tadokoro,Yukihiro,"Toyota Central R&D Labs., Inc.",1,True
10.1109/tac.2018.2876793,1,56739624300,Ito Y.,Ito,Yuji,"Toyota Central R&D Labs., Inc.",1,True
10.1109/tac.2018.2876793,2,7403304242,Fujimoto K.,Fujimoto,Kenji,Kyoto University,1,False
10.1109/tac.2018.2876793,3,8902896000,Tadokoro Y.,Tadokoro,Yukihiro,"Toyota Central R&D Labs., Inc.",1,True
10.1109/tac.2018.2876793,4,7402915094,Yoshimura T.,Yoshimura,Takayoshi,"Toyota Central R&D Labs., Inc.",1,True
10.1109/tac.2024.3462532,1,56739624300,Ito Y.,Ito,Yuji,"Toyota Central R&D Labs., Inc.",1,True
10.1109/tac.2024.3462532,2,7403304242,Fujimoto K.,Fujimoto,Kenji,Graduate School of Engineering,1,False
10.1109/tasc.2023.3238293,1,7501462567,Nakamura T.,Nakamura,Taketsune,Graduate School of Engineering,1,False
10.1109/tasc.2023.3238293,2,57203969037,Yoshikawa M.,Yoshikawa,Masaaki,"IMRA Japan Co., Ltd.",1,True
10.1109/tasc.2023.3238293,3,36987713900,Terazawa T.,Terazawa,Toshihisa,"IMRA Japan Co., Ltd.",1,True
10.1109/tasc.2023.3238293,4,57217420545,Matsuki K.,Matsuki,Kenjiro,Graduate School of Engineering,1,False
10.1109/tasc.2023.3238293,5,57204920610,Gao Y.,Gao,Yunfei,Graduate School of Engineering,1,False
10.1109/tasc.2023.3238293,6,7102228540,Kiss T.,Kiss,Takanobu,Kyushu University,1,False
10.1109/tasc.2023.3244118,1,55535525200,Ogawa J.,Ogawa,Jun,Niigata University,1,False
10.1109/tasc.2023.3244118,2,7201670371,Fukui S.,Fukui,Satoshi,Niigata University,1,False
10.1109/tasc.2023.3244118,3,58128215000,Nabeya T.,Nabeya,Tomohiro,Niigata University,1,False
10.1109/tasc.2023.3244118,4,58127300600,Toshima K.,Toshima,Kazuhiko,Niigata University,1,False
10.1109/tasc.2023.3244118,5,7103191679,Yanagi Y.,Yanagi,Yousuke,"IMRA Japan Co., Ltd.",1,True
10.1109/tasc.2023.3244118,6,57202286282,Kawashima K.,Kawashima,Kenji,"IMRA Japan Co., Ltd.",1,True
10.1109/tcns.2020.2972590,1,57196097126,Miyano T.,Miyano,Tatsuya,"Toyota Central R&D Labs., Inc.; Institute of Science Tokyo",2,True
10.1109/tcns.2020.2972590,2,57211980403,Yamashita S.,Yamashita,Shunya,Institute of Science Tokyo,1,False
10.1109/tcns.2020.2972590,3,7101651973,Hatanaka T.,Hatanaka,Takeshi,The University of Osaka,1,False
10.1109/tcns.2020.2972590,4,57196095607,Shibata K.,Shibata,Kazuki,"Toyota Central R&D Labs., Inc.",1,True
10.1109/tcns.2020.2972590,5,34872427700,Jimbo T.,Jimbo,Tomohiko,"Toyota Central R&D Labs., Inc.",1,True
10.1109/tcns.2020.2972590,6,56424808000,Fujita M.,Fujita,Masayuki,Institute of Science Tokyo,1,False
10.1109/tcst.2023.3291880,1,57196097126,Miyano T.,Miyano,Tatsuya,"Toyota Motor North America, Inc.",1,True
10.1109/tcst.2023.3291880,2,6602623220,Romberg J.,Romberg,Justin,School of Electrical and Computer Engineering,1,False
10.1109/tcst.2023.3291880,3,7003766867,Egerstedt M.,Egerstedt,Magnus,"University of California, Irvine",1,False
10.1109/tcyb.2023.3252673,1,56739624300,Ito Y.,Ito,Yuji,"Toyota Central R&D Labs., Inc.",1,True
10.1109/tcyb.2023.3252673,2,7403304242,Fujimoto K.,Fujimoto,Kenji,Graduate School of Engineering,1,False
10.1109/tcyb.2023.3252673,3,8902896000,Tadokoro Y.,Tadokoro,Yukihiro,"Toyota Central R&D Labs., Inc.",1,True
10.1109/tii.2025.3538109,1,7101854077,Fukano T.,Fukano,Tatsuo,"Toyota Central R&D Labs., Inc.",1,True
10.1109/tii.2025.3538109,2,36762429700,Sugai M.,Sugai,Masaru,"Toyota Central R&D Labs., Inc.",1,True
10.1109/tim.2025.3558744,1,57212472269,Ishikawa K.,Ishikawa,Keisuke,"Toyota Central R&D Labs., Inc.",1,True
10.1109/tim.2025.3558744,2,59816486100,Usuki T.,Usuki,Tsukasa,"Toyota Central R&D Labs., Inc.",1,True
10.1109/tim.2025.3558744,3,55649838300,Komagata S.,Komagata,Shogo,"Toyota Central R&D Labs., Inc.",1,True
10.1109/tim.2025.3558744,4,59000751800,Morimoto R.,Morimoto,Ryohei,"Toyota Central R&D Labs., Inc.",1,True
10.1109/tim.2025.3558744,5,55774295800,Ishigaki M.,Ishigaki,Masanori,"Toyota Central R&D Labs., Inc.",1,True
10.1109/tits.2018.2812147,1,23981581100,Taguchi S.,Taguchi,Shun,"Toyota Central RD Labs., Inc.",1,True
10.1109/tits.2018.2812147,2,57190489621,Koide S.,Koide,Satoshi,"Toyota Central RD Labs., Inc.",1,True
10.1109/tits.2018.2812147,3,7402915094,Yoshimura T.,Yoshimura,Takayoshi,"Toyota Central RD Labs., Inc.",1,True
10.1109/tits.2018.2876905,1,56739624300,Ito Y.,Ito,Yuji,"Toyota Central R&D Labs., Inc.",1,True
10.1109/tits.2018.2876905,2,7202025866,Kamal M.A.S.,Kamal,Md Abdus Samad,"Toyota Central R&D Labs., Inc.; Monash University Malaysia",2,True
10.1109/tits.2018.2876905,3,7402915094,Yoshimura T.,Yoshimura,Takayoshi,"Toyota Central R&D Labs., Inc.",1,True
10.1109/tits.2018.2876905,4,7005048803,Azuma S.-I.,Azuma,Shun-Ichi,Kyoto University; Nagoya University,2,False
10.1109/tits.2020.3026679,1,59048082500,Machida T.,Machida,Takashi,"Toyota Central R&D Labs., Inc.",1,True
10.1109/tits.2020.3026679,2,57454179200,Shitaoka K.,Shitaoka,Kazuya,"Toyota Central R&D Labs., Inc.",1,True
10.1109/tits.2021.3067603,1,23981581100,Taguchi S.,Taguchi,Shun,"Toyota Central R&D Labs., Inc.",1,True
10.1109/tits.2021.3067603,2,7402915094,Yoshimura T.,Yoshimura,Takayoshi,"Toyota Central R&D Labs., Inc.",1,True
10.1109/tits.2024.3487117,1,57215359112,Mori D.,Mori,Daiki,"Toyota Central R&D Labs., Inc.",1,True
10.1109/tits.2024.3487117,2,59418073600,Kamekawa M.,Kamekawa,Masahito,"Toyota Central R&D Labs., Inc.",1,True
10.1109/tits.2024.3487117,3,57203766513,Fujieda N.,Fujieda,Nobushige,"Toyota Central R&D Labs., Inc.",1,True
10.1109/tits.2024.3487117,4,59418842100,Mizuno Y.,Mizuno,Yoshihiro,"Toyota Central R&D Labs., Inc.",1,True
10.1109/tpel.2020.3003618,1,57188804566,Inoue S.,Inoue,Shuntaro,"Toyota Central R&D Labs., Inc.",1,True
10.1109/tpel.2020.3003618,2,55774295800,Ishigaki M.,Ishigaki,Masanori,"Toyota Central R&D Labs., Inc.",1,True
10.1109/tpel.2020.3003618,3,56178073900,Takahashi A.,Takahashi,Atsuhiro,"Toyota Central R&D Labs., Inc.",1,True
10.1109/tpel.2020.3003618,4,55429167600,Sugiyama T.,Sugiyama,Takahide,"Toyota Central R&D Labs., Inc.",1,True
10.1109/tpel.2020.3013399,1,42462794300,Yatsugi K.,Yatsugi,Kenichi,"Toyota Central R&D Labs., Inc.",1,True
10.1109/tpel.2020.3013399,2,57219843064,Oishi K.,Oishi,Koshi,"Toyota Central R&D Labs., Inc.",1,True
10.1109/tpel.2020.3013399,3,9045335600,Iizuka H.,Iizuka,Hideo,Toyota Research Institute of North America,1,True
10.1109/tpel.2021.3073991,1,16032554100,Shoji T.,Shoji,Tomoyuki,"Toyota Central R&D Labs., Inc.",1,True
10.1109/tpel.2021.3073991,2,57201584121,Kuwahara M.,Kuwahara,Makoto,"Toyota Central R&D Labs., Inc.",1,True
10.1109/tpel.2021.3073991,3,10141509200,Usui M.,Usui,Masanori,"Toyota Central R&D Labs., Inc.",1,True
10.1109/tpel.2021.3081121,1,56178073900,Takahashi A.,Takahashi,Atsuhiro,"Toyota Central R&D Labs., Inc.",1,True
10.1109/tpel.2021.3081121,2,57189641839,Nomura K.,Nomura,Katsuya,"Toyota Central R&D Labs., Inc.",1,True
10.1109/tpel.2021.3081121,3,55118477400,Kojima T.,Kojima,Takashi,"Toyota Central R&D Labs., Inc.",1,True
10.1109/tpel.2021.3081121,4,35240649900,Nomura T.,Nomura,Tsuyoshi,"Toyota Central R&D Labs., Inc.",1,True
10.1109/tthz.2025.3592353,1,57192118888,McGrew W.F.,McGrew,William F.,"IMRA America, Inc.",1,True
10.1109/tthz.2025.3592353,2,57203894557,Greenberg J.,Greenberg,James,"IMRA America, Inc.",1,True
10.1109/tthz.2025.3592353,3,59379181100,Nose K.,Nose,Keisuke,"IMRA America, Inc.",1,True
10.1109/tthz.2025.3592353,4,57189222179,Heffernan B.M.,Heffernan,Brendan M.,"IMRA America, Inc.",1,True
10.1109/tthz.2025.3592353,5,55401164500,Rolland A.,Rolland,Antoine,"IMRA America, Inc.",1,True
10.1109/tvt.2019.2934502,1,57205758604,Tanaka H.,Tanaka,Hiroya,"Toyota Central R&D Labs., Inc.",1,True
10.1109/tvt.2019.2934502,2,57202779665,Hiraoka S.,Hiraoka,Shintaro,"Nagoya University; Chukyo Television Broadcasting Co., Ltd.",2,False
10.1109/tvt.2019.2934502,3,24472536600,Arai S.,Arai,Shintaro,Okayama University of Science,1,False
10.1109/tvt.2019.2934502,4,7005087295,Yamazato T.,Yamazato,Takaya,Nagoya University,1,False
10.1109/tvt.2019.2934502,5,8902896000,Tadokoro Y.,Tadokoro,Yukihiro,"Toyota Central R&D Labs., Inc.",1,True
10.1111/2041-210x.70209,1,58923583200,Mizuno H.,Mizuno,Hinano,"Toyota Central R&D Labs., Inc.",1,True
10.1111/2041-210x.70209,2,57207103554,Tanaka H.,Tanaka,Hidenori,"Toyota Central R&D Labs., Inc.",1,True
10.1111/2041-210x.70209,3,36089829400,Furuta Y.,Furuta,Yoshikazu,"Toyota Central R&D Labs., Inc.",1,True
10.1111/2041-210x.70209,4,6603378676,Muramoto N.,Muramoto,Nobuhiko,"Toyota Central R&D Labs., Inc.",1,True
10.1111/tpj.14687,1,57206531575,Sugimoto H.,Sugimoto,Hiroki,"Toyota Central R&D Labs., Inc.",1,True
10.1111/tpj.14687,2,59576859700,Hirano M.,Hirano,Minoru,"Toyota Central R&D Labs., Inc.",1,True
10.1111/tpj.14687,3,57207103554,Tanaka H.,Tanaka,Hidenori,"Toyota Central R&D Labs., Inc.",1,True
10.1111/tpj.14687,4,55628539031,Tanaka T.,Tanaka,Tomoko,"Toyota Central R&D Labs., Inc.",1,True
10.1111/tpj.14687,5,57214878740,Kitagawa-Yogo R.,Kitagawa-Yogo,Ritsuko,"Toyota Central R&D Labs., Inc.",1,True
10.1111/tpj.14687,6,6603378676,Muramoto N.,Muramoto,Nobuhiko,"Toyota Central R&D Labs., Inc.",1,True
10.1111/tpj.14687,7,7003717514,Mitsukawa N.,Mitsukawa,Norihiro,"Toyota Central R&D Labs., Inc.",1,True
10.1111/tpj.14888,1,57207103554,Tanaka H.,Tanaka,Hidenori,"Toyota Central R&D Labs., Inc.",1,True
10.1111/tpj.14888,2,6603378676,Muramoto N.,Muramoto,Nobuhiko,"Toyota Central R&D Labs., Inc.",1,True
10.1111/tpj.14888,3,57206531575,Sugimoto H.,Sugimoto,Hiroki,"Toyota Central R&D Labs., Inc.",1,True
10.1111/tpj.14888,4,55319272600,Oda A.H.,Oda,Arisa H.,The University of Tokyo,2,False
10.1111/tpj.14888,5,7403540066,Ohta K.,Ohta,Kunihiro,The University of Tokyo,2,False
10.1117/12.206403,1,7003316887,Galvanauskas A.,Galvanauskas,Aimantas,"IMRA America, Inc.",1,True
10.1117/12.2577649,1,8344658900,Lee K.F.,Lee,Kevin F.,"IMRA America, Inc.",1,True
10.1117/12.2577649,2,56347758700,Zhou G.,Zhou,Gengji,"University of Michigan, Ann Arbor",1,False
10.1117/12.2577649,3,7004905231,Winful H.G.,Winful,Herbert G.,"University of Michigan, Ann Arbor",1,False
10.1117/12.2577649,4,55731799700,Jiang J.,Jiang,Jie,"IMRA America, Inc.",1,True
10.1117/12.2577649,5,7005467080,Fermann M.E.,Fermann,,"IMRA America, Inc.",1,True
10.1117/12.2659759,1,8344658900,Lee K.F.,Lee,Kevin F.,"IMRA America, Inc.",1,True
10.1117/12.2659759,2,7005467080,Fermann M.E.,Fermann,Martin E.,"IMRA America, Inc.",1,True
10.1117/12.3075489,1,57329497300,Suzuki H.,Suzuki,Hironori,"IMRA Japan Co., Ltd.",1,True
10.1117/12.3075489,2,57208298606,Abubakr E.,Abubakr,Eslam,The University of Electro-Communications; Faculty of Energy Engineering,2,False
10.1117/12.3075489,3,57216335017,Saito S.,Saito,Shiro,"IMRA Japan Co., Ltd.",1,True
10.1117/12.3075489,4,57203057848,Kan T.,Kan,Tetsuo,The University of Electro-Communications,1,False
10.1117/12.456810,1,35580048600,Endert H.,Endert,Heinrich,"North America, Inc.",1,False
10.1117/12.456810,2,7003316887,Galvanauskas A.,Galvanauskas,Almantas,"North America, Inc.",1,False
10.1117/12.456810,3,22969320600,Sucha G.,Sucha,Gregg,"North America, Inc.",1,False
10.1117/12.456810,4,7403736727,Patel R.,Patel,Rajesh,"North America, Inc.",1,False
10.1117/12.477843,1,35966651800,Stock M.L.,Stock,Michelle L.,"IMRA America, Inc.",1,True
10.1117/12.477843,2,35580048600,Endert H.,Endert,Heinrich,"IMRA America, Inc.",1,True
10.1117/12.477843,3,7403736727,Patel R.,Patel,Rajesh,"IMRA America, Inc.",1,True
10.1117/12.479230,1,35966651800,Stock M.L.,Stock,Michelle L.,"IMRA America, Inc.",1,True
10.1117/12.479230,2,35580048600,Endert H.,Endert,Heinrich,"IMRA America, Inc.",1,True
10.1117/12.479230,3,7403736727,Patel R.,Patel,Rajesh,"IMRA America, Inc.",1,True
10.1117/12.486528,1,7403736727,Patel R.,Patel,Rajesh,"IMRA America, Inc.",1,True
10.1117/12.486528,2,35966651800,Stock M.L.,Stock,Michelle L.,"IMRA America, Inc.",1,True
10.1117/12.486528,3,6507924314,Sartania Z.,Sartania,Zaza,"IMRA America, Inc.",1,True
10.1117/12.486528,4,6503899187,Bovatsek J.,Bovatsek,Jim,"IMRA America, Inc.",1,True
10.1117/12.486528,5,8688491800,Arai A.,Arai,Alan,"IMRA America, Inc.",1,True
10.1117/12.486528,6,35580048600,Endert H.,Endert,Heinrich,"IMRA America, Inc.",1,True
10.1117/12.501655,1,22969320600,Sucha G.,Sucha,Gregg,"IMRA America, Inc.",1,True
10.1117/12.501655,2,35580048600,Endert H.,Endert,Heinrich,"IMRA America, Inc.",1,True
10.1117/12.501655,3,7006072299,Bischoff M.,Bischoff,Mark,Friedrich-Schiller-Universität Jena,1,False
10.1117/12.580606,1,7003316887,Galvanauskas A.,Galvanauskas,,"IMRA America, Inc.",1,True
10.1117/12.580606,2,7005776610,Harter D.J.,Harter,,"IMRA America, Inc.",1,True
10.1117/12.580606,3,7005467080,Fermann M.E.,Fermann,,"IMRA America, Inc.",1,True
10.1117/12.580606,4,6603931112,Hariharan A.,Hariharan,,"IMRA America, Inc.",1,True
10.1117/12.590850,1,7006451326,Shah L.,Shah,,"IMRA America, Inc.",1,True
10.1117/12.590850,2,7005835902,Yoshino F.,Yoshino,,"IMRA America, Inc.",1,True
10.1117/12.590850,3,8688491800,Arai A.,Arai,,"IMRA America, Inc.",1,True
10.1117/12.590850,4,8688491900,Eaton S.,Eaton,,University of Toronto,1,False
10.1117/12.590850,5,55839675100,Zhang H.,Zhang,,University of Toronto,1,False
10.1117/12.590850,6,36839066800,Ho S.,Ho,,University of Toronto,1,False
10.1117/12.590850,7,7201563433,Herman P.,Herman,,University of Toronto,1,False
10.1117/12.591058,1,8688491900,Eaton S.,Eaton,,University of Toronto,1,False
10.1117/12.591058,2,7005835902,Yoshino F.,Yoshino,,"IMRA America, Inc.",1,True
10.1117/12.591058,3,7006451326,Shah L.,Shah,,"IMRA America, Inc.",1,True
10.1117/12.591058,4,8688491800,Arai A.,Arai,,"IMRA America, Inc.",1,True
10.1117/12.591058,5,55839675100,Zhang H.,Zhang,,University of Toronto,1,False
10.1117/12.591058,6,36839066800,Ho S.,Ho,,University of Toronto,1,False
10.1117/12.591058,7,7201563433,Herman P.,Herman,,University of Toronto,1,False
10.1117/12.596573,1,6503899187,Bovatsek J.,Bovatsek,James,"IMRA America, Inc.",1,True
10.1117/12.596573,2,7006451326,Shah L.,Shah,Lawrence,"IMRA America, Inc.",1,True
10.1117/12.596573,3,8688491800,Arai A.,Arai,Alan,"IMRA America, Inc.",1,True
10.1117/12.596573,4,8592793500,Uehara Y.,Uehara,Yuzuru,"IMRA America, Inc.",1,True
10.1117/12.598050,1,35966651800,Stock M.L.,Stock,Michelle L.,"IMRA America, Inc.",1,True
10.1117/12.598050,2,22969320600,Sucha G.D.,Sucha,Gregg D.,"IMRA America, Inc.",1,True
10.1117/12.598050,3,6503899187,Bovatsek J.,Bovatsek,James,"IMRA America, Inc.",1,True
10.1117/12.598050,4,36041300500,Yamamoto T.,Yamamoto,Tadashi,"IMRA America, Inc.",1,True
10.1117/12.598050,5,8688491800,Arai A.,Arai,Alan,"IMRA America, Inc.",1,True
10.1117/12.659365,1,7006451326,Shah L.,Shah,,"IMRA America, Inc.",1,True
10.1117/12.659365,2,57221433804,Liu Z.,Liu,,"IMRA America, Inc.",1,True
10.1117/12.659365,3,7003288655,Hartl I.,Hartl,,"IMRA America, Inc.",1,True
10.1117/12.659365,4,6603758756,Imeshev G.,Imeshev,,"IMRA America, Inc.",1,True
10.1117/12.659365,5,57203194705,Cho G.G.,Cho,,"IMRA America, Inc.",1,True
10.1117/12.659365,6,7005467080,Fermann M.E.,Fermann,,"IMRA America, Inc.",1,True
10.1117/12.659451,1,6503899187,Bovatsek J.M.,Bovatsek,James M.,"IMRA America, Inc.",1,True
10.1117/12.659451,2,8688491800,Arai A.Y.,Arai,Alan Y.,"IMRA America, Inc.",1,True
10.1117/12.659451,3,7005835902,Yoshino F.,Yoshino,Fumiyo,"IMRA America, Inc.",1,True
10.1117/12.659451,4,8592793500,Uehara Y.,Uehara,Yuzuru,"IMRA America, Inc.",1,True
10.1117/12.659866,1,35966651800,Stock M.L.,Stock,Michelle L.,"IMRA America, Inc.",1,True
10.1117/12.659866,2,7006451326,Shah L.,Shah,Lawrence,"IMRA America, Inc.",1,True
10.1117/12.659866,3,55502865500,Liu B.,Liu,Bing,"IMRA America, Inc.",1,True
10.1117/12.659866,4,57206882434,Yoshida M.,Yoshida,Makoto,Aisin Corporation,1,True
10.1117/12.659866,5,7005835902,Yoshino F.,Yoshino,Fumiyo,"IMRA America, Inc.",1,True
10.1117/12.659866,6,6503899187,Bovatsek J.,Bovatsek,James,"IMRA America, Inc.",1,True
10.1117/12.659866,7,8688491800,Arai A.,Arai,Alan,"IMRA America, Inc.",1,True
10.1117/12.706121,1,7402561185,Dong L.,Dong,Liang,"IMRA America, Inc.",1,True
10.1117/12.706121,2,52763680000,Peng X.,Peng,Xiang,"IMRA America, Inc.",1,True
10.1117/12.706121,3,56115499100,Li J.,Li,Jun,"IMRA America, Inc.",1,True
10.1117/12.707699,1,8688491800,Arai A.,Arai,,"IMRA America, Inc.",1,True
10.1117/12.707699,2,6503899187,Bovatsek J.,Bovatsek,,"IMRA America, Inc.",1,True
10.1117/12.707699,3,7005835902,Yoshino F.,Yoshino,,"IMRA America, Inc.",1,True
10.1117/12.707699,4,57221433804,Liu Z.,Liu,,"IMRA America, Inc.",1,True
10.1117/12.707699,5,7201438056,Cho G.C.,Cho,,"IMRA America, Inc.",1,True
10.1117/12.707699,6,7006451326,Shah L.,Shah,,"IMRA America, Inc.",1,True
10.1117/12.707699,7,7005467080,Fermann M.E.,Fermann,,"IMRA America, Inc.",1,True
10.1117/12.707699,8,8592793500,Uehara Y.,Uehara,,"IMRA America, Inc.",1,True
10.1117/12.713437,1,7006451326,Shah L.,Shah,,"IMRA America, Inc.",1,True
10.1117/12.713437,2,7005467080,Fermann M.E.,Fermann,,"IMRA America, Inc.",1,True
10.1117/12.713437,3,55801850000,Dawson J.W.,Dawson,,Lawrence Livermore National Laboratory,1,False
10.1117/12.713437,4,56972338300,Barty C.P.J.,Barty,,Lawrence Livermore National Laboratory,1,False
10.1117/12.717322,1,7003288655,Hartl I.,Hartl,Ingmar,"IMRA America, Inc.",1,True
10.1117/12.717322,2,7005467080,Fermann M.E.,Fermann,Martin E.,"IMRA America, Inc.",1,True
10.1117/12.763982,1,23984911900,Fletcher L.B.,Fletcher,,"University of California, Davis",1,False
10.1117/12.763982,2,23986773600,Witcher J.J.,Witcher,,"University of California, Davis",1,False
10.1117/12.763982,3,20434781200,Reichman W.J.,Reichman,,"University of California, Davis",1,False
10.1117/12.763982,4,6503899187,Bovatsek J.,Bovatsek,,"IMRA America, Inc.",1,True
10.1117/12.763982,5,8688491800,Arai A.,Arai,,"IMRA America, Inc.",1,True
10.1117/12.763982,6,7003268409,Krol D.M.,Krol,,"University of California, Davis",1,False
10.1117/12.774052,1,7402561185,Dong L.,Dong,Liang,"IMRA America, Inc.",1,True
10.1117/12.878831,1,7402561185,Dong L.,Dong,Liang,"Clemson University; IMRA America, Inc.",2,True
10.1117/12.878831,2,7005849033,McKay H.A.,McKay,Hugh A.,"Clemson University; IMRA America, Inc.",2,True
10.1117/12.878831,3,24777145200,Thomas B.K.,Thomas,,"Clemson University; IMRA America, Inc.",2,True
10.1117/12.878831,4,56036338800,Fu L.,Fu,Libin,"Clemson University; IMRA America, Inc.",2,True
10.1117/12.878831,5,60285243000,Suzuki S.,Suzuki,Shigeru,"Clemson University; IMRA America, Inc.",2,True
10.1117/12.878831,6,26641492600,Ohta M.,Ohta,Michiharu,"Clemson University; IMRA America, Inc.",2,True
10.1117/12.878831,7,38561943700,Marcinkeivicius A.,Marcinkeivicius,Andrius,"Clemson University; IMRA America, Inc.",2,True
10.1117/12.906451,1,57199691486,Qian W.,Qian,Wei,"IMRA America, Inc.",1,True
10.1117/12.906451,2,35206010000,Murakami M.,Murakami,Makoto,"IMRA America, Inc.",1,True
10.1117/12.906451,3,55149153900,Ichikawa Y.,Ichikawa,Yong,"IMRA America, Inc.",1,True
10.1117/12.906451,4,55145323900,Che Y.,Che,Yuki,"IMRA America, Inc.",1,True
10.1126/sciadv.ade4381,1,55502243000,Tanaka M.,Tanaka,Masato,"Toyota Motor North America, Inc.",1,True
10.1126/sciadv.ade4381,2,57212274780,Montgomery S.M.,Montgomery,S. Macrae,George W. Woodruff School of Mechanical Engineering,1,False
10.1126/sciadv.ade4381,3,56282446700,Yue L.,Yue,Liang,George W. Woodruff School of Mechanical Engineering,1,False
10.1126/sciadv.ade4381,4,58100332600,Wei Y.,Wei,Yaochi,George W. Woodruff School of Mechanical Engineering,1,False
10.1126/sciadv.ade4381,5,56239171200,Song Y.,Song,Yuyang,"Toyota Motor North America, Inc.",1,True
10.1126/sciadv.ade4381,6,35240649900,Nomura T.,Nomura,Tsuyoshi,"Toyota Central R&D Labs., Inc.",1,True
10.1126/sciadv.ade4381,7,24466987100,Qi H.J.,Qi,H. Jerry,George W. Woodruff School of Mechanical Engineering,1,False
10.1126/sciadv.adh9986,1,7501694167,Sato S.,Sato,Shunsuke,"Toyota Central R&D Labs., Inc.",1,True
10.1126/sciadv.adh9986,2,54401616800,Sekizawa K.,Sekizawa,Keita,"Toyota Central R&D Labs., Inc.",1,True
10.1126/sciadv.adh9986,3,7102377451,Shirai S.,Shirai,Soichi,"Toyota Central R&D Labs., Inc.",1,True
10.1126/sciadv.adh9986,4,57199844753,Sakamoto N.,Sakamoto,Naonari,"Toyota Central R&D Labs., Inc.",1,True
10.1126/sciadv.adh9986,5,35547016000,Morikawa T.,Morikawa,Takeshi,"Toyota Central R&D Labs., Inc.",1,True
10.1126/sciadv.adn6129,1,57210378515,Kobayashi H.,Kobayashi,Hiroki,"Toyota Central R&D Labs., Inc.",1,True
10.1126/sciadv.adn6129,2,57211119940,Gholami F.,Gholami,Farzad,George W. Woodruff School of Mechanical Engineering,1,False
10.1126/sciadv.adn6129,3,57212274780,Montgomery S.M.,Montgomery,S. Macrae,George W. Woodruff School of Mechanical Engineering,1,False
10.1126/sciadv.adn6129,4,55502243000,Tanaka M.,Tanaka,Masato,"Toyota Central R&D Labs., Inc.; Toyota Motor North America, Inc.",2,True
10.1126/sciadv.adn6129,5,56282446700,Yue L.,Yue,Liang,George W. Woodruff School of Mechanical Engineering,1,False
10.1126/sciadv.adn6129,6,57209245060,Yuhn C.,Yuhn,Changyoung,"Toyota Central R&D Labs., Inc.",1,True
10.1126/sciadv.adn6129,7,57225212672,Sato Y.,Sato,Yuki,"Toyota Central R&D Labs., Inc.",1,True
10.1126/sciadv.adn6129,8,57205936753,Kawamoto A.,Kawamoto,Atsushi,"Toyota Central R&D Labs., Inc.",1,True
10.1126/sciadv.adn6129,9,24466987100,Qi H.J.,Qi,H. Jerry,George W. Woodruff School of Mechanical Engineering,1,False
10.1126/sciadv.adn6129,10,35240649900,Nomura T.,Nomura,Tsuyoshi,"Toyota Central R&D Labs., Inc.",1,True
10.1126/science.aax9167,1,56446088800,Hayashi Y.,Hayashi,Yujiro,"Toyota Central R&D Labs., Inc.",1,True
10.1126/science.aax9167,2,6602365435,Setoyama D.,Setoyama,Daigo,"Toyota Central R&D Labs., Inc.",1,True
10.1126/science.aax9167,3,35551015900,Hirose Y.,Hirose,Yoshiharu,"Toyota Central R&D Labs., Inc.",1,True
10.1126/science.aax9167,4,57212562773,Yoshida T.,Yoshida,Tomoyuki,"Toyota Central R&D Labs., Inc.",1,True
10.1126/science.aax9167,5,7404270895,Kimura H.,Kimura,Hidehiko,"Toyota Central R&D Labs., Inc.",1,True
10.1126/science.ado0078,1,55401164500,Rolland A.,Rolland,Antoine,IMRA Boulder Research Laboratory,1,True
10.1126/science.ado0078,2,57189222179,Heffernan B.M.,Heffernan,Brendan M.,IMRA Boulder Research Laboratory,1,True
10.1137/25m1726339,1,36986980000,Kutsuna T.,Kutsuna,Takuro,"Toyota Central R&D Labs., Inc.",1,True
10.1142/s1088424606000351,1,6602917953,Giribabu L.,Giribabu,Lingamallu,Indian Institute of Chemical Technology,1,False
10.1142/s1088424606000351,2,12753879300,Vijay Kumar Ch.,Vijay Kumar,,"IMRA Japan Co., Ltd.",1,True
10.1142/s1088424606000351,3,7402570154,Yella Reddy P.,Yella Reddy,,"IMRA Japan Co., Ltd.",1,True
10.1143/jjap.40.l1223,1,7202053564,Ohtake H.,Ohtake,Hideyuki,National Institutes of Natural Sciences - Institute for Molecular Science,1,False
10.1143/jjap.40.l1223,2,57201962416,Suzuki Y.,Suzuki,Yuji,National Institutes of Natural Sciences - Institute for Molecular Science,1,False
10.1143/jjap.40.l1223,3,56251140500,Sarukura N.,Sarukura,Nobuhiko,National Institutes of Natural Sciences - Institute for Molecular Science,1,False
10.1143/jjap.40.l1223,4,7401439952,Ono S.,Ono,Shingo,National Institutes of Natural Sciences - Institute for Molecular Science,1,False
10.1143/jjap.40.l1223,5,57830222100,Tsukamoto T.,Tsukamoto,Takeyo,National Institutes of Natural Sciences - Institute for Molecular Science,1,False
10.1143/jjap.40.l1223,6,59082436300,Nakanishi A.,Nakanishi,Akio,National Institutes of Natural Sciences - Institute for Molecular Science,1,False
10.1143/jjap.40.l1223,7,57220487751,Nishizawa S.,Nishizawa,Seiji,National Institutes of Natural Sciences - Institute for Molecular Science,1,False
10.1143/jjap.40.l1223,8,35966651800,Stock M.L.,Stock,Michelle L.,National Institutes of Natural Sciences - Institute for Molecular Science,1,False
10.1143/jjap.40.l1223,9,57206882434,Yoshida M.,Yoshida,Makoto,National Institutes of Natural Sciences - Institute for Molecular Science,1,False
10.1143/jjap.40.l1223,10,35580048600,Endert H.,Endert,Heirich,National Institutes of Natural Sciences - Institute for Molecular Science,1,False
10.1145/3706598.3713744,1,56150704300,Okoso A.,Okoso,Ayano,"Toyota Central R&D Labs., Inc.",1,True
10.1145/3706598.3713744,2,58997003000,Yang M.,Yang,Mingzhe,The University of Tokyo,1,False
10.1145/3706598.3713744,3,55968890900,Baba Y.,Baba,Yukino,The University of Tokyo,1,False
10.1149/1945-7111/ab8b97,1,9741007000,Yamada H.,Yamada,Haruhiko,"Toyota Central R&D Labs., Inc.",1,True
10.1149/1945-7111/ab8b97,2,57189871962,Kato H.,Kato,Hisao,Toyota Motor Corporation,1,True
10.1149/1945-7111/ab8b97,3,36559655600,Kodama K.,Kodama,Kensaku,"Toyota Central R&D Labs., Inc.",1,True
10.1149/1945-7111/abb7e6,1,57204730275,Shibata M.,Shibata,Masao,"Toyota Central R&D Labs., Inc.",1,True
10.1149/1945-7111/abb7e6,2,55731679800,Suzuki T.,Suzuki,Takahisa,"Toyota Central R&D Labs., Inc.",1,True
10.1149/1945-7111/abb7e6,3,7403116341,Morimoto Y.,Morimoto,Yu,"Toyota Central R&D Labs., Inc.",1,True
10.1149/1945-7111/abe34b,1,57209261099,Nagai T.,Nagai,Tomoyuki,"Toyota Central R&D Labs., Inc.",1,True
10.1149/1945-7111/abe34b,2,36559655600,Kodama K.,Kodama,Kensaku,"Toyota Central R&D Labs., Inc.",1,True
10.1155/2011/294353,1,6602917953,Giribabu L.,Giribabu,Lingamallu,Indian Institute of Chemical Technology,1,False
10.1155/2011/294353,2,57204196746,Singh V.K.,Singh,Varun Kumar,Indian Institute of Chemical Technology,1,False
10.1155/2011/294353,3,35174087000,Vijay Kumar C.,Vijay Kumar,Challuri,Indian Institute of Chemical Technology,1,False
10.1155/2011/294353,4,15081601400,Soujanya Y.,Soujanya,Yarasi,Indian Institute of Chemical Technology,1,False
10.1155/2011/294353,5,18634327500,Gopal Reddy V.,Gopal Reddy,Veerannagari,"IMRA Japan Co., Ltd.",1,True
10.1155/2011/294353,6,7402570154,Yella Reddy P.,Yella Reddy,Paidi,"IMRA Japan Co., Ltd.",1,True
10.1155/2011/376369,1,6602287081,Chandrasekharam M.,Chandrasekharam,Malapaka,Indian Institute of Chemical Technology,1,False
10.1155/2011/376369,2,37012947900,Rajkumar G.,Rajkumar,Ganugula,"IMRA Japan Co., Ltd.",1,True
10.1155/2011/376369,3,48761857900,Rao C.S.,Rao,Chikkam Srinivasa,Indian Institute of Chemical Technology,1,False
10.1155/2011/376369,4,7402570154,Reddy P.Y.,Reddy,Paidi Yella,"IMRA Japan Co., Ltd.",1,True
10.1155/2011/376369,5,7003406922,Kantam M.L.,Kantam,Mannepalli Lakshmi,Indian Institute of Chemical Technology,1,False
10.1155/2011/963068,1,6602287081,Chandrasekharam M.,Chandrasekharam,Malapaka,Indian Institute of Chemical Technology,1,False
10.1155/2011/963068,2,37012947900,Rajkumar G.,Rajkumar,Ganugula,"IMRA Japan Co., Ltd.",1,True
10.1155/2011/963068,3,57194152053,Suresh T.,Suresh,Thogoti,Indian Institute of Chemical Technology,1,False
10.1155/2011/963068,4,48761857900,Rao C.S.,Rao,Chikkam Srinivasa,Indian Institute of Chemical Technology,1,False
10.1155/2011/963068,5,7402570154,Reddy P.Y.,Reddy,Paidi Yella,"IMRA Japan Co., Ltd.",1,True
10.1155/2011/963068,6,7004044501,Yum J.-H.,Yum,Jun-Ho,École Polytechnique Fédérale de Lausanne,1,False
10.1155/2011/963068,7,35463772200,Nazeeruddin M.K.,Nazeeruddin,Mohammad Khaja,École Polytechnique Fédérale de Lausanne,1,False
10.1155/2011/963068,8,35463345800,Graetzel M.,Graetzel,Michael,École Polytechnique Fédérale de Lausanne,1,False
10.1155/2012/482074,1,6602287081,Chandrasekharam M.,Chandrasekharam,Malapaka,Indian Institute of Chemical Technology,1,False
10.1155/2012/482074,2,37012947900,Rajkumar G.,Rajkumar,Ganugula,"IMRA Japan Co., Ltd.",1,True
10.1155/2012/482074,3,57194152053,Suresh T.,Suresh,Thogiti,Indian Institute of Chemical Technology,1,False
10.1155/2012/482074,4,7402570154,Reddy P.Y.,Reddy,Paidi Yella,"IMRA Japan Co., Ltd.",1,True
10.1162/neco_a_01333,1,7402584059,Iwamoto M.,Iwamoto,Masami,"Toyota Central R&D Labs., Inc.",1,True
10.1162/neco_a_01333,2,57203130943,Kato D.,Kato,Daichi,"Toyota Central R&D Labs., Inc.",1,True
10.1177%2f1468087418791684,1,55708239400,Kinoshita M.,Kinoshita,Masao,"Toyota Central R&D Labs., Inc.",1,True
10.1177%2f1468087418791684,2,14065918200,Fuyuto T.,Fuyuto,Takayuki,"Toyota Central R&D Labs., Inc.",1,True
10.1177%2f1468087418791684,3,7006244231,Akatsuka H.,Akatsuka,Hiroshi,Institute of Science Tokyo,1,False
10.1177%2f1468087419848236,1,14065918200,Fuyuto T.,Fuyuto,Takayuki,"Toyota Central R&D Labs., Inc.",1,True
10.1177%2f1468087419848236,2,7102385995,Taki M.,Taki,Masahiro,"Toyota Central R&D Labs., Inc.",1,True
10.1177%2f1468087420931247,1,36918804000,Kosaka H.,Kosaka,Hidemasa,"Toyota Central R&D Labs., Inc.",1,True
10.1177%2f1468087420931247,2,56136533300,Akita T.,Akita,Tomoyuki,"Toyota Central R&D Labs., Inc.",1,True
10.1177%2f1468087420931247,3,56135304300,Goto S.,Goto,Shigeaki,"Toyota Central R&D Labs., Inc.",1,True
10.1177%2f1468087420931247,4,36918382800,Hotta Y.,Hotta,Yoshihiro,"Toyota Central R&D Labs., Inc.",1,True
10.1177%2f1468087420945905,1,37041914100,Nomura Y.,Nomura,Yoshihiro,"Toyota Central R&D Labs., Inc.",1,True
10.1177%2f1468087420945905,2,55475493100,Yamamoto S.,Yamamoto,Seiji,"Toyota Central R&D Labs., Inc.",1,True
10.1177%2f1468087420945905,3,35727718500,Nagaoka M.,Nagaoka,Makoto,"Toyota Central R&D Labs., Inc.",1,True
10.1177%2f1468087420945905,4,56835559700,Diel S.,Diel,Stephan,Toyota Motorsport GmbH,1,True
10.1177%2f1468087420945905,5,57218512757,Kurihara K.,Kurihara,Kenta,Toyota Motor Corporation,1,True
10.1177%2f1468087420945905,6,55678270100,Shimizu R.,Shimizu,Rio,Toyota Motor Corporation,1,True
10.1177%2f1468087420945905,7,59065602700,Murase E.,Murase,Eiji,Toyota Motor Corporation,1,True
10.1177/1687814020984651,1,57200967392,Hamasaki T.,Hamasaki,Toru,"Toyota Central R&D Labs., Inc.",1,True
10.1177/1687814020984651,2,57222023633,Yamada D.,Yamada,Daisuke,"Toyota Central R&D Labs., Inc.",1,True
10.1186/s12976-018-0094-9,1,24477488900,Hirabayashi S.,Hirabayashi,Satoko,"Toyota Central R&D Labs., Inc.",1,True
10.1186/s12976-018-0094-9,2,7402584059,Iwamoto M.,Iwamoto,Masami,"Toyota Central R&D Labs., Inc.",1,True
10.1186/s40648-017-0098-y,1,57188841683,Moriya Y.,Moriya,Yusuke,Faculty of Engineering,1,False
10.1186/s40648-017-0098-y,2,57200941937,Tanaka D.,Tanaka,Daisuke,Faculty of Engineering,1,False
10.1186/s40648-017-0098-y,3,7402217404,Yamazaki K.,Yamazaki,Kimitoshi,Faculty of Engineering,1,False
10.1186/s40648-017-0098-y,4,57200940265,Takeshita K.,Takeshita,Keisuke,Toyota Motor Corporation,1,True
10.1246/bcsj.20200044,1,55939819700,Kawaura H.,Kawaura,Hiroyuki,"Toyota Central R&D Labs., Inc.",1,True
10.1246/bcsj.20200044,2,56530053400,Harada M.,Harada,Masashi,"Toyota Central R&D Labs., Inc.",1,True
10.1246/bcsj.20200044,3,8508167400,Kondo Y.,Kondo,Yasuhito,"Toyota Central R&D Labs., Inc.",1,True
10.1246/bcsj.20200044,4,57724531200,Mizutani M.,Mizutani,Mamoru,"Toyota Central R&D Labs., Inc.",1,True
10.1246/bcsj.20200044,5,55134537100,Takahashi N.,Takahashi,Naoko,"Toyota Central R&D Labs., Inc.",1,True
10.1246/bcsj.20200044,6,55628999900,Yamada N.L.,Yamada,Norifumi L.,"High Energy Accelerator Research Organization, Institute of Materials Structure Science",1,False
10.1246/bcsj.20200387,1,7004441317,Kinjo T.,Kinjo,Tomoyuki,"Toyota Central R&D Labs., Inc.",1,True
10.1246/bcsj.20200387,2,57204369272,Yoneyama H.,Yoneyama,Hiroaki,"Toyota Central R&D Labs., Inc.",1,True
10.1246/bcsj.20200387,3,14029509900,Umemoto K.,Umemoto,Kazuhiko,"Toyota Central R&D Labs., Inc.",1,True
10.1246/cl.150057,1,56195410600,Murata K.,Murata,Kazuki,University of Tsukuba,1,False
10.1246/cl.150057,2,6506260582,Shigemori Y.,Shigemori,Yasushi,"IMRA Japan Co., Ltd.",1,True
10.1246/cl.150057,3,7006350106,Tsujimura S.,Tsujimura,Seiya,University of Tsukuba,1,False
10.1271/bbb.100026,1,36614332200,Imamura C.,Imamura,Chie,"Toyota Central R&D Labs., Inc.",1,True
10.1271/bbb.100026,2,6506260582,Shigemori Y.,Shigemori,Yasushi,"IMRA Japan Co., Ltd.",1,True
10.1364/boe.532042,1,57209637530,Zhai T.,Zhai,Tianqu,Department of Biomedical Engineering,1,False
10.1364/boe.532042,2,57199691486,Qian W.,Qian,Wei,"IMRA America, Inc.",1,True
10.1364/boe.532042,3,23467702900,Paulus Y.M.,Paulus,Yannis M.,Department of Biomedical Engineering; University of Michigan Medical School,2,False
10.1364/boe.532042,4,55174162600,Wang X.,Wang,Xueding,Department of Biomedical Engineering; University of Michigan Medical School,2,False
10.1364/boe.532042,5,57200954487,Zhang W.,Zhang,Wei,Department of Biomedical Engineering,1,False
10.1364/josab.15.002847,1,22969320600,Sucha G.,Sucha,,IMRA America,1,True
10.1364/josab.15.002847,2,7102401250,Chemla D.S.,Chemla,,"University of California, Berkeley",1,False
10.1364/josab.15.002847,3,7102315335,Bolton S.R.,Bolton,,Williams College,1,False
10.1364/josab.16.000339,1,7102315335,Bolton S.R.,Bolton,,Williams College,1,False
10.1364/josab.16.000339,2,36059156000,Jenks R.A.,Jenks,,Williams College,1,False
10.1364/josab.16.000339,3,6505936221,Elkinton C.N.,Elkinton,,Williams College,1,False
10.1364/josab.16.000339,4,22969320600,Sucha G.,Sucha,,"IMRA America, Inc.",1,True
10.1364/josab.18.000534,1,6603758756,Imeshev G.,Imeshev,,Ginzton Laboratory,1,False
10.1364/josab.18.000534,2,35227187900,Fejer M.M.,Fejer,,Ginzton Laboratory,1,False
10.1364/josab.18.000534,3,7003316887,Galvanauskas A.,Galvanauskas,,"IMRA America, Inc.",1,True
10.1364/josab.18.000534,4,7005776610,Harter D.,Harter,,"IMRA America, Inc.",1,True
10.1364/josab.24.001689,1,7402561185,Dong L.,Dong,Liang,"IMRA America, Inc.",1,True
10.1364/josab.24.001689,2,52763680000,Peng X.,Peng,Xiang,"IMRA America, Inc.",1,True
10.1364/josab.24.001689,3,56115499100,Li J.,Li,Jun,"IMRA America, Inc.",1,True
10.1364/josab.25.000126,1,52763680000,Peng X.,Peng,Xiang,"IMRA America, Inc.; Raydiance, Inc.",2,True
10.1364/josab.25.000126,2,7402561185,Dong L.,Dong,Liang,"IMRA America, Inc.",1,True
10.1364/oe.14.004439,1,6603758756,Imeshev G.,Imeshev,,"IMRA America, Inc.",1,True
10.1364/oe.14.004439,2,7005467080,Fermann M.E.,Fermann,,"IMRA America, Inc.",1,True
10.1364/oe.14.004439,3,35495413600,Vodopyanov K.L.,Vodopyanov,,Ginzton Laboratory,1,False
10.1364/oe.14.004439,4,35227187900,Fejer M.M.,Fejer,,Ginzton Laboratory,1,False
10.1364/oe.14.004439,5,52763935400,Yu X.,Yu,,Stanford University,1,False
10.1364/oe.14.004439,6,7202257193,Harris J.S.,Harris,,Stanford University,1,False
10.1364/oe.14.004439,7,7102454916,Bliss D.,Bliss,,Hanscom AFB,1,False
10.1364/oe.14.004439,8,11139585900,Lynch C.,Lynch,,Hanscom AFB,1,False
10.1364/oe.14.010117,1,55501080300,Yang W.,Yang,Weijia,University of Southampton,1,False
10.1364/oe.14.010117,2,6602899366,Bricchi E.,Bricchi,Erica,University of Southampton,1,False
10.1364/oe.14.010117,3,7005465278,Kazansky P.G.,Kazansky,Peter G.,University of Southampton,1,False
10.1364/oe.14.010117,4,6503899187,Bovatsek J.,Bovatsek,James,"IMRA America, Inc.",1,True
10.1364/oe.14.010117,5,8688491800,Arai A.Y.,Arai,Alan Y.,"IMRA America, Inc.",1,True
10.1364/oe.14.011512,1,7402561185,Dong L.,Dong,Liang,"IMRA America, Inc.",1,True
10.1364/oe.14.011512,2,56115499100,Li J.,Li,Jun,"IMRA America, Inc.",1,True
10.1364/oe.14.011512,3,52763680000,Peng X.,Peng,Xiang,"IMRA America, Inc.",1,True
10.1364/oe.14.012546,1,7006451326,Shah L.,Shah,Lawrence,"IMRA America, Inc.",1,True
10.1364/oe.14.012546,2,7005467080,Fermann M.E.,Fermann,Martin E.,"IMRA America, Inc.",1,True
10.1364/oe.14.012546,3,55801850000,Dawson J.W.,Dawson,Jay W.,Lawrence Livermore National Laboratory,1,False
10.1364/oe.14.012546,4,56972338300,Barty C.P.J.,Barty,Christopher P.J.,Lawrence Livermore National Laboratory,1,False
10.1364/oe.15.012161,1,59833051100,Pal P.,Pal,Parama,University of Rochester Institute of Optics,1,False
10.1364/oe.15.012161,2,7102769845,Knox W.H.,Knox,Wayne H.,University of Rochester Institute of Optics,1,False
10.1364/oe.15.012161,3,7003288655,Hartl I.,Hartl,Ingmar,"IMRA America, Inc.",1,True
10.1364/oe.15.012161,4,7005467080,Fermann M.E.,Fermann,Martin E.,"IMRA America, Inc.",1,True
10.1364/oe.16.004278,1,56107996200,Wu T.-W.,Wu,Tsai-Wei,"University of Michigan, Ann Arbor",1,False
10.1364/oe.16.004278,2,7402561185,Dong L.,Dong,Liang,"IMRA America, Inc.",1,True
10.1364/oe.16.004278,3,7004905231,Winful H.,Winful,Herbert,"University of Michigan, Ann Arbor",1,False
10.1364/oe.16.016423,1,7402561185,Dong L.,Dong,Liang,"IMRA America, Inc.",1,True
10.1364/oe.16.016423,2,24777145200,Thomas B.K.,Thomas,Brian K.,"IMRA America, Inc.",1,True
10.1364/oe.16.016423,3,56036338800,Fu L.,Fu,Libin,"IMRA America, Inc.",1,True
10.1364/oe.16.019629,1,56036338800,Fu L.,Fu,Libin,"IMRA America, Inc.",1,True
10.1364/oe.16.019629,2,24777145200,Thomas B.K.,Thomas,Brian K.,"IMRA America, Inc.",1,True
10.1364/oe.16.019629,3,7402561185,Dong L.,Dong,Liang,"IMRA America, Inc.",1,True
10.1364/oe.20.007046,1,35237955800,Leindecker N.,Leindecker,Nick,Ginzton Laboratory,1,False
10.1364/oe.20.007046,2,37041552600,Marandi A.,Marandi,Alireza,Ginzton Laboratory,1,False
10.1364/oe.20.007046,3,35227002600,Byer R.L.,Byer,Robert L.,Ginzton Laboratory,1,False
10.1364/oe.20.007046,4,35495413600,Vodopyanov K.L.,Vodopyanov,Konstantin L.,Ginzton Laboratory,1,False
10.1364/oe.20.007046,5,55731799700,Jiang J.,Jiang,Jie,"IMRA America, Inc.",1,True
10.1364/oe.20.007046,6,7003288655,Hartl I.,Hartl,Ingmar,"IMRA America, Inc.",1,True
10.1364/oe.20.007046,7,7005467080,Fermann M.,Fermann,Martin,"IMRA America, Inc.",1,True
10.1364/oe.20.007046,8,7007067529,Schunemann P.G.,Schunemann,Peter G.,BAE Systems Inc.,1,False
10.1364/oe.27.002499,1,57205656916,Inoue D.,Inoue,Daisuke,"Toyota Central R&D Labs., Inc.",1,True
10.1364/oe.27.002499,2,35778054000,Ichikawa T.,Ichikawa,Tadashi,"Toyota Central R&D Labs., Inc.",1,True
10.1364/oe.27.002499,3,7102376036,Kawasaki A.,Kawasaki,Akari,"Toyota Central R&D Labs., Inc.",1,True
10.1364/oe.27.002499,4,34979565400,Yamashita T.,Yamashita,Tatsuya,"Toyota Central R&D Labs., Inc.",1,True
10.1364/oe.461440,1,56456903400,Li P.,Li,Peng,"IMRA America, Inc.",1,True
10.1364/oe.461440,2,55401164500,Rolland A.,Rolland,Antoine,"IMRA America, Inc.",1,True
10.1364/oe.461440,3,55731799700,Jiang J.,Jiang,Jie,"IMRA America, Inc.",1,True
10.1364/oe.461440,4,7005467080,Fermann M.E.,Fermann,Martin E.,"IMRA America, Inc.",1,True
10.1364/oe.483277,1,57304098400,Lampen J.,Lampen,Jacob,"IMRA America, Inc.",1,True
10.1364/oe.483277,2,55802291300,Tani F.,Tani,Francesco,Max Planck Institute for the Science of Light,1,False
10.1364/oe.483277,3,56456903400,Li P.,Li,Peng,"IMRA America, Inc.",1,True
10.1364/oe.483277,4,8344658900,Lee K.F.,Lee,Kevin F.,"IMRA America, Inc.",1,True
10.1364/oe.483277,5,55731799700,Jiang J.,Jiang,Jie,"IMRA America, Inc.",1,True
10.1364/oe.483277,6,35600540200,Russell P.S.J.,Russell,Philip S.J.,Max Planck Institute for the Science of Light,1,False
10.1364/oe.483277,7,7005467080,Fermann M.E.,Fermann,Martin E.,"IMRA America, Inc.",1,True
10.1364/oe.541513,1,57355839500,Yada H.,Yada,Hiroyuki,"IMRA America, Inc.",1,True
10.1364/oe.541513,2,57355424900,Ichikawa Y.,Ichikawa,Yuki,"IMRA America, Inc.",1,True
10.1364/oe.569127,1,57200688910,Egbert S.C.,Egbert,Scott C.,IMRA America Inc.,1,True
10.1364/oe.569127,2,57203894557,Greenberg J.,Greenberg,James,IMRA America Inc.,1,True
10.1364/oe.569127,3,57189222179,Heffernan B.M.,Heffernan,Brendan M.,IMRA America Inc.,1,True
10.1364/oe.569127,4,57192118888,McGrew W.F.,McGrew,William F.,IMRA America Inc.,1,True
10.1364/oe.569127,5,55401164500,Rolland A.,Rolland,Antoine,IMRA America Inc.,1,True
10.1364/oe.585687,1,58943412300,Baradaran N.,Baradaran,Negar,Princeton University,1,False
10.1364/oe.585687,2,57194468485,Charczun D.,Charczun,Dominik,Princeton University,1,False
10.1364/oe.585687,3,60263570600,Nambiar T.,Nambiar,Tanay,Princeton University,1,False
10.1364/oe.585687,4,60263839800,Zou M.,Zou,Meijun,Princeton University,1,False
10.1364/oe.585687,5,8344658900,Lee K.F.,Lee,Kevin F.,"IMRA America, Inc.",1,True
10.1364/oe.585687,6,7005467080,Fermann M.E.,Fermann,Martin E.,"IMRA America, Inc.",1,True
10.1364/oe.585687,7,55258107800,Weichman M.L.,Weichman,Marissa L.,Princeton University,1,False
10.1364/ol.18.000048,1,7005467080,Fermann M.E.,Fermann,,"Telcordia Technologies, Inc.",1,False
10.1364/ol.18.000048,2,35599544400,Andrejco M.J.,Andrejco,,"Telcordia Technologies, Inc.",1,False
10.1364/ol.18.000048,3,35594276300,Silberberg Y.,Silberberg,,"Telcordia Technologies, Inc.",1,False
10.1364/ol.18.000048,4,35416950700,Weiner A.M.,Weiner,,"Telcordia Technologies, Inc.",1,False
10.1364/ol.18.000367,1,57208763705,Ober M.H.,Ober,,TU Wien,1,False
10.1364/ol.18.000367,2,7202450206,Hofer M.,Hofer,,TU Wien,1,False
10.1364/ol.18.000367,3,7005467080,Fermann M.E.,Fermann,,"TU Wien; IMRA America, Inc.",2,True
10.1364/ol.18.001505,1,7005467080,Fermann M.E.,Fermann,,"IMRA America, Inc.",1,True
10.1364/ol.18.001505,2,7102297182,Da Silva V.,Da Silva,,"Telcordia Technologies, Inc.",1,False
10.1364/ol.18.001505,3,57218079927,Smith D.A.,Smith,,"Telcordia Technologies, Inc.",1,False
10.1364/ol.18.001505,4,35594276300,Silberberg Y.,Silberberg,,"Telcordia Technologies, Inc.",1,False
10.1364/ol.18.001505,5,35416950700,Weiner A.M.,Weiner,,College of Engineering,1,False
10.1364/ol.18.001529,1,35966651800,Stock M.L.,Stock,,Michigan Engineering,1,False
10.1364/ol.18.001529,2,35599544400,Andrejco M.J.,Andrejco,,Nokia Bell Labs,1,False
10.1364/ol.18.001529,3,7005467080,Fermann M.E.,Fermann,,"IMRA America, Inc.",1,True
10.1364/ol.18.001529,4,59045994300,Yang L.-M.,Yang,,Michigan Engineering,1,False
10.1364/ol.19.000043,1,7005467080,Fermann M.E.,Fermann,,"IMRA America, Inc.",1,True
10.1364/ol.19.000043,2,59045994300,Yang L.-M.,Yang,,Michigan Engineering,1,False
10.1364/ol.19.000043,3,35966651800,Stock M.L.,Stock,,Michigan Engineering,1,False
10.1364/ol.19.000043,4,35599544400,Andrejco M.J.,Andrejco,,"Telcordia Technologies, Inc.; Nokia Bell Labs",2,False
10.1364/ol.19.001043,1,7003316887,Galvanauskas A.,Galvanauskas,Almantas,"IMRA America, Inc.",1,True
10.1364/ol.19.001043,2,7005467080,Fermann M.E.,Fermann,Martin E.,"IMRA America, Inc.",1,True
10.1364/ol.19.001043,3,6603885329,Blixt P.,Blixt,Peter,RISE Acreo AB,1,False
10.1364/ol.19.001043,4,6602758604,Tellefsen J.A.,Tellefsen,Jens A.,The Royal Institute of Technology (KTH),1,False
10.1364/ol.19.001043,5,7005776610,Harter D.,Harter,Donald,"IMRA America, Inc.",1,True
10.1364/ol.19.001201,1,7003316887,Galvanauskas A.,Galvanauskas,,"IMRA America, Inc.",1,True
10.1364/ol.19.001201,2,7005467080,Fermann M.E.,Fermann,,"IMRA America, Inc.",1,True
10.1364/ol.19.001201,3,7005776610,Harter D.,Harter,,"IMRA America, Inc.",1,True
10.1364/ol.20.000195,1,57208763705,Ober M.H.,Ober,,TU Wien,1,False
10.1364/ol.20.000195,2,22969320600,Sucha G.,Sucha,,"IMRA America, Inc.",1,True
10.1364/ol.20.000195,3,7005467080,Fermann M.E.,Fermann,,"IMRA America, Inc.",1,True
10.1364/ol.20.001625,1,7005467080,Fermann M.E.,Fermann,,"IMRA America, Inc.",1,True
10.1364/ol.20.001625,2,35494995200,Bennion I.,Bennion,,"IMRA America, Inc.",1,True
10.1364/ol.20.001625,3,35497979500,Sugden K.,Sugden,,"IMRA America, Inc.",1,True
10.1364/ol.20.001701,1,7202450206,Hofer M.,Hofer,,TU Wien,1,False
10.1364/ol.20.001701,2,57208763705,Ober M.H.,Ober,,TU Wien,1,False
10.1364/ol.20.001701,3,7102519552,Hofer R.,Hofer,,TU Wien,1,False
10.1364/ol.20.001701,4,7005467080,Fermann M.E.,Fermann,,"IMRA America, Inc.",1,True
10.1364/ol.20.001701,5,22969320600,Sucha G.,Sucha,,"IMRA America, Inc.",1,True
10.1364/ol.20.001701,6,7005776610,Harter D.,Harter,,"IMRA America, Inc.",1,True
10.1364/ol.20.001701,7,35497979500,Sugden K.,Sugden,,Aston University,1,False
10.1364/ol.20.001701,8,35494995200,Bennion I.,Bennion,,Aston University,1,False
10.1364/ol.20.001701,9,7005345233,Mendonca C.A.C.,Mendonca,,Nokia Bell Labs,1,False
10.1364/ol.20.001701,10,22970580400,Chiu T.H.,Chiu,,Nokia Bell Labs,1,False
10.1364/ol.20.001794,1,22969320600,Sucha G.,Sucha,,"University of California, Berkeley; Lawrence Berkeley National Laboratory",2,False
10.1364/ol.20.001794,2,7102315335,Bolton S.R.,Bolton,,"University of California, Berkeley; Lawrence Berkeley National Laboratory",2,False
10.1364/ol.20.001794,3,7403678118,Weiss S.,Weiss,,"University of California, Berkeley; Lawrence Berkeley National Laboratory",2,False
10.1364/ol.20.001794,4,7102401250,Chemla D.S.,Chemla,,"University of California, Berkeley; Lawrence Berkeley National Laboratory",2,False
10.1364/ol.20.001797,1,7004290992,Minelly J.D.,Minelly,,"IMRA America, Inc.",1,True
10.1364/ol.20.001797,2,7003316887,Galvanauskas A.,Galvanauskas,,"IMRA America, Inc.",1,True
10.1364/ol.20.001797,3,7005467080,Fermann M.E.,Fermann,,"IMRA America, Inc.",1,True
10.1364/ol.20.001797,4,7005776610,Harter D.,Harter,,"IMRA America, Inc.",1,True
10.1364/ol.20.001797,5,6603940694,Caplen J.E.,Caplen,,University of Southampton,1,False
10.1364/ol.20.001797,6,57189880706,Chen Z.J.,Chen,,University of Southampton,1,False
10.1364/ol.20.001797,7,7402805280,Payne D.N.,Payne,,University of Southampton,1,False
10.1364/ol.20.002303,1,57208763705,Ober M.H.,Ober,,TU Wien,1,False
10.1364/ol.20.002303,2,7202450206,Hofer M.,Hofer,,TU Wien,1,False
10.1364/ol.20.002303,3,7102519552,Hofer R.,Hofer,,TU Wien,1,False
10.1364/ol.20.002303,4,6701634919,Reider G.A.,Reider,,TU Wien,1,False
10.1364/ol.20.002303,5,22969320600,Sucha G.D.,Sucha,,"IMRA America, Inc.",1,True
10.1364/ol.20.002303,6,7005467080,Fermann M.E.,Fermann,,"IMRA America, Inc.",1,True
10.1364/ol.20.002303,7,7005776610,Harter D.,Harter,,"IMRA America, Inc.",1,True
10.1364/ol.20.002303,8,7005345233,Mendonca C.A.C.,Mendonca,,Nokia Bell Labs,1,False
10.1364/ol.20.002303,9,22970580400,Chiu T.H.,Chiu,,Nokia Bell Labs,1,False
10.1364/ol.21.000128,1,6603931112,Hariharan A.,Hariharan,,"IMRA America, Inc.",1,True
10.1364/ol.21.000128,2,7005467080,Fermann M.E.,Fermann,,"IMRA America, Inc.",1,True
10.1364/ol.21.000128,3,35966651800,Stock M.L.,Stock,,"IMRA America, Inc.",1,True
10.1364/ol.21.000128,4,7005776610,Harter D.J.,Harter,,"IMRA America, Inc.",1,True
10.1364/ol.21.000128,5,7006753769,Squier J.,Squier,Jeff,Electrical and Computer Engineering Department,1,False
10.1364/ol.21.000967,1,7005467080,Fermann M.E.,Fermann,,"IMRA America, Inc.",1,True
10.1364/ol.21.000967,2,7005776610,Harter D.,Harter,,"IMRA America, Inc.",1,True
10.1364/ol.21.000967,3,7004290992,Minelly J.D.,Minelly,,University of Southampton,1,False
10.1364/ol.21.000967,4,7003924256,Vienne G.G.,Vienne,,University of Southampton,1,False
10.1364/ol.21.000970,1,7005467080,Fermann M.E.,Fermann,,"IMRA America, Inc.",1,True
10.1364/ol.21.000970,2,7004290992,Minelly J.D.,Minelly,,University of Southampton,1,False
10.1364/ol.21.001049,1,7003316887,Galvanauskas A.,Galvanauskas,,"IMRA America, Inc.",1,True
10.1364/ol.21.001049,2,57217846165,Krug P.A.,Krug,Peter A.,"IMRA America, Inc.; The University of Sydney",2,True
10.1364/ol.21.001049,3,7005776610,Harter D.,Harter,,"IMRA America, Inc.",1,True
10.1364/ol.21.001570,1,22969320600,Sucha G.,Sucha,,"IMRA America, Inc.",1,True
10.1364/ol.21.001570,2,7202450206,Hofer M.,Hofer,,"IMRA America, Inc.; TU Wien",2,True
10.1364/ol.21.001570,3,7005467080,Fermann M.E.,Fermann,,"IMRA America, Inc.",1,True
10.1364/ol.21.001570,4,7005556225,Haberl F.,Haberl,,"IMRA America, Inc.; TU Wien",2,True
10.1364/ol.21.001570,5,7005776610,Harter D.,Harter,,"IMRA America, Inc.",1,True
10.1364/ol.22.000013,1,57204403006,Arbore M.A.,Arbore,,Ginzton Laboratory,1,False
10.1364/ol.22.000013,2,35227187900,Fejer M.M.,Fejer,,Ginzton Laboratory,1,False
10.1364/ol.22.000013,3,7005467080,Fermann M.E.,Fermann,,"IMRA America, Inc.",1,True
10.1364/ol.22.000013,4,6603931112,Hariharan A.,Hariharan,,"IMRA America, Inc.",1,True
10.1364/ol.22.000013,5,7003316887,Galvanauskas A.,Galvanauskas,,"IMRA America, Inc.",1,True
10.1364/ol.22.000013,6,7005776610,Harter D.,Harter,,"IMRA America, Inc.",1,True
10.1364/ol.22.000105,1,7003316887,Galvanauskas A.,Galvanauskas,,"IMRA America, Inc.",1,True
10.1364/ol.22.000105,2,57204403006,Arbore M.A.,Arbore,,Ginzton Laboratory,1,False
10.1364/ol.22.000105,3,35227187900,Fejer M.M.,Fejer,,Ginzton Laboratory,1,False
10.1364/ol.22.000105,4,7005467080,Fermann M.E.,Fermann,,"IMRA America, Inc.",1,True
10.1364/ol.22.000105,5,7005776610,Harter D.,Harter,,"IMRA America, Inc.",1,True
10.1364/ol.22.001341,1,57204403006,Arbore M.A.,Arbore,,Ginzton Laboratory,1,False
10.1364/ol.22.001341,2,7003316887,Galvanauskas A.,Galvanauskas,,"IMRA America, Inc.",1,True
10.1364/ol.22.001341,3,7005776610,Harter D.,Harter,,"IMRA America, Inc.",1,True
10.1364/ol.22.001341,4,7201844239,Chou M.H.,Chou,,Ginzton Laboratory,1,False
10.1364/ol.22.001341,5,35227187900,Fejer M.M.,Fejer,,Ginzton Laboratory,1,False
10.1364/ol.23.000052,1,7005467080,Fermann M.E.,Fermann,Martin E.,"IMRA America, Inc.",1,True
10.1364/ol.23.000210,1,7003316887,Galvanauskas A.,Galvanauskas,,"IMRA America, Inc.",1,True
10.1364/ol.23.000210,2,6603931112,Hariharan A.,Hariharan,,"IMRA America, Inc.",1,True
10.1364/ol.23.000210,3,7005776610,Harter D.,Harter,,"IMRA America, Inc.",1,True
10.1364/ol.23.000210,4,57204403006,Arbore M.A.,Arbore,,Ginzton Laboratory,1,False
10.1364/ol.23.000210,5,35227187900,Fejer M.M.,Fejer,,Ginzton Laboratory,1,False
10.1364/ol.23.000864,1,6603758756,Imeshev G.,Imeshev,,Ginzton Laboratory,1,False
10.1364/ol.23.000864,2,7003316887,Galvanauskas A.,Galvanauskas,,"IMRA America, Inc.",1,True
10.1364/ol.23.000864,3,7005776610,Harter D.,Harter,,"IMRA America, Inc.",1,True
10.1364/ol.23.000864,4,57204403006,Arbore M.A.,Arbore,,Ginzton Laboratory,1,False
10.1364/ol.23.000864,5,57198296163,Proctor M.,Proctor,,Ginzton Laboratory,1,False
10.1364/ol.23.000864,6,35227187900,Fejer M.M.,Fejer,,Ginzton Laboratory,1,False
10.1364/ol.23.001695,1,7003316887,Galvanauskas A.,Galvanauskas,,"IMRA America, Inc.",1,True
10.1364/ol.23.001695,2,7005776610,Harter D.,Harter,,"IMRA America, Inc.",1,True
10.1364/ol.23.001695,3,57204403006,Arbore M.A.,Arbore,,Ginzton Laboratory,1,False
10.1364/ol.23.001695,4,7201844239,Chou M.H.,Chou,,Ginzton Laboratory,1,False
10.1364/ol.23.001695,5,35227187900,Fejer M.M.,Fejer,,Ginzton Laboratory,1,False
10.1364/ol.23.001840,1,7202450206,Hofer M.,Hofer,,"IMRA America, Inc.",1,True
10.1364/ol.23.001840,2,7005467080,Fermann M.E.,Fermann,,"IMRA America, Inc.",1,True
10.1364/ol.23.001840,3,7003316887,Galvanauskas A.,Galvanauskas,,"IMRA America, Inc.",1,True
10.1364/ol.23.001840,4,7005776610,Harter D.,Harter,,"IMRA America, Inc.",1,True
10.1364/ol.23.001840,5,35512998300,Windeler R.S.,Windeler,Robert S.,Lucent Technologies,1,False
10.1364/ol.24.001074,1,57220646743,Jiang M.,Jiang,,"IMRA America, Inc.; Cynosure, Inc.",2,True
10.1364/ol.24.001074,2,22969320600,Sucha G.,Sucha,,"IMRA America, Inc.",1,True
10.1364/ol.24.001074,3,7005467080,Fermann M.E.,Fermann,,"IMRA America, Inc.",1,True
10.1364/ol.24.001074,4,58417528400,Jimenez J.,Jimenez,,"IMRA America, Inc.",1,True
10.1364/ol.24.001074,5,7005776610,Harter D.,Harter,,"IMRA America, Inc.",1,True
10.1364/ol.24.001074,6,7102288196,Dagenais M.,Dagenais,,"University of Maryland, Baltimore (UMB)",1,False
10.1364/ol.24.001074,7,7401924404,Fox S.,Fox,,"University of Maryland, Baltimore (UMB)",1,False
10.1364/ol.24.001074,8,57221205207,Hu Y.,Hu,,"University of Maryland, Baltimore (UMB)",1,False
10.1364/ol.24.001428,1,7005467080,Fermann M.E.,Fermann,,"IMRA America, Inc.",1,True
10.1364/ol.24.001428,2,7003316887,Galvanauskas A.,Galvanauskas,,"IMRA America, Inc.",1,True
10.1364/ol.24.001428,3,35966651800,Stock M.L.,Stock,,"IMRA America, Inc.",1,True
10.1364/ol.24.001428,4,35265445000,Wong K.K.,Wong,,"IMRA America, Inc.",1,True
10.1364/ol.24.001428,5,7005776610,Harter D.,Harter,,"IMRA America, Inc.",1,True
10.1364/ol.24.001428,6,23003948200,Goldberg L.,Goldberg,,U.S. Naval Research Laboratory,1,False
10.1364/ol.26.000268,1,6603758756,Imeshev G.,Imeshev,,Ginzton Laboratory,1,False
10.1364/ol.26.000268,2,35227187900,Fejer M.M.,Fejer,,Ginzton Laboratory,1,False
10.1364/ol.26.000268,3,7003316887,Galvanauskas A.,Galvanauskas,,"IMRA America, Inc.",1,True
10.1364/ol.26.000268,4,7005776610,Harter D.,Harter,,"IMRA America, Inc.",1,True
10.1364/ol.26.000935,1,7003316887,Galvanauskas A.,Galvanauskas,,"IMRA America, Inc.",1,True
10.1364/ol.26.000935,2,7201438056,Cho G.C.,Cho,,"IMRA America, Inc.",1,True
10.1364/ol.26.000935,3,6603931112,Hariharan A.,Hariharan,,"IMRA America, Inc.",1,True
10.1364/ol.26.000935,4,7005467080,Fermann M.E.,Fermann,,"IMRA America, Inc.",1,True
10.1364/ol.26.000935,5,7005776610,Harter D.,Harter,,"IMRA America, Inc.",1,True
10.1364/ol.29.000679,1,6603758756,Imeshev G.,Imeshev,,"IMRA America, Inc.",1,True
10.1364/ol.29.000679,2,7003288655,Hartl I.,Hartl,,"IMRA America, Inc.",1,True
10.1364/ol.29.000679,3,7005467080,Fermann M.E.,Fermann,,"IMRA America, Inc.",1,True
10.1364/ol.29.002467,1,7003909021,Schibli T.R.,Schibli,,National Institute of Advanced Industrial Science and Technology,1,False
10.1364/ol.29.002467,2,7006559985,Minoshima K.,Minoshima,,National Institute of Advanced Industrial Science and Technology,1,False
10.1364/ol.29.002467,3,7102224626,Hong F.-L.,Hong,,National Institute of Advanced Industrial Science and Technology,1,False
10.1364/ol.29.002467,4,7202113239,Inaba H.,Inaba,,National Institute of Advanced Industrial Science and Technology,1,False
10.1364/ol.29.002467,5,7004100508,Onae A.,Onae,,National Institute of Advanced Industrial Science and Technology,1,False
10.1364/ol.29.002467,6,16555670800,Matsumoto H.,Matsumoto,,National Institute of Advanced Industrial Science and Technology,1,False
10.1364/ol.29.002467,7,7003288655,Hartl I.,Hartl,,"IMRA America, Inc.",1,True
10.1364/ol.29.002467,8,7005467080,Fermann M.E.,Fermann,,"IMRA America, Inc.",1,True
10.1364/ol.30.002855,1,59828935800,Wong W.S.,Wong,William S.,"IMRA America, Inc.",1,True
10.1364/ol.30.002855,2,52763680000,Peng X.,Peng,Xiang,"IMRA America, Inc.",1,True
10.1364/ol.30.002855,3,56036102100,McLaughlin J.M.,McLaughlin,Joseph M.,"IMRA America, Inc.",1,True
10.1364/ol.30.002855,4,7402561185,Dong L.,Dong,Liang,"IMRA America, Inc.",1,True
10.1364/ol.31.003046,1,7005057565,Swann W.C.,Swann,W.C.,National Institute of Standards and Technology,1,False
10.1364/ol.31.003046,2,7005567401,McFerran J.J.,McFerran,J.J.,National Institute of Standards and Technology,1,False
10.1364/ol.31.003046,3,6602354390,Coddington I.,Coddington,,National Institute of Standards and Technology,1,False
10.1364/ol.31.003046,4,6701598029,Newbury N.R.,Newbury,N.R.,National Institute of Standards and Technology,1,False
10.1364/ol.31.003046,5,7003288655,Hartl I.,Hartl,,"IMRA America, Inc.",1,True
10.1364/ol.31.003046,6,7005467080,Fermann M.E.,Fermann,M.E.,"IMRA America, Inc.",1,True
10.1364/ol.31.003046,7,7005480723,Westbrook P.S.,Westbrook,P.S.,OFS Laboratories,1,False
10.1364/ol.31.003046,8,55625861500,Nicholson J.W.,Nicholson,J.W.,OFS Laboratories,1,False
10.1364/ol.31.003046,9,23666745200,Feder K.S.,Feder,K.S.,OFS Laboratories,1,False
10.1364/ol.31.003046,10,6602878168,Langrock C.,Langrock,,Ginzton Laboratory,1,False
10.1364/ol.31.003046,11,35227187900,Fejer M.M.,Fejer,M.M.,Ginzton Laboratory,1,False
10.1364/ol.32.000358,1,52763680000,Peng X.,Peng,Xiang,"IMRA America, Inc.",1,True
10.1364/ol.32.000358,2,7402561185,Dong L.,Dong,Liang,"IMRA America, Inc.",1,True
10.1364/ol.32.002478,1,6602878168,Langrock C.,Langrock,Carsten,Ginzton Laboratory,1,False
10.1364/ol.32.002478,2,35227187900,Fejer M.M.,Fejer,,Ginzton Laboratory,1,False
10.1364/ol.32.002478,3,7003288655,Hartl I.,Hartl,,"IMRA America, Inc.",1,True
10.1364/ol.32.002478,4,7005467080,Fermann M.E.,Fermann,Martin E.,"IMRA America, Inc.",1,True
10.1364/ol.37.002928,1,36185693000,Phillips C.R.,Phillips,,Ginzton Laboratory,1,False
10.1364/ol.37.002928,2,55731799700,Jiang J.,Jiang,,"IMRA America, Inc.",1,True
10.1364/ol.37.002928,3,7102642221,Mohr C.,Mohr,,"IMRA America, Inc.",1,True
10.1364/ol.37.002928,4,13005988500,Lin A.C.,Lin,,Stanford University,1,False
10.1364/ol.37.002928,5,6602878168,Langrock C.,Langrock,,Ginzton Laboratory,1,False
10.1364/ol.37.002928,6,16424479800,Snure M.,Snure,,Air Force Research Laboratory,1,False
10.1364/ol.37.002928,7,7102454916,Bliss D.,Bliss,,Air Force Research Laboratory,1,False
10.1364/ol.37.002928,8,58592411200,Zhu M.,Zhu,,Agilent Laboratories,1,False
10.1364/ol.37.002928,9,7003288655,Hartl I.,Hartl,,"IMRA America, Inc.",1,True
10.1364/ol.37.002928,10,7202257193,Harris J.S.,Harris,,Stanford University,1,False
10.1364/ol.37.002928,11,7005467080,Fermann M.E.,Fermann,,"IMRA America, Inc.",1,True
10.1364/ol.37.002928,12,35227187900,Fejer M.M.,Fejer,,Ginzton Laboratory,1,False
10.1364/ol.37.003084,1,55034367500,Lee C.-C.,Lee,,University of Colorado Boulder,1,False
10.1364/ol.37.003084,2,7102642221,Mohr C.,Mohr,,"IMRA America, Inc.",1,True
10.1364/ol.37.003084,3,57192789339,Bethge J.,Bethge,,"IMRA America, Inc.",1,True
10.1364/ol.37.003084,4,55035904700,Suzuki S.,Suzuki,,Toyota Technological Institute,1,True
10.1364/ol.37.003084,5,7005467080,Fermann M.E.,Fermann,,"IMRA America, Inc.",1,True
10.1364/ol.37.003084,6,7003288655,Hartl I.,Hartl,,"IMRA America, Inc.",1,True
10.1364/ol.37.003084,7,7003909021,Schibli T.R.,Schibli,,University of Colorado Boulder,1,False
10.1364/ol.383036,1,36537260700,Kuse N.,Kuse,Naoya,IMRA America Inc.; Tokushima University,2,True
10.1364/ol.383036,2,56308236300,Tetsumoto T.,Tetsumoto,Tomohiro,IMRA America Inc.,1,True
10.1364/ol.383036,3,36554814700,Navickaite G.,Navickaite,Gabriele,École Polytechnique Fédérale de Lausanne,1,False
10.1364/ol.383036,4,35172727600,Geiselmann M.,Geiselmann,Michael,École Polytechnique Fédérale de Lausanne,1,False
10.1364/ol.383036,5,7005467080,Fermann M.E.,Fermann,Martin E.,"IMRA America, Inc.",1,True
10.1364/ol.392578,1,57214731038,Zhang H.,Zhang,Honghao,Utsunomiya University,1,False
10.1364/ol.392578,2,35490523500,Hasegawa S.,Hasegawa,Satoshi,Utsunomiya University,1,False
10.1364/ol.392578,3,22636002100,Takahashi H.,Takahashi,Hidetomo,"IMRA America, Inc.",1,True
10.1364/ol.392578,4,7202067846,Toyoda H.,Toyoda,Haruyoshi,Hamamatsu Photonics K.K.,1,False
10.1364/ol.392578,5,7005906561,Hayasaki Y.,Hayasaki,Yoshio,Utsunomiya University,1,False
10.1364/ol.398345,1,56308236300,Tetsumoto T.,Tetsumoto,Tomohiro,IMRA America Inc.,1,True
10.1364/ol.398345,2,57212265403,Ayano F.,Ayano,Fumiya,The University of Osaka,1,False
10.1364/ol.398345,3,11839936200,Yeo M.,Yeo,Mark,IMRA America Inc.,1,True
10.1364/ol.398345,4,7101660668,Webber J.,Webber,Julian,The University of Osaka,1,False
10.1364/ol.398345,5,7006744896,Nagatsuma T.,Nagatsuma,Tadao,The University of Osaka,1,False
10.1364/ol.398345,6,55401164500,Rolland A.,Rolland,Antoine,IMRA America Inc.,1,True
10.1364/opex.12.006508,1,6603758756,Imeshev G.,Imeshev,,"IMRA America, Inc.",1,True
10.1364/opex.12.006508,2,7003288655,Hartl I.,Hartl,,"IMRA America, Inc.",1,True
10.1364/opex.12.006508,3,7005467080,Fermann M.E.,Fermann,,"IMRA America, Inc.",1,True
10.1364/opex.13.004717,1,7006451326,Shah L.,Shah,Lawrence,"IMRA America, Inc.",1,True
10.1364/opex.13.004717,2,57221433804,Liu Z.,Liu,Zhenlin,"IMRA America, Inc.",1,True
10.1364/opex.13.004717,3,7003288655,Hartl I.,Hartl,Ingmar,"IMRA America, Inc.",1,True
10.1364/opex.13.004717,4,6603758756,Imeshev G.,Imeshev,Gennady,"IMRA America, Inc.",1,True
10.1364/opex.13.004717,5,7201438056,Cho G.C.,Cho,Gyu C.,"IMRA America, Inc.",1,True
10.1364/opex.13.004717,6,7005467080,Fermann M.E.,Fermann,Martin E.,"IMRA America, Inc.",1,True
10.1364/opex.13.006490,1,7003288655,Hartl I.,Hartl,,"IMRA America, Inc.",1,True
10.1364/opex.13.006490,2,6603758756,Imeshev G.,Imeshev,,"IMRA America, Inc.",1,True
10.1364/opex.13.006490,3,7005467080,Fermann M.E.,Fermann,,"IMRA America, Inc.",1,True
10.1364/opex.13.006490,4,6602878168,Langrock C.,Langrock,,Ginzton Laboratory,1,False
10.1364/opex.13.006490,5,35227187900,Fejer M.M.,Fejer,,Ginzton Laboratory,1,False
10.1364/opex.13.007424,1,6603758756,Imeshev G.,Imeshev,,"IMRA America, Inc.",1,True
10.1364/opex.13.007424,2,7005467080,Fermann M.E.,Fermann,,"IMRA America, Inc.",1,True
10.1364/optcon.543988,1,57355839500,Yada H.,Yada,Hiroyuki,"IMRA America, Inc.",1,True
10.1364/optcon.543988,2,57355424900,Ichikawa Y.,Ichikawa,Yuki,"IMRA America, Inc.",1,True
10.1364/optica.427977,1,8344658900,Lee K.F.,Lee,Kevin F.,"IMRA America, Inc.",1,True
10.1364/optica.427977,2,56347758700,Zhou G.,Zhou,Gengji,"University of Michigan, Ann Arbor; Shanghai Institute of Optics and Fine Mechanics Chinese Academy of Sciences",2,False
10.1364/optica.427977,3,57206183670,Yun Y.,Yun,Yu,"IMRA America, Inc.",1,True
10.1364/optica.427977,4,55731799700,Jiang J.,Jiang,Jie,"IMRA America, Inc.",1,True
10.1364/optica.427977,5,7004905231,Winful H.G.,Winful,Herbert G.,"University of Michigan, Ann Arbor",1,False
10.1364/optica.427977,6,7005467080,Fermann M.E.,Fermann,Martin E.,"IMRA America, Inc.",1,True
10.1364/optica.498402,1,57205656916,Inoue D.,Inoue,Daisuke,"Toyota Central R&D Labs., Inc.",1,True
10.1364/optica.498402,2,35778054000,Ichikawa T.,Ichikawa,Tadashi,"Toyota Central R&D Labs., Inc.",1,True
10.1364/optica.498402,3,55114601300,Shimogaki T.,Shimogaki,Tetsuya,"Toyota Central R&D Labs., Inc.",1,True
10.1364/optica.498402,4,36780786100,Matsubara H.,Matsubara,Hiroyuki,"Toyota Central R&D Labs., Inc.",1,True
10.1364/optica.498402,5,7102376036,Kawasaki A.,Kawasaki,Akari,"Toyota Central R&D Labs., Inc.",1,True
10.1364/optica.498402,6,34979565400,Yamashita T.,Yamashita,Tatsuya,"Toyota Central R&D Labs., Inc.",1,True
10.1364/optica.568460,1,8344658900,Lee K.F.,Lee,Kevin F.,"IMRA America, Inc.",1,True
10.1364/optica.568460,2,57304098400,Lampen J.,Lampen,Jacob,"IMRA America, Inc.",1,True
10.1364/optica.568460,3,56456903400,Li P.,Li,Peng,"IMRA America, Inc.",1,True
10.1364/optica.568460,4,55731799700,Jiang J.,Jiang,Jie,"IMRA America, Inc.",1,True
10.1364/optica.568460,5,7005467080,Fermann M.E.,Fermann,Martin E.,"IMRA America, Inc.",1,True
10.1364/osac.422925,1,56308236300,TETSUMOTO T.,TETSUMOTO,TOMOHIRO,IMRA America Inc.,1,True
10.1364/osac.422925,2,55731799700,JIANG J.,JIANG,JIE,"IMRA America, Inc.",1,True
10.1364/osac.422925,3,7005467080,FERMANN M.E.,FERMANN,MARTIN E.,"IMRA America, Inc.",1,True
10.1364/osac.422925,4,36554814700,NAVICKAITE G.,NAVICKAITE,GABRIELE,LIGENTEC,1,False
10.1364/osac.422925,5,35172727600,GEISELMANN M.,GEISELMANN,MICHAEL,LIGENTEC,1,False
10.1364/osac.422925,6,55401164500,ROLLAND A.,ROLLAND,ANTOINE,IMRA America Inc.,1,True
10.1371/journal.pcbi.1009043,1,57208102683,Sakashita M.,Sakashita,Misaki,The University of Osaka,1,False
10.1371/journal.pcbi.1009043,2,55418078600,Yamasaki S.,Yamasaki,Shintaro,The University of Osaka,1,False
10.1371/journal.pcbi.1009043,3,55787947500,Yaji K.,Yaji,Kentaro,The University of Osaka,1,False
10.1371/journal.pcbi.1009043,4,57205936753,Kawamoto A.,Kawamoto,Atsushi,"Toyota Central R&D Labs., Inc.",1,True
10.1371/journal.pcbi.1009043,5,55228372300,Kondo S.,Kondo,Shigeru,The University of Osaka,1,False
10.1371/journal.pcbi.1009373,1,57207103554,Tanaka H.,Tanaka,Hidenori,Department of Medicine,1,False
10.1371/journal.pcbi.1009373,2,8398634600,Kreisberg J.F.,Kreisberg,Jason F.,Department of Medicine,1,False
10.1371/journal.pcbi.1009373,3,35515050000,Ideker T.,Ideker,Trey,Department of Medicine,1,False
10.1371/journal.pone.0114858,1,35512142000,Takahashi Y.,Takahashi,Yoshio,The University of Tokyo; Hiroshima University,2,False
10.1371/journal.pone.0114858,2,59035159900,Kondo K.,Kondo,Kazuhiro,"IMRA Japan Co., Ltd.",1,True
10.1371/journal.pone.0114858,3,55523462700,Miyaji A.,Miyaji,Asami,Hiroshima University,1,False
10.1371/journal.pone.0114858,4,60421140800,Watanabe Y.,Watanabe,Yusuke,The University of Tokyo,1,False
10.1371/journal.pone.0114858,5,20433778100,Fan Q.,Fan,Qiaohui,The University of Tokyo,1,False
10.1371/journal.pone.0114858,6,7201857455,Honma T.,Honma,Tetsuo,Japan Synchrotron Radiation Research Institute,1,False
10.1371/journal.pone.0114858,7,55834876800,Tanaka K.,Tanaka,Kazuya,Hiroshima University,1,False
10.14778/3407790.3407818,1,57190489621,Koide S.,Koide,Satoshi,"Toyota Central R&D Labs., Inc.",1,True
10.14778/3407790.3407818,2,7202240345,Xiao C.,Xiao,Chuan,The University of Osaka; Nagoya University,2,False
10.14778/3407790.3407818,3,35302539800,Ishikawa Y.,Ishikawa,Yoshiharu,Nagoya University,1,False
10.1557/jmr.2007.0294,1,16549113300,Allenic A.,Allenic,,"University of Michigan, Ann Arbor",1,False
10.1557/jmr.2007.0294,2,56768534200,Guo W.,Guo,,"University of Michigan, Ann Arbor",1,False
10.1557/jmr.2007.0294,3,59653399400,Chen Y.B.,Chen,,"University of Michigan, Ann Arbor",1,False
10.1557/jmr.2007.0294,4,57198576416,Zhao G.Y.,Zhao,,"University of Michigan, Ann Arbor",1,False
10.1557/jmr.2007.0294,5,7401930674,Pan X.Q.,Pan,,"University of Michigan, Ann Arbor",1,False
10.1557/jmr.2007.0294,6,14027903500,Che Y.,Che,,"IMRA America, Inc.",1,True
10.1557/jmr.2007.0294,7,15834833400,Hu Z.D.,Hu,,"IMRA America, Inc.",1,True
10.1557/jmr.2007.0294,8,55502865500,Liu B.,Liu,,"IMRA America, Inc.",1,True
10.1557/s43579-025-00812-y,1,57208298606,Abubakr E.,Abubakr,Eslam,The University of Electro-Communications; Faculty of Energy Engineering,2,False
10.1557/s43579-025-00812-y,2,57216335017,Saito S.,Saito,Shiro,"IMRA Japan Co., Ltd.",1,True
10.1557/s43579-025-00812-y,3,57329497300,Suzuki H.,Suzuki,Hironori,"IMRA Japan Co., Ltd.",1,True
10.1557/s43579-025-00812-y,4,57203057848,Kan T.,Kan,Tetsuo,The University of Electro-Communications,1,False
10.1587/elex.20.20230584,1,58075511100,Maekawa K.,Maekawa,Keisuke,The University of Osaka,1,False
10.1587/elex.20.20230584,2,58075237000,Nakashita T.,Nakashita,Tomoya,The University of Osaka,1,False
10.1587/elex.20.20230584,3,58073922300,Yoshioka T.,Yoshioka,Toki,The University of Osaka,1,False
10.1587/elex.20.20230584,4,57217281449,Hori T.,Hori,Takashi,"IMRA America, Inc.",1,True
10.1587/elex.20.20230584,5,55401164500,Rolland A.,Rolland,Antoine,"IMRA America, Inc.",1,True
10.1587/elex.20.20230584,6,7006744896,Nagatsuma T.,Nagatsuma,Tadao,The University of Osaka,1,False
10.2116/analsci.28.985,1,35512142000,Takahashi Y.,Takahashi,Yoshio,Hiroshima University,2,False
10.2116/analsci.28.985,2,59035159900,Kondo K.,Kondo,Kazuhiro,"IMRA Japan Co., Ltd.",1,True
10.2116/analsci.28.985,3,55523462700,Miyaji A.,Miyaji,Asami,Hiroshima University,1,False
10.2116/analsci.28.985,4,55524205200,Umeo M.,Umeo,Miyuki,Hiroshima University,1,False
10.2116/analsci.28.985,5,7201857455,Honma T.,Honma,Tetsuo,Japan Synchrotron Radiation Research Institute,1,False
10.2116/analsci.28.985,6,26436366100,Asaoka S.,Asaoka,Satoshi,Hiroshima University,1,False
10.22331/q-2022-04-13-688,1,55354221200,Kondo R.,Kondo,Ruho,"Toyota Central R&D Labs., Inc.",1,True
10.22331/q-2022-04-13-688,2,57225212672,Sato Y.,Sato,Yuki,"Toyota Central R&D Labs., Inc.",1,True
10.22331/q-2022-04-13-688,3,57190489621,Koide S.,Koide,Satoshi,"Toyota Central R&D Labs., Inc.",1,True
10.22331/q-2022-04-13-688,4,58835028300,Kajita S.,Kajita,Seiji,"Toyota Central R&D Labs., Inc.",1,True
10.22331/q-2022-04-13-688,5,57225205100,Takamatsu H.,Takamatsu,Hideki,Toyota Motor Corporation,1,True
10.22331/q-2025-01-15-1594,1,55354221200,Kondo R.,Kondo,Ruho,"Toyota Central R&D Labs., Inc.; Keio University",2,True
10.22331/q-2025-01-15-1594,2,57225212672,Sato Y.,Sato,Yuki,"Toyota Central R&D Labs., Inc.; Keio University",2,True
10.22331/q-2025-01-15-1594,3,59340208300,Raymond R.,Raymond,Rudy,Keio University; The University of Tokyo,2,False
10.22331/q-2025-01-15-1594,4,35792845100,Yamamoto N.,Yamamoto,Naoki,Keio University,2,False
10.23919/acc63710.2025.11107679,1,56739624300,Ito Y.,Ito,Yuji,"Toyota Central R&D Labs., Inc.",1,True
10.23919/acc63710.2025.11107818,1,59035729200,Shida Y.,Shida,Yuma,"Toyota Central R&D Labs., Inc.",1,True
10.23919/acc63710.2025.11107818,2,56739624300,Ito Y.,Ito,Yuji,"Toyota Central R&D Labs., Inc.",1,True
10.23919/acc63710.2025.11107938,1,57212867347,Shima R.,Shima,Ryotaro,"Toyota Central R&D Labs., Inc.",1,True
10.23919/acc63710.2025.11107938,2,57204569626,Moriyasu R.,Moriyasu,Ryuta,"Toyota Central R&D Labs., Inc.",1,True
10.23919/acc63710.2025.11107938,3,59367596600,Kato T.,Kato,Teruki,"Toyota Central R&D Labs., Inc.",1,True
10.23919/eumc.2019.8910724,1,56457432900,Yi L.,Yi,Li,The University of Osaka,1,False
10.23919/eumc.2019.8910724,2,57205425255,Iwamoto K.,Iwamoto,Kenta,The University of Osaka,1,False
10.23919/eumc.2019.8910724,3,57212271616,Yamamoto T.,Yamamoto,Takumi,The University of Osaka,1,False
10.23919/eumc.2019.8910724,4,57212265403,Ayano F.,Ayano,Fumiya,The University of Osaka,1,False
10.23919/eumc.2019.8910724,5,55926351300,Li Y.,Li,Yihan,"IMRA America, Inc.; Beihang University",2,True
10.23919/eumc.2019.8910724,6,55401164500,Rolland A.,Rolland,Antoine,"IMRA America, Inc.",1,True
10.23919/eumc.2019.8910724,7,36537260700,Kuse N.,Kuse,Naoya,"IMRA America, Inc.",1,True
10.23919/eumc.2019.8910724,8,7005467080,Fermann M.,Fermann,Martin,"IMRA America, Inc.",1,True
10.23919/eumc.2019.8910724,9,7006744896,Nagatsuma T.,Nagatsuma,Tadao,The University of Osaka,1,False
10.24963/ijcai.2022/534,1,43761201000,Iwase T.,Iwase,Tatsuya,"Toyota Motor Europe NV/SA; Toyota Central R&D Labs., Inc.",2,True
10.24963/ijcai.2022/534,2,57193076095,Stein S.,Stein,Sebastian,University of Southampton,1,False
10.24963/ijcai.2022/534,3,6508139443,Gerding E.H.,Gerding,Enrico H.,University of Southampton,1,False
10.24963/ijcai.2022/534,4,56654789500,Chapman A.,Chapman,Archie,The University of Queensland,1,False
10.2961/jlmn.2006.03.0005,1,7006451326,Shah L.,Shah,Lawrence,"IMRA America, Inc.",1,True
10.2961/jlmn.2006.03.0005,2,7005467080,Fermann M.E.,Fermann,Martin E.,"IMRA America, Inc.",1,True
10.2961/jlmn.2006.03.0021,1,7005835902,Yoshino F.,Yoshino,Fumiyo,"IMRA America, Inc.",1,True
10.2961/jlmn.2006.03.0021,2,6503899187,Bovatsek J.,Bovatsek,James,"IMRA America, Inc.",1,True
10.2961/jlmn.2006.03.0021,3,8688491800,Arai A.,Arai,Alan,"IMRA America, Inc.",1,True
10.2961/jlmn.2006.03.0021,4,8592793500,Uehara Y.,Uehara,Yuzuru,"IMRA America, Inc.",1,True
10.2961/jlmn.2006.03.0021,5,57221433804,Liu Z.,Liu,Zhenlin,"IMRA America, Inc.",1,True
10.2961/jlmn.2006.03.0021,6,7201438056,Cho G.,Cho,Gyu,"IMRA America, Inc.",1,True
10.2961/jlmn.2008.03.0006,1,7005835902,Yoshino F.,Yoshino,Fumiyo,"IMRA America, Inc.",1,True
10.2961/jlmn.2008.03.0006,2,7006451326,Shah L.,Shah,Lawrence,"IMRA America, Inc.",1,True
10.2961/jlmn.2008.03.0006,3,7005467080,Fermann M.,Fermann,Martin,"IMRA America, Inc.",1,True
10.2961/jlmn.2008.03.0006,4,8688491800,Arai A.,Arai,Alan,"IMRA America, Inc.",1,True
10.2961/jlmn.2008.03.0006,5,8592793500,Uehara Y.,Uehara,Yuzuru,"IMRA America, Inc.",1,True
10.3389/fcimb.2021.712360,1,57282874500,Kohda K.,Kohda,Katsunori,Toyota Motor Corporation,1,True
10.3389/fcimb.2021.712360,2,57282874600,Li X.,Li,Xuan,Toyota Motor Corporation,1,True
10.3389/fcimb.2021.712360,3,57283181700,Soga N.,Soga,Naoki,Toyota Motor Corporation,1,True
10.3389/fcimb.2021.712360,4,56426133000,Nagura R.,Nagura,Risa,Toyota Motor Corporation,1,True
10.3389/fcimb.2021.712360,5,56495135700,Duerna T.,Duerna,Tie,Graduate School of Medicine,1,False
10.3389/fcimb.2021.712360,6,36070676300,Nakajima S.,Nakajima,Saeko,Graduate School of Medicine,1,False
10.3389/fcimb.2021.712360,7,7102713833,Nakagawa I.,Nakagawa,Ichiro,Graduate School of Medicine,1,False
10.3389/fcimb.2021.712360,8,57191292814,Ito M.,Ito,Masakazu,Toyota Motor Corporation,1,True
10.3389/fcimb.2021.712360,9,59753140900,Ikeuchi A.,Ikeuchi,Akinori,Toyota Motor Corporation,1,True
10.3389/fneur.2020.596632,1,7007047511,Engelhard H.H.,Engelhard,Herbert H.,University of Illinois at Chicago; Richard and Loan Hill Department of Biomedical Engineering,2,False
10.3389/fneur.2020.596632,2,57215584140,Willis A.J.,Willis,Alexander J.,University of Illinois at Chicago; University of Illinois College of Medicine,2,False
10.3389/fneur.2020.596632,3,58276913600,Hussain S.I.,Hussain,Syed I.,University of Illinois at Chicago; Armour College of Engineering,2,False
10.3389/fneur.2020.596632,4,8330875100,Papavasiliou G.,Papavasiliou,Georgia,Armour College of Engineering,1,False
10.3389/fneur.2020.596632,5,57200758978,Banner D.J.,Banner,David J.,Richard and Loan Hill Department of Biomedical Engineering,1,False
10.3389/fneur.2020.596632,6,56530734500,Kwasnicki A.,Kwasnicki,Amanda,University of Illinois at Chicago,1,False
10.3389/fneur.2020.596632,7,6701770040,Lakka S.S.,Lakka,Sajani S.,University of Illinois College of Medicine,1,False
10.3389/fneur.2020.596632,8,57220884032,Hwang S.,Hwang,Sangyeul,"IMRA America, Inc.",1,True
10.3389/fneur.2020.596632,9,9242793800,Shokuhfar T.,Shokuhfar,Tolou,Richard and Loan Hill Department of Biomedical Engineering,1,False
10.3389/fneur.2020.596632,10,57197866132,Morris S.C.,Morris,Sean C.,"PULSE THERAPEUTICS, INC.",1,False
10.3389/fneur.2020.596632,11,55502865500,Liu B.,Liu,Bing,"IMRA America, Inc.",1,True
10.3389/fnins.2023.1191617,1,58484854300,Oka N.,Oka,Nodoka,"Toyota Central R&D Labs., Inc.",1,True
10.3389/fnins.2023.1191617,2,55815092400,Iwai K.,Iwai,Koichiro,"Toyota Central R&D Labs., Inc.",1,True
10.3389/fnins.2023.1191617,3,36925901400,Sakai H.,Sakai,Hiroyuki,"Toyota Central R&D Labs., Inc.",1,True
10.3389/fphy.2022.1005074,1,7005467080,Fermann M.E.,Fermann,Martin E.,"IMRA America, Inc.",1,True
10.3389/fphy.2022.1005074,2,8344658900,Lee K.F.,Lee,Kevin F.,"IMRA America, Inc.",1,True
10.3389/fphy.2022.1005074,3,56456903400,Li P.,Li,Peng,"IMRA America, Inc.",1,True
10.3389/fphy.2022.1005074,4,55401164500,Rolland A.,Rolland,Antoine,"IMRA America, Inc.",1,True
10.3389/fphy.2022.1005074,5,55731799700,Jiang J.,Jiang,Jie,"IMRA America, Inc.",1,True
10.3390/app9101983,1,56640312800,Ito S.,Ito,Seigo,"Toyota Central R&D Labs., Inc.",1,True
10.3390/app9101983,2,7005276426,Soga M.,Soga,Mineki,"Toyota Central R&D Labs., Inc.",1,True
10.3390/app9101983,3,57215460460,Hiratsuka S.,Hiratsuka,Shigeyoshi,"Toyota Central R&D Labs., Inc.",1,True
10.3390/app9101983,4,36780786100,Matsubara H.,Matsubara,Hiroyuki,"Toyota Central R&D Labs., Inc.",1,True
10.3390/app9101983,5,25655315900,Ogawa M.,Ogawa,Masaru,"Toyota Central R&D Labs., Inc.",1,True
10.3390/app9235008,1,24477488900,Hirabayashi S.,Hirabayashi,Satoko,"Toyota Central R&D Labs., Inc.",1,True
10.3390/app9235008,2,7402584059,Iwamoto M.,Iwamoto,Masami,"Toyota Central R&D Labs., Inc.",1,True
10.3390/c11030059,1,58044219100,Ando T.,Ando,Teruki,Hokkaido University,1,False
10.3390/c11030059,2,56026725400,Yokokura S.,Yokokura,Seiya,Hokkaido University,1,False
10.3390/c11030059,3,57195064658,Waizumi H.,Waizumi,Hiroki,Hokkaido University,1,False
10.3390/c11030059,4,57329497300,Suzuki H.,Suzuki,Hironori,"IMRA Japan Co., Ltd.",1,True
10.3390/c11030059,5,60114648700,Kawashima K.,Kawashima,Kenji,"IMRA Japan Co., Ltd.",1,True
10.3390/c11030059,6,7402200296,Shimada T.,Shimada,Toshihiro,Hokkaido University,1,False
10.3390/mi10070482,1,57205656916,Inoue D.,Inoue,Daisuke,"Toyota Central R&D Labs., Inc.",1,True
10.3390/mi10070482,2,35778054000,Ichikawa T.,Ichikawa,Tadashi,"Toyota Central R&D Labs., Inc.",1,True
10.3390/mi10070482,3,7102376036,Kawasaki A.,Kawasaki,Akari,"Toyota Central R&D Labs., Inc.",1,True
10.3390/mi10070482,4,34979565400,Yamashita T.,Yamashita,Tatsuya,"Toyota Central R&D Labs., Inc.",1,True
10.3390/molecules25030761,1,56710934900,Ishida N.,Ishida,Nobuhiro,"Toyota Central R&D Labs., Inc.",1,True
10.3390/molecules25030761,2,24168376500,Hatanaka T.,Hatanaka,Takaaki,"Toyota Central R&D Labs., Inc.",1,True
10.3390/molecules25030761,3,57209261545,Hosokawa Y.,Hosokawa,Yoichi,"Toyota Central R&D Labs., Inc.",1,True
10.3390/molecules25030761,4,7403034024,Kojima K.,Kojima,Katsura,"Institute of Agrobiological Sciences, NARO",1,False
10.3390/molecules25030761,5,36025399800,Iizuka T.,Iizuka,Tetsuya,"Institute of Agrobiological Sciences, NARO",1,False
10.3390/molecules25030761,6,8622085800,Teramoto H.,Teramoto,Hidetoshi,"Institute of Agrobiological Sciences, NARO",1,False
10.3390/molecules25030761,7,14919672700,Sezutsu H.,Sezutsu,Hideki,"Institute of Agrobiological Sciences, NARO",1,False
10.3390/molecules25030761,8,35501502900,Kameda T.,Kameda,Tsunenori,"Institute of Agrobiological Sciences, NARO",1,False
10.3390/ph16010071,1,58077023900,Mhanna K.,Mhanna,Karim,University of Michigan Medical School,1,False
10.3390/ph16010071,2,57199691486,Qian W.,Qian,Wei,"IMRA America, Inc.",1,True
10.3390/ph16010071,3,57961428600,Zhong Z.,Zhong,Ziyun,Nankai University,1,False
10.3390/ph16010071,4,55471418900,Brooks A.F.,Brooks,Allen F.,University of Michigan Medical School,1,False
10.3390/ph16010071,5,57449826400,Ouchi E.,Ouchi,Erika,University of Michigan Medical School,1,False
10.3390/ph16010071,6,57200937901,Stauff J.,Stauff,Jenelle,University of Michigan Medical School,1,False
10.3390/ph16010071,7,57200942889,Arteaga J.,Arteaga,Janna,University of Michigan Medical School,1,False
10.3390/ph16010071,8,6506565894,Papachristou M.,Papachristou,Maria,KAT Hospital,1,False
10.3390/ph16010071,9,23995207900,Datseris I.E.,Datseris,Ioannis E.,KAT Hospital,1,False
10.3390/ph16010071,10,55502865500,Liu B.,Liu,Bing,"IMRA America, Inc.",1,True
10.3390/ph16010071,11,7202920490,Shao X.,Shao,Xia,University of Michigan Medical School,1,False
10.3390/ph16010071,12,22935240600,Scott P.J.H.,Scott,Peter J. H.,University of Michigan Medical School,1,False
10.3390/s21175883,1,27968097600,de Cumis M.S.,de Cumis,Mario Siciliani,Agenzia Spaziale Italiana; CNR - Istituto Nazionale di Ottica; Università degli Studi di Firenze,3,False
10.3390/s21175883,2,6701868160,Eramo R.,Eramo,Roberto,CNR - Istituto Nazionale di Ottica; Università degli Studi di Firenze,2,False
10.3390/s21175883,3,55731799700,Jiang J.,Jiang,Jie,"IMRA America, Inc.",1,True
10.3390/s21175883,4,7005467080,Fermann M.E.,Fermann,Martin E.,"IMRA America, Inc.",1,True
10.3390/s21175883,5,6603607157,Pastor P.C.,Pastor,Pablo Cancio,CNR - Istituto Nazionale di Ottica; Università degli Studi di Firenze,2,False
10.35848/1347-4065/abd539,1,57205689390,Lloyd S.,Lloyd,Savanna,Japan Advanced Institute of Science and Technology,1,False
10.35848/1347-4065/abd539,2,6505844357,Higashimine K.,Higashimine,Koichi,Japan Advanced Institute of Science and Technology,1,False
10.35848/1347-4065/abd539,3,59433579100,Tanigawa T.,Tanigawa,Tatsuya,IMRA America Inc.,1,True
10.35848/1347-4065/abd539,4,7201731917,Murata H.,Murata,Hideyuki,Japan Advanced Institute of Science and Technology,1,False
10.35848/1347-4065/ad1699,1,58137592600,Yamaoka U.,Yamaoka,Utana,The University of Electro-Communications,1,False
10.35848/1347-4065/ad1699,2,58816340300,Kaneda Y.,Kaneda,Yuuki,The University of Electro-Communications,1,False
10.35848/1347-4065/ad1699,3,57202061170,Oshita M.,Oshita,Masaaki,The University of Electro-Communications,1,False
10.35848/1347-4065/ad1699,4,57216335017,Saito S.,Saito,Shiro,"IMRA Japan Co., Ltd.",1,True
10.35848/1347-4065/ad1699,5,57203057848,Kan T.,Kan,Tetsuo,The University of Electro-Communications,1,False
10.35848/1882-0786/aba494,1,8522430400,Kimura T.,Kimura,Taishi,"Toyota Central R&D Labs., Inc.",1,True
10.35848/1882-0786/aba494,2,13408171400,Kataoka K.,Kataoka,Keita,"Toyota Central R&D Labs., Inc.",1,True
10.35848/1882-0786/aba494,3,7007107345,Uedono A.,Uedono,Akira,University of Tsukuba,1,False
10.35848/1882-0786/aba494,4,35397740400,Amano H.,Amano,Hiroshi,Nagoya University,1,False
10.35848/1882-0786/aba494,5,57191988304,Nakamura D.,Nakamura,Daisuke,"Toyota Central R&D Labs., Inc.",1,True
10.4131/jshpreview.35.85,1,57202286282,Kawashima K.,Kawashima,Kenji,"IMRA Japan Co., Ltd.",1,True
10.4131/jshpreview.35.85,2,57211599079,Ninomiya H.,Ninomiya,Hiroki,National Institute of Advanced Industrial Science and Technology,1,False
10.4131/jshpreview.35.85,3,7004125383,Fujihisa H.,Fujihisa,Hiroshi,National Institute of Advanced Industrial Science and Technology,1,False
10.4131/jshpreview.35.85,4,11039578700,Iyo A.,Iyo,Akira,National Institute of Advanced Industrial Science and Technology,1,False
10.4230/lipics.wads.2025.41,1,56425257500,Kawase Y.,Kawase,Yasushi,The University of Tokyo,1,False
10.4230/lipics.wads.2025.41,2,7202528105,Makino K.,Makino,Kazuhisa,Kyoto University,1,False
10.4230/lipics.wads.2025.41,3,60108422200,Phan V.L.,Phan,Vinh Long,Toyota Motor Corporation,1,True
10.4230/lipics.wads.2025.41,4,55843100600,Sumita H.,Sumita,Hanna,Institute of Science Tokyo,1,False
10.4271/980086,1,55640986200,Luo A.,Luo,,"IMRA America, Inc.",1,True
10.4271/980086,2,55691362000,Shinoda T.,Shinoda,,"IMRA America, Inc.",1,True
10.7566/jpsj.85.064710,1,57202286282,Kawashima K.,Kawashima,Kenji,"IMRA Japan Co., Ltd.; National Institute of Advanced Industrial Science and Technology",2,True
10.7566/jpsj.85.064710,2,56224508000,Kinjo T.,Kinjo,Tatsuya,National Institute of Advanced Industrial Science and Technology; Tokyo University of Science,2,False
10.7566/jpsj.85.064710,3,55667217200,Nishio T.,Nishio,Taichiro,National Institute of Advanced Industrial Science and Technology; Tokyo University of Science,2,False
10.7566/jpsj.85.064710,4,25923470800,Ishida S.,Ishida,Shigeyuki,National Institute of Advanced Industrial Science and Technology,1,False
10.7566/jpsj.85.064710,5,7004125383,Fujihisa H.,Fujihisa,Hiroshi,National Institute of Advanced Industrial Science and Technology,1,False
10.7566/jpsj.85.064710,6,7201963235,Gotoh Y.,Gotoh,Yoshito,National Institute of Advanced Industrial Science and Technology,1,False
10.7566/jpsj.85.064710,7,6507040591,Kihou K.,Kihou,Kunihiro,National Institute of Advanced Industrial Science and Technology,1,False
10.7566/jpsj.85.064710,8,7005867924,Eisaki H.,Eisaki,Hiroshi,National Institute of Advanced Industrial Science and Technology,1,False
10.7566/jpsj.85.064710,9,56555651100,Yoshida Y.,Yoshida,Yoshiyuki,National Institute of Advanced Industrial Science and Technology,1,False
10.7566/jpsj.85.064710,10,11039578700,Iyo A.,Iyo,Akira,National Institute of Advanced Industrial Science and Technology,1,False
10.7567/1347-4065/ab0d06,1,7101700103,Chichibu S.F.,Chichibu,Shigefusa F.,Tohoku University; Nagoya University; Hokkaido University,3,False
10.7567/1347-4065/ab0d06,2,55365156000,Shima K.,Shima,Kohei,Tohoku University,1,False
10.7567/1347-4065/ab0d06,3,7403033780,Kojima K.,Kojima,Kazunobu,Tohoku University,1,False
10.7567/1347-4065/ab0d06,4,55286467600,Takashima S.-Y.,Takashima,Shin-Ya,"Fuji Electric Co., Ltd.",1,False
10.7567/1347-4065/ab0d06,5,7403134136,Ueno K.,Ueno,Katsunori,"Fuji Electric Co., Ltd.",1,False
10.7567/1347-4065/ab0d06,6,6603440967,Edo M.,Edo,Masaharu,"Fuji Electric Co., Ltd.",1,False
10.7567/1347-4065/ab0d06,7,56213061800,Iguchi H.,Iguchi,Hiroko,"Toyota Central R&D Labs., Inc.",1,True
10.7567/1347-4065/ab0d06,8,7202898936,Narita T.,Narita,Tetsuo,"Toyota Central R&D Labs., Inc.",1,True
10.7567/1347-4065/ab0d06,9,13408171400,Kataoka K.,Kataoka,Keita,"Toyota Central R&D Labs., Inc.",1,True
10.7567/1347-4065/ab0d06,10,7202455424,Ishibashi S.,Ishibashi,Shoji,National Institute of Advanced Industrial Science and Technology,1,False
10.7567/1347-4065/ab0d06,11,7007107345,Uedono A.,Uedono,Akira,University of Tsukuba,1,False
