openalex_id,openalex_doi,openalex_title,publication_year,type,cited_by_count,referenced_works_count,n_authors,authors,author_openalex_ids,institutions,institution_countries,institutions_distinct_count,primary_topic,primary_subfield,primary_field,primary_domain,venue_openalex
https://openalex.org/W7110066572,https://doi.org/10.4230/lipics.wads.2025.41,Scheduling on Identical Machines with Setup Time and Unknown Execution Time,2025,article,0,0,4,"Kawase, Yasushi; Makino, Kazuhisa; Phan, Vinh Long; Sumita, Hanna",; ; ; ,The University of Tokyo; Kyoto University; Toyota Motor Corporation (Japan); Institute of Science Tokyo,JP,4,Scheduling and Optimization Algorithms,Industrial and Manufacturing Engineering,Engineering,Physical Sciences,DROPS (Schloss Dagstuhl – Leibniz Center for Informatics)
https://openalex.org/W4401726313,https://doi.org/10.1080/01691864.2024.2391831,Task and motion planning using mixed integer linear programming for solving fetch-and-carry tasks by a mobile manipulator,2024,article,2,31,3,Sotaro Suwa; Keisuke Takeshita; Kimitoshi Yamazaki,https://openalex.org/A5020021667; https://openalex.org/A5042147200; https://openalex.org/A5035229636,Shinshu University; Toyota Motor Corporation (Japan),JP,3,Robotic Path Planning Algorithms,Computer Vision and Pattern Recognition,Computer Science,Physical Sciences,Advanced Robotics
https://openalex.org/W4400411437,https://doi.org/10.1080/01691864.2024.2369816,Whole-body inverse kinematics robust to base position control error in mobile manipulators,2024,article,2,28,2,Keisuke Takeshita; Takashi Yamamoto,https://openalex.org/A5042147200; https://openalex.org/A5002731209,Toyota Motor Corporation (Japan); Aichi Institute of Technology,JP,2,Robotic Mechanisms and Dynamics,Control and Systems Engineering,Engineering,Physical Sciences,Advanced Robotics
https://openalex.org/W4285102542,https://doi.org/10.1109/icra46639.2022.9811768,Cooperative Transportation using Multiple Single-Rotor Robots and Decentralized Control for Unknown Payloads,2022,conference-paper,6,23,3,Koshi Oishi; Yasushi Amano; T. Jimbo,https://openalex.org/A5006483829; https://openalex.org/A5112776119; https://openalex.org/A5066055821,Toyota Central Research and Development Laboratories (Japan); Toyota Motor Corporation (Japan),JP,2,Distributed Control Multi-Agent Systems,Computer Networks and Communications,Computer Science,Physical Sciences,2022 International Conference on Robotics and Automation (ICRA)
https://openalex.org/W3114570494,https://doi.org/10.1080/01691864.2020.1863260,Online motion generation using accumulated swept volumes,2020,article,6,27,4,Rui Zhu; Kotaro Nagahama; Keisuke Takeshita; Kimitoshi Yamazaki,https://openalex.org/A5070090646; https://openalex.org/A5059309308; https://openalex.org/A5042147200; https://openalex.org/A5035229636,Shinshu University; Toyota Motor Corporation (Japan),JP,2,Robotic Path Planning Algorithms,Computer Vision and Pattern Recognition,Computer Science,Physical Sciences,Advanced Robotics
https://openalex.org/W2990929481,https://doi.org/10.1007/s00158-019-02418-0,Formation of periodic ribbed or lattice structures in topology optimization assisted by biological pattern formation,2019,article,4,53,1,Yoshiki Fukada,https://openalex.org/A5073979014,Toyota Motor Corporation (Japan),JP,1,Topology Optimization in Engineering,Civil and Structural Engineering,Engineering,Physical Sciences,Structural and Multidisciplinary Optimization
https://openalex.org/W2962692363,https://doi.org/10.1007/s00158-019-02345-0,Support-free robust topology optimization based on pseudo-inverse stiffness matrix and eigenvalue analysis,2019,article,5,57,1,Yoshiki Fukada,https://openalex.org/A5073979014,Toyota Motor Corporation (Japan),JP,1,Topology Optimization in Engineering,Civil and Structural Engineering,Engineering,Physical Sciences,Structural and Multidisciplinary Optimization
https://openalex.org/W2804891162,https://doi.org/10.1007/s00158-018-1999-y,Response of shape optimization of thin-walled curved beam and rib formation from unstable structure growth in optimization,2018,article,10,28,4,Yoshiki Fukada; Haruki Minagawa; Chikara Nakazato; Takaaki Nagatani,https://openalex.org/A5073979014; https://openalex.org/A5061874866; https://openalex.org/A5013889395; https://openalex.org/A5016716875,Toyota Motor Corporation (Japan),JP,1,Topology Optimization in Engineering,Civil and Structural Engineering,Engineering,Physical Sciences,Structural and Multidisciplinary Optimization
https://openalex.org/W2774494190,https://doi.org/10.1016/j.tws.2017.10.052,Structural deterioration of curved thin-walled structure and recovery by rib installation: Verification with structural optimization algorithm,2017,article,10,31,4,Yoshiki Fukada; Haruki Minagawa; Chikara Nakazato; Takaaki Nagatani,https://openalex.org/A5073979014; https://openalex.org/A5061874866; https://openalex.org/A5013889395; https://openalex.org/A5016716875,Toyota Motor Corporation (Japan),JP,4,Structural Analysis of Composite Materials,Mechanical Engineering,Engineering,Physical Sciences,Thin-Walled Structures
https://openalex.org/W2782089919,https://doi.org/10.1186/s40648-017-0098-y,A method of picking up a folded fabric product by a single-armed robot,2018,article,14,16,4,Yusuke Moriya; Daisuke Tanaka; Kimitoshi Yamazaki; Keisuke Takeshita,https://openalex.org/A5075312999; https://openalex.org/A5102022194; https://openalex.org/A5035229636; https://openalex.org/A5042147200,Nagano University; Toyota Motor Corporation (Japan),JP,2,Robot Manipulation and Learning,Control and Systems Engineering,Engineering,Physical Sciences,ROBOMECH Journal
https://openalex.org/W7117714905,https://doi.org/10.1016/j.jcis.2025.139769,High-solid-content kneading degrades carboxymethyl cellulose as a dispersant and destabilises graphite anode slurries,2025,article,0,32,6,Soichiro Makino; Masahiko Ishii; Shigehiro Kawauchi; Megumi Sasaki; Yusuke Akimoto; Hiroshi Nakamura,https://openalex.org/A5053461907; https://openalex.org/A5046013137; https://openalex.org/A5034000718; https://openalex.org/A5113622317; https://openalex.org/A5111018334; https://openalex.org/A5121619164,Toyota Central Research and Development Laboratories (Japan),JP,6,Advancements in Battery Materials,Electrical and Electronic Engineering,Engineering,Physical Sciences,Journal of Colloid and Interface Science
https://openalex.org/W7146976621,https://doi.org/10.1002/smtd.202502213,Electrostatic Dry Coating Strategies for Through‐Plane Control of Electronic Pathways in Lithium‐Ion Electrodes,2026,article,0,39,2,Ayaka Yonaga; Takuro Matsunaga,https://openalex.org/A5009151193; https://openalex.org/A5039059152,Toyota Central Research and Development Laboratories (Japan),JP,2,Advancements in Battery Materials,Electrical and Electronic Engineering,Engineering,Physical Sciences,Small Methods
https://openalex.org/W7118242120,https://doi.org/10.1016/j.jphotochemrev.2025.100735,Photocatalytic CO2 reduction with a semiconductor/metal complex hybrid system: Toward visible light and water utilization,2026,article,5,122,4,Takeshi MORIKAWA; Tomiko M. Suzuki; Yuichi Yamaguchi; Akihiko Kudo,https://openalex.org/A5081214708; https://openalex.org/A5076179600; https://openalex.org/A5122150117; https://openalex.org/A5122146917,Tokyo University of Science; Toyota Central Research and Development Laboratories (Japan),JP,2,CO2 Reduction Techniques and Catalysts,"Renewable Energy, Sustainability and the Environment",Energy,Physical Sciences,Journal of Photochemistry and Photobiology C Photochemistry Reviews
https://openalex.org/W7152467586,https://doi.org/10.1038/s42005-026-02621-8,Electrically reconfigurable topological RF filter utilizing a synthetic frequency dimension in a single mechanical resonator,2026,article,0,27,4,Takashi Ozaki; Norikazu Ohta; Jiaju Ma; Motohiro Fujiyoshi,; https://openalex.org/A5067001821; https://openalex.org/A5133313341; https://openalex.org/A5079109888,Toyota Central Research and Development Laboratories (Japan),JP,1,Acoustic Wave Resonator Technologies,Biomedical Engineering,Engineering,Physical Sciences,Communications Physics
https://openalex.org/W4416510342,https://doi.org/10.1016/j.cej.2025.170753,Water generation in the mesoporous catalyst layers of automotive fuel cells: insights from operando small-angle neutron scattering,2025,article,2,34,8,Masashi Harada; Naoki Hasegawa; Akihiko Kato; Yuki Higuchi; Satoru Kato; Fangzhou Song; Hiroki Iwase; S. Takata,https://openalex.org/A5087333692; https://openalex.org/A5015589680; https://openalex.org/A5102833745; https://openalex.org/A5059689705; https://openalex.org/A5011165746; https://openalex.org/A5079726728; https://openalex.org/A5078574488; https://openalex.org/A5041881439,Toyota Central Research and Development Laboratories (Japan); Japan Atomic Energy Agency; Japan Proton Accelerator Research Complex; Comprehensive Research Organization for Science and Society,JP,8,Fuel Cells and Related Materials,Electrical and Electronic Engineering,Engineering,Physical Sciences,Chemical Engineering Journal
https://openalex.org/W4416747400,https://doi.org/10.1021/acssusresmgt.5c00405,Fluorene-Based Capacity Recovery Reagent for LiFePO <sub>4</sub> Batteries,2025,article,2,41,3,Yuki Shibata; Riho Mikita; Hiroki Kondo,; https://openalex.org/A5079282128; https://openalex.org/A5047252063,Toyota Central Research and Development Laboratories (Japan),JP,1,Fiber-reinforced polymer composites,Mechanical Engineering,Engineering,Physical Sciences,ACS Sustainable Resource Management
https://openalex.org/W4406785368,https://doi.org/10.1137/25m1726339,Exploring Variance Reduction in Importance Sampling for Efficient DNN Training,2025,article,0,7,1,Takuro Kutsuna,https://openalex.org/A5012936801,Toyota Central Research and Development Laboratories (Japan),JP,1,Speech Recognition and Synthesis,Artificial Intelligence,Computer Science,Physical Sciences,SIAM Journal on Mathematics of Data Science
https://openalex.org/W7128527556,https://doi.org/10.1016/j.jpowsour.2026.239533,Effect of graphite shape on tortuosity and rate capability of electrodes,2026,article,0,21,8,Takumi Kusano; Shigehiro Kawauchi; Kazuhisa Isegawa; Shuji Takahashi; Taro Watanabe; Michiaki Kamiyama; Masaaki Tani; Hiroshi Nakamura,https://openalex.org/A5013392444; https://openalex.org/A5034000718; https://openalex.org/A5108115314; https://openalex.org/A5125519723; https://openalex.org/A5125497067; https://openalex.org/A5125585151; https://openalex.org/A5019256256; https://openalex.org/A5125500893,Toyota Central Research and Development Laboratories (Japan),JP,8,Advancements in Battery Materials,Electrical and Electronic Engineering,Engineering,Physical Sciences,Journal of Power Sources
https://openalex.org/W4416825401,https://doi.org/10.1111/2041-210x.70209,Non‐invasive reconstruction of complete mitochondrial genomes from aquatic environmental DNA using PCR‐free long‐read sequencing,2025,article,2,34,4,Hinano Mizuno; Hidenori Tanaka; Yoshikazu Furuta; Nobuhiko Muramoto,https://openalex.org/A5003314409; https://openalex.org/A5103087805; https://openalex.org/A5047403424; https://openalex.org/A5055198530,Toyota Central Research and Development Laboratories (Japan),JP,4,Environmental DNA in Biodiversity Studies,Ecology,Environmental Science,Physical Sciences,Methods in Ecology and Evolution
https://openalex.org/W4416823778,https://doi.org/10.1016/j.trd.2025.105136,Bridging the gap in workplace charging requirements between demand and supply sides,2025,article,2,44,3,Ryosuke Kataoka; Ken Hidaka; Tomoki Nishi,https://openalex.org/A5082805587; https://openalex.org/A5007204638; https://openalex.org/A5029287040,Toyota Central Research and Development Laboratories (Japan),JP,1,Electric Vehicles and Infrastructure,Electrical and Electronic Engineering,Engineering,Physical Sciences,Transportation Research Part D Transport and Environment
https://openalex.org/W4415681280,https://doi.org/10.1016/j.applthermaleng.2025.128860,"Smart inflatable radiator for autonomous, temperature-driven heat dissipation",2025,article,1,22,3,Ko Kugimoto; Takayuki Hirai; Takanori Kaneko,https://openalex.org/A5069636660; https://openalex.org/A5028194483; ,Toyota Central Research and Development Laboratories (Japan),JP,3,Spacecraft Design and Technology,Aerospace Engineering,Engineering,Physical Sciences,Applied Thermal Engineering
https://openalex.org/W4415754194,https://doi.org/10.1039/d5ta06122a,Improved stability and selectivity of CuFe <sub>2</sub> O <sub>4</sub> -based catalysts for photoelectrochemical CO <sub>2</sub> -to-acetate conversion,2025,article,1,45,5,Naohiko Kato; Shu Saeki; Yusaku Nishimura; Yasuhiko Takeda; Shinya Moribe,https://openalex.org/A5073447372; https://openalex.org/A5108568231; https://openalex.org/A5038877168; https://openalex.org/A5103237032; https://openalex.org/A5045320900,Toyota Central Research and Development Laboratories (Japan),JP,1,CO2 Reduction Techniques and Catalysts,"Renewable Energy, Sustainability and the Environment",Energy,Physical Sciences,Journal of Materials Chemistry A
https://openalex.org/W4417183631,https://doi.org/10.1021/jacs.5c19250,Mechanism of CO <sub>2</sub> Electrolysis with Heterogenized Molecular Iridium Catalysts Deciphered Using Operando Spectroscopy,2025,article,4,53,10,Naonari Sakamoto; Keita Sekizawa; Shunsuke Sato; Jieun Jung; Taku Wakabayashi; Kenji Kamada; Takamasa Nonaka; Takeshi Uyama; Takeshi Morikawa; Susumu Saito,https://openalex.org/A5003305079; https://openalex.org/A5008137526; https://openalex.org/A5032289572; https://openalex.org/A5064406310; https://openalex.org/A5080084198; https://openalex.org/A5078611088; https://openalex.org/A5015523164; https://openalex.org/A5032225113; https://openalex.org/A5076624018; https://openalex.org/A5074307978,Toyota Central Research and Development Laboratories (Japan); Nagoya University; Graduate School USA,JP; US,3,CO2 Reduction Techniques and Catalysts,"Renewable Energy, Sustainability and the Environment",Energy,Physical Sciences,Journal of the American Chemical Society
https://openalex.org/W4414400888,https://doi.org/10.1016/j.automatica.2025.112621,Sampled-data primal–dual gradient dynamics in model predictive control,2025,article,1,21,3,Ryuta Moriyasu; Sho Kawaguchi; Kenji Kashima,https://openalex.org/A5048174369; https://openalex.org/A5078389020; https://openalex.org/A5066521241,Toyota Industries (Japan); Kyoto University,JP,3,Advanced Control Systems Optimization,Control and Systems Engineering,Engineering,Physical Sciences,Automatica
https://openalex.org/W4413366379,https://doi.org/10.1002/adom.202500994,Inverse Design of Dual‐Band Valley‐Hall Topological Photonic Crystals With Arbitrary Pseudospin States,2025,article,1,56,4,Yuki Sato; Shrinathan Esakimuthu Pandarakone; Junpei Oba; Kenichi Yatsugi,https://openalex.org/A5072441184; https://openalex.org/A5067500709; https://openalex.org/A5030605698; https://openalex.org/A5029720668,Toyota Central Research and Development Laboratories (Japan),JP,1,Topological Materials and Phenomena,"Atomic and Molecular Physics, and Optics",Physics and Astronomy,Physical Sciences,Advanced Optical Materials
https://openalex.org/W4412434013,https://doi.org/10.1016/j.trd.2025.104876,How to improve PHEV electric mileage ratios? Factor decomposition with Explainable AI,2025,article,3,70,5,Hayato Goto; Tomoki Nishi; Takahiro Shiga; Takeyuki Sasai; Shintaro Fukushima,https://openalex.org/A5102872686; https://openalex.org/A5029287040; https://openalex.org/A5102232260; https://openalex.org/A5113704484; https://openalex.org/A5009843586,Toyota Motor Corporation (Japan),JP,5,Energy Load and Power Forecasting,Electrical and Electronic Engineering,Engineering,Physical Sciences,Transportation Research Part D Transport and Environment
https://openalex.org/W4412534086,https://doi.org/10.1016/j.jpowsour.2025.237896,In situ observation of water evaporation in gas diffusion layers of polymer electrolyte fuel cells,2025,article,3,56,5,Wataru Yoshimune; Akihiko Kato; Tetsuichiro Hayakawa; S. Yamaguchi; Satoru Kato,; https://openalex.org/A5102833745; https://openalex.org/A5079286518; https://openalex.org/A5101483835; https://openalex.org/A5011165746,Toyota Central Research and Development Laboratories (Japan),JP,1,Fuel Cells and Related Materials,Electrical and Electronic Engineering,Engineering,Physical Sciences,Journal of Power Sources
https://openalex.org/W4415621050,https://doi.org/10.1038/s41598-025-21639-6,Effects of external body vibrations on cognitive performance through brain–cardio–respiratory dynamics,2025,article,1,68,5,Masami Iwamoto; Hoshinori Kanazawa; Atsushi Narita; Shogo Yonekura; Yasuo Kuniyoshi,https://openalex.org/A5103087763; https://openalex.org/A5074363726; https://openalex.org/A5116198160; https://openalex.org/A5029540265; https://openalex.org/A5010543059,Toyota Central Research and Development Laboratories (Japan); Bunkyo University; The University of Tokyo,JP,3,Heart Rate Variability and Autonomic Control,Cardiology and Cardiovascular Medicine,Medicine,Health Sciences,Scientific Reports
https://openalex.org/W4416392187,https://doi.org/10.1039/d5cc05617a,Direct observation of an ionic cobalt complex electron mediator <i>via operando</i> X-ray absorption spectroscopy in photocatalytic Z-scheme CO <sub>2</sub> reduction with (CuGa) <sub>0.3</sub> Zn <sub>1.4</sub> S <sub>2</sub> and BiVO <sub>4</sub>,2025,article,3,22,8,Tomiko M. Suzuki; Takamasa Nonaka; Takeshi Uyama; Naonari Sakamoto; Keita Sekizawa; Yuichi Yamaguchi; Akihiko Kudo; Takeshi Morikawa,https://openalex.org/A5076179600; https://openalex.org/A5015523164; https://openalex.org/A5032225113; https://openalex.org/A5003305079; https://openalex.org/A5008137526; https://openalex.org/A5090406107; https://openalex.org/A5014036614; https://openalex.org/A5076624018,Toyota Central Research and Development Laboratories (Japan); Tokyo University of Science,JP,2,Advanced Photocatalysis Techniques,"Renewable Energy, Sustainability and the Environment",Energy,Physical Sciences,Chemical Communications
https://openalex.org/W4413472837,https://doi.org/10.1016/j.jpowsour.2025.238103,Influence of electrolyte conductivity on the performance of lithium-ion batteries: An electrochemical impedance analysis using symmetric cells,2025,article,5,34,3,Yuichi Itou; Nobuhiro Ogihara; Shigehiro Kawauchi,https://openalex.org/A5052120619; https://openalex.org/A5056071333; https://openalex.org/A5034000718,Toyota Central Research and Development Laboratories (Japan),JP,3,Advancements in Battery Materials,Electrical and Electronic Engineering,Engineering,Physical Sciences,Journal of Power Sources
https://openalex.org/W4410162232,https://doi.org/10.1021/acs.est.5c03574,Sustainable Recovery of Lithium from Contaminated Soil through Halophyte Salt Excretion,2025,article,5,48,5,Ritsuko Yaokawa; Hiroki Sugimoto; Satoru Kosaka; Takamasa Nonaka; Ritsuko Kitagawa‐Yogo,https://openalex.org/A5031639434; https://openalex.org/A5003897202; https://openalex.org/A5064973949; https://openalex.org/A5015523164; https://openalex.org/A5001278856,Toyota Central Research and Development Laboratories (Japan),JP,1,Extraction and Separation Processes,Mechanical Engineering,Engineering,Physical Sciences,Environmental Science & Technology
https://openalex.org/W4413392867,https://doi.org/10.23919/acc63710.2025.11107679,Theoretical Analysis of Heteroscedastic Gaussian Processes with Posterior Distributions<sup>*</sup>,2025,conference-paper,0,29,1,Yuji Ito,https://openalex.org/A5055085996,Toyota Motor Corporation (Switzerland); Toyota Central Research and Development Laboratories (Japan),CH; JP,2,Analysis of environmental and stochastic processes,"Management, Monitoring, Policy and Law",Environmental Science,Physical Sciences,
https://openalex.org/W4413393785,https://doi.org/10.23919/acc63710.2025.11107818,Discrete Distributionally Robust Optimal Control with Explicitly Constrained Optimization,2025,conference-paper,0,26,2,Yuma Shida; Yuji Ito,; https://openalex.org/A5028644363,Toyota Central Research and Development Laboratories (Japan),JP,1,Advanced Control Systems Optimization,Control and Systems Engineering,Engineering,Physical Sciences,
https://openalex.org/W4413393327,https://doi.org/10.23919/acc63710.2025.11107938,Continuation Method for Nonsmooth Model Predictive Control Using Proximal Technique,2025,conference-paper,0,20,3,Ryotaro Shima; Ryuta Moriyasu; Teruki Kato,https://openalex.org/A5021303479; https://openalex.org/A5048174369; https://openalex.org/A5047366348,Toyota Central Research and Development Laboratories (Japan),JP,1,Advanced Control Systems Optimization,Control and Systems Engineering,Engineering,Physical Sciences,
https://openalex.org/W4409626778,https://doi.org/10.1021/acs.chemmater.5c00128,Role of Chloride Ions in the Heat Treatment of β-FeOOH(Cl) Catalysts to Enhance the Oxygen Evolution Reaction Activity,2025,article,4,92,7,Takeshi Uyama; Yusuke Noda; Tomiko M. Suzuki; Keita Sekizawa; Naonari Sakamoto; Takamasa Nonaka; Takeshi Morikawa,https://openalex.org/A5032225113; https://openalex.org/A5044636304; https://openalex.org/A5076179600; https://openalex.org/A5008137526; https://openalex.org/A5003305079; https://openalex.org/A5015523164; https://openalex.org/A5076624018,Toyota Central Research and Development Laboratories (Japan); Kyushu Institute of Technology,JP,7,Electrocatalysts for Energy Conversion,"Renewable Energy, Sustainability and the Environment",Energy,Physical Sciences,Chemistry of Materials
https://openalex.org/W4411506359,https://doi.org/10.1016/j.wasman.2025.114969,Ultrasonic separation of electrode scrap in water: a sustainable method for Li-ion battery recycling,2025,article,8,22,3,Yuka Yamada; Yasuhito Kondo; Hiroki Kondo,https://openalex.org/A5012305266; https://openalex.org/A5113136709; https://openalex.org/A5047252063,Toyota Central Research and Development Laboratories (Japan),JP,1,Extraction and Separation Processes,Mechanical Engineering,Engineering,Physical Sciences,Waste Management
https://openalex.org/W4409749456,https://doi.org/10.1145/3706598.3713744,Do Expressions Change Decisions? Exploring the Impact of AI's Explanation Tone on Decision-Making,2025,conference-paper,15,70,3,Ayano Okoso; Mingzhe Yang; Yukino Baba,https://openalex.org/A5033705342; https://openalex.org/A5068359201; https://openalex.org/A5010710732,Toyota Central Research and Development Laboratories (Japan); The University of Tokyo,JP,2,Explainable Artificial Intelligence (XAI),Artificial Intelligence,Computer Science,Physical Sciences,
https://openalex.org/W4410065017,https://doi.org/10.1016/j.energy.2025.136413,Changing role of battery electric vehicle charging strategies in decarbonizing Japanese power systems,2025,article,5,57,4,Ryosuke Kataoka; Kazuhiko Ogimoto; Yumiko Iwafune; Tomoki Nishi,https://openalex.org/A5082805587; https://openalex.org/A5019349825; https://openalex.org/A5044330355; https://openalex.org/A5029287040,Toyota Central Research and Development Laboratories (Japan); The University of Tokyo,JP,4,Electric Vehicles and Infrastructure,Electrical and Electronic Engineering,Engineering,Physical Sciences,Energy
https://openalex.org/W4409310601,https://doi.org/10.1109/tim.2025.3558744,Extended Shunt-Through Method for High-Frequency Battery Impedance Measurement,2025,article,6,35,5,Keisuke Ishikawa; Tsukasa Usuki; Shogo Komagata; Ryohei Morimoto; Masanori Ishigaki,https://openalex.org/A5076402375; https://openalex.org/A5042078274; https://openalex.org/A5037208032; https://openalex.org/A5034742839; https://openalex.org/A5103202288,Toyota Central Research and Development Laboratories (Japan),JP,1,Advanced Battery Technologies Research,Automotive Engineering,Engineering,Physical Sciences,IEEE Transactions on Instrumentation and Measurement
https://openalex.org/W4408200231,https://doi.org/10.1016/j.buildenv.2025.112828,Subjective mapping of indoor plants based on leaf shape measurements to select suitable plants for indoor landscapes,2025,article,3,61,7,Kenro Tokuhiro; Hiroki Sugimoto; Akinori Ikeuchi; Takeshi Tsujie; Eriko Wada; Masayoshi Muramatsu; Chikara Ohto,https://openalex.org/A5089781081; https://openalex.org/A5003897202; https://openalex.org/A5075245249; https://openalex.org/A5116539916; https://openalex.org/A5035934345; https://openalex.org/A5053868533; https://openalex.org/A5049050488,Toyota Central Research and Development Laboratories (Japan); Minamiaoyama Eye Clinic; Nihon Nohyaku (Japan); Toyota Motor Corporation (Japan),JP,4,Urban Green Space and Health,"Health, Toxicology and Mutagenesis",Environmental Science,Physical Sciences,Building and Environment
https://openalex.org/W4407735868,https://doi.org/10.1109/tii.2025.3538109,Submillisecond Measurement With High Synchronism of Changes in Practical DC Microgrids,2025,article,0,20,2,Tatsuo Fukano; Masaru Sugai,https://openalex.org/A5109427398; https://openalex.org/A5052199733,Toyota Central Research and Development Laboratories (Japan),JP,1,Advanced Electron Microscopy Techniques and Applications,Structural Biology,"Biochemistry, Genetics and Molecular Biology",Life Sciences,IEEE Transactions on Industrial Informatics
https://openalex.org/W4409151202,https://doi.org/10.1038/s41534-025-01011-2,Quantum sensing with duplex qubits of silicon vacancy centers in SiC at room temperature,2025,article,11,40,7,Kosuke Tahara; S. Tamura; Haruko Toyama; Jotaro J. Nakane; Katsuhiro Kutsuki; Yuichi Yamazaki; Takeshi Ohshima,https://openalex.org/A5087926365; https://openalex.org/A5070600914; https://openalex.org/A5050505091; https://openalex.org/A5008006486; https://openalex.org/A5076220058; https://openalex.org/A5011608475; https://openalex.org/A5050352920,Toyota Central Research and Development Laboratories (Japan); National Institutes for Quantum Science and Technology; Tohoku University,JP,7,Diamond and Carbon-based Materials Research,Materials Chemistry,Materials Science,Physical Sciences,npj Quantum Information
https://openalex.org/W4406855854,https://doi.org/10.1038/s41598-025-86788-0,Effect of individual spinal muscle activities on upright posture using a human body finite element model,2025,article,6,37,4,Yuko Nakahira; Masami Iwamoto; Tatsuya Igawa; Ken Ishii,https://openalex.org/A5087056579; https://openalex.org/A5103087763; https://openalex.org/A5042308866; https://openalex.org/A5009341567,Toyota Central Research and Development Laboratories (Japan); International University of Health and Welfare; Tokyo Teishin Hospital,JP,3,Parkinson's Disease and Spinal Disorders,Neurology,Medicine,Health Sciences,Scientific Reports
https://openalex.org/W4405905265,https://doi.org/10.1016/j.eswa.2024.126294,Travel itinerary recommendation using interaction-based augmented data,2024,article,4,75,2,Keisuke Otaki; Yukino Baba,https://openalex.org/A5091332862; https://openalex.org/A5010710732,Toyota Central Research and Development Laboratories (Japan); The University of Tokyo,JP,2,Recommender Systems and Techniques,Information Systems,Computer Science,Physical Sciences,Expert Systems with Applications
https://openalex.org/W4408856364,https://doi.org/10.1007/s10915-025-02846-9,"An Uncertainty-Aware, Mesh-Free Numerical Method for Kolmogorov PDEs",2025,article,1,43,5,Daisuke Inoue; Yuji Ito; Takahito Kashiwabara; Norikazu Saito; Hiroaki Yoshida,https://openalex.org/A5084053345; https://openalex.org/A5028644363; https://openalex.org/A5077685861; https://openalex.org/A5014301754; https://openalex.org/A5086152109,Toyota Central Research and Development Laboratories (Japan); The University of Tokyo,JP,2,Probabilistic and Robust Engineering Design,"Statistics, Probability and Uncertainty",Decision Sciences,Social Sciences,Journal of Scientific Computing
https://openalex.org/W4407447174,https://doi.org/10.1038/s41598-025-89362-w,A comprehensive and quantitative SEM–EDS analytical process applied to lithium-ion battery electrodes,2025,article,14,74,8,Teruki Kato; Kunihiro Goto; Takahiro Niwa; Tsukasa Shimizu; Akinobu Fujii; Bunyo Okumura; Hideaki Oka; Hiroaki Kadoura,; https://openalex.org/A5110734506; ; https://openalex.org/A5075083348; https://openalex.org/A5112698875; https://openalex.org/A5043464138; https://openalex.org/A5016062988; https://openalex.org/A5020366776,Toyota Central Research and Development Laboratories (Japan),JP,1,Electron and X-Ray Spectroscopy Techniques,"Surfaces, Coatings and Films",Materials Science,Physical Sciences,Scientific Reports
https://openalex.org/W4407049795,https://doi.org/10.1002/smtd.202401851,Progress in Experimental Methods Using Model Electrodes for the Development of Noble‐Metal‐Based Oxygen Electrocatalysts in Fuel Cells and Water Electrolyzers,2025,article,7,176,2,Kensaku Kodama; Naoto Todoroki,https://openalex.org/A5024625913; https://openalex.org/A5068147445,Toyota Central Research and Development Laboratories (Japan); Tohoku University,JP,2,Electrocatalysts for Energy Conversion,"Renewable Energy, Sustainability and the Environment",Energy,Physical Sciences,Small Methods
https://openalex.org/W4407056427,https://doi.org/10.1016/j.renene.2025.122548,Dynamic operation of two-stage CO2 methanation reactor: Start-up by H2 combustion and load change by independent control of heat-carrier flow rate,2025,article,4,23,2,Shogo Sayama; Seiji Yamamoto,https://openalex.org/A5049766749; https://openalex.org/A5102848217,Toyota Central Research and Development Laboratories (Japan),JP,1,Hybrid Renewable Energy Systems,Energy Engineering and Power Technology,Energy,Physical Sciences,Renewable Energy
https://openalex.org/W4404868334,https://doi.org/10.1002/anie.202420703,Electrochemical CO<sub>2</sub> Fixation and Release Cycle Featuring a Trinuclear Zinc Complex for Direct Air Capture,2024,article,1,43,8,Masakazu Murase; Naonari Sakamoto; Takeshi Uyama; Takamasa Nonaka; Masataka Ohashi; Shunsuke Sato; Takeo Arai; Toshiyuki Itoh,https://openalex.org/A5017737729; https://openalex.org/A5003305079; https://openalex.org/A5032225113; https://openalex.org/A5015523164; https://openalex.org/A5011818455; https://openalex.org/A5032289572; https://openalex.org/A5033201151; https://openalex.org/A5029436502,Toyota Central Research and Development Laboratories (Japan); Toyota Physical and Chemical Research Institute,JP,2,CO2 Reduction Techniques and Catalysts,"Renewable Energy, Sustainability and the Environment",Energy,Physical Sciences,Angewandte Chemie International Edition
https://openalex.org/W4406403640,https://doi.org/10.22331/q-2025-01-15-1594,Recursive Quantum Relaxation for Combinatorial Optimization Problems,2025,article,8,62,4,Ruho Kondo; Yuki Sato; Rudy Raymond; Naoki Yamamoto,https://openalex.org/A5084660054; https://openalex.org/A5072441184; https://openalex.org/A5028489255; https://openalex.org/A5108724125,Keio University; Toyota Central Research and Development Laboratories (Japan); The University of Tokyo,JP,3,Quantum Computing Algorithms and Architecture,Artificial Intelligence,Computer Science,Physical Sciences,Quantum
https://openalex.org/W4404411354,https://doi.org/10.1109/tits.2024.3487117,Robust Vehicle State Estimation From Urban Driving to the Limits of Handling,2024,article,2,45,4,Daiki Mori; Masahito Kamekawa; Nobushige Fujieda; Yoshihiro Mizuno,; https://openalex.org/A5114659736; https://openalex.org/A5114659737; https://openalex.org/A5112085418,Toyota Central Research and Development Laboratories (Japan),JP,1,Vehicle Dynamics and Control Systems,Automotive Engineering,Engineering,Physical Sciences,IEEE Transactions on Intelligent Transportation Systems
https://openalex.org/W4406475895,https://doi.org/10.1021/acs.chemmater.4c03295,Preparation of Uniaxially Aligned Nanoporous Polymer Films via Photopolymerization Using Self-Assembling Molecular Templates,2025,article,3,57,1,Norihiro Mizoshita,https://openalex.org/A5034771801,Toyota Central Research and Development Laboratories (Japan),JP,1,Mesoporous Materials and Catalysis,Materials Chemistry,Materials Science,Physical Sciences,Chemistry of Materials
https://openalex.org/W4406984582,https://doi.org/10.1038/s41467-025-56596-1,Self-rerouting sensor network for electronic skin resilient to severe damage,2025,article,17,39,3,Takashi Ozaki; Norikazu Ohta; Motohiro Fujiyoshi,https://openalex.org/A5029627891; https://openalex.org/A5067001821; https://openalex.org/A5079109888,Toyota Motor Corporation (Switzerland); Toyota Central Research and Development Laboratories (Japan),CH; JP,2,Advanced Sensor and Energy Harvesting Materials,Biomedical Engineering,Engineering,Physical Sciences,Nature Communications
https://openalex.org/W4405724769,https://doi.org/10.1039/d4sc03378g,Absolute standard hydrogen electrode potential and redox potentials of atoms and molecules: machine learning aided first principles calculations,2024,article,14,83,3,Ryosuke Jinnouchi; Ferenc Karsai; Georg Kresse,https://openalex.org/A5014137404; https://openalex.org/A5007340269; https://openalex.org/A5019751186,Toyota Central Research and Development Laboratories (Japan); VASP Software (Austria); University of Vienna,JP; AT,3,Machine Learning in Materials Science,Materials Chemistry,Materials Science,Physical Sciences,Chemical Science
https://openalex.org/W4404581249,https://doi.org/10.1016/j.mechmachtheory.2024.105851,Stiff deployable structures via coupling of thick Miura-ori tubes along creases,2024,article,9,43,6,Sunao TOMITA; Kento Shimanuki; Kazuhiko Umemoto; Atsushi Kawamoto; Tsuyoshi Nomura; Tomohiro Tachi,https://openalex.org/A5059865900; https://openalex.org/A5054509010; https://openalex.org/A5045018909; https://openalex.org/A5046342937; https://openalex.org/A5078662057; https://openalex.org/A5083771324,Tokyo Institute of Technology; Meguro Parasitological Museum; Mejiro University,JP,3,Advanced Materials and Mechanics,Mechanical Engineering,Engineering,Physical Sciences,Mechanism and Machine Theory
https://openalex.org/W4402574122,https://doi.org/10.1016/j.automatica.2024.111901,Weighted stochastic Riccati equations for generalization of linear optimal control,2024,article,3,65,3,Yuji Ito; Kenji Fujimoto; Yukihiro Tadokoro,https://openalex.org/A5028644363; https://openalex.org/A5037036162; https://openalex.org/A5025021852,Toyota Central Research and Development Laboratories (Japan); Kyoto University,JP,2,Stability and Control of Uncertain Systems,Control and Systems Engineering,Engineering,Physical Sciences,Automatica
https://openalex.org/W4402638249,https://doi.org/10.1016/j.triboint.2024.110258,Molecular simulations of amine-based organic additives at a steel surface: Effect of the internal molecular structure on adsorption,2024,article,5,102,5,Patrick Bonnaud; Hiroshi Moritani; Tomoyuki Kinjo; Norikazu Sato; Mamoru Tohyama,https://openalex.org/A5055989112; https://openalex.org/A5064679292; https://openalex.org/A5053367920; https://openalex.org/A5102521144; https://openalex.org/A5073562668,Toyota Central Research and Development Laboratories (Japan),JP,5,Lubricants and Their Additives,Mechanical Engineering,Engineering,Physical Sciences,Tribology International
https://openalex.org/W4404442401,https://doi.org/10.1016/j.ijhydene.2024.11.178,Effect of H/N ratio control in a multibed ammonia synthesis system with Ru-based catalysts,2024,article,3,29,10,Yoshihiro Gotō; Masashi Kikugawa; Kiyoshi Yamazaki; Hideyuki Matsumoto; Anthony Basuni Hamzah; Shinichi Ookawara; Yuichi Manaka; Tetsuya Nanba; Akinori Satou; Masakazu Aoki,https://openalex.org/A5041130842; https://openalex.org/A5057940700; https://openalex.org/A5033104370; https://openalex.org/A5028828948; https://openalex.org/A5007445231; https://openalex.org/A5030754859; https://openalex.org/A5011673333; https://openalex.org/A5060879784; https://openalex.org/A5020060081; https://openalex.org/A5087707920,Toyota Central Research and Development Laboratories (Japan); Tokyo Institute of Technology; National Institute of Advanced Industrial Science and Technology; Toyota Motor Corporation (Japan),JP,4,Ammonia Synthesis and Nitrogen Reduction,Catalysis,Chemical Engineering,Physical Sciences,International Journal of Hydrogen Energy
https://openalex.org/W4404311215,https://doi.org/10.1016/j.ijhydene.2024.11.053,Effect of support morphology on the ammonia synthesis activity of Ru/CeO2-based catalysts,2024,article,10,68,8,Kiyoshi Yamazaki; Yoshihiro Gotō; Masashi Kikugawa; Akinori Satou; Yuichi Manaka; Tetsuya Nanba; Hideyuki Matsumoto; Shinichi Ookawara,https://openalex.org/A5033104370; https://openalex.org/A5041130842; https://openalex.org/A5057940700; https://openalex.org/A5020060081; https://openalex.org/A5011673333; https://openalex.org/A5060879784; https://openalex.org/A5028828948; https://openalex.org/A5030754859,Toyota Central Research and Development Laboratories (Japan); Toyota Motor Corporation (Japan); National Institute of Advanced Industrial Science and Technology; Tokyo Institute of Technology,JP,4,Ammonia Synthesis and Nitrogen Reduction,Catalysis,Chemical Engineering,Physical Sciences,International Journal of Hydrogen Energy
https://openalex.org/W4403155160,https://doi.org/10.1016/j.jpowsour.2024.235544,Life cycle assessment integrating the effects of recycling and reuse for battery circulation,2024,article,9,48,3,Tetsuro Kobayashi; Hiroki Kondo; Tsuyoshi Sasaki,https://openalex.org/A5014561535; https://openalex.org/A5047252063; https://openalex.org/A5034703679,Toyota Central Research and Development Laboratories (Japan),JP,3,Advanced Battery Technologies Research,Automotive Engineering,Engineering,Physical Sciences,Journal of Power Sources
https://openalex.org/W4405591787,https://doi.org/10.1038/s42005-024-01899-w,Quantum valley Hall effect-based topological boundaries for frequency-dependent and -independent mode energy profiles,2024,article,3,45,3,Keita Funayama; Kenichi Yatsugi; Hideo Iizuka,https://openalex.org/A5088511716; https://openalex.org/A5029720668; https://openalex.org/A5083180550,Toyota Central Research and Development Laboratories (Japan),JP,1,Topological Materials and Phenomena,"Atomic and Molecular Physics, and Optics",Physics and Astronomy,Physical Sciences,Communications Physics
https://openalex.org/W4404067400,https://doi.org/10.1080/00207543.2024.2416560,AND/OR graph generation for disassembly analysis: Deeply-nested subassemblies represented by a hypergraph,2024,article,10,50,1,Shigeru Iwase,https://openalex.org/A5001786018,Toyota Motor Corporation (Switzerland); Toyota Central Research and Development Laboratories (Japan),CH; JP,1,Manufacturing Process and Optimization,Industrial and Manufacturing Engineering,Engineering,Physical Sciences,International Journal of Production Research
https://openalex.org/W4402829246,https://doi.org/10.1016/j.carbon.2024.119664,Gas adsorption analysis for quantifying the edge sites of graphite,2024,article,4,59,3,Hideaki Oka; Norihiko Setoyama; Shinsuke Matsuhara,https://openalex.org/A5016062988; https://openalex.org/A5036887018; https://openalex.org/A5098941797,Toyota Central Research and Development Laboratories (Japan); Toyota Motor Corporation (Japan),JP,3,Graphene research and applications,Materials Chemistry,Materials Science,Physical Sciences,Carbon
https://openalex.org/W4403528386,https://doi.org/10.1016/j.ijhydene.2024.10.062,Reduction of cold-start emissions from an ammonia mono-fueled spark ignition engine,2024,article,3,27,5,Hiroshi Miyagawa; Tetsunori Suzuoki; Norinosuke Nakatani; Takayuki Homma; Yoshitaka Takeuchi,https://openalex.org/A5110329714; https://openalex.org/A5082342912; ; https://openalex.org/A5112440913; https://openalex.org/A5102931310,Toyota Central Research and Development Laboratories (Japan); Toyota Industries (Japan),JP,2,Advanced Combustion Engine Technologies,Fluid Flow and Transfer Processes,Chemical Engineering,Physical Sciences,International Journal of Hydrogen Energy
https://openalex.org/W4405785341,https://doi.org/10.1109/iros58592.2024.10803053,MARPF: Multi-Agent and Multi-Rack Path Finding,2024,conference-paper,3,15,3,Hiroya Makino; Yoshihiro Ohama; Seigo Ito,https://openalex.org/A5108910389; https://openalex.org/A5051488121; https://openalex.org/A5010549769,Toyota Central Research and Development Laboratories (Japan),JP,1,Robotic Path Planning Algorithms,Computer Vision and Pattern Recognition,Computer Science,Physical Sciences,
https://openalex.org/W4405778933,https://doi.org/10.1109/iros58592.2024.10802597,Online Multi-Agent Pickup and Delivery with Task Deadlines,2024,conference-paper,2,21,2,Hiroya Makino; Seigo Itô,https://openalex.org/A5104262026; https://openalex.org/A5110854321,Toyota Central Research and Development Laboratories (Japan),JP,1,Optimization and Search Problems,Computer Networks and Communications,Computer Science,Physical Sciences,
https://openalex.org/W4403011843,https://doi.org/10.1021/acs.chemmater.4c01351,Impact of Local Water Uptake on Proton Conduction in Covalent Organic Framework Revealed by Machine-Learning Potentials,2024,article,11,99,5,Saori Minami; Masane Kin; Takahashi Kazuki; Takashi Sato; Ryosuke Jinnouchi,https://openalex.org/A5013319689; https://openalex.org/A5026608783; https://openalex.org/A5101122565; https://openalex.org/A5036167481; https://openalex.org/A5014137404,Toyota Central Research and Development Laboratories (Japan); Nitto (Japan),JP,5,Covalent Organic Framework Applications,Materials Chemistry,Materials Science,Physical Sciences,Chemistry of Materials
https://openalex.org/W4400789469,https://doi.org/10.1002/cssc.202401082,CO<sub>2</sub>‐to‐CO Conversion with Over 10 % Efficiency Using Earth Abundant System in a Single‐Compartment Reactor with Oxygen Tolerant Mn Complex Catalyst,2024,article,4,62,5,Teppei Nishi; Naonari Sakamoto; Keita Sekizawa; Takeshi Morikawa; Shunsuke Sato,https://openalex.org/A5032320602; https://openalex.org/A5003305079; https://openalex.org/A5008137526; https://openalex.org/A5076624018; https://openalex.org/A5032289572,Toyota Central Research and Development Laboratories (Japan),JP,5,CO2 Reduction Techniques and Catalysts,"Renewable Energy, Sustainability and the Environment",Energy,Physical Sciences,ChemSusChem
https://openalex.org/W4402591370,https://doi.org/10.1109/tac.2024.3462532,Second Moment Polytopic Systems: Generalization of Uncertain Stochastic Linear Dynamics,2024,article,0,55,2,Yuji Ito; Kenji Fujimoto,https://openalex.org/A5028644363; https://openalex.org/A5037036162,Toyota Central Research and Development Laboratories (Japan); Kyoto University,JP,2,Aquatic and Environmental Studies,Earth-Surface Processes,Earth and Planetary Sciences,Physical Sciences,IEEE Transactions on Automatic Control
https://openalex.org/W4401701958,https://doi.org/10.1038/s41598-024-69450-z,Fabric soft pneumatic actuators with programmable turing pattern textures,2024,article,8,41,3,Masato Tanaka; Yuyang Song; Tsuyoshi Nomura,https://openalex.org/A5071689458; https://openalex.org/A5114860541; https://openalex.org/A5078662057,Toyota Motor Corporation (Switzerland); Toyota Central Research and Development Laboratories (Japan); Toyota Motor North America (United States); Toyota Research Institute,CH; JP; US,4,Advanced Materials and Mechanics,Mechanical Engineering,Engineering,Physical Sciences,Scientific Reports
https://openalex.org/W4401684147,https://doi.org/10.1021/acs.jctc.4c00167,Construction of Antisymmetric Variational Quantum States with Real Space Representation,2024,article,2,82,3,Takahiro Horiba; Soichi Shirai; Hirotoshi Hirai,https://openalex.org/A5027307382; https://openalex.org/A5085204459; https://openalex.org/A5044144467,Toyota Central Research and Development Laboratories (Japan),JP,3,Quantum Computing Algorithms and Architecture,Artificial Intelligence,Computer Science,Physical Sciences,Journal of Chemical Theory and Computation
https://openalex.org/W4401710732,https://doi.org/10.1038/s41598-024-69726-4,Association of olfactory and cognitive function test scores with hippocampal and amygdalar grey matter volume: a cross-sectional study,2024,article,7,23,25,Shūichi Satō; Takao Imaeda; Shunji Mugikura; Naoko Mori; Masaki Takanashi; Kazumi Hayakawa; Tomo Saito; Makiko Taira; Akira Narita; Mana Kogure; Ippei Chiba; Rieko Hatanaka; Kumi Nakaya; Ikumi Kanno; Ryosuke Ishiwata; Tomohiro Nakamura; Ikuko N. Motoike; Naoki Nakaya; S. Koshiba; Kengo Kinoshita; Shinichi Kuriyama; Soichi Ogishima; Fuji Nagami; Nobuo Fuse; Atsushi Hozawa,https://openalex.org/A5047468489; https://openalex.org/A5085244416; https://openalex.org/A5001055925; https://openalex.org/A5001323118; https://openalex.org/A5110156675; https://openalex.org/A5103903482; https://openalex.org/A5087946456; https://openalex.org/A5056866116; https://openalex.org/A5012113903; https://openalex.org/A5062567082; https://openalex.org/A5078984127; https://openalex.org/A5008536424; https://openalex.org/A5078000015; https://openalex.org/A5066584974; https://openalex.org/A5002237618; https://openalex.org/A5101906171; https://openalex.org/A5091869411; https://openalex.org/A5048257604; https://openalex.org/A5034080587; https://openalex.org/A5018416641; https://openalex.org/A5089939695; https://openalex.org/A5049356235; https://openalex.org/A5084236462; https://openalex.org/A5003779897; https://openalex.org/A5013972052,Toyota Central Research and Development Laboratories (Japan); Tohoku University; Tohoku University Hospital; Tohoku Medical Megabank Organization; Institute of Aging,JP; CA,5,Olfactory and Sensory Function Studies,Sensory Systems,Neuroscience,Life Sciences,Scientific Reports
https://openalex.org/W4400945001,https://doi.org/10.1126/sciadv.adn6129,Computational synthesis of locomotive soft robots by topology optimization,2024,article,21,78,10,Hiroki Kobayashi; Farzad Gholami; S. Macrae Montgomery; Masato Tanaka; Liang Yue; Changyoung Yuhn; Yuki Sato; Atsushi Kawamoto; H. Jerry Qi; Tsuyoshi Nomura,https://openalex.org/A5031956808; https://openalex.org/A5027245001; https://openalex.org/A5076150524; https://openalex.org/A5071689458; https://openalex.org/A5100728825; https://openalex.org/A5029505709; https://openalex.org/A5072441184; https://openalex.org/A5046342937; https://openalex.org/A5100335427; https://openalex.org/A5078662057,Toyota Central Research and Development Laboratories (Japan); Georgia Institute of Technology; Toyota Motor North America (United States); Toyota Research Institute,JP; US,4,Soft Robotics and Applications,Biomedical Engineering,Engineering,Physical Sciences,Science Advances
https://openalex.org/W4401837940,https://doi.org/10.1016/j.resconrec.2024.107856,Estimation method to achieve desired mechanical properties with minimum virgin polymer in plastics recycling,2024,article,9,53,2,Yoshinori Inoue; Hirotaka Okamoto,https://openalex.org/A5101014437; https://openalex.org/A5113593255,Toyota Central Research and Development Laboratories (Japan),JP,2,Microplastics and Plastic Pollution,Pollution,Environmental Science,Physical Sciences,Resources Conservation and Recycling
https://openalex.org/W4400341557,https://doi.org/10.1021/acsami.4c07867,Comprehensive Analysis of Wettability in Waterproofed Gas Diffusion Layers for Polymer Electrolyte Fuel Cells,2024,article,14,62,5,Wataru Yoshimune; Akihiko Kato; S. Yamaguchi; S. Hibi; Satoru Kato,https://openalex.org/A5000856794; https://openalex.org/A5102833745; https://openalex.org/A5101483835; https://openalex.org/A5045461628; https://openalex.org/A5011165746,Toyota Central Research and Development Laboratories (Japan),JP,1,Fuel Cells and Related Materials,Electrical and Electronic Engineering,Engineering,Physical Sciences,ACS Applied Materials & Interfaces
https://openalex.org/W4396759936,https://doi.org/10.1021/acsami.4c00626,Enhancement of Mechanical Properties of High-Thermal-Conductivity Composites Comprising Boron Nitride and Poly(methyl methacrylate) Resin through Material Design Utilizing Hansen Solubility Parameters,2024,article,11,36,4,Yumi Inagaki; Masakazu Murase; Hiromitsu Tanaka; Daisuke Nakamura,https://openalex.org/A5046506997; https://openalex.org/A5017737729; https://openalex.org/A5019810533; https://openalex.org/A5082395557,Toyota Central Research and Development Laboratories (Japan),JP,1,Thermal properties of materials,Materials Chemistry,Materials Science,Physical Sciences,ACS Applied Materials & Interfaces
https://openalex.org/W4396220655,https://doi.org/10.1002/smll.202402570,Self‐Assembled Molecular Fibers Aligned by Compression in Water,2024,article,3,58,3,Norihiro Mizoshita; Yuri Yamada; Yumi Masuoka,https://openalex.org/A5034771801; https://openalex.org/A5008162685; https://openalex.org/A5002082907,Toyota Central Research and Development Laboratories (Japan),JP,3,Supramolecular Self-Assembly in Materials,Biomaterials,Materials Science,Physical Sciences,Small
https://openalex.org/W4399009285,https://doi.org/10.1016/j.jpowsour.2024.234739,Scalable synthesis of porous silicon electrodes for lithium-ion batteries via acid etching of atomized Al–Si alloy powders,2024,article,14,83,4,H. Kawaura; Ryo Suzuki; Naoyuki Nagasako; Keiichiro Oh‐ishi,https://openalex.org/A5061361521; https://openalex.org/A5064641111; https://openalex.org/A5023874662; https://openalex.org/A5000109543,Toyota Central Research and Development Laboratories (Japan),JP,1,Advancements in Battery Materials,Electrical and Electronic Engineering,Engineering,Physical Sciences,Journal of Power Sources
https://openalex.org/W4398143044,https://doi.org/10.1038/s41524-024-01295-6,Machine learning-aided first-principles calculations of redox potentials,2024,article,34,107,3,Ryosuke Jinnouchi; Ferenc Karsai; Georg Kresse,https://openalex.org/A5014137404; https://openalex.org/A5007340269; https://openalex.org/A5019751186,Toyota Central Research and Development Laboratories (Japan); VASP Software (Austria); University of Vienna,JP; AT,3,Machine Learning in Materials Science,Materials Chemistry,Materials Science,Physical Sciences,npj Computational Materials
https://openalex.org/W4393899631,https://doi.org/10.1103/physrevlett.132.148201,Scale Separation of Shear-Induced Criticality in Glasses,2024,article,2,38,4,Norihiro Oyama; Takeshi Kawasaki; Kang Kim; Hideyuki Mizuno,https://openalex.org/A5048008370; https://openalex.org/A5090303530; https://openalex.org/A5041438297; https://openalex.org/A5021823131,Toyota Central Research and Development Laboratories (Japan); Nagoya University; The University of Osaka; Tokyo University of the Arts; The University of Tokyo,JP,5,Material Dynamics and Properties,Materials Chemistry,Materials Science,Physical Sciences,Physical Review Letters
https://openalex.org/W4394719443,https://doi.org/10.1016/j.carbon.2024.119120,Effects of molecular structure on the grafting of diaminobenzene sulfonic acid onto graphene oxide,2024,article,3,45,6,Norihiro Fukaya; K. Kanishka H. De Silva; Masamichi Yoshimura; Hirotoshi Hirai; Hiroaki Yoshida; Hiroya Tanaka,https://openalex.org/A5071946476; https://openalex.org/A5077657746; https://openalex.org/A5081560031; https://openalex.org/A5044144467; https://openalex.org/A5055028089; https://openalex.org/A5073314353,Toyota Central Research and Development Laboratories (Japan); Toyota Technological Institute,JP,6,Graphene research and applications,Materials Chemistry,Materials Science,Physical Sciences,Carbon
https://openalex.org/W4392095754,https://doi.org/10.1016/j.triboint.2024.109449,Adhesion and structure of lubricant films: Molecular simulations of amine-based organic additives in base oil at a model of steel surface,2024,article,7,101,4,Patrick Bonnaud; Tomoyuki Kinjo; Norikazu Sato; Mamoru Tohyama,https://openalex.org/A5055989112; https://openalex.org/A5053367920; https://openalex.org/A5102521144; https://openalex.org/A5073562668,Toyota Central Research and Development Laboratories (Japan),JP,4,Lubricants and Their Additives,Mechanical Engineering,Engineering,Physical Sciences,Tribology International
https://openalex.org/W4393107765,https://doi.org/10.1039/d3ta06719j,High-throughput screening and characterization of novel zeolitic imidazolate framework gels,2024,article,4,68,5,Izuru Miyazaki; Yumi Masuoka; Keiichiro Oh‐ishi; Norihiko Setoyama; Mitsutaro Umehara,https://openalex.org/A5005142747; https://openalex.org/A5002082907; https://openalex.org/A5000109543; https://openalex.org/A5036887018; https://openalex.org/A5003356771,Toyota Central Research and Development Laboratories (Japan),JP,1,Metal-Organic Frameworks: Synthesis and Applications,Inorganic Chemistry,Chemistry,Physical Sciences,Journal of Materials Chemistry A
https://openalex.org/W4394813132,https://doi.org/10.1038/s41929-024-01147-y,Dinuclear Cu(I) molecular electrocatalyst for CO2-to-C3 product conversion,2024,article,112,68,7,Naonari Sakamoto; Keita Sekizawa; Soichi Shirai; Takamasa Nonaka; Takeo Arai; Shunsuke Sato; Takeshi Morikawa,https://openalex.org/A5003305079; https://openalex.org/A5008137526; https://openalex.org/A5085204459; https://openalex.org/A5015523164; https://openalex.org/A5033201151; https://openalex.org/A5032289572; https://openalex.org/A5076624018,Toyota Central Research and Development Laboratories (Japan),JP,1,CO2 Reduction Techniques and Catalysts,"Renewable Energy, Sustainability and the Environment",Energy,Physical Sciences,Nature Catalysis
https://openalex.org/W4393170608,https://doi.org/10.1039/d4ee00283k,Three-dimensional electrode characteristics and size/shape flexibility of coaxial-fibers bundled batteries,2024,article,12,54,12,Yoshinari Makimura; Chikaaki Okuda; Toshihisa Munekata; Azusa Tsukigase; Hideaki Oka; Tooru Saeki; Ryohei Morimoto; Megumi Sasaki; Hiroyuki Nakano; Yuichi Itou; Mamoru Mizutani; Tsuyoshi Sasaki,https://openalex.org/A5053657575; https://openalex.org/A5112103389; https://openalex.org/A5090230624; https://openalex.org/A5030370647; https://openalex.org/A5016062988; https://openalex.org/A5105370307; https://openalex.org/A5034742839; https://openalex.org/A5113622317; https://openalex.org/A5020321683; https://openalex.org/A5052120619; https://openalex.org/A5113635768; https://openalex.org/A5034703679,Toyota Central Research and Development Laboratories (Japan),JP,1,Advancements in Battery Materials,Electrical and Electronic Engineering,Engineering,Physical Sciences,Energy & Environmental Science
https://openalex.org/W4392584750,https://doi.org/10.1016/j.joule.2024.02.010,Direct capacity regeneration for spent Li-ion batteries,2024,article,97,63,13,Nobuhiro Ogihara; Katsuhiko Nagaya; Hiroyuki Yamaguchi; Yasuhito Kondo; Yuka Yamada; Takahiro Horiba; Takeshi Baba; Nobuko Ohba; Shogo Komagata; Yoshifumi Aoki; Hiroki Kondo; Tsuyoshi Sasaki; Shinobu Okayama,https://openalex.org/A5056071333; https://openalex.org/A5108906789; https://openalex.org/A5084403788; https://openalex.org/A5113136709; https://openalex.org/A5109595338; https://openalex.org/A5027307382; https://openalex.org/A5103911925; https://openalex.org/A5055152839; https://openalex.org/A5037208032; https://openalex.org/A5113974216; https://openalex.org/A5047252063; https://openalex.org/A5034703679; https://openalex.org/A5032653845,Toyota Central Research and Development Laboratories (Japan); Toyota Motor Corporation (Japan),JP,2,Advancements in Battery Materials,Electrical and Electronic Engineering,Engineering,Physical Sciences,Joule
https://openalex.org/W4391752092,https://doi.org/10.1021/acsami.3c15125,Polypropylene-Rendered Antiviral by Three-Dimensionally Surface-Grafted Poly(<i>N</i>-benzyl-4-vinylpyridinium bromide),2024,article,7,66,4,Rie Hirao; Hisato Takeuchi; Jumpei Kawada; Nobuhiro Ishida,https://openalex.org/A5026576884; https://openalex.org/A5103470505; https://openalex.org/A5072242185; https://openalex.org/A5050020629,Toyota Central Research and Development Laboratories (Japan),JP,1,Antimicrobial agents and applications,Organic Chemistry,Chemistry,Physical Sciences,ACS Applied Materials & Interfaces
https://openalex.org/W4392018595,https://doi.org/10.1021/acsami.4c01794,Synthesis of a Mesoporous SnO<sub>2</sub> Catalyst Support and the Effect of Its Pore Size on the Performance of Polymer Electrolyte Fuel Cells,2024,article,35,63,12,Masanori Inaba; Ryuichi Murase; Tomohiro Takeshita; Kazuhisa Yano; Satoru Kosaka; Naoko Takahashi; Noritake Isomura; Keiichiro Oh‐ishi; Wataru Yoshimune; Kimihiro Tsuchiya; Takeshi Nobukawa; Kensaku Kodama,https://openalex.org/A5068031735; https://openalex.org/A5004217662; https://openalex.org/A5110438929; https://openalex.org/A5104093958; https://openalex.org/A5064973949; https://openalex.org/A5102972627; https://openalex.org/A5077114890; https://openalex.org/A5000109543; https://openalex.org/A5000856794; https://openalex.org/A5020574287; https://openalex.org/A5025538245; https://openalex.org/A5024625913,Toyota Central Research and Development Laboratories (Japan); Toyota Motor Corporation (Japan),JP,2,Fuel Cells and Related Materials,Electrical and Electronic Engineering,Engineering,Physical Sciences,ACS Applied Materials & Interfaces
https://openalex.org/W4392261795,https://doi.org/10.1016/j.trd.2024.104124,Does BEV always help to reduce CO2 emission? impact of charging strategy,2024,article,16,44,4,Ryosuke Kataoka; Kazuhiko Ogimoto; Yumiko Iwafune; Tomoki Nishi,https://openalex.org/A5082805587; https://openalex.org/A5019349825; https://openalex.org/A5044330355; https://openalex.org/A5029287040,Toyota Central Research and Development Laboratories (Japan); The University of Tokyo,JP,2,Electric Vehicles and Infrastructure,Electrical and Electronic Engineering,Engineering,Physical Sciences,Transportation Research Part D Transport and Environment
https://openalex.org/W4390750551,https://doi.org/10.1039/d3gc04472f,Facile synthesis of electrocatalytically active Cu/graphite using the negative electrode of spent Li-ion batteries,2024,article,5,35,5,Hiroshi Itahara; Naonari Sakamoto; N. Takahashi; Satoru Kosaka; Yasuhiro Takatani,https://openalex.org/A5034955992; https://openalex.org/A5003305079; https://openalex.org/A5042344126; https://openalex.org/A5064973949; https://openalex.org/A5048237722,Toyota Central Research and Development Laboratories (Japan),JP,5,Advancements in Battery Materials,Electrical and Electronic Engineering,Engineering,Physical Sciences,Green Chemistry
https://openalex.org/W4391927821,https://doi.org/10.1038/s44172-024-00176-6,Experimental visualization of water/ice phase distribution at cold start for practical-sized polymer electrolyte fuel cells,2024,article,23,27,14,Yuki Higuchi; Wataru Yoshimune; Satoru Kato; S. Hibi; Daigo Setoyama; Kazuhisa Isegawa; Yoshihiro Matsumoto; Hirotoshi Hayashida; Hiroshi Nozaki; Masashi Harada; Norihiro Fukaya; Takahisa Suzuki; T. Shinohara; Yasutaka Nagai,https://openalex.org/A5059689705; https://openalex.org/A5000856794; https://openalex.org/A5011165746; https://openalex.org/A5045461628; https://openalex.org/A5059519594; https://openalex.org/A5108115314; https://openalex.org/A5101884461; https://openalex.org/A5055550213; https://openalex.org/A5010500327; https://openalex.org/A5087333692; https://openalex.org/A5071946476; https://openalex.org/A5103006759; https://openalex.org/A5008352918; https://openalex.org/A5102710245,Toyota Central Research and Development Laboratories (Japan); Japan Atomic Energy Agency; Comprehensive Research Organization for Science and Society,JP,3,Fuel Cells and Related Materials,Electrical and Electronic Engineering,Engineering,Physical Sciences,Communications Engineering
https://openalex.org/W4391734674,https://doi.org/10.1038/s41598-024-53895-3,Battery deactivation with redox shuttles for safe and efficient recycling,2024,article,13,29,3,Riho Mikita; Akitoshi Suzumura; Hiroki Kondo,https://openalex.org/A5079282128; https://openalex.org/A5076292961; https://openalex.org/A5091853924,Toyota Central Research and Development Laboratories (Japan),JP,1,Extraction and Separation Processes,Mechanical Engineering,Engineering,Physical Sciences,Scientific Reports
https://openalex.org/W4389215125,https://doi.org/10.1016/j.jpowsour.2023.233883,Migration of binder and conductive agent during drying process of Li-ion battery cathodes,2023,article,79,30,6,Naomi Kumano; Yuhei Yamaguchi; Yusuke Akimoto; Ayako Ohshima; Hiroshi Nakamura; Masato Yamamura,https://openalex.org/A5025792503; https://openalex.org/A5034341890; https://openalex.org/A5111018334; https://openalex.org/A5062040402; https://openalex.org/A5090578339; https://openalex.org/A5090718096,Toyota Central Research and Development Laboratories (Japan); Kyushu Institute of Technology,JP,2,Advancements in Battery Materials,Electrical and Electronic Engineering,Engineering,Physical Sciences,Journal of Power Sources
https://openalex.org/W4389666658,https://doi.org/10.1021/acs.chemmater.3c02217,Redox Reaction Mechanism of Graphite Fluoride (CF)<sub><i>n</i></sub> in Fluoride-Ion Batteries,2023,article,7,50,5,Ritsuko Yaokawa; Kazuhiko Mukai; Takamasa Nonaka; Satoru Kosaka; Nobuhiro Ogihara,https://openalex.org/A5031639434; https://openalex.org/A5089147516; https://openalex.org/A5015523164; https://openalex.org/A5064973949; https://openalex.org/A5056071333,Toyota Central Research and Development Laboratories (Japan),JP,5,Inorganic Fluorides and Related Compounds,Inorganic Chemistry,Chemistry,Physical Sciences,Chemistry of Materials
https://openalex.org/W4390036065,https://doi.org/10.1038/s42005-023-01490-9,Selectable diffusion direction with topologically protected edge modes,2023,article,8,42,4,Keita Funayama; Jun Hirotani; Atsushi Miura; Hiroya Tanaka,https://openalex.org/A5088511716; https://openalex.org/A5059514279; https://openalex.org/A5071731620; https://openalex.org/A5073314353,Toyota Central Research and Development Laboratories (Japan); Kyoto University,JP,2,Topological Materials and Phenomena,"Atomic and Molecular Physics, and Optics",Physics and Astronomy,Physical Sciences,Communications Physics
https://openalex.org/W4387741619,https://doi.org/10.1002/aenm.202301843,Activation and Stabilization of Mn‐Based Positive Electrode Materials by Doping Nonmetallic Elements,2023,article,6,66,7,Yuji Mahara; Hideaki Oka; Takamasa Nonaka; Satoru Kosaka; Naoko Takahashi; Yasuhito Kondo; Yoshinari Makimura,https://openalex.org/A5039508923; https://openalex.org/A5016062988; https://openalex.org/A5015523164; https://openalex.org/A5064973949; https://openalex.org/A5102972627; https://openalex.org/A5113136709; https://openalex.org/A5053657575,Toyota Central Research and Development Laboratories (Japan),JP,1,Advancements in Battery Materials,Electrical and Electronic Engineering,Engineering,Physical Sciences,Advanced Energy Materials
https://openalex.org/W4388507706,https://doi.org/10.1126/sciadv.adh9986,Enhanced performance of molecular electrocatalysts for CO <sub>2</sub> reduction in a flow cell following K <sup>+</sup> addition,2023,article,30,50,5,Shunsuke Sato; Keita Sekizawa; Soichi Shirai; Naonari Sakamoto; Takeshi Morikawa,https://openalex.org/A5032289572; https://openalex.org/A5008137526; https://openalex.org/A5085204459; https://openalex.org/A5003305079; https://openalex.org/A5076624018,Toyota Central Research and Development Laboratories (Japan),JP,5,CO2 Reduction Techniques and Catalysts,"Renewable Energy, Sustainability and the Environment",Energy,Physical Sciences,Science Advances
https://openalex.org/W4386844921,https://doi.org/10.1364/optica.498402,Solid-state optical scanning device using a beam combiner and switch array,2023,article,11,33,6,Daisuke Inoue; Tadashi Ichikawa; Tetsuya Shimogaki; Hiroyuki Matsubara; Akari Kawasaki; Tatsuya Yamashita,https://openalex.org/A5101973787; https://openalex.org/A5111855868; https://openalex.org/A5041114978; https://openalex.org/A5103193312; https://openalex.org/A5044744628; https://openalex.org/A5062639920,,,0,Photonic and Optical Devices,Electrical and Electronic Engineering,Engineering,Physical Sciences,Optica
https://openalex.org/W4389665733,https://doi.org/10.1109/iros55552.2023.10342107,Enhanced Robot Navigation with Human Geometric Instruction,2023,conference-paper,4,32,4,Hideki Deguchi; Shun Taguchi; Kazuki Shibata; Satoshi Koide,https://openalex.org/A5018402533; https://openalex.org/A5054754593; https://openalex.org/A5073719311; https://openalex.org/A5009788491,Toyota Central Research and Development Laboratories (Japan),JP,1,Multimodal Machine Learning Applications,Computer Vision and Pattern Recognition,Computer Science,Physical Sciences,
https://openalex.org/W4387448120,https://doi.org/10.1039/d3sc03377e,Construction of an autocatalytic reaction cycle in neutral medium for synthesis of life-sustaining sugars,2023,article,22,54,12,Hiro Tabata; Genta Chikatani; Hiroaki Nishijima; Takashi Harada; Rika Miyake; Souichiro Kato; Kensuke Igarashi; Yoshiharu Mukouyama; Soichi Shirai; Minoru Waki; Yoko Hase; Shuji Nakanishi,https://openalex.org/A5082189669; https://openalex.org/A5031474725; https://openalex.org/A5090543029; https://openalex.org/A5020658392; https://openalex.org/A5077044824; https://openalex.org/A5048558437; https://openalex.org/A5011061417; https://openalex.org/A5046782871; https://openalex.org/A5085204459; https://openalex.org/A5090108391; https://openalex.org/A5081202701; https://openalex.org/A5008624932,The University of Osaka; National Institute of Advanced Industrial Science and Technology; Tokyo Denki University; Toyota Central Research and Development Laboratories (Japan),JP,4,Microbial Metabolic Engineering and Bioproduction,Molecular Biology,"Biochemistry, Genetics and Molecular Biology",Life Sciences,Chemical Science
https://openalex.org/W4388574316,https://doi.org/10.1038/s41467-023-43138-w,Operando Li metal plating diagnostics via MHz band electromagnetics,2023,article,26,48,6,Masanori Ishigaki; Keisuke Ishikawa; Tsukasa Usuki; Hiroki Kondo; Shogo Komagata; Tsuyoshi Sasaki,https://openalex.org/A5078756614; https://openalex.org/A5076402375; https://openalex.org/A5042078274; https://openalex.org/A5047252063; https://openalex.org/A5037208032; https://openalex.org/A5034703679,Toyota Central Research and Development Laboratories (Japan),JP,1,Advanced Battery Technologies Research,Automotive Engineering,Engineering,Physical Sciences,Nature Communications
https://openalex.org/W4386870144,https://doi.org/10.1039/d3cc03940d,Highly selective CO <sub>2</sub> electrolysis in aqueous media by a water-soluble cobalt dimethyl-bipyridine complex,2023,article,6,25,9,Tomiko M. Suzuki; Kengo Nagatsuka; Takamasa Nonaka; Yuichi Yamaguchi; Naonari Sakamoto; Takeshi Uyama; Keita Sekizawa; Akihiko Kudo; Takeshi Morikawa,https://openalex.org/A5076179600; https://openalex.org/A5073475635; https://openalex.org/A5015523164; https://openalex.org/A5090406107; https://openalex.org/A5003305079; https://openalex.org/A5032225113; https://openalex.org/A5008137526; https://openalex.org/A5014036614; https://openalex.org/A5076624018,Toyota Central Research and Development Laboratories (Japan); Tokyo University of Science,JP,2,CO2 Reduction Techniques and Catalysts,"Renewable Energy, Sustainability and the Environment",Energy,Physical Sciences,Chemical Communications
https://openalex.org/W4385502773,https://doi.org/10.1016/j.jpowsour.2023.233466,Effects of dry powder mixing on electrochemical performance of lithium-ion battery electrode using solvent-free dry forming process,2023,article,48,37,8,Ayaka Yonaga; Shigehiro Kawauchi; Yuki Mori; Liu Xuanchen; Shota Ishikawa; Keita Nunoshita; Gen Inoue; Takuro Matsunaga,https://openalex.org/A5009151193; https://openalex.org/A5034000718; https://openalex.org/A5100607820; https://openalex.org/A5092585459; https://openalex.org/A5064537129; https://openalex.org/A5037710008; https://openalex.org/A5019961023; https://openalex.org/A5039059152,Toyota Central Research and Development Laboratories (Japan); Kyushu University,JP,2,Advancements in Battery Materials,Electrical and Electronic Engineering,Engineering,Physical Sciences,Journal of Power Sources
https://openalex.org/W4386305445,https://doi.org/10.1021/acsami.3c08432,Equation Elucidating the Catalyst-Layer Proton Conductivity in a Polymer Electrolyte Fuel Cell Based on the Ionomer Distribution Determined Using Small-Angle Neutron Scattering,2023,article,12,49,9,Masashi Harada; Hiroaki Kadoura; S. Takata; Hiroki Iwase; Shuji Kajiya; Takahisa Suzuki; Naoki Hasegawa; Akihiro Shinohara; Satoru Kato,https://openalex.org/A5087333692; https://openalex.org/A5020366776; https://openalex.org/A5041881439; https://openalex.org/A5078574488; https://openalex.org/A5091731371; https://openalex.org/A5103006759; https://openalex.org/A5015589680; https://openalex.org/A5079097582; https://openalex.org/A5011165746,Toyota Central Research and Development Laboratories (Japan); Japan Atomic Energy Agency; Japan Proton Accelerator Research Complex; Comprehensive Research Organization for Science and Society,JP,9,Fuel Cells and Related Materials,Electrical and Electronic Engineering,Engineering,Physical Sciences,ACS Applied Materials & Interfaces
https://openalex.org/W4386328706,https://doi.org/10.1002/sstr.202300106,The Role of Phosphate Functionalization on the Oxygen Evolution Reaction Activity of Cobalt‐Based Oxides at Different pH Values,2023,article,10,60,9,Wataru Yoshimune; Juliana Bruneli Falqueto; Adam H. Clark; Nur Sena Yüzbasi; Thomas Graule; Dominika Baster; Mario El Kazzi; Thomas J. Schmidt; Emiliana Fabbri,https://openalex.org/A5000856794; https://openalex.org/A5027826346; https://openalex.org/A5015698882; https://openalex.org/A5065498532; https://openalex.org/A5010461720; https://openalex.org/A5065552141; https://openalex.org/A5066147651; https://openalex.org/A5084722596; https://openalex.org/A5015187859,Paul Scherrer Institute; Swiss Federal Laboratories for Materials Science and Technology; ETH Zurich,CH,3,Electrocatalysts for Energy Conversion,"Renewable Energy, Sustainability and the Environment",Energy,Physical Sciences,Small Structures
https://openalex.org/W4384924962,https://doi.org/10.1002/cssc.202300679,Reversible CO<sub>2</sub> Fixation and Release by a Trinuclear Zn(II) Cryptate Complex and Operando Analysis of the Complex Structure,2023,article,3,43,8,Masakazu Murase; Yoshifumi Maegawa; Masataka Ohashi; Yasutomo Goto; Naonari Sakamoto; Takamasa Nonaka; Takeshi Uyama; Takeo Arai,https://openalex.org/A5017737729; https://openalex.org/A5040063168; https://openalex.org/A5011818455; https://openalex.org/A5039751532; https://openalex.org/A5003305079; https://openalex.org/A5015523164; https://openalex.org/A5032225113; https://openalex.org/A5033201151,Toyota Central Research and Development Laboratories (Japan),JP,8,CO2 Reduction Techniques and Catalysts,"Renewable Energy, Sustainability and the Environment",Energy,Physical Sciences,ChemSusChem
https://openalex.org/W4385607595,https://doi.org/10.1038/s41524-023-01096-3,Creation of crystal structure reproducing X-ray diffraction pattern without using database,2023,article,19,37,4,Joohwi Lee; Junpei Oba; Nobuko Ohba; Seiji Kajita,https://openalex.org/A5014904502; https://openalex.org/A5030605698; https://openalex.org/A5055152839; https://openalex.org/A5082807889,Toyota Central Research and Development Laboratories (Japan),JP,1,Machine Learning in Materials Science,Materials Chemistry,Materials Science,Physical Sciences,npj Computational Materials
https://openalex.org/W4385323395,https://doi.org/10.1038/s41598-023-39200-8,Transition of deformation modes from bending to auxetic compression in origami-based metamaterials for head protection from impact,2023,article,34,63,11,Sunao TOMITA; Kento Shimanuki; Shin Oyama; Hidekazu NISHIGAKI; Toshiaki NAKAGAWA; Masakazu Tsutsui; Youhei Emura; Masahiko Chino; Hirokazu Tanaka; Yoshinobu Itou; Kazuhiko Umemoto,https://openalex.org/A5059865900; https://openalex.org/A5054509010; https://openalex.org/A5014135624; https://openalex.org/A5113945248; https://openalex.org/A5012269000; https://openalex.org/A5062106196; https://openalex.org/A5074973891; https://openalex.org/A5023472120; https://openalex.org/A5042209801; https://openalex.org/A5053742601; https://openalex.org/A5045018909,Toyota Central Research and Development Laboratories (Japan); Kariya Toyota General Hospital,JP,2,Cellular and Composite Structures,Mechanical Engineering,Engineering,Physical Sciences,Scientific Reports
https://openalex.org/W4384927159,https://doi.org/10.1021/acsenergylett.3c01096,3D Water Management in Polymer Electrolyte Fuel Cells toward Fuel Cell Electric Vehicles,2023,article,41,13,10,Wataru Yoshimune; Yuki Higuchi; Akihiko Kato; S. Hibi; S. Yamaguchi; Yoshihiro Matsumoto; Hirotoshi Hayashida; Hiroshi Nozaki; T. Shinohara; Satoru Kato,https://openalex.org/A5000856794; https://openalex.org/A5059689705; https://openalex.org/A5102833745; https://openalex.org/A5045461628; https://openalex.org/A5101483835; https://openalex.org/A5101884461; https://openalex.org/A5055550213; https://openalex.org/A5010500327; https://openalex.org/A5008352918; https://openalex.org/A5011165746,Toyota Central Research and Development Laboratories (Japan); Comprehensive Research Organization for Science and Society; Japan Atomic Energy Agency,JP,3,Fuel Cells and Related Materials,Electrical and Electronic Engineering,Engineering,Physical Sciences,ACS Energy Letters
https://openalex.org/W4384296509,https://doi.org/10.1021/acsami.3c05521,Scalable Synthesis of Porous Silicon by Acid Etching of Atomized Al–Si Alloy Powder for Lithium-Ion Batteries,2023,article,36,63,4,H. Kawaura; Ryo Suzuki; Yasuhito Kondo; Yuji Mahara,https://openalex.org/A5061361521; https://openalex.org/A5064641111; https://openalex.org/A5113136709; https://openalex.org/A5039508923,Toyota Central Research and Development Laboratories (Japan),JP,1,Advancements in Battery Materials,Electrical and Electronic Engineering,Engineering,Physical Sciences,ACS Applied Materials & Interfaces
https://openalex.org/W4384159685,https://doi.org/10.1109/tcst.2023.3291880,Globally Optimal Assignment Algorithm for Collective Object Transport Using Air–Ground Multirobot Teams,2023,article,4,29,3,Tatsuya Miyano; Justin Romberg; Magnus Egerstedt,https://openalex.org/A5011738228; https://openalex.org/A5041443633; https://openalex.org/A5091125105,Toyota Motor North America (United States); Georgia Institute of Technology,US,3,Robotic Path Planning Algorithms,Computer Vision and Pattern Recognition,Computer Science,Physical Sciences,IEEE Transactions on Control Systems Technology
https://openalex.org/W4384076641,https://doi.org/10.1039/d3ta03164k,Accelerating anhydrous proton conduction <i>via</i> anion rotation and hydrogen bond recombination: a machine-learning molecular dynamics,2023,article,12,64,2,Saori Minami; Ryosuke Jinnouchi,https://openalex.org/A5013319689; https://openalex.org/A5014137404,Toyota Central Research and Development Laboratories (Japan),JP,1,Fuel Cells and Related Materials,Electrical and Electronic Engineering,Engineering,Physical Sciences,Journal of Materials Chemistry A
https://openalex.org/W4383875406,https://doi.org/10.1038/s41598-023-38393-2,Construction of a reduced-order model based on tensor decomposition and its application to airbag deployment simulations,2023,article,6,24,2,Takashi Sasagawa; Masato Tanaka,https://openalex.org/A5028590387; https://openalex.org/A5071689458,Toyota Central Research and Development Laboratories (Japan),JP,1,Tensor decomposition and applications,Computational Mathematics,Mathematics,Physical Sciences,Scientific Reports
https://openalex.org/W4383213525,https://doi.org/10.1016/j.jpowsour.2023.233387,Quantification of side reactions in lithium-ion batteries during overcharging at elevated temperatures,2023,article,29,44,4,Hideaki Oka; Takamasa Nonaka; Yasuhito Kondo; Yoshinari Makimura,https://openalex.org/A5016062988; https://openalex.org/A5015523164; https://openalex.org/A5113136709; https://openalex.org/A5053657575,Toyota Central Research and Development Laboratories (Japan),JP,1,Advancements in Battery Materials,Electrical and Electronic Engineering,Engineering,Physical Sciences,Journal of Power Sources
https://openalex.org/W4382360343,https://doi.org/10.1016/j.cma.2023.116187,4D topology optimization: Integrated optimization of the structure and self-actuation of soft bodies for dynamic motions,2023,article,34,60,5,Changyoung Yuhn; Yuki Sato; Hiroki Kobayashi; Atsushi Kawamoto; Tsuyoshi Nomura,https://openalex.org/A5029505709; https://openalex.org/A5072441184; https://openalex.org/A5031956808; https://openalex.org/A5046342937; https://openalex.org/A5078662057,Toyota Central Research and Development Laboratories (Japan),JP,1,Topology Optimization in Engineering,Civil and Structural Engineering,Engineering,Physical Sciences,Computer Methods in Applied Mechanics and Engineering
https://openalex.org/W4379879593,https://doi.org/10.1016/j.triboint.2023.108675,Improving the adsorption strength of amine-based organic additives for reducing wear,2023,article,10,80,5,Patrick Bonnaud; Hiroshi Moritani; Tomoyuki Kinjo; Norikazu Sato; Mamoru Tohyama,https://openalex.org/A5055989112; https://openalex.org/A5064679292; https://openalex.org/A5053367920; https://openalex.org/A5102521144; https://openalex.org/A5073562668,Toyota Central Research and Development Laboratories (Japan),JP,1,Lubricants and Their Additives,Mechanical Engineering,Engineering,Physical Sciences,Tribology International
https://openalex.org/W4366991492,https://doi.org/10.1038/s41598-023-32947-0,Deep generative model super-resolves spatially correlated multiregional climate data,2023,article,35,55,4,Norihiro Oyama; Noriko N. Ishizaki; Satoshi Koide; Hiroaki Yoshida,https://openalex.org/A5048008370; https://openalex.org/A5076810663; https://openalex.org/A5009788491; https://openalex.org/A5086152109,Toyota Central Research and Development Laboratories (Japan); National Institute for Environmental Studies,JP,2,Climate variability and models,Global and Planetary Change,Environmental Science,Physical Sciences,Scientific Reports
https://openalex.org/W4367597931,https://doi.org/10.1038/s41598-023-32995-6,Respiratory entrainment of the locus coeruleus modulates arousal level to avoid physical risks from external vibration,2023,article,13,79,6,Masami Iwamoto; Shogo Yonekura; Noritoshi Atsumi; Satoko HIRABAYASHI; Hoshinori Kanazawa; Yasuo Kuniyoshi,https://openalex.org/A5103087763; https://openalex.org/A5029540265; https://openalex.org/A5001096188; https://openalex.org/A5067291421; https://openalex.org/A5074363726; https://openalex.org/A5010543059,Toyota Central Research and Development Laboratories (Japan); The University of Tokyo,JP,2,Heart Rate Variability and Autonomic Control,Cardiology and Cardiovascular Medicine,Medicine,Health Sciences,Scientific Reports
https://openalex.org/W4381929853,https://doi.org/10.3389/fnins.2023.1191617,The neural substrates responsible for food odor processing: an activation likelihood estimation meta-analysis,2023,article,4,64,3,Nodoka Oka; K. Iwai; Hiroyuki Sakai,https://openalex.org/A5101216648; https://openalex.org/A5111703035; https://openalex.org/A5083444692,Toyota Central Research and Development Laboratories (Japan),JP,1,Olfactory and Sensory Function Studies,Sensory Systems,Neuroscience,Life Sciences,Frontiers in Neuroscience
https://openalex.org/W4376277740,https://doi.org/10.1016/j.jcou.2023.102482,Low-energy-consumption CO2 recovery by combining H2 sweeping and methanation with the conventional VTSA approach,2023,article,7,29,4,Seiichi Kunitomi; Kazuto Ogasawara; Hiroyuki Narita; Seiji Yamamoto,https://openalex.org/A5087583536; https://openalex.org/A5022452967; https://openalex.org/A5110777000; https://openalex.org/A5102848217,Toyota Central Research and Development Laboratories (Japan),JP,1,Carbon Dioxide Capture Technologies,Mechanical Engineering,Engineering,Physical Sciences,Journal of CO2 Utilization
https://openalex.org/W4377939938,https://doi.org/10.1038/s41598-023-35509-6,Higher-order topological corner state in a reconfigurable breathing kagome lattice consisting of magnetically coupled LC resonators,2023,article,9,56,3,Kenichi Yatsugi; Shrinathan Esakimuthu Pandarakone; Hideo Iizuka,https://openalex.org/A5029720668; https://openalex.org/A5067500709; https://openalex.org/A5083180550,Toyota Central Research and Development Laboratories (Japan),JP,1,Metamaterials and Metasurfaces Applications,"Electronic, Optical and Magnetic Materials",Materials Science,Physical Sciences,Scientific Reports
https://openalex.org/W4362657767,https://doi.org/10.1021/acsami.3c00397,Scalable Thermochromic Composite Based on a Ternary Polymer Blend for Temperature-Adaptive Solar Heat Management,2023,article,13,47,4,Takayuki Hirai; Ko Kugimoto; Shin Oyama; Yasuhiko Takeda,https://openalex.org/A5028194483; https://openalex.org/A5069636660; https://openalex.org/A5014135624; https://openalex.org/A5103237032,Toyota Central Research and Development Laboratories (Japan),JP,1,Thermal Radiation and Cooling Technologies,Civil and Structural Engineering,Engineering,Physical Sciences,ACS Applied Materials & Interfaces
https://openalex.org/W4224991239,https://doi.org/10.1016/j.jpowsour.2022.231473,Data-driven optimization of 3D battery design,2022,article,4,44,3,Kaito Miyamoto; Scott Broderick; Krishna Rajan,https://openalex.org/A5058672388; https://openalex.org/A5035898061; https://openalex.org/A5103205107,"Toyota Motor North America (United States); Toyota Research Institute; University at Buffalo, State University of New York",US,3,Advanced Battery Technologies Research,Automotive Engineering,Engineering,Physical Sciences,Journal of Power Sources
https://openalex.org/W4317538561,https://doi.org/10.1021/acsami.2c19593,Effect of Varying Stiffness and Functionalization on the Interfacial Failure Behavior of Isotactic Polypropylene on Hydroxylated γ-Al<sub>2</sub>O<sub>3</sub> by MD Simulation,2023,article,4,48,2,Yoshitake Suganuma; James A. Elliott,https://openalex.org/A5008714610; https://openalex.org/A5039540650,University of Cambridge,GB,1,Polymer crystallization and properties,Polymers and Plastics,Materials Science,Physical Sciences,ACS Applied Materials & Interfaces
https://openalex.org/W4320032965,https://doi.org/10.1126/sciadv.ade4381,Turing pattern–based design and fabrication of inflatable shape-morphing structures,2023,article,46,56,7,Masato Tanaka; S. Macrae Montgomery; Liang Yue; Yaochi Wei; Yuyang Song; Tsuyoshi Nomura; H. Jerry Qi,https://openalex.org/A5071689458; https://openalex.org/A5076150524; https://openalex.org/A5100728825; https://openalex.org/A5004945692; https://openalex.org/A5114860541; https://openalex.org/A5078662057; https://openalex.org/A5100335427,Toyota Motor North America (United States); Toyota Research Institute; Georgia Institute of Technology; Toyota Central Research and Development Laboratories (Japan),US; JP,4,Advanced Materials and Mechanics,Mechanical Engineering,Engineering,Physical Sciences,Science Advances
https://openalex.org/W4327679238,https://doi.org/10.1002/smll.202300298,Sintering Metal–Organic Framework Gels for Application as Structural Adhesives,2023,article,8,43,8,Izuru Miyazaki; Yumi Masuoka; Ayako Ohshima; Naoko Takahashi; Akitoshi Suzumura; Shinya Moribe; Hisaaki Takao; Mitsutaro Umehara,https://openalex.org/A5005142747; https://openalex.org/A5002082907; https://openalex.org/A5062040402; https://openalex.org/A5102972627; https://openalex.org/A5076292961; https://openalex.org/A5045320900; https://openalex.org/A5111702416; https://openalex.org/A5003356771,Toyota Central Research and Development Laboratories (Japan),JP,8,Metal-Organic Frameworks: Synthesis and Applications,Inorganic Chemistry,Chemistry,Physical Sciences,Small
https://openalex.org/W4327550258,https://doi.org/10.1038/s41467-023-37120-9,Heterogeneous intercalated metal-organic framework active materials for fast-charging non-aqueous Li-ion capacitors,2023,article,33,69,5,Nobuhiro Ogihara; Masaki Hasegawa; Hitoshi Kumagai; Riho Mikita; Naoyuki Nagasako,https://openalex.org/A5056071333; https://openalex.org/A5102785382; https://openalex.org/A5004071991; https://openalex.org/A5079282128; https://openalex.org/A5023874662,Toyota Central Research and Development Laboratories (Japan),JP,1,Advancements in Battery Materials,Electrical and Electronic Engineering,Engineering,Physical Sciences,Nature Communications
https://openalex.org/W4353020325,https://doi.org/10.1021/acsami.3c01400,Durability and Surface Oxidation States of Antiviral Nano-Columnar Copper Thin Films,2023,article,21,40,3,Keisuke Shigetoh; Rie Hirao; Nobuhiro Ishida,https://openalex.org/A5020529547; https://openalex.org/A5026576884; https://openalex.org/A5050020629,Toyota Central Research and Development Laboratories (Japan),JP,1,Infection Control and Ventilation,Pulmonary and Respiratory Medicine,Medicine,Health Sciences,ACS Applied Materials & Interfaces
https://openalex.org/W4360849771,https://doi.org/10.1021/acssuschemeng.2c06665,Demonstration of 12 Years Outdoor Working of Highly Durable Dye-Sensitized Solar Cell Modules Employing Hydrophobic Surface Passivation and Suppression of Biased Distribution of Iodine Ions,2023,article,5,50,5,Naohiko Kato; Hiromitsu Tanaka; Yasuhiko Takeda; Kazuo Higuchi; Junji Nakajima,https://openalex.org/A5073447372; https://openalex.org/A5019810533; https://openalex.org/A5103237032; https://openalex.org/A5100842976; https://openalex.org/A5079124175,Toyota Central Research and Development Laboratories (Japan); Aisin (Japan),JP,5,TiO2 Photocatalysis and Solar Cells,"Renewable Energy, Sustainability and the Environment",Energy,Physical Sciences,ACS Sustainable Chemistry & Engineering
https://openalex.org/W4352977395,https://doi.org/10.1109/tcyb.2023.3252673,Stochastic Optimal Linear Control for Generalized Cost Functions With Time-Invariant Stochastic Parameters,2023,article,3,59,3,Yuji Ito; Kenji Fujimoto; Yukihiro Tadokoro,https://openalex.org/A5028644363; https://openalex.org/A5037036162; https://openalex.org/A5025021852,Toyota Central Research and Development Laboratories (Japan); Kyoto University,JP,2,Control Systems and Identification,Control and Systems Engineering,Engineering,Physical Sciences,IEEE Transactions on Cybernetics
https://openalex.org/W4323438480,https://doi.org/10.1016/j.jpowsour.2023.232909,Investigation of gas transport resistance in fuel cell catalyst layers via hydrogen limiting current measurements of CO-covered catalyst surfaces,2023,article,24,65,7,Kazuma Shinozaki; Shuji Kajiya; Shunsuke Yamakawa; Naoki Hasegawa; Takahisa Suzuki; Masao Shibata; Ryosuke Jinnouchi,https://openalex.org/A5064238799; https://openalex.org/A5091731371; https://openalex.org/A5007537306; https://openalex.org/A5015589680; https://openalex.org/A5103006759; https://openalex.org/A5063052973; https://openalex.org/A5014137404,Toyota Central Research and Development Laboratories (Japan),JP,7,Electrocatalysts for Energy Conversion,"Renewable Energy, Sustainability and the Environment",Energy,Physical Sciences,Journal of Power Sources
https://openalex.org/W4321442155,https://doi.org/10.1016/j.trb.2023.02.009,Modeling the impact of e-hailing services on regional public transit considering transit-dependent people,2023,article,4,31,2,Keiichiro Hayakawa; Makoto Chikaraishi,https://openalex.org/A5001362222; https://openalex.org/A5015602383,Toyota Central Research and Development Laboratories (Japan); Hiroshima University,JP,2,Transportation and Mobility Innovations,Automotive Engineering,Engineering,Physical Sciences,Transportation Research Part B Methodological
https://openalex.org/W4318939461,https://doi.org/10.1016/j.jcis.2023.01.101,Anomalous behavior of liquid molecules near solid nanoparticles: Novel interpretation on thermal conductivity enhancement in nanofluids,2023,article,15,46,6,Shunsuke Hashimoto; S. Yamaguchi; Masashi Harada; Kenji Nakajima; Tatsuya Kikuchi; Kazuki Ohishi,https://openalex.org/A5029561621; https://openalex.org/A5101483835; https://openalex.org/A5087333692; https://openalex.org/A5053775690; https://openalex.org/A5101666204; https://openalex.org/A5041849526,Toyota Central Research and Development Laboratories (Japan); Japan Proton Accelerator Research Complex; Comprehensive Research Organization for Science and Society,JP,6,Thermal properties of materials,Materials Chemistry,Materials Science,Physical Sciences,Journal of Colloid and Interface Science
https://openalex.org/W4313530481,https://doi.org/10.1016/j.apcatb.2022.122352,NH3 decomposition over Ru/CeO2-PrOx catalyst under high space velocity conditions for an on-site H2 fueling station,2022,article,55,67,4,Kiyoshi Yamazaki; M. Matsumoto; Marie Ishikawa; Akinori Satou,https://openalex.org/A5033104370; https://openalex.org/A5102981193; https://openalex.org/A5041389230; https://openalex.org/A5020060081,Toyota Central Research and Development Laboratories (Japan); Toyota Motor Corporation (Japan),JP,2,Catalytic Processes in Materials Science,Materials Chemistry,Materials Science,Physical Sciences,Applied Catalysis B: Environmental
https://openalex.org/W4313379526,https://doi.org/10.1016/j.matdes.2022.111497,Origami-inspired metamaterials with switchable energy absorption based on bifurcated motions of a Tachi-Miura polyhedron,2022,article,37,74,7,Sunao TOMITA; Kento Shimanuki; Hidekazu NISHIGAKI; Shin Oyama; Takashi Sasagawa; Daisuke Murai; Kazuhiko Umemoto,https://openalex.org/A5059865900; https://openalex.org/A5054509010; https://openalex.org/A5113945248; https://openalex.org/A5014135624; https://openalex.org/A5028590387; https://openalex.org/A5045896885; https://openalex.org/A5045018909,Toyota Central Research and Development Laboratories (Japan),JP,1,Advanced Materials and Mechanics,Mechanical Engineering,Engineering,Physical Sciences,Materials & Design
https://openalex.org/W4300772321,https://doi.org/10.1016/j.apcatb.2022.122030,Ultralight conductive IrO2 nanostructured textile enables highly efficient hydrogen and oxygen evolution reaction: Importance of catalyst layer sheet resistance,2022,article,42,52,2,Shougo Higashi; Atsushi Beniya,https://openalex.org/A5015984699; https://openalex.org/A5089140783,Toyota Central Research and Development Laboratories (Japan),JP,1,Electrocatalysts for Energy Conversion,"Renewable Energy, Sustainability and the Environment",Energy,Physical Sciences,Applied Catalysis B: Environmental
https://openalex.org/W4302009602,https://doi.org/10.1016/j.apsusc.2022.155198,X-ray absorption spectroscopy without the self-absorption effect by detecting l-line fluorescence at the K-edge,2022,article,2,27,3,Noritake Isomura; Satoru Kosaka; Naoko Takahashi,https://openalex.org/A5077114890; https://openalex.org/A5064973949; https://openalex.org/A5102972627,Toyota Central Research and Development Laboratories (Japan),JP,3,X-ray Spectroscopy and Fluorescence Analysis,Radiation,Physics and Astronomy,Physical Sciences,Applied Surface Science
https://openalex.org/W4312239647,https://doi.org/10.1109/iros47612.2022.9981958,Spatio-Temporal Graph Localization Networks for Image-based Navigation,2022,conference-paper,11,52,3,Takahiro Niwa; Shun Taguchi; Noriaki Hirose,https://openalex.org/A5109128045; https://openalex.org/A5054754593; https://openalex.org/A5057238110,,,0,Robotics and Sensor-Based Localization,Aerospace Engineering,Engineering,Physical Sciences,2022 IEEE/RSJ International Conference on Intelligent Robots and Systems (IROS)
https://openalex.org/W4312364162,https://doi.org/10.1109/iros47612.2022.9982213,Unsupervised Simultaneous Learning for Camera Re-Localization and Depth Estimation from Video,2022,conference-paper,2,64,2,Shun Taguchi; Noriaki Hirose,https://openalex.org/A5054754593; https://openalex.org/A5057238110,Toyota Central Research and Development Laboratories (Japan),JP,1,Robotics and Sensor-Based Localization,Aerospace Engineering,Engineering,Physical Sciences,2022 IEEE/RSJ International Conference on Intelligent Robots and Systems (IROS)
https://openalex.org/W4309728406,https://doi.org/10.1021/acsami.2c14574,Interfacial Distribution of Nafion Ionomer Thin Films on Nitrogen-Modified Carbon Surfaces,2022,article,28,69,11,Wataru Yoshimune; Nobuaki Kikkawa; Hiroaki Yoneyama; Naoko Takahashi; Saori Minami; Yusuke Akimoto; Takuya Mitsuoka; H. Kawaura; Masashi Harada; Norifumi L. Yamada; Hiroyuki Aoki,https://openalex.org/A5000856794; https://openalex.org/A5084554188; https://openalex.org/A5082926435; https://openalex.org/A5102972627; https://openalex.org/A5013319689; https://openalex.org/A5111018334; https://openalex.org/A5078323814; https://openalex.org/A5061361521; https://openalex.org/A5087333692; https://openalex.org/A5049248564; https://openalex.org/A5074420539,Toyota Central Research and Development Laboratories (Japan); High Energy Accelerator Research Organization; Japan Atomic Energy Agency; Japan Proton Accelerator Research Complex,JP,4,Fuel Cells and Related Materials,Electrical and Electronic Engineering,Engineering,Physical Sciences,ACS Applied Materials & Interfaces
https://openalex.org/W4311109694,https://doi.org/10.1038/s41598-022-25489-4,Sustaining self-restraint until the middle of the COVID-19 pandemic in Tokyo,2022,article,3,30,3,Yoshinao Ishii; Keiichiro Hayakawa; Makoto Chikaraishi,https://openalex.org/A5034575367; https://openalex.org/A5078533573; https://openalex.org/A5015602383,Toyota Central Research and Development Laboratories (Japan); Hiroshima University,JP,2,Urban Transport and Accessibility,Transportation,Social Sciences,Social Sciences,Scientific Reports
https://openalex.org/W3214235559,https://doi.org/10.1016/j.ensm.2021.11.013,"Unveiling scale differences in the two-phase transformation of <mml:math xmlns:mml=""http://www.w3.org/1998/Math/MathML"" altimg=""si30.svg""> <mml:msub> <mml:mrow> <mml:mi mathvariant=""normal"">Li</mml:mi> </mml:mrow> <mml:mn>4</mml:mn> </mml:msub> </mml:math> <mml:math xmlns:mml=""http://www.w3.org/1998/Math/MathML"" altimg=""si31.svg""> <mml:msub> <mml:mrow> <mml:mi mathvariant=""normal"">Ti</mml:mi> </mml:mrow> <mml:mn>5</mml:mn> </mml:msub> </mml:math> <mml:math xmlns:mml=""http://www.w3.org/1998/Math/MathML"" altimg=""si32.svg""> <mml:msub> <mml:mrow> <mml:mi mathvariant=""normal"">O</mml:mi> </mml:mrow> <mml:mn>12</mml:mn> </mml:msub> </mml:math> via operando X-ray absorption and diffraction studies",2021,article,15,68,3,Kazuhiko Mukai; Takamasa Nonaka; Takeshi Uyama,https://openalex.org/A5089147516; https://openalex.org/A5015523164; https://openalex.org/A5032225113,Toyota Central Research and Development Laboratories (Japan),JP,1,Advancements in Battery Materials,Electrical and Electronic Engineering,Engineering,Physical Sciences,Energy storage materials
https://openalex.org/W3205670890,https://doi.org/10.22331/q-2022-04-13-688,Computationally Efficient Quantum Expectation with Extended Bell Measurements,2022,article,14,54,5,Ruho Kondo; Yuki Sato; Satoshi Koide; Seiji Kajita; Hideki Takamatsu,https://openalex.org/A5084660054; https://openalex.org/A5072441184; https://openalex.org/A5009788491; https://openalex.org/A5082807889; https://openalex.org/A5049263880,Toyota Central Research and Development Laboratories (Japan); Toyota Motor Corporation (Japan),JP,2,Quantum Computing Algorithms and Architecture,Artificial Intelligence,Computer Science,Physical Sciences,Quantum
https://openalex.org/W4280544807,https://doi.org/10.1021/acsami.2c06471,Effects of Lithium Bis(oxalate)borate Electrolyte Additive on the Formation of a Solid Electrolyte Interphase on Amorphous Carbon Electrodes by <i>Operando</i> Time-Slicing Neutron Reflectometry,2022,article,14,49,6,H. Kawaura; Masashi Harada; Yasuhito Kondo; Mamoru Mizutani; Naoko Takahashi; Norifumi L. Yamada,https://openalex.org/A5061361521; https://openalex.org/A5087333692; https://openalex.org/A5113136709; https://openalex.org/A5113635768; https://openalex.org/A5102972627; https://openalex.org/A5049248564,Toyota Central Research and Development Laboratories (Japan); High Energy Accelerator Research Organization,JP,2,Advancements in Battery Materials,Electrical and Electronic Engineering,Engineering,Physical Sciences,ACS Applied Materials & Interfaces
https://openalex.org/W4280608607,https://doi.org/10.1021/acsami.2c02868,"How Fluorine Introduction Solves the Spinel Transition, a Fundamental Problem of Mn-Based Positive Electrodes",2022,article,15,47,8,Yuji Mahara; Naoyuki Nagasako; Hideaki Oka; Yasuhito Kondo; Satoru Kosaka; Hiroyuki Nakano; Takamasa Nonaka; Yoshinari Makimura,https://openalex.org/A5039508923; https://openalex.org/A5023874662; https://openalex.org/A5016062988; https://openalex.org/A5113136709; https://openalex.org/A5064973949; https://openalex.org/A5020321683; https://openalex.org/A5015523164; https://openalex.org/A5053657575,Toyota Central Research and Development Laboratories (Japan),JP,1,Advancements in Battery Materials,Electrical and Electronic Engineering,Engineering,Physical Sciences,ACS Applied Materials & Interfaces
https://openalex.org/W4280511325,https://doi.org/10.1002/smll.202200113,Visualizing Invisible Phase Transitions in Blue Phase Liquid Crystals Using Early Warning Indicators,2022,article,4,40,5,Takayuki Matsui; Tadayoshi MATSUMORI; Yuji Ito; Yoko Hase; Hiroyuki Yoshida,https://openalex.org/A5075841872; https://openalex.org/A5000604108; https://openalex.org/A5028644363; https://openalex.org/A5081202701; https://openalex.org/A5024160868,Toyota Central Research and Development Laboratories (Japan); The University of Osaka,JP,5,Ecosystem dynamics and resilience,Global and Planetary Change,Environmental Science,Physical Sciences,Small
https://openalex.org/W4224045071,https://doi.org/10.1021/acsami.2c01594,In Situ Small-Angle Neutron Scattering Analysis of Water Evaporation from Porous Exhaust-Gas-Catalyst Supports,2022,article,3,48,3,Wataru Yoshimune; Satoru Kato; Masashi Harada,https://openalex.org/A5000856794; https://openalex.org/A5011165746; https://openalex.org/A5087333692,Toyota Central Research and Development Laboratories (Japan),JP,1,Catalytic Processes in Materials Science,Materials Chemistry,Materials Science,Physical Sciences,ACS Applied Materials & Interfaces
https://openalex.org/W4281737137,https://doi.org/10.1016/j.apcatb.2022.121600,"Photocatalytic CO2 reduction by a Z-scheme mechanism in an aqueous suspension of particulate (CuGa)0.3Zn1.4S2, BiVO4 and a Co complex operating dual-functionally as an electron mediator and as a cocatalyst",2022,article,37,55,6,Tomiko M. Suzuki; Shunya Yoshino; Keita Sekizawa; Yuichi Yamaguchi; Akihiko Kudo; Takeshi Morikawa,https://openalex.org/A5076179600; https://openalex.org/A5021650021; https://openalex.org/A5008137526; https://openalex.org/A5090406107; https://openalex.org/A5014036614; https://openalex.org/A5076624018,Toyota Central Research and Development Laboratories (Japan); Tokyo University of Science,JP,2,Advanced Photocatalysis Techniques,"Renewable Energy, Sustainability and the Environment",Energy,Physical Sciences,Applied Catalysis B: Environmental
https://openalex.org/W4281617945,https://doi.org/10.1016/j.jpowsour.2022.231698,Finding a novel electrolyte solution of lithium-ion batteries using an autonomous search system based on ensemble optimization,2022,article,16,39,4,Akitoshi Suzumura; Hiroshi Ohno; Nobuaki Kikkawa; Kensuke Takechi,https://openalex.org/A5076292961; https://openalex.org/A5054306405; https://openalex.org/A5084554188; https://openalex.org/A5071736692,Toyota Central Research and Development Laboratories (Japan),JP,1,Advanced Battery Technologies Research,Automotive Engineering,Engineering,Physical Sciences,Journal of Power Sources
https://openalex.org/W4284976711,https://doi.org/10.1038/s42005-022-00957-5,Observation of bulk-edge correspondence in topological pumping based on a tunable electric circuit,2022,article,30,63,7,Kenichi Yatsugi; Tsuneya Yoshida; Tomonari Mizoguchi; Yoshihito Kuno; Hideo Iizuka; Yukihiro Tadokoro; Yasuhiro Hatsugai,https://openalex.org/A5029720668; https://openalex.org/A5056057994; https://openalex.org/A5004099770; https://openalex.org/A5015998729; https://openalex.org/A5083180550; https://openalex.org/A5025021852; https://openalex.org/A5068361908,Toyota Central Research and Development Laboratories (Japan); University of Tsukuba,JP,2,Topological Materials and Phenomena,"Atomic and Molecular Physics, and Optics",Physics and Astronomy,Physical Sciences,Communications Physics
https://openalex.org/W3217183240,https://doi.org/10.1109/icra46639.2022.9812301,Ex-DoF: Expansion of Action Degree-of-Freedom with Virtual Camera Rotation for Omnidirectional Image,2022,conference-paper,1,62,2,Kosuke Tahara; Noriaki Hirose,https://openalex.org/A5087926365; https://openalex.org/A5057238110,Toyota Motor Corporation (Switzerland),CH,1,Robotics and Sensor-Based Localization,Aerospace Engineering,Engineering,Physical Sciences,2022 International Conference on Robotics and Automation (ICRA)
https://openalex.org/W4285725551,https://doi.org/10.1016/j.jpowsour.2022.231850,Effect of amorphous carbon coating on the formation of solid electrolyte interphase and electrochemical properties of a graphite electrode,2022,article,24,53,4,Hideaki Oka; Hiroaki Kadoura; Naoko Takahashi; Taiji Ikawa,https://openalex.org/A5016062988; https://openalex.org/A5020366776; https://openalex.org/A5102972627; https://openalex.org/A5024454957,Toyota Central Research and Development Laboratories (Japan),JP,1,Advancements in Battery Materials,Electrical and Electronic Engineering,Engineering,Physical Sciences,Journal of Power Sources
https://openalex.org/W4225407872,https://doi.org/10.1002/adfm.202202674,Wirelessly Powered 3D Printed Hierarchical Biohybrid Robots with Multiscale Mechanical Properties,2022,article,47,80,5,Hiroyuki Tetsuka; Lorenzo Pirrami; Ting Wang; Danilo Demarchi; Su Ryon Shin,https://openalex.org/A5071114338; https://openalex.org/A5080408045; https://openalex.org/A5100427966; https://openalex.org/A5011944996; https://openalex.org/A5024067963,Brigham and Women's Hospital; Toyota Motor Corporation (Switzerland); Harvard University; Toyota Motor North America (United States); Toyota Research Institute; HES-SO University of Applied Sciences and Arts Western Switzerland; School of Engineering and Architecture of Fribourg; HES-SO Fribourg; Politecnico di Torino,US; CH; IT,9,Micro and Nano Robotics,Condensed Matter Physics,Physics and Astronomy,Physical Sciences,Advanced Functional Materials
https://openalex.org/W4292809811,https://doi.org/10.1021/acsami.2c09298,Rapid Solar Heating of Antimicrobial Ag and Cu<sub>2</sub>O Nanostructured Plasmonic Textile for Clean Water Production,2022,article,22,43,3,Shougo Higashi; Takayuki Matsui; Atsushi Beniya,https://openalex.org/A5015984699; https://openalex.org/A5075841872; https://openalex.org/A5089140783,Toyota Central Research and Development Laboratories (Japan),JP,1,Solar-Powered Water Purification Methods,"Renewable Energy, Sustainability and the Environment",Energy,Physical Sciences,ACS Applied Materials & Interfaces
https://openalex.org/W4285601357,https://doi.org/10.24963/ijcai.2022/534,A Polynomial-time Decentralised Algorithm for Coordinated Management of Multiple Intersections,2022,conference-paper,3,17,4,Tatsuya Iwase; Sebastian Stein; Enrico Gerding; Archie C. Chapman,https://openalex.org/A5056771270; https://openalex.org/A5011370879; https://openalex.org/A5040869025; https://openalex.org/A5047336117,Toyota Motor North America (United States); University of Southampton; The University of Queensland,US; GB; AU,3,Transportation Planning and Optimization,Transportation,Social Sciences,Social Sciences,
https://openalex.org/W4294611869,https://doi.org/10.1016/j.apenergy.2022.119773,A 6-kW thermally self-sustained two-stage CO2 methanation reactor: design and experimental evaluation of steady-state performance under full-load conditions,2022,article,12,40,2,Shogo Sayama; Seiji Yamamoto,https://openalex.org/A5049766749; https://openalex.org/A5020463415,Toyota Central Research and Development Laboratories (Japan),JP,1,Catalysts for Methane Reforming,Catalysis,Chemical Engineering,Physical Sciences,Applied Energy
https://openalex.org/W4297181329,https://doi.org/10.1016/j.matdes.2022.111200,Elastic metamaterial composite made of molded pulp and steel for suppression of low-frequency vibration in thin-plate structures,2022,article,14,56,4,Sunao TOMITA; Sachito NAKANO; Makoto SEGI; Takuya NISHIMURA,https://openalex.org/A5059865900; https://openalex.org/A5066304273; https://openalex.org/A5079409086; https://openalex.org/A5041246380,Toyota Central Research and Development Laboratories (Japan),JP,1,Acoustic Wave Phenomena Research,Biomedical Engineering,Engineering,Physical Sciences,Materials & Design
https://openalex.org/W4297225042,https://doi.org/10.1021/acsaem.2c01721,Improved Kinetics in Spinel-Related 5 V Positive Electrode Materials by Changing Lithium Insertion Schemes for Lithium-Ion Batteries,2022,article,5,62,7,Yoshinari Makimura; Keita Niitani; Ippei Goto; Akira Tsujiko; Hideaki Oka; Takamasa Nonaka; Takeshi Abe,https://openalex.org/A5053657575; https://openalex.org/A5064964615; https://openalex.org/A5006747984; https://openalex.org/A5081481149; https://openalex.org/A5016062988; https://openalex.org/A5015523164; https://openalex.org/A5014192679,Toyota Motor Corporation (Switzerland); Toyota Central Research and Development Laboratories (Japan); Toyota Motor Corporation (Japan),CH; JP,3,Advancements in Battery Materials,Electrical and Electronic Engineering,Engineering,Physical Sciences,ACS Applied Energy Materials
https://openalex.org/W4308068833,https://doi.org/10.1109/itsc55140.2022.9922035,High Density Automated Valet Parking via Multi-agent Path Finding,2022,conference-paper,8,31,4,Ayano Okoso; Keisuke Otaki; Satoshi Koide; Tomoki Nishi,https://openalex.org/A5033705342; https://openalex.org/A5091332862; https://openalex.org/A5009788491; https://openalex.org/A5029287040,,,0,Smart Parking Systems Research,Building and Construction,Engineering,Physical Sciences,2022 IEEE 25th International Conference on Intelligent Transportation Systems (ITSC)
https://openalex.org/W4308081105,https://doi.org/10.1109/itsc55140.2022.9921784,Road Network Generation with City Block Attributes Using Link Attribute Aggregation,2022,conference-paper,2,0,2,Takashi Owaki; Takashi Machida,https://openalex.org/A5012654433; https://openalex.org/A5100753703,Toyota Central Research and Development Laboratories (Japan),JP,1,Data Visualization and Analytics,Computer Vision and Pattern Recognition,Computer Science,Physical Sciences,2022 IEEE 25th International Conference on Intelligent Transportation Systems (ITSC)
https://openalex.org/W4307047914,https://doi.org/10.1038/s41598-022-22266-1,Visualization of estimated prevalence of CES-D positivity accounting for background factors and AIS scores,2022,article,2,26,13,Takashi Matsuyama; Akira Narita; Masaki Takanashi; Mana Kogure; Shūichi Satō; Tomohiro Nakamura; Hideo Nakane; Soichi Ogishima; Fuji Nagami; Naoki Nakaya; Kozo Tanno; Takao Imaeda; Atsushi Hozawa,https://openalex.org/A5037213887; https://openalex.org/A5012113903; https://openalex.org/A5110156675; https://openalex.org/A5062567082; https://openalex.org/A5047468489; https://openalex.org/A5101906171; https://openalex.org/A5017959526; https://openalex.org/A5049356235; https://openalex.org/A5084236462; https://openalex.org/A5048257604; https://openalex.org/A5070727836; https://openalex.org/A5085244416; https://openalex.org/A5013972052,Toyota Central Research and Development Laboratories (Japan); Tohoku University; Tohoku Medical Megabank Organization; Iwate Medical University,JP,4,"Health, Environment, Cognitive Aging","Health, Toxicology and Mutagenesis",Environmental Science,Physical Sciences,Scientific Reports
https://openalex.org/W4205675201,https://doi.org/10.1021/acscatal.1c03948,Insight for Designing Mass-Efficient Metal-Oxide-Supported Heterogeneous Catalyst from the Identification of the Catalytically Active Edge Sites Using Isotopically Labeled <sup>13</sup>CO and <sup>18</sup>O<sub>2</sub>,2022,article,14,49,5,Atsushi Beniya; Kazutoshi Miwa; Hirohito Hirata; Yoshihide Watanabe; Shougo Higashi,https://openalex.org/A5089140783; https://openalex.org/A5065466744; https://openalex.org/A5005311244; https://openalex.org/A5052736282; https://openalex.org/A5015984699,Toyota Central Research and Development Laboratories (Japan); Toyota Motor Corporation (Japan),JP,2,Catalytic Processes in Materials Science,Materials Chemistry,Materials Science,Physical Sciences,ACS Catalysis
https://openalex.org/W3215150760,https://doi.org/10.1021/acs.accounts.1c00564,Solar-Driven CO<sub>2</sub> Reduction Using a Semiconductor/Molecule Hybrid Photosystem: From Photocatalysts to a Monolithic Artificial Leaf,2021,article,131,60,5,Takeshi Morikawa; Shunsuke Sato; Keita Sekizawa; Tomiko M. Suzuki; Takeo Arai,https://openalex.org/A5076624018; https://openalex.org/A5032289572; https://openalex.org/A5008137526; https://openalex.org/A5076179600; https://openalex.org/A5033201151,Toyota Central Research and Development Laboratories (Japan),JP,1,CO2 Reduction Techniques and Catalysts,"Renewable Energy, Sustainability and the Environment",Energy,Physical Sciences,Accounts of Chemical Research
https://openalex.org/W3214045451,https://doi.org/10.1021/acssuschemeng.1c06390,Solar Fuel Production from CO<sub>2</sub> Using a 1 m-Square-Sized Reactor with a Solar-to-Formate Conversion Efficiency of 10.5%,2021,article,33,48,9,Naohiko Kato; Yasuhiko Takeda; Yasuaki Kawai; Natsumi Nojiri; Masahito Shiozawa; Shintaro Mizuno; Ken‐ichi Yamanaka; Takeshi Morikawa; Tsuyoshi Hamaguchi,https://openalex.org/A5073447372; https://openalex.org/A5103237032; https://openalex.org/A5112550029; https://openalex.org/A5035966973; https://openalex.org/A5034005539; https://openalex.org/A5035215880; https://openalex.org/A5017570576; https://openalex.org/A5076624018; https://openalex.org/A5054422026,Toyota Central Research and Development Laboratories (Japan),JP,1,CO2 Reduction Techniques and Catalysts,"Renewable Energy, Sustainability and the Environment",Energy,Physical Sciences,ACS Sustainable Chemistry & Engineering
https://openalex.org/W3208005496,https://doi.org/10.1021/acsanm.1c02563,Carbon Nanotube-Based Nanomechanical Receiver for Digital Data Transfer,2021,article,8,48,6,Keita Funayama; Hiroya Tanaka; Jun Hirotani; Keiichi Shimaoka; Yutaka Ohno; Yukihiro Tadokoro,https://openalex.org/A5088511716; https://openalex.org/A5073314353; https://openalex.org/A5059514279; https://openalex.org/A5072301245; https://openalex.org/A5101680682; https://openalex.org/A5025021852,Toyota Central Research and Development Laboratories (Japan); Nagoya University,JP,2,Mechanical and Optical Resonators,"Atomic and Molecular Physics, and Optics",Physics and Astronomy,Physical Sciences,ACS Applied Nano Materials
https://openalex.org/W3163436309,https://doi.org/10.1109/jphot.2021.3079933,Polarization Splitting Grating Coupler for Optical Antenna of LiDARs Consisting of Two Gratings Coupling Light in a Perfectly Vertical Direction,2021,article,8,19,5,Tetsuya Shimogaki; Hikaru Fukushima; Daisuke Inoue; Tadashi Ichikawa; Tatsuya Yamashita,https://openalex.org/A5041114978; https://openalex.org/A5084869085; https://openalex.org/A5101973787; https://openalex.org/A5111855868; https://openalex.org/A5062639920,Toyota Central Research and Development Laboratories (Japan),JP,5,Photonic and Optical Devices,Electrical and Electronic Engineering,Engineering,Physical Sciences,IEEE photonics journal
https://openalex.org/W3173143252,https://doi.org/10.1109/access.2021.3091757,Improvements in Perpendicular Reverse Parking by Directing Drivers’ Preliminary Behavior,2021,article,4,42,5,Yoshihiro Ohama; Kakeru Tanaka; Hiroshi Yasuda; Kainosuke Obata; Naohiro Fukumura,https://openalex.org/A5051488121; https://openalex.org/A5102088843; https://openalex.org/A5067275429; https://openalex.org/A5046289376; https://openalex.org/A5044606811,Toyota Central Research and Development Laboratories (Japan); Toyohashi University of Technology,JP,5,Smart Parking Systems Research,Building and Construction,Engineering,Physical Sciences,IEEE Access
https://openalex.org/W3206074207,https://doi.org/10.1109/icra48506.2021.9560776,PLG-IN: Pluggable Geometric Consistency Loss with Wasserstein Distance in Monocular Depth Estimation,2021,conference-paper,9,55,4,Noriaki Hirose; Satoshi Koide; Keisuke Kawano; Ruho Kondo,https://openalex.org/A5057238110; https://openalex.org/A5009788491; https://openalex.org/A5106723033; https://openalex.org/A5084660054,"National Institute of Technology, Toyota College",JP,1,Advanced Vision and Imaging,Computer Vision and Pattern Recognition,Computer Science,Physical Sciences,
https://openalex.org/W3205685096,https://doi.org/10.1109/icra48506.2021.9561274,Deep reinforcement learning of event-triggered communication and control for multi-agent cooperative transport,2021,conference-paper,22,35,3,Kazuki Shibata; T. Jimbo; Takamitsu Matsubara,https://openalex.org/A5073719311; https://openalex.org/A5066055821; https://openalex.org/A5042074952,Toyota Central Research and Development Laboratories (Japan); Nara Institute of Science and Technology,JP,2,Distributed Control Multi-Agent Systems,Computer Networks and Communications,Computer Science,Physical Sciences,
https://openalex.org/W3036147805,https://doi.org/10.1109/tpel.2020.3003618,Design of an Isolated Bidirectional DC–DC Converter With Built-in Filters for High Power Density,2020,article,31,41,4,S. Inoue; Masanori Ishigaki; Atsuhiro Takahashi; Takahide Sugiyama,https://openalex.org/A5052947508; https://openalex.org/A5103202288; https://openalex.org/A5012825956; https://openalex.org/A5010814600,Toyota Central Research and Development Laboratories (Japan),JP,1,Advanced DC-DC Converters,Electrical and Electronic Engineering,Engineering,Physical Sciences,IEEE Transactions on Power Electronics
https://openalex.org/W3155606610,https://doi.org/10.1109/tpel.2021.3073991,Dependence of Short-Circuit Withstand Capability of SiC MOSFETs on Short-Circuit Failure Time,2021,article,26,18,3,T. Shoji; Makoto Kuwahara; Masanori Usui,https://openalex.org/A5082725317; https://openalex.org/A5031917868; https://openalex.org/A5012458529,Toyota Central Research and Development Laboratories (Japan),JP,1,Silicon Carbide Semiconductor Technologies,Electrical and Electronic Engineering,Engineering,Physical Sciences,IEEE Transactions on Power Electronics
https://openalex.org/W3163948835,https://doi.org/10.1109/tpel.2021.3081121,Fabrication and Evaluation of a Magnetically Coupled EMI Filter Designed With Topology Optimization,2021,article,6,22,4,Atsuhiro Takahashi; Katsuya Nomura; Takashi Kojima; Tsuyoshi Nomura,https://openalex.org/A5012825956; https://openalex.org/A5091224006; https://openalex.org/A5002160779; https://openalex.org/A5078662057,Toyota Central Research and Development Laboratories (Japan),JP,1,Topology Optimization in Engineering,Civil and Structural Engineering,Engineering,Physical Sciences,IEEE Transactions on Power Electronics
https://openalex.org/W3047501426,https://doi.org/10.1109/tpel.2020.3013399,Ringing Suppression of SiC MOSFET Using a Strongly Coupled External Resonator Through Analogy With Passive PT-Symmetry,2020,article,12,43,3,Kenichi Yatsugi; Koshi Oishi; Hideo Iizuka,https://openalex.org/A5029720668; https://openalex.org/A5006483829; https://openalex.org/A5083180550,Toyota Central Research and Development Laboratories (Japan); Toyota Research Institute,JP,2,Quantum Mechanics and Non-Hermitian Physics,"Atomic and Molecular Physics, and Optics",Physics and Astronomy,Physical Sciences,IEEE Transactions on Power Electronics
https://openalex.org/W3155397888,https://doi.org/10.1016/j.jpowsour.2021.229788,Appearance of the 4 V signal without transformation to spinel-related oxides from loose-crystalline rock-salt LiMnO2,2021,article,13,69,7,Yuji Mahara; Yoshinari Makimura; Hideaki Oka; Hiroyuki Nakano; Shin Tajima; Takamasa Nonaka; Tsuyoshi Sasaki,https://openalex.org/A5039508923; https://openalex.org/A5053657575; https://openalex.org/A5016062988; https://openalex.org/A5020321683; https://openalex.org/A5101580215; https://openalex.org/A5015523164; https://openalex.org/A5034703679,Toyota Central Research and Development Laboratories (Japan),JP,1,Advancements in Battery Materials,Electrical and Electronic Engineering,Engineering,Physical Sciences,Journal of Power Sources
https://openalex.org/W3113400144,https://doi.org/10.1021/acs.chemmater.0c04570,Fluoride-Ion Shuttle Battery with High Volumetric Energy Density,2020,article,63,31,12,Hiroyuki Nakano; Toshiyuki Matsunaga; Takuya Mori; Koji Nakanishi; Yoshiyuki Morita; Kazuto Ide; Ken‐ichi Okazaki; Yuki Orikasa; Taketoshi Minato; Kentaro Yamamoto; Zempachi Ogumi; Yoshiharu Uchimoto,https://openalex.org/A5020321683; https://openalex.org/A5049966177; https://openalex.org/A5101016139; https://openalex.org/A5101084379; https://openalex.org/A5112271400; https://openalex.org/A5063039702; https://openalex.org/A5091293984; https://openalex.org/A5085378901; https://openalex.org/A5064359388; https://openalex.org/A5019872565; https://openalex.org/A5044849712; https://openalex.org/A5017493428,Kyoto University; Toyota Central Research and Development Laboratories (Japan),JP,2,Inorganic Fluorides and Related Compounds,Inorganic Chemistry,Chemistry,Physical Sciences,Chemistry of Materials
https://openalex.org/W3127744242,https://doi.org/10.1021/acsnano.0c08290,Low-Resistance Mechanism of Nanoflake Crystalline Aromatic Dicarboxylates with Selective Defects for Safe and Fast Charging Negative Electrodes,2021,article,6,54,4,Nobuhiro Ogihara; Masaki Hasegawa; Hitoshi Kumagai; Hiroshi Nozaki,https://openalex.org/A5056071333; https://openalex.org/A5102785382; https://openalex.org/A5004071991; https://openalex.org/A5010500327,Toyota Central Research and Development Laboratories (Japan),JP,1,Advanced Battery Materials and Technologies,Electrical and Electronic Engineering,Engineering,Physical Sciences,ACS Nano
https://openalex.org/W3118291135,https://doi.org/10.1039/d0ta10215f,Spontaneous formation of a core–shell structure by a lithium ion conductive garnet-type oxide electrolyte for co-sintering with the cathode,2021,article,15,39,3,Shingo Ohta; Yuki Kihira; Takahiko Asaoka,https://openalex.org/A5070321309; https://openalex.org/A5061051160; https://openalex.org/A5090371607,Toyota Motor Corporation (Switzerland); Toyota Central Research and Development Laboratories (Japan),CH; JP,2,Advanced Battery Materials and Technologies,Electrical and Electronic Engineering,Engineering,Physical Sciences,Journal of Materials Chemistry A
https://openalex.org/W3087452068,https://doi.org/10.1016/j.jpowsour.2020.228926,Changes in the stage structure of Li-intercalated graphite electrode at elevated temperatures,2020,article,38,47,6,Hideaki Oka; Yoshinari Makimura; Takeshi Uyama; Takamasa Nonaka; Yasuhito Kondo; Chikaaki Okuda,https://openalex.org/A5016062988; https://openalex.org/A5053657575; https://openalex.org/A5032225113; https://openalex.org/A5015523164; https://openalex.org/A5113136709; https://openalex.org/A5112103389,Toyota Central Research and Development Laboratories (Japan),JP,1,Advancements in Battery Materials,Electrical and Electronic Engineering,Engineering,Physical Sciences,Journal of Power Sources
https://openalex.org/W3174556937,https://doi.org/10.1021/acssuschemeng.1c01151,Continuous Decomposition of Cobalt Oxides by Iodine-Trimethyl Phosphate Complex during Electrochemical Charge toward Cobalt Recovery,2021,article,3,26,3,Tohru Shiga; Hiroki Kondo; Yuichi Kato,https://openalex.org/A5025381766; https://openalex.org/A5047252063; https://openalex.org/A5101579654,Toyota Central Research and Development Laboratories (Japan),JP,1,Extraction and Separation Processes,Mechanical Engineering,Engineering,Physical Sciences,ACS Sustainable Chemistry & Engineering
https://openalex.org/W3141566799,https://doi.org/10.1016/j.jpowsour.2021.229800,Nondestructive measurement method for binder content and performance of lithium-ion battery based on electrode deflection under bending deformation,2021,article,1,25,4,Yuhei Yamaguchi; Yasumoto Sato; Naomi Kumano; Hiroyuki Nakano,https://openalex.org/A5034341890; https://openalex.org/A5102943208; https://openalex.org/A5025792503; https://openalex.org/A5020321683,Toyota Central Research and Development Laboratories (Japan),JP,1,Advanced Battery Technologies Research,Automotive Engineering,Engineering,Physical Sciences,Journal of Power Sources
https://openalex.org/W3138966673,https://doi.org/10.1021/acsaem.0c02971,Complexation of Conductive Agents to Cathode Active Materials of Lithium-Ion Batteries Using the Poly–Ion Complex Formation Reaction,2021,article,6,26,3,Hirotaka Yonekura; Yusuke Akimoto; Hiroshi Nakamura,https://openalex.org/A5023063183; https://openalex.org/A5111018334; https://openalex.org/A5090578339,Toyota Central Research and Development Laboratories (Japan),JP,1,Advancements in Battery Materials,Electrical and Electronic Engineering,Engineering,Physical Sciences,ACS Applied Energy Materials
https://openalex.org/W3134139808,https://doi.org/10.1016/j.jelechem.2021.115115,Eliminating the need for craftsmanship: Facile and precise determination of oxygen reduction reaction activity by spraying catalyst ink on rotating disk electrode,2021,article,17,40,3,Masanori Inaba; Yuji Kamitaka; Kensaku Kodama,https://openalex.org/A5068031735; https://openalex.org/A5024571330; https://openalex.org/A5024625913,Toyota Central Research and Development Laboratories (Japan),JP,1,Electrocatalysts for Energy Conversion,"Renewable Energy, Sustainability and the Environment",Energy,Physical Sciences,Journal of Electroanalytical Chemistry
https://openalex.org/W3195792810,https://doi.org/10.1038/s41467-021-25301-3,The role of oxygen-permeable ionomer for polymer electrolyte fuel cells,2021,article,279,59,9,Ryosuke Jinnouchi; Kenji Kudo; Kensaku Kodama; Naoki Kitano; Takahisa Suzuki; Saori Minami; Kazuma Shinozaki; Naoki Hasegawa; Akihiro Shinohara,https://openalex.org/A5014137404; https://openalex.org/A5036054460; https://openalex.org/A5024625913; https://openalex.org/A5061075960; https://openalex.org/A5103006759; https://openalex.org/A5013319689; https://openalex.org/A5064238799; https://openalex.org/A5015589680; https://openalex.org/A5079097582,Toyota Central Research and Development Laboratories (Japan),JP,1,Fuel Cells and Related Materials,Electrical and Electronic Engineering,Engineering,Physical Sciences,Nature Communications
https://openalex.org/W3123461434,https://doi.org/10.1038/s41565-020-00824-w,Challenges in applying highly active Pt-based nanostructured catalysts for oxygen reduction reactions to fuel cell vehicles,2021,article,898,108,5,Kensaku Kodama; T. Nagai; Akira Kuwaki; Ryosuke Jinnouchi; Yu Morimoto,https://openalex.org/A5024625913; https://openalex.org/A5005851378; https://openalex.org/A5073934341; https://openalex.org/A5014137404; https://openalex.org/A5030224847,Toyota Central Research and Development Laboratories (Japan),JP,1,Electrocatalysts for Energy Conversion,"Renewable Energy, Sustainability and the Environment",Energy,Physical Sciences,Nature Nanotechnology
https://openalex.org/W3127136564,https://doi.org/10.1149/1945-7111/abe34b,Effects of the Composition and the Particle Size of Octahedral Pt-Ni Nanoparticles on Their Durability,2021,article,6,31,2,T. Nagai; Kensaku Kodama,https://openalex.org/A5005851378; https://openalex.org/A5024625913,Toyota Central Research and Development Laboratories (Japan),JP,1,Electrocatalysts for Energy Conversion,"Renewable Energy, Sustainability and the Environment",Energy,Physical Sciences,Journal of The Electrochemical Society
https://openalex.org/W3171479198,https://doi.org/10.1021/acssuschemeng.1c02105,Managing the Pore Morphologies of Microporous Layers for Polymer Electrolyte Fuel Cells with a Solvent-Free Coating Technique,2021,article,39,56,6,Wataru Yoshimune; Satoru Kato; S. Yamaguchi; Yusuke Akimoto; Akihiko Koiwai; Hiroshi Nakamura,https://openalex.org/A5000856794; https://openalex.org/A5011165746; https://openalex.org/A5101483835; https://openalex.org/A5111018334; https://openalex.org/A5011036213; https://openalex.org/A5090578339,Toyota Central Research and Development Laboratories (Japan),JP,1,Fuel Cells and Related Materials,Electrical and Electronic Engineering,Engineering,Physical Sciences,ACS Sustainable Chemistry & Engineering
https://openalex.org/W3171250805,https://doi.org/10.1021/acsomega.1c01535,Distinguishing Adsorbed and Deposited Ionomers in the Catalyst Layer of Polymer Electrolyte Fuel Cells Using Contrast-Variation Small-Angle Neutron Scattering,2021,article,48,48,6,Masashi Harada; S. Takata; Hiroki Iwase; Shuji Kajiya; Hiroaki Kadoura; Toshiji Kanaya,https://openalex.org/A5087333692; https://openalex.org/A5041881439; https://openalex.org/A5078574488; https://openalex.org/A5091731371; https://openalex.org/A5020366776; https://openalex.org/A5082999759,Toyota Central Research and Development Laboratories (Japan); Japan Atomic Energy Agency; Japan Proton Accelerator Research Complex; Comprehensive Research Organization for Science and Society; High Energy Accelerator Research Organization,JP,5,Fuel Cells and Related Materials,Electrical and Electronic Engineering,Engineering,Physical Sciences,ACS Omega
https://openalex.org/W3168669779,https://doi.org/10.1016/j.elecom.2021.107059,Visualization of dynamic behavior of liquid water in the microporous layer of polymer electrolyte fuel cell during water injection by time-resolved X-ray computed tomography,2021,article,14,35,6,S. Yamaguchi; Satoru Kato; Akihiko Kato; Yoriko Matsuoka; Yasutaka Nagai; Takahisa Suzuki,https://openalex.org/A5101483835; https://openalex.org/A5011165746; https://openalex.org/A5102833745; https://openalex.org/A5046668384; https://openalex.org/A5102710245; https://openalex.org/A5103006759,Toyota Central Research and Development Laboratories (Japan),JP,1,Fuel Cells and Related Materials,Electrical and Electronic Engineering,Engineering,Physical Sciences,Electrochemistry Communications
https://openalex.org/W3126620624,https://doi.org/10.1016/j.apcatb.2021.119965,Light-harvesting photocatalysis for H2 evolution by methylacridone-bridged periodic mesoporous organosilica,2021,article,17,34,5,Yasutomo Goto; Ken‐ichi Yamanaka; Masataka Ohashi; Yoshifumi Maegawa; Shinji Inagaki,https://openalex.org/A5039751532; https://openalex.org/A5017570576; https://openalex.org/A5011818455; https://openalex.org/A5040063168; https://openalex.org/A5036535606,Toyota Central Research and Development Laboratories (Japan),JP,1,Advanced Photocatalysis Techniques,"Renewable Energy, Sustainability and the Environment",Energy,Physical Sciences,Applied Catalysis B: Environmental
https://openalex.org/W3148969157,https://doi.org/10.1016/j.joule.2021.02.015,Bubble growth and departure modes on wettable/non-wettable porous foams in alkaline water splitting,2021,article,396,57,7,Ryuichi Iwata; Lenan Zhang; Kyle L. Wilke; Shuai Gong; Mingfu He; Betar M. Gallant; Evelyn N. Wang,https://openalex.org/A5090696282; https://openalex.org/A5056002096; https://openalex.org/A5071921883; https://openalex.org/A5063310601; https://openalex.org/A5002205475; https://openalex.org/A5021461183; https://openalex.org/A5076296735,Massachusetts Institute of Technology; Shanghai Jiao Tong University,US; CN,2,Pickering emulsions and particle stabilization,Materials Chemistry,Materials Science,Physical Sciences,Joule
https://openalex.org/W3126417102,https://doi.org/10.1016/j.joule.2021.01.002,A large-sized cell for solar-driven CO2 conversion with a solar-to-formate conversion efficiency of 7.2%,2021,article,102,53,8,Naohiko Kato; Shintaro Mizuno; Masahito Shiozawa; Natsumi Nojiri; Yasuaki Kawai; Kazuhiro Fukumoto; Takeshi Morikawa; Yasuhiko Takeda,https://openalex.org/A5073447372; https://openalex.org/A5035215880; https://openalex.org/A5034005539; https://openalex.org/A5035966973; https://openalex.org/A5112550029; https://openalex.org/A5113993023; https://openalex.org/A5076624018; https://openalex.org/A5103237032,Toyota Central Research and Development Laboratories (Japan),JP,1,CO2 Reduction Techniques and Catalysts,"Renewable Energy, Sustainability and the Environment",Energy,Physical Sciences,Joule
https://openalex.org/W3128507998,https://doi.org/10.1002/cssc.202002557,Hydrogen Production from Methanol‐Water Mixture over Immobilized Iridium Complex Catalysts in Vapor‐Phase Flow Reaction,2020,article,39,43,4,Sho Yamaguchi; Yoshifumi Maegawa; Ken‐ichi Fujita; Shinji Inagaki,https://openalex.org/A5081649730; https://openalex.org/A5040063168; https://openalex.org/A5019102133; https://openalex.org/A5036535606,Toyota Central Research and Development Laboratories (Japan); The University of Osaka; Kyoto University,JP,3,Catalysts for Methane Reforming,Catalysis,Chemical Engineering,Physical Sciences,ChemSusChem
https://openalex.org/W3135752247,https://doi.org/10.1016/j.compositesa.2021.106338,Superior hygrothermal resistance and interfacial adhesion by ternary thermoplastic polymer blend matrix for carbon fiber composite,2021,article,24,35,4,Takayuki Hirai; Kumi Amano; Yusaku Onochi; Yoshinori Inoue,https://openalex.org/A5028194483; https://openalex.org/A5078783622; https://openalex.org/A5014282186; https://openalex.org/A5109997413,Toyota Central Research and Development Laboratories (Japan); Toyota Motor Corporation (Japan),JP,2,Fiber-reinforced polymer composites,Mechanical Engineering,Engineering,Physical Sciences,Composites Part A Applied Science and Manufacturing
https://openalex.org/W3144412032,https://doi.org/10.1246/bcsj.20200387,Molecular Dynamics Simulation of Fracture at a Polymer and Metal Oxide Joining Interface,2021,article,8,33,3,Tomoyuki Kinjo; Hiroaki Yoneyama; Kazuhiko Umemoto,https://openalex.org/A5053367920; https://openalex.org/A5082926435; https://openalex.org/A5045018909,Toyota Central Research and Development Laboratories (Japan),JP,3,Mechanical Behavior of Composites,Mechanics of Materials,Engineering,Physical Sciences,Bulletin of the Chemical Society of Japan
https://openalex.org/W3090569407,https://doi.org/10.1016/j.measurement.2020.108530,Development of a sensor for dielectric constant measurements utilizing time-domain measurement with a vector network analyzer,2020,article,11,22,4,Yasumoto Sato; Natsuki Ogura; Yuhei Yamaguchi; Yang Ju,https://openalex.org/A5102943208; https://openalex.org/A5001236564; https://openalex.org/A5034341890; https://openalex.org/A5102860313,Toyota Central Research and Development Laboratories (Japan); Nagoya University,JP,4,Microwave and Dielectric Measurement Techniques,Electrical and Electronic Engineering,Engineering,Physical Sciences,Measurement
https://openalex.org/W3166736434,https://doi.org/10.1016/j.tws.2021.108010,Mathematical design and graphical solution of the multiple bifurcation equations of a 4-DoF benchmark model,2021,article,1,30,4,Masato Tanaka; Kiyohiro Ikeda; Kuo Mo Hsiao; Fumio Fujii,https://openalex.org/A5071689458; https://openalex.org/A5031616318; https://openalex.org/A5110506159; https://openalex.org/A5050253459,Toyota Motor North America (United States); Toyota Research Institute; Tohoku University; National Yang Ming Chiao Tung University; Gifu University,US; JP; TW,4,Bladed Disk Vibration Dynamics,Civil and Structural Engineering,Engineering,Physical Sciences,Thin-Walled Structures
https://openalex.org/W3080513741,https://doi.org/10.1016/j.cattod.2020.08.019,The Pt-Pd alloy catalyst and enhanced catalytic activity for diesel oxidation,2020,article,29,20,2,Fei Dong; Kiyoshi Yamazaki,https://openalex.org/A5085786002; https://openalex.org/A5033104370,Toyota Central Research and Development Laboratories (Japan),JP,2,Catalytic Processes in Materials Science,Materials Chemistry,Materials Science,Physical Sciences,Catalysis Today
https://openalex.org/W3088156800,https://doi.org/10.1080/10402004.2020.1820123,Modeling Solid Contact between Rough Surfaces with Various Roughness Parameters,2020,article,12,49,5,Tatsunori Tomota; Ryo Masuda; Yasuhiro KONDOH; Toshihide Ohmori; K. Yagi,https://openalex.org/A5060497150; https://openalex.org/A5061889408; https://openalex.org/A5062406107; https://openalex.org/A5112835832; https://openalex.org/A5046689124,Kyushu University; Toyota Central Research and Development Laboratories (Japan),JP,2,"Adhesion, Friction, and Surface Interactions",Mechanics of Materials,Engineering,Physical Sciences,Tribology Transactions
https://openalex.org/W3140898540,https://doi.org/10.1109/tits.2021.3067603,Online Estimation and Prediction of Large-Scale Network Traffic From Sparse Probe Vehicle Data,2021,article,15,49,2,Shun Taguchi; Takayoshi Yoshimura,https://openalex.org/A5054754593; https://openalex.org/A5101886410,Toyota Central Research and Development Laboratories (Japan),JP,1,Traffic Prediction and Management Techniques,Building and Construction,Engineering,Physical Sciences,IEEE Transactions on Intelligent Transportation Systems
https://openalex.org/W3127384664,https://doi.org/10.1038/s41598-021-82740-0,Traffic signal optimization on a square lattice with quantum annealing,2021,article,99,53,5,Daisuke Inoue; A. Okada; Tadayoshi MATSUMORI; Kazuyuki Aihara; Hiroaki Yoshida,https://openalex.org/A5084053345; https://openalex.org/A5063259979; https://openalex.org/A5000604108; https://openalex.org/A5038078845; https://openalex.org/A5086152109,Toyota Central Research and Development Laboratories (Japan); The University of Tokyo,JP,2,Quantum Computing Algorithms and Architecture,Artificial Intelligence,Computer Science,Physical Sciences,Scientific Reports
https://openalex.org/W3132139265,https://doi.org/10.1007/978-3-030-69322-0_26,Multi-Agent Path Finding with Destination Choice,2021,conference-paper,2,13,3,Ayano Okoso; Keisuke Otaki; Tomoki Nishi,https://openalex.org/A5033705342; https://openalex.org/A5091332862; https://openalex.org/A5029287040,,,0,Robotic Path Planning Algorithms,Computer Vision and Pattern Recognition,Computer Science,Physical Sciences,Lecture notes in computer science
https://openalex.org/W3131655998,https://doi.org/10.1007/978-3-030-69322-0_8,Distance-Based Heuristic Solvers for Cooperative Path Planning with Heterogeneous Agents,2021,conference-paper,0,27,4,Keisuke Otaki; Satoshi Koide; Ayano Okoso; Tomoki Nishi,https://openalex.org/A5091332862; https://openalex.org/A5009788491; https://openalex.org/A5033705342; https://openalex.org/A5029287040,,,0,Robotic Path Planning Algorithms,Computer Vision and Pattern Recognition,Computer Science,Physical Sciences,Lecture notes in computer science
https://openalex.org/W3131695008,https://doi.org/10.1177/1687814020984651,Mechano-neurophysiological model of the fingertip for spatiotemporal firing pattern prediction of SA1 mechanoreceptors during embossed letter scanning,2021,article,4,21,2,Toru HAMASAKI; Daisuke Yamada,https://openalex.org/A5034188483; https://openalex.org/A5084048161,,,2,Tactile and Sensory Interactions,Cognitive Neuroscience,Neuroscience,Life Sciences,Advances in Mechanical Engineering
https://openalex.org/W3158982304,https://doi.org/10.1016/j.jneumeth.2021.109215,Computational approach to understand temporal and spatial tactile transmission processes from mechanical stimuli of the index fingertip to the primary somatosensory cortex,2021,article,1,56,4,Masami Iwamoto; Toru HAMASAKI; Yoshitaka Asano; Jun Shinoda,https://openalex.org/A5103087763; https://openalex.org/A5034188483; https://openalex.org/A5112420398; https://openalex.org/A5083748553,Toyota Central Research and Development Laboratories (Japan); Gifu University,JP,4,EEG and Brain-Computer Interfaces,Cognitive Neuroscience,Neuroscience,Life Sciences,Journal of Neuroscience Methods
https://openalex.org/W3094602391,https://doi.org/10.1162/neco_a_01333,Efficient Actor-Critic Reinforcement Learning With Embodiment of Muscle Tone for Posture Stabilization of the Human Arm,2020,article,6,31,2,Masami Iwamoto; Daichi Kato,https://openalex.org/A5103087763; https://openalex.org/A5103860365,Toyota Central Research and Development Laboratories (Japan),JP,1,Muscle activation and electromyography studies,Biomedical Engineering,Engineering,Physical Sciences,Neural Computation
https://openalex.org/W3159866022,https://doi.org/10.1088/1758-5090/abff11,3D bioprinted human iPSC-derived somatosensory constructs with functional and highly purified sensory neuron networks,2021,article,29,70,8,Minoru Hirano; Yike Huang; Daniel Vela Jarquin; Rosakaren Ludivina De la Garza Hernández; Yasamin A. Jodat; Eder Luna‐Cerón; Luis Enrique García‐Rivera; Su Ryon Shin,https://openalex.org/A5022015248; https://openalex.org/A5102838820; https://openalex.org/A5024332388; https://openalex.org/A5068765058; https://openalex.org/A5007739274; https://openalex.org/A5028653431; https://openalex.org/A5010576473; https://openalex.org/A5024067963,Brigham and Women's Hospital; Harvard University; Toyota Motor North America (United States); Toyota Research Institute; Chinese Academy of Medical Sciences & Peking Union Medical College; Tecnológico de Monterrey,US; CN; MX,6,3D Printing in Biomedical Research,Biomedical Engineering,Engineering,Physical Sciences,Biofabrication
https://openalex.org/W3201035186,https://doi.org/10.3389/fcimb.2021.712360,An In Vitro Mixed Infection Model With Commensal and Pathogenic Staphylococci for the Exploration of Interspecific Interactions and Their Impacts on Skin Physiology,2021,article,30,31,9,Katsunori Kohda; Li Xuan; Naoki Soga; Risa Nagura; Duerna Tie; Saeko Nakajima; Ichirô Nakagawa; Masakazu Ito; Akinori Ikeuchi,https://openalex.org/A5008728336; https://openalex.org/A5000828146; https://openalex.org/A5109305518; https://openalex.org/A5047593246; https://openalex.org/A5052958235; https://openalex.org/A5015841731; https://openalex.org/A5026975906; https://openalex.org/A5061532206; https://openalex.org/A5075245249,Toyota Motor Corporation (Japan); Kyoto University,JP,2,Dermatology and Skin Diseases,Dermatology,Medicine,Health Sciences,Frontiers in Cellular and Infection Microbiology
https://openalex.org/W3172903980,https://doi.org/10.1371/journal.pcbi.1009043,Three-dimensional topology optimization model to simulate the external shapes of bone,2021,article,9,99,5,M. Sakashita; Shintaro Yamasaki; Kentaro Yaji; Atsushi Kawamoto; Shigeru Kondo,https://openalex.org/A5025595685; https://openalex.org/A5026572578; https://openalex.org/A5067240014; https://openalex.org/A5046342937; https://openalex.org/A5047963961,The University of Osaka; Toyota Central Research and Development Laboratories (Japan),JP,2,Topology Optimization in Engineering,Civil and Structural Engineering,Engineering,Physical Sciences,PLoS Computational Biology
https://openalex.org/W3199405447,https://doi.org/10.1371/journal.pcbi.1009373,Genetic dissection of complex traits using hierarchical biological knowledge,2021,article,4,65,3,Hidenori Tanaka; Jason F. Kreisberg; Trey Ideker,https://openalex.org/A5103087805; https://openalex.org/A5084191502; https://openalex.org/A5089373684,University of California San Diego,US,1,Bioinformatics and Genomic Networks,Molecular Biology,"Biochemistry, Genetics and Molecular Biology",Life Sciences,PLoS Computational Biology
https://openalex.org/W3184131807,https://doi.org/10.1016/j.elecom.2021.107099,Temperature-induced shear-thinning in catalyst inks,2021,article,23,30,2,Wataru Yoshimune; Masashi Harada,https://openalex.org/A5000856794; https://openalex.org/A5087333692,Toyota Central Research and Development Laboratories (Japan),JP,1,Fuel Cells and Related Materials,Electrical and Electronic Engineering,Engineering,Physical Sciences,Electrochemistry Communications
https://openalex.org/W3216776138,https://doi.org/10.1038/s41928-021-00669-8,A wireless radiofrequency-powered insect-scale flapping-wing aerial vehicle,2021,article,100,50,4,Takashi Ozaki; Norikazu Ohta; T. Jimbo; Kanae Hamaguchi,https://openalex.org/A5029627891; https://openalex.org/A5067001821; https://openalex.org/A5066055821; https://openalex.org/A5003527518,Toyota Central Research and Development Laboratories (Japan),JP,1,Biomimetic flight and propulsion mechanisms,Aerospace Engineering,Engineering,Physical Sciences,Nature Electronics
https://openalex.org/W3129490521,https://doi.org/10.1109/iros45743.2020.9341184,Simultaneous Estimation of Vehicle Position and Data Delays using Gaussian Process based Moving Horizon Estimation,2020,conference-paper,8,20,2,Daiki Mori; Yoshikazu Hattori,https://openalex.org/A5053711988; https://openalex.org/A5001818034,Toyota Central Research and Development Laboratories (Japan),JP,1,Target Tracking and Data Fusion in Sensor Networks,Artificial Intelligence,Computer Science,Physical Sciences,
https://openalex.org/W3134290768,https://doi.org/10.1109/dicta51227.2020.9363373,3D Reconstruction of Edge Line by ICP-based Matching with Geometric Constraints,2020,conference-paper,1,16,1,Kojiro Takeyama,https://openalex.org/A5082334105,Toyota Central Research and Development Laboratories (Japan),JP,1,Advanced Vision and Imaging,Computer Vision and Pattern Recognition,Computer Science,Physical Sciences,
https://openalex.org/W2979592207,https://doi.org/10.1002/tcr.201900063,Nitrogen‐Functionalized Graphene Quantum Dots: A Versatile Platform for Integrated Optoelectronic Devices,2019,article,18,71,1,Hiroyuki Tetsuka,https://openalex.org/A5071114338,Toyota Motor Corporation (Switzerland); Toyota Motor North America (United States); Toyota Research Institute,CH; US,3,Carbon and Quantum Dots Applications,Materials Chemistry,Materials Science,Physical Sciences,The Chemical Record
https://openalex.org/W3016760652,https://doi.org/10.1016/j.robot.2020.103527,Robust shape estimation with false-positive contact detection,2020,article,0,82,4,Kazuki Shibata; Tatsuya Miyano; T. Jimbo; Takamitsu Matsubara,https://openalex.org/A5073719311; https://openalex.org/A5011738228; https://openalex.org/A5066055821; https://openalex.org/A5042074952,Toyota Central Research and Development Laboratories (Japan); Nara Institute of Science and Technology,JP,2,Robot Manipulation and Learning,Control and Systems Engineering,Engineering,Physical Sciences,Robotics and Autonomous Systems
https://openalex.org/W3115171496,https://doi.org/10.1063/5.0030825,Electronic degeneracy conduction in highly Si-doped Al0.6Ga0.4N layers based on the carrier compensation effect,2020,article,20,31,5,Keita Kataoka; Tetsuo Narita; Kengo Nagata; Hiroaki Makino; Yoshiki Saito,https://openalex.org/A5040882199; https://openalex.org/A5060474520; https://openalex.org/A5010521919; https://openalex.org/A5031361730; https://openalex.org/A5060675882,Toyota Central Research and Development Laboratories (Japan); Heiwa (Japan); Toyoda Gosei (Japan),JP,3,GaN-based semiconductor devices and materials,Condensed Matter Physics,Physics and Astronomy,Physical Sciences,Applied Physics Letters
https://openalex.org/W3041236441,https://doi.org/10.35848/1882-0786/aba494,Growth of high-quality GaN by halogen-free vapor phase epitaxy,2020,article,9,32,5,Taishi Kimura; Keita Kataoka; Akira Uedono; Hiroshi Amano; Daisuke Nakamura,https://openalex.org/A5089775684; https://openalex.org/A5040882199; https://openalex.org/A5068817003; https://openalex.org/A5048399593; https://openalex.org/A5082395557,Toyota Central Research and Development Laboratories (Japan); University of Tsukuba; Nagoya University,JP,3,GaN-based semiconductor devices and materials,Condensed Matter Physics,Physics and Astronomy,Physical Sciences,Applied Physics Express
https://openalex.org/W3009050857,https://doi.org/10.1039/c9ce01971e,Tungsten carbide layers deposited on graphite substrates <i>via</i> a wet powder process as anti-parasitic-reaction coatings for reactor components in GaN growth,2020,article,4,63,6,Daisuke Nakamura; Taishi Kimura; Kenji Itoh; Naoki Fujimoto; Shugo Nitta; Hiroshi Amano,https://openalex.org/A5082395557; https://openalex.org/A5089775684; https://openalex.org/A5084454102; https://openalex.org/A5080420372; https://openalex.org/A5054041850; https://openalex.org/A5048399593,Toyota Motor Corporation (Switzerland); Toyota Central Research and Development Laboratories (Japan); Institute for Sustainability; Nagoya University,CH; JP; GB,4,GaN-based semiconductor devices and materials,Condensed Matter Physics,Physics and Astronomy,Physical Sciences,CrystEngComm
https://openalex.org/W3011651006,https://doi.org/10.1007/s10854-020-03211-2,Effect of bismuth–tin composition on bonding strength of zinc particle–mixed copper nanoparticle/bismuth–tin solder hybrid joint,2020,article,4,42,2,Toshikazu Satoh; Masanori Usui,https://openalex.org/A5024652400; https://openalex.org/A5012458529,Toyota Central Research and Development Laboratories (Japan),JP,1,Electronic Packaging and Soldering Technologies,Electrical and Electronic Engineering,Engineering,Physical Sciences,Journal of Materials Science Materials in Electronics
https://openalex.org/W3080420415,https://doi.org/10.1021/acs.jpclett.0c01877,Synergistic Effect of Binary Electrolyte on Enhancement of the Energy Density in Li–O<sub>2</sub> Batteries,2020,article,5,32,7,Yoko Hase; Kiho Nishioka; Yasuhiro Komori; Takayoshi Kusumoto; Juntaro Seki; Kazuhide Kamiya; Shuji Nakanishi,https://openalex.org/A5081202701; https://openalex.org/A5072800531; https://openalex.org/A5087036929; https://openalex.org/A5050342385; https://openalex.org/A5110705981; https://openalex.org/A5023298202; https://openalex.org/A5008624932,Toyota Central Research and Development Laboratories (Japan); The University of Osaka,JP,2,Advanced Battery Materials and Technologies,Electrical and Electronic Engineering,Engineering,Physical Sciences,The Journal of Physical Chemistry Letters
https://openalex.org/W3037526837,https://doi.org/10.1002/admt.202000254,Optimization of Material Composition of Li‐Intercalated Metal–Organic Framework Electrodes Using a Combination of Experiments and Machine Learning of X‐Ray Diffraction Patterns,2020,article,11,24,5,Hirofumi Hazama; Daisuke Murai; Naoyuki Nagasako; Masaki Hasegawa; Nobuhiro Ogihara,https://openalex.org/A5036513782; https://openalex.org/A5045896885; https://openalex.org/A5023874662; https://openalex.org/A5012756155; https://openalex.org/A5056071333,Toyota Central Research and Development Laboratories (Japan),JP,5,Metal-Organic Frameworks: Synthesis and Applications,Inorganic Chemistry,Chemistry,Physical Sciences,Advanced Materials Technologies
https://openalex.org/W2990811730,https://doi.org/10.1016/j.jpowsour.2019.227464,Model validation and simulation study on the thermal abuse behavior of LiNi0.8Co0.15Al0.05O2-based batteries,2019,article,39,45,5,Hiroki Kondo; Naoki Baba; Yoshinari Makimura; Yuichi Itou; Tetsuro Kobayashi,https://openalex.org/A5047252063; https://openalex.org/A5113992907; https://openalex.org/A5053657575; https://openalex.org/A5052120619; https://openalex.org/A5066834130,Toyota Central Research and Development Laboratories (Japan),JP,1,Advancements in Battery Materials,Electrical and Electronic Engineering,Engineering,Physical Sciences,Journal of Power Sources
https://openalex.org/W3014500671,https://doi.org/10.1021/acs.chemmater.9b04984,Phase Transition Mechanism for Crystalline Aromatic Dicarboxylate in Li<sup>+</sup> Intercalation,2020,article,26,53,5,Riho Mikita; Nobuhiro Ogihara; Naoko Takahashi; Satoru Kosaka; Noritake Isomura,https://openalex.org/A5079282128; https://openalex.org/A5056071333; https://openalex.org/A5102972627; https://openalex.org/A5064973949; https://openalex.org/A5077114890,Toyota Central Research and Development Laboratories (Japan),JP,1,Advancements in Battery Materials,Electrical and Electronic Engineering,Engineering,Physical Sciences,Chemistry of Materials
https://openalex.org/W2998526596,https://doi.org/10.1039/c9cc09051g,<i>In situ</i> X-ray Raman spectroscopy and magnetic susceptibility study on the Li[Li <sub>0.15</sub> Mn <sub>1.85</sub> ]O <sub>4</sub> oxygen anion redox reaction,2020,article,15,33,4,Kazuhiko Mukai; Takamasa Nonaka; Takeshi Uyama; Yusaku Nishimura,https://openalex.org/A5089147516; https://openalex.org/A5015523164; https://openalex.org/A5032225113; https://openalex.org/A5038877168,Toyota Motor Corporation (Switzerland); Toyota Central Research and Development Laboratories (Japan),CH; JP,2,Advancements in Battery Materials,Electrical and Electronic Engineering,Engineering,Physical Sciences,Chemical Communications
https://openalex.org/W3046435354,https://doi.org/10.1016/j.carbon.2020.07.047,Influence of ionomer adsorption on agglomerate structures in high-solid catalyst inks,2020,article,58,50,5,Naomi Kumano; Kenji Kudo; Yusuke Akimoto; Masahiko Ishii; Hiroshi Nakamura,https://openalex.org/A5025792503; https://openalex.org/A5036054460; https://openalex.org/A5111018334; https://openalex.org/A5046013137; https://openalex.org/A5090578339,Toyota Central Research and Development Laboratories (Japan),JP,1,Fuel Cells and Related Materials,Electrical and Electronic Engineering,Engineering,Physical Sciences,Carbon
https://openalex.org/W3084742387,https://doi.org/10.1149/1945-7111/abb7e6,A Theoretical and Experimental Study on Electrochemical Impedance Spectra of Polymer Electrolyte Membrane Fuel Cells for Cation Content Estimation,2020,article,8,22,3,Masao Shibata; Takahisa Suzuki; Yu Morimoto,https://openalex.org/A5063052973; https://openalex.org/A5103006759; https://openalex.org/A5030224847,"National Institute of Technology, Toyota College",JP,3,Fuel Cells and Related Materials,Electrical and Electronic Engineering,Engineering,Physical Sciences,Journal of The Electrochemical Society
https://openalex.org/W3029501683,https://doi.org/10.1016/j.jelechem.2020.114250,Evaluation of ionomer coverage on Pt catalysts in polymer electrolyte membrane fuel cells by CO stripping voltammetry and its effect on oxygen reduction reaction activity,2020,article,97,31,5,Tomohiro Takeshita; Yuji Kamitaka; Kazuma Shinozaki; Kensaku Kodama; Yu Morimoto,https://openalex.org/A5110438929; https://openalex.org/A5024571330; https://openalex.org/A5064238799; https://openalex.org/A5024625913; https://openalex.org/A5030224847,Toyota Central Research and Development Laboratories (Japan),JP,1,Electrocatalysts for Energy Conversion,"Renewable Energy, Sustainability and the Environment",Energy,Physical Sciences,Journal of Electroanalytical Chemistry
https://openalex.org/W3019511690,https://doi.org/10.1149/1945-7111/ab8b97,Cell Performance and Durability of Pt/C Cathode Catalyst Covered by Dopamine Derived Carbon Thin Layer for Polymer Electrolyte Fuel Cells,2020,article,64,27,3,Haruhiko Yamada; Hisao Kato; Kensaku Kodama,https://openalex.org/A5101880248; https://openalex.org/A5036852557; https://openalex.org/A5024625913,Toyota Central Research and Development Laboratories (Japan); Toyota Motor Corporation (Japan),JP,2,Fuel Cells and Related Materials,Electrical and Electronic Engineering,Engineering,Physical Sciences,Journal of The Electrochemical Society
https://openalex.org/W3067846212,https://doi.org/10.1016/j.jpowsour.2020.228584,Fabrication of catalyst layer with ionomer nanofiber scaffolding for polymer electrolyte fuel cells,2020,article,32,41,4,Shuhei Yoshino; Akihiro Shinohara; Kensaku Kodama; Yu Morimoto,https://openalex.org/A5013206185; https://openalex.org/A5079097582; https://openalex.org/A5024625913; https://openalex.org/A5030224847,Toyota Central Research and Development Laboratories (Japan),JP,1,Fuel Cells and Related Materials,Electrical and Electronic Engineering,Engineering,Physical Sciences,Journal of Power Sources
https://openalex.org/W33346285,https://doi.org/10.1039/d0cp03887c,"Adiós a los tendidos peligrodod para las aves: cómo, cuándo y dónde",2009,book-chapter,0,0,1,Luis Mariano González,https://openalex.org/A5060524626,,,1,Wildlife Conservation and Criminology Analyses,Nature and Landscape Conservation,Environmental Science,Physical Sciences,Quercus eBooks
https://openalex.org/W2997410131,https://doi.org/10.1016/j.elecom.2019.106644,Ex-situ visualization of the wet domain in the microporous layer in a polymer electrolyte fuel cell by X-ray computed tomography under water vapor supply,2019,article,33,34,7,Satoru Kato; S. Yamaguchi; Wataru Yoshimune; Yoriko Matsuoka; Akihiko Kato; Yasutaka Nagai; Takahisa Suzuki,https://openalex.org/A5011165746; https://openalex.org/A5101483835; ; https://openalex.org/A5046668384; https://openalex.org/A5102833745; https://openalex.org/A5102710245; https://openalex.org/A5103006759,Toyota Central Research and Development Laboratories (Japan),JP,1,Fuel Cells and Related Materials,Electrical and Electronic Engineering,Engineering,Physical Sciences,Electrochemistry Communications
https://openalex.org/W3088090278,https://doi.org/10.1039/d0ta07707k,Freestanding interconnected nanocluster textiles for efficient oxygen evolution reaction,2020,article,7,34,6,Shougo Higashi; Takashi Tachikawa; Keiichiro Oh‐ishi; Keisuke Shigetoh; Kensuke Takechi; Atsushi Beniya,https://openalex.org/A5015984699; https://openalex.org/A5021205556; https://openalex.org/A5000109543; https://openalex.org/A5020529547; https://openalex.org/A5071736692; https://openalex.org/A5089140783,Toyota Motor Corporation (Switzerland); Toyota Central Research and Development Laboratories (Japan),CH; JP,2,Electrocatalysts for Energy Conversion,"Renewable Energy, Sustainability and the Environment",Energy,Physical Sciences,Journal of Materials Chemistry A
https://openalex.org/W3083229727,https://doi.org/10.1021/acscatal.0c01593,Self-assembled Cuprous Coordination Polymer as a Catalyst for CO <sub>2</sub> Electrochemical Reduction into C <sub>2</sub> Products,2020,article,71,53,10,Naonari Sakamoto; Yusaku Nishimura; Takamasa Nonaka; Masataka Ohashi; Nobuhiro Ishida; Kosuke Kitazumi; Yuichi Kato; Keita Sekizawa; Takeshi Morikawa; Takeo Arai,https://openalex.org/A5003305079; https://openalex.org/A5038877168; https://openalex.org/A5015523164; https://openalex.org/A5011818455; https://openalex.org/A5050020629; https://openalex.org/A5032536841; https://openalex.org/A5101579654; https://openalex.org/A5008137526; https://openalex.org/A5076624018; https://openalex.org/A5033201151,Toyota Central Research and Development Laboratories (Japan),JP,1,CO2 Reduction Techniques and Catalysts,"Renewable Energy, Sustainability and the Environment",Energy,Physical Sciences,ACS Catalysis
https://openalex.org/W3017185512,https://doi.org/10.1038/s41467-020-15850-4,CO oxidation activity of non-reducible oxide-supported mass-selected few-atom Pt single-clusters,2020,article,137,55,6,Atsushi Beniya; Shougo Higashi; Nobuko Ohba; Ryosuke Jinnouchi; Hirohito Hirata; Yoshihide Watanabe,https://openalex.org/A5089140783; https://openalex.org/A5015984699; https://openalex.org/A5055152839; https://openalex.org/A5014137404; https://openalex.org/A5005311244; https://openalex.org/A5052736282,Toyota Central Research and Development Laboratories (Japan); Toyota Motor Corporation (Japan),JP,2,Catalytic Processes in Materials Science,Materials Chemistry,Materials Science,Physical Sciences,Nature Communications
https://openalex.org/W2982081936,https://doi.org/10.1007/s11340-019-00552-w,Energy Dissipation Measurement in Improved Spatial Resolution Under Fatigue Loading,2019,article,14,38,4,Atsushi AKAI; Daiki SHIOZAWA; Taiki Yamada; Takahide SAKAGAMI,https://openalex.org/A5022152040; https://openalex.org/A5088196280; https://openalex.org/A5008751771; https://openalex.org/A5084386350,Toyota Central Research and Development Laboratories (Japan); Kobe University,JP,2,Fatigue and fracture mechanics,Mechanics of Materials,Engineering,Physical Sciences,Experimental Mechanics
https://openalex.org/W3016590251,https://doi.org/10.1039/d0ra02344b,Multifaceted property tailoring of polyamide 6 by blending miscible and immiscible components: ternary blends of polyamide 6/polyethylene terephthalate/phenol novolac,2020,article,17,32,3,Takayuki Hirai; Yusaku Onochi; Jumpei Kawada,https://openalex.org/A5028194483; https://openalex.org/A5014282186; https://openalex.org/A5072242185,Toyota Motor Corporation (Switzerland); Materials Processing (United States); Toyota Central Research and Development Laboratories (Japan); Institute of Organic Chemistry; Advanced Lightweight Engineering (Netherlands); Toyota Motor Corporation (Japan); Organic Research Centre,CH; US; JP; PL; NL; HU; GB,8,Polymer crystallization and properties,Polymers and Plastics,Materials Science,Physical Sciences,RSC Advances
https://openalex.org/W2999832125,https://doi.org/10.1021/acs.iecr.9b05970,In Situ Reactive Compatibilization of Polyamide 6 and Polycarbonate Blend by the Catalytic Effect of Phenol Novolac,2020,article,20,32,5,Takayuki Hirai; Kenichi Yagi; Kazuo Okamoto; Yusaku Onochi; Jumpei Kawada,https://openalex.org/A5028194483; https://openalex.org/A5113965872; https://openalex.org/A5071823575; https://openalex.org/A5014282186; https://openalex.org/A5072242185,Toyota Central Research and Development Laboratories (Japan); Toyota Motor Corporation (Japan),JP,5,biodegradable polymer synthesis and properties,Biomaterials,Materials Science,Physical Sciences,Industrial & Engineering Chemistry Research
https://openalex.org/W3082305404,https://doi.org/10.1007/s10853-020-05169-2,Enhanced dielectric properties of polyvinylidene fluoride-based composite films with layered perovskite KCa2Na3Nb6O19-derived fillers,2020,article,3,20,4,Yumi Inagaki; Takahiro Kozawa; Kazuhisa Yano; Tadashi Nakamura,https://openalex.org/A5046506997; https://openalex.org/A5089058595; https://openalex.org/A5104093958; https://openalex.org/A5108353626,Toyota Central Research and Development Laboratories (Japan),JP,1,Dielectric materials and actuators,Biomedical Engineering,Engineering,Physical Sciences,Journal of Materials Science
https://openalex.org/W32606427,https://doi.org/10.1038/s41598-020-66963-1,I-49 昼光利用による照明用エネルギー削減効果の検討方法に関する研究 : (第1報) 室内昼光照度分布シミュレーションプログラムの精度検証,2008,article,0,0,5,幸枝 高田; 裕己 小峯; 渉 増尾; 悦子 望月; 洋 木村,https://openalex.org/A5042734179; https://openalex.org/A5071116614; https://openalex.org/A5030521922; https://openalex.org/A5012473051; https://openalex.org/A5071230696,,,5,Composite Material Mechanics,Mechanics of Materials,Engineering,Physical Sciences,空気調和・衛生工学会大会　学術講演論文集
https://openalex.org/W3085574276,https://doi.org/10.1016/j.compositesa.2020.106115,Particle-level simulation for the prediction of short fiber orientation in injection molding,2020,article,21,28,4,Toshiki Sasayama; Norikazu Sato; Yoshihide Katagiri; Yuko Murayama,https://openalex.org/A5055692046; https://openalex.org/A5102521144; https://openalex.org/A5076519655; https://openalex.org/A5002336637,"National Institute of Technology, Toyota College",JP,1,Composite Material Mechanics,Mechanics of Materials,Engineering,Physical Sciences,Composites Part A Applied Science and Manufacturing
https://openalex.org/W3003851191,https://doi.org/10.1016/j.cma.2019.112763,Hill-top branching: Its asymptotically expanded and visually solved bifurcation equations,2020,article,6,33,4,Masato Tanaka; Takashi Sasagawa; Ryuji Omote; Fumio Fujii,https://openalex.org/A5071689458; https://openalex.org/A5028590387; https://openalex.org/A5039364483; https://openalex.org/A5050253459,Toyota Central Research and Development Laboratories (Japan); Gifu University,JP,2,Structural Response to Dynamic Loads,Civil and Structural Engineering,Engineering,Physical Sciences,Computer Methods in Applied Mechanics and Engineering
https://openalex.org/W3015629277,https://doi.org/10.1016/j.mechmachtheory.2020.103880,Formulation of intervibrator motion and development of a controller for a pulse-drive transmission,2020,article,5,17,2,Eiji Tsuchiya; Eiji Shamoto,https://openalex.org/A5051164513; https://openalex.org/A5023457545,Toyota Central Research and Development Laboratories (Japan); Nagoya University,JP,2,Hydraulic and Pneumatic Systems,Mechanical Engineering,Engineering,Physical Sciences,Mechanism and Machine Theory
https://openalex.org/W3015963521,https://doi.org/10.1109/icassp40776.2020.9054121,Neural Time Warping for Multiple Sequence Alignment,2020,conference-paper,4,26,3,Keisuke Kawano; Takuro Kutsuna; Satoshi Koide,https://openalex.org/A5106723033; https://openalex.org/A5012936801; https://openalex.org/A5009788491,Toyota Motor Corporation (Switzerland),CH,1,Time Series Analysis and Forecasting,Signal Processing,Computer Science,Physical Sciences,
https://openalex.org/W3082761471,https://doi.org/10.14778/3407790.3407818,Fast subtrajectory similarity search in road networks under weighted edit distance constraints,2020,article,31,62,3,Satoshi Koide; Chuan Xiao; Yoshiharu Ishikawa,https://openalex.org/A5009788491; https://openalex.org/A5036148682; https://openalex.org/A5108249173,Toyota Motor Corporation (Switzerland); Nagoya University; The University of Osaka,CH; JP,3,Data Management and Algorithms,Signal Processing,Computer Science,Physical Sciences,Proceedings of the VLDB Endowment
https://openalex.org/W3092475698,https://doi.org/10.1109/tits.2020.3026679,Test Coverage Index for ADAS/ADS Assessment Based on Various Real-World Information Points,2020,article,4,16,2,Takashi Machida; Kazuya Shitaoka,https://openalex.org/A5100753703; https://openalex.org/A5015184330,Toyota Central Research and Development Laboratories (Japan),JP,1,Autonomous Vehicle Technology and Safety,Automotive Engineering,Engineering,Physical Sciences,IEEE Transactions on Intelligent Transportation Systems
https://openalex.org/W2998246714,https://doi.org/10.1016/j.automatica.2019.108769,Pseudo-perturbation-based broadcast control of multi-agent systems,2019,article,12,23,4,Yuji Ito; Md Abdus Samad Kamal; Takayoshi Yoshimura; Shun‐ichi Azuma,https://openalex.org/A5028644363; https://openalex.org/A5068088751; https://openalex.org/A5101886410; https://openalex.org/A5075575177,Toyota Central Research and Development Laboratories (Japan); Gunma University; Nagoya University,JP,4,Distributed Control Multi-Agent Systems,Computer Networks and Communications,Computer Science,Physical Sciences,Automatica
https://openalex.org/W3005696980,https://doi.org/10.1109/tcns.2020.2972590,Continuous-Time Optimization Dynamics Mirroring ADMM Architecture and Passivity-Based Robustification Against Delays,2020,article,11,47,6,Tatsuya Miyano; Shunya Yamashita; Takeshi Hatanaka; Kazuki Shibata; T. Jimbo; Masayuki Fujita,https://openalex.org/A5011738228; https://openalex.org/A5080995896; https://openalex.org/A5027693868; https://openalex.org/A5073719311; https://openalex.org/A5066055821; https://openalex.org/A5031216206,Tokyo Institute of Technology; Toyota Central Research and Development Laboratories (Japan); The University of Osaka,JP,6,Distributed Control Multi-Agent Systems,Computer Networks and Communications,Computer Science,Physical Sciences,IEEE Transactions on Control of Network Systems
https://openalex.org/W3046503435,https://doi.org/10.1021/acs.jpclett.0c01061,On-the-Fly Active Learning of Interatomic Potentials for Large-Scale Atomistic Simulations,2020,article,202,103,5,Ryosuke Jinnouchi; Kazutoshi Miwa; Ferenc Karsai; Georg Kresse; Ryoji Asahi,https://openalex.org/A5014137404; https://openalex.org/A5065466744; https://openalex.org/A5007340269; https://openalex.org/A5019751186; https://openalex.org/A5013055347,Toyota Central Research and Development Laboratories (Japan); VASP Software (Austria); University of Vienna,JP; AT,3,Machine Learning in Materials Science,Materials Chemistry,Materials Science,Physical Sciences,The Journal of Physical Chemistry Letters
https://openalex.org/W3026536569,https://doi.org/10.1038/s42005-020-0338-y,Autonomous molecular design by Monte-Carlo tree search and rapid evaluations using molecular dynamics simulations,2020,article,69,55,3,Seiji Kajita; Tomoyuki Kinjo; Tomoki Nishi,https://openalex.org/A5082807889; https://openalex.org/A5053367920; https://openalex.org/A5029287040,Toyota Central Research and Development Laboratories (Japan),JP,1,Machine Learning in Materials Science,Materials Chemistry,Materials Science,Physical Sciences,Communications Physics
https://openalex.org/W3017826127,https://doi.org/10.1038/s41427-020-0211-1,Discovery of superionic conductors by ensemble-scope descriptor,2020,article,31,38,5,Seiji Kajita; Nobuko Ohba; Akitoshi Suzumura; Shin Tajima; Ryoji Asahi,https://openalex.org/A5082807889; https://openalex.org/A5055152839; https://openalex.org/A5076292961; https://openalex.org/A5101580215; https://openalex.org/A5013055347,Toyota Central Research and Development Laboratories (Japan),JP,1,Machine Learning in Materials Science,Materials Chemistry,Materials Science,Physical Sciences,NPG Asia Materials
https://openalex.org/W2999702058,https://doi.org/10.1021/acs.chemmater.9b02044,Design Rules for High Oxygen-Ion Conductivity in Garnet-Type Oxides,2020,article,18,73,3,Joohwi Lee; Nobuko Ohba; Ryoji Asahi,https://openalex.org/A5014904502; https://openalex.org/A5055152839; https://openalex.org/A5013055347,Toyota Central Research and Development Laboratories (Japan),JP,1,Electronic and Structural Properties of Oxides,Materials Chemistry,Materials Science,Physical Sciences,Chemistry of Materials
https://openalex.org/W2984271195,https://doi.org/10.1016/j.asoc.2019.105932,Training data augmentation: An empirical study using generative adversarial net-based approach with normalizing flow models for materials informatics,2019,article,31,45,1,Hiroshi Ohno,https://openalex.org/A5054306405,Toyota Central Research and Development Laboratories (Japan),JP,1,Machine Learning in Materials Science,Materials Chemistry,Materials Science,Physical Sciences,Applied Soft Computing
https://openalex.org/W3088320917,https://doi.org/10.1021/acs.jcim.0c00692,Self-Learning Molecular Design for High Lithium-Ion Conductive Ionic Liquids using Maze Game,2020,article,9,40,3,Nobuaki Kikkawa; Seiji Kajita; Kensuke Takechi,https://openalex.org/A5084554188; https://openalex.org/A5082807889; https://openalex.org/A5071736692,Toyota Central Research and Development Laboratories (Japan),JP,3,Innovative Microfluidic and Catalytic Techniques Innovation,Biomedical Engineering,Engineering,Physical Sciences,Journal of Chemical Information and Modeling
https://openalex.org/W3004136046,https://doi.org/10.1038/s41598-020-58081-9,Model Predictive Control for Finite Input Systems using the D-Wave Quantum Annealer,2020,article,38,46,2,Daisuke Inoue; Hiroaki Yoshida,https://openalex.org/A5084053345; https://openalex.org/A5086152109,Toyota Central Research and Development Laboratories (Japan),JP,1,Advanced Control Systems Optimization,Control and Systems Engineering,Engineering,Physical Sciences,Scientific Reports
https://openalex.org/W3115770109,https://doi.org/10.1109/itsc45102.2020.9294281,Cooperative Routing Problem between Customers and Vehicles for On-demand Mobile Facility Services,2020,conference-paper,2,9,4,Tomoki Nishi; Keisuke Otaki; Ayano Okoso; Alex Fukunaga,https://openalex.org/A5029287040; https://openalex.org/A5091332862; https://openalex.org/A5033705342; https://openalex.org/A5052263300,Toyota Central Research and Development Laboratories (Japan); Tokyo University of the Arts; The University of Tokyo,JP,3,Transportation and Mobility Innovations,Automotive Engineering,Engineering,Physical Sciences,
https://openalex.org/W3116072028,https://doi.org/10.1109/itsc45102.2020.9294582,Battery as a Service for Electric Vehicles: Design and Optimization of Partially Swappable and Shareable Battery System,2020,conference-paper,6,16,3,Kosuke Tahara; Keisuke Ishikawa; Masanori Ishigaki,https://openalex.org/A5087926365; https://openalex.org/A5076402375; https://openalex.org/A5078756614,"National Institute of Technology, Toyota College",JP,1,Electric Vehicles and Infrastructure,Electrical and Electronic Engineering,Engineering,Physical Sciences,
https://openalex.org/W3044114636,https://doi.org/10.1080/10255842.2020.1795142,Investigation of dynamic deformation of the midbrain in rear-end collision using human brain FE model,2020,article,6,26,5,Noritoshi Atsumi; Masami Iwamoto; Yuko Nakahira; Yoshitaka Asano; Jun Shinoda,https://openalex.org/A5041906648; https://openalex.org/A5103087763; https://openalex.org/A5087056579; https://openalex.org/A5112420398; https://openalex.org/A5083748553,Toyota Central Research and Development Laboratories (Japan); Gifu University,JP,5,Automotive and Human Injury Biomechanics,Pulmonary and Respiratory Medicine,Medicine,Health Sciences,Computer Methods in Biomechanics & Biomedical Engineering
https://openalex.org/W2986021936,https://doi.org/10.1080/00140139.2019.1683616,Vestibulo-ocular reflex characteristics during unidirectional translational whole-body vibration without head restriction,2019,article,7,57,3,Tomoko Sugawara; Hiroyuki Sakai; Yutaka Hirata,https://openalex.org/A5035890149; https://openalex.org/A5083444692; https://openalex.org/A5041150889,Toyota Central Research and Development Laboratories (Japan); Chubu University,JP,2,Vestibular and auditory disorders,Neurology,Neuroscience,Life Sciences,Ergonomics
https://openalex.org/W3007851985,https://doi.org/10.1038/s41598-020-59179-w,The effect of posterior tethers on the biomechanics of proximal junctional kyphosis: The whole human finite element model analysis,2020,article,33,41,6,Mitsuru Yagi; Yuko Nakahira; Kota Watanabe; Masaya Nakamura; Morio Matsumoto; Masami Iwamoto,https://openalex.org/A5041564586; https://openalex.org/A5087056579; https://openalex.org/A5083776031; https://openalex.org/A5003728942; https://openalex.org/A5081034610; https://openalex.org/A5103087763,"Keio University; Keio University Hospital; Murayama Medical Center; Toyota Central Research and Development Laboratories (Japan); National Institute of Technology, Toyota College; Toto (Japan)",JP,6,Scoliosis diagnosis and treatment,Surgery,Medicine,Health Sciences,Scientific Reports
https://openalex.org/W3099034975,https://doi.org/10.1038/s41598-020-76527-y,The origins of binding specificity of a lanthanide ion binding peptide,2020,article,39,38,6,Takaaki Hatanaka; Nobuaki Kikkawa; Akimasa Matsugami; Yoichi Hosokawa; Fumiaki Hayashi; Nobuhiro Ishida,https://openalex.org/A5075741061; https://openalex.org/A5084554188; https://openalex.org/A5064657771; https://openalex.org/A5026757832; https://openalex.org/A5017812294; https://openalex.org/A5050020629,Toyota Central Research and Development Laboratories (Japan); RIKEN Center for Sustainable Resource Science,JP,2,Chemical Synthesis and Analysis,Molecular Biology,"Biochemistry, Genetics and Molecular Biology",Life Sciences,Scientific Reports
https://openalex.org/W3005426019,https://doi.org/10.3390/molecules25030761,Direct Recovery of the Rare Earth Elements Using a Silk Displaying a Metal-Recognizing Peptide,2020,article,6,36,8,Nobuhiro Ishida; Takaaki Hatanaka; Yoichi Hosokawa; Katsura Kojima; Tetsuya Iizuka; Hidetoshi Teramoto; Hideki Sezutsu; Tsunenori Kameda,https://openalex.org/A5050020629; https://openalex.org/A5075741061; https://openalex.org/A5026757832; https://openalex.org/A5108709819; https://openalex.org/A5007028121; https://openalex.org/A5062740193; https://openalex.org/A5080756133; https://openalex.org/A5006809582,Toyota Central Research and Development Laboratories (Japan); National Agriculture and Food Research Organization; Institute of Agrobiological Sciences,JP,3,Silk-based biomaterials and applications,Biomaterials,Materials Science,Physical Sciences,Molecules
https://openalex.org/W2968112904,https://doi.org/10.1007/s12010-019-03108-9,Reduction of the Cytotoxicity of Copper (II) Oxide Nanoparticles by Coating with a Surface-Binding Peptide,2019,article,13,47,4,Nobuhiro Ishida; Yoichi Hosokawa; Takao Imaeda; Takaaki Hatanaka,https://openalex.org/A5050020629; https://openalex.org/A5026757832; https://openalex.org/A5085244416; https://openalex.org/A5075741061,Toyota Central Research and Development Laboratories (Japan),JP,1,Advanced biosensing and bioanalysis techniques,Molecular Biology,"Biochemistry, Genetics and Molecular Biology",Life Sciences,Applied Biochemistry and Biotechnology
https://openalex.org/W3043041792,https://doi.org/10.1016/j.eml.2020.100867,Improved lift force of a resonant-driven flapping-wing micro aerial vehicle by suppressing wing–body and wing–wing vibration coupling,2020,article,14,19,2,Takashi Ozaki; Kanae Hamaguchi,https://openalex.org/A5029627891; https://openalex.org/A5003527518,Toyota Central Research and Development Laboratories (Japan),JP,2,Biomimetic flight and propulsion mechanisms,Aerospace Engineering,Engineering,Physical Sciences,Extreme Mechanics Letters
https://openalex.org/W2998843146,https://doi.org/10.1111/tpj.14687,Plastid‐targeted forms of restriction endonucleases enhance the plastid genome rearrangement rate and trigger the reorganization of its genomic architecture,2020,article,6,62,7,Hiroki Sugimoto; Minoru Hirano; Hidenori Tanaka; Tomoko Tanaka; Ritsuko Kitagawa‐Yogo; Nobuhiko Muramoto; Norihiro Mitsukawa,https://openalex.org/A5003897202; https://openalex.org/A5022015248; https://openalex.org/A5103087805; https://openalex.org/A5081619973; https://openalex.org/A5001278856; https://openalex.org/A5055198530; https://openalex.org/A5061548605,Toyota Central Research and Development Laboratories (Japan),JP,7,Photosynthetic Processes and Mechanisms,Molecular Biology,"Biochemistry, Genetics and Molecular Biology",Life Sciences,The Plant Journal
https://openalex.org/W3037607497,https://doi.org/10.1111/tpj.14888,Extended TAQing system for large‐scale plant genome reorganization,2020,article,15,56,5,Hidenori Tanaka; Nobuhiko Muramoto; Hiroki Sugimoto; Arisa Oda; Kunihiro Ohta,https://openalex.org/A5103087805; https://openalex.org/A5055198530; https://openalex.org/A5003897202; https://openalex.org/A5054530424; https://openalex.org/A5049548651,Toyota Central Research and Development Laboratories (Japan); The University of Tokyo,JP,5,Chromosomal and Genetic Variations,Plant Science,Agricultural and Biological Sciences,Life Sciences,The Plant Journal
https://openalex.org/W3010647897,https://doi.org/10.1039/d0tb00034e,Materials and technical innovations in 3D printing in biomedical applications,2020,article,191,225,2,Hiroyuki Tetsuka; Su Ryon Shin,https://openalex.org/A5071114338; https://openalex.org/A5024067963,Brigham and Women's Hospital; Harvard University; E Ink (South Korea); Toyota Motor North America (United States); Toyota Research Institute,US; KR,5,3D Printing in Biomedical Research,Biomedical Engineering,Engineering,Physical Sciences,Journal of Materials Chemistry B
https://openalex.org/W3039586424,https://doi.org/10.1016/j.ijheatmasstransfer.2020.120081,Enhancement mechanism of convective heat transfer via nanofluid: An analysis by means of synchrotron radiation imaging,2020,article,9,31,4,Shunsuke Hashimoto; Masashi Harada; Yuki Higuchi; Takuro Matsunaga,https://openalex.org/A5029561621; https://openalex.org/A5087333692; https://openalex.org/A5059689705; https://openalex.org/A5039059152,Toyota Central Research and Development Laboratories (Japan),JP,1,Nanofluid Flow and Heat Transfer,Biomedical Engineering,Engineering,Physical Sciences,International Journal of Heat and Mass Transfer
https://openalex.org/W3011304249,https://doi.org/10.1016/j.apsusc.2020.146058,Local atomic structure of the GaN-side of the Al2O3/GaN interface revealed by X-ray absorption spectroscopy,2020,article,5,33,5,Noritake Isomura; Daigo Kikuta; Naoko Takahashi; Satoru Kosaka; Keita Kataoka,https://openalex.org/A5077114890; https://openalex.org/A5073588767; https://openalex.org/A5102972627; https://openalex.org/A5064973949; https://openalex.org/A5040882199,Toyota Central Research and Development Laboratories (Japan),JP,1,Semiconductor materials and devices,Electrical and Electronic Engineering,Engineering,Physical Sciences,Applied Surface Science
https://openalex.org/W3019268428,https://doi.org/10.1246/bcsj.20200044,<i>Operando</i> Time-Slicing Neutron Reflectometry Measurements of Solid Electrolyte Interphase Formation on Amorphous Carbon Surfaces of a Li-Ion Battery,2020,article,16,38,6,H. Kawaura; Masashi Harada; Yasuhito Kondo; Mamoru Mizutani; Naoko Takahashi; Norifumi L. Yamada,https://openalex.org/A5061361521; https://openalex.org/A5087333692; https://openalex.org/A5113136709; https://openalex.org/A5113635768; https://openalex.org/A5102972627; https://openalex.org/A5049248564,Toyota Central Research and Development Laboratories (Japan); High Energy Accelerator Research Organization,JP,6,Advancements in Battery Materials,Electrical and Electronic Engineering,Engineering,Physical Sciences,Bulletin of the Chemical Society of Japan
https://openalex.org/W2990975554,https://doi.org/10.1016/j.apsusc.2019.144813,Quantification of organic additives on polymer surfaces by time-of-flight secondary ion mass spectrometry with gold deposition,2019,article,5,24,3,Atsushi Murase; Yuichi Kato; Eiichi Sudo,https://openalex.org/A5067615629; https://openalex.org/A5101579654; https://openalex.org/A5109883849,Toyota Central Research and Development Laboratories (Japan),JP,3,Ion-surface interactions and analysis,Computational Mechanics,Engineering,Physical Sciences,Applied Surface Science
https://openalex.org/W3012047476,https://doi.org/10.1016/j.triboint.2020.106304,Direct silanol analysis of tribological surfaces using synchrotron radiation,2020,article,4,32,9,Naoko Takahashi; Noritake Isomura; Satoru Kosaka; Hiroyuki Mori; Yasuji Kimoto; Toshihide Ohmori; Takayuki Aoyama; Toshinari Sano; Fumihiro ITOIGAWA,https://openalex.org/A5102972627; https://openalex.org/A5077114890; https://openalex.org/A5064973949; https://openalex.org/A5016452461; https://openalex.org/A5084554721; https://openalex.org/A5112835832; https://openalex.org/A5077505445; https://openalex.org/A5102267893; https://openalex.org/A5088546065,Nagoya Institute of Technology; Toyota Central Research and Development Laboratories (Japan); Toyota Motor Corporation (Japan),JP,3,Diamond and Carbon-based Materials Research,Materials Chemistry,Materials Science,Physical Sciences,Tribology International
https://openalex.org/W2982092939,https://doi.org/10.1016/j.jpowsour.2019.227351,Estimation of the average oxidation number of nickel in a nickel oxide based on local structural information,2019,article,8,37,3,Yusaku Nishimura; Yasuhito Kondo; Hideaki Oka,https://openalex.org/A5038877168; https://openalex.org/A5113136709; https://openalex.org/A5016062988,Toyota Central Research and Development Laboratories (Japan),JP,1,Transition Metal Oxide Nanomaterials,Polymers and Plastics,Materials Science,Physical Sciences,Journal of Power Sources
https://openalex.org/W3031709455,https://doi.org/10.1021/acs.analchem.0c00370,Nondestructive High-Sensitivity Detections of Metallic Lithium Deposited on a Battery Anode Using Muonic X-rays,2020,article,45,40,11,Izumi Umegaki; Yuki Higuchi; Yasuhito Kondo; Kazuhiko Ninomiya; Soshi Takeshita; M. Tampo; Hiroyuki Nakano; Hideaki Oka; Jun Sugiyama; M. K. Kubo; Yasuhiro Miyake,https://openalex.org/A5009082483; https://openalex.org/A5059689705; https://openalex.org/A5113136709; https://openalex.org/A5072388358; https://openalex.org/A5052536397; https://openalex.org/A5053738059; https://openalex.org/A5020321683; https://openalex.org/A5016062988; https://openalex.org/A5038337637; https://openalex.org/A5108525526; https://openalex.org/A5068540680,Toyota Central Research and Development Laboratories (Japan); The University of Osaka; High Energy Accelerator Research Organization; Japan Proton Accelerator Research Complex; Japan Atomic Energy Agency; Comprehensive Research Organization for Science and Society; Advanced Science Research Center; CROSS Neutron Science and Technology Center; International Christian University,JP,9,Advancements in Battery Materials,Electrical and Electronic Engineering,Engineering,Physical Sciences,Analytical Chemistry
https://openalex.org/W2914472749,https://doi.org/10.1364/oe.27.002499,Demonstration of a new optical scanner using silicon photonics integrated circuit,2019,article,73,7,4,Daisuke Inoue; Tadashi Ichikawa; Akari Kawasaki; Tatsuya Yamashita,https://openalex.org/A5101973787; https://openalex.org/A5111855868; https://openalex.org/A5044744628; https://openalex.org/A5062639920,Toyota Central Research and Development Laboratories (Japan),JP,1,Photonic and Optical Devices,Electrical and Electronic Engineering,Engineering,Physical Sciences,Optics Express
https://openalex.org/W2958576510,https://doi.org/10.3390/mi10070482,Silicon Optical Modulator Using a Low-Loss Phase Shifter Based on a Multimode Interference Waveguide,2019,article,3,8,4,Daisuke Inoue; Tadashi Ichikawa; Akari Kawasaki; Tatsuya Yamashita,https://openalex.org/A5101973787; https://openalex.org/A5111855868; https://openalex.org/A5044744628; https://openalex.org/A5062639920,Toyota Central Research and Development Laboratories (Japan),JP,1,Photonic and Optical Devices,Electrical and Electronic Engineering,Engineering,Physical Sciences,Micromachines
https://openalex.org/W2901077201,https://doi.org/10.1109/tits.2018.2876905,Coordination of Connected Vehicles on Merging Roads Using Pseudo-Perturbation-Based Broadcast Control,2018,article,33,34,4,Yuji Ito; Md Abdus Samad Kamal; Takayoshi Yoshimura; Shun‐ichi Azuma,https://openalex.org/A5028644363; https://openalex.org/A5068088751; https://openalex.org/A5101886410; https://openalex.org/A5075575177,Toyota Central Research and Development Laboratories (Japan); Kyoto University; Kyoto College of Graduate Studies for Informatics,JP,3,Traffic control and management,Control and Systems Engineering,Engineering,Physical Sciences,IEEE Transactions on Intelligent Transportation Systems
https://openalex.org/W3010195231,https://doi.org/10.1109/globecom38437.2019.9013198,Edge eXchange: eNB with Wireless Backhaul Communication among Carriers,2019,conference-paper,0,3,3,Kengo Sasaki; Satoshi Makido; Akihiro Nakao,https://openalex.org/A5009208564; https://openalex.org/A5026975285; https://openalex.org/A5059219602,The University of Tokyo,JP,1,Vehicular Ad Hoc Networks (VANETs),Electrical and Electronic Engineering,Engineering,Physical Sciences,
https://openalex.org/W2945002376,https://doi.org/10.3390/app9101983,Quality Index of Supervised Data for Convolutional Neural Network-Based Localization,2019,article,7,16,5,Seigo Ito; Mineki Soga; Shigeyoshi Hiratsuka; Hiroyuki Matsubara; Masaru Ogawa,https://openalex.org/A5050991346; https://openalex.org/A5033497384; https://openalex.org/A5073088184; https://openalex.org/A5103193312; https://openalex.org/A5102411699,Toyota Central Research and Development Laboratories (Japan),JP,1,Advanced Optical Sensing Technologies,Instrumentation,Physics and Astronomy,Physical Sciences,Applied Sciences
https://openalex.org/W2945673139,https://doi.org/10.7567/1347-4065/ab0d06,Room temperature photoluminescence lifetime for the near-band-edge emission of epitaxial and ion-implanted GaN on GaN structures,2019,article,38,52,11,Shigefusa F. Chichibu; Kohei Shima; Kazunobu Kojima; Shinya Takashima; Katsunori Ueno; Masaharu Edo; Hiroko Iguchi; Tetsuo Narita; Keita Kataoka; Shoji Ishibashi; Akira Uedono,https://openalex.org/A5020733416; https://openalex.org/A5028641699; https://openalex.org/A5025646008; https://openalex.org/A5047520054; https://openalex.org/A5101687362; https://openalex.org/A5013376841; https://openalex.org/A5000670800; https://openalex.org/A5060474520; https://openalex.org/A5040882199; https://openalex.org/A5042319192; https://openalex.org/A5068817003,Tohoku University; Hokkaido University; Nagoya University; Fuji Electric (Japan); Toyota Central Research and Development Laboratories (Japan); National Institute of Advanced Industrial Science and Technology; University of Tsukuba,JP,7,GaN-based semiconductor devices and materials,Condensed Matter Physics,Physics and Astronomy,Physical Sciences,Japanese Journal of Applied Physics
https://openalex.org/W2990615184,https://doi.org/10.1109/ecce.2019.8911846,"Multi-port, Bi-directional Contactless Connector for the Interface of Modular Portable Battery System",2019,conference-paper,3,18,4,Masanori Ishigaki; Keisuke Ishikawa; Makoto Kusakabe; Kosuke Tahara,https://openalex.org/A5078756614; https://openalex.org/A5076402375; https://openalex.org/A5046537576; https://openalex.org/A5087926365,Toyota Central Research and Development Laboratories (Japan),JP,1,Wireless Power Transfer Systems,Electrical and Electronic Engineering,Engineering,Physical Sciences,
https://openalex.org/W2908299407,https://doi.org/10.1021/acsami.8b18088,Self-Assembled Single-Crystalline GaN Having a Bimodal Meso/Macropore Structure To Enhance Photoabsorption and Photocatalytic Reactions,2019,article,13,69,5,Taishi Kimura; Shunsuke Sato; Keita Kataoka; Takeshi Morikawa; Daisuke Nakamura,https://openalex.org/A5089775684; https://openalex.org/A5032289572; https://openalex.org/A5040882199; https://openalex.org/A5076624018; https://openalex.org/A5082395557,Toyota Central Research and Development Laboratories (Japan),JP,1,ZnO doping and properties,Materials Chemistry,Materials Science,Physical Sciences,ACS Applied Materials & Interfaces
https://openalex.org/W2910711584,https://doi.org/10.1007/s00158-018-02187-2,Topology optimization of conductors in electrical circuit,2019,article,17,48,7,Katsuya Nomura; Shintaro Yamasaki; Kentaro Yaji; Hiroki Bo; Atsuhiro Takahashi; Takashi Kojima; Kikuo FUJITA,https://openalex.org/A5091224006; https://openalex.org/A5026572578; https://openalex.org/A5067240014; https://openalex.org/A5077739929; https://openalex.org/A5012825956; https://openalex.org/A5002160779; https://openalex.org/A5014965984,Toyota Central Research and Development Laboratories (Japan); The University of Osaka,JP,2,Topology Optimization in Engineering,Civil and Structural Engineering,Engineering,Physical Sciences,Structural and Multidisciplinary Optimization
https://openalex.org/W2918540092,https://doi.org/10.1016/j.jallcom.2019.02.249,Brass bonding using copper nanoparticles and zinc powder for packaging of power electronic devices,2019,article,5,34,3,Toshikazu Satoh; Yasuhiro Kume; Masanori Usui,https://openalex.org/A5024652400; https://openalex.org/A5031963858; https://openalex.org/A5012458529,Toyota Central Research and Development Laboratories (Japan); Aisin (Japan),JP,2,Electronic Packaging and Soldering Technologies,Electrical and Electronic Engineering,Engineering,Physical Sciences,Journal of Alloys and Compounds
https://openalex.org/W2914890781,https://doi.org/10.1038/s41467-019-08536-z,Negative differential resistance as a critical indicator for the discharge capacity of lithium-oxygen batteries,2019,article,27,50,8,Yoko Hase; Yasuhiro Komori; Takayoshi Kusumoto; Takashi Harada; Juntaro Seki; Tohru Shiga; Kazuhide Kamiya; Shuji Nakanishi,https://openalex.org/A5081202701; https://openalex.org/A5087036929; https://openalex.org/A5050342385; https://openalex.org/A5020658392; https://openalex.org/A5110705981; https://openalex.org/A5025381766; https://openalex.org/A5023298202; https://openalex.org/A5008624932,Toyota Central Research and Development Laboratories (Japan); The University of Osaka,JP,2,Advanced Battery Materials and Technologies,Electrical and Electronic Engineering,Engineering,Physical Sciences,Nature Communications
https://openalex.org/W2962758216,https://doi.org/10.1021/acs.jpclett.9b01670,Ion Transport in Porous Electrodes Obtained by Impedance Using a Symmetric Cell with Predictable Low-Temperature Battery Performance,2019,article,47,39,3,Nobuhiro Ogihara; Yuichi Itou; Shigehiro Kawauchi,https://openalex.org/A5056071333; https://openalex.org/A5052120619; https://openalex.org/A5034000718,Toyota Central Research and Development Laboratories (Japan),JP,1,Advancements in Battery Materials,Electrical and Electronic Engineering,Engineering,Physical Sciences,The Journal of Physical Chemistry Letters
https://openalex.org/W2921091441,https://doi.org/10.1016/j.jpowsour.2019.02.058,Controlling cracking formation in fuel cell catalyst layers,2019,article,132,33,6,Naomi Kumano; Kenji Kudo; Akihiko Suda; Yusuke Akimoto; Masahiko Ishii; Hiroshi Nakamura,https://openalex.org/A5025792503; https://openalex.org/A5036054460; https://openalex.org/A5017969127; https://openalex.org/A5111018334; https://openalex.org/A5046013137; https://openalex.org/A5090578339,Toyota Central Research and Development Laboratories (Japan),JP,1,Fuel Cells and Related Materials,Electrical and Electronic Engineering,Engineering,Physical Sciences,Journal of Power Sources
https://openalex.org/W2955742561,https://doi.org/10.1016/j.jpowsour.2019.226809,Improving water management in fuel cells through microporous layer modifications: Fast operando tomographic imaging of liquid water,2019,article,171,31,9,Yasutaka Nagai; Jens Eller; Tatsuya Hatanaka; S. Yamaguchi; Satoru Kato; Akihiko Kato; Federica Marone; Hong Xu; Félix N. Büchi,https://openalex.org/A5102710245; https://openalex.org/A5052283082; https://openalex.org/A5019095416; https://openalex.org/A5101483835; https://openalex.org/A5011165746; https://openalex.org/A5102833745; https://openalex.org/A5018255598; https://openalex.org/A5014761304; https://openalex.org/A5027242215,Toyota Central Research and Development Laboratories (Japan); Paul Scherrer Institute; Swiss Light Source,JP; CH,3,Fuel Cells and Related Materials,Electrical and Electronic Engineering,Engineering,Physical Sciences,Journal of Power Sources
https://openalex.org/W2945544002,https://doi.org/10.1039/c9gc00525k,"CO <sub>2</sub> conversion by high-dose rate electron beam irradiation: one-step, metal-free and simultaneous production of H <sub>2</sub> , CO, CH <sub>4</sub> , C <sub>2</sub> H <sub>6</sub> and organic acids from an acid-decomposed CaCO <sub>3</sub> /additive EtOH mixture",2019,article,5,38,6,Yoichi Hosokawa; Shuji Kajiya; Ayako Ohshima; Nobuhiro Ishida; Masakazu Washio; Arimitsu Usuki,https://openalex.org/A5026757832; https://openalex.org/A5091731371; https://openalex.org/A5012654136; https://openalex.org/A5050020629; https://openalex.org/A5025662024; https://openalex.org/A5059616589,Toyota Motor Corporation (Switzerland); Aichi University; Toyota Central Research and Development Laboratories (Japan); Waseda University; Shinjuku College of Information Technology,CH; JP,5,CO2 Reduction Techniques and Catalysts,"Renewable Energy, Sustainability and the Environment",Energy,Physical Sciences,Green Chemistry
https://openalex.org/W2946590662,https://doi.org/10.1016/j.apenergy.2019.05.065,Design and demonstration of Knudsen heat pump without moving parts free from electricity,2019,article,24,31,5,Ko Kugimoto; Yasuo Hirota; Tomofusa Yamauchi; Hiroki Yamaguchi; T. Niimi,https://openalex.org/A5069636660; https://openalex.org/A5109072986; https://openalex.org/A5112549571; https://openalex.org/A5051499983; https://openalex.org/A5019299388,Toyota Central Research and Development Laboratories (Japan); Nagoya University,JP,2,Gas Dynamics and Kinetic Theory,Applied Mathematics,Mathematics,Physical Sciences,Applied Energy
https://openalex.org/W2971745035,https://doi.org/10.1039/c9cc05921k,Enhanced electrochemical CO <sub>2</sub> reduction selectivity by application of self-assembled polymer microparticles to a silver electrode,2019,article,7,36,2,Naonari Sakamoto; Takeo Arai,https://openalex.org/A5003305079; https://openalex.org/A5033201151,Toyota Motor Corporation (Switzerland); Toyota Central Research and Development Laboratories (Japan),CH; JP,2,CO2 Reduction Techniques and Catalysts,"Renewable Energy, Sustainability and the Environment",Energy,Physical Sciences,Chemical Communications
https://openalex.org/W2929595970,https://doi.org/10.1002/pip.3129,Intermediate‐band effect in hot‐carrier solar cells,2019,article,10,66,1,Yasuhiko Takeda,https://openalex.org/A5103237032,Toyota Central Research and Development Laboratories (Japan),JP,1,solar cell performance optimization,Electrical and Electronic Engineering,Engineering,Physical Sciences,Progress in Photovoltaics Research and Applications
https://openalex.org/W2957974712,https://doi.org/10.1038/s41929-019-0282-y,Towards dense single-atom catalysts for future automotive applications,2019,article,452,108,2,Atsushi Beniya; Shougo Higashi,https://openalex.org/A5089140783; https://openalex.org/A5015984699,Toyota Central Research and Development Laboratories (Japan),JP,1,Catalytic Processes in Materials Science,Materials Chemistry,Materials Science,Physical Sciences,Nature Catalysis
https://openalex.org/W2971693987,https://doi.org/10.1016/j.polymer.2019.121667,Fully bio-based polymer blend of polyamide 11 and Poly(vinylcatechol) showing thermodynamic miscibility and excellent engineering properties,2019,article,21,42,7,Takayuki Hirai; Jumpei Kawada; Mamiko Narita; Taiji Ikawa; Hisaaki Takeshima; Kotaro Satoh; Masami Kamigaito,https://openalex.org/A5028194483; https://openalex.org/A5072242185; https://openalex.org/A5112260381; https://openalex.org/A5024454957; https://openalex.org/A5024858596; https://openalex.org/A5011393219; https://openalex.org/A5003740584,Toyota Central Research and Development Laboratories (Japan); Nagoya University,JP,2,biodegradable polymer synthesis and properties,Biomaterials,Materials Science,Physical Sciences,Polymer
https://openalex.org/W2886911841,https://doi.org/10.1016/j.jmatprotec.2018.08.021,CAE-based process design for improving formability in hot stamping with partial cooling,2018,article,18,25,4,Eiichi Ota; Yasuhiro Yogo; Noritoshi Iwata; Hidekazu NISHIGAKI,https://openalex.org/A5031564771; https://openalex.org/A5110822549; https://openalex.org/A5023954239; https://openalex.org/A5113945248,Toyota Central Research and Development Laboratories (Japan),JP,1,Metal Forming Simulation Techniques,Mechanical Engineering,Engineering,Physical Sciences,Journal of Materials Processing Technology
https://openalex.org/W2953827410,https://doi.org/10.1016/j.compositesa.2019.105514,Direct simulation of glass fiber breakage in simple shear flow considering fiber-fiber interaction,2019,article,14,25,3,Toshiki Sasayama; Masahide Inagaki; Norikazu Sato,https://openalex.org/A5055692046; https://openalex.org/A5004212268; https://openalex.org/A5102521144,"National Institute of Technology, Toyota College",JP,3,Composite Material Mechanics,Mechanics of Materials,Engineering,Physical Sciences,Composites Part A Applied Science and Manufacturing
https://openalex.org/W2958768244,https://doi.org/10.1016/j.compositesb.2019.107187,Inverse design of structure and fiber orientation by means of topology optimization with tensor field variables,2019,article,102,47,7,Tsuyoshi Nomura; Atsushi Kawamoto; Tsuguo Kondoh; Ercan M. Dede; Jaewook Lee; Yuyang Song; Noboru Kikuchi,https://openalex.org/A5078662057; https://openalex.org/A5046342937; https://openalex.org/A5073998993; https://openalex.org/A5019960981; https://openalex.org/A5100609342; https://openalex.org/A5101800704; https://openalex.org/A5110501374,Toyota Central Research and Development Laboratories (Japan); Toyota Research Institute; Gwangju Institute of Science and Technology,JP; KR,3,Topology Optimization in Engineering,Civil and Structural Engineering,Engineering,Physical Sciences,Composites Part B Engineering
https://openalex.org/W2883650730,https://doi.org/10.1016/j.cattod.2018.07.046,Investigation of the effective oxygen storage and release performances on the Pt/CeO2-ZrO2 catalysts by breakthrough method,2018,article,23,35,4,Fei Dong; Toshitaka Tanabe; Naoki Takahashi; Hirofumi Shinjoh,https://openalex.org/A5085786002; https://openalex.org/A5052257305; https://openalex.org/A5101594695; https://openalex.org/A5109880046,Toyota Central Research and Development Laboratories (Japan),JP,1,Catalytic Processes in Materials Science,Materials Chemistry,Materials Science,Physical Sciences,Catalysis Today
https://openalex.org/W2917930200,https://doi.org/10.1016/j.apcata.2019.02.033,Silver sulfate catalyst for soot oxidation with high resistance to sulfur poisoning,2019,article,11,46,6,Masashi Kikugawa; Kiyoshi Yamazaki; Akihiko Kato; Takeshi Uyama; Naoki Takahashi; Hirofumi Shinjoh,https://openalex.org/A5057940700; https://openalex.org/A5033104370; https://openalex.org/A5102833745; https://openalex.org/A5032225113; https://openalex.org/A5101594694; https://openalex.org/A5109880046,Toyota Central Research and Development Laboratories (Japan),JP,1,Catalytic Processes in Materials Science,Materials Chemistry,Materials Science,Physical Sciences,Applied Catalysis A General
https://openalex.org/W2984868618,https://doi.org/10.1016/j.ijhydene.2019.10.105,In-line adsorption system for reducing cold-start ammonia emissions from engines fueled with ammonia and hydrogen,2019,article,25,21,2,Makoto Koike; Tetsunori Suzuoki,https://openalex.org/A5080200760; https://openalex.org/A5082342912,Toyota Central Research and Development Laboratories (Japan),JP,1,Advanced Combustion Engine Technologies,Fluid Flow and Transfer Processes,Chemical Engineering,Physical Sciences,International Journal of Hydrogen Energy
https://openalex.org/W2968241482,https://doi.org/10.1016/j.conengprac.2019.104114,Diesel engine air path control based on neural approximation of nonlinear MPC,2019,article,29,46,5,Ryuta Moriyasu; Sayaka Nojiri; Akio Matsunaga; Toshihiro Nakamura; T. Jimbo,https://openalex.org/A5048174369; https://openalex.org/A5019975372; https://openalex.org/A5002284290; https://openalex.org/A5004030059; https://openalex.org/A5066055821,Toyota Central Research and Development Laboratories (Japan); Toyota Motor Corporation (Japan),JP,2,Advanced Control Systems Optimization,Control and Systems Engineering,Engineering,Physical Sciences,Control Engineering Practice
https://openalex.org/W2948636765,https://doi.org/10.1016/j.apcata.2019.06.003,Improving high-temperature NOx conversion in the combined NSR-SCR system with an SCR catalyst mixed with an NH3 adsorbent,2019,article,28,24,3,Masatoshi Sakai; Tsuyoshi Hamaguchi; Toshiyuki Tanaka,https://openalex.org/A5036405883; https://openalex.org/A5054422026; https://openalex.org/A5014391514,Toyota Central Research and Development Laboratories (Japan),JP,1,Catalytic Processes in Materials Science,Materials Chemistry,Materials Science,Physical Sciences,Applied Catalysis A General
https://openalex.org/W2936324948,https://doi.org/10.1002/cctc.201900264,Demonstrating the Potential of Chemiluminescence as a Tool to Characterize Heterogeneous Catalysis Using CO Oxidation on Copper‐Based Catalysts as an Example,2019,article,4,26,6,Satoru Kato; Yoshihiko Ito; Yasuhiro Ikuta; Akira Morikawa; Akihiko Suda; Toshitaka Tanabe,https://openalex.org/A5011165746; https://openalex.org/A5102925769; https://openalex.org/A5009643973; https://openalex.org/A5103276456; https://openalex.org/A5017969127; https://openalex.org/A5052257305,Toyota Central Research and Development Laboratories (Japan),JP,6,Catalytic Processes in Materials Science,Materials Chemistry,Materials Science,Physical Sciences,ChemCatChem
https://openalex.org/W2912795073,https://doi.org/10.1039/c9cy00176j,Mechanistic insights into a NO <sub>x</sub> storage-reduction (NSR) catalyst by spatiotemporal <i>operando</i> X-ray absorption spectroscopy,2019,article,10,21,4,Yasutaka Nagai; Akihiko Kato; Masaoki Iwasaki; Keisuke Kishita,https://openalex.org/A5102710245; https://openalex.org/A5102833745; https://openalex.org/A5075732262; https://openalex.org/A5110122622,Toyota Motor Corporation (Switzerland); Toyota Central Research and Development Laboratories (Japan); Toyota Motor Corporation (Japan),CH; JP,3,Catalytic Processes in Materials Science,Materials Chemistry,Materials Science,Physical Sciences,Catalysis Science & Technology
https://openalex.org/W2901381232,https://doi.org/10.1109/tac.2018.2876793,Risk-Sensitive Linear Control for Systems With Stochastic Parameters,2018,article,18,30,4,Yuji Ito; Kenji Fujimoto; Yukihiro Tadokoro; Takayoshi Yoshimura,https://openalex.org/A5028644363; https://openalex.org/A5037036162; https://openalex.org/A5025021852; https://openalex.org/A5101886410,Toyota Central Research and Development Laboratories (Japan); Kyoto University,JP,4,Probabilistic and Robust Engineering Design,"Statistics, Probability and Uncertainty",Decision Sciences,Social Sciences,IEEE Transactions on Automatic Control
https://openalex.org/W2965735194,https://doi.org/10.1007/s00158-019-02341-4,Topology optimization for thermal stress reduction in power semiconductor module,2019,article,17,13,3,Tadayoshi MATSUMORI; Atsushi Kawamoto; Tsuguo Kondoh,https://openalex.org/A5000604108; https://openalex.org/A5046342937; https://openalex.org/A5073998993,Toyota Central Research and Development Laboratories (Japan),JP,1,Topology Optimization in Engineering,Civil and Structural Engineering,Engineering,Physical Sciences,Structural and Multidisciplinary Optimization
https://openalex.org/W2985489019,https://doi.org/10.1103/physreve.100.052303,Early-warning signals using dynamical network markers selected by covariance,2019,article,12,35,3,Tadayoshi MATSUMORI; Hiroyuki Sakai; Kazuyuki Aihara,https://openalex.org/A5000604108; https://openalex.org/A5007873333; https://openalex.org/A5038078845,Toyota Central Research and Development Laboratories (Japan); The University of Tokyo,JP,2,Ecosystem dynamics and resilience,Global and Planetary Change,Environmental Science,Physical Sciences,Physical review. E
https://openalex.org/W2789406905,https://doi.org/10.1109/tits.2018.2812147,Online Map Matching With Route Prediction,2018,article,67,53,3,Shun Taguchi; Satoshi Koide; Takayoshi Yoshimura,https://openalex.org/A5054754593; https://openalex.org/A5009788491; https://openalex.org/A5101886410,Toyota Central Research and Development Laboratories (Japan),JP,1,Traffic Prediction and Management Techniques,Building and Construction,Engineering,Physical Sciences,IEEE Transactions on Intelligent Transportation Systems
https://openalex.org/W2971258406,https://doi.org/10.1016/j.molliq.2019.111567,First principle determination of dielectric constant of polar liquids by the extended RISM theory with the bridge diagrams concerning dipole-dipole interactions,2019,article,1,28,2,Yasuhiro Ikuta; Fumio Hirata,https://openalex.org/A5009643973; https://openalex.org/A5076567918,Toyota Central Research and Development Laboratories (Japan); Toyota Physical and Chemical Research Institute,JP,2,Spectroscopy and Quantum Chemical Studies,"Atomic and Molecular Physics, and Optics",Physics and Astronomy,Physical Sciences,Journal of Molecular Liquids
https://openalex.org/W2965269258,https://doi.org/10.1021/acs.inorgchem.9b01370,Phosphorescent Material Search Using a Combination of High-Throughput Evaluation and Machine Learning,2019,article,10,26,4,Hirofumi Hazama; Susumu Sobue; Shin Tajima; Ryoji Asahi,https://openalex.org/A5036513782; https://openalex.org/A5058398304; https://openalex.org/A5101580215; https://openalex.org/A5013055347,Toyota Central Research and Development Laboratories (Japan); Nitto (Japan),JP,2,Machine Learning in Materials Science,Materials Chemistry,Materials Science,Physical Sciences,Inorganic Chemistry
https://openalex.org/W2913880202,https://doi.org/10.1080/14686996.2019.1578183,First-principles prediction of high oxygen-ion conductivity in trilanthanide gallates Ln<sub>3</sub>GaO<sub>6</sub>,2019,article,9,73,3,Joohwi Lee; Nobuko Ohba; Ryoji Asahi,https://openalex.org/A5014904502; https://openalex.org/A5055152839; https://openalex.org/A5013055347,Toyota Central Research and Development Laboratories (Japan),JP,1,Advancements in Solid Oxide Fuel Cells,Materials Chemistry,Materials Science,Physical Sciences,Science and Technology of Advanced Materials
https://openalex.org/W2903097311,https://doi.org/10.1016/j.actamat.2018.11.058,Correlation between thermal-vibration-induced large displacement of Cu atoms and phase transition in Cu4SnS4: First-principles investigation,2018,article,8,47,3,Naoyuki Nagasako; Akitoshi Suzumura; Ryoji Asahi,https://openalex.org/A5023874662; https://openalex.org/A5076292961; https://openalex.org/A5013055347,Toyota Central Research and Development Laboratories (Japan),JP,1,Chalcogenide Semiconductor Thin Films,Electrical and Electronic Engineering,Engineering,Physical Sciences,Acta Materialia
https://openalex.org/W2965720469,https://doi.org/10.1016/j.asoc.2019.105682,Neural network-based transductive regression model,2019,article,7,79,1,Hiroshi Ohno,https://openalex.org/A5054306405,Toyota Central Research and Development Laboratories (Japan),JP,1,Machine Learning in Materials Science,Materials Chemistry,Materials Science,Physical Sciences,Applied Soft Computing
https://openalex.org/W2973091745,https://doi.org/10.1109/tvt.2019.2934502,Direct Wireless Link to Out-of-Range Node With Assistance of Surrounding Nodes,2019,article,2,37,5,Hiroya Tanaka; Shintaro Hiraoka; Shintaro Arai; Takaya Yamazato; Yukihiro Tadokoro,https://openalex.org/A5073314353; https://openalex.org/A5031675359; https://openalex.org/A5068944427; https://openalex.org/A5029940452; https://openalex.org/A5025021852,Toyota Central Research and Development Laboratories (Japan); Nagoya University; Okayama University of Science,JP,3,stochastic dynamics and bifurcation,Statistical and Nonlinear Physics,Physics and Astronomy,Physical Sciences,IEEE Transactions on Vehicular Technology
https://openalex.org/W2923062096,https://doi.org/10.1021/acs.jpcc.9b01195,Water Facilitated Electrochemical Reduction of CO<sub>2</sub> on Cobalt-Porphyrin Catalysts,2019,article,24,52,2,Kaito Miyamoto; Ryoji Asahi,https://openalex.org/A5058672388; https://openalex.org/A5013055347,Toyota Central Research and Development Laboratories (Japan),JP,1,CO2 Reduction Techniques and Catalysts,"Renewable Energy, Sustainability and the Environment",Energy,Physical Sciences,The Journal of Physical Chemistry C
https://openalex.org/W2975230390,https://doi.org/10.1016/j.trc.2019.09.005,Generating pedestrian walking behavior considering detour and pause in the path under space-time constraints,2019,article,23,41,5,Ken Hidaka; Keiichiro Hayakawa; Tomoki Nishi; Tomotaka Usui; Toshiyuki Yamamoto,https://openalex.org/A5007204638; https://openalex.org/A5078533573; https://openalex.org/A5029287040; https://openalex.org/A5033762336; https://openalex.org/A5037378328,Toyota Central Research and Development Laboratories (Japan); University of Human Environments; Nagoya University,JP,5,Evacuation and Crowd Dynamics,Ocean Engineering,Engineering,Physical Sciences,Transportation Research Part C Emerging Technologies
https://openalex.org/W2991521698,https://doi.org/10.3390/app9235008,"Emotion, Respiration, and Heart Rate Variability: A Mathematical Model and Simulation Analyses",2019,article,10,29,2,Satoko HIRABAYASHI; Masami Iwamoto,https://openalex.org/A5067291421; https://openalex.org/A5103087763,Toyota Central Research and Development Laboratories (Japan),JP,1,Heart Rate Variability and Autonomic Control,Cardiology and Cardiovascular Medicine,Medicine,Health Sciences,Applied Sciences
https://openalex.org/W2975988526,https://doi.org/10.1016/j.jtherbio.2019.102424,The effect of temporal adaptation to different temperatures and osmolarities on heat response of TRPV4 in cultured cells,2019,article,2,43,3,Hiroko Sawai; Katsunori Kohda; Tetsuo Kurahashi,https://openalex.org/A5110723354; https://openalex.org/A5008728336; https://openalex.org/A5113874414,Toyota Central Research and Development Laboratories (Japan),JP,1,Ion Channels and Receptors,Sensory Systems,Neuroscience,Life Sciences,Journal of Thermal Biology
https://openalex.org/W2990767070,https://doi.org/10.1038/s41598-019-54324-6,A Novel Approach to Sensorimotor Skill Acquisition Utilizing Sensory Substitution: A Driving Simulation Study,2019,article,1,36,3,Sayako Ueda; Hiroyuki Sakai; Takatsune Kumada,https://openalex.org/A5103209775; https://openalex.org/A5083444692; https://openalex.org/A5046467174,RIKEN Center for Brain Science; Toyota Central Research and Development Laboratories (Japan); Kyoto University; Kyoto College of Graduate Studies for Informatics,JP,4,Tactile and Sensory Interactions,Cognitive Neuroscience,Neuroscience,Life Sciences,Scientific Reports
https://openalex.org/W2958307540,https://doi.org/10.1016/j.jbiosc.2019.06.006,Recent developments in terminator technology in Saccharomyces cerevisiae,2019,article,15,81,1,Takashi Matsuyama,https://openalex.org/A5037213887,Toyota Central Research and Development Laboratories (Japan),JP,1,Microbial Metabolic Engineering and Bioproduction,Molecular Biology,"Biochemistry, Genetics and Molecular Biology",Life Sciences,Journal of Bioscience and Bioengineering
https://openalex.org/W2995428702,https://doi.org/10.1126/science.aax9167,Intragranular three-dimensional stress tensor fields in plastically deformed polycrystals,2019,article,101,92,5,Yujiro Hayashi; Daigo Setoyama; Yoshiharu Hirose; Tomoyuki Yoshida; Hidehiko Kimura,https://openalex.org/A5068189753; https://openalex.org/A5059519594; https://openalex.org/A5103066584; https://openalex.org/A5101518495; https://openalex.org/A5089761663,Toyota Central Research and Development Laboratories (Japan),JP,1,Microstructure and mechanical properties,Materials Chemistry,Materials Science,Physical Sciences,Science
https://openalex.org/W2949048446,https://doi.org/10.1016/j.jpowsour.2019.226721,Hard X-ray spectroscopic methods using emitted X-ray to understand charge compensation in positive electrode materials for lithium-ion batteries,2019,article,7,64,5,Yusaku Nishimura; Hideaki Oka; Takamasa Nonaka; Yoshinari Makimura; Kazuhiko Dohmae,https://openalex.org/A5038877168; https://openalex.org/A5016062988; https://openalex.org/A5015523164; https://openalex.org/A5053657575; https://openalex.org/A5043817136,Toyota Central Research and Development Laboratories (Japan),JP,1,Advancements in Battery Materials,Electrical and Electronic Engineering,Engineering,Physical Sciences,Journal of Power Sources
https://openalex.org/W2921737013,https://doi.org/10.1016/j.jpowsour.2019.02.064,In situ X-ray Raman scattering spectroscopy of a graphite electrode for lithium-ion batteries,2019,article,57,31,5,Takamasa Nonaka; H. Kawaura; Yoshinari Makimura; Yusaku Nishimura; Kazuhiko Dohmae,https://openalex.org/A5015523164; https://openalex.org/A5061361521; https://openalex.org/A5053657575; https://openalex.org/A5038877168; https://openalex.org/A5043817136,Toyota Central Research and Development Laboratories (Japan),JP,5,Advancements in Battery Materials,Electrical and Electronic Engineering,Engineering,Physical Sciences,Journal of Power Sources
https://openalex.org/W2989659372,https://doi.org/10.1109/itsc.2019.8917112,Multi-Agent Path Finding with Priority for Cooperative Automated Valet Parking,2019,conference-paper,44,31,3,Ayano Okoso; Keisuke Otaki; Tomoki Nishi,https://openalex.org/A5033705342; https://openalex.org/A5091332862; https://openalex.org/A5029287040,Toyota Central Research and Development Laboratories (Japan),JP,1,Robotic Path Planning Algorithms,Computer Vision and Pattern Recognition,Computer Science,Physical Sciences,
https://openalex.org/W2810013368,https://doi.org/10.1016/j.optcom.2018.02.029,Efficient model of photon-counting laser radar for distance error calibration,2018,article,2,14,1,Fumiya Ichino,https://openalex.org/A5091321320,Toyota Central Research and Development Laboratories (Japan),JP,1,Advanced Optical Sensing Technologies,Instrumentation,Physics and Astronomy,Physical Sciences,Optics Communications
https://openalex.org/W2850279973,https://doi.org/10.1063/1.5019998,"Degradation analysis of AlGaN/GaN high electron mobility transistor by electroluminescence, electric field-induced optical second-harmonic generation, and photoluminescence imaging",2018,article,6,27,5,T. Katsuno; Takaaki Manaka; Narumasa Soejima; T. Ishikawa; Mitsumasa Iwamoto,https://openalex.org/A5090003153; https://openalex.org/A5033460868; https://openalex.org/A5039923875; https://openalex.org/A5008248639; https://openalex.org/A5033992445,Toyota Central Research and Development Laboratories (Japan); Tokyo Institute of Technology,JP,2,GaN-based semiconductor devices and materials,Condensed Matter Physics,Physics and Astronomy,Physical Sciences,Applied Physics Letters
https://openalex.org/W2883669953,https://doi.org/10.1021/acs.chemmater.8b02153,Liquid-Phase Exfoliation of Germanane Based on Hansen Solubility Parameters,2018,article,44,15,2,Daisuke Nakamura; Hideyuki Nakano,https://openalex.org/A5082395557; https://openalex.org/A5053100999,Toyota Central Research and Development Laboratories (Japan),JP,2,Luminescence and Fluorescent Materials,Materials Chemistry,Materials Science,Physical Sciences,Chemistry of Materials
https://openalex.org/W2887153291,https://doi.org/10.1016/j.ceramint.2018.08.177,Porosity-controlled multilayer TaC coatings prepared via wet powder process for multi-functional reactor components in GaN crystal growth system,2018,article,13,36,3,Daisuke Nakamura; Keisuke Shigetoh; Taishi Kimura,https://openalex.org/A5082395557; https://openalex.org/A5020529547; https://openalex.org/A5089775684,Toyota Central Research and Development Laboratories (Japan),JP,3,GaN-based semiconductor devices and materials,Condensed Matter Physics,Physics and Astronomy,Physical Sciences,Ceramics International
https://openalex.org/W2806476106,https://doi.org/10.1016/j.apenergy.2018.06.015,Cylindrical thermoelectric generator with water heating system for high solar energy conversion efficiency,2018,article,56,34,6,Hirofumi Hazama; Yumi Masuoka; Akitoshi Suzumura; Masato Matsubara; Shin Tajima; Ryoji Asahi,https://openalex.org/A5036513782; https://openalex.org/A5002082907; https://openalex.org/A5076292961; https://openalex.org/A5039794216; https://openalex.org/A5101580215; https://openalex.org/A5013055347,Toyota Central Research and Development Laboratories (Japan),JP,1,Advanced Thermoelectric Materials and Devices,Materials Chemistry,Materials Science,Physical Sciences,Applied Energy
https://openalex.org/W2890354229,https://doi.org/10.1002/cctc.201801257,A Heterogeneous Hydrogen‐Evolution Catalyst Based on a Mesoporous Organosilica with a Diiron Catalytic Center Modelling [FeFe]‐Hydrogenase,2018,article,13,36,7,Tomoki Himiyama; Minoru Waki; Dolores Esquivel; Akira Onoda; Takashi Hayashi; Pascal Van Der Voort; Shinji Inagaki,https://openalex.org/A5090472475; https://openalex.org/A5090108391; https://openalex.org/A5020506328; https://openalex.org/A5051697045; https://openalex.org/A5021407407; https://openalex.org/A5037133810; https://openalex.org/A5036535606,Toyota Central Research and Development Laboratories (Japan); University of Córdoba; Osaka Gakuin University; The University of Osaka; Ghent University,JP; ES; BE,5,Metalloenzymes and iron-sulfur proteins,"Renewable Energy, Sustainability and the Environment",Energy,Physical Sciences,ChemCatChem
https://openalex.org/W2899245046,https://doi.org/10.1039/c8ta06418k,Improved conversion efficiency of 10% for solid-state dye-sensitized solar cells utilizing P-type semiconducting CuI and multi-dye consisting of novel porphyrin dimer and organic dyes,2018,article,26,25,12,Naohiko Kato; Shinya Moribe; Masahito Shiozawa; Ryō Suzuki; Kazuo Higuchi; Akira Suzuki; Mareedu Sreenivasu; K. Tsuchimoto; Koji Tatematsu; Katsuyoshi Mizumoto; Shoichi Doi; Tatsuo Toyoda,https://openalex.org/A5073447372; https://openalex.org/A5045320900; https://openalex.org/A5034005539; https://openalex.org/A5044579275; https://openalex.org/A5100842976; https://openalex.org/A5100637449; https://openalex.org/A5056362269; https://openalex.org/A5025597066; https://openalex.org/A5066059759; https://openalex.org/A5053905592; ; https://openalex.org/A5084992639,Toyota Motor Corporation (Switzerland); Toyota Central Research and Development Laboratories (Japan); Cosmote (Greece); Aisin (Japan); Cosmos Corporation (United States),CH; JP; GR; US,5,TiO2 Photocatalysis and Solar Cells,"Renewable Energy, Sustainability and the Environment",Energy,Physical Sciences,Journal of Materials Chemistry A
https://openalex.org/W2809574832,https://doi.org/10.1016/j.compstruct.2018.06.014,Construction of statistically similar representative volume elements for discontinuous fiber composites,2018,article,8,41,4,Takashi Sasagawa; Masato Tanaka; Ryuji Omote; Daniel Balzani,https://openalex.org/A5028590387; https://openalex.org/A5071689458; https://openalex.org/A5039364483; https://openalex.org/A5067096341,Toyota Central Research and Development Laboratories (Japan); Technische Universität Dresden,JP; DE,2,Composite Material Mechanics,Mechanics of Materials,Engineering,Physical Sciences,Composite Structures
https://openalex.org/W2789591649,https://doi.org/10.1109/lsp.2018.2816579,Reconstruction for Spatially Distributed Single-Pixel Imaging Based on Pattern Filtering,2018,article,11,15,3,Tatsuya Nobunaga; Hiroya Tanaka; Yukihiro Tadokoro,https://openalex.org/A5003575807; https://openalex.org/A5073314353; https://openalex.org/A5025021852,Toyota Central Research and Development Laboratories (Japan),JP,1,Random lasers and scattering media,Acoustics and Ultrasonics,Physics and Astronomy,Physical Sciences,IEEE Signal Processing Letters
https://openalex.org/W2894533688,https://doi.org/10.1038/s41467-018-03829-1,Dripplons as localized and superfast ripples of water confined between graphene sheets,2018,article,60,66,4,Hiroaki Yoshida; Vojtěch Kaiser; Benjamin Rotenberg; Lydéric Bocquet,https://openalex.org/A5086152109; https://openalex.org/A5015722875; https://openalex.org/A5077004852; https://openalex.org/A5063972997,Centre National de la Recherche Scientifique; École Normale Supérieure - PSL; École Normale Supérieure; Laboratoire de Physique de l'Ecole Normale Supérieure; Toyota Central Research and Development Laboratories (Japan); Sorbonne Université; PHENIX laboratory,FR; BI; JP,7,Nanopore and Nanochannel Transport Studies,Biomedical Engineering,Engineering,Physical Sciences,Nature Communications
https://openalex.org/W2884157010,https://doi.org/10.1021/acs.jpcc.8b03730,Mechanisms of Covalent Coupling Reaction of Dibromofluoranthene on Au(111),2018,article,7,71,3,A. Nagoya; Hiroyuki Tetsuka; Nobuko Ohba,https://openalex.org/A5017393590; https://openalex.org/A5071114338; https://openalex.org/A5055152839,Toyota Central Research and Development Laboratories (Japan),JP,1,Graphene research and applications,Materials Chemistry,Materials Science,Physical Sciences,The Journal of Physical Chemistry C
https://openalex.org/W2963505665,https://doi.org/10.1038/s41598-018-29572-7,Driven nonlinear nanomechanical resonators as digital signal detectors,2018,article,28,53,3,Yukihiro Tadokoro; Hiroya Tanaka; M. I. Dykman,https://openalex.org/A5025021852; https://openalex.org/A5073314353; https://openalex.org/A5040587819,Toyota Central Research and Development Laboratories (Japan); Michigan State University,JP; US,2,Mechanical and Optical Resonators,"Atomic and Molecular Physics, and Optics",Physics and Astronomy,Physical Sciences,Scientific Reports
https://openalex.org/W2902990176,https://doi.org/10.1016/j.trpro.2018.11.025,Forecasting Travel Demand for New Mobility Services Employing Autonomous Vehicles,2018,article,15,10,2,Ken Hidaka; Takahiro Shiga,https://openalex.org/A5007204638; https://openalex.org/A5102232260,Toyota Central Research and Development Laboratories (Japan),JP,1,Transportation and Mobility Innovations,Automotive Engineering,Engineering,Physical Sciences,Transportation research procedia
https://openalex.org/W2896347422,https://doi.org/10.1186/s12976-018-0094-9,Finite element analysis of biological soft tissue surrounded by a deformable membrane that controls transmembrane flow,2018,article,19,20,2,Satoko HIRABAYASHI; Masami Iwamoto,https://openalex.org/A5067291421; https://openalex.org/A5103087763,Toyota Central Research and Development Laboratories (Japan),JP,1,Elasticity and Material Modeling,Biomedical Engineering,Engineering,Physical Sciences,Theoretical Biology and Medical Modelling
https://openalex.org/W2825347181,https://doi.org/10.1039/c8bm00412a,Ordered silica mineralization by regulating local reaction conditions,2018,article,8,29,3,Takaaki Hatanaka; Masataka Ohashi; Nobuhiro Ishida,https://openalex.org/A5075741061; https://openalex.org/A5011818455; https://openalex.org/A5050020629,Toyota Motor Corporation (Switzerland); Toyota Central Research and Development Laboratories (Japan),CH; JP,3,Diatoms and Algae Research,Biomaterials,Materials Science,Physical Sciences,Biomaterials Science
https://openalex.org/W2803927834,https://doi.org/10.1038/s41467-018-04256-y,Phenotypic diversification by enhanced genome restructuring after induction of multiple DNA double-strand breaks,2018,article,34,64,15,Nobuhiko Muramoto; Arisa Oda; Hidenori Tanaka; Takahiro Nakamura; Kazuto Kugou; Kazuki Suda; Aki Kobayashi; Shiori Yoneda; Akinori Ikeuchi; Hiroki Sugimoto; Satoshi Kondo; Chikara Ohto; Takehiko Shibata; Norihiro Mitsukawa; Kunihiro Ohta,https://openalex.org/A5055198530; https://openalex.org/A5054530424; https://openalex.org/A5103087805; https://openalex.org/A5048365478; https://openalex.org/A5025648675; https://openalex.org/A5009391420; https://openalex.org/A5063760944; https://openalex.org/A5045661154; https://openalex.org/A5075245249; https://openalex.org/A5003897202; https://openalex.org/A5112503611; https://openalex.org/A5049050488; https://openalex.org/A5072543767; https://openalex.org/A5061548605; https://openalex.org/A5049548651,Toyota Central Research and Development Laboratories (Japan); The University of Tokyo; Kazusa DNA Research Institute; Toyota Motor Corporation (Japan); RIKEN Advanced Science Institute,JP,5,Chromosomal and Genetic Variations,Plant Science,Agricultural and Biological Sciences,Life Sciences,Nature Communications
https://openalex.org/W2888313026,https://doi.org/10.1103/physrevlett.121.087202,Nuclear Magnetic Field in Solids Detected with Negative-Muon Spin Rotation and Relaxation,2018,article,26,32,10,Jun Sugiyama; Izumi Umegaki; Hiroshi Nozaki; Wataru Higemoto; Koji Hamada; Soshi Takeshita; A. Koda; K. Shimomura; Kazuhiko Ninomiya; M. K. Kubo,https://openalex.org/A5038337637; https://openalex.org/A5009082483; https://openalex.org/A5010500327; https://openalex.org/A5015580346; https://openalex.org/A5100871684; https://openalex.org/A5052536397; https://openalex.org/A5074270730; https://openalex.org/A5057598114; https://openalex.org/A5072388358; https://openalex.org/A5108525526,Toyota Central Research and Development Laboratories (Japan); Tokyo Institute of Technology; Japan Atomic Energy Agency; Advanced Science Research Center; High Energy Accelerator Research Organization; The University of Osaka; International Christian University,JP,7,Hydrogen Storage and Materials,Materials Chemistry,Materials Science,Physical Sciences,Physical Review Letters
https://openalex.org/W7124437320,https://doi.org/10.1117/12.3075489,Exploiting broad incident angle ranges in diffraction grating SPR spectroscopy,2026,conference-paper,0,0,4,H. Suzuki; Eslam Abubakr; Shiro Saito; Tetsuo Kan,https://openalex.org/A5088405554; https://openalex.org/A5073915980; https://openalex.org/A5010540638; https://openalex.org/A5027860321,,,0,Electron Spin Resonance Studies,Biophysics,"Biochemistry, Genetics and Molecular Biology",Life Sciences,
https://openalex.org/W4408729027,https://doi.org/10.1016/j.intermet.2025.108748,Superconductivity in Ba5Ir7Ge4 derived from MgCu2-type Laves phase BaIr2,2025,article,0,47,10,Terunari Koshinuma; Hiroshi Fujihisa; Yoshito Gotoh; Izumi Hase; Kenji Kawashima; Shigeyuki Ishida; Hiroshi Eisaki; Hiraku Ogino; Taichiro Nishio; Akira Iyo,https://openalex.org/A5031513611; https://openalex.org/A5023670460; https://openalex.org/A5023053089; https://openalex.org/A5046301277; https://openalex.org/A5034848112; https://openalex.org/A5038845117; https://openalex.org/A5084639900; https://openalex.org/A5074149430; https://openalex.org/A5086313276; https://openalex.org/A5005515931,Tokyo University of Science; National Institute of Advanced Industrial Science and Technology; Aisin (Japan),JP,3,Rare-earth and actinide compounds,Condensed Matter Physics,Physics and Astronomy,Physical Sciences,Intermetallics
https://openalex.org/W4412965160,https://doi.org/10.4131/jshpreview.35.85,High-Pressure Synthesis of Calcium-Free Double-Layered Cuprate Superconductors with Critical Temperature above 100 K,2025,article,0,18,4,Kenji Kawashima; Hiroki Ninomiya; Hiroshi Fujihisa; Akira Iyo,https://openalex.org/A5034848112; https://openalex.org/A5038178293; https://openalex.org/A5023670460; https://openalex.org/A5005515931,Ebara (Japan); National Institute of Advanced Industrial Science and Technology,JP,4,Physics of Superconductivity and Magnetism,Condensed Matter Physics,Physics and Astronomy,Physical Sciences,The Review of High Pressure Science and Technology
https://openalex.org/W4409423374,https://doi.org/10.1088/1361-6668/adcc63,Rapid and scalable synthesis of alkali metal-intercalated C<sub>60</sub> superconductors,2025,article,1,40,7,Akira Iyo; Hiroshi Fujihisa; Yoshito Gotoh; Shigeyuki Ishida; Hiroshi Eisaki; Hiraku Ogino; Kenji Kawashima,https://openalex.org/A5005515931; https://openalex.org/A5023670460; https://openalex.org/A5023053089; https://openalex.org/A5038845117; https://openalex.org/A5084639900; https://openalex.org/A5074149430; https://openalex.org/A5034848112,National Institute of Advanced Industrial Science and Technology,JP,1,Fullerene Chemistry and Applications,Organic Chemistry,Chemistry,Physical Sciences,Superconductor Science and Technology
https://openalex.org/W4410851824,https://doi.org/10.1103/3w8q-c26h,"Superconductivity of <mml:math xmlns:mml=""http://www.w3.org/1998/Math/MathML""> <mml:mrow> <mml:msub> <mml:mi>Sc</mml:mi> <mml:mn>20</mml:mn> </mml:msub> <mml:msub> <mml:mi>BC</mml:mi> <mml:mn>27</mml:mn> </mml:msub> </mml:mrow> </mml:math> at ambient and under applied pressure conditions",2025,article,0,23,7,G. Lamura; Hiroki Ninomiya; R. Khasanov; Kenji Kawashima; Nao Takeshita; Hiraku Ogino; T. Shiroka,; https://openalex.org/A5038178293; https://openalex.org/A5007626141; https://openalex.org/A5034848112; https://openalex.org/A5086774785; https://openalex.org/A5074149430; https://openalex.org/A5062901044,Superconducting and other Innovative Materials and Devices Institute; National Institute of Advanced Industrial Science and Technology; Paul Scherrer Institute; Aisin (Japan); IMRA Europe; ETH Zurich,IT; JP; CH; FR,6,Rare-earth and actinide compounds,Condensed Matter Physics,Physics and Astronomy,Physical Sciences,Physical review. B./Physical review. B
https://openalex.org/W4410798893,https://doi.org/10.1016/j.mssp.2025.109712,Modifying interface properties for advanced self-powered refractory NIR plasmonic photodetection and broadband spectroscopy,2025,article,4,84,5,Eslam Abubakr; Ashenafi Abadi; Shiro Saito; Hironori Suzuki; Tetsuo Kan,https://openalex.org/A5073915980; https://openalex.org/A5075742191; https://openalex.org/A5010540638; https://openalex.org/A5011775907; https://openalex.org/A5027860321,University of Electro-Communications; Aswan University,JP; EG,5,Nanowire Synthesis and Applications,Biomedical Engineering,Engineering,Physical Sciences,Materials Science in Semiconductor Processing
https://openalex.org/W4413134122,https://doi.org/10.3390/c11030059,"In Silico Exfoliation of ReaxFF Graphite—Temperature, Speed, Angle Dependence, and the Effect of Gold Overlayer",2025,article,0,58,6,Teruki Ando; Seiya Yokokura; Hiroki Waizumi; H. Suzuki; Kenji Kawashima; Toshihiro Shimada,https://openalex.org/A5060067776; https://openalex.org/A5050197725; https://openalex.org/A5040479481; https://openalex.org/A5088405554; https://openalex.org/A5084289055; https://openalex.org/A5108122701,Hokkaido University,JP,1,Graphene research and applications,Materials Chemistry,Materials Science,Physical Sciences,C – Journal of Carbon Research
https://openalex.org/W4414176555,https://doi.org/10.1557/s43579-025-00812-y,Advanced self-powered NIR plasmonic photodetection and photoelectron spectroscopy,2025,article,1,26,4,Eslam Abubakr; Shiro Saito; Hironori Suzuki; Tetsuo Kan,https://openalex.org/A5073915980; https://openalex.org/A5010540638; https://openalex.org/A5011775907; https://openalex.org/A5027860321,University of Electro-Communications; Aswan University,JP; EG,2,Plasmonic and Surface Plasmon Research,Biomedical Engineering,Engineering,Physical Sciences,MRS Communications
https://openalex.org/W4392644777,https://doi.org/10.1016/j.optmat.2024.115175,Optimizing geometry and metal-dependent performance of Si-based Schottky plasmonic photodetectors,2024,article,22,69,5,Eslam Abubakr; Ashenafi Abadi; Masaaki Oshita; Shiro Saito; Tetsuo Kan,https://openalex.org/A5073915980; https://openalex.org/A5075742191; https://openalex.org/A5039299152; https://openalex.org/A5010540638; https://openalex.org/A5027860321,University of Electro-Communications; Aswan University,JP; EG,2,Plasmonic and Surface Plasmon Research,Biomedical Engineering,Engineering,Physical Sciences,Optical Materials
https://openalex.org/W4389886486,https://doi.org/10.35848/1347-4065/ad1699,Near-infrared gas spectroscopy based on plasmonic photodetector applied for multiple gas species,2023,article,2,35,5,Utana Yamaoka; Yuuki Kaneda; Masaaki Oshita; Shiro Saito; Tetsuo Kan,https://openalex.org/A5061469813; https://openalex.org/A5111290186; https://openalex.org/A5039299152; https://openalex.org/A5010540638; https://openalex.org/A5027860321,University of Electro-Communications,JP,5,Spectroscopy and Laser Applications,Spectroscopy,Chemistry,Physical Sciences,Japanese Journal of Applied Physics
https://openalex.org/W4386003140,https://doi.org/10.1016/j.carbon.2023.118381,Na-catalyzed rapid synthesis and characterization of intercalated graphite CaC6,2023,article,12,32,7,Akira Iyo; Hiroshi Fujihisa; Yoshito Gotoh; Shigeyuki Ishida; Hiroshi Eisaki; Hiraku Ogino; Kenji Kawashima,https://openalex.org/A5005515931; https://openalex.org/A5023670460; https://openalex.org/A5023053089; https://openalex.org/A5038845117; https://openalex.org/A5084639900; https://openalex.org/A5074149430; https://openalex.org/A5034848112,National Institute of Advanced Industrial Science and Technology,JP,1,Advancements in Battery Materials,Electrical and Electronic Engineering,Engineering,Physical Sciences,Carbon
https://openalex.org/W4360619556,https://doi.org/10.1038/s41598-023-31917-w,Flat band ferromagnetism in Pb$$_2$$Sb$$_2$$O$$_7$$ via a self-doped mechanism,2023,article,8,65,4,Izumi Hase; Yoichi Higashi; Hiroshi Eisaki; Kenji Kawashima,https://openalex.org/A5046301277; https://openalex.org/A5080997642; https://openalex.org/A5084639900; https://openalex.org/A5034848112,National Institute of Advanced Industrial Science and Technology; Asahi Breweries (Japan),JP,2,Advanced Condensed Matter Physics,Condensed Matter Physics,Physics and Astronomy,Physical Sciences,Scientific Reports
https://openalex.org/W4315705585,https://doi.org/10.1103/physrevb.107.045116,"Electronic structure and anharmonic phonon mode in <mml:math xmlns:mml=""http://www.w3.org/1998/Math/MathML""><mml:msub><mml:mi mathvariant=""normal"">BaIr</mml:mi><mml:mn>2</mml:mn></mml:msub><mml:msub><mml:mi mathvariant=""normal"">Ge</mml:mi><mml:mn>7</mml:mn></mml:msub></mml:math> with two-dimensional Ba-Ge networks studied by photoemission spectroscopy",2023,article,1,38,13,Tatsuhiro Ishida; Daiki Ootsuki; Shigeyuki Ishida; Miho Kitamura; Koji Horiba; Yasumasa Takagi; Akira Yasui; Eiji Ikenaga; Kenji Kawashima; Yousuke Yanagi; Akira Iyo; Hiroshi Eisaki; T. Yoshida,https://openalex.org/A5108923307; https://openalex.org/A5004725045; https://openalex.org/A5038845117; https://openalex.org/A5046679322; https://openalex.org/A5043637503; https://openalex.org/A5048108247; https://openalex.org/A5028067856; https://openalex.org/A5108194773; https://openalex.org/A5034848112; https://openalex.org/A5112352580; https://openalex.org/A5005515931; https://openalex.org/A5084639900; https://openalex.org/A5084297564,Kyoto University; National Institute of Advanced Industrial Science and Technology; High Energy Accelerator Research Organization; SPring-8; Japan Synchrotron Radiation Research Institute,JP,5,Iron-based superconductors research,"Electronic, Optical and Magnetic Materials",Materials Science,Physical Sciences,Physical review. B./Physical review. B
https://openalex.org/W4320476346,https://doi.org/10.1109/tasc.2023.3238293,Development of 50-kW-Class High-Temperature Superconducting Induction/Synchronous Motor With Continuous Drive Characteristics from Room Temperature,2023,article,14,16,6,Taketsune Nakamura; Masaaki Yoshikawa; Toshihisa Terazawa; Kenjiro Matsuki; Yunfei Gao; T. Kiss,https://openalex.org/A5055639797; https://openalex.org/A5075464329; https://openalex.org/A5017038036; https://openalex.org/A5032716963; https://openalex.org/A5084088491; https://openalex.org/A5054878011,Kyoto University; Aisin (Japan); Kyushu University,JP,3,Electric Motor Design and Analysis,Electrical and Electronic Engineering,Engineering,Physical Sciences,IEEE Transactions on Applied Superconductivity
https://openalex.org/W4320018383,https://doi.org/10.1109/tasc.2023.3244118,Noncontact Evaluation of HTS Cylinder for Compact Cryogen-Free NMR,2023,article,1,8,6,J. Ogawa; Satoshi Fukui; Tomohiro Nabeya; Kazuhiko Toshima; Yousuke Yanagi; Kenji Kawashima,https://openalex.org/A5080017747; https://openalex.org/A5006766014; https://openalex.org/A5098620711; https://openalex.org/A5098136440; https://openalex.org/A5112352580; https://openalex.org/A5034848112,Niigata University,JP,6,Physics of Superconductivity and Magnetism,Condensed Matter Physics,Physics and Astronomy,Physical Sciences,IEEE Transactions on Applied Superconductivity
https://openalex.org/W4323667716,https://doi.org/10.1038/s41378-023-00504-4,Electromechanically reconfigurable plasmonic photodetector with a distinct shift in resonant wavelength,2023,article,21,34,3,Masaaki Oshita; Shiro Saito; Tetsuo Kan,https://openalex.org/A5039299152; https://openalex.org/A5010540638; https://openalex.org/A5027860321,University of Electro-Communications; Aichi University of Education,JP,2,Plasmonic and Surface Plasmon Research,Biomedical Engineering,Engineering,Physical Sciences,Microsystems & Nanoengineering
https://openalex.org/W4283369536,https://doi.org/10.1016/j.intermet.2022.107643,High-pressure synthesis and superconductivity of the novel laves phase BaIr2,2022,article,10,46,11,Terunari Koshinuma; Hiroki Ninomiya; Izumi Hase; Hiroshi Fujihisa; Yoshito Gotoh; Kenji Kawashima; Shigeyuki Ishida; Yoshiyuki Yoshida; Hiroshi Eisaki; Taichiro Nishio; Akira Iyo,https://openalex.org/A5031513611; https://openalex.org/A5038178293; https://openalex.org/A5046301277; https://openalex.org/A5023670460; https://openalex.org/A5023053089; https://openalex.org/A5034848112; https://openalex.org/A5038845117; https://openalex.org/A5048844435; https://openalex.org/A5084639900; https://openalex.org/A5086313276; https://openalex.org/A5005515931,Tokyo University of Science; National Institute of Advanced Industrial Science and Technology,JP,2,Rare-earth and actinide compounds,Condensed Matter Physics,Physics and Astronomy,Physical Sciences,Intermetallics
https://openalex.org/W4288038407,https://doi.org/10.1021/acs.inorgchem.2c00960,Hidden Structural and Superconducting Phase Induced in Antiperovskite Arsenide SrPd<sub>3</sub>As,2022,article,5,21,8,Akira Iyo; Hiroshi Fujihisa; Yoshito Gotoh; Shigeyuki Ishida; Hiroki Ninomiya; Yoshiyuki Yoshida; Hiroshi Eisaki; Kenji Kawashima,https://openalex.org/A5005515931; https://openalex.org/A5023670460; https://openalex.org/A5023053089; https://openalex.org/A5038845117; https://openalex.org/A5038178293; https://openalex.org/A5048844435; https://openalex.org/A5084639900; https://openalex.org/A5034848112,National Institute of Advanced Industrial Science and Technology,JP,1,Iron-based superconductors research,"Electronic, Optical and Magnetic Materials",Materials Science,Physical Sciences,Inorganic Chemistry
https://openalex.org/W3197425957,https://doi.org/10.1073/pnas.2101101118,Superconductivity-driven ferromagnetism and spin manipulation using vortices in the magnetic superconductor EuRbFe <sub>4</sub> As <sub>4</sub>,2021,article,18,46,11,Shigeyuki Ishida; Daniel Kagerbauer; Sigrid Holleis; Kazuki Iida; Koji Munakata; Akiko Nakao; Akira Iyo; Hiraku Ogino; Kenji Kawashima; M. Eisterer; Hiroshi Eisaki,https://openalex.org/A5038845117; https://openalex.org/A5043035236; https://openalex.org/A5010904434; https://openalex.org/A5062414117; https://openalex.org/A5020764063; https://openalex.org/A5109142097; https://openalex.org/A5005515931; https://openalex.org/A5074149430; https://openalex.org/A5034848112; https://openalex.org/A5079121500; https://openalex.org/A5084639900,National Institute of Advanced Industrial Science and Technology; TU Wien; Comprehensive Research Organization for Science and Society,JP; AT,3,Iron-based superconductors research,"Electronic, Optical and Magnetic Materials",Materials Science,Physical Sciences,Proceedings of the National Academy of Sciences
https://openalex.org/W3193809359,https://doi.org/10.1039/d1cp02613e,Intrinsic defect structures of polycrystalline CaKFe <sub>4</sub> As <sub>4</sub> superconductors,2021,article,13,34,12,S. Pavan Kumar Naik; Shigeyuki Ishida; Koji Kimoto; Keiichi Yanagisawa; Yoshihisa Kamiya; Y. Tsuchiya; Kenji Kawashima; Yoshiyuki Yoshida; Akira Iyo; Hiroshi Eisaki; Taichiro Nishio; Hiraku Ogino,https://openalex.org/A5018207811; https://openalex.org/A5038845117; https://openalex.org/A5013335201; https://openalex.org/A5112322546; https://openalex.org/A5108260361; https://openalex.org/A5102767607; https://openalex.org/A5034848112; https://openalex.org/A5048844435; https://openalex.org/A5005515931; https://openalex.org/A5084639900; https://openalex.org/A5086313276; https://openalex.org/A5074149430,Tokyo University of Science; National Institute of Advanced Industrial Science and Technology; National Institute for Materials Science,JP,3,Iron-based superconductors research,"Electronic, Optical and Magnetic Materials",Materials Science,Physical Sciences,Physical Chemistry Chemical Physics
https://openalex.org/W3212287534,https://doi.org/10.1021/acs.inorgchem.1c02604,Antiperovskite Superconductor LaPd<sub>3</sub>P with Noncentrosymmetric Cubic Structure,2021,article,11,31,11,Akira Iyo; Izumi Hase; Hiroshi Fujihisa; Yoshito Gotoh; Shigeyuki Ishida; Hiroki Ninomiya; Yoshiyuki Yoshida; Hiroshi Eisaki; Hishiro T. Hirose; Taichi Terashima; Kenji Kawashima,https://openalex.org/A5005515931; https://openalex.org/A5046301277; https://openalex.org/A5023670460; https://openalex.org/A5023053089; https://openalex.org/A5038845117; https://openalex.org/A5038178293; https://openalex.org/A5048844435; https://openalex.org/A5084639900; https://openalex.org/A5042916499; https://openalex.org/A5074765603; https://openalex.org/A5034848112,National Institute of Advanced Industrial Science and Technology; National Institute for Materials Science,JP,2,Thermal Expansion and Ionic Conductivity,Materials Chemistry,Materials Science,Physical Sciences,Inorganic Chemistry
https://openalex.org/W4200422723,https://doi.org/10.1021/acs.chemmater.1c03343,Posttreatment Effects on the Crystal Structure and Superconductivity of Ca-Free Double-Layered Cuprate Sr<sub>2</sub>SrCu<sub>2</sub>O<sub>4+<i>y</i></sub>F<sub>2–<i>y</i></sub>,2021,article,3,28,9,Hiroki Ninomiya; Kenji Kawashima; Hiroshi Fujihisa; Shigeyuki Ishida; Hiraku Ogino; Yoshiyuki Yoshida; Hiroshi Eisaki; Yoshito Gotoh; Akira Iyo,https://openalex.org/A5038178293; https://openalex.org/A5034848112; https://openalex.org/A5023670460; https://openalex.org/A5038845117; https://openalex.org/A5074149430; https://openalex.org/A5048844435; https://openalex.org/A5084639900; https://openalex.org/A5023053089; https://openalex.org/A5005515931,National Institute of Advanced Industrial Science and Technology,JP,1,Physics of Superconductivity and Magnetism,Condensed Matter Physics,Physics and Astronomy,Physical Sciences,Chemistry of Materials
https://openalex.org/W3155804136,https://doi.org/10.1038/s41467-021-26652-7,A Fabry-Pérot cavity coupled surface plasmon photodiode for electrical biomolecular sensing,2021,article,42,35,8,Giles Allison; Amrita Kumar Sana; Yuta Ogawa; Hidemi Kato; Kosei Ueno; Hiroaki Misawa; Koki Hayashi; H. Suzuki,https://openalex.org/A5082381861; https://openalex.org/A5078989217; https://openalex.org/A5102382583; https://openalex.org/A5053794201; https://openalex.org/A5007232529; https://openalex.org/A5068783320; https://openalex.org/A5004431042; https://openalex.org/A5088405554,Aisin (Japan); Hokkaido University; National Yang Ming Chiao Tung University,JP; TW,3,Plasmonic and Surface Plasmon Research,Biomedical Engineering,Engineering,Physical Sciences,Nature Communications
https://openalex.org/W34653674,https://doi.org/10.1016/j.bbrc.2021.10.018,中空ボールの平面への垂直衝突(ゴルフ(2)),2004,article,0,0,1,善久 本田,https://openalex.org/A5052328063,,,1,Epigenetics and DNA Methylation,Molecular Biology,"Biochemistry, Genetics and Molecular Biology",Life Sciences,ジョイント・シンポジウム講演論文集 : スポーツ工学シンポジウム : シンポジウム:ヒューマン・ダイナミックス : symposium on sports engineering : symposium on human dynamics
https://openalex.org/W3134665544,https://doi.org/10.1016/j.sna.2021.112655,Local reaction fields on a CMOS sensor array utilizing a magneto-Archimedes levitation–based magnetic particle-arrangement method,2021,article,2,62,3,Eizo Ushijima; Satoshi Fujimoto; Kazuo Nakazato,https://openalex.org/A5059823800; https://openalex.org/A5087400950; https://openalex.org/A5113597559,Aisin (Japan); Nagoya University,JP,2,Microfluidic and Bio-sensing Technologies,Biomedical Engineering,Engineering,Physical Sciences,Sensors and Actuators A Physical
https://openalex.org/W3139329743,https://doi.org/10.1002/ggn2.10040,A CRISPR/Cas9‐based method for targeted DNA methylation enables cancer initiation in B lymphocytes,2021,article,11,55,4,Shota Katayama; Koichi Shiraishi; Naoki Gorai; Masao Andou,https://openalex.org/A5101433217; https://openalex.org/A5112548163; https://openalex.org/A5032508803; https://openalex.org/A5041133987,Sapporo Holdings (Japan); Aisin (Japan),JP,2,CRISPR and Genetic Engineering,Molecular Biology,"Biochemistry, Genetics and Molecular Biology",Life Sciences,Advanced Genetics
https://openalex.org/W3166887568,https://doi.org/10.1016/j.jallcom.2021.160733,"Superconductivity of centrosymmetric and non-centrosymmetric phases in antiperovskite (Ca,Sr)Pd3P",2021,article,6,37,12,Akira Iyo; Izumi Hase; Hiroshi Fujihisa; Yoshito Gotoh; Nao Takeshita; Shigeyuki Ishida; Hiroki Ninomiya; Yoshiyuki Yoshida; Hiroshi Eisaki; Hishiro T. Hirose; Taichi Terashima; Kenji Kawashima,https://openalex.org/A5005515931; https://openalex.org/A5046301277; https://openalex.org/A5023670460; https://openalex.org/A5023053089; https://openalex.org/A5086774785; https://openalex.org/A5038845117; https://openalex.org/A5038178293; https://openalex.org/A5048844435; https://openalex.org/A5084639900; https://openalex.org/A5042916499; https://openalex.org/A5074765603; https://openalex.org/A5034848112,National Institute of Advanced Industrial Science and Technology; National Institute for Materials Science,JP,2,Thermal Expansion and Ionic Conductivity,Materials Chemistry,Materials Science,Physical Sciences,Journal of Alloys and Compounds
https://openalex.org/W3126686073,https://doi.org/10.1038/s43246-020-00116-9,Calcium-free double-layered cuprate superconductors with critical temperature above 100 K,2021,article,9,46,9,Hiroki Ninomiya; Kenji Kawashima; Akira Iyo; Hiroshi Fujihisa; Shigeyuki Ishida; Hiraku Ogino; Yoshiyuki Yoshida; Yoshito Gotoh; Hiroshi Eisaki,https://openalex.org/A5038178293; https://openalex.org/A5034848112; https://openalex.org/A5005515931; https://openalex.org/A5023670460; https://openalex.org/A5038845117; https://openalex.org/A5074149430; https://openalex.org/A5048844435; https://openalex.org/A5023053089; https://openalex.org/A5084639900,National Institute of Advanced Industrial Science and Technology; Asahi Breweries (Japan); Aisin (Japan),JP,3,Physics of Superconductivity and Magnetism,Condensed Matter Physics,Physics and Astronomy,Physical Sciences,Communications Materials
https://openalex.org/W3081863494,https://doi.org/10.1021/acs.inorgchem.0c02090,Experimental and Computational Determination of Optimal Boron Content in Layered Superconductor Sc<sub>20</sub>C<sub>8–<i>x</i></sub>B<sub><i>x</i></sub>C<sub>20</sub>,2020,article,2,22,12,Hiroki Ninomiya; Terunari Koshinuma; Taichiro Nishio; Hiroshi Fujihisa; Kenji Kawashima; Izumi Hase; Shigeyuki Ishida; Hiraku Ogino; Akira Iyo; Yoshiyuki Yoshida; Yoshito Gotoh; Hiroshi Eisaki,https://openalex.org/A5038178293; https://openalex.org/A5031513611; https://openalex.org/A5086313276; https://openalex.org/A5023670460; https://openalex.org/A5034848112; https://openalex.org/A5046301277; https://openalex.org/A5038845117; https://openalex.org/A5074149430; https://openalex.org/A5005515931; https://openalex.org/A5048844435; https://openalex.org/A5023053089; https://openalex.org/A5084639900,National Institute of Advanced Industrial Science and Technology; Tokyo University of Science,JP,2,Boron and Carbon Nanomaterials Research,Materials Chemistry,Materials Science,Physical Sciences,Inorganic Chemistry
https://openalex.org/W3082783730,https://doi.org/10.1021/acsomega.0c02933,Arranging Diamagnetic Particles in a Modulated Magnetic Field Originating in Microelectromechanical Systems Compatible with an Integrated Circuit upon Halbach Array Magnet,2020,article,3,27,3,Eizo Ushijima; Satoshi Fujimoto; Kazuo Nakazato,https://openalex.org/A5059823800; https://openalex.org/A5087400950; https://openalex.org/A5113597559,Aisin (Japan); Nagoya University,JP,2,Characterization and Applications of Magnetic Nanoparticles,Biomedical Engineering,Engineering,Physical Sciences,ACS Omega
https://openalex.org/W3080715543,https://doi.org/10.1021/acs.inorgchem.0c01482,Structural Phase Transitions and Superconductivity Induced in Antiperovskite Phosphide CaPd<sub>3</sub>P,2020,article,15,23,10,Akira Iyo; Hiroshi Fujihisa; Yoshito Gotoh; Shigeyuki Ishida; Hiroki Ninomiya; Yoshiyuki Yoshida; Hiroshi Eisaki; Hishiro T. Hirose; Taichi Terashima; Kenji Kawashima,https://openalex.org/A5005515931; https://openalex.org/A5023670460; https://openalex.org/A5023053089; https://openalex.org/A5038845117; https://openalex.org/A5038178293; https://openalex.org/A5048844435; https://openalex.org/A5084639900; https://openalex.org/A5042916499; https://openalex.org/A5074765603; https://openalex.org/A5034848112,National Institute of Advanced Industrial Science and Technology; National Institute for Materials Science,JP,2,Thermal Expansion and Ionic Conductivity,Materials Chemistry,Materials Science,Physical Sciences,Inorganic Chemistry
https://openalex.org/W2914551589,https://doi.org/10.1021/acs.jpclett.9b00321,Superconductivity in Uncollapsed Tetragonal LaFe<sub>2</sub>As<sub>2</sub>,2019,article,21,59,8,Akira Iyo; Shigeyuki Ishida; Hiroshi Fujihisa; Yoshito Gotoh; Izumi Hase; Yoshiyuki Yoshida; Hiroshi Eisaki; Kenji Kawashima,https://openalex.org/A5005515931; https://openalex.org/A5038845117; https://openalex.org/A5023670460; https://openalex.org/A5023053089; https://openalex.org/A5046301277; https://openalex.org/A5048844435; https://openalex.org/A5084639900; https://openalex.org/A5034848112,National Institute of Advanced Industrial Science and Technology,JP,1,Iron-based superconductors research,"Electronic, Optical and Magnetic Materials",Materials Science,Physical Sciences,The Journal of Physical Chemistry Letters
https://openalex.org/W2980988643,https://doi.org/10.1103/physrevmaterials.3.124802,"Superconductivity induced by Mg deficiency in noncentrosymmetric phosphide <mml:math xmlns:mml=""http://www.w3.org/1998/Math/MathML""><mml:mrow><mml:msub><mml:mi mathvariant=""normal"">Mg</mml:mi><mml:mn>2</mml:mn></mml:msub><mml:msub><mml:mi mathvariant=""normal"">Rh</mml:mi><mml:mn>3</mml:mn></mml:msub><mml:mi mathvariant=""normal"">P</mml:mi></mml:mrow></mml:math>",2019,article,17,28,10,Akira Iyo; Izumi Hase; Hiroshi Fujihisa; Yoshito Gotoh; Nao Takeshita; Shigeyuki Ishida; Hiroki Ninomiya; Yoshiyuki Yoshida; Hiroshi Eisaki; Kenji Kawashima,; ; ; ; ; ; ; ; ; ,National Institute of Advanced Industrial Science and Technology,JP,1,Rare-earth and actinide compounds,Condensed Matter Physics,Physics and Astronomy,Physical Sciences,Physical Review Materials
https://openalex.org/W2982535948,https://doi.org/10.1021/acs.inorgchem.9b02709,Superconductivity in a Scandium Borocarbide with a Layered Crystal Structure,2019,article,8,46,11,Hiroki Ninomiya; Kunihiko Oka; Izumi Hase; Kenji Kawashima; Hiroshi Fujihisa; Yoshito Gotoh; Shigeyuki Ishida; Hiraku Ogino; Akira Iyo; Yoshiyuki Yoshida; Hiroshi Eisaki,https://openalex.org/A5038178293; https://openalex.org/A5022419084; https://openalex.org/A5046301277; https://openalex.org/A5034848112; https://openalex.org/A5023670460; https://openalex.org/A5023053089; https://openalex.org/A5038845117; https://openalex.org/A5074149430; https://openalex.org/A5005515931; https://openalex.org/A5048844435; https://openalex.org/A5084639900,National Institute of Advanced Industrial Science and Technology,JP,1,Superconductivity in MgB2 and Alloys,Condensed Matter Physics,Physics and Astronomy,Physical Sciences,Inorganic Chemistry
https://openalex.org/W2948147767,https://doi.org/10.1038/s41535-019-0165-0,Unique defect structure and advantageous vortex pinning properties in superconducting CaKFe4As4,2019,article,69,41,13,Shigeyuki Ishida; Akira Iyo; Hiraku Ogino; Hiroshi Eisaki; Nao Takeshita; Kenji Kawashima; Keiichi Yanagisawa; Yuuga Kobayashi; Koji Kimoto; Hideki Abe; Motoharu Imai; Jun-ichi Shimoyama; Michael Eisterer,; ; ; ; ; ; ; ; ; ; ; ; ,National Institute of Advanced Industrial Science and Technology; National Institute for Materials Science; Aoyama Gakuin University; TU Wien,JP; AT,4,Iron-based superconductors research,"Electronic, Optical and Magnetic Materials",Materials Science,Physical Sciences,npj Quantum Materials
https://openalex.org/W2900239400,https://doi.org/10.1038/s41598-018-34265-2,"Superconductivity in a 122-type Fe-based compound (La,Na,K)Fe2As2",2018,article,6,30,8,Kenji Kawashima; Shigeyuki Ishida; Hiroshi Fujihisa; Yoshito Gotoh; Yoshiyuki Yoshida; Hiroshi Eisaki; Hiraku Ogino; Akira Iyo,https://openalex.org/A5034848112; https://openalex.org/A5038845117; https://openalex.org/A5023670460; https://openalex.org/A5023053089; https://openalex.org/A5048844435; https://openalex.org/A5084639900; https://openalex.org/A5074149430; https://openalex.org/A5005515931,Aisin (Japan); National Institute of Advanced Industrial Science and Technology,JP,2,Iron-based superconductors research,"Electronic, Optical and Magnetic Materials",Materials Science,Physical Sciences,Scientific Reports
https://openalex.org/W2883411115,https://doi.org/10.1021/acs.inorgchem.8b01247,"Fe-Based Superconductors of (<i>Ln</i><sub>0.5–<i>x</i></sub>Na<sub>0.5+<i>x</i></sub>)Fe<sub>2</sub>As<sub>2</sub> (<i>Ln</i> = Ce, Pr)",2018,article,4,45,7,Akira Iyo; Kenji Kawashima; Shigeyuki Ishida; Hiroshi Fujihisa; Yoshito Gotoh; Yoshiyuki Yoshida; Hiroshi Eisaki,https://openalex.org/A5005515931; https://openalex.org/A5034848112; https://openalex.org/A5038845117; https://openalex.org/A5023670460; https://openalex.org/A5023053089; https://openalex.org/A5048844435; https://openalex.org/A5084639900,National Institute of Advanced Industrial Science and Technology,JP,1,Iron-based superconductors research,"Electronic, Optical and Magnetic Materials",Materials Science,Physical Sciences,Inorganic Chemistry
https://openalex.org/W2787139622,https://doi.org/10.1021/acs.jpclett.8b00162,"Superconductivity in a New 1144-Type Family of (La,Na)AFe<sub>4</sub>As<sub>4</sub> (A = Rb or Cs)",2018,article,24,34,9,Kenji Kawashima; Shigeyuki Ishida; Hiroshi Fujihisa; Yoshito Gotoh; Kunihiro Kihou; Yoshiyuki Yoshida; Hiroshi Eisaki; Hiraku Ogino; Akira Iyo,https://openalex.org/A5034848112; https://openalex.org/A5038845117; https://openalex.org/A5023670460; https://openalex.org/A5023053089; https://openalex.org/A5041661782; https://openalex.org/A5048844435; https://openalex.org/A5084639900; https://openalex.org/A5074149430; https://openalex.org/A5005515931,National Institute of Advanced Industrial Science and Technology,JP,1,Iron-based superconductors research,"Electronic, Optical and Magnetic Materials",Materials Science,Physical Sciences,The Journal of Physical Chemistry Letters
https://openalex.org/W2727620014,https://doi.org/10.1021/acs.inorgchem.7b01446,Synthesis and Superconductivity of a Strontium Digermanide SrGe<sub>2−δ</sub> with ThSi<sub>2</sub> Structure,2017,article,10,32,11,Akira Iyo; Izumi Hase; Kenji Kawashima; Shigeyuki Ishida; H. Kitô; Nao Takeshita; Kunihiko Oka; Hiroshi Fujihisa; Yoshito Gotoh; Yoshiyuki Yoshida; Hiroshi Eisaki,https://openalex.org/A5005515931; https://openalex.org/A5046301277; https://openalex.org/A5034848112; https://openalex.org/A5038845117; https://openalex.org/A5052627336; https://openalex.org/A5086774785; https://openalex.org/A5022419084; https://openalex.org/A5023670460; https://openalex.org/A5023053089; https://openalex.org/A5048844435; https://openalex.org/A5084639900,National Institute of Advanced Industrial Science and Technology,JP,1,Iron-based superconductors research,"Electronic, Optical and Magnetic Materials",Materials Science,Physical Sciences,Inorganic Chemistry
https://openalex.org/W2760496482,https://doi.org/10.1038/s41467-017-00815-x,Interplay of hot electrons from localized and propagating plasmons,2017,article,79,50,11,Chung Vu Hoang; Koki Hayashi; Yasuo Ito; Naoki Gorai; Giles Allison; Xu Shi; Quan Sun; Zhenzhou Cheng; Kosei Ueno; Keisuke Goda; Hiroaki Misawa,https://openalex.org/A5055473584; https://openalex.org/A5004431042; https://openalex.org/A5108444090; https://openalex.org/A5032899608; https://openalex.org/A5082381861; https://openalex.org/A5061580251; https://openalex.org/A5044634926; https://openalex.org/A5015197997; https://openalex.org/A5007232529; https://openalex.org/A5005862811; https://openalex.org/A5068783320,"Sapporo Science Center; VNU University of Science; Vietnam Academy of Science and Technology; Hokkaido University; The University of Tokyo; University of California, Los Angeles; Hokkaido University of Science; National Yang Ming Chiao Tung University",JP; VN; US; TW,8,Gold and Silver Nanoparticles Synthesis and Applications,"Electronic, Optical and Magnetic Materials",Materials Science,Physical Sciences,Nature Communications
https://openalex.org/W2462662853,https://doi.org/10.1039/c6cp03396b,An efficient perovskite solar cell with symmetrical Zn( <scp>ii</scp> ) phthalocyanine infiltrated buffering porous Al <sub>2</sub> O <sub>3</sub> as the hybrid interfacial hole-transporting layer,2016,article,38,40,11,P. Gao; K. T. Cho; Antonio Abate; Giulia Grancini; P. Y. REDDY; M. Srivasu; Masayoshi Adachi; Atsushi Suzuki; K. Tsuchimoto; Michaël Grätzel; Mohammad Khaja Nazeeruddin,; https://openalex.org/A5089624828; https://openalex.org/A5021979848; https://openalex.org/A5045697365; https://openalex.org/A5111256022; https://openalex.org/A5074190722; https://openalex.org/A5043761931; https://openalex.org/A5034496955; https://openalex.org/A5025597066; https://openalex.org/A5109160404; https://openalex.org/A5088767687,Hôpital de Sion; École Polytechnique Fédérale de Lausanne; Charles Humbert 8; Cosmote (Greece); University of Hyderabad; Cosmos Corporation (United States); Aisin (Japan),CH; GR; IN; US; JP,7,Perovskite Materials and Applications,Electrical and Electronic Engineering,Engineering,Physical Sciences,Physical Chemistry Chemical Physics
https://openalex.org/W2553892836,https://doi.org/10.1021/acs.langmuir.6b03145,Amphiphilic Polymer Mediators Promoting Electron Transfer on Bioanodes with PQQ-Dependent Glucose Dehydrogenase,2016,article,7,45,4,Yasuo Nakashima; Norihiro Mizoshita; Hiromitsu Tanaka; Yuichiro Nakaoki,https://openalex.org/A5066551658; https://openalex.org/A5034771801; https://openalex.org/A5019810533; https://openalex.org/A5018129222,Aisin (Japan); Toyota Central Research and Development Laboratories (Japan),JP,4,Electrochemical sensors and biosensors,Electrical and Electronic Engineering,Engineering,Physical Sciences,Langmuir
https://openalex.org/W2407850561,https://doi.org/10.7566/jpsj.85.064710,Superconductivity in Fe-Based Compound EuAFe<sub>4</sub>As<sub>4</sub> (A = Rb and Cs),2016,article,83,35,10,Kenji Kawashima; Tatsuya Kinjo; Taichiro Nishio; Shigeyuki Ishida; Hiroshi Fujihisa; Yoshito Gotoh; Kunihiro Kihou; Hiroshi Eisaki; Yoshiyuki Yoshida; Akira Iyo,https://openalex.org/A5034848112; https://openalex.org/A5110454505; https://openalex.org/A5086313276; https://openalex.org/A5038845117; https://openalex.org/A5023670460; https://openalex.org/A5023053089; https://openalex.org/A5041661782; https://openalex.org/A5084639900; https://openalex.org/A5048844435; https://openalex.org/A5005515931,National Institute of Advanced Industrial Science and Technology; Tokyo University of Science,JP,2,Iron-based superconductors research,"Electronic, Optical and Magnetic Materials",Materials Science,Physical Sciences,Journal of the Physical Society of Japan
https://openalex.org/W2290799182,https://doi.org/10.1021/jacs.5b12571,"New-Structure-Type Fe-Based Superconductors: Ca<i>A</i>Fe<sub>4</sub>As<sub>4</sub> (<i>A</i> = K, Rb, Cs) and Sr<i>A</i>Fe<sub>4</sub>As<sub>4</sub> (<i>A</i> = Rb, Cs)",2016,article,280,28,10,Akira Iyo; Kenji Kawashima; Tatsuya Kinjo; Taichiro Nishio; Shigeyuki Ishida; Hiroshi Fujihisa; Yoshito Gotoh; Kunihiro Kihou; Hiroshi Eisaki; Yoshiyuki Yoshida,https://openalex.org/A5005515931; https://openalex.org/A5034848112; https://openalex.org/A5110454505; https://openalex.org/A5086313276; https://openalex.org/A5038845117; https://openalex.org/A5023670460; https://openalex.org/A5023053089; https://openalex.org/A5041661782; https://openalex.org/A5084639900; https://openalex.org/A5048844435,National Institute of Advanced Industrial Science and Technology; Tokyo University of Science,JP,2,Iron-based superconductors research,"Electronic, Optical and Magnetic Materials",Materials Science,Physical Sciences,Journal of the American Chemical Society
https://openalex.org/W2051723858,https://doi.org/10.1246/cl.150057,"Electrochemical Activation of a Novel Laccase, MELAC, Isolated from Compost",2015,article,3,13,3,Kazuki Murata; Yasushi Shigemori; Seiya Tsujimura,https://openalex.org/A5102724775; https://openalex.org/A5023099049; https://openalex.org/A5010205649,University of Tsukuba; Aisin (United States); Cosmos Corporation (United States),JP; US,3,Electrochemical sensors and biosensors,Electrical and Electronic Engineering,Engineering,Physical Sciences,Chemistry Letters
https://openalex.org/W2046750153,https://doi.org/10.1371/journal.pone.0114858,Recovery and Separation of Rare Earth Elements Using Salmon Milt,2014,article,46,31,7,Yoshio Takahashi; Kazuhiro Kondo; Asami Miyaji; Yusuke Watanabe; Qiaohui Fan; Tetsuo Honma; Kazuya Tanaka,https://openalex.org/A5005690917; https://openalex.org/A5025881963; https://openalex.org/A5041214908; https://openalex.org/A5028091589; https://openalex.org/A5086955972; https://openalex.org/A5002237078; https://openalex.org/A5109934944,Hiroshima University; Planetary Systems (United States); The University of Tokyo; Aisin (Japan); SPring-8; Japan Synchrotron Radiation Research Institute,JP; US,6,Geochemistry and Elemental Analysis,Geochemistry and Petrology,Earth and Planetary Sciences,Physical Sciences,PLoS ONE
https://openalex.org/W2087759536,https://doi.org/10.1016/j.orgel.2013.04.048,Novel ruthenium sensitizer with multiple butadiene equivalent thienyls as conjugation on ancillary ligand for dye-sensitized solar cells,2013,article,18,41,7,Suresh Thogiti; Ganugula Rajkumar; Surya Prakash Singh; Paidi Yella Reddy; Ashraful Islam; Liyuan Han; Malapaka Chandrasekharam,https://openalex.org/A5072917869; https://openalex.org/A5047366584; https://openalex.org/A5065894578; https://openalex.org/A5110717896; https://openalex.org/A5083961200; https://openalex.org/A5100452573; https://openalex.org/A5101799193,Indian Institute of Chemical Technology; National Institute for Materials Science,IN; JP,2,TiO2 Photocatalysis and Solar Cells,"Renewable Energy, Sustainability and the Environment",Energy,Physical Sciences,Organic Electronics
https://openalex.org/W1975938606,https://doi.org/10.1155/2012/482074,Substitution of Ethynyl-Thiophene Chromophores on Ruthenium Sensitizers: Influence on Thermal and Photovoltaic Performance of Dye-Sensitized Solar Cells,2012,article,2,28,4,Malapaka Chandrasekharam; Ganugula Rajkumar; Suresh Thogiti; Paidi Yella Reddy,https://openalex.org/A5101799193; https://openalex.org/A5047366584; https://openalex.org/A5072917869; https://openalex.org/A5110717896,Indian Institute of Chemical Technology,IN,4,TiO2 Photocatalysis and Solar Cells,"Renewable Energy, Sustainability and the Environment",Energy,Physical Sciences,Advances in OptoElectronics
https://openalex.org/W2099003491,https://doi.org/10.2116/analsci.28.985,Recovery and Separation of Rare Earth Elements Using Columns Loaded with DNA-filter Hybrid,2012,article,22,29,6,Yoshio Takahashi; Kazuhiro Kondo; Asami Miyaji; Miyuki Umeo; Tetsuo Honma; Satoshi Asaoka,https://openalex.org/A5005690917; https://openalex.org/A5025881963; https://openalex.org/A5041214908; https://openalex.org/A5083944143; https://openalex.org/A5002237078; https://openalex.org/A5050623985,Hiroshima University; Planetary Systems (United States); Aisin (Japan); SPring-8; Japan Synchrotron Radiation Research Institute,JP; US,5,Extraction and Separation Processes,Mechanical Engineering,Engineering,Physical Sciences,Analytical Sciences
https://openalex.org/W2072590192,https://doi.org/10.1007/s12039-011-0066-7,High spectral response heteroleptic ruthenium (II) complexes as sensitizers for dye sensitized solar cells,2011,article,29,40,8,Malapaka Chandrasekharam; C SRINIVASARAO; T SURESH; M ANIL REDDY; M. Raghavender; Ganugula Rajkumar; Mareedu Srinivasu; Paidi Yella Reddy,https://openalex.org/A5101799193; https://openalex.org/A5010000802; ; ; https://openalex.org/A5109428816; https://openalex.org/A5047366584; https://openalex.org/A5089019963; https://openalex.org/A5110717896,Indian Institute of Chemical Technology,IN,8,TiO2 Photocatalysis and Solar Cells,"Renewable Energy, Sustainability and the Environment",Energy,Physical Sciences,Journal of Chemical Sciences
https://openalex.org/W2109198249,https://doi.org/10.1016/j.synthmet.2011.03.022,Polypyridyl Ru(II)-sensitizers with extended π-system enhances the performance of dye sensitized solar cells,2011,article,26,28,11,Malapaka Chandrasekharam; Ganugula Rajkumar; Chikkam Srinivasa Rao; Suresh Thogiti; Marri Anil Reddy; Paidi Yella Reddy; Yarasi Soujanya; B. Takeru; Yum Jun-Ho; Mohammad Khaja Nazeeruddin; Michaël Grätzel,https://openalex.org/A5101799193; https://openalex.org/A5047366584; https://openalex.org/A5076137451; https://openalex.org/A5072917869; ; https://openalex.org/A5110717896; https://openalex.org/A5057905338; https://openalex.org/A5091670521; https://openalex.org/A5103540881; https://openalex.org/A5088767687; https://openalex.org/A5109160404,Indian Institute of Chemical Technology; École Polytechnique Fédérale de Lausanne,IN; CH,2,TiO2 Photocatalysis and Solar Cells,"Renewable Energy, Sustainability and the Environment",Energy,Physical Sciences,Synthetic Metals
https://openalex.org/W2134395847,https://doi.org/10.1155/2011/376369,Change of Dye Bath for Sensitisation of Nanocrystalline Films: Enhances Performance of Dye-Sensitized Solar Cells,2011,article,4,30,5,Malapaka Chandrasekharam; Ganugula Rajkumar; Chikkam Srinivasa Rao; Paidi Yella Reddy; M. Lakshmi Kantam,https://openalex.org/A5101799193; https://openalex.org/A5047366584; https://openalex.org/A5076137451; https://openalex.org/A5110717896; https://openalex.org/A5084079228,Indian Institute of Chemical Technology,IN,1,TiO2 Photocatalysis and Solar Cells,"Renewable Energy, Sustainability and the Environment",Energy,Physical Sciences,Advances in OptoElectronics
https://openalex.org/W1969521002,https://doi.org/10.1016/j.synthmet.2011.04.001,Phenothiazine conjugated bipyridine as ancillary ligand in Ru(II)-complexes for application in dye sensitized solar cell,2011,article,27,30,5,Malapaka Chandrasekharam; Ganugula Rajkumar; Chikkam Srinivasa Rao; Suresh Thogiti; Paidi Yella Reddy,https://openalex.org/A5101799193; https://openalex.org/A5047366584; https://openalex.org/A5076137451; https://openalex.org/A5072917869; https://openalex.org/A5110717896,Indian Institute of Chemical Technology,IN,1,TiO2 Photocatalysis and Solar Cells,"Renewable Energy, Sustainability and the Environment",Energy,Physical Sciences,Synthetic Metals
https://openalex.org/W2132560043,https://doi.org/10.1155/2011/963068,Substitution of Carbazole Modified Fluorenes as π-Extension in Ru(II) Complex-Influence on Performance of Dye-Sensitized Solar Cells,2011,article,3,34,8,Malapaka Chandrasekharam; Ganugula Rajkumar; Thogoti Suresh; Chikkam Srinivasa Rao; Paidi Yella Reddy; Jun‐Ho Yum; Mohammad Khaja Nazeeruddin; Michaël Grätzel,https://openalex.org/A5101799193; https://openalex.org/A5047366584; https://openalex.org/A5110233516; https://openalex.org/A5076137451; https://openalex.org/A5110717896; https://openalex.org/A5023745286; https://openalex.org/A5088767687; https://openalex.org/A5109160404,Indian Institute of Chemical Technology; École Polytechnique Fédérale de Lausanne,IN; CH,2,TiO2 Photocatalysis and Solar Cells,"Renewable Energy, Sustainability and the Environment",Energy,Physical Sciences,Advances in OptoElectronics
https://openalex.org/W2027919758,https://doi.org/10.1007/s12039-011-0096-1,Synthesis and photoelectrochemical characterization of a high molar extinction coefficient heteroleptic ruthenium(II) complex,2011,article,24,27,7,Lingamallu Giribabu; Varun Kumar Singh; Mareedu Srinivasu; Ch. Vijay Kumar; V. Gopal Reddy; Y SOUJNYA; Paidi Yella Reddy,https://openalex.org/A5016088115; https://openalex.org/A5067526759; https://openalex.org/A5089019963; https://openalex.org/A5090468198; https://openalex.org/A5113864793; https://openalex.org/A5066685739; https://openalex.org/A5110717896,Indian Institute of Chemical Technology; Cosmos Corporation (United States),IN; US,2,TiO2 Photocatalysis and Solar Cells,"Renewable Energy, Sustainability and the Environment",Energy,Physical Sciences,Journal of Chemical Sciences
https://openalex.org/W2078827253,https://doi.org/10.1155/2011/294353,Organic-Ruthenium(II) Polypyridyl Complex Based Sensitizer for Dye-Sensitized Solar Cell Applications,2011,article,16,33,6,Lingamallu Giribabu; Varun Kumar Singh; Challuri Vijay Kumar; Yarasi Soujanya; Veerannagari Gopal Reddy; Paidi Yella Reddy,https://openalex.org/A5016088115; https://openalex.org/A5067526759; https://openalex.org/A5000692259; https://openalex.org/A5057905338; https://openalex.org/A5070837211; https://openalex.org/A5110717896,Indian Institute of Chemical Technology,IN,1,TiO2 Photocatalysis and Solar Cells,"Renewable Energy, Sustainability and the Environment",Energy,Physical Sciences,Advances in OptoElectronics
https://openalex.org/W2088283543,https://doi.org/10.1016/j.solener.2011.02.027,Triphenylamine–phthalocyanine based sensitizer for sensitization of nanocrystalline TiO2 films,2011,article,36,26,6,Lingamallu Giribabu; Varun Kumar Singh; Ch. Vijay Kumar; Yarasi Soujanya; Paidi Yella Reddy; M. Lakshmi Kantam,https://openalex.org/A5016088115; https://openalex.org/A5067526759; https://openalex.org/A5090468198; https://openalex.org/A5057905338; https://openalex.org/A5110717896; https://openalex.org/A5084079228,Indian Institute of Chemical Technology,IN,1,TiO2 Photocatalysis and Solar Cells,"Renewable Energy, Sustainability and the Environment",Energy,Physical Sciences,Solar Energy
https://openalex.org/W1999608536,https://doi.org/10.1039/c0dt01417f,A new familiy of heteroleptic ruthenium(ii) polypyridyl complexes for sensitization of nanocrystalline TiO2 films,2011,article,44,42,10,Lingamallu Giribabu; Takeru Bessho; Mareedu Srinivasu; Challuri Vijaykumar; Yarasi Soujanya; V. Gopal Reddy; Paidi Yella Reddy; Jun‐Ho Yum; Michaël Grätzel; Mohammad Khaja Nazeeruddin,https://openalex.org/A5016088115; https://openalex.org/A5043593121; https://openalex.org/A5089019963; https://openalex.org/A5071244091; https://openalex.org/A5057905338; https://openalex.org/A5113864793; https://openalex.org/A5110717896; https://openalex.org/A5023745286; https://openalex.org/A5109160404; https://openalex.org/A5088767687,Indian Institute of Chemical Technology; École Polytechnique Fédérale de Lausanne,IN; CH,2,TiO2 Photocatalysis and Solar Cells,"Renewable Energy, Sustainability and the Environment",Energy,Physical Sciences,Dalton Transactions
https://openalex.org/W2167837504,https://doi.org/10.1271/bbb.100026,Enhancement of Thermal Stabilization of Formaldehyde Dehydrogenase from<i>Pseudomonas putida</i>by Directed Evolution,2010,article,5,12,2,Chie Imamura; Yasushi Shigemori,https://openalex.org/A5088045539; https://openalex.org/A5023099049,Toyota Motor Corporation (Switzerland); Toyota Central Research and Development Laboratories (Japan); Aisin (United States); Cosmos Corporation (United States),CH; JP; US,4,Microbial Metabolic Engineering and Bioproduction,Molecular Biology,"Biochemistry, Genetics and Molecular Biology",Life Sciences,Bioscience Biotechnology and Biochemistry
https://openalex.org/W2095437783,https://doi.org/10.1016/j.ab.2009.05.013,Single-stranded DNA binding protein facilitates specific enrichment of circular DNA molecules using rolling circle amplification,2009,article,9,9,3,Tsutomu Mikawa; Jin Inoue; Yasushi Shigemori,https://openalex.org/A5068713356; https://openalex.org/A5051768748; https://openalex.org/A5023099049,RIKEN Advanced Science Institute; Yokohama City University; Aisin (Japan),JP,3,Bacteriophages and microbial interactions,Ecology,Environmental Science,Physical Sciences,Analytical Biochemistry
https://openalex.org/W2026694947,https://doi.org/10.1016/j.pep.2007.09.015,Alkali-tolerant high-activity catalase from a thermophilic bacterium and its overexpression in Escherichia coli,2007,article,15,10,2,Shinji Ebara; Yasushi Shigemori,https://openalex.org/A5006617820; https://openalex.org/A5023099049,Aisin (Japan),JP,1,Enzyme Catalysis and Immobilization,Molecular Biology,"Biochemistry, Genetics and Molecular Biology",Life Sciences,Protein Expression and Purification
https://openalex.org/W2091242066,https://doi.org/10.1016/j.cplett.2008.10.039,New infrared reflection absorption spectroscopy (IRRAS) system for observation of solid–solution interface biomaterials,2008,article,4,37,9,Md. Abu Sayed; Hidetaka Uno; Kensuke Harada; Kéiichi Tanaka; Yong‐Hoon Kim; Yuichiro Nakaoki; Koji Okumura; Ryugo Tero; Tsuneo Urisu,https://openalex.org/A5038585334; https://openalex.org/A5057331168; https://openalex.org/A5101508775; https://openalex.org/A5102863974; https://openalex.org/A5101404638; https://openalex.org/A5018129222; https://openalex.org/A5103557922; https://openalex.org/A5080601257; https://openalex.org/A5108421291,"The Graduate University for Advanced Studies, SOKENDAI; Institute for Molecular Science",JP,9,Polymer Surface Interaction Studies,"Surfaces, Coatings and Films",Materials Science,Physical Sciences,Chemical Physics Letters
https://openalex.org/W2053537346,https://doi.org/10.2174/1874070700701010066,Identification of Strain-Specific Genes in Using a Modified HiCEP Method,2007,article,1,17,4,Yasuo Mitani; Tsuneaki Watanabe; Kazuhiro Kondo; Tomohiro Tamura,https://openalex.org/A5103226345; https://openalex.org/A5111582389; https://openalex.org/A5025881963; https://openalex.org/A5050855780,National Institute of Advanced Industrial Science and Technology; Hokkaido University,JP,4,Genomics and Phylogenetic Studies,Molecular Biology,"Biochemistry, Genetics and Molecular Biology",Life Sciences,The Open Biotechnology Journal
https://openalex.org/W2053222609,https://doi.org/10.1002/anie.200603098,Efficient Sensitization of Nanocrystalline TiO<sub>2</sub> Films by a Near‐IR‐Absorbing Unsymmetrical Zinc Phthalocyanine,2006,article,346,25,11,Paidi Yella Reddy; Lingamallu Giribabu; Christopher Lyness; Henry J. Snaith; Challuri Vijaykumar; Malapaka Chandrasekharam; Mannepalli Lakshmikantam; Jun‐Ho Yum; K. Kalyanasundaram; Michaël Grätzel; Mohammad Khaja Nazeeruddin,https://openalex.org/A5110717896; https://openalex.org/A5016088115; https://openalex.org/A5032936364; https://openalex.org/A5081428881; https://openalex.org/A5071244091; https://openalex.org/A5101799193; https://openalex.org/A5039038116; https://openalex.org/A5023745286; https://openalex.org/A5034590405; https://openalex.org/A5109160404; https://openalex.org/A5088767687,Aisin (Japan); Indian Institute of Chemical Technology; École Polytechnique Fédérale de Lausanne,JP; IN; CH,3,TiO2 Photocatalysis and Solar Cells,"Renewable Energy, Sustainability and the Environment",Energy,Physical Sciences,Angewandte Chemie International Edition
https://openalex.org/W2402011585,https://doi.org/10.3209/saj.20.55,Advances in the Development of Genetic Tools for the Genus Rhodococcus,2006,article,8,71,6,Yasuo Mitani; Nobutaka Nakashima; Khalid Ibrahim Sallam; Tetsutya Toriyabe; Kazuhiro Kondo; Tomohiro Tamura,https://openalex.org/A5103226345; https://openalex.org/A5001521486; https://openalex.org/A5071395447; https://openalex.org/A5053432306; https://openalex.org/A5025881963; https://openalex.org/A5050855780,National Institute of Advanced Industrial Science and Technology; Hokkaido University; Cosmote (Greece); Cosmos Corporation (United States),JP; GR; US,4,Steroid Chemistry and Biochemistry,Molecular Biology,"Biochemistry, Genetics and Molecular Biology",Life Sciences,Actinomycetologica
https://openalex.org/W2004321806,https://doi.org/10.1016/j.jbiotec.2005.11.004,Gene expression analysis using a modified HiCEP method applicable to prokaryotes: A study of the response of Rhodococcus to isoniazid and ethambutol,2005,article,7,39,5,Yasuo Mitani; Katsuhisa Suzuki; Kazuhiro Kondo; Koji Okumura; Tomohiro Tamura,https://openalex.org/A5103226345; https://openalex.org/A5102902679; https://openalex.org/A5025881963; https://openalex.org/A5113500442; https://openalex.org/A5050855780,National Institute of Advanced Industrial Science and Technology; Hokkaido University,JP,2,Bacterial Genetics and Biotechnology,Genetics,"Biochemistry, Genetics and Molecular Biology",Life Sciences,Journal of Biotechnology
https://openalex.org/W2156865345,https://doi.org/10.1093/nar/gkl350,Improvements of rolling circle amplification (RCA) efficiency and accuracy using Thermus thermophilus SSB mutant protein,2006,article,58,22,3,Jin Inoue; Yasushi Shigemori; Tsutomu Mikawa,https://openalex.org/A5051768748; https://openalex.org/A5023099049; https://openalex.org/A5068713356,Kazusa DNA Research Institute; Yokohama City University; Aisin (Japan); SPring-8; RIKEN,JP,5,Bacteriophages and microbial interactions,Ecology,Environmental Science,Physical Sciences,Nucleic Acids Research
https://openalex.org/W2149614387,https://doi.org/10.1142/s1088424606000351,Porphyrin-rhodanine dyads for dye sensitized solar cells,2006,article,63,30,3,Lingamallu Giribabu; Ch. Vijay Kumar; Paidi Yella Reddy,https://openalex.org/A5016088115; https://openalex.org/A5090468198; https://openalex.org/A5110717896,Indian Institute of Chemical Technology,IN,3,TiO2 Photocatalysis and Solar Cells,"Renewable Energy, Sustainability and the Environment",Energy,Physical Sciences,Journal of Porphyrins and Phthalocyanines
https://openalex.org/W2136372718,https://doi.org/10.1093/dnares/dsi022,Stable Triple-Stranded DNA Formation and its Application to the SNP Detection,2006,article,4,21,2,Yasushi Shigemori; M Oishi,https://openalex.org/A5023099049; https://openalex.org/A5110147760,Kazusa DNA Research Institute,JP,1,RNA and protein synthesis mechanisms,Molecular Biology,"Biochemistry, Genetics and Molecular Biology",Life Sciences,DNA Research
https://openalex.org/W2048703965,https://doi.org/10.1093/nar/gni111,Multiplex PCR: use of heat-stable Thermus thermophilus RecA protein to minimize non-specific PCR products,2005,article,56,29,1,Yasushi Shigemori,https://openalex.org/A5023099049,Kazusa DNA Research Institute,JP,1,Molecular Biology Techniques and Applications,Molecular Biology,"Biochemistry, Genetics and Molecular Biology",Life Sciences,Nucleic Acids Research
https://openalex.org/W2027382113,https://doi.org/10.1016/j.ab.2005.03.016,RecA-mediated multistrand formation for cloning PCR products into vectors: Simplified process for 5′-rapid amplification of cDNA ends,2005,article,1,10,1,Yasushi Shigemori,https://openalex.org/A5023099049,Kazusa DNA Research Institute,JP,1,Animal Genetics and Reproduction,Genetics,"Biochemistry, Genetics and Molecular Biology",Life Sciences,Analytical Biochemistry
https://openalex.org/W2064854978,https://doi.org/10.1016/j.ab.2004.10.045,A novel means of asymmetric linker attachment to DNA molecule by RecA-mediated multistranded DNA formation,2004,article,1,5,1,Yasushi Shigemori,https://openalex.org/A5023099049,Kazusa DNA Research Institute,JP,1,DNA and Nucleic Acid Chemistry,Molecular Biology,"Biochemistry, Genetics and Molecular Biology",Life Sciences,Analytical Biochemistry
https://openalex.org/W2106629363,https://doi.org/10.1093/nar/gnh004,Specific cleavage of DNA molecules at RecA-mediated triple-strand structure,2004,article,15,26,1,Yasushi Shigemori,https://openalex.org/A5023099049,Kazusa DNA Research Institute,JP,1,DNA and Nucleic Acid Chemistry,Molecular Biology,"Biochemistry, Genetics and Molecular Biology",Life Sciences,Nucleic Acids Research
https://openalex.org/W2095530163,https://doi.org/10.1101/gr.2789604,Marking of specific sequences in double-stranded DNA molecules—SNP detection and direct observation,2004,preprint,8,14,4,Yasushi Shigemori; Hirotaka Haruta; Takao Okada; Michio Oishi,https://openalex.org/A5023099049; https://openalex.org/A5029622359; https://openalex.org/A5045038157; https://openalex.org/A5110025406,Kazusa DNA Research Institute,JP,1,RNA and protein synthesis mechanisms,Molecular Biology,"Biochemistry, Genetics and Molecular Biology",Life Sciences,Genome Research
https://openalex.org/W7164835530,https://doi.org/10.1364/ol.603468,Low noise resonant amplification by optical injection locking and residual phase noise cancellation,2026,article,0,22,4,Lange Simmons; James greenberg; Brendan Heffernan; Antoine Rolland,https://openalex.org/A5138668222; https://openalex.org/A5138632529; https://openalex.org/A5138679712; https://openalex.org/A5029552254,IMRA Europe,FR,1,Advanced Photonic Communication Systems,Electrical and Electronic Engineering,Engineering,Physical Sciences,Optics Letters
https://openalex.org/W7128159679,https://doi.org/10.1364/oe.585687,"Long-wave mid-infrared cavity-enhanced frequency comb spectroscopy of cold, complex molecules",2026,article,0,49,7,Negar Baradaran; Dominik Charczun; Tanay Nambiar; Meijun Zou; Kevin Lee; Martin Fermann; Marissa L. Weichman,https://openalex.org/A5094001956; https://openalex.org/A5045009320; https://openalex.org/A5125272078; https://openalex.org/A5008837116; https://openalex.org/A5125268757; https://openalex.org/A5125268521; https://openalex.org/A5080837660,Princeton University; Mrag Americas (United States),US,2,Advanced Fiber Laser Technologies,"Atomic and Molecular Physics, and Optics",Physics and Astronomy,Physical Sciences,Optics Express
https://openalex.org/W7123341240,https://doi.org/10.1109/jqe.2026.3652530,Terahertz Amplification by Injection Locking of Waveguide Resonant Tunneling Diode,2026,article,0,32,4,J. M. Greenberg; Brendan M. Heffernan; William F. McGrew; Antoine Rolland,https://openalex.org/A5022404229; https://openalex.org/A5031650150; https://openalex.org/A5029652173; https://openalex.org/A5029552254,Inter-Mountain Laboratories (United States),US,1,Advanced Fiber Laser Technologies,"Atomic and Molecular Physics, and Optics",Physics and Astronomy,Physical Sciences,IEEE Journal of Quantum Electronics
https://openalex.org/W4414256506,https://doi.org/10.1364/oe.569127,Dual-wavelength Brillouin lasers as compact opto-terahertz references for low-noise microwave synthesis,2025,article,3,31,5,Scott C. Egbert; J. M. Greenberg; Brendan M. Heffernan; William C. McGrew; Antoine Rolland,https://openalex.org/A5055036620; https://openalex.org/A5022404229; https://openalex.org/A5031650150; https://openalex.org/A5047430855; https://openalex.org/A5029552254,,,0,Photonic and Optical Devices,Electrical and Electronic Engineering,Engineering,Physical Sciences,Optics Express
https://openalex.org/W4413326909,https://doi.org/10.1364/optica.568460,Fully stabilized Er fiber comb at 1 GHz by harmonic modelocking,2025,article,3,32,5,Kevin Lee; Jacob Lampen; Peng Li; Jie Jiang; M. E. Fermann,https://openalex.org/A5100379925; https://openalex.org/A5066380252; https://openalex.org/A5100432643; https://openalex.org/A5061877876; https://openalex.org/A5087612327,,,0,Advanced Fiber Laser Technologies,"Atomic and Molecular Physics, and Optics",Physics and Astronomy,Physical Sciences,Optica
https://openalex.org/W4412623484,https://doi.org/10.1109/tthz.2025.3592353,Terahertz Molecular Frequency References: Theoretical Analysis of Optimal Instability,2025,article,0,34,5,William F. McGrew; J. M. Greenberg; Keisuke Nose; Brendan M. Heffernan; Antoine Rolland,https://openalex.org/A5029652173; https://openalex.org/A5022404229; https://openalex.org/A5111797901; https://openalex.org/A5031650150; https://openalex.org/A5029552254,SunEdison (United States),US,1,Spectroscopy and Laser Applications,Spectroscopy,Chemistry,Physical Sciences,IEEE Transactions on Terahertz Science and Technology
https://openalex.org/W4408307363,https://doi.org/10.1038/s41467-025-57826-2,Dual wavelength Brillouin laser terahertz source stabilized to carbonyl sulfide rotational transition,2025,article,10,45,5,J. M. Greenberg; Brendan M. Heffernan; William F. McGrew; Keisuke Nose; Antoine Rolland,https://openalex.org/A5022404229; https://openalex.org/A5031650150; https://openalex.org/A5029652173; https://openalex.org/A5111797901; https://openalex.org/A5029552254,SunEdison (United States),US,1,Spectroscopy and Laser Applications,Spectroscopy,Chemistry,Physical Sciences,Nature Communications
https://openalex.org/W4408050483,https://doi.org/10.1016/j.cattod.2025.115254,Pulsed laser ablation-synthesized FePt nanoparticles have enhanced catalytic nitrite reduction activity,2025,article,7,89,9,Kiheon Hong; Welman C. Elias; Kimberly N. Heck; Tanguy Terlier; Dimpel Dimpel; Wei Qian; Bing Liu; T. Kurihara; Michael S. Wong,https://openalex.org/A5001377512; https://openalex.org/A5074773798; https://openalex.org/A5048907756; https://openalex.org/A5007125686; https://openalex.org/A5116461416; https://openalex.org/A5100618195; https://openalex.org/A5100339952; https://openalex.org/A5111373955; https://openalex.org/A5036240168,Rice University; Michigan Medicine,US,2,Ammonia Synthesis and Nitrogen Reduction,Catalysis,Chemical Engineering,Physical Sciences,Catalysis Today
https://openalex.org/W4406602598,https://doi.org/10.1364/optcon.543988,Green picosecond pulse over 10 µJ directly amplified by diode-pumped Pr <sup>3+</sup> :LiYF <sub>4</sub> crystal,2025,article,0,19,2,Hiroyuki Yada; Yuki Ichikawa,https://openalex.org/A5110145683; https://openalex.org/A5105286779,,,0,Laser-Matter Interactions and Applications,"Atomic and Molecular Physics, and Optics",Physics and Astronomy,Physical Sciences,Optics Continuum
https://openalex.org/W4403316693,https://doi.org/10.1016/j.optcom.2024.131197,The impact of femtosecond fiber lasers in technology and science,2024,article,9,121,2,M. E. Fermann; Antoine Rolland,https://openalex.org/A5074361545; https://openalex.org/A5029552254,Toyota Motor Corporation (Switzerland); Michigan Medicine; SunEdison (United States),CH; US,2,Advanced Fiber Laser Technologies,"Atomic and Molecular Physics, and Optics",Physics and Astronomy,Physical Sciences,Optics Communications
https://openalex.org/W4403472971,https://doi.org/10.1364/oe.541513,Green pulse regenerative amplification using a Pr<sup>3+</sup>:LiYF<sub>4</sub> crystal pumped by GaN blue laser diodes,2024,article,2,33,2,Hiroyuki Yada; Yuki Ichikawa,https://openalex.org/A5110145683; https://openalex.org/A5105269804,Mrag Americas (United States),US,1,Solid State Laser Technologies,Electrical and Electronic Engineering,Engineering,Physical Sciences,Optics Express
https://openalex.org/W4402444801,https://doi.org/10.1364/boe.532042,Multimodal photoacoustic microscopy and optical coherence tomography ocular biomarker imaging in Alzheimer's disease in mice,2024,article,5,51,5,Tianqu Zhai; Wei Qian; Yannis M. Paulus; Xueding Wang; Wei Zhang,https://openalex.org/A5045172614; https://openalex.org/A5101781628; https://openalex.org/A5033872198; https://openalex.org/A5101467371; https://openalex.org/A5100441590,University of Michigan; IMRA America (United States); University of Burdwan,US; IN,3,Photoacoustic and Ultrasonic Imaging,Biomedical Engineering,Engineering,Physical Sciences,Biomedical Optics Express
https://openalex.org/W4403071452,https://doi.org/10.1038/s41598-024-73172-7,First fluoride ceramics lasing at 605 nm at ambient temperature fabricated from chemically synthesized powders,2024,article,1,53,3,Yiyu Li; Hiroyuki Yada; Yuki Ichikawa,https://openalex.org/A5048050760; https://openalex.org/A5110145683; https://openalex.org/A5105286779,Michigan Medicine; IMRA Europe,US; FR,2,Solid State Laser Technologies,Electrical and Electronic Engineering,Engineering,Physical Sciences,Scientific Reports
https://openalex.org/W4402521660,https://doi.org/10.1038/s41566-024-01513-z,Brillouin laser-driven terahertz oscillator up to 3 THz with femtosecond-level timing jitter,2024,article,45,47,5,Brendan M. Heffernan; J. M. Greenberg; Takashi Hori; Tatsuya Tanigawa; Antoine Rolland,https://openalex.org/A5031650150; https://openalex.org/A5022404229; https://openalex.org/A5103276290; https://openalex.org/A5112419865; https://openalex.org/A5029552254,SunEdison (United States); Aichi University,US; JP,2,Photonic and Optical Devices,Electrical and Electronic Engineering,Engineering,Physical Sciences,Nature Photonics
https://openalex.org/W4402221022,https://doi.org/10.1038/s41586-024-07839-6,Frequency ratio of the 229mTh nuclear isomeric transition and the 87Sr atomic clock,2024,article,169,69,12,Chuankun Zhang; Tian Ooi; Jacob S. Higgins; Jack F. Doyle; Lars von der Wense; Kjeld Beeks; A. Leitner; Georgy A. Kazakov; Peng Li; P. G. Thirolf; Thorsten Schumm; Jun Ye,https://openalex.org/A5068580937; https://openalex.org/A5090005410; https://openalex.org/A5023351572; https://openalex.org/A5113367047; https://openalex.org/A5080385446; https://openalex.org/A5085792367; https://openalex.org/A5088524419; https://openalex.org/A5004034712; https://openalex.org/A5100432642; https://openalex.org/A5039594338; https://openalex.org/A5001546561; https://openalex.org/A5100382923,Joint Institute for Laboratory Astrophysics; University of Colorado Boulder; University of Colorado System; Johannes Gutenberg University Mainz; TU Wien; Vienna Center for Quantum Science and Technology; École Polytechnique Fédérale de Lausanne; IMRA America (United States); Ludwig-Maximilians-Universität München,US; DE; AT; CH,9,Advanced Frequency and Time Standards,"Atomic and Molecular Physics, and Optics",Physics and Astronomy,Physical Sciences,Nature
https://openalex.org/W4393026435,https://doi.org/10.1103/physreva.109.033521,Supercontinuum neural network and analog computing evaluation,2024,article,8,28,2,Kevin F. Lee; M. E. Fermann,https://openalex.org/A5008440285; https://openalex.org/A5087612327,IMRA America (United States),,1,Neural Networks and Reservoir Computing,Artificial Intelligence,Computer Science,Physical Sciences,Physical Review A
https://openalex.org/W4392544676,https://doi.org/10.1126/science.ado0078,Two rings to rule them all,2024,editorial,0,16,2,Antoine Rolland; Brendan M. Heffernan,https://openalex.org/A5029552254; https://openalex.org/A5031650150,Longmont United Hospital,US,1,Advanced Fiber Laser Technologies,"Atomic and Molecular Physics, and Optics",Physics and Astronomy,Physical Sciences,Science
https://openalex.org/W4390171143,https://doi.org/10.1587/elex.20.20230584,Single-channel 240-Gbit/s sub-THz wireless communications using ultra-low phase noise receiver,2023,article,29,32,6,Keisuke Maekawa; Tomoya Nakashita; Toki Yoshioka; Takashi Hori; Antoine Rolland; Tadao Nagatsuma,https://openalex.org/A5034723443; https://openalex.org/A5047317095; https://openalex.org/A5022079343; https://openalex.org/A5103276290; https://openalex.org/A5029552254; https://openalex.org/A5050793246,The University of Osaka; Institut d'Economie Scientifique Et de Gestion; IMRA America (United States); IMRA Europe,JP; FR,4,Radio Frequency Integrated Circuit Design,Electrical and Electronic Engineering,Engineering,Physical Sciences,IEICE Electronics Express
https://openalex.org/W4390990741,https://doi.org/10.1063/5.0175547,Terahertz microcomb oscillator stabilized by molecular rotation,2024,article,7,54,3,J. M. Greenberg; Brendan M. Heffernan; Antoine Rolland,https://openalex.org/A5022404229; https://openalex.org/A5031650150; https://openalex.org/A5029552254,,,3,Advanced Fiber Laser Technologies,"Atomic and Molecular Physics, and Optics",Physics and Astronomy,Physical Sciences,APL Photonics
https://openalex.org/W4387717705,https://doi.org/10.1109/jphot.2023.3325088,300 GHz Wireless Link Based on Whole Comb Modulation of Integrated Kerr Soliton Combs,2023,article,6,51,2,Tomohiro Tetsumoto; Antoine Rolland,https://openalex.org/A5007500343; https://openalex.org/A5029552254,National Institute of Information and Communications Technology; Technical University of Denmark; IMRA America (United States),JP; DK,3,Photonic and Optical Devices,Electrical and Electronic Engineering,Engineering,Physical Sciences,IEEE photonics journal
https://openalex.org/W4380986089,https://doi.org/10.1063/5.0146957,60 Gbps real-time wireless communications at 300 GHz carrier using a Kerr microcomb-based source,2023,article,25,45,9,Brendan M. Heffernan; Yuma Kawamoto; Keisuke Maekawa; J. M. Greenberg; Rubab Amin; Takashi Hori; Tatsuya Tanigawa; Tadao Nagatsuma; Antoine Rolland,https://openalex.org/A5031650150; https://openalex.org/A5055557348; https://openalex.org/A5034723443; https://openalex.org/A5022404229; https://openalex.org/A5047383444; https://openalex.org/A5103276290; https://openalex.org/A5112419865; https://openalex.org/A5050793246; https://openalex.org/A5029552254,IMRA America (United States); The University of Osaka,JP,2,Advanced Fiber Laser Technologies,"Atomic and Molecular Physics, and Optics",Physics and Astronomy,Physical Sciences,APL Photonics
https://openalex.org/W4379599762,https://doi.org/10.1002/adma.202302069,Renally Clearable Ultraminiature Chain‐Like Gold Nanoparticle Clusters for Multimodal Molecular Imaging of Choroidal Neovascularization,2023,article,42,53,9,Van Phuc Nguyen; Wei Qian; Josh Zhe; Jessica Henry; Mingyang Wang; Bing Liu; Wei Zhang; Xueding Wang; Yannis M. Paulus,https://openalex.org/A5091111182; https://openalex.org/A5101781628; https://openalex.org/A5067055213; https://openalex.org/A5035805172; https://openalex.org/A5100348328; https://openalex.org/A5100339928; https://openalex.org/A5092104162; https://openalex.org/A5101467371; https://openalex.org/A5033872198,University of Michigan; Michigan Medicine; IMRA America (United States),US,3,Retinal and Optic Conditions,Ophthalmology,Medicine,Health Sciences,Advanced Materials
https://openalex.org/W4324131127,https://doi.org/10.1117/12.2659759,Computation using shaped supercontinuum generation within a neural network,2023,conference-paper,1,9,2,Kevin F. Lee; M. E. Fermann,https://openalex.org/A5008440285; https://openalex.org/A5087612327,IMRA America (United States),,1,Neural Networks and Reservoir Computing,Artificial Intelligence,Computer Science,Physical Sciences,
https://openalex.org/W4377082751,https://doi.org/10.1364/ofc.2023.th1i.4,300-GHz-band Wireless Link Using Photonics-based Ultralow-noise Transmitter and Receiver,2023,conference-paper,1,4,11,Keisuke Maekawa; Yuma Kawamoto; Tomoya Nakashita; Toki Yoshioka; Takashi Hori; Brendan M. Heffernan; J. M. Greenberg; Rubab Amin; Tatsuya Tanigawa; Antoine Rolland; Tadao Nagatsuma,https://openalex.org/A5034723443; https://openalex.org/A5055557348; https://openalex.org/A5047317095; https://openalex.org/A5022079343; https://openalex.org/A5103276290; https://openalex.org/A5031650150; https://openalex.org/A5022404229; https://openalex.org/A5047383444; https://openalex.org/A5112419865; https://openalex.org/A5029552254; https://openalex.org/A5050793246,The University of Osaka; IMRA America (United States),JP,2,Photonic and Optical Devices,Electrical and Electronic Engineering,Engineering,Physical Sciences,
https://openalex.org/W4319788841,https://doi.org/10.1364/oe.483277,Compact Yb fiber few-cycle pulse source based on precision pulse compression and shaping with an adaptive fiber Bragg grating,2023,article,6,21,7,Jacob Lampen; Francesco Tani; Peng Li; Kevin F. Lee; Jie Jiang; P. St. J. Russell; M. E. Fermann,https://openalex.org/A5066380252; https://openalex.org/A5008929534; https://openalex.org/A5100432643; https://openalex.org/A5042269432; https://openalex.org/A5035997139; https://openalex.org/A5034442196; https://openalex.org/A5087612327,IMRA America (United States); Max Planck Institute for the Science of Light,DE,2,Advanced Fiber Laser Technologies,"Atomic and Molecular Physics, and Optics",Physics and Astronomy,Physical Sciences,Optics Express
https://openalex.org/W4313402110,https://doi.org/10.3390/ph16010071,Preparation and Evaluation of 64Cu-Radiolabled Dual-Ligand Multifunctional Gold Nanoparticles for Tumor Theragnosis,2023,article,0,44,12,Karim Mhanna; Wei Qian; Ziyun Zhong; Allen F. Brooks; Erika Ouchi; Jenelle Stauff; Janna Arteaga; Maria Papachristou; Ioannis Datseris; Bing Liu; Xia Shao; Peter J. H. Scott,https://openalex.org/A5057660944; https://openalex.org/A5101781628; https://openalex.org/A5101327528; ; https://openalex.org/A5005996876; https://openalex.org/A5013620850; https://openalex.org/A5006763747; https://openalex.org/A5004792562; https://openalex.org/A5045808382; https://openalex.org/A5070851801; https://openalex.org/A5043094673; https://openalex.org/A5032425304,University of Michigan; IMRA America (United States); Nankai University,US; CN,3,Nanoparticle-Based Drug Delivery,Biomaterials,Materials Science,Physical Sciences,Pharmaceuticals
https://openalex.org/W4312191635,https://doi.org/10.1103/physrevapplied.18.064069,Temporal Self-Compression and Self-Frequency Shift of Submicrojoule Pulses at a Repetition Rate of 8 MHz,2022,article,8,40,7,Francesco Tani; Jacob Lampen; Martin Butryn; Michael H. Frosz; Jie Jiang; M. E. Fermann; P. St. J. Russell,https://openalex.org/A5008929534; https://openalex.org/A5066380252; https://openalex.org/A5039942680; https://openalex.org/A5086931576; https://openalex.org/A5035997139; https://openalex.org/A5087612327; https://openalex.org/A5034442196,Max Planck Institute for the Science of Light; IMRA America (United States),DE,7,Advanced Fiber Laser Technologies,"Atomic and Molecular Physics, and Optics",Physics and Astronomy,Physical Sciences,Physical Review Applied
https://openalex.org/W4306861683,https://doi.org/10.3389/fphy.2022.1005074,Precision frequency transfer with fiber frequency combs,2022,article,3,54,5,M. E. Fermann; Kevin F. Lee; Peng Li; Antoine Rolland; Jie Jiang,https://openalex.org/A5087612327; https://openalex.org/A5042269432; https://openalex.org/A5100432643; https://openalex.org/A5029552254; https://openalex.org/A5035997139,IMRA America (United States),,1,Advanced Fiber Laser Technologies,"Atomic and Molecular Physics, and Optics",Physics and Astronomy,Physical Sciences,Frontiers in Physics
https://openalex.org/W4291710943,https://doi.org/10.1016/j.exer.2022.109215,Age differential response to bevacizumab therapy in choroidal neovascularization in rabbits,2022,article,17,50,8,Van Phuc Nguyen; Jessica Henry; Josh Zhe; Quynh Kieu; Wei Qian; Yingbin Fu; Xueding Wang; Yannis M. Paulus,https://openalex.org/A5091111182; https://openalex.org/A5035805172; https://openalex.org/A5067055213; https://openalex.org/A5090863569; https://openalex.org/A5101781628; https://openalex.org/A5028261081; https://openalex.org/A5101467371; https://openalex.org/A5033872198,University of Michigan; Michigan Medicine; Iqra National University; IMRA America (United States); Baylor College of Medicine,US; PK,5,Retinal Diseases and Treatments,Ophthalmology,Medicine,Health Sciences,Experimental Eye Research
https://openalex.org/W4286643433,https://doi.org/10.1364/oe.461440,Coherent frequency transfer with &lt; 5*10<sup>−21</sup> stability via a multi-branch comb with noise cancellation,2022,article,7,20,4,Peng Li; Antoine Rolland; Jie Jiang; M. E. Fermann,https://openalex.org/A5100432643; https://openalex.org/A5029552254; https://openalex.org/A5035997139; https://openalex.org/A5087612327,IMRA America (United States),,4,Advanced Fiber Laser Technologies,"Atomic and Molecular Physics, and Optics",Physics and Astronomy,Physical Sciences,Optics Express
https://openalex.org/W3197436840,https://doi.org/10.3390/s21175883,Direct Comb Vernier Spectroscopy for Fractional Isotopic Ratio Determinations,2021,article,1,48,5,Mario Siciliani de Cumis; R. Eramo; Jie Jiang; M. E. Fermann; Pablo Cancio Pastor,https://openalex.org/A5012029917; https://openalex.org/A5003671784; https://openalex.org/A5043074429; https://openalex.org/A5087612327; https://openalex.org/A5081873405,Agenzia Spaziale Italiana; National Institute of Optics; University of Florence; IMRA America (United States),IT,4,Spectroscopy and Laser Applications,Spectroscopy,Chemistry,Physical Sciences,Sensors
https://openalex.org/W3188421958,https://doi.org/10.1021/acsnano.1c03035,"Long-Term, Noninvasive <i>In Vivo</i> Tracking of Progenitor Cells Using Multimodality Photoacoustic, Optical Coherence Tomography, and Fluorescence Imaging",2021,article,40,37,11,Van Phuc Nguyen; Wen Fan; Tianye Zhu; Wei Qian; Yanxiu Li; Bing Liu; Wei Zhang; Jessica Henry; Songtao Yuan; Xueding Wang; Yannis M. Paulus,https://openalex.org/A5091111182; https://openalex.org/A5101945594; https://openalex.org/A5008172280; https://openalex.org/A5101781628; https://openalex.org/A5101656619; https://openalex.org/A5100339922; https://openalex.org/A5100441590; https://openalex.org/A5035805172; https://openalex.org/A5050474631; https://openalex.org/A5101467371; https://openalex.org/A5033872198,University of Michigan; Jiangsu Province Hospital; Nanjing Medical University; IMRA America (United States),US; CN,4,Photoacoustic and Ultrasonic Imaging,Biomedical Engineering,Engineering,Physical Sciences,ACS Nano
https://openalex.org/W3187090840,https://doi.org/10.1016/bs.mie.2021.06.038,"Functionalized contrast agents for multimodality photoacoustic microscopy, optical coherence tomography, and fluorescence microscopy molecular retinal imaging",2021,book-chapter,15,58,4,Van Phuc Nguyen; Wei Qian; Xueding Wang; Yannis M. Paulus,https://openalex.org/A5091111182; https://openalex.org/A5101781628; https://openalex.org/A5101467371; https://openalex.org/A5033872198,University of Michigan; Trường ĐH Nguyễn Tất Thành; IMRA America (United States); Michigan Medicine,US; VN,4,Photoacoustic and Ultrasonic Imaging,Biomedical Engineering,Engineering,Physical Sciences,Methods in enzymology on CD-ROM/Methods in enzymology
https://openalex.org/W3160050504,https://doi.org/10.1364/optica.427977,Surpassing soliton compression limits in anomalous dispersion high-power erbium fiber comb,2021,article,12,34,6,Kevin F. Lee; Gengji Zhou; Yu Yun; Jie Jiang; Herbert G. Winful; M. E. Fermann,https://openalex.org/A5008440285; https://openalex.org/A5011344068; https://openalex.org/A5109276086; https://openalex.org/A5035997139; https://openalex.org/A5041895354; https://openalex.org/A5087612327,IMRA America (United States); Chinese Academy of Sciences; University of Michigan,CN; US,6,Advanced Fiber Laser Technologies,"Atomic and Molecular Physics, and Optics",Physics and Astronomy,Physical Sciences,Optica
https://openalex.org/W3159267410,https://doi.org/10.1038/s41566-021-00790-2,Optically referenced 300 GHz millimetre-wave oscillator,2021,article,180,65,6,Tomohiro Tetsumoto; Tadao Nagatsuma; M. E. Fermann; Gabrielė Navickaitė; Michael Geiselmann; Antoine Rolland,https://openalex.org/A5007500343; https://openalex.org/A5050793246; https://openalex.org/A5087612327; https://openalex.org/A5067587162; https://openalex.org/A5001522201; https://openalex.org/A5029552254,IMRA America (United States); The University of Osaka,JP,2,Advanced Fiber Laser Technologies,"Atomic and Molecular Physics, and Optics",Physics and Astronomy,Physical Sciences,Nature Photonics
https://openalex.org/W3131225192,https://doi.org/10.1364/osac.422925,Effects of a quiet point on a Kerr microresonator frequency comb,2021,article,14,26,6,Tomohiro Tetsumoto; Jie Jiang; Martin E. Fermann; Gabriele Navickaite; Michael Geiselmann; Antoine Rolland,; ; ; ; ; ,Mrag Americas (United States),US,1,Advanced Fiber Laser Technologies,"Atomic and Molecular Physics, and Optics",Physics and Astronomy,Physical Sciences,OSA Continuum
https://openalex.org/W3143062591,https://doi.org/10.1021/acs.chemmater.1c00336,"Au Nanobead Chains with Tunable Plasmon Resonance and Intense Optical Scattering: Scalable Green Synthesis, Monte Carlo Assembly Kinetics, Discrete Dipole Approximation Modeling, and Nano-Biophotonic Application",2021,article,11,95,11,Alan McLean; Michael Kanetidis; Tarun Gogineni; Rahil Ukani; Ryan McLean; Alexander Cooke; Inbal Avinor; Bing Liu; Panos Argyrakis; Wei Qian; Raoul Kopelman,https://openalex.org/A5065881048; https://openalex.org/A5086360984; https://openalex.org/A5044989236; https://openalex.org/A5049638753; https://openalex.org/A5090806625; https://openalex.org/A5074551244; https://openalex.org/A5076708907; https://openalex.org/A5100339922; https://openalex.org/A5004246635; https://openalex.org/A5101781628; https://openalex.org/A5051837315,University of Michigan; Aristotle University of Thessaloniki; IMRA America (United States),US; GR,11,Gold and Silver Nanoparticles Synthesis and Applications,"Electronic, Optical and Magnetic Materials",Materials Science,Physical Sciences,Chemistry of Materials
https://openalex.org/W3134077180,https://doi.org/10.1117/12.2577649,Megawatt single mode femtosecond erbium fiber laser,2021,conference-paper,2,0,5,Kevin F. Lee; Gengji Zhou; Herbert G. Winful; Jie Jiang; M. E. Fermann,https://openalex.org/A5008440285; https://openalex.org/A5011344068; https://openalex.org/A5041895354; https://openalex.org/A5035997139; https://openalex.org/A5087612327,IMRA America (United States); University of Michigan; Michigan United,US,3,Advanced Fiber Laser Technologies,"Atomic and Molecular Physics, and Optics",Physics and Astronomy,Physical Sciences,
https://openalex.org/W3115891827,https://doi.org/10.35848/1347-4065/abd539,Optimized femtosecond laser patterning of organic light-emitting diode substrates for the extraction of substrate guided modes,2020,article,0,32,4,Savanna Lloyd; Koichi Higashimine; Tatsuya Tanigawa; Hideyuki Murata,https://openalex.org/A5068104251; https://openalex.org/A5080200773; https://openalex.org/A5112419865; https://openalex.org/A5060464308,Japan Advanced Institute of Science and Technology; Murata (Japan),JP,2,Nanofabrication and Lithography Techniques,Biomedical Engineering,Engineering,Physical Sciences,Japanese Journal of Applied Physics
https://openalex.org/W3118676914,https://doi.org/10.1038/s41467-020-20276-z,Chain-like gold nanoparticle clusters for multimodal photoacoustic microscopy and optical coherence tomography enhanced molecular imaging,2021,article,148,41,9,Van Phuc Nguyen; Wei Qian; Yanxiu Li; Bing Liu; Michael Aaberg; Jessica Henry; Wei Zhang; Xueding Wang; Yannis M. Paulus,https://openalex.org/A5091111182; https://openalex.org/A5101781628; https://openalex.org/A5101656619; https://openalex.org/A5100339928; https://openalex.org/A5090600098; https://openalex.org/A5035805172; https://openalex.org/A5100441590; https://openalex.org/A5101467371; https://openalex.org/A5033872198,University of Michigan; Trường ĐH Nguyễn Tất Thành; IMRA America (United States); Michigan Medicine,US; VN,4,Photoacoustic and Ultrasonic Imaging,Biomedical Engineering,Engineering,Physical Sciences,Nature Communications
https://openalex.org/W3110328839,https://doi.org/10.3389/fneur.2020.596632,Etoposide-Bound Magnetic Nanoparticles Designed for Remote Targeting of Cancer Cells Disseminated Within Cerebrospinal Fluid Pathways,2020,article,18,48,11,Herbert H. Engelhard; Alexander Willis; Syed Imtiaz Hussain; Georgia Papavasiliou; David J. Banner; Amanda Kwasnicki; Sajani S. Lakka; Sangyeul Hwang; Tolou Shokuhfar; Sean C. Morris; Bing Liu,https://openalex.org/A5088438549; https://openalex.org/A5024616801; https://openalex.org/A5048693569; https://openalex.org/A5003696033; https://openalex.org/A5034571103; https://openalex.org/A5078938709; https://openalex.org/A5056097889; https://openalex.org/A5104050708; https://openalex.org/A5103160599; https://openalex.org/A5014010050; https://openalex.org/A5070851801,University of Illinois Chicago; Illinois Institute of Technology; IMRA America (United States); Pulse Biosciences (United States),US,4,Nanoparticle-Based Drug Delivery,Biomaterials,Materials Science,Physical Sciences,Frontiers in Neurology
https://openalex.org/W2999387408,https://doi.org/10.1364/ol.383036,"Continuous scanning of a dissipative Kerr-microresonator soliton comb for broadband, high-resolution spectroscopy",2020,article,32,29,5,Naoya Kuse; Tomohiro Tetsumoto; Gabrielė Navickaitė; Michael Geiselmann; M. E. Fermann,https://openalex.org/A5031469051; https://openalex.org/A5007500343; https://openalex.org/A5067587162; https://openalex.org/A5001522201; https://openalex.org/A5087612327,IMRA America (United States); École Polytechnique Fédérale de Lausanne,CH,2,Advanced Fiber Laser Technologies,"Atomic and Molecular Physics, and Optics",Physics and Astronomy,Physical Sciences,Optics Letters
https://openalex.org/W3037085313,https://doi.org/10.1016/j.bbrc.2020.05.213,High-peak-power 918-nm laser light source based two-photon spinning-disk microscopy for green fluorophores,2020,article,15,22,6,Kohei Otomo; Ai Goto; Yumi Yamanaka; Takashi Hori; Hiroshi Nakayama; Tomomi Nemoto,https://openalex.org/A5030931245; https://openalex.org/A5050463641; https://openalex.org/A5051423766; https://openalex.org/A5103276290; https://openalex.org/A5079654577; https://openalex.org/A5055208450,"National Institutes of Natural Sciences; The Graduate University for Advanced Studies, SOKENDAI; Hokkaido University; National Institute for Physiological Sciences; IMRA America (United States); Yokogawa Electric (Japan)",JP,6,Advanced Fluorescence Microscopy Techniques,Biophysics,"Biochemistry, Genetics and Molecular Biology",Life Sciences,Biochemical and Biophysical Research Communications
https://openalex.org/W3038269138,https://doi.org/10.1364/ol.398345,300 GHz wave generation based on a Kerr microresonator frequency comb stabilized to a low noise microwave reference,2020,article,38,36,6,Tomohiro Tetsumoto; Fumiya Ayano; Mark Yeo; Julian Webber; Tadao Nagatsuma; Antoine Rolland,https://openalex.org/A5007500343; https://openalex.org/A5021575865; https://openalex.org/A5015759019; https://openalex.org/A5088969893; https://openalex.org/A5050793246; https://openalex.org/A5029552254,IMRA America (United States); The University of Osaka,JP,2,Advanced Fiber Laser Technologies,"Atomic and Molecular Physics, and Optics",Physics and Astronomy,Physical Sciences,Optics Letters
https://openalex.org/W3026658737,https://doi.org/10.1364/ol.392578,In-system optimization of a hologram for high-stability parallel laser processing,2020,article,34,29,5,Honghao Zhang; Satoshi Hasegawa; Hidetomo Takahashi; Haruyoshi Toyoda; Yoshio Hayasaki,; https://openalex.org/A5101488474; https://openalex.org/A5102292947; https://openalex.org/A5002935595; https://openalex.org/A5061203003,Utsunomiya University; IMRA America (United States); Hamamatsu Photonics (Japan),JP,3,Orbital Angular Momentum in Optics,"Atomic and Molecular Physics, and Optics",Physics and Astronomy,Physical Sciences,Optics Letters
https://openalex.org/W2974284352,https://doi.org/10.1063/1.5120321,Frequency-modulated comb LIDAR,2019,article,0,32,2,Naoya Kuse; M. E. Fermann,https://openalex.org/A5031469051; https://openalex.org/A5087612327,IMRA America (United States); Tokushima University,JP,2,Advanced Optical Sensing Technologies,Instrumentation,Physics and Astronomy,Physical Sciences,APL Photonics
https://openalex.org/W4245135841,https://doi.org/10.23919/eumc.2019.8910724,300-GHz-band wireless communication using a low phase noise photonic source,2019,conference-paper,2,13,9,Li Yi; Kenta Iwamoto; Takumi Yamamoto; Fumiya Ayano; Yihan Li; Antoine Rolland; Naoya Kuse; M. E. Fermann; Tadao Nagatsuma,https://openalex.org/A5012873783; https://openalex.org/A5072630553; https://openalex.org/A5101761155; https://openalex.org/A5021575865; https://openalex.org/A5100721138; https://openalex.org/A5029552254; https://openalex.org/A5031469051; https://openalex.org/A5087612327; https://openalex.org/A5050793246,The University of Osaka; Beihang University; IMRA America (United States),JP; CN,3,Photonic and Optical Devices,Electrical and Electronic Engineering,Engineering,Physical Sciences,
https://openalex.org/W2011516454,https://doi.org/10.1038/nature10711,Direct frequency comb spectroscopy in the extreme ultraviolet,2012,article,478,41,7,A. Cingöz; D. C. Yost; Thomas K. Allison; Axel Ruehl; M. E. Fermann; Ingmar Hartl; Jun Ye,https://openalex.org/A5111316497; https://openalex.org/A5030710515; https://openalex.org/A5081649036; https://openalex.org/A5005785268; https://openalex.org/A5087612327; https://openalex.org/A5040247232; https://openalex.org/A5100382923,National Institute of Standards and Technology; Joint Institute for Laboratory Astrophysics; University of Colorado Boulder; IMRA America (United States); Vrije Universiteit Amsterdam,US; NL,5,Laser-Matter Interactions and Applications,"Atomic and Molecular Physics, and Optics",Physics and Astronomy,Physical Sciences,Nature
https://openalex.org/W2320122342,https://doi.org/10.1117/2.1201206.004297,Frequency comb metrology goes extreme UV,2012,article,0,0,8,A. Cingöz; Thomas K. Allison; D. C. Yost; Craig Benko; Jun Ye; Axel Ruehl; M. E. Fermann; Ingmar Hartl,https://openalex.org/A5111316497; https://openalex.org/A5081649036; https://openalex.org/A5030710515; https://openalex.org/A5026034554; https://openalex.org/A5100382931; https://openalex.org/A5005785268; https://openalex.org/A5087612327; https://openalex.org/A5040247232,,,8,Clinical Laboratory Practices and Quality Control,Physiology,Medicine,Health Sciences,SPIE Newsroom
https://openalex.org/W22859093,https://doi.org/10.1364/ol.37.003084,Problemas que plantea la queratoplastia,1946,article,0,0,1,A. Poyales Ureña,https://openalex.org/A5066998065,,,1,Male Reproductive Health Studies,General Health Professions,Health Professions,Health Sciences,"El siglo médico: semana médica española, revista técnica y profesional de ciencias médicas"
https://openalex.org/W1989076549,https://doi.org/10.1364/oe.20.007046,Octave-spanning ultrafast OPO with 26-61µm instantaneous bandwidth pumped by femtosecond Tm-fiber laser,2012,article,298,21,8,N. Leindecker; Alireza Marandi; Robert L. Byer; Konstantin L. Vodopyanov; Jie Jiang; Ingmar Hartl; M. E. Fermann; Peter G. Schunemann,https://openalex.org/A5083279203; https://openalex.org/A5003143232; https://openalex.org/A5084505177; https://openalex.org/A5078802674; https://openalex.org/A5035997139; https://openalex.org/A5040247232; https://openalex.org/A5087612327; https://openalex.org/A5024361780,Stanford University; IMRA America (United States); BAE Systems (Sweden),US; SE,3,Laser-Matter Interactions and Applications,"Atomic and Molecular Physics, and Optics",Physics and Astronomy,Physical Sciences,Optics Express
https://openalex.org/W2075674907,https://doi.org/10.1117/12.906451,Stable gold nanocolloids with controllable surface modification and functionalization,2012,conference-paper,0,0,4,Wei Qian; Makoto Murakami; Yūki Ichikawa; Yong Che,https://openalex.org/A5101781628; https://openalex.org/A5015985558; https://openalex.org/A5067801816; https://openalex.org/A5101707760,IMRA America (United States),,1,Laser-Ablation Synthesis of Nanoparticles,Biomedical Engineering,Engineering,Physical Sciences,"Proceedings of SPIE, the International Society for Optical Engineering/Proceedings of SPIE"
https://openalex.org/W2030401892,https://doi.org/10.1364/ol.37.002928,Widely tunable midinfrared difference frequency generation in orientation-patterned GaAs pumped with a femtosecond Tm-fiber system,2012,article,82,16,12,C. R. Phillips; Jie Jiang; Christian Mohr; Abbey Lin; Carsten Langrock; Michael Snure; D. Bliss; Miao Zhu; Ingmar Hartl; J. S. Harris; M. E. Fermann; M. M. Fejer,https://openalex.org/A5016488794; https://openalex.org/A5035997139; https://openalex.org/A5062267942; https://openalex.org/A5111699405; https://openalex.org/A5072976480; https://openalex.org/A5023949308; https://openalex.org/A5050768557; https://openalex.org/A5080863320; https://openalex.org/A5040247232; https://openalex.org/A5101893887; https://openalex.org/A5087612327; https://openalex.org/A5069035222,Stanford University; IMRA America (United States); Wright-Patterson Air Force Base; Agilent Technologies (United States),US,12,Advanced Fiber Laser Technologies,"Atomic and Molecular Physics, and Optics",Physics and Astronomy,Physical Sciences,Optics Letters
https://openalex.org/W1989335707,https://doi.org/10.1117/12.878831,Advanced specialty fiber designs for fiber lasers,2011,conference-paper,1,0,7,Liang Dong; H. A. McKay; Brian K. Thomas; Libin Fu; Shigeru Suzuki; Michiharu Ohta; Andrius Marcinkeivicius,https://openalex.org/A5100692545; https://openalex.org/A5025887089; https://openalex.org/A5015494075; https://openalex.org/A5016473401; https://openalex.org/A5101805578; https://openalex.org/A5111633582; https://openalex.org/A5021989460,Clemson University; IMRA America (United States),US,2,Photonic Crystal and Fiber Optics,Electrical and Electronic Engineering,Engineering,Physical Sciences,"Proceedings of SPIE, the International Society for Optical Engineering/Proceedings of SPIE"
https://openalex.org/W1998144405,https://doi.org/10.1117/12.774052,Analytical solutions for nonlinear waveguide equation under Gaussian mode approximation,2008,conference-paper,0,0,1,D. Liang,https://openalex.org/A5009164152,IMRA America (United States),,1,Advanced Fiber Optic Sensors,Electrical and Electronic Engineering,Engineering,Physical Sciences,"Proceedings of SPIE, the International Society for Optical Engineering/Proceedings of SPIE"
https://openalex.org/W2136243903,https://doi.org/10.1109/jlt.2008.925685,Approximate Treatment of the Nonlinear Waveguide Equation in the Regime of Nonlinear Self-Focus,2008,article,15,18,1,Liang Dong,https://openalex.org/A5100692545,IMRA America (United States),,1,Advanced Fiber Laser Technologies,"Atomic and Molecular Physics, and Optics",Physics and Astronomy,Physical Sciences,Journal of Lightwave Technology
https://openalex.org/W18542523,https://doi.org/10.1364/oe.16.004278,P0422 code and transmission,2008,article,0,0,1,e Pilot,https://openalex.org/A5045624887,,,1,VLSI and Analog Circuit Testing,Hardware and Architecture,Computer Science,Physical Sciences,Optics Express
https://openalex.org/W2040400358,https://doi.org/10.1364/oe.16.019629,Efficient supercontinuum generations in silica suspended core fibers,2008,article,58,26,3,Libin Fu; Brian K. Thomas; Liang Dong,https://openalex.org/A5016473401; https://openalex.org/A5015494075; https://openalex.org/A5100692545,IMRA America (United States),,1,Photonic Crystal and Fiber Optics,Electrical and Electronic Engineering,Engineering,Physical Sciences,Optics Express
https://openalex.org/W1985661810,https://doi.org/10.1002/lapl.200810090,Fiber laser based hyperspectral sources,2008,article,51,87,2,M. E. Fermann; Ingmar Hartl,https://openalex.org/A5087612327; https://openalex.org/A5040247232,IMRA America (United States),,1,Advanced Fiber Laser Technologies,"Atomic and Molecular Physics, and Optics",Physics and Astronomy,Physical Sciences,Laser Physics Letters
https://openalex.org/W2080142255,https://doi.org/10.1007/s00339-008-4754-1,Growth of ZnO nanoparticles and nanorods with ultrafast pulsed laser deposition,2008,article,36,32,6,Bing Liu; Zhendong Hu; Yong Che; A. Allenic; Kai Sun; Xiaoqing Pan,https://openalex.org/A5100339907; https://openalex.org/A5087891192; https://openalex.org/A5101707761; https://openalex.org/A5070087302; https://openalex.org/A5058842255; https://openalex.org/A5008342894,Mrag Americas (United States); IMRA America (United States); University of Michigan,US,3,Laser-induced spectroscopy and plasma,Mechanics of Materials,Engineering,Physical Sciences,Applied Physics A
https://openalex.org/W1993638097,https://doi.org/10.1364/oe.16.016423,Highly nonlinear silica suspended core fibers,2008,article,65,15,3,Liang Dong; Brian K. Thomas; Libin Fu,https://openalex.org/A5100692545; https://openalex.org/A5015494075; https://openalex.org/A5016473401,IMRA America (United States),,1,Photonic Crystal and Fiber Optics,Electrical and Electronic Engineering,Engineering,Physical Sciences,Optics Express
https://openalex.org/W2162165717,https://doi.org/10.2961/jlmn.2008.03.0006,Micromachining with a High Repetition Rate Femtosecond Fiber Laser,2008,article,14,0,1,Fumiyo Yoshino,https://openalex.org/A5021526216,System Science Applications (United States); Michigan United; Applications Research (United States),US,3,Laser Material Processing Techniques,Computational Mechanics,Engineering,Physical Sciences,Journal of Laser Micro/Nanoengineering
https://openalex.org/W2009459426,https://doi.org/10.1038/nphoton.2008.79,Optical frequency comb with submillihertz linewidth and more than 10 W average power,2008,article,258,32,7,T. R. Schibli; Ingmar Hartl; D. C. Yost; Michael J. Martin; A. Marcinkevičius; M. E. Fermann; J. Ye,https://openalex.org/A5029768284; https://openalex.org/A5040247232; https://openalex.org/A5030710515; https://openalex.org/A5027113278; https://openalex.org/A5109849711; https://openalex.org/A5087612327; https://openalex.org/A5029823127,National Institute of Standards and Technology; University of Colorado Boulder; IMRA America (United States),US,3,Advanced Fiber Laser Technologies,"Atomic and Molecular Physics, and Optics",Physics and Astronomy,Physical Sciences,Nature Photonics
https://openalex.org/W2128299024,https://doi.org/10.1109/ecoc.2008.4729557,Single-mode optical fibres with record core diameters,2008,conference-paper,2,8,3,H. A. McKay; Libin Fu; Liang Dong,https://openalex.org/A5025887089; https://openalex.org/A5016473401; https://openalex.org/A5100692545,IMRA America (United States),,1,Photonic Crystal and Fiber Optics,Electrical and Electronic Engineering,Engineering,Physical Sciences,
https://openalex.org/W1984871679,https://doi.org/10.1117/12.763982,Structural modifications in Er-Yb doped phosphate glass induced by femtosecond laser waveguide writing,2008,conference-paper,3,25,6,L. B. Fletcher; Jon J. Witcher; Wilbur J. Reichman; Jim Bovatsek; A. Arai; Denise M. Krol,https://openalex.org/A5013377886; https://openalex.org/A5066865713; https://openalex.org/A5077021452; https://openalex.org/A5111920421; https://openalex.org/A5001995973; https://openalex.org/A5113859790,"University of California, Davis; IMRA America (United States)",US,2,Laser Material Processing Techniques,Computational Mechanics,Engineering,Physical Sciences,"Proceedings of SPIE, the International Society for Optical Engineering/Proceedings of SPIE"
https://openalex.org/W2042536027,https://doi.org/10.1364/josab.25.000126,Temperature dependence of ytterbium-doped fiber amplifiers,2007,article,67,0,2,Xiang Peng; Liang Dong,https://openalex.org/A5034476487; https://openalex.org/A5100692545,IMRA America (United States),,1,Photonic Crystal and Fiber Optics,Electrical and Electronic Engineering,Engineering,Physical Sciences,Journal of the Optical Society of America B
https://openalex.org/W2013949488,https://doi.org/10.1117/12.713437,Compact 50W ultrashort pulse fiber laser for precision and high-speed material processing,2007,conference-paper,5,0,4,Lawrence Shah; M. E. Fermann; J. Dawson; C. P. J. Barty,https://openalex.org/A5065260194; https://openalex.org/A5087612327; https://openalex.org/A5111420608; https://openalex.org/A5071201439,IMRA America (United States); Lawrence Livermore National Laboratory,US,2,Photonic Crystal and Fiber Optics,Electrical and Electronic Engineering,Engineering,Physical Sciences,"Proceedings of SPIE, the International Society for Optical Engineering/Proceedings of SPIE"
https://openalex.org/W2064608805,https://doi.org/10.1117/12.717322,Fiber frequency combs,2007,conference-paper,0,0,2,Ingmar Hartl; M. E. Fermann,https://openalex.org/A5040247232; https://openalex.org/A5087612327,IMRA America (United States),,1,Advanced Fiber Laser Technologies,"Atomic and Molecular Physics, and Optics",Physics and Astronomy,Physical Sciences,"Proceedings of SPIE, the International Society for Optical Engineering/Proceedings of SPIE"
https://openalex.org/W2150329833,https://doi.org/10.1364/ol.32.000358,Fundamental-mode operation in polarization-maintaining ytterbium-doped fiber with an effective area of 1400 μm^2,2007,article,53,8,2,Xiang Peng; Liang Dong,https://openalex.org/A5034476487; https://openalex.org/A5100692545,International Medical Research (Germany); Mrag Americas (United States),DE; US,2,Photonic Crystal and Fiber Optics,Electrical and Electronic Engineering,Engineering,Physical Sciences,Optics Letters
https://openalex.org/W2030658864,https://doi.org/10.1364/ol.32.002478,Generation of octave-spanning spectra inside reverse-proton-exchanged periodically poled lithium niobate waveguides,2007,article,105,0,4,Carsten Langrock; M. M. Fejer; Ingmar Hartl; M. E. Fermann,https://openalex.org/A5072976480; https://openalex.org/A5069035222; https://openalex.org/A5040247232; https://openalex.org/A5087612327,Stanford University; IMRA America (United States),US,2,Advanced Fiber Laser Technologies,"Atomic and Molecular Physics, and Optics",Physics and Astronomy,Physical Sciences,Optics Letters
https://openalex.org/W2104556863,https://doi.org/10.1109/jstqe.2007.896096,High-Power Ultrashort-Pulse Fiber Amplifiers,2007,article,32,52,2,Lawrence Shah; M. E. Fermann,https://openalex.org/A5065260194; https://openalex.org/A5087612327,IMRA America (United States),,1,Advanced Fiber Laser Technologies,"Atomic and Molecular Physics, and Optics",Physics and Astronomy,Physical Sciences,IEEE Journal of Selected Topics in Quantum Electronics
https://openalex.org/W2048362658,https://doi.org/10.1016/j.cplett.2007.04.089,Investigation on ultraviolet photoconductivity in p-type ZnO thin films,2007,article,18,21,8,Y. J. Zeng; Z.Z. Ye; Yangfan Lu; Jianguo Lü; W.Z. Xu; Li Zhu; Binghui Zhao; Yong Che,https://openalex.org/A5066871519; https://openalex.org/A5113616185; https://openalex.org/A5086693966; https://openalex.org/A5100660103; https://openalex.org/A5012725505; https://openalex.org/A5100748869; https://openalex.org/A5053265589; https://openalex.org/A5101707761,State Key Laboratory of Silicon Materials; Zhejiang University; IMRA America (United States),CN,3,ZnO doping and properties,Materials Chemistry,Materials Science,Physical Sciences,Chemical Physics Letters
https://openalex.org/W2040848603,https://doi.org/10.1364/josab.24.001689,Leakage channel optical fibers with large effective area,2007,article,181,18,3,Liang Dong; Xiang Peng; Jun Li,https://openalex.org/A5100692545; https://openalex.org/A5034476487; https://openalex.org/A5100362160,IMRA America (United States),,1,Photonic Crystal and Fiber Optics,Electrical and Electronic Engineering,Engineering,Physical Sciences,Journal of the Optical Society of America B
https://openalex.org/W1998844945,https://doi.org/10.1063/1.2747669,Microstructure and properties of epitaxial antimony-doped p-type ZnO films fabricated by pulsed laser deposition,2007,article,82,23,7,Wei Guo; A. Allenic; Y. B. Chen; Xiaoqing Pan; Yong Che; Zhendong Hu; B. Liu,https://openalex.org/A5101541491; https://openalex.org/A5070087302; https://openalex.org/A5111722430; https://openalex.org/A5008342894; https://openalex.org/A5101707761; https://openalex.org/A5087891192; https://openalex.org/A5009515166,University of Michigan; IMRA America (United States),US,7,ZnO doping and properties,Materials Chemistry,Materials Science,Physical Sciences,Applied Physics Letters
https://openalex.org/W2082398020,https://doi.org/10.1063/1.2434168,Nanoparticle generation in ultrafast pulsed laser ablation of nickel,2007,article,102,23,5,Bing Liu; Zhendong Hu; Yong Che; Yanbin Chen; Xiaoqing Pan,https://openalex.org/A5100339928; https://openalex.org/A5087891192; https://openalex.org/A5101707761; https://openalex.org/A5036561324; https://openalex.org/A5008342894,IMRA America (United States); University of Michigan,US,5,Laser-Ablation Synthesis of Nanoparticles,Biomedical Engineering,Engineering,Physical Sciences,Applied Physics Letters
https://openalex.org/W2014251053,https://doi.org/10.1109/cleo.2007.4453030,Octave-level spectral broadening in RPE PPLN waveguides,2007,conference-paper,1,3,4,Carsten Langrock; M. M. Fejer; Ingmar Hartl; M. E. Fermann,https://openalex.org/A5072976480; https://openalex.org/A5069035222; https://openalex.org/A5040247232; https://openalex.org/A5087612327,Stanford University; Ann Arbor Center for Independent Living; IMRA America (United States),US,3,Advanced Fiber Laser Technologies,"Atomic and Molecular Physics, and Optics",Physics and Astronomy,Physical Sciences,
https://openalex.org/W2000185564,https://doi.org/10.1117/12.706121,Robust single-mode operation in 50μm ytterbium-doped leakage channel fibers,2007,conference-paper,0,0,3,Dong Liang; Xiang Peng; Jun Li,https://openalex.org/A5100692549; https://openalex.org/A5034476487; https://openalex.org/A5114677112,IMRA America (United States),,1,Optical Network Technologies,Electrical and Electronic Engineering,Engineering,Physical Sciences,"Proceedings of SPIE, the International Society for Optical Engineering/Proceedings of SPIE"
https://openalex.org/W1967310990,https://doi.org/10.1364/oe.15.012161,Self referenced Yb-fiber-laser frequency comb using a dispersion micromanaged tapered holey fiber,2007,article,28,4,4,Parama Pal; Wayne H. Knox; Ingmar Hartl; M. E. Fermann,https://openalex.org/A5001867131; https://openalex.org/A5041706186; https://openalex.org/A5040247232; https://openalex.org/A5087612327,IMRA America (United States),,4,Advanced Fiber Laser Technologies,"Atomic and Molecular Physics, and Optics",Physics and Astronomy,Physical Sciences,Optics Express
https://openalex.org/W2035890327,https://doi.org/10.1557/jmr.2007.0294,Synthesis and properties of <i>p</i>-type nitrogen-doped ZnO thin films by pulsed laser ablation of a Zn-rich Zn<sub>3</sub>N<sub>2</sub> target,2007,article,12,26,8,A. Allenic; Wei Guo; Y.B. Chen; G. Zhao; Xiaoqing Pan; Yong Che; Zhendong Hu; B. Liu,https://openalex.org/A5070087302; https://openalex.org/A5101541491; https://openalex.org/A5056668506; https://openalex.org/A5102811145; https://openalex.org/A5008342894; https://openalex.org/A5101707761; https://openalex.org/A5087891192; https://openalex.org/A5031791126,University of Michigan; Institute of Molecular Functional Materials; IMRA America (United States),US; CN,3,ZnO doping and properties,Materials Chemistry,Materials Science,Physical Sciences,Journal of materials research/Pratt's guide to venture capital sources
https://openalex.org/W4235999840,https://doi.org/10.1117/12.736522,Ultrafast pulsed laser ablation for synthesis of nanocrystals,2007,conference-paper,1,0,6,Bing Liu; Zhendong Hu; Yanbin Chen; Kai Sun; Xiaoqing Pan; Yong Che,https://openalex.org/A5100339928; https://openalex.org/A5110947043; https://openalex.org/A5036561324; https://openalex.org/A5012457731; https://openalex.org/A5008342894; https://openalex.org/A5101707761,IMRA America (United States); University of Michigan; Michigan United,US,3,Laser-Ablation Synthesis of Nanoparticles,Biomedical Engineering,Engineering,Physical Sciences,"Proceedings of SPIE, the International Society for Optical Engineering/Proceedings of SPIE"
https://openalex.org/W2071118350,https://doi.org/10.1063/1.2428853,ZnMgO quantum dots grown by low-pressure metal organic chemical vapor deposition,2007,article,24,25,9,Y. J. Zeng; Zhihong Ye; Yangfan Lu; Jianguo Lü; Luwei Sun; Wan Xu; Li Zhu; B. H. Zhao; Yong Che,https://openalex.org/A5066871519; https://openalex.org/A5006611790; https://openalex.org/A5086693966; https://openalex.org/A5100660103; https://openalex.org/A5081089901; https://openalex.org/A5103124827; https://openalex.org/A5100748869; https://openalex.org/A5052878692; https://openalex.org/A5101707760,State Key Laboratory of Silicon Materials; Zhejiang University; IMRA America (United States),CN,3,ZnO doping and properties,Materials Chemistry,Materials Science,Physical Sciences,Applied Physics Letters
https://openalex.org/W2135222747,https://doi.org/10.1109/cleo.2006.4628210,"170MHz spaced, self-referenced fiber-frequency-comb",2006,conference-paper,1,3,4,Ingmar Hartl; M. E. Fermann; Carsten Langrock; M. M. Fejer,https://openalex.org/A5040247232; https://openalex.org/A5087612327; https://openalex.org/A5072976480; https://openalex.org/A5069035222,IMRA America (United States); Stanford University,US,2,Advanced Fiber Laser Technologies,"Atomic and Molecular Physics, and Optics",Physics and Astronomy,Physical Sciences,
https://openalex.org/W2048152194,https://doi.org/10.1364/oe.14.011512,Bend-resistant fundamental mode operation in ytterbium-doped leakage channel fibers with effective areas up to 3160 µm<sup>2</sup>,2006,article,65,5,3,Liang Dong; Jun Li; Xiang Peng,https://openalex.org/A5100692545; https://openalex.org/A5100361782; https://openalex.org/A5034476487,IMRA America (United States),,1,Photonic Crystal and Fiber Optics,Electrical and Electronic Engineering,Engineering,Physical Sciences,Optics Express
https://openalex.org/W1994827747,https://doi.org/10.1117/12.707699,Fiber chirped pulse amplification system for micromachining,2006,conference-paper,11,0,8,A. Arai; Jim Bovatsek; Fumiyo Yoshino; Z. Liu; G. C. Cho; Lawrence Shah; M. E. Fermann; Yuzuru Uehara,https://openalex.org/A5001995973; https://openalex.org/A5111920421; https://openalex.org/A5021526216; https://openalex.org/A5003012446; https://openalex.org/A5082928374; https://openalex.org/A5065260194; https://openalex.org/A5087612327; https://openalex.org/A5031422776,IMRA America (United States),,1,Laser-Matter Interactions and Applications,"Atomic and Molecular Physics, and Optics",Physics and Astronomy,Physical Sciences,"Proceedings of SPIE, the International Society for Optical Engineering/Proceedings of SPIE"
https://openalex.org/W2039754168,https://doi.org/10.1364/ol.31.003046,Fiber-laser frequency combs with subhertz relative linewidths,2006,article,113,17,11,William C. Swann; J. J. McFerran; Ian Coddington; Nathan R. Newbury; Ingmar Hartl; M. E. Fermann; Paul S. Westbrook; Jeffrey W. Nicholson; K. S. Feder; C. Langrock; M. M. Fejer,https://openalex.org/A5072520134; https://openalex.org/A5103101462; https://openalex.org/A5078616155; https://openalex.org/A5037348759; https://openalex.org/A5040247232; https://openalex.org/A5087612327; https://openalex.org/A5066408050; https://openalex.org/A5037688753; https://openalex.org/A5077845166; https://openalex.org/A5081662242; https://openalex.org/A5007036787,National Institute of Standards and Technology; National Institute of Standards; Mrag Americas (United States); Naos Marine and Molecular Laboratories; Stanford University,US; EG,5,Advanced Fiber Laser Technologies,"Atomic and Molecular Physics, and Optics",Physics and Astronomy,Physical Sciences,Optics Letters
https://openalex.org/W2172005828,https://doi.org/10.1109/cleo.2006.4627715,Fluorescence and raman microscopy of waveguides fabricated using kHz and MHz repetition rate femtosecond lasers,2006,conference-paper,1,4,7,Wilbur J. Reichman; Denise M. Krol; Lawrence Shah; Fumiyo Yoshino; Alan Arai; Shane M. Eaton; Peter R. Herman,https://openalex.org/A5077021452; https://openalex.org/A5113859790; https://openalex.org/A5065260194; https://openalex.org/A5021526216; https://openalex.org/A5103583896; https://openalex.org/A5086727941; https://openalex.org/A5072878260,Lawrence Livermore National Laboratory; IMRA America (United States); University of Toronto,US; CA,3,Laser Material Processing Techniques,Computational Mechanics,Engineering,Physical Sciences,
https://openalex.org/W2105029094,https://doi.org/10.2961/jlmn.2006.03.0021,High Energy-High Repetition Rate Fiber Laser System for Precision Micromachining with Fundamental and Second Harmonic Wavelengths,2006,article,6,1,1,Fumiyo Yoshino,https://openalex.org/A5021526216,Michigan United,US,1,Laser Material Processing Techniques,Computational Mechanics,Engineering,Physical Sciences,Journal of Laser Micro/Nanoengineering
https://openalex.org/W2147935803,https://doi.org/10.2961/jlmn.2006.03.0005,High Power Femtosecond Fiber Chirped Pulse Amplification System for High Speed Micromachining,2006,article,19,24,1,Lawrence Shah,https://openalex.org/A5065260194,IMRA America (United States),,1,Advanced Fiber Laser Technologies,"Atomic and Molecular Physics, and Optics",Physics and Astronomy,Physical Sciences,Journal of Laser Micro/Nanoengineering
https://openalex.org/W2111948174,https://doi.org/10.1109/cleo.2006.4628179,High power frequency upconversion of ultra-fast fiber amplifiers,2006,conference-paper,0,9,6,Ingmar Hartl; Lawrence Shah; Z. Liu; G. Imeshev; G. Cho; M. E. Fermann,https://openalex.org/A5040247232; https://openalex.org/A5065260194; https://openalex.org/A5055943796; https://openalex.org/A5048896227; https://openalex.org/A5015551519; https://openalex.org/A5087612327,IMRA America (United States),,1,Solid State Laser Technologies,Electrical and Electronic Engineering,Engineering,Physical Sciences,
https://openalex.org/W2003513174,https://doi.org/10.1364/oe.14.004439,High-power source of THz radiation based on orientation-patterned GaAs pumped by a fiber laser,2006,article,85,0,8,G. Imeshev; M. E. Fermann; Konstantin L. Vodopyanov; M. M. Fejer; X. Yu; J. S. Harris; D. Bliss; C. Lynch,https://openalex.org/A5048896227; https://openalex.org/A5087612327; https://openalex.org/A5078802674; https://openalex.org/A5069035222; https://openalex.org/A5101493234; https://openalex.org/A5101893887; https://openalex.org/A5050768557; https://openalex.org/A5089475214,IMRA America (United States); Stanford University; Hanscom Air Force Base,US,8,Terahertz technology and applications,Electrical and Electronic Engineering,Engineering,Physical Sciences,Optics Express
https://openalex.org/W2100810908,https://doi.org/10.1109/cleo.2006.4627644,High power ultrafast fiber amplifiers,2006,conference-paper,0,12,5,Lawrence Shah; Z. Liu; Ingmar Hartl; G. C. Cho; M. E. Fermann,https://openalex.org/A5065260194; https://openalex.org/A5044550030; https://openalex.org/A5040247232; https://openalex.org/A5022558871; https://openalex.org/A5087612327,IMRA America (United States),,1,Advanced Fiber Laser Technologies,"Atomic and Molecular Physics, and Optics",Physics and Astronomy,Physical Sciences,
https://openalex.org/W2109354777,https://doi.org/10.1109/cleo.2006.4628211,Integrated fiber-frequency comb using a PPLN waveguide for spectral broadening and CEO phase detection,2006,conference-paper,5,6,6,Ingmar Hartl; M. E. Fermann; Carsten Langrock; M. M. Fejer; Jeffrey W. Nicholson; D.J. DiGiovanni,https://openalex.org/A5040247232; https://openalex.org/A5087612327; https://openalex.org/A5072976480; https://openalex.org/A5069035222; https://openalex.org/A5037688753; https://openalex.org/A5053486393,IMRA America (United States); Stanford University,US,2,Advanced Fiber Laser Technologies,"Atomic and Molecular Physics, and Optics",Physics and Astronomy,Physical Sciences,
https://openalex.org/W1660800187,https://doi.org/10.1109/leosst.2006.1694008,Large effective mode area fibers for high power lasers and amplifiers,2006,conference-paper,1,5,3,Liang Dong; William S. Wong; Xiang Peng,https://openalex.org/A5100692545; https://openalex.org/A5023269631; https://openalex.org/A5034476487,IMRA America (United States),,1,Photonic Crystal and Fiber Optics,Electrical and Electronic Engineering,Engineering,Physical Sciences,2006 Digest of the LEOS Summer Topical Meetings
https://openalex.org/W2019187822,https://doi.org/10.1364/oe.14.012546,"Micromachining with a 50 W, 50 μJ, subpicosecond fiber laser system",2006,article,81,10,4,Lawrence Shah; M. E. Fermann; Jay W. Dawson; C. P. J. Barty,https://openalex.org/A5065260194; https://openalex.org/A5087612327; https://openalex.org/A5111778160; https://openalex.org/A5071201439,IMRA America (United States); Lawrence Livermore National Laboratory,US,4,Advanced Fiber Laser Technologies,"Atomic and Molecular Physics, and Optics",Physics and Astronomy,Physical Sciences,Optics Express
https://openalex.org/W2085288692,https://doi.org/10.1117/12.659866,Optimized precision micromachining using commercially available high-repetition rate microjoule femtosecond fiber lasers,2006,conference-paper,2,0,7,M. L. Stock; Lawrence Shah; Bing Liu; Makoto Yoshida; Fumiyo Yoshino; James M. Bovatsek; Alan Arai,https://openalex.org/A5038490613; https://openalex.org/A5065260194; https://openalex.org/A5100339951; https://openalex.org/A5101550865; https://openalex.org/A5021526216; https://openalex.org/A5111597567; https://openalex.org/A5103583896,IMRA America (United States); Aisin (Japan),JP,2,Laser Material Processing Techniques,Computational Mechanics,Engineering,Physical Sciences,"Proceedings of SPIE, the International Society for Optical Engineering/Proceedings of SPIE"
https://openalex.org/W2024036368,https://doi.org/10.1063/1.2217165,p -type behavior in nominally undoped ZnO thin films by oxygen plasma growth,2006,article,68,22,9,Y. J. Zeng; Zhihong Ye; Wan Xu; Jianguo Lü; Haiping He; Li Zhu; Binghui Zhao; Yong Che; Shengbai Zhang,https://openalex.org/A5066871519; https://openalex.org/A5006611790; https://openalex.org/A5103124827; https://openalex.org/A5100660103; https://openalex.org/A5056311170; https://openalex.org/A5100748869; https://openalex.org/A5053265589; https://openalex.org/A5101707761; https://openalex.org/A5052879411,State Key Laboratory of Silicon Materials; Zhejiang University; IMRA America (United States); National Laboratory of the Rockies,CN; US,4,ZnO doping and properties,Materials Chemistry,Materials Science,Physical Sciences,Applied Physics Letters
https://openalex.org/W2035122914,https://doi.org/10.1364/oe.14.010117,Self-assembled periodic sub-wavelength structures by femtosecond laser direct writing,2006,article,95,17,5,Weijia Yang; Erica Bricchi; Peter G. Kazansky; James M. Bovatsek; Alan Arai,https://openalex.org/A5111845796; https://openalex.org/A5053765910; https://openalex.org/A5057337050; https://openalex.org/A5111597567; https://openalex.org/A5103583896,University of Southampton; Applications Research (United States); IMRA America (United States),GB; US,5,Laser Material Processing Techniques,Computational Mechanics,Engineering,Physical Sciences,Optics Express
https://openalex.org/W2545439742,https://doi.org/10.1109/icimw.2006.368520,Differential absorption spectroscopy for gas monitoring at sub-millimeter wavelengths,2006,conference-paper,0,1,6,Pengcheng Han; G. Sucha; D. Harter; Almantas Galvanauskas; M. Li; Xicheng Zhang,https://openalex.org/A5103165744; https://openalex.org/A5035109511; https://openalex.org/A5108793053; https://openalex.org/A5082915146; https://openalex.org/A5005117543; https://openalex.org/A5033698712,Zhongyuan University of Technology; IMRA America (United States); Applied Materials (United States); Rensselaer Polytechnic Institute,CN; US,4,Spectroscopy and Laser Applications,Spectroscopy,Chemistry,Physical Sciences,
https://openalex.org/W2074723994,https://doi.org/10.1016/j.matlet.2006.04.001,Study on the Hall-effect and photoluminescence of N-doped p-type ZnO thin films,2006,article,81,17,7,Y. J. Zeng; Z.Z. Ye; Wan Xu; B. Liu; Yong Che; Li Zhu; Binghui Zhao,https://openalex.org/A5066871519; https://openalex.org/A5113616185; https://openalex.org/A5103124827; https://openalex.org/A5073924711; https://openalex.org/A5101707761; https://openalex.org/A5100748869; https://openalex.org/A5053265589,State Key Laboratory of Silicon Materials; Zhejiang University; IMRA America (United States),CN,3,ZnO doping and properties,Materials Chemistry,Materials Science,Physical Sciences,Materials Letters
https://openalex.org/W2130614265,https://doi.org/10.1109/cleo.2006.4627978,Three-dimensional micromachining inside transparent materials using femtosecond laser pulses: New applications,2006,conference-paper,19,9,3,Jim Bovatsek; Alan Arai; Chris B. Schaffer,https://openalex.org/A5111920421; https://openalex.org/A5103583896; https://openalex.org/A5066785148,Applications Research (United States); IMRA America (United States); Cornell University,US,3,Laser Material Processing Techniques,Computational Mechanics,Engineering,Physical Sciences,
https://openalex.org/W2122378421,https://doi.org/10.1109/cleo.2006.4628204,Tunable 0.8&amp;#x2013;3.5 THz source based on fiber-laser pumped orientation-patterned GaAs,2006,conference-paper,0,7,9,K. L. Vodopyanov; G. Imeshev; M. E. Fermann; Joseph E. Schaar; M. M. Fejer; X. Yu; J. S. Harris; D. Bliss; David Weyburne,https://openalex.org/A5052171554; https://openalex.org/A5048896227; https://openalex.org/A5087612327; https://openalex.org/A5032110701; https://openalex.org/A5069035222; https://openalex.org/A5101493234; https://openalex.org/A5101893887; https://openalex.org/A5050768557; https://openalex.org/A5089111451,Stanford University; IMRA America (United States); Hanscom Air Force Base; Bedford Research Foundation,US,4,Terahertz technology and applications,Electrical and Electronic Engineering,Engineering,Physical Sciences,
https://openalex.org/W2082760172,https://doi.org/10.1117/12.659365,Ultrafast high energy amplifiers beyond the B-integral limit,2006,conference-paper,5,0,6,Lawrence Shah; Z. Liu; Ingmar Hartl; G. Imeshev; G. C. Cho; M. E. Fermann,https://openalex.org/A5065260194; https://openalex.org/A5055943796; https://openalex.org/A5040247232; https://openalex.org/A5048896227; https://openalex.org/A5062764983; https://openalex.org/A5087612327,IMRA America (United States),,1,Advanced Fiber Laser Technologies,"Atomic and Molecular Physics, and Optics",Physics and Astronomy,Physical Sciences,"Proceedings of SPIE, the International Society for Optical Engineering/Proceedings of SPIE"
https://openalex.org/W2081641338,https://doi.org/10.1117/12.659451,Ultrashort pulse micromachining with the 10-μJ FCPA fiber laser,2006,conference-paper,13,0,4,James M. Bovatsek; Alan Arai; Fumiyo Yoshino; Yuzuru Uehara,https://openalex.org/A5111597567; https://openalex.org/A5103583896; https://openalex.org/A5021526216; https://openalex.org/A5031422776,IMRA America (United States),,1,Laser Material Processing Techniques,Computational Mechanics,Engineering,Physical Sciences,"Proceedings of SPIE, the International Society for Optical Engineering/Proceedings of SPIE"
https://openalex.org/W2166224202,https://doi.org/10.1364/opex.13.007424,230-kW peak power femtosecond pulses from a high power tunable source based on amplification in Tm-doped fiber,2005,article,154,21,2,G. Imeshev; M. E. Fermann,https://openalex.org/A5048896227; https://openalex.org/A5087612327,IMRA America (United States),,1,Advanced Fiber Laser Technologies,"Atomic and Molecular Physics, and Optics",Physics and Astronomy,Physical Sciences,Optics Express
https://openalex.org/W2126579103,https://doi.org/10.1109/cleo.2005.202230,"An optimized Er all-fiber chirped pulse amplification system producing 570-fs, 310-nJ pulses",2005,conference-paper,0,7,3,G. Imeshev; Ingmar Hartl; M. E. Fermann,https://openalex.org/A5048896227; https://openalex.org/A5040247232; https://openalex.org/A5087612327,IMRA America (United States),,1,Photonic Crystal and Fiber Optics,Electrical and Electronic Engineering,Engineering,Physical Sciences,
https://openalex.org/W1970026623,https://doi.org/10.1088/0268-1242/20/7/020,Apertureless terahertz near-field microscopy,2005,article,50,36,5,Gyu Cheon Cho; Hou‐Tong Chen; Simon Kraatz; Nicholas Karpowicz; R. Kersting,https://openalex.org/A5006077972; https://openalex.org/A5036273857; https://openalex.org/A5005776454; https://openalex.org/A5055532053; https://openalex.org/A5076901169,IMRA America (United States); Rensselaer Polytechnic Institute,US,5,Near-Field Optical Microscopy,Biomedical Engineering,Engineering,Physical Sciences,Semiconductor Science and Technology
https://openalex.org/W2026472887,https://doi.org/10.1364/ol.30.002855,Breaking the limit of maximum effective area for robust single-mode propagation in optical fibers,2005,article,180,12,4,William S. Wong; Xiang Peng; Joseph M. McLaughlin; Liang Dong,https://openalex.org/A5023269631; https://openalex.org/A5034476487; https://openalex.org/A5033654135; https://openalex.org/A5100692545,IMRA America (United States),,1,Photonic Crystal and Fiber Optics,Electrical and Electronic Engineering,Engineering,Physical Sciences,Optics Letters
https://openalex.org/W1987159680,https://doi.org/10.1364/opex.13.004717,High energy femtosecond Yb cubicon fiber amplifier,2005,article,143,2,6,Lawrence Shah; Zhenlin Liu; Ingmar Hartl; G. Imeshev; Gyu C. Cho; M. E. Fermann,https://openalex.org/A5065260194; https://openalex.org/A5056365908; https://openalex.org/A5040247232; https://openalex.org/A5048896227; https://openalex.org/A5017724959; https://openalex.org/A5087612327,IMRA America (United States),,1,Advanced Fiber Laser Technologies,"Atomic and Molecular Physics, and Optics",Physics and Astronomy,Physical Sciences,Optics Express
https://openalex.org/W2128221248,https://doi.org/10.1109/cleo.2005.202229,High energy fiber chirped pulse amplification system based on cubicons,2005,conference-paper,6,5,5,Z. Liu; Lawrence Shah; Ingmar Hartl; G. C. Cho; M. E. Fermann,https://openalex.org/A5044550030; https://openalex.org/A5065260194; https://openalex.org/A5040247232; https://openalex.org/A5013915237; https://openalex.org/A5087612327,IMRA America (United States),,1,Advanced Fiber Laser Technologies,"Atomic and Molecular Physics, and Optics",Physics and Astronomy,Physical Sciences,
https://openalex.org/W2101745748,https://doi.org/10.1109/cleo.2005.201888,High power tunable femtosecond pulse source based on amplification in Tm fiber,2005,conference-paper,0,9,3,G. Imeshev; M. E. Fermann; Stuart D. Jackson,https://openalex.org/A5048896227; https://openalex.org/A5087612327; https://openalex.org/A5072800037,IMRA America (United States); University of Technology Sydney; The University of Sydney,AU,3,Laser-Matter Interactions and Applications,"Atomic and Molecular Physics, and Optics",Physics and Astronomy,Physical Sciences,
https://openalex.org/W2047596169,https://doi.org/10.1364/opex.13.006490,Integrated self-referenced frequency-comb laser based on a combination of fiber and waveguide technology,2005,article,66,18,5,Ingmar Hartl; G. Imeshev; M. E. Fermann; C. Langrock; M. M. Fejer,https://openalex.org/A5040247232; https://openalex.org/A5048896227; https://openalex.org/A5087612327; https://openalex.org/A5081662242; https://openalex.org/A5069035222,IMRA America (United States); Stanford University,US,5,Advanced Fiber Laser Technologies,"Atomic and Molecular Physics, and Optics",Physics and Astronomy,Physical Sciences,Optics Express
https://openalex.org/W2094007458,https://doi.org/10.1109/ofc.2005.193129,Long-term carrier envelope phase-locking of a PM fiber frequency comb source,2005,conference-paper,3,4,9,Ingmar Hartl; Liang Dong; M. E. Fermann; T. R. Schibli; Atsushi Onae; Feng-Lei Hong; Hajime Inaba; Kaoru Minoshima; Hirokazu Matsumoto,https://openalex.org/A5040247232; https://openalex.org/A5100692545; https://openalex.org/A5087612327; https://openalex.org/A5029768284; https://openalex.org/A5113564490; https://openalex.org/A5022045114; https://openalex.org/A5054698184; https://openalex.org/A5024325072; https://openalex.org/A5085215341,IMRA America (United States); National Institute of Advanced Industrial Science and Technology,JP,2,Advanced Fiber Laser Technologies,"Atomic and Molecular Physics, and Optics",Physics and Astronomy,Physical Sciences,"OFC/NFOEC Technical Digest. Optical Fiber Communication Conference, 2005."
https://openalex.org/W2089066478,https://doi.org/10.1117/12.590850,MHz-rate ultrafast fiber laser for writing of optical waveguides in silica glasses,2005,conference-paper,2,0,7,Lawrence Shah; Fumiyo Yoshino; Alan Arai; Shane M. Eaton; Haibin Zhang; Stephen Ho; Peter R. Herman,https://openalex.org/A5065260194; https://openalex.org/A5021526216; https://openalex.org/A5103583896; https://openalex.org/A5086727941; https://openalex.org/A5100356596; https://openalex.org/A5110190299; https://openalex.org/A5072878260,IMRA America (United States); University of Toronto,CA,2,Laser Material Processing Techniques,Computational Mechanics,Engineering,Physical Sciences,"Proceedings of SPIE, the International Society for Optical Engineering/Proceedings of SPIE"
https://openalex.org/W2069310367,https://doi.org/10.1117/12.598050,Reliable high-repetition-rate femtosecond microJoule fiber lasers for precision applications,2005,conference-paper,1,0,5,M. L. Stock; G. Sucha; James M. Bovatsek; Tadashi Yamamoto; Alan Arai,https://openalex.org/A5038490613; https://openalex.org/A5035109511; https://openalex.org/A5111597567; https://openalex.org/A5007192818; https://openalex.org/A5103583896,IMRA America (United States),,1,Advanced Fiber Laser Technologies,"Atomic and Molecular Physics, and Optics",Physics and Astronomy,Physical Sciences,"Proceedings of SPIE, the International Society for Optical Engineering/Proceedings of SPIE"
https://openalex.org/W2058066118,https://doi.org/10.1088/1464-4258/7/2/024,Terahertz microscopy with submicrometre resolution,2005,article,21,26,4,Roland Kersting; Hou‐Tong Chen; Nicholas Karpowicz; Gyu Cheon Cho,https://openalex.org/A5103190785; https://openalex.org/A5036273857; https://openalex.org/A5055532053; https://openalex.org/A5006077972,Ludwig-Maximilians-Universität München; Rensselaer Polytechnic Institute; IMRA America (United States),DE; US,4,Near-Field Optical Microscopy,Biomedical Engineering,Engineering,Physical Sciences,Journal of Optics A Pure and Applied Optics
https://openalex.org/W2109299843,https://doi.org/10.1117/12.591058,Thermal heating effects in writing optical waveguides with 0.1 - 5 MHz repetition rate,2005,conference-paper,4,0,7,Shane M. Eaton; Fumiyo Yoshino; Lawrence Shah; Alan Arai; Haibin Zhang; Stephen Ho; Peter R. Herman,https://openalex.org/A5086727941; https://openalex.org/A5021526216; https://openalex.org/A5065260194; https://openalex.org/A5103583896; https://openalex.org/A5100356596; https://openalex.org/A5110190299; https://openalex.org/A5072878260,University of Toronto; IMRA America (United States),CA,2,Laser Material Processing Techniques,Computational Mechanics,Engineering,Physical Sciences,"Proceedings of SPIE, the International Society for Optical Engineering/Proceedings of SPIE"
https://openalex.org/W2090033783,https://doi.org/10.1109/cleo.2005.202226,Ultra-compact dispersion compensated femtosecond fiber oscillators and amplifiers,2005,conference-paper,56,8,5,Ingmar Hartl; G. Imeshev; Liang Dong; G.C. Cho; M. E. Fermann,https://openalex.org/A5040247232; https://openalex.org/A5048896227; https://openalex.org/A5100692545; https://openalex.org/A5024648321; https://openalex.org/A5087612327,IMRA America (United States),,1,Advanced Fiber Laser Technologies,"Atomic and Molecular Physics, and Optics",Physics and Astronomy,Physical Sciences,
https://openalex.org/W1982819293,https://doi.org/10.1109/cleo.2005.202407,Writing optical waveguides with a 0.1-5 MHz repetition rate femtosecond fiber laser,2005,conference-paper,0,8,6,Shane M. Eaton; Haibin Zhang; Peter R. Herman; Fumiyo Yoshino; Lawrence Shah; A. Arai,https://openalex.org/A5086727941; https://openalex.org/A5100356596; https://openalex.org/A5072878260; https://openalex.org/A5021526216; https://openalex.org/A5065260194; https://openalex.org/A5001995973,University of Toronto; Applications Research (United States); IMRA America (United States),CA; US,3,Laser Material Processing Techniques,Computational Mechanics,Engineering,Physical Sciences,
https://openalex.org/W1591513154,https://doi.org/10.1109/leos.2004.1363446,"220 nJ, 1.10 ps pulses from and Er fiber chirped pulse amplification system based on compression in photonic band gap fiber",2004,conference-paper,0,0,3,G. Imeshev; Ingmar Hartl; M. E. Fermann,https://openalex.org/A5048896227; https://openalex.org/A5040247232; https://openalex.org/A5087612327,IMRA America (United States),,1,Advanced Fiber Laser Technologies,"Atomic and Molecular Physics, and Optics",Physics and Astronomy,Physical Sciences,
https://openalex.org/W2070382005,https://doi.org/10.1364/opex.12.006508,An optimized Er gain band all-fiber chirped pulse amplification system,2004,article,33,13,3,G. Imeshev; Ingmar Hartl; M. E. Fermann,https://openalex.org/A5048896227; https://openalex.org/A5040247232; https://openalex.org/A5087612327,IMRA America (United States),,1,Advanced Fiber Laser Technologies,"Atomic and Molecular Physics, and Optics",Physics and Astronomy,Physical Sciences,Optics Express
https://openalex.org/W2033726753,https://doi.org/10.1364/ol.29.000679,Chirped pulse amplification with a nonlinearly chirped fiber Bragg grating matched to the Treacy compressor,2004,article,50,11,3,G. Imeshev; Ingmar Hartl; M. E. Fermann,https://openalex.org/A5048896227; https://openalex.org/A5040247232; https://openalex.org/A5087612327,IMRA America (United States),,1,Advanced Fiber Laser Technologies,"Atomic and Molecular Physics, and Optics",Physics and Astronomy,Physical Sciences,Optics Letters
https://openalex.org/W2005773820,https://doi.org/10.1109/jqe.2004.831633,Formulation of time-domain algorithm for fiber Bragg grating simulation and reconstruction,2004,article,15,10,2,Liang Dong; Simon Fortier,https://openalex.org/A5100692545; https://openalex.org/A5051735086,École Normale Supérieure - PSL; IMRA America (United States); Polytechnique Montréal,FR; CA,2,Advanced Fiber Optic Sensors,Electrical and Electronic Engineering,Engineering,Physical Sciences,IEEE Journal of Quantum Electronics
https://openalex.org/W2029807715,https://doi.org/10.1364/ol.29.002467,Frequency metrology with a turnkey all-fiber system,2004,article,203,10,8,T. R. Schibli; Kaoru Minoshima; Feng-Lei Hong; Hajime Inaba; Atsushi Onae; Hirokazu Matsumoto; Ingmar Hartl; M. E. Fermann,https://openalex.org/A5029768284; https://openalex.org/A5024325072; https://openalex.org/A5022045114; https://openalex.org/A5054698184; https://openalex.org/A5113564490; https://openalex.org/A5085215341; https://openalex.org/A5040247232; https://openalex.org/A5087612327,National Institute of Advanced Industrial Science and Technology; IMRA America (United States),JP,2,Advanced Fiber Laser Technologies,"Atomic and Molecular Physics, and Optics",Physics and Astronomy,Physical Sciences,Optics Letters
https://openalex.org/W2083769613,https://doi.org/10.1103/physrevlett.93.267401,Identification of a Resonant Imaging Process in Apertureless Near-Field Microscopy,2004,article,62,19,4,Hou‐Tong Chen; Simon Kraatz; Gyu Cheon Cho; R. Kersting,https://openalex.org/A5036273857; https://openalex.org/A5005776454; https://openalex.org/A5088132750; https://openalex.org/A5076901169,Rensselaer Polytechnic Institute; IMRA America (United States),US,4,Near-Field Optical Microscopy,Biomedical Engineering,Engineering,Physical Sciences,Physical Review Letters
https://openalex.org/W1979619452,https://doi.org/10.1117/12.596573,&lt;title&gt;Laser ablation threshold and etch rate comparison between the ultrafast Yb fiber-based FCPA laser and a Ti:sapphire laser for various materials&lt;/title&gt;,2004,conference-paper,0,0,4,James M. Bovatsek; Lawrence Shah; Alan Arai; Yuzuru Uehara,https://openalex.org/A5111597567; https://openalex.org/A5065260194; https://openalex.org/A5103583896; https://openalex.org/A5031422776,IMRA America (United States),,1,Laser Material Processing Techniques,Computational Mechanics,Engineering,Physical Sciences,"Proceedings of SPIE, the International Society for Optical Engineering/Proceedings of SPIE"
https://openalex.org/W2057236784,https://doi.org/10.1117/12.486528,Temporal pulse shaping using fiber laser technology: nano-scaling for flexible industrial laser material processing,2003,conference-paper,4,0,6,Rajesh Patel; M. L. Stock; Z. Sartania; Jim Bovatsek; Alan Arai; Heinrich Endert,https://openalex.org/A5101855910; https://openalex.org/A5038490613; https://openalex.org/A5037357345; https://openalex.org/A5111920421; https://openalex.org/A5103583896; https://openalex.org/A5024338864,IMRA America (United States),,1,Laser-Matter Interactions and Applications,"Atomic and Molecular Physics, and Optics",Physics and Astronomy,Physical Sciences,"Proceedings of SPIE, the International Society for Optical Engineering/Proceedings of SPIE"
https://openalex.org/W2077983614,https://doi.org/10.1117/12.479230,New fiber lasers with temporal pulse shaping of nanosecond pulses for tailoring flexible laser material processing,2003,conference-paper,0,2,3,M. L. Stock; Heinrich Endert; Rajesh Patel,https://openalex.org/A5038490613; https://openalex.org/A5024338864; https://openalex.org/A5066868504,IMRA America (United States),,1,Laser-Plasma Interactions and Diagnostics,Nuclear and High Energy Physics,Physics and Astronomy,Physical Sciences,"Proceedings of SPIE, the International Society for Optical Engineering/Proceedings of SPIE"
https://openalex.org/W1983013834,https://doi.org/10.1117/12.501655,New versatile femtosecond fiber lasers,2003,conference-paper,0,0,3,G. Sucha; Heinrich Endert; Mark Bischoff,https://openalex.org/A5035109511; https://openalex.org/A5024338864; https://openalex.org/A5040921427,IMRA America (United States); Friedrich Schiller University Jena,DE,2,Advanced Fiber Laser Technologies,"Atomic and Molecular Physics, and Optics",Physics and Astronomy,Physical Sciences,"Proceedings of SPIE, the International Society for Optical Engineering/Proceedings of SPIE"
https://openalex.org/W2004986322,https://doi.org/10.1063/1.1616668,Terahertz imaging with nanometer resolution,2003,article,527,17,3,Hou‐Tong Chen; R. Kersting; Gyu Cheon Cho,https://openalex.org/A5036273857; https://openalex.org/A5076901169; https://openalex.org/A5006077972,Rensselaer Polytechnic Institute; IMRA America (United States),US,2,Near-Field Optical Microscopy,Biomedical Engineering,Engineering,Physical Sciences,Applied Physics Letters
https://openalex.org/W2030887500,https://doi.org/10.1117/12.477843,Time-tailored laser pulses: a new approach for laser micromachining and microfabrication processing,2003,conference-paper,1,0,3,M. L. Stock; Heinrich Endert; Rajesh Patel,https://openalex.org/A5038490613; https://openalex.org/A5024338864; https://openalex.org/A5066868504,IMRA America (United States),,1,Laser Material Processing Techniques,Computational Mechanics,Engineering,Physical Sciences,"Proceedings of SPIE, the International Society for Optical Engineering/Proceedings of SPIE"
https://openalex.org/W2133204230,https://doi.org/10.1109/lpt.2002.1021998,1-THz bandwidth C- and L-band optical sampling with a bit rate agile timebase,2002,article,46,9,9,R.L. Jungerman; G. Lee; O. Buccafusca; Yuta Kaneko; N. Itagaki; R. Shioda; Akinori Harada; Yasukazu Nihei; G. Sucha,https://openalex.org/A5066120437; https://openalex.org/A5000891026; https://openalex.org/A5081394863; https://openalex.org/A5056461732; https://openalex.org/A5113046786; https://openalex.org/A5087395155; https://openalex.org/A5109200608; https://openalex.org/A5052243676; https://openalex.org/A5035109511,Agilent Technologies (United States); Fujifilm (Japan); IMRA America (United States),US; JP,9,Advanced Fiber Laser Technologies,"Atomic and Molecular Physics, and Optics",Physics and Astronomy,Physical Sciences,IEEE Photonics Technology Letters
https://openalex.org/W2021304718,https://doi.org/10.1117/12.456810,Novel ultrashort-pulse fiber lasers and their applications,2002,conference-paper,6,0,4,Heinrich Endert; Almantas Galvanauskes; G. Sucha; Rajesh Patel,https://openalex.org/A5024338864; https://openalex.org/A5110017159; https://openalex.org/A5035109511; https://openalex.org/A5066868504,IMRA America (United States),,1,Photonic Crystal and Fiber Optics,Electrical and Electronic Engineering,Engineering,Physical Sciences,"Proceedings of SPIE, the International Society for Optical Engineering/Proceedings of SPIE"
https://openalex.org/W2015967960,https://doi.org/10.1143/jjap.40.l1223,"THz-Radiation Emitter and Receiver System Based on a 2 T Permanent Magnet, 1040 nm Compact Fiber Laser and Pyroelectric Thermal Receiver",2001,article,15,11,3,Hideyuki Ohtake Stock; Makoto Yoshida; Heirich Endert,https://openalex.org/A5058240240; https://openalex.org/A5101550865; https://openalex.org/A5060959988,Institute for Molecular Science,JP,1,Terahertz technology and applications,Electrical and Electronic Engineering,Engineering,Physical Sciences,Japanese Journal of Applied Physics
https://openalex.org/W2047050546,https://doi.org/10.1364/ol.26.000268,Generation of dual-wavelength pulses by frequency doubling with quasi-phase-matching gratings,2001,article,19,16,4,G. Imeshev; M. M. Fejer; Almantas Galvanauskas; D. Harter,https://openalex.org/A5048896227; https://openalex.org/A5069035222; https://openalex.org/A5082915146; https://openalex.org/A5108793053,Stanford University; IMRA America (United States),US,2,Advanced Fiber Laser Technologies,"Atomic and Molecular Physics, and Optics",Physics and Astronomy,Physical Sciences,Optics Letters
https://openalex.org/W1982465938,https://doi.org/10.1364/ol.26.000935,Generation of high-energy femtosecond pulses in multimode-core Yb-fiber chirped-pulse amplification systems,2001,article,57,8,5,Almantas Galvanauskas; G. C. Cho; A. Hariharan; M. E. Fermann; D. Harter,https://openalex.org/A5082915146; https://openalex.org/A5082928374; https://openalex.org/A5076589372; https://openalex.org/A5087612327; https://openalex.org/A5108793053,IMRA America (United States),,1,Laser-Matter Interactions and Applications,"Atomic and Molecular Physics, and Optics",Physics and Astronomy,Physical Sciences,Optics Letters
https://openalex.org/W2107277110,https://doi.org/10.1109/cleo.2001.947386,Millijoule femtosecond all-fiber system,2001,conference-paper,9,4,3,Almantas Galvanauskas; Z. Sartania; Mark Bischoff,https://openalex.org/A5082915146; https://openalex.org/A5037357345; https://openalex.org/A5040921427,IMRA America (United States),,1,Laser-Matter Interactions and Applications,"Atomic and Molecular Physics, and Optics",Physics and Astronomy,Physical Sciences,
https://openalex.org/W2115150018,https://doi.org/10.1109/2944.974221,Mode-scalable fiber-based chirped pulse amplification systems,2001,article,192,47,1,Almantas Galvanauskas,https://openalex.org/A5082915146,University of Michigan,US,1,Advanced Fiber Laser Technologies,"Atomic and Molecular Physics, and Optics",Physics and Astronomy,Physical Sciences,IEEE Journal of Selected Topics in Quantum Electronics
https://openalex.org/W4240873150,https://doi.org/10.1109/cleo.2001.947543,"Novel emitter and receiver system for THz radiation consisting of a 2-T permanent magnet, a 1040-nm compact fiber laser, and a room-temperature-operating thermal receiver",2001,conference-paper,0,3,9,S. Ono; T. Tsukamoto; Y. Suzuki; H. Ohtake; N. Sarukura; A. Nakanishi; S. Nishizawa; M.L. Stock; M. Yoshida,https://openalex.org/A5034515942; https://openalex.org/A5075724802; https://openalex.org/A5089528303; https://openalex.org/A5023887812; https://openalex.org/A5053754686; https://openalex.org/A5008317387; https://openalex.org/A5000839928; https://openalex.org/A5013364680; https://openalex.org/A5040700187,Tokyo University of Science,JP,1,Terahertz technology and applications,Electrical and Electronic Engineering,Engineering,Physical Sciences,
https://openalex.org/W2108343528,https://doi.org/10.1364/josab.18.000534,Pulse shaping by difference-frequency mixing with quasi-phase-matching gratings,2001,article,55,16,4,G. Imeshev; M. M. Fejer; Almantas Galvanauskas; D. Harter,https://openalex.org/A5048896227; https://openalex.org/A5069035222; https://openalex.org/A5082915146; https://openalex.org/A5108793053,Stanford University; IMRA America (United States),US,4,Advanced Fiber Laser Technologies,"Atomic and Molecular Physics, and Optics",Physics and Astronomy,Physical Sciences,Journal of the Optical Society of America B
https://openalex.org/W1992740538,https://doi.org/10.1063/1.1373406,Tunable narrow-band terahertz generation from periodically poled lithium niobate,2001,article,77,11,4,Y. S. Lee; T. Meade; Theodore B. Norris; Almantas Galvanauskas,https://openalex.org/A5070152723; https://openalex.org/A5032479919; https://openalex.org/A5088884083; https://openalex.org/A5082915146,University of Michigan; Optical Sciences (United States); IMRA America (United States),US,3,Terahertz technology and applications,Electrical and Electronic Engineering,Engineering,Physical Sciences,Applied Physics Letters
https://openalex.org/W2117958506,https://doi.org/10.1109/cleo.2001.947702,Ultra-broadband IR continuum generation and its phase measurement using cross-correlation FROG,2001,conference-paper,1,7,6,Lin Xu; Xun Gu; Mark Kimmel; Patrick O’Shea; Rick Trebino; Almantas Galvanauskas,https://openalex.org/A5038814132; https://openalex.org/A5067918077; https://openalex.org/A5077415792; https://openalex.org/A5060783855; https://openalex.org/A5068799067; https://openalex.org/A5082915146,Georgia Institute of Technology,US,1,Photonic Crystal and Fiber Optics,Electrical and Electronic Engineering,Engineering,Physical Sciences,
https://openalex.org/W2000418445,https://doi.org/10.1109/cleo.2000.906801,100 /spl mu/J and 5.5 W Yb-fiber femtosecond chirped pulse amplifier system,2000,conference-paper,7,3,5,G.C. Cho; Almantas Galvanauskas; M. E. Fermann; M. L. Stock; D. Harter,https://openalex.org/A5052566425; https://openalex.org/A5082915146; https://openalex.org/A5087612327; https://openalex.org/A5038490613; https://openalex.org/A5108793053,IMRA America (United States),,1,Laser-Matter Interactions and Applications,"Atomic and Molecular Physics, and Optics",Physics and Astronomy,Physical Sciences,
https://openalex.org/W2065237229,https://doi.org/10.1049/el:20001259,Bit error rate performance of ultrashort-pulseoptical CDMA detection under multi-access interference,2000,article,21,5,4,Shan Shen; Andrew M. Weiner; G. Sucha; M.L. Stock,https://openalex.org/A5076094600; https://openalex.org/A5005842047; https://openalex.org/A5035109511; https://openalex.org/A5005617242,Purdue University West Lafayette; IMRA America (United States),US,2,graph theory and CDMA systems,Electrical and Electronic Engineering,Engineering,Physical Sciences,Electronics Letters
https://openalex.org/W2067840963,https://doi.org/10.1063/1.1150240,"Compact THz-radiation source consisting of a bulk semiconductor, a mode-locked fiber laser, and a 2 T permanent magnet",2000,article,32,6,9,Shingo Ono; Takeyo Tsukamoto; Masahiro Sakai; Zhenlin Liu; Hideyuki Ohtake; Nobuhiko Sarukura; Seizi Nishizawa; A. Nakanishi; Makoto Yoshida,https://openalex.org/A5011129491; https://openalex.org/A5113547665; https://openalex.org/A5024893666; https://openalex.org/A5109497956; https://openalex.org/A5111859944; https://openalex.org/A5083868668; https://openalex.org/A5000035390; https://openalex.org/A5008506871; https://openalex.org/A5101550865,Tokyo University of Science; Institute for Molecular Science; Sumitomo Heavy Industries (Japan),JP,9,Terahertz technology and applications,Electrical and Electronic Engineering,Engineering,Physical Sciences,Review of Scientific Instruments
https://openalex.org/W1964813904,https://doi.org/10.1109/cleo.2000.906678,Generation and propagation of high-power parabolic pulses in optical fibers,2000,conference-paper,0,4,4,M. E. Fermann; Benn C. Thomsen; John M. Dudley; J.D. Harvey,https://openalex.org/A5087612327; https://openalex.org/A5001754778; https://openalex.org/A5048392024; https://openalex.org/A5108247965,IMRA America (United States),,1,Photonic Crystal and Fiber Optics,Electrical and Electronic Engineering,Engineering,Physical Sciences,
https://openalex.org/W2073594423,https://doi.org/10.1109/cleo.2000.907166,Generation of diffraction-limited femtosecond beams using spatially-multimode nanosecond pump sources in parametric chirped pulse amplification systems,2000,conference-paper,8,4,7,Almantas Galvanauskas; A. Hariharan; F. Ráksi; Kky Wong; D. Harter; G. Imeshev; M. M. Fejer,https://openalex.org/A5082915146; https://openalex.org/A5076589372; https://openalex.org/A5046452740; https://openalex.org/A5111908698; https://openalex.org/A5108793053; https://openalex.org/A5048896227; https://openalex.org/A5069035222,IMRA America (United States),,1,Advanced Fiber Laser Technologies,"Atomic and Molecular Physics, and Optics",Physics and Astronomy,Physical Sciences,
https://openalex.org/W1998588863,https://doi.org/10.1063/1.126390,Generation of narrow-band terahertz radiation via optical rectification of femtosecond pulses in periodically poled lithium niobate,2000,article,302,10,6,Y.-S. Lee; T. Meade; V.E. Perlin; Herbert G. Winful; Theodore B. Norris; Almantas Galvanauskas,https://openalex.org/A5040048960; https://openalex.org/A5032479919; https://openalex.org/A5052055019; https://openalex.org/A5041895354; https://openalex.org/A5088884083; https://openalex.org/A5082915146,University of Michigan; Optical Sciences (United States); IMRA America (United States),US,3,Terahertz technology and applications,Electrical and Electronic Engineering,Engineering,Physical Sciences,Applied Physics Letters
https://openalex.org/W1989086709,https://doi.org/10.1109/cleo.2000.906754,"Highly efficient, low-noise Yb femtosecond fiber source",2000,conference-paper,0,1,7,M.E. Fermann; M. L. Stock; Almantas Galvanauskas; A. Hariharan; G. Sucha; D. Harter; L. Goldberg,https://openalex.org/A5012155161; https://openalex.org/A5038490613; https://openalex.org/A5082915146; https://openalex.org/A5076589372; https://openalex.org/A5018921668; https://openalex.org/A5108793053; https://openalex.org/A5109269398,IMRA America (United States),,1,Photonic Crystal and Fiber Optics,Electrical and Electronic Engineering,Engineering,Physical Sciences,
https://openalex.org/W1569384391,https://doi.org/10.1109/cleo.1999.834066,1.5 μm pulse shaping by degenerate type II DFG with QPM gratings,2003,conference-paper,0,3,4,G. Imeshev; M. M. Fejer; Almantas Galvanauskas; D. Harter,https://openalex.org/A5048896227; https://openalex.org/A5069035222; https://openalex.org/A5082915146; https://openalex.org/A5108793053,Stanford University; IMRA America (United States),US,2,Advanced Fiber Laser Technologies,"Atomic and Molecular Physics, and Optics",Physics and Astronomy,Physical Sciences,
https://openalex.org/W1909861020,https://doi.org/10.1109/cleo.1999.834420,CW passive mode-locking evolved from Q-switched mode-locking in erbium doped fiber lasers,2003,conference-paper,1,4,4,Min Jiang; G. Sucha; M. E. Fermann; D. Harter,https://openalex.org/A5100659024; https://openalex.org/A5035109511; https://openalex.org/A5087612327; https://openalex.org/A5051446984,IMRA America (United States),,1,Advanced Fiber Laser Technologies,"Atomic and Molecular Physics, and Optics",Physics and Astronomy,Physical Sciences,
https://openalex.org/W2052638921,https://doi.org/10.1117/12.351836,&lt;title&gt;Fiber lasers in ultrafast optics&lt;/title&gt;,1999,conference-paper,2,0,5,M. E. Fermann; G. Sucha; Almantas Galvanauskes; Martin Hofer; D. Harter,https://openalex.org/A5087612327; https://openalex.org/A5035109511; https://openalex.org/A5110017159; ; https://openalex.org/A5108793053,IMRA America (United States),,1,Advanced Fiber Laser Technologies,"Atomic and Molecular Physics, and Optics",Physics and Astronomy,Physical Sciences,"Proceedings of SPIE, the International Society for Optical Engineering/Proceedings of SPIE"
https://openalex.org/W2109399298,https://doi.org/10.1109/68.766773,Low-noise amplification of high-power pulses in multimode fibers,1999,article,22,7,5,Michael Höfer; M. E. Fermann; Almantas Galvanauskas; D. Harter; Robert S. Windeler,https://openalex.org/A5074102234; https://openalex.org/A5087612327; https://openalex.org/A5082915146; https://openalex.org/A5108793053; https://openalex.org/A5049145074,IMRA America (United States),,5,Advanced Fiber Laser Technologies,"Atomic and Molecular Physics, and Optics",Physics and Astronomy,Physical Sciences,IEEE Photonics Technology Letters
https://openalex.org/W1995865384,https://doi.org/10.1364/ol.24.001074,Nonlinearly limited saturable-absorber mode locking of an erbium fiber laser,1999,article,47,8,8,Min Jiang; G. Sucha; M. E. Fermann; J. Jiménez; D. Harter; M. Dagenais; S. Fox; Yue Hu,https://openalex.org/A5060207677; https://openalex.org/A5035109511; https://openalex.org/A5087612327; https://openalex.org/A5010169168; https://openalex.org/A5108793053; https://openalex.org/A5050993786; https://openalex.org/A5060904098; https://openalex.org/A5101687969,"IMRA America (United States); University of Maryland, Baltimore",US,8,Advanced Fiber Laser Technologies,"Atomic and Molecular Physics, and Optics",Physics and Astronomy,Physical Sciences,Optics Letters
https://openalex.org/W1490200371,https://doi.org/10.1109/cleo.1999.834109,Passively mode-locked multi-mode fiber laser,2003,conference-paper,1,3,4,Michael Höfer; M. E. Fermann; Almantas Galvanauskas; Robert S. Windeler,https://openalex.org/A5074102234; https://openalex.org/A5087612327; https://openalex.org/A5082915146; https://openalex.org/A5049145074,IMRA America (United States),,1,Advanced Fiber Laser Technologies,"Atomic and Molecular Physics, and Optics",Physics and Astronomy,Physical Sciences,
https://openalex.org/W1992557950,https://doi.org/10.1117/12.351830,&lt;title&gt;Portable terahertz system and its applications&lt;/title&gt;,1999,conference-paper,19,0,4,Ming Li; X.-C. Zhang; G. Sucha; D. Harter,https://openalex.org/A5100351339; https://openalex.org/A5087184425; https://openalex.org/A5035109511; https://openalex.org/A5108793053,Rensselaer Polytechnic Institute; IMRA America (United States),US,2,Spectroscopy and Laser Applications,Spectroscopy,Chemistry,Physical Sciences,"Proceedings of SPIE, the International Society for Optical Engineering/Proceedings of SPIE"
https://openalex.org/W2278489885,https://doi.org/10.1364/josab.16.000339,Pulse-resolved measurements of subharmonic oscillations in a Kerr-lens mode-locked Ti:sapphire laser,1999,article,19,8,4,S. R. Bolton; R. A. Jenks; C. N. Elkinton; G. Sucha,https://openalex.org/A5054850532; https://openalex.org/A5081534430; https://openalex.org/A5082028109; https://openalex.org/A5035109511,Williams College; IMRA America (United States),US,4,Advanced Fiber Laser Technologies,"Atomic and Molecular Physics, and Optics",Physics and Astronomy,Physical Sciences,Journal of the Optical Society of America B
https://openalex.org/W1891809532,https://doi.org/10.1109/leos.1999.811858,Sub-THz transmission spectroscopy in liquids using a stand-alone compact unit,2003,conference-paper,0,4,4,G.C. Cho; Masahiko Tani; Joachim Wegener; Xicheng Zhang,https://openalex.org/A5052330475; https://openalex.org/A5052109482; https://openalex.org/A5005226020; https://openalex.org/A5033698712,Rensselaer Polytechnic Institute,US,1,Terahertz technology and applications,Electrical and Electronic Engineering,Engineering,Physical Sciences,
https://openalex.org/W1508749335,https://doi.org/10.1109/cleo.1999.834610,Tunable Er/sup 3+/ fiber femtosecond source amplified to W-level average power at 1.03-1.06 μm in Yb/sup 3+/ fiber,2003,conference-paper,1,0,6,M. E. Fermann; Almantas Galvanauskas; M. L. Stock; K. Wong; D. Harter; L. Goldberg,https://openalex.org/A5087612327; https://openalex.org/A5082915146; https://openalex.org/A5038490613; https://openalex.org/A5112686000; https://openalex.org/A5051446984; https://openalex.org/A5109269398,IMRA America (United States); United States Naval Research Laboratory,US,2,Advanced Fiber Laser Technologies,"Atomic and Molecular Physics, and Optics",Physics and Astronomy,Physical Sciences,
https://openalex.org/W2028509015,https://doi.org/10.1364/ol.24.001428,Ultrawide tunable Er soliton fiber laser amplified in Yb-doped fiber,1999,article,78,11,6,M. E. Fermann; Almantas Galvanauskas; M. L. Stock; Kky Wong; D. Harter; L. Goldberg,https://openalex.org/A5087612327; https://openalex.org/A5082915146; https://openalex.org/A5038490613; https://openalex.org/A5111908698; https://openalex.org/A5108793053; https://openalex.org/A5109269398,IMRA America (United States); United States Naval Research Laboratory,US,2,Advanced Fiber Laser Technologies,"Atomic and Molecular Physics, and Optics",Physics and Astronomy,Physical Sciences,Optics Letters
https://openalex.org/W1483439203,https://doi.org/10.4271/980086,A New Magnesium Alloy for Automotive Powertrain Applications,1998,conference-paper,21,5,2,Alan A. Luo; T. Shinoda,https://openalex.org/A5004871584; https://openalex.org/A5111418991,IMRA America (United States),,1,Magnesium Alloys: Properties and Applications,Biomaterials,Materials Science,Physical Sciences,SAE technical papers on CD-ROM/SAE technical paper series
https://openalex.org/W2160269414,https://doi.org/10.1364/ol.23.001695,"Chirped-pulse-amplification circuits for fiber amplifiers, based on chirped-period quasi-phase-matching gratings",1998,article,37,8,5,Almantas Galvanauskas; D. Harter; M. A. Arbore; Ming-Han Chou; M. M. Fejer,https://openalex.org/A5082915146; https://openalex.org/A5108793053; https://openalex.org/A5109992010; https://openalex.org/A5026021611; https://openalex.org/A5069035222,IMRA America (United States); Stanford University,US,5,Advanced Fiber Laser Technologies,"Atomic and Molecular Physics, and Optics",Physics and Astronomy,Physical Sciences,Optics Letters
https://openalex.org/W2037231852,https://doi.org/10.1117/12.580606,&lt;title&gt;Compact reliable fiber laser systems for industrial applications&lt;/title&gt;,1998,conference-paper,0,0,4,Almantas Galvanauskas; D. Harter; M. E. Fermann; A. Hariharan,https://openalex.org/A5082915146; https://openalex.org/A5108793053; https://openalex.org/A5087612327; https://openalex.org/A5076589372,IMRA America (United States),,1,Laser-Matter Interactions and Applications,"Atomic and Molecular Physics, and Optics",Physics and Astronomy,Physical Sciences,"Proceedings of SPIE, the International Society for Optical Engineering/Proceedings of SPIE"
https://openalex.org/W2106028934,https://doi.org/10.1364/josab.15.002847,Effects of cavity topology on the nonlinear dynamics of additive-pulse mode-locked lasers,1998,article,15,21,3,G. Sucha; D. S. Chemla; S. R. Bolton,https://openalex.org/A5035109511; https://openalex.org/A5037701220; https://openalex.org/A5054850532,"University of California, Berkeley; Williams College",US,3,Advanced Fiber Laser Technologies,"Atomic and Molecular Physics, and Optics",Physics and Astronomy,Physical Sciences,Journal of the Optical Society of America B
https://openalex.org/W2048408596,https://doi.org/10.1103/physrevb.58.16326,"Effects of confinement on carrier dynamics in<mml:math xmlns:mml=""http://www.w3.org/1998/Math/MathML"" display=""inline""><mml:mrow><mml:msub><mml:mrow><mml:mi mathvariant=""normal"">In</mml:mi></mml:mrow><mml:mrow><mml:mn>0.47</mml:mn></mml:mrow></mml:msub></mml:mrow><mml:mrow><mml:msub><mml:mrow><mml:mi mathvariant=""normal"">Ga</mml:mi></mml:mrow><mml:mrow><mml:mn>0.53</mml:mn></mml:mrow></mml:msub></mml:mrow><mml:mi mathvariant=""normal"">As</mml:mi></mml:math>heterostructures",1998,article,11,19,5,S. R. Bolton; G. Sucha; Daniel S. Chemla; D. L. Sivco; A. Y. Cho,https://openalex.org/A5054850532; https://openalex.org/A5035109511; https://openalex.org/A5103616137; https://openalex.org/A5084995074; https://openalex.org/A5004304035,"University of California, Berkeley",US,1,Quantum and electron transport phenomena,"Atomic and Molecular Physics, and Optics",Physics and Astronomy,Physical Sciences,"Physical review. B, Condensed matter"
https://openalex.org/W2130336774,https://doi.org/10.1049/el:19980888,Efficient Q-switched Ti:Er:LiNbO <sub>3</sub> waveguidelaser,1998,article,38,6,9,H. Suche; T. Oesselke; J. Pandavenes; Raimund Ricken; K. Rochhausen; W. Sohler; S. Balsamo; Ivo Montrosset; K.K. Wong,https://openalex.org/A5046960774; https://openalex.org/A5033379222; https://openalex.org/A5002856449; https://openalex.org/A5064902532; https://openalex.org/A5074220737; https://openalex.org/A5110117560; https://openalex.org/A5078943447; https://openalex.org/A5107196036; https://openalex.org/A5102103071,Paderborn University; Politecnico di Torino; IMRA America (United States),DE; IT,3,Advanced Fiber Laser Technologies,"Atomic and Molecular Physics, and Optics",Physics and Astronomy,Physical Sciences,Electronics Letters
https://openalex.org/W1966640150,https://doi.org/10.1364/ol.23.000864,Engineerable femtosecond pulse shaping by second-harmonic generation with Fourier synthetic quasi-phase-matching gratings,1998,article,64,5,6,G. Imeshev; Almantas Galvanauskas; D. Harter; M. A. Arbore; Matthew Proctor; M. M. Fejer,https://openalex.org/A5048896227; https://openalex.org/A5082915146; https://openalex.org/A5108793053; https://openalex.org/A5109992010; https://openalex.org/A5083751290; https://openalex.org/A5069035222,Stanford University; IMRA America (United States),US,2,Advanced Fiber Laser Technologies,"Atomic and Molecular Physics, and Optics",Physics and Astronomy,Physical Sciences,Optics Letters
https://openalex.org/W2142955190,https://doi.org/10.1109/cleo.1998.676037,Frequency doubling of Er-doped multimode fiber compressor-amplifiers,1998,conference-paper,1,2,3,M. E. Fermann; Almantas Galvanauskas; D. Harter,https://openalex.org/A5087612327; https://openalex.org/A5082915146; https://openalex.org/A5108793053,IMRA America (United States),,1,Optical Network Technologies,Electrical and Electronic Engineering,Engineering,Physical Sciences,
https://openalex.org/W2154329631,https://doi.org/10.1364/ol.23.000210,High-energy femtosecond pulse amlification in a quasi-phase-matched parametric amplifier,1998,article,81,10,5,Almantas Galvanauskas; A. Hariharan; D. Harter; M. A. Arbore; M. M. Fejer,https://openalex.org/A5082915146; https://openalex.org/A5076589372; https://openalex.org/A5051446984; https://openalex.org/A5109992010; https://openalex.org/A5069035222,IMRA America (United States); Stanford University,US,5,Advanced Fiber Laser Technologies,"Atomic and Molecular Physics, and Optics",Physics and Astronomy,Physical Sciences,Optics Letters
https://openalex.org/W2101984371,https://doi.org/10.1109/cleo.1998.676310,High-energy high-average-power femtosecond fiber system using a QPM-grating pulse compressor,1998,conference-paper,1,2,7,B. Galvanauskas; M. E. Fermann; M. A. Arbore; J.D. Minelly; J.E. Caplen; M. M. Fejer; D. Harter,https://openalex.org/A5033121788; https://openalex.org/A5087612327; https://openalex.org/A5109992010; https://openalex.org/A5006252899; https://openalex.org/A5085341528; https://openalex.org/A5069035222; https://openalex.org/A5108793053,IMRA America (United States); Stanford University; University of Southampton,US; GB,3,Advanced Fiber Laser Technologies,"Atomic and Molecular Physics, and Optics",Physics and Astronomy,Physical Sciences,
https://openalex.org/W2077107834,https://doi.org/10.1364/ol.23.001840,High-power 100-fs pulse generation by frequency doubling of an erbium–ytterbium-fiber master oscillator power amplifier,1998,article,39,7,5,Michael Höfer; M. E. Fermann; Almantas Galvanauskas; D. Harter; Robert S. Windeler,https://openalex.org/A5074102234; https://openalex.org/A5087612327; https://openalex.org/A5082915146; https://openalex.org/A5108793053; https://openalex.org/A5049145074,IMRA America (United States),,1,Advanced Fiber Laser Technologies,"Atomic and Molecular Physics, and Optics",Physics and Astronomy,Physical Sciences,Optics Letters
https://openalex.org/W2160732370,https://doi.org/10.1109/68.705605,High-power side-pumped passively mode-locked Er-Yb fiber laser,1998,article,20,8,3,Michael Höfer; M. E. Fermann; L. Goldberg,https://openalex.org/A5074102234; https://openalex.org/A5087612327; https://openalex.org/A5109269398,IMRA America (United States); United States Naval Research Laboratory,US,3,Advanced Fiber Laser Technologies,"Atomic and Molecular Physics, and Optics",Physics and Astronomy,Physical Sciences,IEEE Photonics Technology Letters
https://openalex.org/W1507408601,https://doi.org/10.1109/ofc.1998.657185,High-power single-mode fiber amplifiers using multimode fibers,2002,conference-paper,7,1,5,M. E. Fermann; Almantas Galvanauskas; D. Harter; J.D. Minelly; J.E. Caplen,https://openalex.org/A5087612327; https://openalex.org/A5082915146; https://openalex.org/A5051446984; https://openalex.org/A5006252899; https://openalex.org/A5085341528,IMRA America (United States),,1,Advanced Fiber Laser Technologies,"Atomic and Molecular Physics, and Optics",Physics and Astronomy,Physical Sciences,
https://openalex.org/W2134119508,https://doi.org/10.1109/cleo.1998.675801,"Microlaser pumped, engineerable bandwidth parametric chirped-pulse amplifier using electric-field-poled LiNbO/sub 3/",1998,conference-paper,3,5,5,Almantas Galvanauskas; A. Hariharan; D. Harter; M. A. Arbore; M. M. Fejer,https://openalex.org/A5082915146; https://openalex.org/A5076589372; https://openalex.org/A5108793053; https://openalex.org/A5109992010; https://openalex.org/A5069035222,IMRA America (United States),,1,Advanced Fiber Laser Technologies,"Atomic and Molecular Physics, and Optics",Physics and Astronomy,Physical Sciences,
https://openalex.org/W1823200270,https://doi.org/10.1109/leos.1998.737810,Noise considerations for ultrafast measurements,2002,conference-paper,2,2,1,G. Sucha,https://openalex.org/A5035109511,IMRA America (United States),,1,Advanced Fiber Laser Technologies,"Atomic and Molecular Physics, and Optics",Physics and Astronomy,Physical Sciences,
https://openalex.org/W1499742977,https://doi.org/10.1109/nlo.1998.710278,Robust high-power and wavelength-tunable femtosecond fiber system based on engineerable PPLN devices,2002,conference-paper,8,5,8,A. Galvanuskas; M. E. Fermann; M. A. Arbore; M. M. Fejer; J.D. Minelly; J.E. Caplen; Kky Wong; D. Harter,https://openalex.org/A5026345522; https://openalex.org/A5087612327; https://openalex.org/A5109992010; https://openalex.org/A5069035222; https://openalex.org/A5006252899; https://openalex.org/A5085341528; https://openalex.org/A5111908698; https://openalex.org/A5108793053,IMRA America (United States); Stanford University; University of Southampton,US; GB,3,Advanced Fiber Laser Technologies,"Atomic and Molecular Physics, and Optics",Physics and Astronomy,Physical Sciences,"Nonlinear Optics '98. Materials, Fundamentals and Applications Topical Meeting (Cat. No.98CH36244)"
https://openalex.org/W2034433651,https://doi.org/10.1364/ol.23.000052,Single-mode excitation of multimode fibers with ultrashort pulses,1998,article,293,12,1,M. E. Fermann,https://openalex.org/A5087612327,IMRA America (United States),,1,Advanced Fiber Laser Technologies,"Atomic and Molecular Physics, and Optics",Physics and Astronomy,Physical Sciences,Optics Letters
https://openalex.org/W2157715898,https://doi.org/10.1109/cleo.1998.676035,Time-domain jitter measurement of ultrafast lasers,1998,conference-paper,0,6,3,G. Sucha; M. E. Fermann; D. Harter,https://openalex.org/A5035109511; https://openalex.org/A5087612327; https://openalex.org/A5108793053,IMRA America (United States),,1,Advanced Fiber Laser Technologies,"Atomic and Molecular Physics, and Optics",Physics and Astronomy,Physical Sciences,
https://openalex.org/W2109501264,https://doi.org/10.1109/cleo.1998.676304,Use of volume chirped Bragg gratings for compact high-energy chirped pulse amplification circuits,1998,conference-paper,13,4,4,Almantas Galvanauskas; A. D. Heaney; T. Erdoğan; D. Harter,https://openalex.org/A5082915146; https://openalex.org/A5070795086; https://openalex.org/A5036621334; https://openalex.org/A5108793053,IMRA America (United States); University of Rochester,US,2,Advanced Fiber Laser Technologies,"Atomic and Molecular Physics, and Optics",Physics and Astronomy,Physical Sciences,
https://openalex.org/W2122314201,https://doi.org/10.1109/4.628738,A monolithic gallium arsenide interval timer IC with integrated PLL clock synthesis having 500-ps single shot resolution,1997,article,6,2,2,S. Nati; I. Kyles,https://openalex.org/A5084817249; https://openalex.org/A5075618033,IMRA America (United States),,2,Advancements in PLL and VCO Technologies,Electrical and Electronic Engineering,Engineering,Physical Sciences,IEEE Journal of Solid-State Circuits
https://openalex.org/W2083539450,https://doi.org/10.1109/cleo.1997.603463,Cladding-pumped fiber laser\amplifier system generating 100 μJ energy picosecond pulses,2005,conference-paper,11,4,5,J.D. Minelly; Almantas Galvanauskas; D. Harter; J.E. Caplen; Liang Dong,https://openalex.org/A5006252899; https://openalex.org/A5082915146; https://openalex.org/A5051446984; https://openalex.org/A5085341528; https://openalex.org/A5100692545,University of Southampton,GB,1,Photonic Crystal and Fiber Optics,Electrical and Electronic Engineering,Engineering,Physical Sciences,
https://openalex.org/W1969737164,https://doi.org/10.1103/physrevb.55.15768,Effect of confinement on energy-dependent dephasing in heterostructures,1997,article,1,19,6,S. R. Bolton; S. Bar‐Ad; G. Sucha; D. S. Chemla; D. L. Sivco; A. Y. Cho,https://openalex.org/A5054850532; https://openalex.org/A5108368340; https://openalex.org/A5035109511; https://openalex.org/A5037701220; https://openalex.org/A5084995074; https://openalex.org/A5043168827,"Lawrence Berkeley National Laboratory; University of California, Berkeley",US,6,Quantum and electron transport phenomena,"Atomic and Molecular Physics, and Optics",Physics and Astronomy,Physical Sciences,"Physical review. B, Condensed matter"
https://openalex.org/W2153139859,https://doi.org/10.1364/ol.22.001341,Engineerable compression of ultrashort pulses by use of second-harmonic generation in chirped-period-poled lithium niobate,1997,article,194,10,5,M. A. Arbore; Almantas Galvanauskas; D. Harter; Ming-Han Chou; M. M. Fejer,https://openalex.org/A5109992010; https://openalex.org/A5082915146; https://openalex.org/A5108793053; https://openalex.org/A5026021611; https://openalex.org/A5069035222,Stanford University; IMRA America (United States),US,2,Photorefractive and Nonlinear Optics,"Atomic and Molecular Physics, and Optics",Physics and Astronomy,Physical Sciences,Optics Letters
https://openalex.org/W2648192908,https://doi.org/10.1007/s003400050272,Fiber-lasers for ultrafast optics,1997,article,133,6,4,M. E. Fermann; Almantas Galvanauskas; G. Sucha; D. Harter,https://openalex.org/A5087612327; https://openalex.org/A5082915146; https://openalex.org/A5035109511; https://openalex.org/A5108793053,Toyota Motor Corporation (Switzerland); IMRA America (United States),CH,2,Optical Network Technologies,Electrical and Electronic Engineering,Engineering,Physical Sciences,Applied Physics B
https://openalex.org/W2138491308,https://doi.org/10.1364/ol.22.000105,Fiber-laser-based femtosecond parametric generator in bulk periodically poled LiNbO_3,1997,article,63,14,5,Almantas Galvanauskas; M. A. Arbore; M. M. Fejer; M. E. Fermann; D. Harter,https://openalex.org/A5082915146; https://openalex.org/A5109992010; https://openalex.org/A5069035222; https://openalex.org/A5087612327; https://openalex.org/A5108793053,IMRA America (United States); Stanford University,US,2,Advanced Fiber Laser Technologies,"Atomic and Molecular Physics, and Optics",Physics and Astronomy,Physical Sciences,Optics Letters
https://openalex.org/W2117359167,https://doi.org/10.1364/ol.22.000013,Frequency doubling of femtosecond erbium-fiber soliton lasers in periodically poled lithium niobate,1997,article,95,12,6,M. A. Arbore; M. M. Fejer; M. E. Fermann; A. Hariharan; Almantas Galvanauskas; D. Harter,https://openalex.org/A5109992010; https://openalex.org/A5069035222; https://openalex.org/A5087612327; https://openalex.org/A5076589372; https://openalex.org/A5082915146; https://openalex.org/A5108793053,Stanford University; IMRA America (United States),US,6,Advanced Fiber Laser Technologies,"Atomic and Molecular Physics, and Optics",Physics and Astronomy,Physical Sciences,Optics Letters
https://openalex.org/W2041087449,https://doi.org/10.1109/2944.571759,A new method for rapid temporal scanning of ultrafast lasers,1996,article,30,30,4,G. Sucha; M. E. Fermann; D. Harter; Michael Höfer,https://openalex.org/A5035109511; https://openalex.org/A5087612327; https://openalex.org/A5108793053; https://openalex.org/A5074102234,IMRA America (United States); TU Wien,AT,4,Advanced Fiber Laser Technologies,"Atomic and Molecular Physics, and Optics",Physics and Astronomy,Physical Sciences,IEEE Journal of Selected Topics in Quantum Electronics
https://openalex.org/W2082510896,https://doi.org/10.1364/ol.21.000128,Alexandrite-pumped alexandrite regenerative amplifier for femtosecond pulse amplification,1996,article,21,10,5,A. Hariharan; Jeff Squier; M. E. Fermann; M. L. Stock; D. Harter,https://openalex.org/A5076589372; https://openalex.org/A5109240814; https://openalex.org/A5087612327; https://openalex.org/A5038490613; https://openalex.org/A5108793053,IMRA America (United States); University of California San Diego,US,5,Solid State Laser Technologies,Electrical and Electronic Engineering,Engineering,Physical Sciences,Optics Letters
https://openalex.org/W2139903463,https://doi.org/10.1364/ol.21.000970,Cladding-pumped passive harmonically mode-locked fiber laser,1996,article,32,14,2,M. E. Fermann; J.D. Minelly,https://openalex.org/A5087612327; https://openalex.org/A5006252899,IMRA America (United States); University of Southampton,GB,2,Advanced Fiber Laser Technologies,"Atomic and Molecular Physics, and Optics",Physics and Astronomy,Physical Sciences,Optics Letters
https://openalex.org/W2045065732,https://doi.org/10.1364/ol.21.000967,Cladding-pumped passively mode-locked fiber laser generating femtosecond and picosecond pulses,1996,article,32,11,4,M. E. Fermann; J.D. Minelly; Guillaume Vienne; D. Harter,https://openalex.org/A5087612327; https://openalex.org/A5006252899; https://openalex.org/A5033515019; https://openalex.org/A5051446984,IMRA America (United States); University of Southampton,GB,4,Advanced Fiber Laser Technologies,"Atomic and Molecular Physics, and Optics",Physics and Astronomy,Physical Sciences,Optics Letters
https://openalex.org/W1503378058,https://doi.org/10.1109/leos.1996.565158,Femtosecond watt-level fiber amplification circuits,2002,conference-paper,0,2,1,Almantas Galvanauskas,https://openalex.org/A5082915146,IMRA America (United States),,1,Advanced Fiber Laser Technologies,"Atomic and Molecular Physics, and Optics",Physics and Astronomy,Physical Sciences,
https://openalex.org/W2027273230,https://doi.org/10.1016/0030-4018(96)00403-8,Injection of ultrafast regenerative amplifiers with low energy femtosecond pulses from an Er-doped fiber laser,1996,article,5,15,7,A. Hariharan; D. Harter; Thomas S. Sosnowski; Steve Kane; Detao Du; Theodore B. Norris; Jeff Squier,https://openalex.org/A5076589372; https://openalex.org/A5108793053; https://openalex.org/A5113560020; https://openalex.org/A5051220203; https://openalex.org/A5102185724; https://openalex.org/A5088884083; https://openalex.org/A5109240814,IMRA America (United States); University of Michigan; Optical Sciences (United States); University of California San Diego,US,4,Laser-Matter Interactions and Applications,"Atomic and Molecular Physics, and Optics",Physics and Astronomy,Physical Sciences,Optics Communications
https://openalex.org/W2130266943,https://doi.org/10.1109/ofc.1996.907589,Monolithic polarization-insensitive passively mode-locked fiber laser,2005,conference-paper,2,3,11,M. Hofer; M. H. Ober; R. Hofer; Georg A. Reider; Kate Sugden; I. Bennion; M. E. Fermann; G. Sucha; D. Harter; C.A.C. Mendonça; T. H. Chiu,https://openalex.org/A5040404391; https://openalex.org/A5022866935; https://openalex.org/A5044422598; https://openalex.org/A5081648115; https://openalex.org/A5041536404; https://openalex.org/A5105775084; https://openalex.org/A5087612327; https://openalex.org/A5035109511; https://openalex.org/A5051446984; https://openalex.org/A5111882369; https://openalex.org/A5109247594,TU Wien; Aston University; IMRA America (United States); AT&T (United States),AT; GB; US,4,Advanced Fiber Laser Technologies,"Atomic and Molecular Physics, and Optics",Physics and Astronomy,Physical Sciences,
https://openalex.org/W2077079774,https://doi.org/10.1364/ol.21.001049,Nanosecond-to-picosecond pulse compression with fiber gratings in a compact fiber-based chirped-pulse-amplification system,1996,article,20,9,3,Almantas Galvanauskas; P.A. Krug; D. Harter,https://openalex.org/A5082915146; https://openalex.org/A5057656953; https://openalex.org/A5051446984,IMRA America (United States),,1,Advanced Fiber Laser Technologies,"Atomic and Molecular Physics, and Optics",Physics and Astronomy,Physical Sciences,Optics Letters
https://openalex.org/W1564112355,https://doi.org/10.1109/ofc.1996.908245,Nonlinear effects in femtosecond pulse amplification using chirped fiber gratings,2005,conference-paper,0,4,3,Stojan Radic; Govind P. Agrawal; Almantas Galvanauskas,https://openalex.org/A5019830351; https://openalex.org/A5013351312; https://openalex.org/A5082915146,University of Rochester,US,1,Laser-Plasma Interactions and Diagnostics,Nuclear and High Energy Physics,Physics and Astronomy,Physical Sciences,
https://openalex.org/W1996091483,https://doi.org/10.1364/ol.21.001570,"Synchronization of environmentally coupled, passively mode-locked fiber lasers",1996,article,9,5,5,G. Sucha; Michael Höfer; M. E. Fermann; F. Haberl; D. Harter,https://openalex.org/A5035109511; https://openalex.org/A5074102234; https://openalex.org/A5087612327; https://openalex.org/A5089520178; https://openalex.org/A5108793053,IMRA America (United States),,1,Advanced Fiber Laser Technologies,"Atomic and Molecular Physics, and Optics",Physics and Astronomy,Physical Sciences,Optics Letters
https://openalex.org/W2037841321,https://doi.org/10.1063/1.113571,All-fiber femtosecond pulse amplification circuit using chirped Bragg gratings,1995,article,104,0,5,Almantas Galvanauskas; M. E. Fermann; D. Harter; Kate Sugden; I. Bennion,https://openalex.org/A5082915146; https://openalex.org/A5087612327; https://openalex.org/A5051446984; https://openalex.org/A5041536404; https://openalex.org/A5105775084,IMRA America (United States); Aston University,GB,5,Advanced Fiber Laser Technologies,"Atomic and Molecular Physics, and Optics",Physics and Astronomy,Physical Sciences,Applied Physics Letters
https://openalex.org/W2074201033,https://doi.org/10.1117/12.206403,&lt;title&gt;Compact ultrahigh-power laser systems&lt;/title&gt;,1995,conference-paper,4,0,1,Almantas Galvanauskas,https://openalex.org/A5082915146,IMRA America (United States),,1,Advanced Fiber Laser Technologies,"Atomic and Molecular Physics, and Optics",Physics and Astronomy,Physical Sciences,"Proceedings of SPIE, the International Society for Optical Engineering/Proceedings of SPIE"
https://openalex.org/W19859132,https://doi.org/10.1364/ol.20.000195,INFLUENCE OF A STELLAR DENSITY GRADIENT ON THE GRAVITATIONAL MICROFIELD IN STELLAR CLUSTERS.,1968,article,0,0,2,J. Birn; K. Weise,https://openalex.org/A5009793200; https://openalex.org/A5038905436,,,2,Advanced Control Systems Optimization,Control and Systems Engineering,Engineering,Physical Sciences,European Physical Journal A
https://openalex.org/W1991515492,https://doi.org/10.1364/ol.20.001625,Environmentally stable high-power soliton fiber lasers that use chirped fiber Bragg gratings,1995,article,10,15,3,M. E. Fermann; Kate Sugden; I. Bennion,https://openalex.org/A5087612327; https://openalex.org/A5041536404; https://openalex.org/A5105775084,IMRA America (United States),,1,Advanced Fiber Laser Technologies,"Atomic and Molecular Physics, and Optics",Physics and Astronomy,Physical Sciences,Optics Letters
https://openalex.org/W1965446579,https://doi.org/10.1364/ol.20.001797,Femtosecond pulse amplification in cladding-pumped fibers,1995,article,34,11,7,J.D. Minelly; J.E. Caplen; Z. J. Chen; Almantas Galvanauskas; M. E. Fermann; D. N. Payne; D. Harter,https://openalex.org/A5006252899; https://openalex.org/A5085341528; https://openalex.org/A5004217073; https://openalex.org/A5082915146; https://openalex.org/A5087612327; https://openalex.org/A5089541556; https://openalex.org/A5051446984,IMRA America (United States); University of Southampton,GB,7,Advanced Fiber Laser Technologies,"Atomic and Molecular Physics, and Optics",Physics and Astronomy,Physical Sciences,Optics Letters
https://openalex.org/W2021769171,https://doi.org/10.1049/el:19950147,Generation of 10 nJ picosecond pulses from a modelockedfibre laser,1995,article,15,3,3,M. E. Fermann; Kate Sugden; I. Bennion,https://openalex.org/A5087612327; https://openalex.org/A5041536404; https://openalex.org/A5105775084,IMRA America (United States); Aston University,GB,2,Advanced Fiber Laser Technologies,"Atomic and Molecular Physics, and Optics",Physics and Astronomy,Physical Sciences,Electronics Letters
https://openalex.org/W2019154054,https://doi.org/10.1364/ol.20.001701,High-power neodymium soliton fiber laser that uses a chirped fiber grating,1995,article,18,14,10,Michael Höfer; M. E. Fermann; Kate Sugden; C.A.C. Mendonça; T. H. Chiu; I. Bennion; G. Sucha; M. H. Ober; R. Hofer; D. Harter,https://openalex.org/A5074102234; https://openalex.org/A5053995427; https://openalex.org/A5041536404; https://openalex.org/A5111882369; https://openalex.org/A5019159320; https://openalex.org/A5105775084; https://openalex.org/A5035109511; https://openalex.org/A5022866935; https://openalex.org/A5044422598; https://openalex.org/A5051446984,TU Wien; IMRA America (United States); Aston University; AT&T (United States),AT; GB; US,10,Advanced Fiber Laser Technologies,"Atomic and Molecular Physics, and Optics",Physics and Astronomy,Physical Sciences,Optics Letters
https://openalex.org/W1964455003,https://doi.org/10.1364/ol.20.001794,Period doubling and quasi-periodicity in additive-pulse mode-locked lasers,1995,article,56,9,4,G. Sucha; S. R. Bolton; Shimon Weiss; D. S. Chemla,https://openalex.org/A5035109511; https://openalex.org/A5054850532; https://openalex.org/A5060401840; https://openalex.org/A5037701220,"Lawrence Berkeley National Laboratory; University of California, Berkeley",US,4,Advanced Fiber Laser Technologies,"Atomic and Molecular Physics, and Optics",Physics and Astronomy,Physical Sciences,Optics Letters
https://openalex.org/W2104896075,https://doi.org/10.1364/ol.20.002303,Widely tunable femtosecond neodymium fiber laser,1995,article,6,15,9,M. H. Ober; G. Sucha; C.A.C. Mendonça; T. H. Chiu; M. E. Fermann; Michael Höfer; R. Hofer; D. Harter; Georg A. Reider,https://openalex.org/A5022866935; https://openalex.org/A5035109511; https://openalex.org/A5111882369; https://openalex.org/A5109247594; https://openalex.org/A5087612327; https://openalex.org/A5074102234; https://openalex.org/A5044422598; https://openalex.org/A5108793053; https://openalex.org/A5081648115,TU Wien; IMRA America (United States); AT&T (United States),AT; US,9,Advanced Fiber Laser Technologies,"Atomic and Molecular Physics, and Optics",Physics and Astronomy,Physical Sciences,Optics Letters
https://openalex.org/W1985967645,https://doi.org/10.1063/1.111919,All-fiber source of 100-nJ subpicosecond pulses,1994,article,25,7,3,M. E. Fermann; Almantas Galvanauskas; D. Harter,https://openalex.org/A5087612327; https://openalex.org/A5082915146; https://openalex.org/A5051446984,IMRA America (United States),,1,Advanced Fiber Laser Technologies,"Atomic and Molecular Physics, and Optics",Physics and Astronomy,Physical Sciences,Applied Physics Letters
https://openalex.org/W1964452859,https://doi.org/10.1063/1.112020,Carrier relaxation in InGaAs heterostructures,1994,article,12,16,5,G. Sucha; S. R. Bolton; D. S. Chemla; D.L. Sivco; A. Y. Cho,https://openalex.org/A5035109511; https://openalex.org/A5054850532; https://openalex.org/A5037701220; https://openalex.org/A5110235926; https://openalex.org/A5110871963,"Lawrence Berkeley National Laboratory; University of California, Berkeley; AT&T (United States)",US,5,Semiconductor Quantum Structures and Devices,"Atomic and Molecular Physics, and Optics",Physics and Astronomy,Physical Sciences,Applied Physics Letters
https://openalex.org/W2029675787,https://doi.org/10.1364/ol.19.000043,Environmentally stable Kerr-type mode-locked erbium fiber laser producing 360-fs pulses,1994,article,116,10,4,M. E. Fermann; Yang Lu; M. J. Andrejco; M. L. Stock,https://openalex.org/A5087612327; https://openalex.org/A5101637567; https://openalex.org/A5086474608; https://openalex.org/A5060200284,IMRA America (United States); University of Michigan; Optical Sciences (United States),US,3,Advanced Fiber Laser Technologies,"Atomic and Molecular Physics, and Optics",Physics and Astronomy,Physical Sciences,Optics Letters
https://openalex.org/W2060611956,https://doi.org/10.1364/ol.19.001201,High-power amplification of femtosecond optical pulses in a diode-pumped fiber system,1994,article,26,6,3,Almantas Galvanauskas; M. E. Fermann; D. Harter,https://openalex.org/A5082915146; https://openalex.org/A5087612327; https://openalex.org/A5051446984,IMRA America (United States),,1,Advanced Fiber Laser Technologies,"Atomic and Molecular Physics, and Optics",Physics and Astronomy,Physical Sciences,Optics Letters
https://openalex.org/W1989448993,https://doi.org/10.1364/ol.19.001043,Hybrid diode-laser fiber-amplifier source of high-energy ultrashort pulses,1994,article,40,4,5,Almantas Galvanauskas; P. Blixt; Jens Aage Tellefsen; D. Harter; M. E. Fermann,https://openalex.org/A5082915146; https://openalex.org/A5050941104; https://openalex.org/A5080987312; https://openalex.org/A5108793053; https://openalex.org/A5087612327,IMRA America (United States); KTH Royal Institute of Technology,SE,5,Laser Design and Applications,Electrical and Electronic Engineering,Engineering,Physical Sciences,Optics Letters
https://openalex.org/W1990551692,https://doi.org/10.1063/1.111450,Ultrafast dynamics of the optical mode of a 1.5 μm multiple quantum well optical amplifier,1994,article,5,17,5,D. Botkin; Shimon Weiss; G. Sucha; D. S. Chemla; J. M. Wiesenfeld,https://openalex.org/A5050263295; https://openalex.org/A5060401840; https://openalex.org/A5035109511; https://openalex.org/A5037701220; https://openalex.org/A5058538486,Lawrence Berkeley National Laboratory; AT&T (United States),US,5,Optical Network Technologies,Electrical and Electronic Engineering,Engineering,Physical Sciences,Applied Physics Letters
https://openalex.org/W2020287895,https://doi.org/10.1007/bf01081312,Ultrashort-pulse sources based on single-mode rare-earth-doped fibers,1994,article,53,97,1,M. E. Fermann,https://openalex.org/A5087612327,IMRA America (United States),,1,Advanced Fiber Laser Technologies,"Atomic and Molecular Physics, and Optics",Physics and Astronomy,Physical Sciences,Applied Physics B
https://openalex.org/W2035418072,https://doi.org/10.1364/ol.18.000367,42-fs pulse generation from a mode-locked fiber laser started with a moving mirror,1993,article,58,16,3,M. H. Ober; M. Hofer; M. E. Fermann,https://openalex.org/A5022866935; https://openalex.org/A5025156660; https://openalex.org/A5087612327,TU Wien,AT,1,Advanced Fiber Laser Technologies,"Atomic and Molecular Physics, and Optics",Physics and Astronomy,Physical Sciences,Optics Letters
https://openalex.org/W2045257087,https://doi.org/10.1063/1.110701,Generation of femtosecond optical pulses with nanojoule energy from a diode laser and fiber based system,1993,article,26,8,3,Almantas Galvanauskas; P. Blixt; Jens Aage Tellefsen,https://openalex.org/A5082915146; https://openalex.org/A5050941104; https://openalex.org/A5080987312,KTH Royal Institute of Technology,SE,3,Laser-Matter Interactions and Applications,"Atomic and Molecular Physics, and Optics",Physics and Astronomy,Physical Sciences,Applied Physics Letters
https://openalex.org/W1970946056,https://doi.org/10.1364/ol.18.000048,Generation of pulses shorter than 200 fs from a passively mode-locked Er fiber laser,1993,article,44,15,4,M. E. Fermann; M. J. Andrejco; Yaron Silberberg; Andrew M. Weiner,https://openalex.org/A5087612327; https://openalex.org/A5086474608; https://openalex.org/A5109223535; https://openalex.org/A5005842047,,,4,Advanced Fiber Laser Technologies,"Atomic and Molecular Physics, and Optics",Physics and Astronomy,Physical Sciences,Optics Letters
https://openalex.org/W2050067095,https://doi.org/10.1063/1.108516,Passive mode locking in erbium fiber lasers with negative group delay,1993,article,55,13,5,M. E. Fermann; M. J. Andrejco; M. L. Stock; Yaron Silberberg; Andrew M. Weiner,https://openalex.org/A5087612327; https://openalex.org/A5086474608; https://openalex.org/A5038490613; https://openalex.org/A5109223535; https://openalex.org/A5005842047,,,5,Advanced Fiber Laser Technologies,"Atomic and Molecular Physics, and Optics",Physics and Astronomy,Physical Sciences,Applied Physics Letters
https://openalex.org/W1992001371,https://doi.org/10.1364/ol.18.001505,Shaping of ultrashort optical pulses by using an integrated acousto-optic tunable filter,1993,article,48,10,5,M. E. Fermann; Valéria Loureiro da Silva; David A. Smith; Yaron Silberberg; A. M. Weiner,https://openalex.org/A5087612327; https://openalex.org/A5066217111; https://openalex.org/A5090728060; https://openalex.org/A5109223535; https://openalex.org/A5058113085,,,5,Optical and Acousto-Optic Technologies,"Atomic and Molecular Physics, and Optics",Physics and Astronomy,Physical Sciences,Optics Letters
https://openalex.org/W2008417843,https://doi.org/10.1364/ol.18.001529,Synchronous mode locking using pump-induced phase modulation,1993,article,15,5,4,M. L. Stock; M. J. Andrejco; M. E. Fermann; Yang Lu,https://openalex.org/A5038490613; https://openalex.org/A5086474608; https://openalex.org/A5087612327; https://openalex.org/A5101637567,University of Michigan; Optical Sciences (United States); AT&T (United States); IMRA America (United States),US,4,Advanced Fiber Laser Technologies,"Atomic and Molecular Physics, and Optics",Physics and Astronomy,Physical Sciences,Optics Letters
https://openalex.org/W2147793052,https://doi.org/10.1109/3.124997,Characterization of ultrashort pulse formation in passively mode-locked fiber lasers,1992,article,156,32,4,Michael Höfer; M. H. Ober; F. Haberl; M. E. Fermann,https://openalex.org/A5074102234; https://openalex.org/A5022866935; https://openalex.org/A5089520178; https://openalex.org/A5087612327,TU Wien,AT,1,Advanced Fiber Laser Technologies,"Atomic and Molecular Physics, and Optics",Physics and Astronomy,Physical Sciences,IEEE Journal of Quantum Electronics
https://openalex.org/W2009487771,https://doi.org/10.1063/1.107456,Real-time picosecond electro-optic oscilloscope technique using a tunable semiconductor laser,1992,article,23,5,5,Almantas Galvanauskas; Jens Aage Tellefsen; A. Krotkus; M. Öberg; B. Broberg,https://openalex.org/A5082915146; https://openalex.org/A5080987312; https://openalex.org/A5091400989; https://openalex.org/A5080851630; https://openalex.org/A5108297838,KTH Royal Institute of Technology; Lithuanian Academy of Sciences; Swedish Institute,SE; LT,5,Photonic and Optical Devices,Electrical and Electronic Engineering,Engineering,Physical Sciences,Applied Physics Letters
https://openalex.org/W2532899216,https://doi.org/10.1109/leosst.1992.697422,Recent Advances In Ultrashort Optical Pulse Shaping For High-speed Communications,2005,conference-paper,1,5,8,Andrew M. Weiner; V.L. DaSilva; M. E. Fermann; Daniel E. Leaird; Eung Gi Paek; D. H. Reitze; Yaron Silberberg; David A. Smith,https://openalex.org/A5005842047; https://openalex.org/A5083202894; https://openalex.org/A5087612327; https://openalex.org/A5050232201; https://openalex.org/A5109390967; https://openalex.org/A5062793389; https://openalex.org/A5109223535; https://openalex.org/A5090728060,,,0,graph theory and CDMA systems,Electrical and Electronic Engineering,Engineering,Physical Sciences,
https://openalex.org/W2079030380,https://doi.org/10.1109/3.239,Regenerative amplification in alexandrite of pulses from specialized oscillators,1988,article,13,19,5,Philippe Bado; M. Pessot; Jeff Squier; G. Mourou; D. Harter,https://openalex.org/A5035035007; https://openalex.org/A5045531653; https://openalex.org/A5109240814; https://openalex.org/A5057252770; https://openalex.org/A5108793053,Energetics (United States); Laboratory for Laser Energetics; University of Rochester,US,3,Laser Design and Applications,Electrical and Electronic Engineering,Engineering,Physical Sciences,IEEE Journal of Quantum Electronics
https://openalex.org/W7135085313,https://doi.org/10.1145/3776734.3794360,"Towards the Development of a Robot for Well-Being: Applying the Motivation, Engagement, and Thriving in User Experience (METUX) Model",2026,conference-paper,0,28,6,Marina Obata; Yuka Iwanaga; Masayoshi Tsuchinaga; Akitoshi Mizutani; Daniel R. J. Downes; Sabrina Lee,https://openalex.org/A5117518865; https://openalex.org/A5085489318; https://openalex.org/A5128861476; https://openalex.org/A5077060306; https://openalex.org/A5128884370; https://openalex.org/A5128832996,Toyota Motor Corporation (Japan),JP,1,Social Robot Interaction and HRI,Social Psychology,Psychology,Social Sciences,
https://openalex.org/W7135206505,https://doi.org/10.5220/0014422200004728,Surface vs. Structural Similarity: Aligning Computational Similarity Metrics with Human Judgments,2026,conference-paper,0,0,8,Yutaro Sone; Yuki Ninomiya; Kazuhisa Miwa; Yuichiro Sumi; Ryosuke Nakanishi; Eiji Mitsuda; Koji Sato; Tadashi Odashima,https://openalex.org/A5128357135; https://openalex.org/A5129087384; https://openalex.org/A5113784230; https://openalex.org/A5129068908; https://openalex.org/A5119556706; https://openalex.org/A5119556707; https://openalex.org/A5029987938; https://openalex.org/A5040911173,Nagoya University; Toyota Motor Corporation (Japan),JP,2,Data Visualization and Analytics,Computer Vision and Pattern Recognition,Computer Science,Physical Sciences,
https://openalex.org/W7125525066,https://doi.org/10.1109/access.2026.3656534,VDoF-MPC: Variable Degrees-of-Freedom Whole-Body Model Predictive Control,2026,article,1,30,3,Takanori Jin; Taisuke Kobayashi; Masahiro Doi,https://openalex.org/A5101296281; https://openalex.org/A5123635560; https://openalex.org/A5123709876,National Institute of Informatics; Toyota Motor Corporation (Japan),JP,2,Advanced Control Systems Optimization,Control and Systems Engineering,Engineering,Physical Sciences,IEEE Access
https://openalex.org/W7123352096,https://doi.org/10.1109/access.2026.3652636,A Graph-Based Heuristic for Bus Route Planning Using Taxi Origin-Destination Data,2026,article,0,24,5,Zihao Yu; Brian Godwin Lim; Renzo Roel P. Tan; Hirotaka Kaji; Kazushi Ikeda,; https://openalex.org/A5103060057; https://openalex.org/A5121653844; https://openalex.org/A5122902986; ,Nara Institute of Science and Technology; Toyota Motor Corporation (Japan),JP,5,Transportation and Mobility Innovations,Automotive Engineering,Engineering,Physical Sciences,IEEE Access
https://openalex.org/W7116337312,https://doi.org/10.1109/tqe.2025.3646010,Black-Box Optimization of the Storage Location Assignment Problem in Logistics Centers Using an Annealing Algorithm,2025,article,0,35,4,Hiromitsu Kigure; Takeshi Baba; MAKOTO TANIGUCHI; Hirotaka Kaji,https://openalex.org/A5016588991; https://openalex.org/A5103911925; https://openalex.org/A5111606287; https://openalex.org/A5105453604,Toyota Motor Corporation (Japan),JP,1,Advanced Manufacturing and Logistics Optimization,Industrial and Manufacturing Engineering,Engineering,Physical Sciences,IEEE Transactions on Quantum Engineering
https://openalex.org/W4417305426,https://doi.org/10.1080/01691864.2025.2599950,Visual robot navigation adaptive to directional cues using vision-language models and conditional diffusion models,2025,article,0,26,6,Shintaro Nakaoka; Kosei Tanada; Kazuhito Tanaka; Takuma Sugino; Yuki Kondo; Shigemichi Matsuzaki,https://openalex.org/A5019748224; https://openalex.org/A5018497299; https://openalex.org/A5104242922; https://openalex.org/A5093917266; https://openalex.org/A5101735344; https://openalex.org/A5031827214,Toyota Motor Corporation (Japan),JP,6,Visual Attention and Saliency Detection,Computer Vision and Pattern Recognition,Computer Science,Physical Sciences,Advanced Robotics
https://openalex.org/W4417262316,https://doi.org/10.1186/s13068-025-02721-7,"Taxonomic distribution of alkane synthesizing aldehyde dehydrogenases across bacteria, fungi, plants, and animals",2025,article,2,26,7,Masakazu Ito; Yu-An Sui; Natsumi Okada; Nahoko Kitamura; Shigenobu Kishino; Masayoshi Muramatsu; Jun Ogawa,https://openalex.org/A5061532206; https://openalex.org/A5057799607; https://openalex.org/A5030178580; https://openalex.org/A5059337640; https://openalex.org/A5040191814; https://openalex.org/A5053868533; https://openalex.org/A5038913657,Toyota Motor Corporation (Japan); Kyoto University,JP,7,Microbial bioremediation and biosurfactants,Pollution,Environmental Science,Physical Sciences,Biotechnology for Biofuels and Bioproducts
https://openalex.org/W4415950387,https://doi.org/10.1093/bbb/zbaf161,Identification and characterization of aldehyde-producing acyl-CoA reductase derived from <i>Klebsiella pneumoniae</i>,2025,article,1,27,6,Masakazu Ito; Yuki Nakatani; Masayoshi Muramatsu; Akinori Ando; Shigenobu Kishino; Jun Ogawa,https://openalex.org/A5061532206; https://openalex.org/A5084456792; https://openalex.org/A5053868533; https://openalex.org/A5051139328; https://openalex.org/A5040191814; https://openalex.org/A5038913657,Toyota Motor Corporation (Japan); Kyoto University,JP,6,Microbial Metabolic Engineering and Bioproduction,Molecular Biology,"Biochemistry, Genetics and Molecular Biology",Life Sciences,Bioscience Biotechnology and Biochemistry
https://openalex.org/W7125615368,https://doi.org/10.1109/itecasia-pacific63742.2025.11345051,A Class-E Direct AC–AC Converter with a Novel Pulse Modulation Strategy for Induction Heating,2025,conference-paper,1,16,7,Tsung-Han Wu; Guiyi Dong; Ching-Ming Lai; Shiqiang Liu; Yong Ying; Tian Luo; Hideki OMORI,https://openalex.org/A5113784177; https://openalex.org/A5082262197; https://openalex.org/A5121560478; https://openalex.org/A5123740384; ; https://openalex.org/A5123748616; https://openalex.org/A5086999624,National Chung Hsing University; Toyota Motor Corporation (Japan); Kobe University; China Energy Engineering Corporation (China); Energy Foundation; Nagasaki Institute of Applied Science,TW; JP; CN,6,Induction Heating and Inverter Technology,Mechanical Engineering,Engineering,Physical Sciences,
https://openalex.org/W7125595837,https://doi.org/10.1109/itecasia-pacific63742.2025.11345038,A Zero-Voltage Switching Approach for Low-Voltage Fully Gan-Based DC-Link Inverters in Robotic Brushless Motor Applications,2025,conference-paper,0,26,3,Guiyi Dong; Yoh Sato; Yoshihiro Okumatsu,https://openalex.org/A5082262197; https://openalex.org/A5110290412; https://openalex.org/A5031965880,Toyota Motor Corporation (Japan),JP,1,Sensorless Control of Electric Motors,Electrical and Electronic Engineering,Engineering,Physical Sciences,
https://openalex.org/W7117101126,https://doi.org/10.1109/ifeec65025.2025.11301572,A Multi-Input High-Gain DC-DC Converter with Hybrid Fuel Cell/Battery Generation for DC-MGs,2025,conference-paper,0,9,5,Lai Ching-Ming; Ming-Ho Pan; Meng-Zong Chen; Guiyi Dong; Hideki OMORI,https://openalex.org/A5057534589; https://openalex.org/A5013646306; https://openalex.org/A5068265535; https://openalex.org/A5082262197; https://openalex.org/A5086999624,National Chung Hsing University; Toyota Motor Corporation (Japan); Nagasaki Institute of Applied Science,TW; JP,3,Advanced DC-DC Converters,Electrical and Electronic Engineering,Engineering,Physical Sciences,
https://openalex.org/W7161842997,https://doi.org/10.48550/arxiv.2605.19690,D-CLING: Prior-Preserving Depth-Conditioned Fine-Tuning for Navigation Foundation Models,2026,preprint,0,0,3,Shintaro Nakaoka; Takayuki Kanai; Kazuhito Tanaka,https://openalex.org/A5019748224; https://openalex.org/A5136505884; https://openalex.org/A5104242922,,,0,Multimodal Machine Learning Applications,Computer Vision and Pattern Recognition,Computer Science,Physical Sciences,arXiv (Cornell University)
https://openalex.org/W4416749291,https://doi.org/10.1109/iros60139.2025.11247022,Self-Supervised Geometry-Guided Initialization for Robust Monocular Visual Odometry,2025,conference-paper,0,40,4,Takayuki Kanai; Igor Vasiljevic; Vitor Guizilini; Kazuhiro Shintani,https://openalex.org/A5101700471; https://openalex.org/A5042694706; https://openalex.org/A5063755961; https://openalex.org/A5112056400,Toyota Motor Corporation (Japan); Toyota Motor Corporation (Switzerland),JP; CH,2,Robotics and Sensor-Based Localization,Aerospace Engineering,Engineering,Physical Sciences,
https://openalex.org/W4415524702,https://doi.org/10.1109/humanoids65713.2025.11203109,Development of the Leg Structure with Concentrated Liquid-Cooling Actuators for Long-Term Operation,2025,conference-paper,0,19,3,Takanori Jin; Taisuke Kobayashi; Masahiro Doi,https://openalex.org/A5101296281; https://openalex.org/A5051304187; https://openalex.org/A5090967957,"National Institute of Informatics; The Graduate University for Advanced Studies, SOKENDAI; Toyota Motor Corporation (Japan)",JP,3,Hydraulic and Pneumatic Systems,Mechanical Engineering,Engineering,Physical Sciences,
https://openalex.org/W4414034847,https://doi.org/10.1145/3705328.3748019,Determinants of Users' Chance-Seeking Behavior in Search-Based Recommendation,2025,conference-paper,0,34,8,Yuki Ninomiya; Yutaro Sone; Kazuhisa Miwa; Yuichiro Sumi; Ryosuke Nakanishi; Eiji Mitsuda; Koji Sato; Tadashi Odashima,https://openalex.org/A5022889570; ; https://openalex.org/A5035913156; ; https://openalex.org/A5119556706; https://openalex.org/A5119556707; https://openalex.org/A5066135064; https://openalex.org/A5040911173,Nagoya University; Toyota Motor Corporation (Japan),JP,2,Technology Adoption and User Behaviour,Information Systems and Management,Decision Sciences,Social Sciences,
https://openalex.org/W4414432703,https://doi.org/10.1109/case58245.2025.11164139,Scalable Multi-Agent Path Finding for Delivery Robot Systems with Temporal and Edge Capacity Constraints on Weighted Graphs,2025,conference-paper,0,20,5,Tomoya Yamaguchi; Ippei Nishitani; Yusuke Ota; Bardh Hoxha; Georgios Fainekos,https://openalex.org/A5049125469; https://openalex.org/A5044181339; https://openalex.org/A5101402751; https://openalex.org/A5044251694; https://openalex.org/A5058732387,Toyota Motor Corporation (Japan); Toyota Motor North America (United States),JP; US,2,Robotic Path Planning Algorithms,Computer Vision and Pattern Recognition,Computer Science,Physical Sciences,
https://openalex.org/W4416284250,https://doi.org/10.48550/arxiv.2507.07319,Probability-Raising Causality for Uncertain Parametric Markov Decision Processes with PAC Guarantees,2025,preprint,0,0,2,Ryohei Oura; Yuji Ito,https://openalex.org/A5023077795; https://openalex.org/A5055085996,,,0,Formal Methods in Verification,Computational Theory and Mathematics,Computer Science,Physical Sciences,arXiv (Cornell University)
https://openalex.org/W4412593189,https://doi.org/10.3390/engproc2025101003,A Forecasting Method Based on a Dynamical Approach and Time Series Data for Vehicle Service Parts Demand,2025,conference-paper,1,32,3,Vinh Long Phan; Makoto Taniguchi; H. Yabushita,https://openalex.org/A5032218920; https://openalex.org/A5048370494; https://openalex.org/A5058887167,Toyota Motor Corporation (Japan),JP,1,Time Series Analysis and Forecasting,Signal Processing,Computer Science,Physical Sciences,
https://openalex.org/W4413209185,https://doi.org/10.1145/3712255.3726763,Hiding Structure of Reconstructed Network from Subgraphs Using Evolutionary Multi-Objective Optimization,2025,conference-paper,0,13,2,Hirotaka Kaji; Toshihiro Tanizawa,https://openalex.org/A5053538465; https://openalex.org/A5012215428,Toyota Motor Corporation (Japan),JP,1,Gene Regulatory Network Analysis,Molecular Biology,"Biochemistry, Genetics and Molecular Biology",Life Sciences,Proceedings of the Genetic and Evolutionary Computation Conference Companion
https://openalex.org/W4413926074,https://doi.org/10.1109/icra55743.2025.11128102,Robot Local Planner: A Periodic Sampling-Based Motion Planner with Minimal Waypoints for Home Environments,2025,conference-paper,1,19,4,Keisuke Takeshita; Takahiro Yamazaki; Tomohiro Ono; Takashi Yamamoto,https://openalex.org/A5042147200; https://openalex.org/A5103061819; https://openalex.org/A5087874478; https://openalex.org/A5002731209,Toyota Motor Corporation (Japan); Aichi Institute of Technology,JP,2,Robotic Path Planning Algorithms,Computer Vision and Pattern Recognition,Computer Science,Physical Sciences,
https://openalex.org/W4413945050,https://doi.org/10.1109/icra55743.2025.11128261,Sketch-MoMa: Teleoperation for Mobile Manipulator via Interpretation of Hand-Drawn Sketches,2025,conference-paper,1,33,7,Kosei Tanada; Yuka Iwanaga; Masayoshi Tsuchinaga; Yuji Nakamura; Takemitsu Mori; Remi Sakai; Takashi Yamamoto,https://openalex.org/A5018497299; https://openalex.org/A5085489318; https://openalex.org/A5059332534; https://openalex.org/A5029440180; https://openalex.org/A5000697429; ; https://openalex.org/A5078140561,Toyota Motor Corporation (Japan); Aichi Institute of Technology,JP,2,Interactive and Immersive Displays,Human-Computer Interaction,Computer Science,Physical Sciences,
https://openalex.org/W4412082050,https://doi.org/10.1109/cai64502.2025.00130,Improving Orb-Slam3 Performance in Textureless Environments: Mapping and Localization in Hospital Corridors,2025,conference-paper,3,8,5,Zijun Sha; Syuuhei Shiro; Kazuki Shibamiya; Kazuhiro Shintani; Kazuhiro Tanaka,https://openalex.org/A5110665397; https://openalex.org/A5118845757; https://openalex.org/A5118845758; https://openalex.org/A5112056400; https://openalex.org/A5118845759,Toyota Motor Corporation (Japan),JP,1,BIM and Construction Integration,Building and Construction,Engineering,Physical Sciences,
https://openalex.org/W4409720314,https://doi.org/10.1145/3706599.3719951,Performance or Governance? Serious Game and Workshop as a Tool for Fostering Awareness of Responsible AI,2025,conference-paper,0,17,4,Hirotaka Kaji; Jun Kuribayashi; Hikaru Ohtani; Arisa Ema,https://openalex.org/A5053538465; https://openalex.org/A5117273032; ; https://openalex.org/A5003246745,Toyota Motor Corporation (Japan); Bunkyo University; The University of Tokyo,JP,3,Ethics and Social Impacts of AI,Safety Research,Social Sciences,Social Sciences,
https://openalex.org/W4406353904,https://doi.org/10.1109/ojsp.2025.3528869,Wasserstein Non-Negative Matrix Factorization for Multi-Layered Graphs and its Application to Mobility Data,2025,article,0,34,2,Hirotaka Kaji; Kazushi Ikeda,https://openalex.org/A5053538465; https://openalex.org/A5062709079,Toyota Motor Corporation (Japan); Nara Institute of Science and Technology,JP,2,Human Mobility and Location-Based Analysis,Transportation,Social Sciences,Social Sciences,IEEE Open Journal of Signal Processing
https://openalex.org/W4408520350,https://doi.org/10.1109/access.2025.3552040,Simultaneous Control of Cost Dynamics and Transport in Network Systems,2025,article,0,34,6,Koshi Oishi; T. Jimbo; Satoshi Kikuchi; Yuji Date; Hirotaka Kaji; Kenji Kashima,https://openalex.org/A5006483829; https://openalex.org/A5066055821; https://openalex.org/A5101145170; https://openalex.org/A5039886810; https://openalex.org/A5053538465; https://openalex.org/A5066521241,Toyota Central Research and Development Laboratories (Japan); Toyota Motor Corporation (Japan); Kyoto University; Kyoto College of Graduate Studies for Informatics,JP,4,Network Traffic and Congestion Control,Computer Networks and Communications,Computer Science,Physical Sciences,IEEE Access
https://openalex.org/W4415223957,https://doi.org/10.1016/j.procs.2025.08.200,Comprehensive Modeling of Energy Transport Systems for Mooring-less Offshore Wind Power Considering Seasonal Oceanic Variations,2025,conference-paper,0,5,3,Daishi Sagawa; Kazutaka Kimura; Kenji Tanaka,https://openalex.org/A5024238131; https://openalex.org/A5112055826; https://openalex.org/A5025625340,The University of Tokyo; Toyota Motor Corporation (Japan),JP,2,Hybrid Renewable Energy Systems,Energy Engineering and Power Technology,Energy,Physical Sciences,Procedia Computer Science
https://openalex.org/W4415223551,https://doi.org/10.1016/j.procs.2025.08.193,A Comparative Analysis of Offshore Wind Power Generation System Design Methods Based on Various Evaluation Metrics,2025,conference-paper,0,8,4,Kazuki Obata; Kazutaka Kimura; Takuya Nakashima; Kazuo Hiekata,https://openalex.org/A5120013893; https://openalex.org/A5112055826; https://openalex.org/A5116331684; https://openalex.org/A5042800757,Toyota Motor Corporation (Japan); The University of Tokyo,JP,2,Geotechnical Engineering and Soil Mechanics,Civil and Structural Engineering,Engineering,Physical Sciences,Procedia Computer Science
https://openalex.org/W4410297873,https://doi.org/10.1109/hri61500.2025.10974033,Sketch Interface for Teleoperation of Mobile Manipulator to Enable Intuitive and Intended Operation: A Proof of Concept,2025,conference-paper,2,0,6,Yuka Iwanaga; Masayoshi Tsuchinaga; Kosei Tanada; Yuji Nakamura; Takemitsu Mori; Takashi Yamamoto,https://openalex.org/A5085489318; https://openalex.org/A5059332534; https://openalex.org/A5018497299; https://openalex.org/A5029440180; https://openalex.org/A5000697429; https://openalex.org/A5078140561,Toyota Motor Corporation (Japan); Aichi Institute of Technology,JP,2,Teleoperation and Haptic Systems,Mechanical Engineering,Engineering,Physical Sciences,
https://openalex.org/W4408016760,https://doi.org/10.1109/lcsys.2025.3546804,Imitation-Regularized Optimal Transport on Networks: Provable Robustness and Application to Logistics Planning,2024,article,2,24,5,Koshi Oishi; Yota Hashizume; T. Jimbo; Hirotaka Kaji; Kenji Kashima,https://openalex.org/A5006483829; https://openalex.org/A5074030580; https://openalex.org/A5066055821; https://openalex.org/A5053538465; https://openalex.org/A5066521241,Toyota Central Research and Development Laboratories (Japan); Kyoto University; Kyoto College of Graduate Studies for Informatics; Toyota Motor Corporation (Japan),JP,4,Optimization and Variational Analysis,Computational Theory and Mathematics,Computer Science,Physical Sciences,IEEE Control Systems Letters
https://openalex.org/W4407404757,https://doi.org/10.1109/sii59315.2025.10870902,Reinforcement Learning of Multi-robot Task Allocation for Multi-object Transportation with Infeasible Tasks,2025,conference-paper,6,31,4,Yuma Shida; T. Jimbo; Tadashi Odashima; Takamitsu Matsubara,https://openalex.org/A5095787382; https://openalex.org/A5066055821; https://openalex.org/A5040911173; https://openalex.org/A5042074952,Toyota Motor Corporation (Japan); Toyota Central Research and Development Laboratories (Japan); Nara Institute of Science and Technology,JP,3,Advanced Manufacturing and Logistics Optimization,Industrial and Manufacturing Engineering,Engineering,Physical Sciences,
https://openalex.org/W4407403439,https://doi.org/10.1109/sii59315.2025.10870944,Task-priority Intermediated Hierarchical Distributed Policies: Reinforcement Learning of Adaptive Multi-robot Cooperative Transport,2025,conference-paper,2,18,4,Yusei Naito; T. Jimbo; Tadashi Odashima; Takamitsu Matsubara,https://openalex.org/A5113163341; https://openalex.org/A5066055821; https://openalex.org/A5040911173; https://openalex.org/A5042074952,Toyota Motor Corporation (Japan); Toyota Central Research and Development Laboratories (Japan); Nara Institute of Science and Technology,JP,3,Transportation and Mobility Innovations,Automotive Engineering,Engineering,Physical Sciences,
https://openalex.org/W4406794742,https://doi.org/10.1080/18824889.2025.2455222,Warped matrix-variate Gaussian processes with structured kernels for multi-step-ahead driving behaviour prediction,2025,article,0,18,2,Seiya Takano; T. Jimbo,https://openalex.org/A5084609660; https://openalex.org/A5066055821,Toyota Motor Corporation (Japan); Toyota Motor Corporation (Switzerland); Toyota Central Research and Development Laboratories (Japan),JP; CH,2,Electric Vehicles and Infrastructure,Electrical and Electronic Engineering,Engineering,Physical Sciences,SICE Journal of Control Measurement and System Integration
https://openalex.org/W4407403400,https://doi.org/10.1109/sii59315.2025.10871037,Task and Motion Planning of Fetch-and-Carry Including Push-Aside Action Using Mixed Integer Linear Programming,2025,conference-paper,0,16,4,Yusuke Kuribayashi; Sotaro Sowa; Keisuke Takeshita; Kimitoshi Yamazaki,https://openalex.org/A5022250238; ; https://openalex.org/A5042147200; https://openalex.org/A5035229636,Shinshu University; Toyota Motor Corporation (Switzerland),JP; CH,2,Robotic Mechanisms and Dynamics,Control and Systems Engineering,Engineering,Physical Sciences,
https://openalex.org/W4404953370,https://doi.org/10.1109/humanoids58906.2024.10769958,Real-time Detailed Self-collision Avoidance in Whole-body Model Predictive Control,2024,conference-paper,0,24,3,Takanori Jin; Taisuke Kobayashi; Masahiro Doi,https://openalex.org/A5101296281; https://openalex.org/A5051304187; https://openalex.org/A5090967957,"The Graduate University for Advanced Studies, SOKENDAI; National Institute of Informatics; Toyota Motor Corporation (Japan)",JP,3,Prosthetics and Rehabilitation Robotics,Biomedical Engineering,Engineering,Physical Sciences,
https://openalex.org/W4405786648,https://doi.org/10.1109/iros58592.2024.10802396,Robust Imitation Learning for Mobile Manipulator Focusing on Task-Related Viewpoints and Regions,2024,conference-paper,1,26,5,Yutaro Ishida; Yuki Noguchi; Takayuki Kanai; Kazuhiro Shintani; Hiroshi Bito,https://openalex.org/A5053482896; https://openalex.org/A5053785117; https://openalex.org/A5101700471; https://openalex.org/A5112056400; https://openalex.org/A5114452565,Toyota Motor Corporation (Japan),JP,1,Robot Manipulation and Learning,Control and Systems Engineering,Engineering,Physical Sciences,
https://openalex.org/W4406612196,https://doi.org/10.1109/smc54092.2024.10831435,User Clustering for Pairwise Comparison with Missing Values Using Bradley-Terry Model and Consensus Clustering,2024,conference-paper,1,23,1,Hirotaka Kaji,https://openalex.org/A5053538465,Toyota Motor Corporation (Japan),JP,1,Customer churn and segmentation,Marketing,"Business, Management and Accounting",Social Sciences,
https://openalex.org/W4403094391,https://doi.org/10.1109/lra.2024.3474482,CLIP-Clique: Graph-Based Correspondence Matching Augmented by Vision Language Models for Object-Based Global Localization,2024,article,2,33,3,Shigemichi Matsuzaki; Kazuhito Tanaka; Kazuhiro Shintani,https://openalex.org/A5031827214; https://openalex.org/A5104242922; https://openalex.org/A5112056400,Toyota Motor Corporation (Japan),JP,1,Robotics and Sensor-Based Localization,Aerospace Engineering,Engineering,Physical Sciences,IEEE Robotics and Automation Letters
https://openalex.org/W4402827546,https://doi.org/10.1007/978-3-031-70722-3_27,Proposal for a Series-Driven Catapult Using Soft Actuators to Increase the Jumping Height of Hyper Jumping Humanoid Robot,2024,conference-paper,0,14,6,Takeshi Itsuno; Yusuke Ishii; Masahiro Doi; Hiroyuki Kondo; Fumio Ito; Taro Nakamura,https://openalex.org/A5106662321; https://openalex.org/A5103247279; https://openalex.org/A5090967957; https://openalex.org/A5034268903; https://openalex.org/A5011271752; https://openalex.org/A5080890924,Chuo University; Toyota Motor Corporation (Japan),JP,2,Robotic Locomotion and Control,Biomedical Engineering,Engineering,Physical Sciences,Lecture notes in networks and systems
https://openalex.org/W4402529802,https://doi.org/10.3389/fpsyg.2024.1443540,Visual properties and perceived restorativeness in green offices: a photographic evaluation of office environments with various degrees of greening,2024,article,13,58,6,Seiji Shibata; Kenro Tokuhiro; Akinori Ikeuchi; Masakazu Ito; Hirotaka Kaji; Masayoshi Muramatsu,https://openalex.org/A5078907874; https://openalex.org/A5089781081; https://openalex.org/A5075245249; https://openalex.org/A5061532206; https://openalex.org/A5105453604; https://openalex.org/A5053868533,Sagami Women's University; Toyota Central Research and Development Laboratories (Japan); Toyota Motor Corporation (Japan),JP,3,Urban Green Space and Health,"Health, Toxicology and Mutagenesis",Environmental Science,Physical Sciences,Frontiers in Psychology
https://openalex.org/W4403676890,https://doi.org/10.1109/case59546.2024.10711447,Online Motion Modification for Mobile Manipulators Based on Sequential Quadratic Programming,2024,conference-paper,0,23,5,Kimitoshi Yamazaki; Takuya Iwasaki; Yutaka Takase; Solvi Arnold; Keisuke Takeshita,https://openalex.org/A5035229636; https://openalex.org/A5102710509; https://openalex.org/A5076657195; https://openalex.org/A5022423498; https://openalex.org/A5042147200,Shinshu University,JP,1,Robotic Path Planning Algorithms,Computer Vision and Pattern Recognition,Computer Science,Physical Sciences,
https://openalex.org/W4401183681,https://doi.org/10.1111/exd.15154,Simple tape‐stripping method for highly reliable and quantitative analysis of skin microbiome,2024,article,4,11,9,Naoki Soga; Risa Nagura; R. T. Nakamura; K. Kohda; Yumi Motoyama; Masakazu Ito; Ichirô Nakagawa; Saeko Nakajima; Akinori Ikeuchi,https://openalex.org/A5109305518; https://openalex.org/A5047593246; https://openalex.org/A5111962929; https://openalex.org/A5040059637; https://openalex.org/A5113314384; https://openalex.org/A5061532206; https://openalex.org/A5026975906; https://openalex.org/A5015841731; https://openalex.org/A5075245249,Toyota Motor Corporation (Japan); Toyota Central Research and Development Laboratories (Japan); Kyoto University,JP,3,Dermatology and Skin Diseases,Dermatology,Medicine,Health Sciences,Experimental Dermatology
https://openalex.org/W4401416219,https://doi.org/10.1109/icra57147.2024.10611393,CLIP-Loc: Multi-modal Landmark Association for Global Localization in Object-based Maps,2024,conference-paper,9,29,7,Shigemichi Matsuzaki; Takuma Sugino; Kazuhito Tanaka; Zijun Sha; Shintaro Nakaoka; Shintaro Yoshizawa; Kazuhiro Shintani,https://openalex.org/A5031827214; https://openalex.org/A5093917266; https://openalex.org/A5104242922; https://openalex.org/A5110665397; https://openalex.org/A5019748224; https://openalex.org/A5081897089; https://openalex.org/A5112056400,Toyota Motor Corporation (Japan),JP,1,Geographic Information Systems Studies,"Geography, Planning and Development",Social Sciences,Social Sciences,
https://openalex.org/W4389665366,https://doi.org/10.1109/iros55552.2023.10341367,Robust Self-Supervised Extrinsic Self-Calibration,2023,conference-paper,8,40,5,Takayuki Kanai; Igor Vasiljevic; Vitor Guizilini; Adrien Gaidon; Rareş Ambruş,https://openalex.org/A5101700471; https://openalex.org/A5042694706; https://openalex.org/A5063755961; https://openalex.org/A5075018873; https://openalex.org/A5037522398,Toyota Research Institute,,1,Advanced Vision and Imaging,Computer Vision and Pattern Recognition,Computer Science,Physical Sciences,
https://openalex.org/W4389665495,https://doi.org/10.1109/iros55552.2023.10342445,Ultra-Low Inertia 6-DOF Manipulator Arm for Touching the World,2023,conference-paper,2,0,3,Kazutoshi Nishii; Akira Hatano; Yoshihiro Okumatsu,https://openalex.org/A5103051088; https://openalex.org/A5112289541; https://openalex.org/A5031965880,Toyota Motor Corporation (Japan),JP,1,Robotic Locomotion and Control,Biomedical Engineering,Engineering,Physical Sciences,
https://openalex.org/W4389946236,https://doi.org/10.23919/sice59929.2023.10354199,Study on Reduced-Order Modeling Technique of Three-Phase Voltage Imbalance Model,2023,conference-paper,0,14,3,Junichi Mori; Yoshiharu Saito; Hirotaka Kaji,https://openalex.org/A5103711348; https://openalex.org/A5110183409; https://openalex.org/A5053538465,Toyota Motor Corporation (Japan),JP,1,Real-time simulation and control systems,Control and Systems Engineering,Engineering,Physical Sciences,
https://openalex.org/W4387143405,https://doi.org/10.1109/case56687.2023.10260405,Checkmate: Fault Timing Localization for Multi-Robot Scenarios,2023,conference-paper,1,34,3,Ippei Nishitani; Tomoya Yamaguchi; Bardh Hoxha,https://openalex.org/A5044181339; https://openalex.org/A5081703435; https://openalex.org/A5044251694,Toyota Motor Corporation (Japan); Toyota Motor Corporation (Switzerland); Toyota Motor North America (United States),JP; CH; US,3,Software Testing and Debugging Techniques,Software,Computer Science,Physical Sciences,
https://openalex.org/W4386072498,https://doi.org/10.23919/mva57639.2023.10215935,"MVA2023 Small Object Detection Challenge for Spotting Birds: Dataset, Methods, and Results",2023,conference-paper,18,78,22,Yuki Kondo; Norimichi Ukita; Takayuki Yamaguchi; Hao-Yu Hou; Mu-Yi Shen; Chia-Chi Hsu; En-Ming Huang; Yuchen Huang; Yu-Cheng Xia; Chien-Yao Wang; Chun‐Yi Lee; Da Huo; Marc A. Kastner; Tingwei Liu; Yasutomo Kawanishi; Takatsugu Hirayama; Takahiro Komamizu; Ichiro Ide; Yosuke Shinya; Xinyao Liu; Guang Liang; Syusuke Yasui,https://openalex.org/A5101735344; https://openalex.org/A5053167635; https://openalex.org/A5104779069; https://openalex.org/A5111971155; https://openalex.org/A5108858595; https://openalex.org/A5054784232; https://openalex.org/A5067971879; https://openalex.org/A5101530382; https://openalex.org/A5101236443; https://openalex.org/A5072470661; https://openalex.org/A5028600832; https://openalex.org/A5087905006; https://openalex.org/A5102907439; https://openalex.org/A5025275705; https://openalex.org/A5027960360; https://openalex.org/A5036735172; https://openalex.org/A5047823141; https://openalex.org/A5034941095; https://openalex.org/A5012432534; https://openalex.org/A5101437215; https://openalex.org/A5074286511; https://openalex.org/A5113028569,"Toyota Motor Corporation (Japan); Toyota Technological Institute; Iwate Biotechnology Research Center; Agricultural Research Center; National Tsing Hua University; Institute of Political Science, Academia Sinica; Institute of Information Science, Academia Sinica; Nagoya University; Kyoto University; RIKEN; University of Human Environments; Xi'an Jiaotong University; Shift (United Kingdom)",JP; EG; TW; CN; GB,13,Advanced Neural Network Applications,Computer Vision and Pattern Recognition,Computer Science,Physical Sciences,
https://openalex.org/W4388918005,https://doi.org/10.1016/j.ifacol.2023.10.431,"Learning Locally, Communicating Globally: Reinforcement Learning of Multi-robot Task Allocation for Cooperative Transport",2023,article,15,27,5,Kazuki Shibata; T. Jimbo; Tadashi Odashima; Keisuke Takeshita; Takamitsu Matsubara,https://openalex.org/A5073719311; https://openalex.org/A5066055821; https://openalex.org/A5040911173; https://openalex.org/A5042147200; https://openalex.org/A5042074952,Toyota Central Research and Development Laboratories (Japan); Toyota Motor Corporation (Japan); Nara Institute of Science and Technology,JP,3,Reinforcement Learning in Robotics,Artificial Intelligence,Computer Science,Physical Sciences,IFAC-PapersOnLine
https://openalex.org/W4394906268,https://doi.org/10.48550/arxiv.2404.10439,Decentralized Control for Heterogeneous Battery Energy Storage System,2024,preprint,0,0,4,Yusuke Hakuta; Yasushi Amano; T. Jimbo; Shuji Tomura,https://openalex.org/A5095767114; https://openalex.org/A5112776119; https://openalex.org/A5066055821; https://openalex.org/A5010784628,,,0,Power Systems and Renewable Energy,Energy Engineering and Power Technology,Energy,Physical Sciences,arXiv (Cornell University)
https://openalex.org/W4388919076,https://doi.org/10.1016/j.ifacol.2023.10.1442,Resilience Evaluation of Entropy Regularized Logistic Networks with Probabilistic Cost,2023,article,4,22,5,Koshi Oishi; Yota Hashizume; T. Jimbo; Hirotaka Kaji; Kenji Kashima,https://openalex.org/A5006483829; https://openalex.org/A5074030580; https://openalex.org/A5066055821; https://openalex.org/A5053538465; https://openalex.org/A5057149593,Toyota Central Research and Development Laboratories (Japan); Kyoto University; Toyota Motor Corporation (Japan),JP,5,Supply Chain Resilience and Risk Management,Strategy and Management,"Business, Management and Accounting",Social Sciences,IFAC-PapersOnLine
https://openalex.org/W4377287537,https://doi.org/10.1080/01691864.2023.2210207,Online motion planning based on swept volume search with replanning using sequential quadratic programming,2023,article,3,23,5,Takuya Iwasaki; Yutaka Takase; Solvi Arnold; Keisuke Takeshita; Kimitoshi Yamazaki,https://openalex.org/A5102710509; https://openalex.org/A5076657195; https://openalex.org/A5022423498; https://openalex.org/A5042147200; https://openalex.org/A5035229636,Shinshu University; Toyota Motor Corporation (Japan),JP,5,Robotic Path Planning Algorithms,Computer Vision and Pattern Recognition,Computer Science,Physical Sciences,Advanced Robotics
https://openalex.org/W4377137320,https://doi.org/10.1038/s41598-023-34928-9,Diversity and compositional differences of the airborne microbiome in a biophilic indoor environment,2023,article,20,50,11,Akinobu Toyoda; Yusuke Shibata; Yuzy Matsuo; Kumi Terada; Hiroki Sugimoto; Koichi Higashi; Hiroshi Mori; Akinori Ikeuchi; Masakazu Ito; Ken Kurokawa; Satoshi Katahira,https://openalex.org/A5030572088; https://openalex.org/A5102366349; https://openalex.org/A5009349143; https://openalex.org/A5114051352; https://openalex.org/A5003897202; https://openalex.org/A5070952382; https://openalex.org/A5087914771; https://openalex.org/A5075245249; https://openalex.org/A5061532206; https://openalex.org/A5089814998; https://openalex.org/A5015486236,Toyota Motor Corporation (Japan); Toyota Central Research and Development Laboratories (Japan); National Institute of Genetics,JP,3,Indoor Air Quality and Microbial Exposure,"Health, Toxicology and Mutagenesis",Environmental Science,Physical Sciences,Scientific Reports
https://openalex.org/W4375851753,https://doi.org/10.1093/bbb/zbad056,Alkane production from fatty alcohols by the combined reactions catalyzed by an alcohol dehydrogenase and an aldehyde-deformylating oxygenase,2023,article,2,25,8,Yu-An Sui; Satoshi Maruyama; Natsumi Okada; Masakazu Ito; Masayoshi Muramatsu; Shusei Obata; Jun Ogawa; Shigenobu Kishino,https://openalex.org/A5057799607; https://openalex.org/A5102285081; https://openalex.org/A5030178580; https://openalex.org/A5061532206; https://openalex.org/A5053868533; https://openalex.org/A5113506386; https://openalex.org/A5038913657; https://openalex.org/A5040191814,Kyoto University; Toyota Motor Corporation (Japan),JP,2,Microbial Metabolic Engineering and Bioproduction,Molecular Biology,"Biochemistry, Genetics and Molecular Biology",Life Sciences,Bioscience Biotechnology and Biochemistry
https://openalex.org/W4321020306,https://doi.org/10.1109/sii55687.2023.10039370,Substitute Tool Select Method using Contact Force Data Trained Neural Network Model,2023,conference-paper,0,23,7,Taro Takahashi; Yutaro Ishida; Naoki Mima; Keisuke Takeshita; Yoshiaki Asahara; Hiroshi Bitc; Hideki Kajima,https://openalex.org/A5102412907; https://openalex.org/A5053482896; https://openalex.org/A5080445324; https://openalex.org/A5042147200; https://openalex.org/A5090920471; https://openalex.org/A5073170636; https://openalex.org/A5006627732,Toyota Motor Corporation (Japan); Toyota Research Institute; Toyota Motor Corporation (Switzerland); Robotics Research (United States),JP; CH; US,4,Robot Manipulation and Learning,Control and Systems Engineering,Engineering,Physical Sciences,2023 IEEE/SICE International Symposium on System Integration (SII)
https://openalex.org/W4321020362,https://doi.org/10.1109/sii55687.2023.10039207,A Continuous Integration Based Simulation Environment for Home Support Robot and its Application to RoboCup Competition,2023,conference-paper,1,15,5,Yosuke Matsusaka; Luis Contreras; Hiroyuki Okada; Yuka Iwanaga; Takashi Yamamoto,https://openalex.org/A5000528849; https://openalex.org/A5048220579; https://openalex.org/A5079329706; https://openalex.org/A5085489318; https://openalex.org/A5002731209,Tamagawa University; Robotics Research (United States); Toyota Motor Corporation (Japan),JP; US,3,Robot Manipulation and Learning,Control and Systems Engineering,Engineering,Physical Sciences,2023 IEEE/SICE International Symposium on System Integration (SII)
https://openalex.org/W4290964347,https://doi.org/10.1080/01691864.2022.2109428,Towards general purpose service robots: World Robot Summit – Partner Robot Challenge,2022,article,11,13,4,Luis Contreras; Takashi Yamamoto; Yosuke Matsusaka; Hiroyuki Okada,https://openalex.org/A5048220579; https://openalex.org/A5002731209; https://openalex.org/A5000528849; https://openalex.org/A5079329706,Tamagawa University; Toyota Motor Corporation (Japan),JP,2,Modular Robots and Swarm Intelligence,Mechanical Engineering,Engineering,Physical Sciences,Advanced Robotics
https://openalex.org/W4309836407,https://doi.org/10.1128/aem.01264-22,Utilizing Alcohol for Alkane Biosynthesis by Introducing a Fatty Alcohol Dehydrogenase,2022,article,4,37,7,Yu-An Sui; Shigenobu Kishino; Satoshi Maruyama; Masakazu Ito; Masayoshi Muramatsu; Shusei Obata; Jun Ogawa,https://openalex.org/A5057799607; https://openalex.org/A5040191814; https://openalex.org/A5102285081; https://openalex.org/A5061532206; https://openalex.org/A5053868533; https://openalex.org/A5113506386; https://openalex.org/A5038913657,Kyoto University; Toyota Motor Corporation (Japan),JP,2,Microbial Metabolic Engineering and Bioproduction,Molecular Biology,"Biochemistry, Genetics and Molecular Biology",Life Sciences,Applied and Environmental Microbiology
https://openalex.org/W4312786806,https://doi.org/10.1109/iros47612.2022.9981337,Development of Low-Inertia Backdrivable Arm Focusing on Learning-Based Control,2022,conference-paper,3,24,4,Manabu Nishiura; Akira Hatano; Kazutoshi Nishii; Yoshihiro Okumatsu,https://openalex.org/A5081646598; https://openalex.org/A5112289541; https://openalex.org/A5103051088; https://openalex.org/A5031965880,Toyota Motor Corporation (Japan),JP,1,Robot Manipulation and Learning,Control and Systems Engineering,Engineering,Physical Sciences,2022 IEEE/RSJ International Conference on Intelligent Robots and Systems (IROS)
https://openalex.org/W4281627546,https://doi.org/10.1080/01691864.2022.2068353,Software development environment for collaborative research workflow in robotic system integration,2022,article,29,40,6,Lotfi El Hafi; Gustavo Alfonso Garcia Ricardez; Felix von Drigalski; Yuki Inoue; Masaki Yamamoto; Takashi Yamamoto,https://openalex.org/A5017527511; https://openalex.org/A5037692282; https://openalex.org/A5009765043; https://openalex.org/A5032682693; https://openalex.org/A5039716511; https://openalex.org/A5002731209,Ritsumeikan University; Ritsumeikan Global Innovation Research Organization; Nara Institute of Science and Technology; Omron (Japan); Osaka Institute of Technology; Panasonic (Japan); Toyota Motor Corporation (Japan),JP,7,Robotics and Automated Systems,Control and Systems Engineering,Engineering,Physical Sciences,Advanced Robotics
https://openalex.org/W4281728106,https://doi.org/10.3390/ijerph19116672,Effect of Indoor Forest Bathing on Reducing Feelings of Fatigue Using Cerebral Activity as an Indicator,2022,article,20,28,6,Chie Imamura; Kiyomi Sakakibara; Kyosuke Arai; Hideki Ohira; Yuhei Yamaguchi; Hitoshi Yamada,https://openalex.org/A5088045539; https://openalex.org/A5011446743; https://openalex.org/A5051814196; https://openalex.org/A5069219393; https://openalex.org/A5034341890; https://openalex.org/A5101414077,Toyota Central Research and Development Laboratories (Japan); Toyota Motor Corporation (Japan); Nagoya University,JP,3,Urban Green Space and Health,"Health, Toxicology and Mutagenesis",Environmental Science,Physical Sciences,International Journal of Environmental Research and Public Health
https://openalex.org/W4225305103,https://doi.org/10.1109/icassp43922.2022.9747724,Edge Sampling of Graphs Based on Edge Smoothness,2022,conference-paper,5,27,5,Kenta Yanagiya; K. Yamada; Yasuo Katsuhara; Tomoya Takatani; Yuichi Tanaka,https://openalex.org/A5024303500; https://openalex.org/A5101426710; https://openalex.org/A5027235927; https://openalex.org/A5084067375; https://openalex.org/A5007311789,Tokyo University of Agriculture and Technology; Toyota Motor Corporation (Japan),JP,2,Complex Network Analysis Techniques,Statistical and Nonlinear Physics,Physics and Astronomy,Physical Sciences,"ICASSP 2022 - 2022 IEEE International Conference on Acoustics, Speech and Signal Processing (ICASSP)"
https://openalex.org/W3158729705,https://doi.org/10.2139/ssrn.4100937,Fair and Truthful Mechanism with Limited Subsidy,2022,preprint,12,74,8,Hiromichi Goko; Ayumi Igarashi; Yasushi Kawase; Kazuhisa Makino; Hanna Sumita; Akihisa Tamura; Yu Yokoi; Makoto Yokoo,https://openalex.org/A5016352989; https://openalex.org/A5107335743; https://openalex.org/A5025634820; https://openalex.org/A5110768204; https://openalex.org/A5040863107; https://openalex.org/A5102190256; https://openalex.org/A5054769049; https://openalex.org/A5048575057,Toyota Motor Corporation (Japan); National Institute of Informatics; The University of Tokyo; Kyoto University; Tokyo Institute of Technology; Keio University; Kyushu University,JP,7,Auction Theory and Applications,Management Science and Operations Research,Decision Sciences,Social Sciences,SSRN Electronic Journal
https://openalex.org/W3162327319,https://doi.org/10.4230/lipics.stacs.2022.31,Maximally Satisfying Lower Quotas in the Hospitals/Residents Problem with Ties,2021,article,3,25,4,Hiromichi Goko; Kazuhisa Makino; Shuichi Miyazaki; Yu Yokoi,https://openalex.org/A5016352989; https://openalex.org/A5110768204; https://openalex.org/A5101641045; https://openalex.org/A5054769049,Toyota Motor Corporation (Japan); Kyoto University; Kyoto College of Graduate Studies for Informatics; National Institute of Informatics,JP,4,Game Theory and Voting Systems,Economics and Econometrics,"Economics, Econometrics and Finance",Social Sciences,DROPS (Schloss Dagstuhl – Leibniz Center for Informatics)
https://openalex.org/W4206116909,https://doi.org/10.1109/jsen.2022.3141805,Stress Isolation Suspension for Silicon-on-Insulator 3-Axis Accelerometer Designed by Topology Optimization Method,2022,article,9,33,12,Motohiro Fujiyoshi; Atsushi Kawamoto; S. Hashimoto; Y. Omura; Hirofumi Funabashi; Yoshie Ohira; Yoshiyuki Hata; Takashi Ozaki; T. Akashi; Yutaka Nonomura; Takahiro Nakayama; Hitoshi Yamada,https://openalex.org/A5079109888; https://openalex.org/A5046342937; https://openalex.org/A5082767882; https://openalex.org/A5084127391; https://openalex.org/A5109530003; https://openalex.org/A5038579637; https://openalex.org/A5049362175; https://openalex.org/A5029627891; https://openalex.org/A5024318495; https://openalex.org/A5008972576; https://openalex.org/A5035083249; https://openalex.org/A5101476340,Toyota Central Research and Development Laboratories (Japan); Meijo University; Toyota Motor Corporation (Japan),JP,3,Advanced MEMS and NEMS Technologies,Electrical and Electronic Engineering,Engineering,Physical Sciences,IEEE Sensors Journal
https://openalex.org/W4200326678,https://doi.org/10.1002/adpr.202100214,Light Management for Enhancing Optical Gain in a Solar‐Pumped Fiber Laser Employing a Solid‐State Luminescent Solar Concentrator,2021,article,12,29,6,Taizo Masuda; Kai Aoyagi; Stephan Dottermusch; Ian A. Howard; Bryce S. Richards; Masamori Endo,https://openalex.org/A5081417612; https://openalex.org/A5008553533; https://openalex.org/A5056770034; https://openalex.org/A5027101906; https://openalex.org/A5088556109; https://openalex.org/A5036504314,University of Electro-Communications; Toyota Motor Corporation (Japan); Tokai University; Karlsruhe Institute of Technology,JP; DE,4,Photochemistry and Electron Transfer Studies,Physical and Theoretical Chemistry,Chemistry,Physical Sciences,Advanced Photonics Research
https://openalex.org/W3216575798,https://doi.org/10.1016/j.isatra.2021.11.015,Analysis of average consensus of multi-agent systems with time delay using packet selection and synchronization protocol,2021,article,6,41,5,Satoshi Kikuchi; Michihiro Kawanishi; Tran Huynh Ngoc; Binh-Minh Nguyen; Tatsuo Narikiyo,; https://openalex.org/A5053280611; https://openalex.org/A5002012403; https://openalex.org/A5066810256; https://openalex.org/A5036052448,Toyota Motor Corporation (Japan); Toyota Technological Institute,JP,2,Distributed Control Multi-Agent Systems,Computer Networks and Communications,Computer Science,Physical Sciences,ISA Transactions
https://openalex.org/W3203648144,https://doi.org/10.1541/ieejias.141.835,Energy Yield Enhancement by Switched Capacitor Converter-Based Differential Power Processing Converter Utilizing Diffusion Capacitance of Curved Photovoltaic Panels,2021,article,0,15,3,Kazuma Honda; Masatoshi Uno; Shinichi Urabe,https://openalex.org/A5110747690; https://openalex.org/A5076309791; https://openalex.org/A5112305650,Ibaraki University; Toyota Motor Corporation (Japan),JP,3,Photovoltaic System Optimization Techniques,"Renewable Energy, Sustainability and the Environment",Energy,Physical Sciences,IEEJ Transactions on Industry Applications
https://openalex.org/W3194751264,https://doi.org/10.1088/1361-6463/ac1ef8,Analysis of temperature coefficients and their effect on efficiency of solar cell modules for photovoltaics-powered vehicles,2021,article,23,31,19,Masafumi Yamaguchi; Taizo Masuda; Kenji Araki; Yasuyuki Ota; Kensuke Nishioka; Tatsuya Takamoto; Christian Thiel; Anastasios Tsakalidis; Arnulf Jäger‐Waldau; Kenichi Okumura; Akinori Satou; Takashi Nakado; Kazumi Yamada; Yusuke Zushi; Tsutomu Tanimoto; Kyotaro Nakamura; Ryo Ozaki; Nobuaki Kojima; Yoshio Ohshita,https://openalex.org/A5039544331; https://openalex.org/A5081417612; https://openalex.org/A5008865272; https://openalex.org/A5054676358; https://openalex.org/A5051248111; https://openalex.org/A5111444934; https://openalex.org/A5011825142; https://openalex.org/A5079001305; https://openalex.org/A5021935399; https://openalex.org/A5103953923; https://openalex.org/A5020060081; https://openalex.org/A5067780348; https://openalex.org/A5047457215; https://openalex.org/A5000409111; https://openalex.org/A5025162951; https://openalex.org/A5113913757; https://openalex.org/A5003915417; https://openalex.org/A5111754363; https://openalex.org/A5034183107,Toyota Technological Institute; Toyota Motor Corporation (Japan); University of Miyazaki; Joint Research Centre; Nissan (Japan),JP; IT,19,solar cell performance optimization,Electrical and Electronic Engineering,Engineering,Physical Sciences,Journal of Physics D Applied Physics
https://openalex.org/W3196328491,https://doi.org/10.2218/iclass.2021.5930,Characteristics of Ammonia Spray Injected by Pressure-Swirl Atomizers,2021,conference-paper,10,11,7,Yong Fan; Mitsuaki Ohtomo; Shunsuke Kasuga; Norihiko Iki; Osamu Kurata; Taku Tsujimura; Hirohide Furutani,https://openalex.org/A5027176458; https://openalex.org/A5110460112; https://openalex.org/A5087466325; https://openalex.org/A5074627472; https://openalex.org/A5061024416; https://openalex.org/A5068472127; https://openalex.org/A5028419870,National Institute of Advanced Industrial Science and Technology; Toyota Motor Corporation (Switzerland); Toyota Motor Corporation (Japan),JP; CH,3,Fluid Dynamics and Heat Transfer,Computational Mechanics,Engineering,Physical Sciences,International Conference on Liquid Atomization and Spray Systems (ICLASS)
https://openalex.org/W3157392895,https://doi.org/10.1002/adom.202100479,Solar Pumping of Fiber Lasers with Solid‐State Luminescent Concentrators: Design Optimization by Ray Tracing,2021,article,22,41,5,Stephan Dottermusch; Taizo Masuda; Masamori Endo; Bryce S. Richards; Ian A. Howard,https://openalex.org/A5056770034; https://openalex.org/A5081417612; https://openalex.org/A5036504314; https://openalex.org/A5088556109; https://openalex.org/A5027101906,Karlsruhe Institute of Technology; University of Electro-Communications; Toyota Motor Corporation (Japan); Tokai University,DE; JP,4,Photochemistry and Electron Transfer Studies,Physical and Theoretical Chemistry,Chemistry,Physical Sciences,Advanced Optical Materials
https://openalex.org/W3128828800,https://doi.org/10.1038/s43246-020-00106-x,Stretchable micro-scale concentrator photovoltaic module with 15.4% efficiency for three-dimensional curved surfaces,2021,article,22,48,8,Daisuke Sato; Taizo Masuda; Kenji Araki; Masafumi Yamaguchi; Kenichi Okumura; Akinori Sato; Ryota Tomizawa; Noboru Yamada,https://openalex.org/A5022619963; https://openalex.org/A5081417612; https://openalex.org/A5008865272; https://openalex.org/A5039544331; https://openalex.org/A5103953923; https://openalex.org/A5044215198; https://openalex.org/A5003742935; https://openalex.org/A5037067575,Nagaoka University of Technology; University of Electro-Communications; Toyota Motor Corporation (Japan); University of Miyazaki; Toyota Technological Institute,JP,5,solar cell performance optimization,Electrical and Electronic Engineering,Engineering,Physical Sciences,Communications Materials
https://openalex.org/W3115649690,https://doi.org/10.1109/itsc45102.2020.9294244,Traffic Impact Analysis of a Deep Reinforcement Learning-based Multi-lane Freeway Vehicle Control,2020,conference-paper,0,22,5,Yuta Kataoka; Hao Yang; Shalini Keshavamurthy; Ippei Nishitani; Kentaro Oguchi,https://openalex.org/A5061753926; https://openalex.org/A5008119418; https://openalex.org/A5038132951; https://openalex.org/A5044181339; https://openalex.org/A5025075066,Toyota Motor Corporation (Japan); McMaster University; Toyota Motor North America (United States),JP; CA; US,3,Traffic control and management,Control and Systems Engineering,Engineering,Physical Sciences,
https://openalex.org/W3088294940,https://doi.org/10.1002/pip.3343,Development of high‐efficiency and low‐cost solar cells for PV‐powered vehicles application,2020,article,92,44,14,Masafumi Yamaguchi; Taizo Masuda; Kenji Araki; Daisuke Sato; Kan‐Hua Lee; Nobuaki Kojima; Tatsuya Takamoto; Kenichi Okumura; Akinori Satou; Kazumi Yamada; Takashi Nakado; Yusuke Zushi; Yoshio Ohshita; Mitsuhiro Yamazaki,https://openalex.org/A5039544331; https://openalex.org/A5081417612; https://openalex.org/A5008865272; https://openalex.org/A5022619963; https://openalex.org/A5035178155; https://openalex.org/A5111754363; https://openalex.org/A5111444934; https://openalex.org/A5103953923; https://openalex.org/A5020060081; https://openalex.org/A5047457215; https://openalex.org/A5067780348; https://openalex.org/A5000409111; https://openalex.org/A5034183107; https://openalex.org/A5108476896,Toyota Technological Institute; Toyota Motor Corporation (Japan); Nagaoka University; Nagaoka University of Technology; National Archives and Records Administration; Nissan (Japan); New Energy and Industrial Technology Development Organization,JP; US,7,solar cell performance optimization,Electrical and Electronic Engineering,Engineering,Physical Sciences,Progress in Photovoltaics Research and Applications
https://openalex.org/W3105419158,https://doi.org/10.1109/emsoft51651.2020.9244013,Application of Simulation-Based Methods on Autonomous Vehicle Control with Deep Neural Network: Work-in-Progress,2020,conference-paper,0,14,5,Yuji Date; Takeshi Baba; Bardh Hoxha; Tomoya Yamaguchi; Danil Prokhorov,https://openalex.org/A5039886810; https://openalex.org/A5103911925; https://openalex.org/A5044251694; https://openalex.org/A5081703435; https://openalex.org/A5061971606,Toyota Motor Corporation (Japan); Toyota Motor Corporation (Switzerland),JP; CH,2,Autonomous Vehicle Technology and Safety,Automotive Engineering,Engineering,Physical Sciences,
https://openalex.org/W3034332915,https://doi.org/10.24963/ijcai.2020/460,Binary Classification from Positive Data with Skewed Confidence,2020,conference-paper,10,35,3,Kazuhiko Shinoda; Hirotaka Kaji; Masashi Sugiyama,https://openalex.org/A5058840334; https://openalex.org/A5053538465; https://openalex.org/A5072744508,Toyota Motor Corporation (Japan); RIKEN Center for Advanced Intelligence Project; The University of Tokyo,JP,3,Machine Learning and Data Classification,Artificial Intelligence,Computer Science,Physical Sciences,
https://openalex.org/W3037447001,https://doi.org/10.1063/5.0011945,All-inorganic cesium lead halide perovskite nanocrystals for solar-pumped laser application,2020,article,20,43,7,Taizo Masuda; Yaohong Zhang; Chao Ding; Feng Liu; K Sasaki; Qing Shen; Masamori Endo,https://openalex.org/A5081417612; https://openalex.org/A5039711600; https://openalex.org/A5083723121; https://openalex.org/A5100750900; https://openalex.org/A5091365603; https://openalex.org/A5026305264; https://openalex.org/A5036504314,University of Electro-Communications; Toyota Motor Corporation (Japan); Tokai University,JP,3,Perovskite Materials and Applications,Electrical and Electronic Engineering,Engineering,Physical Sciences,Journal of Applied Physics
https://openalex.org/W3100322150,,フォーラム 群体数理技術検討会 : 新しい産学連携の試み,2020,article,0,0,4,敦史 川本; 真太郎 吉澤; 允梓 白石; 拓 西森,https://openalex.org/A5013220917; https://openalex.org/A5063996646; https://openalex.org/A5038587691; https://openalex.org/A5080062765,,,4,Military Technology and Strategies,Aerospace Engineering,Engineering,Physical Sciences,Medical Entomology and Zoology
https://openalex.org/W3036480421,https://doi.org/10.1080/01691864.2020.1780152,Evaluation of impression difference of a domestic mobile manipulator with autonomous and/or remote control in fetch-and-carry tasks,2020,article,5,29,4,Takashi Yamamoto; Hiroaki Yaguchi; Shōhei Kato; Hiroyuki Okada,https://openalex.org/A5002731209; https://openalex.org/A5050029898; https://openalex.org/A5088832778; https://openalex.org/A5079329706,Nagoya Institute of Technology; Toyota Motor Corporation (Japan); Tamagawa University,JP,3,Social Robot Interaction and HRI,Social Psychology,Psychology,Social Sciences,Advanced Robotics
https://openalex.org/W3090303220,https://doi.org/10.1109/icra40945.2020.9197559,Deep Merging: Vehicle Merging Controller Based on Deep Reinforcement Learning with Embedding Network,2020,conference-paper,18,25,5,Ippei Nishitani; Hao Yang; Rui Guo; Shalini Keshavamurthy; Kentaro Oguchi,https://openalex.org/A5044181339; https://openalex.org/A5088230949; https://openalex.org/A5101799598; https://openalex.org/A5038132951; https://openalex.org/A5025075066,Toyota Motor Corporation (Japan); Toyota Motor North America (United States),JP; US,2,Traffic control and management,Control and Systems Engineering,Engineering,Physical Sciences,
https://openalex.org/W3024709002,https://doi.org/10.1007/s40820-020-00448-8,Surface-Modified Graphene Oxide/Lead Sulfide Hybrid Film-Forming Ink for High-Efficiency Bulk Nano-Heterojunction Colloidal Quantum Dot Solar Cells,2020,article,24,46,10,Yaohong Zhang; Guohua Wu; Chao Ding; Feng Liu; Dong Liu; Taizo Masuda; Kenji Yoshino; Shuzi Hayase; Ruixiang Wang; Qing Shen,https://openalex.org/A5039711600; https://openalex.org/A5084639127; https://openalex.org/A5083723121; https://openalex.org/A5100750900; https://openalex.org/A5100407344; https://openalex.org/A5081417612; https://openalex.org/A5080138637; https://openalex.org/A5111620574; https://openalex.org/A5101968565; https://openalex.org/A5026305264,University of Electro-Communications; Shaanxi Normal University; Toyota Motor Corporation (Japan); University of Miyazaki; Beijing University of Civil Engineering and Architecture,JP; CN,5,Quantum Dots Synthesis And Properties,Materials Chemistry,Materials Science,Physical Sciences,Nano-Micro Letters
https://openalex.org/W3020990750,https://doi.org/10.1109/tmech.2020.2992090,Field-Based Assist-as-Needed Control Schemes for Rehabilitation Robots,2020,article,103,36,4,Hamed Jabbari Asl; Masashi Yamashita; Tatsuo Narikiyo; Michihiro Kawanishi,https://openalex.org/A5083543090; https://openalex.org/A5101745637; https://openalex.org/A5036052448; https://openalex.org/A5053280611,Toyota Technological Institute; Toyota Motor Corporation (Japan),JP,2,Prosthetics and Rehabilitation Robotics,Biomedical Engineering,Engineering,Physical Sciences,IEEE/ASME Transactions on Mechatronics
https://openalex.org/W3012111352,https://doi.org/10.1039/c9cp06608j,Li-ion transport at the interface between a graphite anode and Li <sub>2</sub> CO <sub>3</sub> solid electrolyte interphase: <i>ab initio</i> molecular dynamics study,2020,article,28,83,4,Takeshi Baba; Keitaro Sodeyama; Yoshiumi Kawamura; Yoshitaka Tateyama,https://openalex.org/A5103911925; https://openalex.org/A5068421230; https://openalex.org/A5051731483; https://openalex.org/A5062083193,Frontier Hospital; Toyota Motor Corporation (Japan); National Institute for Materials Science; Kyoto University,ZA; JP,4,Advancements in Battery Materials,Electrical and Electronic Engineering,Engineering,Physical Sciences,Physical Chemistry Chemical Physics
https://openalex.org/W3013780659,https://doi.org/10.1038/s42005-020-0326-2,A fully planar solar pumped laser based on a luminescent solar collector,2020,article,57,39,8,Taizo Masuda; Mitsuhiro Iyoda; Yuta Yasumatsu; Stephan Dottermusch; Ian A. Howard; Bryce S. Richards; Jean‐François Bisson; Masamori Endo,https://openalex.org/A5081417612; https://openalex.org/A5006854661; https://openalex.org/A5019420629; https://openalex.org/A5056770034; https://openalex.org/A5027101906; https://openalex.org/A5088556109; https://openalex.org/A5008886121; https://openalex.org/A5036504314,Toyota Motor Corporation (Japan); Tokai University; Karlsruhe Institute of Technology; Université de Moncton,JP; DE; CA,4,Photochemistry and Electron Transfer Studies,Physical and Theoretical Chemistry,Chemistry,Physical Sciences,Communications Physics
https://openalex.org/W3023856510,https://doi.org/10.1109/lifetech48969.2020.1570618847,Evaluation of the Physiological Effects of Fragrances in a Visual Search Task,2020,conference-paper,0,7,6,Kiyomi Sakakibara; Koichiro Iwai; Kazumi Hayakawa; Katsuhiko Nakajima; Kazuhiro Kato; Keisuke Suzuki,https://openalex.org/A5011446743; https://openalex.org/A5059456258; https://openalex.org/A5103903482; https://openalex.org/A5109108860; https://openalex.org/A5103454009; https://openalex.org/A5103067593,Toyota Motor Corporation (Japan); Toyota Central Research and Development Laboratories (Japan); Kagawa University,JP,3,Olfactory and Sensory Function Studies,Sensory Systems,Neuroscience,Life Sciences,2020 IEEE 2nd Global Conference on Life Sciences and Technologies (LifeTech)
https://openalex.org/W2992250360,https://doi.org/10.1007/978-3-030-35699-6_37,Human Support Robot as Research Platform of Domestic Mobile Manipulator,2019,conference-paper,11,9,8,Takashi Yamamoto; Yutaro Takagi; Akiyoshi Ochiai; Kunihiro Iwamoto; Yuta Itozawa; Yoshiaki Asahara; Yasukata Yokochi; Koichi Ikeda,https://openalex.org/A5002731209; https://openalex.org/A5039676107; https://openalex.org/A5042896259; https://openalex.org/A5069243901; https://openalex.org/A5086589253; https://openalex.org/A5090920471; https://openalex.org/A5109443493; https://openalex.org/A5051359273,Toyota Motor Corporation (Japan); Toyota Research Institute; Toyota Industries (United States),JP; US,3,Robotic Path Planning Algorithms,Computer Vision and Pattern Recognition,Computer Science,Physical Sciences,Lecture notes in computer science
https://openalex.org/W2985193180,https://doi.org/10.1016/j.robot.2019.103353,A data-driven approach to probabilistic impedance control for humanoid robots,2019,article,4,36,5,Wataru Takano; Hiroki Kanayama; Taro Takahashi; T. Moridaira; Yoshihiko Nakamura,https://openalex.org/A5019765580; https://openalex.org/A5004619436; https://openalex.org/A5102412907; https://openalex.org/A5046209694; https://openalex.org/A5040633710,The University of Tokyo; Toyota Motor Corporation (Japan),JP,2,Robotic Locomotion and Control,Biomedical Engineering,Engineering,Physical Sciences,Robotics and Autonomous Systems
https://openalex.org/W2998892609,https://doi.org/10.1109/vppc46532.2019.8952521,A Synchronizing Approach for Non-Uniform Time-Varying Communication Delays on the Average Consensus of Multi Agent System,2019,conference-paper,1,12,4,Satoshi KIKUCHI; Tran Huynh Ngoc; Michihiro Kawanishi; Tatsuo Narikiyo,https://openalex.org/A5075351781; https://openalex.org/A5002012403; https://openalex.org/A5053280611; https://openalex.org/A5036052448,Toyota Motor Corporation (Japan); Toyota Technological Institute,JP,2,Distributed Control Multi-Agent Systems,Computer Networks and Communications,Computer Science,Physical Sciences,
https://openalex.org/W2968182053,https://doi.org/10.1007/978-3-030-26118-4_11,An Assist-as-Needed Impedance Controller for Rehabilitation Robots,2019,conference-paper,1,15,3,Hamed Jabbari Asl; Masashi Yamashita; Tatsuo Narikiyo,https://openalex.org/A5083543090; https://openalex.org/A5101745637; https://openalex.org/A5036052448,Toyota Technological Institute; Toyota Motor Corporation (Japan),JP,2,Prosthetics and Rehabilitation Robotics,Biomedical Engineering,Engineering,Physical Sciences,Lecture notes in computer science
https://openalex.org/W2965709049,https://doi.org/10.24963/ijcai.2019/827,Daytime Sleepiness Level Prediction Using Respiratory Information,2019,conference-paper,4,41,4,Kazuhiko Shinoda; Masahiko Yoshii; Hayato Yamaguchi; Hirotaka Kaji,https://openalex.org/A5058840334; https://openalex.org/A5040360895; https://openalex.org/A5059930065; https://openalex.org/A5053538465,Toyota Motor Corporation (Japan),JP,1,Sleep and Work-Related Fatigue,Experimental and Cognitive Psychology,Psychology,Social Sciences,
https://openalex.org/W2970776047,https://doi.org/10.1109/icma.2019.8816341,A Method of Online Motion Generation Using Swept Volumes Collected in Advance,2019,conference-paper,1,38,4,Rui Zhu; Kotaro Nagahama; Keisuke Takeshita; Kimitoshi Yamazaki,https://openalex.org/A5070090646; https://openalex.org/A5059309308; https://openalex.org/A5042147200; https://openalex.org/A5035229636,Shinshu University; Toyota Motor Corporation (Japan),JP,2,Robotic Path Planning Algorithms,Computer Vision and Pattern Recognition,Computer Science,Physical Sciences,
https://openalex.org/W2951461412,https://doi.org/10.1128/msphere.00099-19,Multiplexed CRISPR-Cas9-Based Genome Editing of <i>Rhodosporidium toruloides</i>,2019,article,80,74,6,Peter B. Otoupal; Masakazu Ito; Adam P. Arkin; Jon Magnuson; John M. Gladden; Jeffrey M. Skerker,https://openalex.org/A5009454293; https://openalex.org/A5061532206; https://openalex.org/A5066623854; https://openalex.org/A5072977210; https://openalex.org/A5059679554; https://openalex.org/A5037421535,"Sandia National Laboratories California; Joint BioEnergy Institute; Energy Biosciences Institute; Toyota Motor Corporation (Japan); Lawrence Berkeley National Laboratory; University of California, Berkeley; Pacific Northwest National Laboratory",US; JP,7,CRISPR and Genetic Engineering,Molecular Biology,"Biochemistry, Genetics and Molecular Biology",Life Sciences,mSphere
https://openalex.org/W2946484354,https://doi.org/10.1007/s00253-019-09900-1,Cloning of a novel gene involved in alkane biosynthesis from Klebsiella sp,2019,article,6,19,8,Masakazu Ito; Hiromi Kambe; Ai Sawagashira; Shigenobu Kishino; Michiki Takeuchi; Akinori Ando; Masayoshi Muramatsu; Jun Ogawa,https://openalex.org/A5061532206; https://openalex.org/A5030972270; https://openalex.org/A5090661497; https://openalex.org/A5040191814; https://openalex.org/A5072324097; https://openalex.org/A5051139328; https://openalex.org/A5053868533; https://openalex.org/A5038913657,Toyota Motor Corporation (Japan); Kyoto University,JP,2,Microbial Metabolic Engineering and Bioproduction,Molecular Biology,"Biochemistry, Genetics and Molecular Biology",Life Sciences,Applied Microbiology and Biotechnology
https://openalex.org/W2937027327,https://doi.org/10.1186/s12934-019-1099-8,Monoterpene production by the carotenogenic yeast Rhodosporidium toruloides,2019,article,98,80,13,Xun Zhuang; Oliver Kilian; Eric Monroe; Masakazu Ito; Mary Bao Tran-Gymfi; Fang Liu; Ryan Davis; Mona Mirsiaghi; Eric Sundström; Todd Pray; Jeffrey M. Skerker; Anthe George; John M. Gladden,https://openalex.org/A5005765128; https://openalex.org/A5041057734; https://openalex.org/A5020036650; https://openalex.org/A5061532206; https://openalex.org/A5025087803; https://openalex.org/A5100453080; https://openalex.org/A5071035208; https://openalex.org/A5035780114; https://openalex.org/A5018989607; https://openalex.org/A5040634308; https://openalex.org/A5037421535; https://openalex.org/A5024837645; https://openalex.org/A5059679554,Sandia National Laboratories California; Energy Biosciences Institute; Lawrence Berkeley National Laboratory; Sandia National Laboratories; Joint BioEnergy Institute,US,5,Plant biochemistry and biosynthesis,Molecular Biology,"Biochemistry, Genetics and Molecular Biology",Life Sciences,Microbial Cell Factories
https://openalex.org/W2947311533,https://doi.org/10.1186/s40648-019-0132-3,Development of Human Support Robot as the research platform of a domestic mobile manipulator,2019,article,232,31,6,Takashi Yamamoto; Koji Terada; Akiyoshi Ochiai; Fuminori Saito; Yoshiaki Asahara; Kazuto Murase,https://openalex.org/A5002731209; https://openalex.org/A5112291284; https://openalex.org/A5042896259; https://openalex.org/A5112439415; https://openalex.org/A5090920471; https://openalex.org/A5103755232,Toyota Motor Corporation (Japan); Toyota Research Institute,JP,2,Prosthetics and Rehabilitation Robotics,Biomedical Engineering,Engineering,Physical Sciences,ROBOMECH Journal
https://openalex.org/W2938556542,https://doi.org/10.1109/icassp.2019.8683118,Binary Classification Only from Unlabeled Data by Iterative Unlabeled-unlabeled Classification,2019,conference-paper,0,33,2,Hirotaka Kaji; Masashi Sugiyama,https://openalex.org/A5053538465; https://openalex.org/A5072744508,Toyota Motor Corporation (Japan); RIKEN Center for Advanced Intelligence Project,JP,2,Machine Learning and Data Classification,Artificial Intelligence,Computer Science,Physical Sciences,
https://openalex.org/W2931696084,https://doi.org/10.1186/s12976-019-0101-9,Mathematical modeling of septic shock based on clinical data,2019,article,16,31,10,Yukihiro Yamanaka; Kenko Uchida; Momoka Akashi; Yuta Watanabe; Arino Yaguchi; Shuji Shimamoto; Shingo Shimoda; Hitoshi Yamada; Masashi Yamashita; Hidenori Kimura,https://openalex.org/A5087156035; https://openalex.org/A5102278851; https://openalex.org/A5073824291; https://openalex.org/A5101464609; https://openalex.org/A5071519408; https://openalex.org/A5042120575; https://openalex.org/A5018762989; https://openalex.org/A5101414077; https://openalex.org/A5101745637; https://openalex.org/A5016998231,Waseda University; Tokyo Women's Medical University; RIKEN; Toyota Motor Corporation (Japan),JP,4,Sepsis Diagnosis and Treatment,Epidemiology,Medicine,Health Sciences,Theoretical Biology and Medical Modelling
https://openalex.org/W2919099715,https://doi.org/10.1039/c8nh00368h,Vivid-colored silicon solar panels with high efficiency and non-iridescent appearance,2019,article,58,36,5,Chengang Ji; Zhong Zhang; Taizo Masuda; Yuki Kudo; L. Jay Guo,https://openalex.org/A5012368728; https://openalex.org/A5100350966; https://openalex.org/A5081417612; https://openalex.org/A5101513951; https://openalex.org/A5001814451,University of Michigan; Ann Arbor Center for Independent Living; Frontier Hospital; Frontier Science Foundation; Toyota Motor Corporation (Japan); Frontier Aerospace Corporation (United States),US; ZA; CH; JP,6,solar cell performance optimization,Electrical and Electronic Engineering,Engineering,Physical Sciences,Nanoscale Horizons
https://openalex.org/W2909870687,https://doi.org/10.1007/978-3-030-11245-5_20,Application of Abstract Interpretation to the Automotive Electronic Control System,2019,conference-paper,11,9,5,Tomoya Yamaguchi; Martin Brain; C. Ryder; Yosikazu Imai; Yoshiumi Kawamura,https://openalex.org/A5081703435; https://openalex.org/A5009343703; https://openalex.org/A5091139303; https://openalex.org/A5082506279; https://openalex.org/A5051731483,Toyota Motor Corporation (Japan); University of Oxford; Oxford Archaeology,JP; GB,3,Software Testing and Debugging Techniques,Software,Computer Science,Physical Sciences,Lecture notes in computer science
https://openalex.org/W2903947135,https://doi.org/10.3389/fpls.2018.01880,Selection of Transcripts Affecting Initial Growth Rate of Rice Backcrossed Inbred Lines Using RNA Sequencing Data,2018,article,4,22,8,Akari Fukuda; Tatsuro Hirose; Naohiro Aoki; Satoshi Kondo; Madoka Yonekura; Tomomori Kataoka; Chikara Ohto; Atsushi J. Nagano,https://openalex.org/A5103004487; https://openalex.org/A5112320677; https://openalex.org/A5076706118; https://openalex.org/A5112503611; https://openalex.org/A5079116416; https://openalex.org/A5102437381; https://openalex.org/A5049050488; https://openalex.org/A5065227938,National Agriculture and Food Research Organization; Central Region Agricultural Research Center; The University of Tokyo; Toyota Motor Corporation (Japan); Kyushu Okinawa Agricultural Research Center; Ryukoku University,JP,6,Rice Cultivation and Yield Improvement,Plant Science,Agricultural and Biological Sciences,Life Sciences,Frontiers in Plant Science
https://openalex.org/W2922432177,https://doi.org/10.1109/robio.2018.8665040,Picking up One of the Folded and Stacked Towels by a Single Arm Robot,2018,conference-paper,17,20,6,Satonori Demura; Kazuki Sano; Wataru Nakajima; Kotaro Nagahama; Keisuke Takeshita; Kimitoshi Yamazaki,https://openalex.org/A5043772298; https://openalex.org/A5112463961; https://openalex.org/A5075859410; https://openalex.org/A5059309308; https://openalex.org/A5042147200; https://openalex.org/A5035229636,Toyota Motor Corporation (Japan); Shinshu University,JP,2,Robot Manipulation and Learning,Control and Systems Engineering,Engineering,Physical Sciences,
https://openalex.org/W2903952466,https://doi.org/10.1142/s1793351x18400214,Recurrent Visual Relationship Recognition with Triplet Unit for Diversity,2018,article,1,2,4,Kento Masui; Akiyoshi Ochiai; Shintaro Yoshizawa; Hideki Nakayama,https://openalex.org/A5064089679; https://openalex.org/A5042896259; https://openalex.org/A5081897089; https://openalex.org/A5050229964,The University of Tokyo; Toyota Motor Corporation (Japan),JP,2,Multimodal Machine Learning Applications,Computer Vision and Pattern Recognition,Computer Science,Physical Sciences,International Journal of Semantic Computing
https://openalex.org/W2907797934,https://doi.org/10.1109/iecon.2018.8591188,Filtered Disturbance Observer for High Backdrivable Robot Joint,2018,conference-paper,7,12,3,Akiyuki Hasegawa; Hiroshi Fujimoto; Taro Takahashi,https://openalex.org/A5111742129; https://openalex.org/A5013219761; https://openalex.org/A5102412907,The University of Tokyo; Toyota Motor Corporation (Japan),JP,2,Teleoperation and Haptic Systems,Mechanical Engineering,Engineering,Physical Sciences,
https://openalex.org/W2897652053,https://doi.org/10.1007/s10514-018-9815-5,Sequential Monte Carlo controller that integrates physical consistency and motion knowledge,2018,article,3,34,3,Wataru Takano; Taro Takahashi; Yoshihiko Nakamura,https://openalex.org/A5019765580; https://openalex.org/A5102412907; https://openalex.org/A5040633710,The University of Tokyo; Toyota Motor Corporation (Japan),JP,2,Robot Manipulation and Learning,Control and Systems Engineering,Engineering,Physical Sciences,Autonomous Robots
https://openalex.org/W2899304514,https://doi.org/10.1145/3267305.3267586,Wearable Respiration Sensor Platform Using Ultrasound Transducer,2018,conference-paper,2,5,4,Hirotaka Kaji; Hayato Yamaguchi; Kazuhide Shigeto; Hirokazu Kikuchi,https://openalex.org/A5053538465; https://openalex.org/A5059930065; https://openalex.org/A5040116075; https://openalex.org/A5020572812,Toyota Motor Corporation (Japan),JP,1,Non-Invasive Vital Sign Monitoring,Biomedical Engineering,Engineering,Physical Sciences,
https://openalex.org/W2910595675,https://doi.org/10.1109/iros.2018.8593391,Estimating Door Shape and Manipulation Model for Daily Assistive Robots Based on the Integration of Visual and Touch Information,2018,conference-paper,12,23,6,Kotaro Nagahama; Keisuke Takeshita; Hiroaki Yaguchi; Kimitoshi Yamazaki; Takashi Yamamoto; Masayuki Inaba,https://openalex.org/A5059309308; https://openalex.org/A5042147200; https://openalex.org/A5050029898; https://openalex.org/A5035229636; https://openalex.org/A5002731209; https://openalex.org/A5047218430,Shinshu University; Toyota Motor Corporation (Japan); The University of Tokyo,JP,3,Gaze Tracking and Assistive Technology,Human-Computer Interaction,Computer Science,Physical Sciences,
https://openalex.org/W2911082410,https://doi.org/10.1109/iros.2018.8593798,Development of the Research Platform of a Domestic Mobile Manipulator Utilized for International Competition and Field Test,2018,conference-paper,52,21,6,Takashi Yamamoto; Koji Terada; Akiyoshi Ochiai; Fuminori Saito; Yoshiaki Asahara; Kazuto Murase,https://openalex.org/A5002731209; https://openalex.org/A5112291284; https://openalex.org/A5042896259; https://openalex.org/A5112439415; https://openalex.org/A5090920471; https://openalex.org/A5103755232,Toyota Motor Corporation (Japan); Toyota Research Institute,JP,2,Prosthetics and Rehabilitation Robotics,Biomedical Engineering,Engineering,Physical Sciences,
https://openalex.org/W2898902231,https://doi.org/10.1109/ccta.2018.8511448,Nonlinear Model Predictive Control for Systems with State-Dependent Switches and State Jumps Using a Penalty Function Method,2018,conference-paper,5,25,4,Sotaro Katayama; Yasuyuki Satoh; Masahiro Doi; Toshiyuki Ohtsuka,https://openalex.org/A5003539323; https://openalex.org/A5102916657; https://openalex.org/A5090967957; https://openalex.org/A5014103535,Kyoto University; Tokyo University of Science; Toyota Motor Corporation (Japan),JP,3,Robotic Locomotion and Control,Biomedical Engineering,Engineering,Physical Sciences,2018 IEEE Conference on Control Technology and Applications (CCTA)
https://openalex.org/W2905358616,https://doi.org/10.1109/coase.2018.8560411,A Learning Method for a Daily Assistive Robot for Opening and Closing Doors Based on Simple Instructions,2018,conference-paper,9,22,6,Kotaro Nagahama; Keisuke Takeshita; Hiroaki Yaguchi; Kimitoshi Yamazaki; Takashi Yamamoto; Masayuki Inaba,https://openalex.org/A5059309308; https://openalex.org/A5042147200; https://openalex.org/A5050029898; https://openalex.org/A5035229636; https://openalex.org/A5002731209; https://openalex.org/A5047218430,Shinshu University; Toyota Motor Corporation (Japan); The University of Tokyo,JP,3,Social Robot Interaction and HRI,Social Psychology,Psychology,Social Sciences,
https://openalex.org/W2886179568,https://doi.org/10.3390/coatings8080282,Visually Attractive and High-Power-Retention Solar Modules by Coloring with Automotive Paints,2018,article,32,21,3,Taizo Masuda; Yuki Kudo; Debasish Banerjee,https://openalex.org/A5081417612; https://openalex.org/A5101513951; https://openalex.org/A5026459714,Toyota Motor Corporation (Japan); Toyota Research Institute,JP,2,solar cell performance optimization,Electrical and Electronic Engineering,Engineering,Physical Sciences,Coatings
https://openalex.org/W2885365305,https://doi.org/10.1145/3214907.3233972,Human support robot (HSR),2018,conference-paper,37,1,5,Takashi Yamamoto; Tamaki Nishino; Hideki Kajima; Mitsunori Ohta; Koichi Ikeda,https://openalex.org/A5002731209; https://openalex.org/A5112674332; https://openalex.org/A5006627732; https://openalex.org/A5108647828; https://openalex.org/A5051359273,Toyota Motor Corporation (Japan),JP,1,Transportation and Mobility Innovations,Automotive Engineering,Engineering,Physical Sciences,
https://openalex.org/W2885862219,https://doi.org/10.1016/j.jtbi.2018.08.008,A mathematical model of type 1 diabetes involving leptin effects on glucose metabolism,2018,article,15,33,6,Rei Kadota; Kazuma Sugita; Kenko Uchida; Hitoshi Yamada; Masashi Yamashita; Hidenori Kimura,https://openalex.org/A5075317353; https://openalex.org/A5065601690; https://openalex.org/A5102278851; https://openalex.org/A5101414077; https://openalex.org/A5050818726; https://openalex.org/A5016998231,Waseda University; Toyota Motor Corporation (Japan),JP,6,Pancreatic function and diabetes,Surgery,Medicine,Health Sciences,Journal of Theoretical Biology
https://openalex.org/W2884249193,https://doi.org/10.3390/s18072374,Design and Fabrication Technology of Low Profile Tactile Sensor with Digital Interface for Whole Body Robot Skin,2018,article,25,19,6,Mitsutoshi Makihata; Masanori Muroyama; Shuji Tanaka; Takahiro Nakayama; Yutaka Nonomura; Masayoshi Esashi,https://openalex.org/A5042333206; https://openalex.org/A5037940534; https://openalex.org/A5024253162; https://openalex.org/A5035083249; https://openalex.org/A5008972576; https://openalex.org/A5055348625,Tohoku University; Toyota Motor Corporation (Japan); Toyota Central Research and Development Laboratories (Japan),JP,3,Advanced Sensor and Energy Harvesting Materials,Biomedical Engineering,Engineering,Physical Sciences,Sensors
https://openalex.org/W2907678173,https://doi.org/10.1109/tbme.2018.2830366,ECG-Based Concentration Recognition With Multi-Task Regression,2018,article,23,56,3,Hirotaka Kaji; Hisashi Iizuka; Masashi Sugiyama,https://openalex.org/A5053538465; https://openalex.org/A5027817375; https://openalex.org/A5072744508,Toyota Motor Corporation (Japan); RIKEN Center for Advanced Intelligence Project,JP,3,Non-Invasive Vital Sign Monitoring,Biomedical Engineering,Engineering,Physical Sciences,IEEE Transactions on Biomedical Engineering
https://openalex.org/W2802674238,https://doi.org/10.1080/1343943x.2018.1461016,"Characterization of sugar metabolism in the stem of Tachisuzuka, a whole-crop silage rice cultivar with high sugar content in the stem",2018,article,7,41,10,Yoichi Hashida; Sakurako Kadoya; Masaki Okamura; Yu Sugimura; Tatsuya Hirano; Tatsuro Hirose; Satoshi Kondo; Chikara Ohto; Ryu Ohsugi; Naohiro Aoki,https://openalex.org/A5020150966; https://openalex.org/A5083403853; https://openalex.org/A5111921779; https://openalex.org/A5062834471; https://openalex.org/A5016721695; https://openalex.org/A5112320677; https://openalex.org/A5112503611; https://openalex.org/A5049050488; https://openalex.org/A5063903249; https://openalex.org/A5076706118,Ryukoku University; The University of Tokyo; Institute of Crop Science; Mie Agricultural Research Institute; Meijo University; Central Region Agricultural Research Center; Toyota Motor Corporation (Switzerland); Toyota Motor North America (United States); Toyota Motor Corporation (Japan),JP; CH; US,9,Plant nutrient uptake and metabolism,Plant Science,Agricultural and Biological Sciences,Life Sciences,Plant Production Science
https://openalex.org/W2891196798,https://doi.org/10.1109/icassp.2018.8462108,Multi Task Learning with Positive and Unlabeled Data and its Application to Mental State Prediction,2018,conference-paper,11,17,3,Hirotaka Kaji; Hayato Yamaguchi; Masashi Sugiyama,https://openalex.org/A5053538465; https://openalex.org/A5059930065; https://openalex.org/A5072744508,Toyota Motor Corporation (Japan); RIKEN Center for Advanced Intelligence Project,JP,2,Sleep and Work-Related Fatigue,Experimental and Cognitive Psychology,Psychology,Social Sciences,
https://openalex.org/W2951505038,https://doi.org/10.7554/elife.32110,Functional genomics of lipid metabolism in the oleaginous yeast Rhodosporidium toruloides,2018,article,163,217,14,Samuel T. Coradetti; Dominic Pinel; Gina M. Geiselman; Masakazu Ito; Stephen J. Mondo; Morgann C. Reilly; Yafang Cheng; Štefan Bauer; Igor V. Grigoriev; John M. Gladden; Blake A. Simmons; Rachel B. Brem; Adam P. Arkin; Jeffrey M. Skerker,https://openalex.org/A5019264877; https://openalex.org/A5030960608; https://openalex.org/A5088283938; https://openalex.org/A5061532206; https://openalex.org/A5009992437; https://openalex.org/A5053229635; https://openalex.org/A5085384616; https://openalex.org/A5109968903; https://openalex.org/A5007647654; https://openalex.org/A5059679554; https://openalex.org/A5073802212; https://openalex.org/A5026237495; https://openalex.org/A5066623854; https://openalex.org/A5037421535,"Buck Institute for Research on Aging; Energy Biosciences Institute; United States Department of Energy; Joint Genome Institute; Pacific Northwest National Laboratory; Joint BioEnergy Institute; Lawrence Berkeley National Laboratory; University of California, Berkeley",US,8,Microbial Metabolic Engineering and Bioproduction,Molecular Biology,"Biochemistry, Genetics and Molecular Biology",Life Sciences,eLife
https://openalex.org/W2751052747,https://doi.org/10.1016/j.jbiosc.2017.08.002,A search for microorganisms producing medium-chain alkanes from aldehydes,2017,article,10,14,5,Masakazu Ito; Hiromi Kambe; Shigenobu Kishino; Masayoshi Muramatsu; Jun Ogawa,https://openalex.org/A5061532206; https://openalex.org/A5030972270; https://openalex.org/A5040191814; https://openalex.org/A5053868533; https://openalex.org/A5038913657,Toyota Motor Corporation (Japan); Kyoto University,JP,2,Microbial Metabolic Engineering and Bioproduction,Molecular Biology,"Biochemistry, Genetics and Molecular Biology",Life Sciences,Journal of Bioscience and Bioengineering
https://openalex.org/W7125631927,https://doi.org/10.1109/mra.2025.3642762,MAPF-HD: Multi-Agent Path Finding in High-Density Environments,2026,article,0,0,2,Hiroya Makino; Seigo Ito,https://openalex.org/A5108910389; https://openalex.org/A5123793906,Toyota Central Research and Development Laboratories (Japan),JP,1,Robotic Path Planning Algorithms,Computer Vision and Pattern Recognition,Computer Science,Physical Sciences,IEEE Robotics & Automation Magazine
https://openalex.org/W4412571034,https://doi.org/10.1021/acscatal.5c04074,Effect of the Pore Size of Mesoporous Carbon Supports for Cathode Catalysts on the Cell Performance of Polymer Electrolyte Fuel Cells,2025,article,28,47,3,Tomohiro Takeshita; Kazuhisa Yano; Kensaku Kodama,https://openalex.org/A5110438929; https://openalex.org/A5104093958; https://openalex.org/A5024625913,Toyota Central Research and Development Laboratories (Japan),JP,1,Electrocatalysts for Energy Conversion,"Renewable Energy, Sustainability and the Environment",Energy,Physical Sciences,ACS Catalysis
https://openalex.org/W4405520571,https://doi.org/10.1109/lcsys.2024.3520031,Adaptive Passification of Unknown Input-Affine Nonlinear Systems,2024,article,1,32,3,Tatsuya Miyano; Ryotaro Shima; Yuji Ito,https://openalex.org/A5011738228; https://openalex.org/A5021303479; https://openalex.org/A5028644363,Toyota Central Research and Development Laboratories (Japan),JP,1,Adaptive Control of Nonlinear Systems,Control and Systems Engineering,Engineering,Physical Sciences,IEEE Control Systems Letters
https://openalex.org/W4403706142,https://doi.org/10.48550/arxiv.2409.10970,Contraction Analysis of Continuation Method for Suboptimal Model Predictive Control,2024,preprint,0,0,3,Ryotaro Shima; Yuji Ito; Tatsuya Miyano,https://openalex.org/A5062715591; https://openalex.org/A5028644363; https://openalex.org/A5011738228,,,0,Industrial Technology and Control Systems,Control and Systems Engineering,Engineering,Physical Sciences,arXiv (Cornell University)
https://openalex.org/W4411424580,https://doi.org/10.1021/acsnano.5c05553,Machine Learning Force Fields in Electrochemistry: From Fundamentals to Applications,2025,article,22,454,2,Ryosuke Jinnouchi; Saori Minami,https://openalex.org/A5014137404; https://openalex.org/A5013319689,Toyota Motor Corporation (Switzerland); Toyota Central Research and Development Laboratories (Japan),CH; JP,2,Machine Learning in Materials Science,Materials Chemistry,Materials Science,Physical Sciences,ACS Nano
https://openalex.org/W4408857766,https://doi.org/10.1016/j.addma.2025.104746,Flexible lattice structure using curved struts based on body-centered cubic structure,2025,article,4,44,3,Takashi Sasagawa; Naruhiko Nimura; Masato Tanaka,https://openalex.org/A5028590387; https://openalex.org/A5014904256; https://openalex.org/A5071689458,Toyota Central Research and Development Laboratories (Japan),JP,3,Structural Analysis and Optimization,Civil and Structural Engineering,Engineering,Physical Sciences,Additive manufacturing
https://openalex.org/W4410457737,https://doi.org/10.1038/s41467-025-59841-9,Carbon fibre production using an ecofriendly water-soluble precursor,2025,article,10,45,16,Takuya Morishita; Mamiko Narita; Mitsumasa Matsushita; Kenichi Hayashida; Kazuhiro Nomura; Shota Taniguchi; Yoshihiro Kikuzawa; Natsu Sakakura; Hiromitsu Tanaka; Yoshihide Katagiri; Atsuto Okamoto; Makoto Mouri; Hiroyuki Mori; Akira Kunitomo; Hideyasu Kawai; Nozomu Shigemitsu,https://openalex.org/A5074484357; https://openalex.org/A5112260381; https://openalex.org/A5112679748; https://openalex.org/A5078938668; https://openalex.org/A5032132068; https://openalex.org/A5086922445; https://openalex.org/A5083871860; ; https://openalex.org/A5019810533; https://openalex.org/A5076519655; https://openalex.org/A5042732538; https://openalex.org/A5088077414; https://openalex.org/A5016452461; https://openalex.org/A5058551201; https://openalex.org/A5112213157; https://openalex.org/A5042507067,Toyota Central Research and Development Laboratories (Japan); Toyota Motor Corporation (Japan),JP,2,Fiber-reinforced polymer composites,Mechanical Engineering,Engineering,Physical Sciences,Nature Communications
https://openalex.org/W4409760602,https://doi.org/10.1016/j.mtbio.2025.101803,Destruction of virus particles via mechanical and chemical virucidal activity of nanocolumnar copper thin films,2025,article,2,41,4,Keisuke Shigetoh; Yusuke Hirata; Nobuhiko Muramoto; Nobuhiro Ishida,https://openalex.org/A5020529547; https://openalex.org/A5069380651; https://openalex.org/A5055198530; https://openalex.org/A5050020629,Toyota Central Research and Development Laboratories (Japan),JP,1,Infection Control and Ventilation,Pulmonary and Respiratory Medicine,Medicine,Health Sciences,Materials Today Bio
https://openalex.org/W4411778676,https://doi.org/10.1002/advs.202506732,Quantum Valley Hall Effect‐Based Coupler with Continuously Tunable Transmission for Topological Information Communication,2025,article,1,79,4,Keita Funayama; Kenichi Yatsugi; Hiroya Tanaka; Hideo Iizuka,https://openalex.org/A5088511716; https://openalex.org/A5029720668; https://openalex.org/A5073314353; https://openalex.org/A5083180550,Toyota Central Research and Development Laboratories (Japan),JP,1,Topological Materials and Phenomena,"Atomic and Molecular Physics, and Optics",Physics and Astronomy,Physical Sciences,Advanced Science
https://openalex.org/W4413018280,https://doi.org/10.1109/iv64158.2025.11097549,Real-Time Simulator Exploiting Micro-Service Architecture for Mission-Critical Service with Multiple Mobile Networks,2025,conference-paper,1,14,5,Kengo Sasaki; Masaki Takanashi; Naoya Kaneko; Ryokichi Onishi; Katsushi Sanda,https://openalex.org/A5103721625; https://openalex.org/A5110156675; https://openalex.org/A5038540324; https://openalex.org/A5104341051; https://openalex.org/A5066488815,Toyota Motor Corporation (Japan),JP,1,Vehicular Ad Hoc Networks (VANETs),Electrical and Electronic Engineering,Engineering,Physical Sciences,
https://openalex.org/W4410767797,https://doi.org/10.1016/j.neunet.2025.107610,Minimal sufficient views: A DNN model making predictions with more evidence has higher accuracy,2025,article,1,41,3,Keisuke Kawano; Takuro Kutsuna; Keisuke Sano,https://openalex.org/A5106723033; https://openalex.org/A5012936801; https://openalex.org/A5056792871,Toyota Central Research and Development Laboratories (Japan); Denso (Japan),JP,3,Explainable Artificial Intelligence (XAI),Artificial Intelligence,Computer Science,Physical Sciences,Neural Networks
https://openalex.org/W4405122390,https://doi.org/10.26599/frict.2025.9441040,Friction and wear characteristics of acidic phosphate ester boundary layers analyzed by near-edge X-ray absorption fine structure,2024,article,3,36,8,Naoko Takahashi; Kensuke MATSUSHIMA; Noritake Isomura; Satoru Kosaka; Toshihide Ohmori; Toshinari Sano; Satoru Maegawa; Fumihiro ITOIGAWA,https://openalex.org/A5102972627; https://openalex.org/A5081619968; https://openalex.org/A5077114890; https://openalex.org/A5064973949; https://openalex.org/A5112835832; https://openalex.org/A5102267893; https://openalex.org/A5110762060; https://openalex.org/A5088546065,Toyota Motor Corporation (Switzerland); Toyota Central Research and Development Laboratories (Japan); Nagoya Institute of Technology; Toyota Motor Corporation (Japan),CH; JP,8,Lubricants and Their Additives,Mechanical Engineering,Engineering,Physical Sciences,Friction
https://openalex.org/W4413917670,https://doi.org/10.1109/icra55743.2025.11127682,Visual-Based Forklift Learning System Enabling Zero-Shot Sim2Real Without Real-World Data,2025,conference-paper,2,23,4,Koshi Oishi; Toshi Kato; Hiroya Makino; Seigo Ito,; https://openalex.org/A5054912061; https://openalex.org/A5020128948; https://openalex.org/A5050991346,Toyota Central Research and Development Laboratories (Japan),JP,1,Machine Learning and Data Classification,Artificial Intelligence,Computer Science,Physical Sciences,
https://openalex.org/W4392090033,https://doi.org/10.48550/arxiv.2402.13765,Accuracy-Preserving Calibration via Statistical Modeling on Probability Simplex,2024,preprint,0,0,5,Yasushi Esaki; Akihiro Nakamura; Keisuke Kawano; Ryoko Tokuhisa; Takuro Kutsuna,https://openalex.org/A5054883402; https://openalex.org/A5101643891; https://openalex.org/A5106723033; https://openalex.org/A5007495518; https://openalex.org/A5012936801,,,0,Fault Detection and Control Systems,Control and Systems Engineering,Engineering,Physical Sciences,arXiv (Cornell University)
https://openalex.org/W4392929750,https://doi.org/10.1109/icra57147.2024.10611377,Language to Map: Topological map generation from natural language path instructions,2024,conference-paper,5,26,3,Hideki Deguchi; Kazuki Shibata; Shun Taguchi,https://openalex.org/A5018402533; https://openalex.org/A5073719311; https://openalex.org/A5054754593,Toyota Central Research and Development Laboratories (Japan),JP,1,Geographic Information Systems Studies,"Geography, Planning and Development",Social Sciences,Social Sciences,
https://openalex.org/W3036195468,https://doi.org/10.1177/1468087420931247,Development of free piston engine linear generator system and a resonant pendulum type control method,2020,article,20,15,4,Hidemasa Kosaka; Tomoyuki Akita; Shigeaki Goto; Yoshihiro Hotta,https://openalex.org/A5101510356; https://openalex.org/A5077968259; https://openalex.org/A5076304804; https://openalex.org/A5055435217,Toyota Central Research and Development Laboratories (Japan),JP,4,Advanced Thermodynamic Systems and Engines,Mechanical Engineering,Engineering,Physical Sciences,International Journal of Engine Research
https://openalex.org/W3048665232,https://doi.org/10.1177/1468087420945905,A predictive combustion model for one-dimensional gasoline engine simulation,2020,article,5,20,7,Yoshihiro Nomura; Seiji Yamamoto; Makoto Nagaoka; Stephan Diel; Kenta Kurihara; Rio Shimizu; Eiji Murase,https://openalex.org/A5035806803; https://openalex.org/A5020463415; https://openalex.org/A5000780771; https://openalex.org/A5057248294; https://openalex.org/A5075899904; https://openalex.org/A5045089617; https://openalex.org/A5030045291,Toyota Central Research and Development Laboratories (Japan); Toyota Motor Corporation (Germany); Toyota Motor Corporation (Japan),JP; DE,3,Advanced Combustion Engine Technologies,Fluid Flow and Transfer Processes,Chemical Engineering,Physical Sciences,International Journal of Engine Research
https://openalex.org/W2952996180,https://doi.org/10.1177/1468087419848236,Noise-canceling spike between pilot and main-pressure-rise peaks of multiple-injection diesel combustion,2019,article,11,19,2,Takayuki Fuyuto; Masahiro Taki,https://openalex.org/A5040010361; https://openalex.org/A5043608432,Toyota Central Research and Development Laboratories (Japan),JP,2,Advanced Combustion Engine Technologies,Fluid Flow and Transfer Processes,Chemical Engineering,Physical Sciences,International Journal of Engine Research
https://openalex.org/W2970855822,,Flow-based Image-to-Image Translation with Feature Disentanglement,2019,article,7,19,4,Ruho Kondo; Keisuke Kawano; Satoshi Koide; Takuro Kutsuna,https://openalex.org/A5084660054; https://openalex.org/A5106723033; https://openalex.org/A5009788491; https://openalex.org/A5012936801,Toyota Motor Corporation (Switzerland); The University of Osaka,CH; JP,4,Generative Adversarial Networks and Image Synthesis,Computer Vision and Pattern Recognition,Computer Science,Physical Sciences,Neural Information Processing Systems
https://openalex.org/W2946204911,https://doi.org/10.65109/pkar9907,Cooperative Routing with Heterogeneous Vehicles,2019,conference-paper,4,6,4,Keisuke Otaki; Satoshi Koide; Ayano Okoso; Tomoki Nishi,https://openalex.org/A5091332862; https://openalex.org/A5009788491; https://openalex.org/A5033705342; https://openalex.org/A5029287040,Toyota Central Research and Development Laboratories (Japan),JP,1,Transportation and Mobility Innovations,Automotive Engineering,Engineering,Physical Sciences,
https://openalex.org/W2886173269,https://doi.org/10.1177/1468087418791684,Measurement of vibrational and rotational temperature in spark-discharge plasma by optical emission spectroscopy: Change in thermal equilibrium characteristics of plasma under air flow,2018,article,16,21,3,Masao Kinoshita; Takayuki Fuyuto; Hiroshi Akatsuka,https://openalex.org/A5103256874; https://openalex.org/A5040010361; https://openalex.org/A5061799311,Toyota Central Research and Development Laboratories (Japan); Tokyo Institute of Technology,JP,3,Plasma Applications and Diagnostics,"Radiology, Nuclear Medicine and Imaging",Medicine,Health Sciences,International Journal of Engine Research
https://openalex.org/W4386761670,https://doi.org/10.1088/1361-6668/acfa28,Improvement of critical current properties and irreversibility lines by metal substitution in Ca-free Hg-based double-layered cuprates,2023,article,1,33,9,Hiroki Ninomiya; Kenji Kawashima; Shigeyuki Ishida; Hiraku Ogino; Hiroshi Fujihisa; Yoshito Gotoh; Yoshiyuki Yoshida; Akira Iyo; Hiroshi Eisaki,https://openalex.org/A5038178293; https://openalex.org/A5034848112; https://openalex.org/A5038845117; https://openalex.org/A5074149430; https://openalex.org/A5023670460; https://openalex.org/A5023053089; https://openalex.org/A5048844435; https://openalex.org/A5005515931; https://openalex.org/A5084639900,National Institute of Advanced Industrial Science and Technology,JP,1,Physics of Superconductivity and Magnetism,Condensed Matter Physics,Physics and Astronomy,Physical Sciences,Superconductor Science and Technology
https://openalex.org/W4322731449,https://doi.org/10.1109/mems49605.2023.10052298,Unique Dispersion Relation for Plasmonic Photodetectors with Submicron Grating,2023,conference-paper,1,8,5,Yuki Kaneda; Masaaki Oshita; Utana Yamaoka; Shiro Saito; Tetsuo Kan,https://openalex.org/A5063397692; https://openalex.org/A5039299152; https://openalex.org/A5061469813; https://openalex.org/A5010540638; https://openalex.org/A5027860321,University of Electro-Communications,JP,1,Photonic and Optical Devices,Electrical and Electronic Engineering,Engineering,Physical Sciences,
https://openalex.org/W4399041614,https://doi.org/10.1021/acsnano.3c10632,Multimodal Imaging-Guided Stem Cell Ocular Treatment,2024,article,12,56,14,Van Phuc Nguyen; Athanasios J. Karoukis; Wei Qian; Lisheng Chen; Nirosha D. Perera; Dongshan Yang; Qitao Zhang; Josh Zhe; Jessica Henry; Bing Liu; Wei Zhang; Abigail T. Fahim; Xueding Wang; Yannis M. Paulus,https://openalex.org/A5091111182; https://openalex.org/A5109582241; https://openalex.org/A5101781628; ; https://openalex.org/A5023336781; https://openalex.org/A5007667712; https://openalex.org/A5018830876; https://openalex.org/A5067055213; https://openalex.org/A5035805172; https://openalex.org/A5109831307; https://openalex.org/A5100724638; https://openalex.org/A5050324614; https://openalex.org/A5101467371; https://openalex.org/A5033872198,University of Michigan; IMRA America (United States); Michigan Center for Translational Pathology,US,3,Corneal Surgery and Treatments,"Radiology, Nuclear Medicine and Imaging",Medicine,Health Sciences,ACS Nano
https://openalex.org/W4387451379,https://doi.org/10.1021/acsmaterialslett.3c00781,Flexible Synthesis Scheme and Application of AuNP Surface-Conjugatable Metaiodobenzylguanidine Derivatives for Enhanced Cellular Internalization,2023,article,2,31,8,Natalie S. Potter; Alan McLean; Evan C. Bornowski; Thomas Hopkins; Jingyi Luo; John P. Wolfe; Wei Qian; Raoul Kopelman,https://openalex.org/A5028695985; https://openalex.org/A5065881048; https://openalex.org/A5062364566; https://openalex.org/A5061002911; https://openalex.org/A5074202608; https://openalex.org/A5037000949; https://openalex.org/A5101781628; https://openalex.org/A5051837315,University of Michigan; IMRA America (United States),US,2,Laser-Ablation Synthesis of Nanoparticles,Biomedical Engineering,Engineering,Physical Sciences,ACS Materials Letters
https://openalex.org/W3010570349,https://doi.org/10.1117/12.2542582,Enhanced ablation using GHz-pulsed fs laser,2020,conference-paper,20,0,4,Sami T. Hendow; Hidetomo Takahashi; Mariko Yamaguchi; Jingzhou Xu,https://openalex.org/A5080718263; https://openalex.org/A5102292947; https://openalex.org/A5113974522; https://openalex.org/A5100808569,,,0,Laser-induced spectroscopy and plasma,Mechanics of Materials,Engineering,Physical Sciences,
https://openalex.org/W3009069210,https://doi.org/10.1117/12.2543079,Milliwatt midinfrared from intrapulse difference frequency with a single erbium fiber laser,2020,conference-paper,3,11,3,Kevin F. Lee; Peter G. Schunemann; M. E. Fermann,https://openalex.org/A5008440285; https://openalex.org/A5024361780; https://openalex.org/A5087612327,IMRA America (United States); BAE Systems (United States),US,2,Advanced Fiber Laser Technologies,"Atomic and Molecular Physics, and Optics",Physics and Astronomy,Physical Sciences,
https://openalex.org/W2789405793,https://doi.org/10.1007/s00340-018-6996-8,Phase-stabilized 100 mW frequency comb near 10 μm,2018,article,35,44,8,Kana Iwakuni; Gil Porat; Thinh Q. Bui; Bryce J. Bjork; Stephen B. Schoun; Oliver H. Heckl; Martin E. Fermann; Jun Ye,; ; ; ; ; ; ; ,National Institute of Standards and Technology; Honeywell (United States); Christian Doppler Laboratory for Thermoelectricity; Environmental Research Institute of Michigan,US; AT,4,Advanced Fiber Laser Technologies,"Atomic and Molecular Physics, and Optics",Physics and Astronomy,Physical Sciences,Applied Physics B
https://openalex.org/W2736424045,https://doi.org/10.1364/oe.25.018863,Fast ultra-wideband microwave spectral scanning utilizing photonic wavelength- and time-division multiplexing,2017,article,11,17,3,Yihan Li; Naoya Kuse; M. E. Fermann,https://openalex.org/A5100721138; https://openalex.org/A5031469051; https://openalex.org/A5087612327,,,3,Advanced Photonic Communication Systems,Electrical and Electronic Engineering,Engineering,Physical Sciences,Optics Express
https://openalex.org/W2736461642,https://doi.org/10.1364/oe.25.018017,"Low noise, self-referenced all polarization maintaining Ytterbium fiber laser frequency comb",2017,article,50,26,6,Yihan Li; Naoya Kuse; Antoine Rolland; Yuriy Stepanenko; Czesław Radzewicz; M. E. Fermann,https://openalex.org/A5100721138; https://openalex.org/A5031469051; https://openalex.org/A5029552254; https://openalex.org/A5051652221; https://openalex.org/A5052880124; https://openalex.org/A5087612327,IMRA America (United States); Tokushima University; Institute of Physical Chemistry; Polish Academy of Sciences; University of Warsaw,JP; PL,5,Advanced Fiber Laser Technologies,"Atomic and Molecular Physics, and Optics",Physics and Astronomy,Physical Sciences,Optics Express
https://openalex.org/W2535357380,https://doi.org/10.1016/j.colsurfb.2016.10.035,Laser-fabricated gold nanoparticles for lateral flow immunoassays,2016,article,10,37,5,Kristin B. Cederquist; Bing Liu; Megan R. Grima; Peter J. Dalack; Jordan T. Mahorn,https://openalex.org/A5024508358; https://openalex.org/A5100339922; https://openalex.org/A5087337404; https://openalex.org/A5058166585; https://openalex.org/A5005784672,Intelligent Mechatronic Systems (United States); IMRA America (United States),US,2,Gold and Silver Nanoparticles Synthesis and Applications,"Electronic, Optical and Magnetic Materials",Materials Science,Physical Sciences,Colloids and Surfaces B Biointerfaces
https://openalex.org/W2327227342,https://doi.org/10.1364/hilas.2016.jt3a.4,Broadly Tunable Difference Frequency Generation in Orientation-Patterned Gallium Phosphide,2016,conference-paper,3,0,4,Kevin F. Lee; Christopher J. Hensley; Peter G. Schunemann; M. E. Fermann,https://openalex.org/A5008440285; https://openalex.org/A5022973094; https://openalex.org/A5024361780; https://openalex.org/A5087612327,IMRA America (United States); BAE Systems (United States),US,2,Photonic and Optical Devices,Electrical and Electronic Engineering,Engineering,Physical Sciences,
https://openalex.org/W2273928293,https://doi.org/10.1364/ol.41.000974,"Self-referenced, accurate and sensitive optical frequency comb spectroscopy with a virtually imaged phased array spectrometer",2016,article,22,28,11,Grzegorz Kowzan; Kevin F. Lee; Magdalena Paradowska; Mateusz Borkowski; Piotr Ablewski; Szymon Wójtewicz; K. Stec; Daniel Lisak; M. E. Fermann; R. S. Trawiński; Piotr Masłowski,https://openalex.org/A5011949224; https://openalex.org/A5008440285; https://openalex.org/A5089606448; https://openalex.org/A5053521360; https://openalex.org/A5073982396; https://openalex.org/A5044434401; https://openalex.org/A5075581310; https://openalex.org/A5053878897; https://openalex.org/A5087612327; https://openalex.org/A5091825562; https://openalex.org/A5046437872,Nicolaus Copernicus University; Institute of Physics; IMRA America (United States),PL,3,Spectroscopy and Laser Applications,Spectroscopy,Chemistry,Physical Sciences,Optics Letters
https://openalex.org/W2299386588,https://doi.org/10.1117/12.2213744,Label-free imaging of gold nanoparticles in single live cells by photoacoustic microscopy,2016,conference-paper,0,26,9,Chao Tian; Wei Qian; Xia Shao; Zhixing Xie; Cheng Xu; Shengchun Liu; Qian Cheng; Bing Liu; Xueding Wang,https://openalex.org/A5056902156; https://openalex.org/A5101781628; https://openalex.org/A5043094673; https://openalex.org/A5016926020; https://openalex.org/A5101499418; https://openalex.org/A5101835469; https://openalex.org/A5100749405; https://openalex.org/A5100339928; https://openalex.org/A5101467371,University of Michigan; Michigan United; IMRA America (United States); Heilongjiang University; Tongji University,US; CN,5,Photoacoustic and Ultrasonic Imaging,Biomedical Engineering,Engineering,Physical Sciences,"Proceedings of SPIE, the International Society for Optical Engineering/Proceedings of SPIE"
https://openalex.org/W2560568556,https://doi.org/10.1364/cleo_si.2016.sw4h.1,Optical Frequency Comb Fourier Transform Spectroscopy with Resolution beyond the Path Difference Limit,2016,conference-paper,0,3,11,Lucile Rutkowski; Alexandra C. Johansson; Amir Khodabakhsh; Piotr Masłowski; Grzegorz Kowzan; Kevin F. Lee; Andrew Mills; Christian Mohr; Jie Jiang; M. E. Fermann; Aleksandra Foltynowicz,https://openalex.org/A5034334106; https://openalex.org/A5072707636; https://openalex.org/A5084631020; https://openalex.org/A5046437872; https://openalex.org/A5011949224; https://openalex.org/A5008440285; https://openalex.org/A5021442050; https://openalex.org/A5062267942; https://openalex.org/A5035997139; https://openalex.org/A5087612327; https://openalex.org/A5050530086,Umeå University; Nicolaus Copernicus University; Institute of Physics; IMRA America (United States),SE; PL,4,Advanced Fiber Laser Technologies,"Atomic and Molecular Physics, and Optics",Physics and Astronomy,Physical Sciences,Conference on Lasers and Electro-Optics
https://openalex.org/W2560457738,https://doi.org/10.1364/cleo_si.2016.stu1q.3,Difference Frequency Generation in Orientation-Patterned Gallium Phosphide,2016,conference-paper,2,3,4,Kevin F. Lee; Christopher J. Hensley; Peter G. Schunemann; M. E. Fermann,https://openalex.org/A5008440285; https://openalex.org/A5022973094; https://openalex.org/A5024361780; https://openalex.org/A5087612327,IMRA America (United States); BAE Systems (United States),US,2,Advanced Fiber Laser Technologies,"Atomic and Molecular Physics, and Optics",Physics and Astronomy,Physical Sciences,Conference on Lasers and Electro-Optics
https://openalex.org/W2560434915,https://doi.org/10.1364/cleo_si.2016.sw4h.7,VIPA Spectrometer for Accurate and Sensitive Self-Referenced Frequency Comb Spectroscopy,2016,conference-paper,1,4,11,Grzegorz Kowzan; Kevin F. Lee; Magdalena Paradowska; Mateusz Borkowski; Piotr Ablewski; Szymon Wójtewicz; K. Stec; Daniel Lisak; M. E. Fermann; R. S. Trawiński; Piotr Masłowski,https://openalex.org/A5011949224; https://openalex.org/A5008440285; https://openalex.org/A5089606448; https://openalex.org/A5053521360; https://openalex.org/A5073982396; https://openalex.org/A5044434401; https://openalex.org/A5075581310; https://openalex.org/A5053878897; https://openalex.org/A5087612327; https://openalex.org/A5091825562; https://openalex.org/A5046437872,Nicolaus Copernicus University; Institute of Physics; IMRA America (United States),PL,3,Spectroscopy and Laser Applications,Spectroscopy,Chemistry,Physical Sciences,Conference on Lasers and Electro-Optics
https://openalex.org/W1574368976,https://doi.org/10.1103/physreva.93.021802,Surpassing the path-limited resolution of Fourier-transform spectrometry with frequency combs,2016,article,172,39,11,Piotr Masłowski; Kevin F. Lee; Alexandra C. Johansson; Amir Khodabakhsh; Grzegorz Kowzan; Lucile Rutkowski; Andrew Mills; Christian Mohr; Jie Jiang; M. E. Fermann; Aleksandra Foltynowicz,https://openalex.org/A5046437872; https://openalex.org/A5008440285; https://openalex.org/A5072707636; https://openalex.org/A5084631020; https://openalex.org/A5011949224; https://openalex.org/A5034334106; https://openalex.org/A5021442050; https://openalex.org/A5062267942; https://openalex.org/A5035997139; https://openalex.org/A5087612327; https://openalex.org/A5050530086,Nicolaus Copernicus University; IMRA America (United States); Umeå University,PL; SE,3,Advanced Fiber Laser Technologies,"Atomic and Molecular Physics, and Optics",Physics and Astronomy,Physical Sciences,Physical Review A
https://openalex.org/W2316893392,https://doi.org/10.1364/mics.2016.ms3c.1,Narrow Linewidth Midinfrared Frequency Combs from Doubly-Resonant OPOs,2016,conference-paper,0,3,6,Kevin F. Lee; Christian Mohr; Jie Jiang; Peter G. Schunemann; Konstantin L. Vodopyanov; M. E. Fermann,https://openalex.org/A5008440285; https://openalex.org/A5062267942; https://openalex.org/A5035997139; https://openalex.org/A5024361780; https://openalex.org/A5078802674; https://openalex.org/A5087612327,IMRA America (United States); BAE Systems (United States),US,2,Advanced Fiber Laser Technologies,"Atomic and Molecular Physics, and Optics",Physics and Astronomy,Physical Sciences,
https://openalex.org/W2252398950,https://doi.org/10.1364/oe.24.003095,All polarization-maintaining Er fiber-based optical frequency combs with nonlinear amplifying loop mirror,2016,article,269,35,5,Naoya Kuse; Jie Jiang; C.-C. Lee; T. R. Schibli; M. E. Fermann,https://openalex.org/A5031469051; https://openalex.org/A5035997139; https://openalex.org/A5003717893; https://openalex.org/A5029768284; https://openalex.org/A5087612327,IMRA America (United States); University of Colorado Boulder,US,2,Advanced Fiber Laser Technologies,"Atomic and Molecular Physics, and Optics",Physics and Astronomy,Physical Sciences,Optics Express
https://openalex.org/W2004258332,https://doi.org/10.1117/12.2077789,Broadband midinfrared frequency comb with tooth scanning,2015,conference-paper,3,9,7,Kevin F. Lee; Piotr Masłowski; Andrew Mills; Christian Mohr; Jie Jiang; Peter G. Schunemann; M. E. Fermann,https://openalex.org/A5008440285; https://openalex.org/A5046437872; https://openalex.org/A5021442050; https://openalex.org/A5062267942; https://openalex.org/A5035997139; https://openalex.org/A5024361780; https://openalex.org/A5087612327,IMRA America (United States); Nicolaus Copernicus University; BAE Systems (United States),PL; US,3,Advanced Fiber Laser Technologies,"Atomic and Molecular Physics, and Optics",Physics and Astronomy,Physical Sciences,"Proceedings of SPIE, the International Society for Optical Engineering/Proceedings of SPIE"
https://openalex.org/W1757198163,https://doi.org/10.1364/oe.23.026596,Midinfrared frequency comb from self-stable degenerate GaAs optical parametric oscillator,2015,article,34,18,6,Kevin F. Lee; Christian Mohr; Jie Jiang; Peter G. Schunemann; Konstantin L. Vodopyanov; M. E. Fermann,https://openalex.org/A5008440285; https://openalex.org/A5062267942; https://openalex.org/A5035997139; https://openalex.org/A5024361780; https://openalex.org/A5078802674; https://openalex.org/A5087612327,IMRA America (United States); BAE Systems (United States),US,2,Advanced Fiber Laser Technologies,"Atomic and Molecular Physics, and Optics",Physics and Astronomy,Physical Sciences,Optics Express
https://openalex.org/W2265314834,https://doi.org/10.1364/oe.23.024342,Ultra-low noise all polarization-maintaining Er fiber-based optical frequency combs facilitated with a graphene modulator,2015,article,55,37,6,Naoya Kuse; C.-C. Lee; Jie Jiang; Christian Mohr; T. R. Schibli; M. E. Fermann,https://openalex.org/A5031469051; https://openalex.org/A5003717893; https://openalex.org/A5035997139; https://openalex.org/A5062267942; https://openalex.org/A5029768284; https://openalex.org/A5087612327,,,6,Advanced Fiber Laser Technologies,"Atomic and Molecular Physics, and Optics",Physics and Astronomy,Physical Sciences,Optics Express
https://openalex.org/W2110264453,https://doi.org/10.1117/1.oe.53.6.061613,Developments of mid-infrared optical parametric oscillators for spectroscopic sensing: a review,2014,article,12,131,1,Jiahui Peng,https://openalex.org/A5100689263,IMRA America (United States),,1,Advanced Fiber Laser Technologies,"Atomic and Molecular Physics, and Optics",Physics and Astronomy,Physical Sciences,Optical Engineering
https://openalex.org/W2091494648,https://doi.org/10.1364/cleo_at.2014.aw1l.5,"High Repetition-Rate, Pulse-Burst Assisted Desorption, Electrospray Post-Ionization Mass Spectrometry",2014,conference-paper,0,6,6,Paul M. Flanigan; Fengjian Shi; Jieutonne J. Archer; Andrew Mills; M. E. Fermann; Robert J. Levis,https://openalex.org/A5030955071; https://openalex.org/A5068972996; https://openalex.org/A5065325217; https://openalex.org/A5021442050; https://openalex.org/A5087612327; https://openalex.org/A5076246398,Temple University; IMRA America (United States),US,2,Mass Spectrometry Techniques and Applications,Spectroscopy,Chemistry,Physical Sciences,
https://openalex.org/W2315671501,https://doi.org/10.1021/ja311902f,Enantioselective Synthesis of Multisubstituted Biaryl Skeleton by Chiral Phosphoric Acid Catalyzed Desymmetrization/Kinetic Resolution Sequence,2013,article,298,105,6,Keiji Mori; Yūki Ichikawa; Manato Kobayashi; Yukihiro Shibata; Masahiro Yamanaka; Takahiko Akiyama,https://openalex.org/A5001749902; https://openalex.org/A5067801816; https://openalex.org/A5087034664; https://openalex.org/A5070574441; https://openalex.org/A5025592777; https://openalex.org/A5103023566,Gakushuin University; Rikkyo University,JP,2,Axial and Atropisomeric Chirality Synthesis,Organic Chemistry,Chemistry,Physical Sciences,Journal of the American Chemical Society
https://openalex.org/W1983891857,https://doi.org/10.1149/2.055302jes,Intermetallic PtPb Nanoparticles Prepared by Pulsed Laser Ablation in Liquid,2012,article,14,54,3,Kevin Hagedorn; Bing Liu; A. Marcinkevičius,https://openalex.org/A5018448996; https://openalex.org/A5100339928; https://openalex.org/A5109849711,IMRA America (United States),,1,Laser-Ablation Synthesis of Nanoparticles,Biomedical Engineering,Engineering,Physical Sciences,Journal of The Electrochemical Society
https://openalex.org/W2652592814,,Mid-IR frequency combs from coherent supercontinuum generation in chalcogenide nano-spike waveguides,2013,article,0,0,11,K.F. Lee; N. Granzow; Markus A. Schmidt; Wonkeun Chang; L. Wang; Quentin Coulombier; Johann Trolès; Perrine Toupin; N. Leindecker; Lothar Wondraczek; M. E. Fermann,https://openalex.org/A5073794400; https://openalex.org/A5053453333; https://openalex.org/A5033306513; https://openalex.org/A5002738281; https://openalex.org/A5001957732; https://openalex.org/A5015930236; https://openalex.org/A5064336124; https://openalex.org/A5041317751; https://openalex.org/A5083279203; https://openalex.org/A5021241484; https://openalex.org/A5087612327,"IMRA America (United States); Max Planck Institute for the Science of Light; Centre National de la Recherche Scientifique; Université de Lille; Laboratoire de Physique des Lasers, Atomes et Molécules; Institut des Sciences Chimiques de Rennes; Université de Rennes; Schott (Germany)",DE; FR,8,Advanced Fiber Laser Technologies,"Atomic and Molecular Physics, and Optics",Physics and Astronomy,Physical Sciences,Journal of International Crisis and Risk Communication Research
https://openalex.org/W2015601007,https://doi.org/10.1117/12.2005328,Targeted delivery of peptide-conjugated biocompatible gold nanoparticles into cancer cell nucleus,2013,conference-paper,11,0,4,Wei Qian; Taeyjuana Curry; Yong Che; Raoul Kopelman,https://openalex.org/A5101781628; https://openalex.org/A5112024223; https://openalex.org/A5101707760; https://openalex.org/A5051837315,IMRA America (United States); University of Michigan; Michigan United,US,3,Quantum Dots Synthesis And Properties,Materials Chemistry,Materials Science,Physical Sciences,"Proceedings of SPIE, the International Society for Optical Engineering/Proceedings of SPIE"
https://openalex.org/W1997795395,https://doi.org/10.1364/ol.36.000743,Broadband phase noise suppression in a Yb-fiber frequency comb,2011,article,28,17,7,A. Cingöz; D. C. Yost; T. K. Allison; A. Ruehl; M. E. Fermann; I. Hartl; J. Ye,; ; ; ; ; ; ,Joint Institute for Laboratory Astrophysics; National Institute of Standards and Technology; University of Colorado Boulder; IMRA America (United States),US,4,Advanced Fiber Laser Technologies,"Atomic and Molecular Physics, and Optics",Physics and Astronomy,Physical Sciences,Optics Letters
https://openalex.org/W1992003477,https://doi.org/10.1109/cleoe.2011.5942876,Coherent Tm-fiber Raman-soliton amplifier,2011,conference-paper,4,2,4,Jie Jiang; Axel Ruehl; Ingmar Hartl; M. E. Fermann,https://openalex.org/A5035997139; https://openalex.org/A5005785268; https://openalex.org/A5040247232; https://openalex.org/A5087612327,IMRA America (United States); Vrije Universiteit Amsterdam,NL,2,Advanced Fiber Laser Technologies,"Atomic and Molecular Physics, and Optics",Physics and Astronomy,Physical Sciences,
https://openalex.org/W2055163777,https://doi.org/10.1109/cleoe.2011.5943710,"Fully stabilized, self-referenced thulium fiber frequency comb",2011,conference-paper,10,5,5,Jie Jiang; Christian Mohr; Jens Bethge; M. E. Fermann; Ingmar Hartl,https://openalex.org/A5035997139; https://openalex.org/A5062267942; https://openalex.org/A5043443644; https://openalex.org/A5087612327; https://openalex.org/A5040247232,IMRA America (United States),,1,Advanced Fiber Laser Technologies,"Atomic and Molecular Physics, and Optics",Physics and Astronomy,Physical Sciences,
https://openalex.org/W2314217080,https://doi.org/10.1021/jp2079567,Highly Efficient and Controllable PEGylation of Gold Nanoparticles Prepared by Femtosecond Laser Ablation in Water,2011,article,91,35,4,Wei Qian; Makoto Murakami; Yūki Ichikawa; Yong Che,https://openalex.org/A5101781628; https://openalex.org/A5015985558; https://openalex.org/A5067801816; https://openalex.org/A5101707760,IMRA America (United States),,1,Laser-Ablation Synthesis of Nanoparticles,Biomedical Engineering,Engineering,Physical Sciences,The Journal of Physical Chemistry C
https://openalex.org/W2016710931,https://doi.org/10.1109/pho.2011.6110613,New developments in fiber-based frequency combs,2011,conference-paper,0,14,3,Axel Ruehl; Ingmar Hartl; M. E. Fermann,https://openalex.org/A5005785268; https://openalex.org/A5040247232; https://openalex.org/A5087612327,IMRA America (United States); Vrije Universiteit Amsterdam,NL,2,Advanced Fiber Laser Technologies,"Atomic and Molecular Physics, and Optics",Physics and Astronomy,Physical Sciences,
