source_org,title,authors_raw,venue,year,link,toyota_affiliated_authors,doi
トヨタ自動車未来創成センター,"Towards the Development of a Robot for Well-Being: Applying the Motivation, Engagement, and Thriving in User Experience (METUX) Model","Obata, M., Iwanaga, Y., Tsuchinaga, M., Mizutani, A., Downes, D., & Lee, S.",The 2026 ACM/IEEE International Conference on Human-Robot Interaction (HRI2026) LBR,2026.0,https://dl.acm.org/doi/10.1145/3776734.3794360,"Iwanaga, Y.; Tsuchinaga, M.",
トヨタ自動車未来創成センター,Surface vs. Structural Similarity: Aligning Computational Metrics with Human Judgments,"Sone, Y., Ninomiya, Y., Miwa, K., Sumi, Y., Nakanishi, R., Mitsuda, E., Sato, K. & Odashima, T.","21st The International Conference on Computer Graphics, Interaction, Visualization Theory and Applications",2026.0,#,"Sumi, Y.; Nakanishi, R.; Mitsuda, E.; Sato, K.; Odashima, T.",
トヨタ自動車未来創成センター,VDoF-MPC: Variable Degrees-of-Freedom Whole-Body Model Predictive Control,"Jin, T., Kobayashi, T., & Doi, M.",IEEE Access,2026.0,https://ieeexplore.ieee.org/document/11359690,"Doi, M",
トヨタ自動車未来創成センター,A Graph-Based Heuristic for Bus Route Planning Using Taxi Origin-Destination Data,"Yu, Z., Lim, B. G. S., Tan, R. R. P., Kaji, H., & Ikeda, K.",IEEE Access,2026.0,https://ieeexplore.ieee.org/abstract/document/11345100,"Kaji, H.",
トヨタ自動車未来創成センター,Jump Amplification of a Legged Jumping Robot with a Series Driven Catapult,"Itsuno, T., Takakuwa, R., Ito, F., Doi, M., Kondo, H., & Nakamura, T.",SII2026,2026.0,#,"Doi, M.; Kondo, H.",
トヨタ自動車未来創成センター,Black-Box Optimization of the Storage Location Assignment Problem in Logistics Centers Using an Annealing Algorithm,"Kigure, H., Baba, T., Taniguchi, M., & Kaji, H.",IEEE Transactions on Quantum Engineering,2025.0,https://ieeexplore.ieee.org/document/11304740,"Kigure, H.; Baba, T.; Taniguchi, M.; Kaji, H.",
トヨタ自動車未来創成センター,Visual robot navigation adaptive to directional cues using vision-language models and conditional diffusion models,"Nakaoka, S., Tanada, K., Tanaka, K., Sugino, T., Kondo, Y., & Matsuzaki, S.",Advanced Robotics,2025.0,https://www.tandfonline.com/doi/full/10.1080/01691864.2025.2599950,"Nakaoka, S.; Tanada, K.; Tanaka, K.; Sugino, T.; Kondo, Y.; Matsuzaki, S.",
トヨタ自動車未来創成センター,"Taxonomic Distribution of Alkane Synthesizing Aldehyde Dehydrogenases across Bacteria, Fungi, Plants, and Animals","Ito, M., Sui, Y. A., Okada, N., Kitamura, N., Kishino, S., Muramatsu, M., & Ogawa, J.",Biotechnology for Biofuels and Bioproducts,2025.0,https://link.springer.com/article/10.1186/s13068-025-02721-7,"Ito, M.; Muramatsu, M.",
トヨタ自動車未来創成センター,Identification and Characterization of Aldehyde-Producing Acyl-CoA Reductase Derived from Klebsiella Pneumoniae,"Ito, M., Nakatani, Y., Muramatsu, M., Ando, A., Kishino, S., & Ogawa, J.","Bioscience, Biotechnology, and Biochemistry",2025.0,https://academic.oup.com/bbb/article-abstract/90/1/17/8314056?redirectedFrom=fulltext#544677827,"Ito, M.; Muramatsu, M.",
トヨタ自動車未来創成センター,A Class-E Direct AC–AC Converter with a Novel Pulse Modulation Strategy for Induction Heating,"Tsung, T.-H., Dong, G., Lai, C.-M., Liu, S., Ying, Y., Luo, T., & Omori, H.","2025 IEEE Transportation Electrification Conference and Expo, Asia-Pacific (ITEC Asia-Pacific)",2025.0,https://ieeexplore.ieee.org/document/11345051,"Dong, G.",
トヨタ自動車未来創成センター,A Zero-Voltage Switching Approach for Low-Voltage Fully Gan-Based DC-Link Inverters in Robotic Brushless Motor Applications,"Dong, G., Sato, Y., & Okumatsu, Y.","2025 IEEE Transportation Electrification Conference and Expo, Asia-Pacific (ITEC Asia-Pacific)",2025.0,https://ieeexplore.ieee.org/document/11345038,"Dong, G.; Sato, Y.; Okumatsu, Y.",
トヨタ自動車未来創成センター,A Multi-Input High-Gain DC-DC Converter with Hybrid Fuel Cell/Battery Generation for DC-MGs,"Lai, C.-M., Pan, M.-H., Chen, M.-Z., Dong, G., & Omori, H.",2025 International Future Energy Electronics Conference (IFEEC),2025.0,https://ieeexplore.ieee.org/abstract/document/11301572,"Dong, G.",
トヨタ自動車未来創成センター,D-CLING: Prior-Preserving Depth-Conditioned Fine-Tuning for Navigation Foundation Models,"Nakaoka, S., Kanai, T., & Tanaka, K.",Open World Navigation in Human-centric Environments@IEEE/RSJ International Conference on Intelligent Robots and Systems,2025.0,https://openreview.net/forum?id=5EyugQdLCA,"Nakaoka, S.; Kanai, T.; Tanaka, K.",
トヨタ自動車未来創成センター,Self-Supervised Geometry-Guided Initialization for Robust Monocular Visual Odometry,"Kanai, T., Vasiljevic, I., Guizilini, V., & Shintani, K",2025 IEEE/RSJ International Conference on Intelligent Robots and Systems (IROS 2025),2025.0,https://ieeexplore.ieee.org/document/11247022,"Kanai, T.; Shintani, K",
トヨタ自動車未来創成センター,Development of the Leg Structure with Concentrated Liquid-Cooling Actuators for Long-Term Operation,"Jin, T., Kobayashi, T., & Doi, M.",2025 IEEE-RAS 24th International Conference on Humanoid Robots (Humanoids),2025.0,https://ieeexplore.ieee.org/abstract/document/11203109,"Doi, M.",
トヨタ自動車未来創成センター,Where Do We Look When We Teach? Analyzing Human Gaze Behavior Across Demonstration Devices in Robot Imitation Learning,"Ishida, Y., Matsubara, T., Kanai, T., Shintani, K., & Bito, H.",H2R@CoRL 2025,2025.0,https://sites.google.com/view/h2r-corl2025/home,"Ishida, Y.; Kanai, T.; Shintani, K.; Bito, H.",
トヨタ自動車未来創成センター,Determinants of Users' Chance-Seeking Behavior in Search-Based Recommendation,"Ninomiya, Y., Sone, Y., Miwa, K., Sumi, Y., Nakanishi, R., Mitsuda, E., Sato, K., & Odashima, T.",The 19th ACM Conference on Recommender Systems,2025.0,https://dl.acm.org/doi/10.1145/3705328.3748019,"Sumi, Y.; Nakanishi, R.; Mitsuda, E.; Sato, K.; Odashima, T.",
トヨタ自動車未来創成センター,Scalable Multi-Agent Path Finding for Delivery Robot Systems with Temporal and Edge Capacity Constraints on Weighted Graphs,"Yamaguchi, T., Nishitani, I., Ota, Y., Hoxha, B., & Fainekos, G.",2025 IEEE 21st International Conference on Automation Science and Engineering (CASE),2025.0,https://ieeexplore.ieee.org/abstract/document/11164139,"Yamaguchi, T.; Nishitani, I.; Ota, Y.",
トヨタ自動車未来創成センター,Scheduling on Identical Machines with Setup Time and Unknown Execution Time,"Kawase, Y.,Makino, K., Phan, V.L., & Sumita, H.",The 19th International Symposium on Algorithms and Data Structures (WADS 2025),2025.0,https://doi.org/10.4230/LIPIcs.WADS.2025.41,"Phan, V.L.",10.4230/lipics.wads.2025.41
トヨタ自動車未来創成センター,Metropolis-Hastings Sampling of Individual Schedules,"Araki, M.",The 7th Bridging Transportation Researchers (BTR) Conference,2025.0,#,"Araki, M.",
トヨタ自動車未来創成センター,Probability-Raising Causality for Uncertain Parametric Markov Decision Processes with PAC Guarantees,"Oura, R., & Ito, Y.",The 41st Conference on Uncertainty in Artificial Intelligence,2025.0,https://dl.acm.org/doi/10.5555/3762387.3762529,"Oura, R.",
トヨタ自動車未来創成センター,A Forecasting Method Based on a Dynamical Approach and Time Series Data for Vehicle Service Parts Demand,"Phan, V.L., Taniguchi,M., ＆Yabushita, H.",The 11th International Conference on Time Series and Forecasting,2025.0,https://www.mdpi.com/2673-4591/101/1/3,"Phan, V.L.; Taniguchi,M.; Yabushita, H.",
トヨタ自動車未来創成センター,Hiding Structure of Reconstructed Network from Subgraphs Using Evolutionary Multi-Objective Optimization,"Kaji, H., & Tanizawa, T.",ACM GECCO2025 (Poster),2025.0,https://dl.acm.org/doi/abs/10.1145/3712255.3726763,"Kaji, H.",
トヨタ自動車未来創成センター,Robot Local Planner: A Periodic Sampling-Based Motion Planner with Minimal Waypoints for Home Environments,"Takeshita, K., Yamazaki, T., Ono, T., & Yamamoto, T.",2025 IEEE International Conference on Robotics and Automation (ICRA),2025.0,https://ieeexplore.ieee.org/abstract/document/11128102,"Takeshita, K.; Yamazaki, T.; Ono, T.",
トヨタ自動車未来創成センター,Sketch-MoMa: Teleoperation for Mobile Manipulator via Interpretation of Hand-Drawn Sketches,"Tanada, K., Iwanaga, Y., Tsuchinaga, M., Nakamura, Y., Mori, T., Sakai, R., & Yamamoto, T.",2025 IEEE International Conference on Robotics and Automation (ICRA),2025.0,https://ieeexplore.ieee.org/document/11128261,"Tanada, K.; Iwanaga, Y.; Tsuchinaga, M.; Nakamura, Y.; Mori, T.",
トヨタ自動車未来創成センター,Improving Orb-Slam3 Performance in Textureless Environments: Mapping and Localization in Hospital Corridors,"Sha, Z., Shiro, S., Shibamiya, K., Shintani, K., & Tanaka, K.",The IEEE Conference on Artificial Intelligence,2025.0,https://www.computer.org/csdl/proceedings-article/cai/2025/240000a723/289JleFPvr2,"Sha, Z.; Shintani, K.; Tanaka, K.",
トヨタ自動車未来創成センター,Performance or Governance? Serious Game and Workshop as a Tool for Fostering Awareness of Responsible AI,"Kaji, H., Kuribayashi, J., Ohtani, H., & Ema, A.",ACM CHI2025 (Late Breaking Work),2025.0,https://dl.acm.org/doi/full/10.1145/3706599.3719951,"Kaji, H.",
トヨタ自動車未来創成センター,Wasserstein Non-Negative Matrix Factorization for Multi-Layered Graphs and its Application to Mobility Data,"Kaji, H., & Ikeda, K.",IEEE Open Journal of Signal Processing,2025.0,https://ieeexplore.ieee.org/abstract/document/10840315,"Kaji, H.",
トヨタ自動車未来創成センター,Simultaneous Control of Cost Dynamics and Transport in Network Systems,"Oishi, K., Jimbo, T., Kikuchi, S., Date, Y., Kaji H., & Kashima K.",IEEE Access,2025.0,https://ieeexplore.ieee.org/document/10928984,"Kikuchi, S.; Date, Y.; Kaji H.",
トヨタ自動車未来創成センター,Subjective mapping of indoor plants based on leaf shape measurements to select suitable plants for indoor landscapes,"Tokuhiro, K., Sugimoto, H., Ikeuchi, A., Tsujie, T., Wada, E., Muramatsu, M., Ohto, C.",Building and Environment,2025.0,https://www.sciencedirect.com/science/article/pii/S0360132325003105?via%3Dihub,"Muramatsu, M.; Ohto, C.",
トヨタ自動車未来創成センター,Comprehensive Modeling of Energy Transport Systems for Mooring-less Offshore Wind Power Considering Seasonal Oceanic Variations,"Sagawa, D., Tanaka, K., & Kimura, K.",Complex Adaptive Systems (CAS2025),2025.0,https://sites.mit.edu/cas2025/schedule/paper-index/,"Kimura, K.",
トヨタ自動車未来創成センター,A Comparative Analysis of Offshore Wind Power Generation System Design Methods Based on Various Evaluation Metrics,"Obata, K., Kimura, K., Hiekata, K., & Nakashima, T.",Complex Adaptive Systems (CAS2025),2025.0,https://sites.mit.edu/cas2025/schedule/paper-index/,"Obata, K.; Kimura, K.",
トヨタ自動車未来創成センター,Sketch Interface for Teleoperation of Mobile Manipulator to Enable Intuitive and Intended Operation: A Proof of Concept,"Iwanaga, Y., Tsuchinaga, M., Tanada, K., Nakamura, Y., Mori, T., & Yamamoto T.",The 2025 ACM/IEEE International Conference on Human-Robot Interaction (HRI2025),2025.0,https://dl.acm.org/doi/10.5555/3721488.3721516,"Iwanaga, Y.; Tsuchinaga, M.; Tanada, K.; Nakamura, Y.; Mori, T.",
トヨタ自動車未来創成センター,Imitation-Regularized Optimal Transport on Networks: Provable Robustness and Application to Logistics Planning,"Oishi, K., Hashizume, Y.,Jimbo, T., Kaji, H.,  & Kashima, K.",IEEE Control Systems Letters,2025.0,https://ieeexplore.ieee.org/document/10907921,"Jimbo, T.; Kaji, H.",
トヨタ自動車未来創成センター,Reinforcement Learning of Multi-robot Task Allocation for Multi-object Transportation with Infeasible Tasks,"Shida, Y., Jimbo, T., Odashima, T., & Matsubara, T.",2025 IEEE/SICE International Symposium on System Integration (SII2025),2025.0,https://ieeexplore.ieee.org/document/10870902,"Shida, Y.; Jimbo, T.; Odashima, T.",
トヨタ自動車未来創成センター,Task-priority Intermediated Hierarchical Distributed Policies: Reinforcement Learning of Adaptive Multi-robot Cooperative Transport,"Naito, Y., Jimbo, T., Odashima, T., & Matsubara, T.",2025 IEEE/SICE International Symposium on System Integration (SII2025),2025.0,https://ieeexplore.ieee.org/document/10870944,"Jimbo, T.; Odashima, T.",
トヨタ自動車未来創成センター,Warped matrix-variate Gaussian processes with structured kernels for multi-step-ahead driving behaviour prediction,"Takano, S., Jimbo, T.","SICE Journal of Control, Measurement, and System Integration",2025.0,https://www.tandfonline.com/doi/full/10.1080/18824889.2025.2455222,"Takano, S.",
トヨタ自動車未来創成センター,Task and Motion Planning of Fetch-and-Carry Including Push-Aside Action Using Mixed Integer Linear Programming,"Kuribayashi, Y., Sowa, S., Takeshita, K., & Yamazaki, K.",2025 IEEE/SICE International Symposium on System Integration (SII2025),2025.0,https://ieeexplore.ieee.org/abstract/document/10871037,"Takeshita, K.",
トヨタ自動車未来創成センター,Wasserstein Non-Negative Matrix Factorization for Multi-Layered Graphs and Its Application to Mobility Data,"Kaji, H. & Ikeda, K",IEEE Open Journal of Signal Processing,2025.0,https://ieeexplore.ieee.org/document/10840315,"Kaji, H",
トヨタ自動車未来創成センター,Using Relational and Causality Context for Tasks with Specialized Vocabularies that are Challenging for LLMs,"Nakanishi, R., Chen, Y., Chen, F., Klenk, M., Wu, C. C.",Causality and Large Models (NeurIPS2024 Workshop),2024.0,https://openreview.net/forum?id=pAWrQEdlxq,"Nakanishi, R.",
トヨタ自動車未来創成センター,Real-time Detailed Self-collision Avoidance in Whole-body Model Predictive Control,"Jin, T., Kobayashi, T., & Doi, M.",The 2024 IEEE-RAS International Conference on Humanoid Robots (Humanoids2024),2024.0,https://ieeexplore.ieee.org/document/10769958,"Doi, M.",
トヨタ自動車未来創成センター,CHG-DAgger: Interactive Imitation Learning with Human-Policy Cooperative Control,"Takahashi, T., Ishida, Y., Kanai, T., Kuppuswamy, N.",CoRoboLearn: Advancing Learning for Human-Centered Collaborative Robots (CoRL2024 Workshop),2024.0,https://openreview.net/forum?id=nWiHRy3ZXy,"Takahashi, T.; Ishida, Y.; Kanai, T.",
トヨタ自動車未来創成センター,Dirichlet Logistic Gaussian Process for Evaluation of Black-Box Stochastic Systems under Complex Specifications,"Oura, R., & Ito, Y.",27th European Conference on Artificial Intelligence (pp. 2027 - 2033),2024.0,https://ebooks.iospress.nl/volumearticle/69814,"Oura, R.",
トヨタ自動車未来創成センター,Robust Imitation Learning for Mobile Manipulator Focusing on Task-Related Viewpoints and Regions,"Ishida, Y., Noguchi, Y., Kanai, T., Shintani, K., & Bito, H.",2024 IEEE/RSJ International Conference on Intelligent Robots and Systems (IROS),2024.0,https://arxiv.org/abs/2410.01292,"Ishida, Y.; Noguchi, Y.; Kanai, T.; Shintani, K.; Bito, H.",
トヨタ自動車未来創成センター,User Clustering for Pairwise Comparison with Missing Values Using Bradley-Terry Model and Consensus Clustering,"Kaji, H.","IEEE International Conference on Systems, Man, and Cybernetics (SMC2024)",2024.0,https://www.ieeesmc2024.org/home,"Kaji, H.",
トヨタ自動車未来創成センター,CLIP-Clique: Graph-Based Correspondence Matching Augmented by Vision Language Models for Object-Based Global Localization,"Matsuzaki, S., Tanaka, K., & Shintani, K.",IEEE Robotics and Automation Letters,2024.0,https://ieeexplore.ieee.org/document/10705086,"Matsuzaki, S.; Tanaka, K.; Shintani, K.",
トヨタ自動車未来創成センター,Proposal for a Series-driven Catapult Using Soft Actuators to Increase the Jumping Height of Hyper Jumping Humanoid Robots,"Itsuno, T., Ishii, Y., Doi, M., Kondo, H., Ito, F., & Nakamura, T.",Walking Robots into Real World. pp266-277,2024.0,https://link.springer.com/chapter/10.1007/978-3-031-70722-3_27,"Doi, M.; Kondo, H.",
トヨタ自動車未来創成センター,Visual Properties and Perceived Restorativeness in Green Offices: A Photographic Evaluation of Office Environments with Varying Degrees of Greening,"Shibata, S., Tokuhiro, K., Ikeuchi, A., Ito, M., Kaji, H., & Muramatsu, M.","Frontiers in Psychology, 15, 1443540.",2024.0,https://www.frontiersin.org/journals/psychology/articles/10.3389/fpsyg.2024.1443540/full,"Ito, M.; Kaji, H.; Muramatsu, M.",
トヨタ自動車未来創成センター,Online Motion Modification for Mobile Manipulators Based on Sequential Quadratic Programming,"Yamazaki, K., Iwasaki, T., Takase, Y., Arnold, S., & Takeshita, K.",2024 IEEE 20th International Conference on Automation Science and Engineering (CASE) (pp. 1483-1490). IEEE.,2024.0,https://ieeexplore.ieee.org/document/10711447,"Takeshita, K.",
トヨタ自動車未来創成センター,Matrix-variate Gaussian Processes with Structured Kernels for Multi-step-ahead Driving Behavior Prediction,"Takano, S., & Jimbo, T.",SICE Festival 2024 with Annual Conference,2024.0,https://ieeexplore.ieee.org/abstract/document/10805202,"Takano, S.; Jimbo, T.",
トヨタ自動車未来創成センター,Task and motion planning using mixed integer linear programming for solving fetch-and-carry tasks by a mobile manipulator,"Suwa, S., Takeshita, K., & Yamazaki, K.","Advanced Robotics, 38(17), 1188–1201.",2024.0,https://doi.org/10.1080/01691864.2024.2391831,"Takeshita, K.",10.1080/01691864.2024.2391831
トヨタ自動車未来創成センター,Simple Tape-stripping Method for Highly Reliable and Quantitative Analysis of Skin Microbiome,"Soga, N., Nagura, R., Nakamura, R., Kohda, K., Motoyama, Y., Ito, M., Nakagawa, I., Nakajima, S., & Ikeuchi, A.","Experimental Dermatology, 33(8), e15154.",2024.0,https://onlinelibrary.wiley.com/doi/10.1111/exd.15154,"Soga, N.; Ito, M.",
トヨタ自動車未来創成センター,Exploration of Factors for Over-dependence on AI and Crisis Scenarios,"Kaji, H., Kuribayashi, J., & Ema, A.",9th International Conference on Robot Ethics and Standards (ICRES2024),2024.0,https://clawar.org/icres24/,"Kaji, H.",
トヨタ自動車未来創成センター,Whole-body inverse kinematics robust to base position control error in mobile manipulators,"Takeshita, K., & Yamamoto, T.","Advanced Robotics, 38(15), 1079–1092.",2024.0,https://doi.org/10.1080/01691864.2024.2369816,"Takeshita, K.; Yamamoto, T.",10.1080/01691864.2024.2369816
トヨタ自動車未来創成センター,CLIP-Loc: Multi-modal Landmark Association for Global Localization in Object-based Maps,"Matsuzaki, S., Sugino, T., Tanaka K., Sha Z., Nakaoka S., Yoshizawa S., & Shintani K.",2024 IEEE International Conference on Robotics and Automation (ICRA2024),2024.0,https://arxiv.org/abs/2402.06092,"Matsuzaki, S.; Sugino, T.; Tanaka K.; Sha Z.; Nakaoka S.; Yoshizawa S.; Shintani K.",
トヨタ自動車未来創成センター,Robust Self-Supervised Extrinsic Self-Calibration,"Kanai, T., Vasiljevic, I., Guizilini, V., Gaidon, A., & Ambrus, R.",The 2023 IEEE/RSJ International Conference on Intelligent Robots and Systems (IROS 2023),2023.0,https://sites.google.com/view/tri-sesc,"Kanai, T.",
トヨタ自動車未来創成センター,Ultra-Low Inertia 6-DOF Manipulator Arm for Touching the World,"Nishii, K.,  Hatano, A., & Okumatsu, Y.",2023 IEEE/RSJ International Conference on Intelligent Robots and Systems (IROS) (pp. 432-438). IEEE.,2023.0,https://www.researchgate.net/publication/376509986_Ultra-Low_Inertia_6-DOF_Manipulator_Arm_for_Touching_the_World,"Nishii, K.; Hatano, A.; Okumatsu, Y.",
トヨタ自動車未来創成センター,Study on Reduced-Order Modeling Technique of Three-Phase Voltage Imbalance Model,"Mori, J., Saito, Y., & Kaji, H.",2023 62nd Annual Conference of the Society of Instrument and Control Engineers (SICE) (pp. 736-741). IEEE.,2023.0,https://www.researchgate.net/publication/376670567_Study_on_Reduced-Order_Modeling_Technique_of_Three-Phase_Voltage_Imbalance_Model,"Mori, J.; Saito, Y.; Kaji, H.",
トヨタ自動車未来創成センター,Checkmate: Fault Timing Localization for Multi-Robot Scenarios,"Nishitani, I., Yamaguchi, T., & Hoxha, B.",2023 IEEE 19th International Conference on Automation Science and Engineering (CASE),2023.0,https://ieeexplore.ieee.org/abstract/document/10260405,"Nishitani, I.",
トヨタ自動車未来創成センター,"MVA2023 Small Object Detection Challenge for Spotting Birds: Dataset, Methods, and Results","Kondo, Y., Ukita, N., Yamaguchi, T., Hou, H.-Y., Shen, M.-Y., Hsu, C.-C.,  Huang, E.-M., Huang, Y.-C., Xia, Y.-C., Wang, C.-Y., Lee, C.-Y., Huo, D., Kastner, M. A., Liu, T., Kawanishi, Y., Hirayama, T., Komamizu, T., Ide, I., Shinya, Y., Liu, X., Liang, G., & Yasui, S. ",18th International Conference on Machine Vision Applications (MVA 2023),2023.0,https://ieeexplore.ieee.org/abstract/document/10215935,"Kondo, Y.",
トヨタ自動車未来創成センター,"Learning Locally, Communicating Globally: Reinforcement Learning of Multi-Robot Task Allocation for Cooperative Transport","Shibata, K, Jimbo, T., Odashima, T., Takeshita, K., & Matsubara, T.","The 22nd World Congress of the International Federation of Automatic Control, TrB10.2",2023.0,https://www.sciencedirect.com/science/article/pii/S240589632300798X,"Jimbo, T.; Odashima, T.; Takeshita, K.",
トヨタ自動車未来創成センター,Decentralized Control for Heterogeneous Battery Energy Storage System,"Hakuta, Y., Amano, Y., Jimbo, T., & Tomura, S.","The 22nd World Congress of the International Federation of Automatic Control, TrA10.6",2023.0,https://arxiv.org/abs/2404.10439,"Jimbo, T.",
トヨタ自動車未来創成センター,Resilience Evaluation of Entropy Regularized Logistic Networks with Probabilistic Cost,"Oishi, K., Hashizume, Y., Jimbo, T., Kaji, H., & Kashima, K.","The 22nd World Congress of the International Federation of Automatic Control, TuB04.1",2023.0,https://www.sciencedirect.com/science/article/pii/S2405896323018505,"Jimbo, T.; Kaji, H.",
トヨタ自動車未来創成センター,Online motion planning based on swept volume search with replanning using sequential quadratic programming,"Iwasaki, T., Takase, Y., Arnold, S., Takeshita, K., & Yamazaki, K.","Advanced Robotics, 37(12), 737–750.",2023.0,https://www.tandfonline.com/doi/full/10.1080/01691864.2023.2210207,"Takeshita, K.",
トヨタ自動車未来創成センター,Diversity and Compositional Differences of the Airborne Microbiome in a Biophilic Indoor Environment,"Toyoda, A., Shibata, U., Matsuo, Y., Terada, K., Sugimoto, H., Higashi, K., Mori, H., Ikeuchi, A., Ito, M., Kurokawa, K., & Katahira, S.","Scientific Reports, 13, 8179 (2023)",2023.0,https://www.nature.com/articles/s41598-023-34928-9,"Toyoda, A.; Shibata, U.; Matsuo, Y.; Terada, K.; Sugimoto, H.; Ikeuchi, A.; Ito, M.; Katahira, S.",
トヨタ自動車未来創成センター,Alkane Production from Fatty Alcohols by the Combined Reactions Catalyzed by an Alcohol Dehydrogenase and an Aldehyde-deformylating Oxygenase,"Sui, Y., Maruyama, S., Okada, N., Ito, M., Muramatsu, M., Obata, S., Ogawa, J., & Kishino, S.","Bioscience, Biotechnology, and Biochemistry, 87, 8 (2023) 925–932,",2023.0,https://academic.oup.com/bbb/article-abstract/87/8/925/7157094?redirectedFrom=fulltext,"Ito, M.; Muramatsu, M.; Obata, S.",
トヨタ自動車未来創成センター,Substitute Tool Select Method using Contact Force Data Trained Neural Network Model,"Takahashi, T., Ishida, Y., Mima, N.,  Takeshita, K., Asahara, Y., Bitoh, H., & Kajima, H.",The 2023 IEEE/SICE International Symposium on System Integrations (SII 2023),2023.0,https://ieeexplore.ieee.org/document/10039370,"Takahashi, T.; Ishida, Y.; Mima, N.; Takeshita, K.; Asahara, Y; Bitoh, H.; Kajima, H.",
トヨタ自動車未来創成センター,Mobile Manipulation System with Cyclic Whole-body Trajectory Planning,"Takeshita, K., & Yamamoto, T.",The 28th Robotics Symposia,2023.0,http://www.robotics-symposia.org/28th/,"Takeshita, K.; Yamamoto, T.",
トヨタ自動車未来創成センター,A Continuous Integration Based Simulation Environment for Home Support Robot and its Application to RoboCup Competition,"Matsusaka, Y., Contreras, L., Okada, H, Iwanaga, Y., & Yamamoto, T.",The 2023 IEEE/SICE International Symposium on System Integrations (SII 2023),2023.0,https://ieeexplore.ieee.org/document/10039207,"Iwanaga, Y.; Yamamoto, T.",
トヨタ自動車未来創成センター,Towards general-purpose service robots: World Robot Summit – Partner Robot Challenge,"Contreras, L., Yamamoto, T.,  Matsusaka, Y., & Okada, H.","Advanced Robotics　Volume 36, 2022 - Issue 17-18",2022.0,https://www.tandfonline.com/doi/abs/10.1080/01691864.2022.2109428,"Yamamoto, T.",
トヨタ自動車未来創成センター,Utilizing Alcohol for Alkane Biosynthesis by Introducing a Fatty Alcohol Dehydrogenase,"Sui YA., Kishino S., Maruyama S., Ito M., Muramatsu M., Obata S., & Ogawa J.","Applied and Environmental Microbiology Volume 88, (23) ",2022.0,https://journals.asm.org/doi/10.1128/aem.01264-22,Ito M.; Muramatsu M.; Obata S.,
トヨタ自動車未来創成センター,Development of Low-inertia Backdrivable Arm Focusing on Learning-based Control,"Nishiura, M., Hatano, A., Nishii, K., & Okumatsu, Y.",The 2022 IEEE/RSJ International Conference on Intelligent Robots and Systems (IROS 2022),2022.0,https://ieeexplore.ieee.org/document/9981337,"Nishiura, M.; Hatano, A.; Nishii, K.; Okumatsu, Y.",
トヨタ自動車未来創成センター,Software Development Environment for Collaborative Research Workflow in Robotic System Integration,"El Hafi, L., Garcia Ricardez, G. A., von Drigalski, F., Inoue, Y., Yamamoto, M., & Yamamoto, T.","Advanced Robotics, 36(11), 533-547",2022.0,https://www.tandfonline.com/doi/full/10.1080/01691864.2022.2068353,"Yamamoto, T.",
トヨタ自動車未来創成センター,Effect of Indoor Forest Bathing on Reducing Feelings of Fatigue Using Cerebral Activity as an Indicator,"Imamura, C., Sakakibara, K., Arai, K., Ohira, H., Yamaguchi, Y., & Yamada, H.","International Journal of Environmental Research and Public Health, 19(11), 6672",2022.0,https://www.mdpi.com/1660-4601/19/11/6672,"Imamura, C.; Sakakibara, K.; Arai, K.; Yamaguchi, Y.; Yamada, H.",
トヨタ自動車未来創成センター,Cooperative Transportation using Multiple Single-Rotor Robots and Decentralized Control for Unknown Payloads,"Oishi, K., Amano, Y., & Jimbo, T.",2022 International Conference on Robotics and Automation (ICRA) (pp. 2024-2030). IEEE,2022.0,https://doi.org/10.1109/ICRA46639.2022.9811768,"Jimbo, T.",10.1109/icra46639.2022.9811768
トヨタ自動車未来創成センター,Edge Sampling of Graphs Based on Edge Smoothness,"Yanagiya, K., Yamada. K., Katsuhara, Y., Takatani, T., & Tanaka, Y.","ICASSP 2022-2022 IEEE International Conference on Acoustics, Speech and Signal Processing (ICASSP) (pp. 5932-5936). IEEE",2022.0,https://ieeexplore.ieee.org/document/9747724,"Katsuhara, Y.; Takatani, T",
トヨタ自動車未来創成センター,Fair and Truthful Mechanism with Limited Subsidy,"Goko, H., Igarashi, A., Kawase Y., Makino, K., Sumita, H., Tamura, A., Yokoi, Y., & Yokoo, M.","International Conference on Autonomous Agents and Multi-Agent Systems 2022, 534-542.",2022.0,https://ifaamas.org/Proceedings/aamas2022/pdfs/p534.pdf,"Goko, H.",
トヨタ自動車未来創成センター,Online Scheduling on Identical Machines with a Metric State Space,"Goko, H., Kawamura A., Kawase, Y., Makino, K., & Sumita, H.","39th International Symposium on Theoretical Aspects of Computer Science (STACS 2022), 219, 32:1-32:21.",2022.0,https://drops.dagstuhl.de/opus/volltexte/2022/15842/,"Goko, H.",
トヨタ自動車未来創成センター,Maximally Satisfying Lower Quotas in the Hospitals/Residents Problem with Ties,"Goko H., Makino, K., Miyazaki, S., & Yokoi, Y.","39th International Symposium on Theoretical Aspects of Computer Science (STACS 2022), 219, 31:1-31:20.",2022.0,https://drops.dagstuhl.de/opus/volltexte/2022/15841/,Goko H.,
トヨタ自動車未来創成センター,Stress Isolation Suspension for Silicon-on-Insulator 3-Axis Accelerometer Designed by Topology Optimization Method,"Fujiyoshi, M., Kawamoto, A., Hashimoto, S., Omura, Y., Funabashi, H., Ohira, Y., Hata, Y., Ozaki, T., Akashi, T., Nonomura, Y., Nakayama, T., & Yamada, H.","IEEE Sensors Journal, 22(5), 3965-3973",2022.0,https://ieeexplore.ieee.org/document/9676617,"Yamada, H.",
トヨタ自動車未来創成センター,Light Management for Enhancing Optical Gain in a Solar‐Pumped Fiber Laser Employing a Solid‐State Luminescent Solar Concentrator,"Masuda, T., Aoyagi, K., Dottermusch, S., Howard, I. A., Richards, B. S., & Endo, M.","Advanced Photonics Research, 2100214",2021.0,https://onlinelibrary.wiley.com/doi/full/10.1002/adpr.202100214,"Masuda, T.",
トヨタ自動車未来創成センター,実用/社会インフラ (モビリティコネ～クティッド・シティ),増田 泰造,"応用物理 90 (12), 758-762",2021.0,https://www.jstage.jst.go.jp/article/oubutsu/90/12/90_758/_article/-char/ja/,増田 泰造,
トヨタ自動車未来創成センター,Analysis of average consensus of multi-agent systems with time delay using packet selection and synchronization protocol,"Kikuchi, S., Kawanishi, M., Ngoc, T. H., Nguyen, B. M., & Narikiyo, T.",ISA Transactions,2021.0,https://www.sciencedirect.com/science/article/abs/pii/S0019057821005851,"Kikuchi, S.",
トヨタ自動車未来創成センター,Energy Yield Enhancement by Switched Capacitor Converter-Based Differential Power Processing Converter Utilizing Diffusion Capacitance of Curved Photovoltaic Panels,"Honda, K., Uno, M., & Urabe, S.","IEEJ Transactions on Industry Applications, vol. 141, issue 10, pp. 835-843",2021.0,https://www.jstage.jst.go.jp/article/ieejias/141/10/141_835/_article/-char/ja/,"Urabe, S.",
トヨタ自動車未来創成センター,Analysis of temperature coefficients and their effect on efficiency of solar cell modules for photovoltaics-powered vehicles,"Yamaguchi, M., Masuda, T., Araki, K., Ota, Y., Nishioka, K., Takamoto, T., Thiel, C., Tsakalidis, A., Jaeger-Waldau, A., Okumura, K., Sato, A., Nakado, T., Yamada, K., Zushi, Y., Tanimoto, T., Nakamura, K., Ozaki, R., Kojima, N., and & Ohshita, Y.","Journal of Physics D: Applied Physics 54 (50), 504002",2021.0,https://iopscience.iop.org/article/10.1088/1361-6463/ac1ef8/meta,"Masuda, T.; Okumura, K.; Sato, A.; Nakado, T.; Yamada, K.",
トヨタ自動車未来創成センター,Static Low-concentrator Photovoltaic Combined with Luminescent Solar Concentrator,"Tomizawa, R., Sato, D., Yamada, N., Masuda, T.",11th SORALIS 2021,2021.0,http://www.solaris2021.com/pdf/Program_20210915_Final.pdf,"Tomizawa, R.; Masuda, T.",
トヨタ自動車未来創成センター,An In Vitro Mixed Infection Model With Commensal and Pathogenic Staphylococci for the Exploration of Interspecific Interactions and Their Impacts on Skin Physiology,"Kohda, K., Li, X., Soga, N., Nagura, R., Duerna, T., Nakajima, S., Nakagawa, I., Ito, M. & Ikeuchi, A.","Frontiers in Cellular and Infection Microbiology, 11",2021.0,https://www.frontiersin.org/articles/10.3389/fcimb.2021.712360/full,"Kohda, K.; Soga, N.; Nagura, R.; Ito, M.; Ikeuchi, A.",
トヨタ自動車未来創成センター,Characteristics of Ammonia Spray Injected by Pressure-Swirl Atomizers,"Fan, Y., Ohtomo, M., Kasuga, S., Iki, N., Kurata, O., Tsujimura, T., & Furutani, H.","International Conference on Liquid Atomization and Spray Systems (ICLASS) (Vol. 1, No. 1)",2021.0,http://journals.ed.ac.uk/ICLASS_Edinburgh/article/view/5930/7777,"Kasuga, S.",
トヨタ自動車未来創成センター,Environmentally friendly thermoelectric sulphide Cu2ZnSnS4 single crystals achieving a 1.6 dimensionless figure of merit ZT,"Nagaoka, A., Yoshino, K., Masuda, T., Sparks, T. D., Scarpulla, M. A., & Nishioka, K.","JOURNAL OF MATERIALS CHEMISTRY A 9 (28), 15595-15604",2021.0,https://pubs.rsc.org/en/content/articlelanding/2021/ta/d1ta02978a,"Masuda, T.",
トヨタ自動車未来創成センター,Solar Pumping of Fiber Lasers with Solid‐State Luminescent Concentrators: Design Optimization by Ray Tracing,"Dottermusch, S., Masuda, T., Endo, M., Richards, B. S., & Howard, I. A.","Advanced Optical Materials 9 (12), 2100479",2021.0,https://onlinelibrary.wiley.com/doi/full/10.1002/adom.202100479,"Masuda, T.",
トヨタ自動車未来創成センター,Well-being を目指した Genki 空間® 研究の取り組み,池内 暁紀,新都市 5月号,2021.0,https://www.tokeikyou.or.jp/books/shintoshi.html,池内 暁紀,
トヨタ自動車未来創成センター,光吸収膜による干渉効果を活用した着色太陽電池,増田 泰造,"応用物理 90 (2), 107-111",2021.0,https://www.jstage.jst.go.jp/article/oubutsu/90/2/90_107/_article/-char/ja/,増田 泰造,
トヨタ自動車未来創成センター,Stretchable micro-scale concentrator photovoltaic module with 15.4% efficiency for three-dimensional curved surfaces,"Sato, D., Masuda, T., Araki, K., Yamaguchi, M., Okumura, K., Sato, A.,Tomizawa, R., & Yamada, N.","Communications Materials 2 (1), 1-11",2021.0,https://www.nature.com/articles/s43246-020-00106-x,"Masuda, T.; Okumura, K; Sato, A.; Tomizawa, R.",
トヨタ自動車未来創成センター,Online motion generation using accumulated swept volumes,"Zhu, R., Nagahama, K., Takeshita, K., & Yamazaki, K.","Advanced Robotics, 35(6), 368–380.",2020.0,https://doi.org/10.1080/01691864.2020.1863260,"Takeshita, K.",10.1080/01691864.2020.1863260
トヨタ自動車未来創成センター,Traffic Impact Analysis of a Deep Reinforcement Learning-Based Multi-Lane Freeway Vehicle Control,"Kataoka, Y., Yang, H.,Keshavamurthy, S., Nishitani, I. & Oguchi, K. ",2020 IEEE 23rd International Conference on Intelligent Transportation Systems (ITSC) (pp. 1-6). IEEE.,2020.0,https://ieeexplore.ieee.org/document/9294244,"Kataoka, Y.; Nishitani, I.",
トヨタ自動車未来創成センター,Development of High-efficiency and Low-cost Solar Cells for PV-Powered Vehicles Applications,"Yamaguchi, M., Masuda, T., Araki, K., Sato, D., Lee, K. H., Kojima, N., Takamoto, T., Okumura, K., Satou, A., Yamada, K., Nakado, T., Zushi, Y., Ohshita, Y., & Yamazaki, M.",Progress in Photovoltaics: Research and Applications,2020.0,https://onlinelibrary.wiley.com/doi/abs/10.1002/pip.3343,"Masuda, T.; Okumura, K.; Satou, A.",
トヨタ自動車未来創成センター,Application of Simulation-Based Methods on Autonomous Vehicle Control with Deep Neural Network,"Yuji, D., Takeshi, B., Bardh, H., Tomoya, Y., & Danil, P.",EMBEDDED SYSTEMS WEEK 2020,2020.0,https://ieeexplore.ieee.org/document/9244013,"Yuji, D.; Takeshi, B.; Tomoya, Y",
トヨタ自動車未来創成センター,Well-beingを目指したバイオフィリア空間の研究,片平 悟史,ビルと環境170号,2020.0,https://www.jahmec.or.jp/shoseki/kikan/kikanshi170.html,片平 悟史,
トヨタ自動車未来創成センター,Binary Classification from Positive Data with Skewed Confidence,"Shinoda, K., Kaji, H., & Sugiyama, M.",In the Twenty-Ninth International Joint Conference on Artificial Intelligence (IJCAI) (pp. 3328-3334).,2020.0,https://www.ijcai.org/Proceedings/2020/460,"Shinoda, K.; Kaji, H.",
トヨタ自動車未来創成センター,All-inorganic cesium lead halide perovskite nanocrystals for solar-pumped laser application,"Masuda, T., Zhang, Y., Ding, C., Liu, F., Sasaki, K., Shen, Q., & Endo, M.","Journal of Applied Physics, 127(24), 243104",2020.0,https://aip.scitation.org/doi/full/10.1063/5.0011945,"Masuda, T.; Sasaki, K.",
トヨタ自動車未来創成センター,群体数理技術検討会―新しい産学連携の試み,"川本 敦史, 吉澤 真太郎, 白石 允梓, 西森 拓","応用数理, 30巻、2号、pp. 37-42, 2020",2020.0,https://www.jstage.jst.go.jp/article/bjsiam/30/2/30_37/_article/-char/ja,川本 敦史; 吉澤 真太郎,
トヨタ自動車未来創成センター,Evaluation of impression difference of a domestic mobile manipulator with autonomous and/or remote control in fetch-and-carry tasks,"Yamamoto, T., Yaguchi, H., Kato, S., & Okada, H.","Advanced Robotics, 34(20), 1291-1308.",2020.0,https://www.tandfonline.com/doi/abs/10.1080/01691864.2020.1780152?journalCode=tadr20,"Yamamoto, T.",
トヨタ自動車未来創成センター,Deep Merging: Vehicle Merging Controller Based on Deep Reinforcement Learning with Embedding Network,"Nishitani, I., Yang, H., Guo, R., Keshavamurthy, S., & Oguchi, K. ",In 2020 IEEE International Conference on Robotics and Automation (ICRA) (pp. 216-221). IEEE.,2020.0,https://ieeexplore.ieee.org/abstract/document/9197559/,"Nishitani, I.",
トヨタ自動車未来創成センター,Surface-modified graphene oxide/lead sulfide hybrid film-forming ink for high efficiency bulk nano-heterojunction colloidal quantum dot solar cells,"Zhang, Y., Wu, G., Ding, C., Liu, F., Liu, D., Masuda, T., Yoshino, K., Hayase, S., Wang, R., & Shen, Q.","Nano-Micro Letters, 12(1)",2020.0,https://link.springer.com/article/10.1007/s40820-020-00448-8,"Masuda, T.",
トヨタ自動車未来創成センター,Field-Based Assist-As-Needed Control Schemes for Rehabilitation Robots,"Hamed Jabbari Asl, Masashi Yamashita, Tatsuo Narikiyo, Michihiro Kawanishi","IEEE/ASME Transactions on Mechatronics, vol. 25, pp. 2100-2111, 2020",2020.0,https://ieeexplore.ieee.org/document/9085926,Masashi Yamashita,
トヨタ自動車未来創成センター,Li-ion transport at the interface between a graphite anode and Li2CO3 solid electrolyte interphase: ab initio molecular dynamics study,"Takeshi Baba, Keitaro Sodeyama, Yoshiumi Kawamura, and Yoshitaka Tateyama","Physical Chemistry Chemical Physics, 2020,22, 10764-10774 ",2020.0,https://pubs.rsc.org/en/content/articlelanding/2020/cp/c9cp06608j/unauth#!divAbstract,Takeshi Baba; Yoshiumi Kawamura,
トヨタ自動車未来創成センター,A fully planar solar pumped laser based on a luminescent solar collector,"Masuda, T., Iyoda, M., Yasumatsu, Y., Dottermusch, S., Howard, I. A., Richards, B. S., Bisson, J & Endo, M.","Communications Physics, 3(1), 1--6",2020.0,https://www.nature.com/articles/s42005-020-0326-2,"Masuda, T.",
トヨタ自動車未来創成センター,Friction Modelling of Strain Wave Gear by Deep Learning with Multi Sampling Data for Torque Sensor-less Impedance Control,"Takahashi, T., Okumatsu, Y., Itozawa, Y., Iwamoto, K., Oikawa, S., Kosaka, Y.& Bito, H.","The 6th IEEJ International Workshop on Sensing, Actuation, Motion Control, and Optimization(SAMCON), TT-4, 2020",2020.0,https://www.bookpark.ne.jp/cm/ieej/detail/IEEJ-SAMCON2020TT-4-PDF/,"Takahashi, T.; Okumatsu, Y.; Itozawa, Y.; Iwamoto, K.; Oikawa, S.; Kosaka, Y.; Bito, H.",
トヨタ自動車未来創成センター,Evaluation of the Physiological Effects of Fragrances in a Visual Search Task,"Kiyomi Sakakibara, Katsuhiko Nakajima, Koichiro Iwai, Kazuhiro Kato, Kazumi Hayakawa, Keisuke Suzuki",2020 IEEE 2nd Global Conference on Life Sciences and Technologies,2020.0,http://www.ieee-lifetech.org/2020/index.html,Kiyomi Sakakibara,
トヨタ自動車未来創成センター,Formation of periodic ribbed or lattice structures in topology optimization assisted by biological pattern formation,"Fukada, Y. ","Springer Nature, Structural and Multidisciplinary Optimization, Vol. 61, Issue 3, pp.1171-1185. ",2020.0,http://dx.doi.org/10.1007/s00158-019-02418-0,"Fukada, Y.",10.1007/s00158-019-02418-0
トヨタ自動車未来創成センター,Support-free robust topology optimization based on pseudo-inverse stiffness matrix and eigenvalue analysis,"Fukada, Y. ","Springer Nature, Structural and Multidisciplinary Optimization, Vol. 61, Issue 1, pp.59-76. ",2020.0,https://doi.org/10.1007/s00158-019-02345-0,"Fukada, Y.",10.1007/s00158-019-02345-0
トヨタ自動車未来創成センター,Human support robot as research platform of domestic mobile manipulator,"Yamamoto, T., Takagi, Y., Ochiai, A., Iwamoto, K., Itozawa, Y., Asahara, Y., Yokochi, Y., & Ikeda, K.","Robot World Cup XXIII. RoboCup 2019. Lecture Notes in Computer Science, vol 11531. Springer, Cham. ",2019.0,https://rd.springer.com/chapter/10.1007/978-3-030-35699-6_37,"Yamamoto, T.; Takagi, Y.; Ochiai, A.; Iwamoto, K.; Itozawa, Y.; Asahara, Y.; Yokochi, Y.; Ikeda, K.",
トヨタ自動車未来創成センター,A data-driven approach to probabilistic impedance control for humanoid robots,"Takano, W., Kanayama, H., Takahashi, T., Moridaira, T. & Nakamura, Y.","Robotics and Autonomous Systems, 124, 103353.",2019.0,https://www.sciencedirect.com/science/article/pii/S0921889019305354,"Takahashi, T.; Moridaira, T.",
トヨタ自動車未来創成センター,A Synchronizing Approach for Non-Uniform Time-Varying Communication Delays on the Average Consensus of Multi Agent System,"Kikuchi, S., Ngoc, T. H., Kawanishi, M., & Narikiyo, T. ","2019 IEEE Vehicle Power and Propulsion Conference (VPPC), 1--6",2019.0,https://ieeexplore.ieee.org/abstract/document/8952521,"Kikuchi, S.",
トヨタ自動車未来創成センター,Towards multi-person motion forecasting: IMU based motion capture approach,"Katsuhara, Y., & Kaji, H.", In Adjunct Proceedings of the 2019 ACM International Joint Conference on Pervasive and Ubiquitous Computing and Proceedings of the 2019 ACM International Symposium on Wearable Computers (pp. 97-100).,2019.0,https://dl.acm.org/doi/abs/10.1145/3341162.3343776,"Katsuhara, Y.; Kaji, H.",
トヨタ自動車未来創成センター,An Assist-as-Needed Impedance Controller for Rehabilitation Robots,"Hamed Jabbari Asl, Masashi Yamashita, Tatsuo Narikiyo","Interactive Collaborative Robotics – 4th International Conference, ICR 2019, Istanbul, Turkey, August 20-25, 2019, Proceedings 109-118",2019.0,https://rd.springer.com/chapter/10.1007%2F978-3-030-26118-4_11,Masashi Yamashita,
トヨタ自動車未来創成センター,Daytime Sleepiness Level Prediction Using Respiratory Information,"Shinoda, K., Yoshii, M., Yamaguchi, H., & Kaji, H.",In the Twenty-Eighth International Joint Conference on Artificial Intelligence (IJCAI) (pp. 5967-5974).,2019.0,https://www.ijcai.org/Proceedings/2019/827,"Shinoda, K.; Yoshii, M.; Yamaguchi, H.; Kaji, H.",
トヨタ自動車未来創成センター,A Method of Online Motion Generation Using Swept Volumes Collected in Advance,"Zhu, R., Nagahama, K., Takeshita, K., & Yamazaki, K.",In 2019 IEEE International Conference on Mechatronics and Automation (ICMA) (pp. 1842-1847). IEEE. ,2019.0,https://ieeexplore.ieee.org/document/8816341,"Takeshita, K.",
トヨタ自動車未来創成センター,Multiplexed CRISPR-Cas9 genome editing of Rhodosporidium toruloides,"Peter B. Otoupal, Masakazu Ito, Adam P. Arkin, Jon K. Magnuson, John M. Gladden, Jeffrey M. Skerker",mSphere 00099-19,2019.0,https://msphere.asm.org/content/4/2/e00099-19,Masakazu Ito,
トヨタ自動車未来創成センター,Cloning of a novel gene involved in alkane biosynthesis from Klebsiella sp,"Masakazu Ito, Hiromi Kambe, Ai Sawagashira, Shigenobu Kishino, Michiki Takeuchi, Akinori Ando, Masayoshi Muramatsu, Jun Ogawa","Applied Microbiology and Biotechnology volume 103, pages5917–5923(2019)",2019.0,https://rd.springer.com/article/10.1007/s00253-019-09900-1,Masakazu Ito; Masayoshi Muramatsu,
トヨタ自動車未来創成センター,Monoterpene production by the carotenogenic yeast Rhodosporidium toruloides,"Xun Zhuang, Oliver Kilian, Eric Monroe, Masakazu Ito,  Todd Pray, Jeffrey M. Skerker, Anthe George, John M. Gladden","Microbial Cell Factories volume 18, Article number: 54 (2019)",2019.0,https://microbialcellfactories.biomedcentral.com/articles/10.1186/s12934-019-1099-8,Masakazu Ito,
トヨタ自動車未来創成センター,Development of Human Support Robot as the research platform of a domestic mobile manipulator,"Yamamoto, T., Terada, K., Ochiai, A., Saito, F., Asahara, Y., & Murase, K. ","ROBOMECH journal, 6(1), 4.",2019.0,https://robomechjournal.springeropen.com/articles/10.1186/s40648-019-0132-3,"Yamamoto, T.; Terada, K.; Ochiai, A.; Saito, F.; Asahara, Y.; Murase, K.",
トヨタ自動車未来創成センター,Binary Classification Only from Unlabeled Data by Iterative Unlabeled-unlabeled Classification,"Kaji, H., & Sugiyama, M.","In ICASSP 2019-2019 IEEE International Conference on Acoustics, Speech and Signal Processing (ICASSP) (pp. 3527-3531). IEEE.",2019.0,https://ieeexplore.ieee.org/abstract/document/8683118,"Kaji, H.",
トヨタ自動車未来創成センター,Design of low‐concentration static III‐V/Si partial CPV module with 27.3% annual efficiency for car‐roof application,"Sato, D., Lee, K. H., Araki, K., Masuda, T., Yamaguchi, M., & Yamada, N.","Progress in Photovoltaics: Research and Applications, 27(6), 501--510",2019.0,https://onlinelibrary.wiley.com/doi/abs/10.1002/pip.3124,"Masuda, T.",
トヨタ自動車未来創成センター,Mathematical Modeling of Septic Shock based on Clinical Data,"Y. Yamanaka, K. Uchida, M. Akashi, Y. Watanabe, A. Yaguchi, S. Shimamoto, S. Shimoda, H. Yamada, M. Yamashita and H. Kimura","Theoretical Biology and Medical Modelling, vol. 16 (1): 5, 2019.",2019.0,https://tbiomed.biomedcentral.com/articles/10.1186/s12976-019-0101-9,H. Yamada; M. Yamashita,
トヨタ自動車未来創成センター,Two-mass DOB Robust to Elastic Coefficient Variation for Collaborative Robot Joint Using Joint Torque Sensor and Encoders,"Hasegawa, A., Fujimoto, H., & Takahashi, T.","The 5th IEEJ International Workshop on Sensing, Actuation, Motion Control, and Optimization(SAMCON), TT3-3, 2019",2019.0,http://hfpublication.k.u-tokyo.ac.jp/20184-20193/SAMCON2019_Hasegawa.pdf,"Takahashi, T.",
トヨタ自動車未来創成センター,Vivid-colored silicon solar panels with high efficiency and non-iridescent appearance,"Ji, C., Zhang, Z., Masuda, T., Kudo, Y., & Guo, L. J.","Nanoscale Horizons, 4(4), 874--880",2019.0,https://pubs.rsc.org/en/content/articlehtml/2019/nh/c8nh00368h,"Masuda, T.; Kudo, Y.",
トヨタ自動車未来創成センター,Application of Abstract Interpretation to the Automotive Electronic Control System,"Tomoya Yamaguchi, Martin Brain, Chirs Ryder, Yosikazu Imai, Yoshiumi Kawamura","International Conference on Verification, Model Checking, and Abstract Interpretation (VMCAI) 2019, pp 425-445",2019.0,https://rd.springer.com/chapter/10.1007/978-3-030-11245-5_20,Tomoya Yamaguchi; Yoshiumi Kawamura,
トヨタ自動車未来創成センター,Selection of Transcripts Affecting Initial Growth Rate of Rice Backcrossed Inbred Lines Using RNA Sequencing Data,"Akari Fukuda, Tatsuro Hirose, Naohiro Aoki, Satoshi Kondo, Madoka Yonekura, Tomomori Kataoka, Chikara Ohto, and Atsushi J Nagano","Frontiers in Plant Science (2018) 9, 01880",2018.0,https://www.frontiersin.org/articles/10.3389/fpls.2018.01880/full,Satoshi Kondo; Madoka Yonekura; Chikara Ohto,
トヨタ自動車未来創成センター,Picking up One of the Folded and Stacked Towels by a Single Arm Robot,"Demura, S., Sano, K., Nakajima, W., Nagahama, K., Takeshita, K., & Yamazaki, K.",In 2018 IEEE International Conference on Robotics and Biomimetics (ROBIO) (pp. 1551-1556). IEEE.,2018.0,https://ieeexplore.ieee.org/document/8665040,"K., Takeshita",
トヨタ自動車未来創成センター,Recurrent Visual Relationship Recognition with Triplet Unit for Diversity,"Kento Masui, Akiyoshi Ochiai, Shintaro Yoshizawa and Hideki Nakayama","International Journal of Semantic Computing, Vol. 12, No. 04, pp. 523-540, 2018",2018.0,https://www.worldscientific.com/doi/epdf/10.1142/S1793351X18400214,Akiyoshi Ochiai; Shintaro Yoshizawa,
トヨタ自動車未来創成センター,Filtered Disturbance Observer for High Backdrivable Robot Joint,"Hasegawa, A., Fujimoto, H., & Takahashi, T.", In IECON 2018-44th Annual Conference of the IEEE Industrial Electronics Society (pp. 5086-5091). IEEE.,2018.0,https://ieeexplore.ieee.org/document/8591188,"Takahashi, T.",
トヨタ自動車未来創成センター,Sequential Monte Carlo controller that integrates physical consistency and motion knowledge,"Takano, W., Takahashi, T.& Nakamura, Y.","Autonomous Robots, 43(6), 1523-1536.",2018.0,https://link.springer.com/article/10.1007/s10514-018-9815-5,"Takahashi, T.",
トヨタ自動車未来創成センター,Wearable respiration sensor platform using ultrasound transducer,"Kaji, H., Yamaguchi, H., Shigeto, K., & Kikuchi, H.",In Proceedings of the 2018 ACM International Joint Conference and 2018 International Symposium on Pervasive and Ubiquitous Computing and Wearable Computers (pp. 86-89).,2018.0,https://dl.acm.org/doi/abs/10.1145/3267305.3267586,"Kaji, H.; Yamaguchi, H.; Shigeto, K.; Kikuchi, H.",
トヨタ自動車未来創成センター,Predicting Signs of Drowsiness from Driver's Blinking and Driving Behavior,"Moon, J., Morita, J., Enokibori, Y., Hirayama, T., Salah, A.A., Mase, K., Hatakeyama Y., & Kaji, H.",In 8th Biennial Workshop on DSP for In-Vehicle and Mobile Systems,2018.0,#,"Hatakeyama Y.; Kaji, H.",
トヨタ自動車未来創成センター, Estimating Door Shape and Manipulation Model for Daily Assistive Robots based on the Integration of Visual and Touch Information,"Nagahama, K., Takeshita, K., Yaguchi, H., Yamazaki, K., Yamamoto, T., & Inaba, M. ",In 2018 IEEE/RSJ International Conference on Intelligent Robots and Systems (IROS) (pp. 7660-7666). IEEE.,2018.0,https://ieeexplore.ieee.org/document/8593391,"K., Takeshita; Yamamoto, T",
トヨタ自動車未来創成センター,Development of the research platform of a domestic mobile manipulator utilized for international competition and field test,"Yamamoto, T., Terada, K., Ochiai, A., Saito, F., Asahara, Y., & Murase, K. ",In 2018 IEEE/RSJ International Conference on Intelligent Robots and Systems (IROS) (pp. 7675-7682). IEEE. ,2018.0,https://ieeexplore.ieee.org/document/8593798,"Yamamoto, T.; Terada, K.; Ochiai, A.; Saito, F.; Asahara, Y.; Murase, K.",
トヨタ自動車未来創成センター,Response of shape optimization of thin-walled curved beam and rib formation from unstable structure growth in optimization,"Fukada, Y., Minagawa, H., Nakazato, C., Nagatani, T. ","Springer Nature, Structural and Multidisciplinary Optimization, Vol. 58, Issue 4, pp1769-1782.",2018.0,https://doi.org/10.1007/s00158-018-1999-y,"Fukada, Y.",10.1007/s00158-018-1999-y
トヨタ自動車未来創成センター,Nonlinear model predictive control for systems with state-dependent switches and state jumps using a penalty function method,"Katayama, S., Satoh, Y., Doi, M., & Ohtsuka, T.",In 2018 IEEE Conference on Control Technology and Applications (CCTA) (pp. 312-317). IEEE.,2018.0,https://ieeexplore.ieee.org/document/8511448,"Doi, M.",
トヨタ自動車未来創成センター,A Learning Method for a Daily Assistive Robot for Opening and Closing Doors Based on Simple Instructions,"Nagahama, K., Takeshita, K., Yaguchi, H., Yamazaki, K., Yamamoto, T., & Inaba, M.",In 2018 IEEE 14th International Conference on Automation Science and Engineering (CASE) (pp. 599-605). IEEE.,2018.0,https://ieeexplore.ieee.org/document/8560411,"K., Takeshita, K.; Yamamoto, T.",
トヨタ自動車未来創成センター,Visually Attractive and High-Power-Retention Solar Modules by Coloring with Automotive Paints,"Masuda, T., Kudo, Y., & Banerjee, D.","Coatings, 8(8), 282",2018.0,https://www.mdpi.com/2079-6412/8/8/282,"Masuda, T.; Kudo, Y.",
トヨタ自動車未来創成センター,Human support robot (HSR),"Yamamoto, T., Nishino, T., Kajima, H., Ohta, M., & Ikeda, K. ",In ACM SIGGRAPH 2018 emerging technologies (pp. 1-2).,2018.0,https://dl.acm.org/doi/10.1145/3214907.3233972,"Yamamoto, T.; Nishino, T.; Kajima, H.; Ohta, M.; Ikeda, K.",
トヨタ自動車未来創成センター,"Colorful, Flexible, and Lightweight Cu(In,Ga)Se2Solar Cell by Lift-Off Process With Automotive Painting","Masuda, T., Hirai, S., Inoue, M., Chantana, J., Kudo, Y., & Minemoto, T.","IEEE Journal of Photovoltaics, 8(5), 1326--1330",2018.0,https://ieeexplore.ieee.org/abstract/document/8430528,"Masuda, T.",
トヨタ自動車未来創成センター,A Mathematical Model of Type 1 Diabetes involving Leptin Effects on Glucose Metabolism,"R. Kadota, K. Sugita, K. Uchida, H. Yamada, M. Yamashita and H. Kimura","Journal of Theoretical Biology, vol. 456, pp.213-223, 2018.",2018.0,https://pubmed.ncbi.nlm.nih.gov/30098320/,H. Yamada; M. Yamashita,
トヨタ自動車未来創成センター,Design and fabrication technology of low profile tactile sensor with digital interface for whole body robot skin,"Makihata, M., Muroyama, M., Tanaka, S., Nakayama, T., Nonomura, Y., & Esashi, M.","Sensors, 18(7), 2374.",2018.0,https://www.mdpi.com/1424-8220/18/7/2374,"S., Nakayama",
トヨタ自動車未来創成センター,Phenotypic diversification by enhanced genome restructuring after induction of multiple DNA double-strand breaks,"Nobuhiko Muramoto, Arisa Oda, Hidenori Tanaka, Takahiro Nakamura, Kazuto Kugo, Kazuki Suda, Aki Kobayashi, Shiori Yoneda, Akinori Ikeuchi, Hiroki Sugimoto, Satoshi Kondo, Chikara Ohto, Takehiko Shibata, Norihiro Mitsukawa & Kunihiro Ohta"," Nature Communications (2018) 9, 10.1038",2018.0,https://www.nature.com/articles/s41467-018-04256-y,Satoshi Kondo; Chikara Ohto,
トヨタ自動車未来創成センター,ECG-Based Concentration Recognition With Multi-Task Regression,"Kaji, H., Iizuka, H., & Sugiyama, M.","IEEE Transactions on Biomedical Engineering, 66(1), 101-110.",2018.0,https://ieeexplore.ieee.org/abstract/document/8350304,"Kaji, H.; Iizuka, H.",
トヨタ自動車未来創成センター,"Characterization of sugar metabolism in the stem of Tachisuzuka, a whole-crop silage rice cultivar with high sugar content in the stem","Yoichi Hashida, Sakurako Kadoya, Masaki Okamura, Yu Sugimura, Tatsuya, Hirano, Tatsuro Hirose, Satoshi Kondo, Chikara Ohto, Ryu Ohsugi & Naohiro Aoki","Plant Production Science (2018) 21, 3, 233-243",2018.0,https://www.tandfonline.com/doi/full/10.1080/1343943X.2018.1461016,Satoshi Kondo; Chikara Ohto,
トヨタ自動車未来創成センター,Multi task learning with positive and unlabeled data and its application to mental state prediction,"Kaji, H., Yamaguchi, H., & Sugiyama, M.","In 2018 IEEE International Conference on Acoustics, Speech and Signal Processing (ICASSP) (pp. 2301-2305). IEEE.",2018.0,https://ieeexplore.ieee.org/abstract/document/8462108,"Kaji, H.; Yamaguchi, H.",
トヨタ自動車未来創成センター,Functional genomics of lipid metabolism in the oleaginous yeast Rhodosporidium toruloides,"Samuel T Coradetti, Dominic Pinel, Gina M Geiselman, Masakazu Ito, Stephen J Mondo, Adam P Arkin, Jeffrey M Skerker","eLIFE, VOL. 7, 32110 (2018)",2018.0,https://elifesciences.org/articles/32110,Masakazu Ito,
トヨタ自動車未来創成センター,生きた植物から可溶性糖を取り出す：糖輸送体SWEETと排水液による採取方法の検討,"米倉円佳,青木直大,廣瀬竜郎,大杉 立,近藤 聡,大音徳","生物工学会誌 (2018) 96, 129-136",2018.0,https://www.sbj.or.jp/wp-content/uploads/file/sbj/9802/9802_ronbun_7.pdf,大音徳,
トヨタ自動車未来創成センター,Structural deterioration of curved thin-walled structure and recovery by rib installation: Verification with structural optimization algorithm,"Fukada, Y., Minagawa, H., Nakazato, C., Nagatani, T.","Elsevier Ltd., Thin-Walled Structures, Vol. 123, pp.441-451. ",2018.0,https://doi.org/10.1016/j.tws.2017.10.052,"Fukada, Y.",10.1016/j.tws.2017.10.052
トヨタ自動車未来創成センター,A method of picking up a folded fabric product by a single-armed robot,"Moriya, Y., Tanaka, D., Yamazaki, K., & Takeshita, K.","Robomech J 5, 1",2018.0,https://doi.org/10.1186/s40648-017-0098-y,"Takeshita, K.",10.1186/s40648-017-0098-y
トヨタ自動車未来創成センター,A search for microorganisms producing medium-chain alkanes from aldehydes,"Masakazu Ito, Hiromi Kambe, Shigenobu Kishino, Masayoshi Muramatsu, Jun Ogawa","Journal of Bioscience and Bioengineering, Volume 125, Issue 1, January 2018, Pages 87-91",2018.0,https://www.sciencedirect.com/science/article/abs/pii/S1389172317303432,Masakazu Ito; Masayoshi Muramatsu,
豊田中央研究所,High-Solid-Content Kneading Degrades Carboxymethyl Cellulose as a Dispersant and Destabilises Graphite Anode Slurries,"Makino, S., Ishii, M., Kawauchi, S., Sasaki, M., Akimoto, Y., Nakamura, H.",Journal of Colloid and Interface Science,2026.0,https://doi.org/10.1016/j.jcis.2025.139769,,10.1016/j.jcis.2025.139769
豊田中央研究所,Electrostatic Dry Coating Strategies for Through-Plane Control of Electronic Pathways in Lithium-Ion Electrodes,"Yonaga, A., Matsunaga, T.",Small Methods,2026.0,https://doi.org/10.1002/smtd.202502213,,10.1002/smtd.202502213
豊田中央研究所,Photocatalytic CO2 reduction with a semiconductor/metal complex hybrid system: Toward visible light and water utilization,"Morikawa, T., Suzuki, T. M., Yamaguchi, Y., Kudo, A.",Journal of Photochemistry & Photobiology C: Photochemistry Reviews​,2026.0,https://doi.org/10.1016/j.jphotochemrev.2025.100735,,10.1016/j.jphotochemrev.2025.100735
豊田中央研究所,Electrically Reconfigurable Topological RF Filter Utilizing a Synthetic Frequency Dimension in a Single Mechanical Resonator,"Ozaki, T., Ohta, N., Ma, J., Fujiyoshi, M.",Communications Physics,2026.0,https://doi.org/10.1038/s42005-026-02621-8,,10.1038/s42005-026-02621-8
豊田中央研究所,Water Generation in the Mesoporous Catalyst Layers of Automotive Fuel Cells: Insights from Operando Small-Angle Neutron Scattering,"Harada, M., Hasegawa, N., Kato, A., Higuchi, Y., Kato, S., Song, F., Iwase, H., Takata, S.",Chemical Engineering Journal,2026.0,https://doi.org/10.1016/j.cej.2025.170753,,10.1016/j.cej.2025.170753
豊田中央研究所,Fluorene-Based Capacity Recovery Reagent for LiFePO₄ Batteries,"Shibata, Y., Mikita, R., Kondo, H.",ACS Sustainable Resource Management,2026.0,https://doi.org/10.1021/acssusresmgt.5c00405,,10.1021/acssusresmgt.5c00405
豊田中央研究所,Exploring Variance Reduction in Importance Sampling for Efficient DNN Training,"Kutsuna, T.",SIAM Journal on Mathematics of Data Science,2026.0,https://doi.org/10.1137/25M1726339,,10.1137/25m1726339
豊田中央研究所,Effect of Graphite Shape on Tortuosity and Rate Capability of Electrodes,"Kusano, T., Kawauchi, S., Isegawa, K., Takahashi, S., Watanabe, T., Kamiyama, M., Tani, M., Nakamura, H.",Journal of Power Sources,2026.0,https://doi.org/10.1016/j.jpowsour.2026.239533,,10.1016/j.jpowsour.2026.239533
豊田中央研究所,MAPF-HD: Multi-Agent Path Finding in High-Density Environments,"Makino, H., Ito, S.",IEEE International Conference on Robotics & Automation,2026.0,,,
豊田中央研究所,Non-invasive Reconstruction of Complete Mitochondrial Genomes from Aquatic Environmental DNA Using PCR-free Long-read Sequencing,"Mizuno, H., Tanaka, H., Furuta, Y., Muramoto, N.",Methods in Ecology and Evolution,2026.0,https://doi.org/10.1111/2041-210x.70209,,10.1111/2041-210x.70209
豊田中央研究所,Bridging the Gap in Workplace Charging Requirements between Demand and Supply Sides,"Kataoka, R., Hidaka, K., Nishi, T.",Transportation Research Part D: Transport and Environment,2026.0,https://doi.org/10.1016/j.trd.2025.105136,,10.1016/j.trd.2025.105136
豊田中央研究所,"Smart Inflatable Radiator for Autonomous, Temperature-driven Heat Dissipation","Kugimoto, K., Hirai, T., Kaneko, T.",Applied Thermal Engineering,2026.0,https://doi.org/10.1016/j.applthermaleng.2025.128860,,10.1016/j.applthermaleng.2025.128860
豊田中央研究所,Improved Stability and Selectivity of CuFe₂O₄-based Catalysts for Photoelectrochemical CO₂-to-acetate Conversion,"Kato, N., Saeki, S., Nishimura, F., Y., Takeda, Y., Moribe, S.",Journal of Materials Chemistry A,2026.0,https://doi.org/10.1039/D5TA06122A,,10.1039/d5ta06122a
豊田中央研究所,Mechanism of CO₂ Electrolysis with Heterogenized Molecular Iridium Catalysts Deciphered Using Operando Spectroscopy,"Sakamoto, N., Sekizawa, K., Sato, S., Jung, J., Wakabayashi, T., Kamada, K., Nonaka, T., Uyama, T., Morikawa, T., Saito, S.",Journal of the American Chemical Society,2026.0,https://doi.org/10.1021/jacs.5c19250,,10.1021/jacs.5c19250
豊田中央研究所,Sampled-Data Primal-Dual Gradient Dynamics in Model Predictive Control,"Moriyasu, R., Kawaguchi, S., Kashima, K.",Automatica,2026.0,https://doi.org/10.1016/j.automatica.2025.112621,,10.1016/j.automatica.2025.112621
豊田中央研究所,Inverse Design of Dual-band Valley-Hall Topological Photonic Crystals with Arbitrary Pseudospin States,"Sato, Y., Esaki Muthu, P., S., Oba, J., Yatsugi, K.",Advanced Optical Materials,2026.0,https://doi.org/10.1002/adom.202500994,,10.1002/adom.202500994
豊田中央研究所,How to Improve PHEV Electric Mileage Ratios? Factor Decomposition with Explainable,"Goto, H., Nishi, T., Shiga, T., Sasai, T., Fukushima, S.",Transportation Research Part D: Transport and Environment,2026.0,https://doi.org/10.1016/j.trd.2025.104876,,10.1016/j.trd.2025.104876
豊田中央研究所,In Situ Observation of Water Evaporation in Gas Diffusion Layers of Polymer Electrolyte Fuel Cells,"Yoshimune, W., Kato, A., Hayakawa, T., Yamaguchi, S., Kato, S.",Journal of Power Sources,2026.0,https://doi.org/10.1016/j.jpowsour.2025.237896,,10.1016/j.jpowsour.2025.237896
豊田中央研究所,Effects of External Body Vibrations on Cognitive Performance Through Brain–cardio–respiratory Dynamics,"Iwamoto, M., Kanazawa, H., Narita, A., Yonekura, S., Kuniyoshi, Y.",Scientific Reports,2026.0,https://doi.org/10.1038/s41598-025-21639-6,,10.1038/s41598-025-21639-6
豊田中央研究所,Direct Observation of An Ionic Cobalt Complex Electron Mediator via Operando X-ray Absorption Spectroscopy in Photocatalytic Z-scheme CO2 reduction with (CuGa)0.3Zn1.4S2 and BiVO4,"Suzuki, M., T., Nonaka, T., Uyama, T., Sakamoto, N., Sekizawa, K., Yamaguchi, Y., Kudo, A., Morikawa, T.",Chemical Communications,2026.0,https://doi.org/10.1039/D5CC05617A,,10.1039/d5cc05617a
豊田中央研究所,Influence of Electrolyte Conductivity on the Performance of Lithium-ion Batteries: An Electrochemical Impedance Analysis Using Symmetric Cells,"Itou, Y., Ogihara, N., Kawauchi, S.",Journal of Power Sources,2026.0,https://doi.org/10.1016/j.jpowsour.2025.238103,,10.1016/j.jpowsour.2025.238103
豊田中央研究所,Sustainable Recovery of Lithium from Contaminated Soil through Halophyte Salt Excretion,"Yaokawa, R., Sugimoto, H., Kosaka, S., Nonaka, T., Kitagawa-Yogo, R.​",Environmental Science & Technology​,2026.0,https://doi.org/10.1021/acs.est.5c03574,,10.1021/acs.est.5c03574
豊田中央研究所,Effect of the Pore Size of Mesoporous Carbon Supports for Cathode Catalysts on the Cell Performance of Polymer Electrolyte Fuel Cells ​,"Takeshita, T., Yano, K., Kodama, K.​",ACS Catalysis​,2026.0,https://doi.org/10.1021/acscatal.5c04074%E2%80%8B,,10.1021/acscatal.5c04074%e2%80%8b
豊田中央研究所,Theoretical Analysis of Heteroscedastic Gaussian Processes with Posterior Distributions,"Ito, Y.​",The 2025 American Control Conference,2026.0,https://doi.org/10.23919/ACC63710.2025.11107679,,10.23919/acc63710.2025.11107679
豊田中央研究所,Adaptive Passification of Unknown Input-Affine Nonlinear Systems​,"Miyano, T., Shima, R., Ito, Y.​",The 2025 American Control Conference,2026.0,,,
豊田中央研究所,Discrete Distributionally Robust Optimal Control with Explicitly Constrained Optimization​,"Shida, Y., Ito, Y.",The 2025 American Control Conference,2026.0,https://doi.org/10.23919/ACC63710.2025.11107818,,10.23919/acc63710.2025.11107818
豊田中央研究所,Continuation Method for Nonsmooth Model Predictive Control Using Proximal Technique,"Shima, R., Moriyasu, R., Kato, T.",The 2025 American Control Conference,2026.0,https://doi.org/10.23919/ACC63710.2025.11107938,,10.23919/acc63710.2025.11107938
豊田中央研究所,Contraction Analysis of Continuation Method for Suboptimal Model Predictive Control,"Shima, R., Ito, Y., Miyano, T.",The 2025 American Control Conference,2026.0,,,
豊田中央研究所,Role of Chloride Ions in the Heat Treatment of β-FeOOH(Cl) Catalysts to Enhance the Oxygen Evolution Reaction Activity,"Uyama, T., Noda, Y., Suzuki, M., T., Sekizawa, K., Sakamoto, N., Nonaka, T., Morikawa, T.",Chemistry of Materials,2025.0,https://doi.org/10.1021/acs.chemmater.5c00128,,10.1021/acs.chemmater.5c00128
豊田中央研究所,Machine Learning Force Fields in Electrochemistry: From Fundamentals to Applications,"Jinnouchi, R., Minami, S.",ACS Nano,2025.0,https://pubs.acs.org/doi/10.1021/acsnano.5c05553,,
豊田中央研究所,Flexible Lattice Structure Using Curved Struts Based on Body-centered Cubic Structure,"Sasagawa, T., Nimura, N., Tanaka, M.",Additive Manufacturing,2025.0,https://linkinghub.elsevier.com/retrieve/pii/S2214860425001101,,
豊田中央研究所,Carbon Fibre Production Using an Ecofriendly Water-soluble Precursor,"Morishita., T., Narita, M., Matsushita, M., Hayashida, K., Nomura, K., Taniguchi, S., Kikuzawa, Y., Sakakura, N., Tanaka, H., Katagiri, Y., Okamoto, A., Mouri, M., Mori, H., Kunitomo, A., Kawai, H., Shigemitsu, N.",Nature Communications,2025.0,https://www.nature.com/articles/s41467-025-59841-9,,
豊田中央研究所,Ultrasonic Separation of Electrode Scrap in Water: A Sustainable Method for Li-ion Battery Recycling,"Yamada, Y., Kondo, Y., Kondo, H.​",WASTE MANAGEMENT,2025.0,https://doi.org/10.1016/j.wasman.2025.114969,,10.1016/j.wasman.2025.114969
豊田中央研究所,Destruction of Virus Particles via Mechanical and Chemical Virucidal Activity of Nanocolumnar Copper Thin Films,"Shigetoh, K., Hirata, Y., Muramoto, N., Ishida, N.",MATERIALS TODAY BIO,2025.0,https://linkinghub.elsevier.com/retrieve/pii/S2590006425003631,,
豊田中央研究所,Quantum Valley Hall Effect-Based Coupler with Continuously Tunable Transmission for Topological Information Communication,"Funayama, K., Yatsugi, K., Tanaka, H., Iizuka, H.",ADVANCED SCIENCE,2025.0,https://advanced.onlinelibrary.wiley.com/doi/10.1002/advs.202506732,,
豊田中央研究所,Real-time Simulator Exploiting Micro-Service Architecture for Mission-Critical Service with Multiple Mobile Networks​,"Sasaki, K., Takanashi, M., Kaneko, N., Onishi, R., Sanda, K.",IEEE Intelligent Vehicles Symposium (IV),2025.0,https://ieeexplore.ieee.org/document/11097549/,,
豊田中央研究所,Minimal Sufficient Views: A DNN Model Making Predictions with More Evidence Has Higher Accuracy,"Kawano, K., Kutsuna, T., Sano, K.",Neural Networks,2025.0,https://www.sciencedirect.com/science/article/abs/pii/S0893608025004903?via%3Dihub,,
豊田中央研究所,Friction and Wear Characteristics of Acidic Phosphate Ester Boundary Layers Analyzed by Near-edge X-ray Absorption Fine Structure,"Takechi-Takahashi, N., Matsushima, K., Isomura, N., Kosaka, S., Ohmori, T., Sano, T., Maegawa, S., Itoigawa F.",Friction,2025.0,https://www.sciopen.com/article/10.26599/FRICT.2025.9441040,,
豊田中央研究所,Do Expressions Change Decisions? Exploring the Impact of AI's Explanation Tone on Decision-Making,"Okoso, A., Yang, M., Baba, Y.",ACM CHI Conference on Human Factors in Computing Systems,2025.0,https://doi.org/10.1145/3706598.3713744,,10.1145/3706598.3713744
豊田中央研究所,Changing Role of Battery Electric Vehicle Charging Strategies in Decarbonizing Japanese Power Systems,"Kataoka, R., Ogimoto, K., Iwafune, Y., Nishi, T.",Energy,2025.0,https://doi.org/10.1016/j.energy.2025.136413,,10.1016/j.energy.2025.136413
豊田中央研究所,Extended Shunt-through Method for High-frequency Battery Impedance Measurement,"Ishikawa, K., Usuki, T., Komagata, S., Morimoto, R., Ishigaki, M.",IEEE Transactions on Instrumentation and Measurement,2025.0,https://doi.org/10.1109/TIM.2025.3558744,,10.1109/tim.2025.3558744
豊田中央研究所,Subjective Mapping of Indoor Plants Based on Leaf Shape Measurements to Select Suitable Plants for Indoor Landscapes,"Tokuhiro, K., Sugimoto, H., Ikeuchi, A., Tsujie, T., Wada, E., Muramatsu, M., Ohto, C.",Building and Environment,2025.0,https://doi.org/10.1016/j.buildenv.2025.112828,,10.1016/j.buildenv.2025.112828
豊田中央研究所,Submillisecond Measurement with High Synchronism of Changes in Practical DC Microgrids,"Fukano, T., Sugai, M.",IEEE Transactions on Industrial Informatics,2025.0,https://doi.org/10.1109/TII.2025.3538109,,10.1109/tii.2025.3538109
豊田中央研究所,Quantum sensing with duplex qubits of silicon vacancy centers in SiC at room temperature,"Tahara, K., Tamura, S., Toyama, H., Nakane, J., Kutsuki, K., Yamazaki, Y., Ohshima, T.",npj Quantum Information,2025.0,https://doi.org/10.1038/s41534-025-01011-2,,10.1038/s41534-025-01011-2
豊田中央研究所,Effect of individual spinal muscle activities on upright posture using a human body finite element model,"Nakahira, Y., Iwamoto, M., Igawa, T., Ishii, K.",Scientific Reports,2025.0,https://doi.org/10.1038/s41598-025-86788-0,,10.1038/s41598-025-86788-0
豊田中央研究所,Travel Itinerary Recommendation Using Interaction-based Augmented Data,"Otaki, K., Baba, Y.",Expert Systems with Applications,2025.0,https://doi.org/10.1016/j.eswa.2024.126294,,10.1016/j.eswa.2024.126294
豊田中央研究所,"An Uncertainty-aware, Mesh-free Numerical Method for Kolmogorov PDEs","Inoue, D., Ito, Y., Kashiwabara, T., Saito, N., Yoshida, H.",Journal of Scientific Computing,2025.0,https://doi.org/10.1007/s10915-025-02846-9,,10.1007/s10915-025-02846-9
豊田中央研究所,A Comprehensive and Quantitative SEM?EDS Analytical Process Applied to Lithium-ion Battery Electrodes,"Kato, T., Goto, K., Niwa, T., Shimizu, T., Fujii, A., Okumura, B., Oka, H., Kadoura, H.",Scientific Reports,2025.0,https://doi.org/10.1038/s41598-025-89362-w,,10.1038/s41598-025-89362-w
豊田中央研究所,Progress in Experimental Methods Using Model Electrodes for the Development of Noble-metal-based Oxygen Electrocatalysts in Fuel Cells and Water Electrolyzers,"Kodama, K., Todoroki, N.",Small Methods,2025.0,https://doi.org/10.1002/smtd.202401851,,10.1002/smtd.202401851
豊田中央研究所,Visual-based Forklift Learning System Enabling Zero-shot Sim2Real without Real-world Data,"Oishi, K., Kato, T., Makino, H., Ito, S.",IEEE International Conference on Robotics and Automation,2025.0,,,
豊田中央研究所,Dynamic Operation of Two-stage CO2 Methanation Reactor: Start-up by H2 Combustion and Load Change by Independent Control of Heat-carrier Flow Rate,"Sayama, S., Yamamoto, S.",Renewable Energy,2025.0,https://doi.org/10.1016/j.renene.2025.122548,,10.1016/j.renene.2025.122548
豊田中央研究所,Electrochemical CO2 Fixation and Release Cycle Featuring a Trinuclear Zinc Complex for Direct Air Capture,"Murase, M., Sakamoto, N., Uyama, T., Nonaka, T., Ohashi, M., Sato, S., Arai, T., Itoh, T.",Angewandte Chemie International Edition,2025.0,https://doi.org/10.1002/anie.202420703,,10.1002/anie.202420703
豊田中央研究所,Recursive Quantum Relaxation for Combinatorial Optimization Problems,"Kondo, R., Sato, Y., Raymond, R., Yamamoto, N.",Quantum,2025.0,https://doi.org/10.22331/q-2025-01-15-1594,,10.22331/q-2025-01-15-1594
豊田中央研究所,Robust Vehicle State Estimation from Urban Driving to the Limits of Handling,"Mori, D., Kamekawa, M., Fujieda, N., Mizuno, Y.",IEEE Transactions on Intelligent Transportation Systems,2025.0,https://doi.org/10.1109/TITS.2024.3487117,,10.1109/tits.2024.3487117
豊田中央研究所,Preparation of Uniaxially Aligned Nanoporous Polymer Films via Photopolymerization Using Self-assembling Molecular Templates,"Mizoshita, N.",Chemistry of Materials,2025.0,https://doi.org/10.1021/acs.chemmater.4c03295,,10.1021/acs.chemmater.4c03295
豊田中央研究所,Self-rerouting Sensor Network for Electronic Skin Resilient to Severe Damage,"Ozaki, T., Ohta, N., Fujiyoshi, M.",Nature Communications,2025.0,https://doi.org/10.1038/s41467-025-56596-1,,10.1038/s41467-025-56596-1
豊田中央研究所,Absolute Standard Hydrogen Electrode Potential and Redox Potentials of Atoms and Molecules: Machine Learning Aided First Principles Calculations,"Jinnouchi, R., Karsai, F., Kresse, G.",Chemical Science,2025.0,https://doi.org/10.1039/D4SC03378G,,10.1039/d4sc03378g
豊田中央研究所,Stiff Deployable Structures via Coupling of Thick Miura-ori Tubes along Creases,"Tomita, S., Shimanuki, K., Umemoto, K., Kawamoto, A., Nomura, T., Tachi, T.",Mechanism and Machine Theory,2025.0,https://doi.org/10.1016/j.mechmachtheory.2024.105851,,10.1016/j.mechmachtheory.2024.105851
豊田中央研究所,Weighted Stochastic Riccati Equations for Generalization of Linear Optimal Control,"Ito, Y., Fujimoto, K., Tadokoro, Y.",Automatica,2025.0,https://doi.org/10.1016/j.automatica.2024.111901,,10.1016/j.automatica.2024.111901
豊田中央研究所,Molecular Simulations of Amine-based Organic Additives at a Steel Surface: Effect of the Internal Molecular Structure on Adsorption,"Bonnaud, PA., Moritani, H., Kinjo, T., Sato, N., Tohyama, M.",Tribology International,2025.0,https://doi.org/10.1016/j.triboint.2024.110258,,10.1016/j.triboint.2024.110258
豊田中央研究所,Effect of H/N Ratio Control in a Multibed Ammonia Synthesis System with Ru-based Catalysts,"Goto, Y., Kikugawa, M., Yamazaki, K., Matsumoto, H., Hamzah, AB., Ookawara, S., Manaka, Y., Nanba, T., Sato, A., Aoki, M.",International Journal of Hydrogen Energy,2024.0,https://doi.org/10.1016/j.ijhydene.2024.11.178,,10.1016/j.ijhydene.2024.11.178
豊田中央研究所,Effect of Support Morphology on the Ammonia Synthesis Activity of Ru/CeO2-based Catalysts,"Yamazaki, K., Goto, Y., Kikugawa, M., Sato, A., Manaka, Y., Nanba, T., Matsumoto, H., Ookawara, S.",International Journal of Hydrogen Energy,2024.0,https://doi.org/10.1016/j.ijhydene.2024.11.053,,10.1016/j.ijhydene.2024.11.053
豊田中央研究所,Life Cycle Assessment Integrating the Effects of Recycling and Reuse for Battery Circulation,"Kobayashi, T., Kondo, H., Sasaki, T.",Journal of Power Sources,2024.0,https://doi.org/10.1016/j.jpowsour.2024.235544,,10.1016/j.jpowsour.2024.235544
豊田中央研究所,Quantum Valley Hall Effect-based Topological Boundaries for Frequency-dependent and -independent Mode Energy Profiles,"Funayama, K., Yatsugi, K., Iizuka, H.",Communications Physics,2024.0,https://doi.org/10.1038/s42005-024-01899-w,,10.1038/s42005-024-01899-w
豊田中央研究所,AND/OR Graph Generation for Disassembly Analysis: Deeply-nested Subassemblies Represented by a Hypergraph,"Iwase, S.",International Journal of Production Research,2024.0,https://doi.org/10.1080/00207543.2024.2416560,,10.1080/00207543.2024.2416560
豊田中央研究所,Gas Adsorption Analysis for Quantifying the Edge Sites of Graphite,"Oka, H., Setoyama, N., Matsuhara, S.,",Carbon,2024.0,https://doi.org/10.1016/j.carbon.2024.119664,,10.1016/j.carbon.2024.119664
豊田中央研究所,Reduction of Cold-start Emissions from an Ammonia Mono-fueled Spark Ignition Engine,"Miyagawa, H., Suzuoki, T., Nakatani, N., Homma, T., Takeuchi, Y.",International Journal of Hydrogen Energy,2024.0,https://doi.org/10.1016/j.ijhydene.2024.10.062,,10.1016/j.ijhydene.2024.10.062
豊田中央研究所,MARPF: Multi-Agent and Multi-Rack Path Finding,"Makino, H., Ohama, Y., Ito, S.",IEEE/RSJ International Conference on Intelligent Robots and Systems,2024.0,https://doi.org/10.1109/IROS58592.2024.10803053,,10.1109/iros58592.2024.10803053
豊田中央研究所,Online Multi-Agent Pickup and Delivery with Task Deadlines,"Makino, H., Ito, S.",IEEE/RSJ International Conference on Intelligent Robots and Systems,2024.0,https://doi.org/10.1109/IROS58592.2024.10802597,,10.1109/iros58592.2024.10802597
豊田中央研究所,Impact of Local Water Uptake on Proton Conduction in Covalent Organic Framework Revealed by Machine-learning Potentials,"Minami, S., Kin, M., Takahashi, K., Sato, T., Jinnouchi, R.",Chemistry of Materials,2024.0,https://doi.org/10.1021/acs.chemmater.4c01351,,10.1021/acs.chemmater.4c01351
豊田中央研究所,CO2-to-CO Conversion with Over 10 % Efficiency Using Earth Abundant System in a Single-compartment Reactor with Oxygen Tolerant Mn Complex Catalyst,"Nishi, T., Sakamoto, N., Sekizawa, K., Morikawa, T., Sato, S.",ChemSusChem,2024.0,https://doi.org/10.1002/cssc.202401082,,10.1002/cssc.202401082
豊田中央研究所,Second Moment Polytopic Systems: Generalization of Uncertain Stochastic Linear Dynamics,"Ito, Y., Fujimoto, K.",IEEE Transactions on Automatic Control,2024.0,https://doi.org/10.1109/TAC.2024.3462532,,10.1109/tac.2024.3462532
豊田中央研究所,Fabric Soft Pneumatic Actuators with Programmable Turing Pattern Textures,"Tanaka, M., Song, Y., Nomura, T.",Scientific Reports,2024.0,https://doi.org/10.1038/s41598-024-69450-z,,10.1038/s41598-024-69450-z
豊田中央研究所,Construction of Antisymmetric Variational Quantum States with Real Space Representation,"Horiba, T., Shirai, S., Hirai, H.",Journal of Chemical Theory and Computation,2024.0,https://doi.org/10.1021/acs.jctc.4c00167,,10.1021/acs.jctc.4c00167
豊田中央研究所,Association of Olfactory and Cognitive Function Test Scores with Hippocampal and Amygdalar Grey Matter Volume: a Cross-sectional Study,"Sato, S., Imaeda, T., Mugikura, S., Mori, N., Takanashi, M., Hayakawa, K., Saito, T., Taira, M., Narita, A., Kogure, M., Chiba, I., Hatanaka, R., Nakaya, K., Kanno, I., Ishiwata, R., Nakamura, T., Motoike, IN., Nakaya, N., Koshiba, S., Kinoshita, K., Kuriyama, S., Ogishima, S., Nagami, F., Fuse, N., Hozawa, A.",Scientific Reports,2024.0,https://doi.org/10.1038/s41598-024-69726-4,,10.1038/s41598-024-69726-4
豊田中央研究所,Computational Synthesis of Locomotive Soft Robots by Topology Optimization,"Kobayashi, H., Gholami, F., Montgomery, SM., Tanaka, M., Yue, L., Yuhn, C., Sato, Y., Kawamoto, A., Qi, HJ., Nomura, T.",Science Advances,2024.0,https://doi.org/10.1126/sciadv.adn6129,,10.1126/sciadv.adn6129
豊田中央研究所,Estimation Method to Achieve Desired Mechanical Properties with Minimum Virgin Polymer in Plastics Recycling,"Inoue, Y., Okamoto, H.","Resources, Conservation and Recycling",2024.0,https://doi.org/10.1016/j.resconrec.2024.107856,,10.1016/j.resconrec.2024.107856
豊田中央研究所,Comprehensive Analysis of Wettability in Waterproofed Gas Diffusion Layers for Polymer Electrolyte Fuel Cells,"Yoshimune, W., Kato, A., Yamaguchi, S., Hibi, S., Kato, S.",ACS Applied Materials & Interfaces,2024.0,https://doi.org/10.1021/acsami.4c07867,,10.1021/acsami.4c07867
豊田中央研究所,Accuracy-preserving Calibration via Statistical Modeling on Probability Simplex,"Esaki, Y., Nakamura, A., Kawano, K., Tokuhisa R., Kutsuna, T.",International Conference on Artificial Intelligence and Statistics,2024.0,,,
豊田中央研究所,Takeoff of a 2.1g Fully Untethered Tailless Flapping-Wing Micro Aerial Vehicle with Integrated Battery,"Ozaki, T., Ohta, N., Jimbo, T., Hamaguchi, K.",IEEE International Conference on Robotics and Automation,2024.0,,,
豊田中央研究所,Language to Map: Topological Map Generation from Natural Language Path Instructions,"Deguchi, H., Shibata, K., Taguchi, S.",IEEE International Conference on Robotics and Automation,2024.0,,,
豊田中央研究所,Enhancement of Mechanical Properties of High-thermal-conductivity Composites Comprising Boron Nitride and Poly(methyl methacrylate) Resin through Material Design Utilizing Hansen Solubility Parameters,"Inagaki, Y., Murase, M., Tanaka, H., Nakamura, D.",ACS Applied Materials & Interfaces,2024.0,https://doi.org/10.1021/acsami.4c00626,,10.1021/acsami.4c00626
豊田中央研究所,Self-Assembled Molecular Fibers Aligned by Compression in Water,"Mizoshita, N., Yamada, Y., Masuoka, Y.",Small,2024.0,https://doi.org/10.1002/smll.202402570,,10.1002/smll.202402570
豊田中央研究所,Scalable Synthesis of Porous Silicon Electrodes for Lithium-ion Batteries via Acid Etching of Atomized Al-Si Alloy Powders,"Kawaura, H., Suzuki, R., Nagasako, N., Oh-ishi, K.",Journal of Power Sources,2024.0,https://doi.org/10.1016/j.jpowsour.2024.234739,,10.1016/j.jpowsour.2024.234739
豊田中央研究所,Machine Learning-aided First-principles Calculations of Redox Potentials,"Jinnouchi, R., Karsai, F., Kresse, G.",npj Computational Materials,2024.0,https://doi.org/10.1038/s41524-024-01295-6,,10.1038/s41524-024-01295-6
豊田中央研究所,Scale Separation of Shear-induced Criticality in Glasses,"Oyama, N., Kawasaki, T., Kim, K., Mizuno, H.",Physical Review Letters,2024.0,https://doi.org/10.1103/PhysRevLett.132.148201,,10.1103/physrevlett.132.148201
豊田中央研究所,Effects of Molecular Structure on the Grafting of Diaminobenzene Sulfonic Acid onto Graphene Oxide,"Fukaya, N., De Silva, KKH., Yoshimura, M., Hirai, H., Yoshida, H., Tanaka, H.",Carbon,2024.0,https://doi.org/10.1016/j.carbon.2024.119120,,10.1016/j.carbon.2024.119120
豊田中央研究所,Adhesion and Structure of Lubricant Films: Molecular Simulations of Amine-based Organic Additives in Base Oil at a Model of Steel Surface,"Bonnaud, PA., Moritani, H., Kinjo, T., Sato, N., Tohyama, M.",Tribology International,2024.0,https://doi.org/10.1016/j.triboint.2024.109449,,10.1016/j.triboint.2024.109449
豊田中央研究所,High-throughput Screening and Characterization of Novel Zeolitic Imidazolate Framework Gels,"Miyazaki, I., Masuoka, Y., Oh-Ishi, K., Setoyama, N., Umehara, M.",Journal of Materials Chemistry A,2024.0,https://doi.org/10.1039/D3TA06719J,,10.1039/d3ta06719j
豊田中央研究所,Dinuclear Cu(I) Molecular Electrocatalyst for CO2-to-C3 Product Conversion,"Sakamoto, N., Sekizawa, K., Shirai, S., Nonaka, T., Arai, T., Sato, S., Morikawa, T.",Nature Catalysis,2024.0,https://doi.org/10.1038/s41929-024-01147-y,,10.1038/s41929-024-01147-y
豊田中央研究所,Three-dimensional Electrode Characteristics and Size/Shape Flexibility of Coaxial-fibers Bundled Batteries,"Makimura, Y., Okuda, C., Munekata, T., Tsukigase, A., Oka, H., Saeki, T., Morimoto, R., Sasaki, M., Nakano, H., Itou, Y., Mizutani, M., Sasaki, T.",Energy & Environmental Science,2024.0,https://doi.org/10.1039/D4EE00283K,,10.1039/d4ee00283k
豊田中央研究所,Direct Capacity Regeneration for Spent Li-ion Batteries,"Ogihara, N., Nagaya, K., Yamaguchi, H., Kondo, Y., Yamada, Y., Horiba, T., Baba, T., Ohba, N., Komagata, S., Aoki, Y., Kondo, H., Sasaki, T., Okayama, S.",Joule,2024.0,https://doi.org/10.1016/j.joule.2024.02.010,,10.1016/j.joule.2024.02.010
豊田中央研究所,Polypropylene-rendered Antiviral by Three-dimensionally Surface-grafted Poly(N-benzyl-4-vinylpyridinium bromide),"Hirao, R., Takeuchi, H., Kawada, J., Ishida, N.",ACS Applied Materials & Interfaces,2024.0,https://doi.org/10.1021/acsami.3c15125,,10.1021/acsami.3c15125
豊田中央研究所,Synthesis of a Mesoporous SnO2 Catalyst Support and the Effect of Its Pore Size on the Performance of Polymer Electrolyte Fuel Cells,"Inaba, M., Murase, R., Takeshita, T., Yano, K., Kosaka, S., Takahashi, N., Isomura, N., Oh-ishi, K., Yoshimune, W., Tsuchiya, K., Nobukawa, T., Kodama, K.",ACS Applied Materials & Interfaces,2024.0,https://doi.org/10.1021/acsami.4c01794,,10.1021/acsami.4c01794
豊田中央研究所,Does BEV Always Help to Reduce CO2 Emission? Impact of Charging Strategy,"Kataoka, R., Ogimoto, K., Iwafune, Y., Nishi, T.",Transportation Research Part D: Transport and Environment,2024.0,https://doi.org/10.1016/j.trd.2024.104124,,10.1016/j.trd.2024.104124
豊田中央研究所,Facile Synthesis of Electrocatalytically Active Cu/Graphite Using the Negative Electrode of Spent Li-ion Batteries,"Itahara, H., Sakamoto, N., Takahashi, N., Kosaka, S., Takatani, Y.",Green Chemistry,2024.0,https://doi.org/10.1039/D3GC04472F,,10.1039/d3gc04472f
豊田中央研究所,Experimental Visualization of Water/Ice Phase Distribution at Cold Start for Practical-sized Polymer Electrolyte Fuel Cells,"Higuchi, Y., Yoshimune, W., Kato, S., Hibi, S., Setoyama, D., Isegawa, K., Matsumoto, Y., Hayashida, H., Nozaki, H., Harada, M., Fukaya, N., Suzuki, T., Shinohara, T., Nagai, Y.",Communications Engineering,2024.0,https://doi.org/10.1038/s44172-024-00176-6,,10.1038/s44172-024-00176-6
豊田中央研究所,Battery Deactivation with Redox Shuttles for Safe and Efficient Recycling,"Mikita, R., Suzumura, A., Kondo, H.",Scientific Reports,2024.0,https://doi.org/10.1038/s41598-024-53895-3,,10.1038/s41598-024-53895-3
豊田中央研究所,Migration of Binder and Conductive Agent during Drying Process of Li-ion Battery Cathodes,"Kumano, N., Yamaguchi, Y., Akimoto, Y., Ohshima, A., Nakamura, H., Yamamura, M.",Journal of Power Sources,2024.0,https://doi.org/10.1016/j.jpowsour.2023.233883,,10.1016/j.jpowsour.2023.233883
豊田中央研究所,Redox Reaction Mechanism of Graphite Fluoride (CF)n in Fluoride-ion Batteries,"Yaokawa, R., Mukai, K., Nonaka, T., Kosaka, S., Ogihara, N.",Chemistry of Materials,2023.0,https://doi.org/10.1021/acs.chemmater.3c02217,,10.1021/acs.chemmater.3c02217
豊田中央研究所,Selectable Diffusion Direction with Topologically Protected Edge Modes,"Funayama, K., Hirotani, J., Miura, A., Tanaka, H.",Communications Physics,2023.0,https://doi.org/10.1038/s42005-023-01490-9,,10.1038/s42005-023-01490-9
豊田中央研究所,Activation and Stabilization of Mn-Based Positive Electrode Materials by Doping Nonmetallic Elements,"Mahara, Y., Oka, H., Nonaka, T., Kosaka, S., Takahashi, NT., Kondo, Y., Makimura, Y.",Advanced Energy Materials,2023.0,https://doi.org/10.1002/aenm.202301843,,10.1002/aenm.202301843
豊田中央研究所,Enhanced Performance of Molecular Electrocatalysts for CO2 Reduction in a Flow Cell Following K+ Addition,"Sato, S., Sekizawa, K., Shirai, S., Sakamoto, N., Morikawa, T.",Science Advances,2023.0,https://doi.org/10.1126/sciadv.adh9986,,10.1126/sciadv.adh9986
豊田中央研究所,Solid-state Optical Scanning Device Using a Beam Combiner and Switch Array,"Inoue, D., Ichikawa, T., Shimogaki, T., Matsubara, H., Kawasaki, A., Yamashita, T.",Optica,2023.0,https://doi.org/10.1364/OPTICA.498402,,10.1364/optica.498402
豊田中央研究所,Enhanced Robot Navigation with Human Geometric Instruction,"Deguchi, H., Taguchi, S., Shibata, K., Koide, S.",IEEE/RSJ International Conference on Intelligent Robots and Systems,2023.0,https://doi.org/10.1109/IROS55552.2023.10342107,,10.1109/iros55552.2023.10342107
豊田中央研究所,Construction of an Autocatalytic Reaction Cycle in Neutral Medium for Synthesis of Life-sustaining Sugars,"Tabata, H., Chikatani, G., Nishijima, H., Harada, T., Miyake, R., Kato, S., Igarashi, K., Mukouyama, Y., Shirai, S., Waki, M., Hase, Y., Nakanishi, S.",Chemical Science,2023.0,https://doi.org/10.1039/D3SC03377E,,10.1039/d3sc03377e
豊田中央研究所,Operando Li Metal Plating Diagnostics via MHz Band Electromagnetics,"Ishigaki, M., Ishikawa, K., Usuki, T., Kondo, H., Komagata, S., Sasaki, T.",Nature Communications,2023.0,https://doi.org/10.1038/s41467-023-43138-w,,10.1038/s41467-023-43138-w
豊田中央研究所,Highly Selective CO2 Electrolysis in Aqueous Media by a Water-soluble Cobalt Dimethyl-bipyridine Complex,"Suzuki, TM., Nagatsuka, K., Nonaka, T., Yamaguchi, Y., Sakamoto, N., Uyama, T., Sekizawa, K., Kudo, A., Morikawa, T.",Chemical Communications,2023.0,https://doi.org/10.1039/D3CC03940D,,10.1039/d3cc03940d
豊田中央研究所,Effects of Dry Powder Mixing on Electrochemical Performance of Lithium-ion Battery Electrode Using Solvent-free Dry Forming Process,"Yonaga, A., Kawauchi, S., Mori, Y., Xuanchen, L., Ishikawa, S., Nunoshita, K., Inoue, G., Matsunaga, T.",Journal of Power Sources,2023.0,https://doi.org/10.1016/j.jpowsour.2023.233466,,10.1016/j.jpowsour.2023.233466
豊田中央研究所,Equation Elucidating the Catalyst-layer Proton Conductivity in a Polymer Electrolyte Fuel Cell Based on the Ionomer Distribution Determined Using Small-angle Neutron Scattering,"Harada, M., Kadoura, H., Takata, S., Iwase, H., Kajiya, S., Suzuki, T., Hasegawa, N.,  Shinohara, A., Kato, S.",ACS Applied Materials & Interfaces,2023.0,https://doi.org/10.1021/acsami.3c08432,,10.1021/acsami.3c08432
豊田中央研究所,The Role of Phosphate Functionalization on the Oxygen Evolution Reaction Activity of Cobalt-based Oxides at Different pH Values,"Yoshimune, W., Falqueto, JB., Clark, AH., Yüzbasi, NS., Graule, T., Baster, D., El Kazzi, M., Schmidt, TJ., Fabbri, E.",Small Structures,2023.0,https://doi.org/10.1002/sstr.202300106,,10.1002/sstr.202300106
豊田中央研究所,Reversible CO2 Fixation and Release by a Trinuclear Zn(II) Cryptate Complex and Operando Analysis of the Complex Structure,"Murase, M., Maegawa, Y., Ohashi, M., Goto, Y., Sakamoto, N., Nonaka, T., Uyama, T., Arai, T.",ChemSusChem,2023.0,https://doi.org/10.1002/cssc.202300679,,10.1002/cssc.202300679
豊田中央研究所,Creation of Crystal Structure Reproducing X-ray Diffraction Pattern without Using Database,"Lee, J., Oba, J., Ohba, N., Kajita, S.",npj Computational Materials,2023.0,https://doi.org/10.1038/s41524-023-01096-3,,10.1038/s41524-023-01096-3
豊田中央研究所,Transition of Deformation Modes from Bending to Auxetic Compression in Origami-based Metamaterials for Head Protection from Impact,"Tomita, S., Shimanuki, K., Oyama, S., Nishigaki, H., Nakagawa, T., Tsutui, M., Emura, Y., Chino, M., Tanaka, H., Itou, Y., Umemoto, K.",Scientific Reports,2023.0,https://doi.org/10.1038/s41598-023-39200-8,,10.1038/s41598-023-39200-8
豊田中央研究所,3D Water Management in Polymer Electrolyte Fuel Cells toward Fuel Cell Electric Vehicles,"Yoshimune, W., Higuchi, Y., Kato, A., Hibi, S., Yamaguchi, S., Matsumoto, Y., Hayashida, H., Nozaki, H., Shinohara, T., Kato, S.",ACS Energy Letters,2023.0,https://doi.org/10.1021/acsenergylett.3c01096,,10.1021/acsenergylett.3c01096
豊田中央研究所,Scalable Synthesis of Porous Silicon by Acid Etching of Atomized Al-Si Alloy Powder for Lithium-ion Batteries,"Kawaura, H., Suzuki, R., Kondo, Y., Mahara, Y.",ACS Applied Materials & Interfaces,2023.0,https://doi.org/10.1021/acsami.3c05521,,10.1021/acsami.3c05521
豊田中央研究所,Globally Optimal Assignment Algorithm for Collective Object Transport Using Air-ground Multirobot Teams,"Miyano, T., Romberg, J., Egerstedt, M.",IEEE Transactions on Control Systems Technology,2023.0,https://doi.org/10.1109/TCST.2023.3291880,,10.1109/tcst.2023.3291880
豊田中央研究所,Accelerating Anhydrous Proton Conduction via Anion Rotation and Hydrogen Bond Recombination: A Machine-learning Molecular Dynamics,"Minami, S., Jinnouchi, R.",Journal of Materials Chemistry A,2023.0,https://doi.org/10.1039/D3TA03164K,,10.1039/d3ta03164k
豊田中央研究所,Construction of a Reduced-order Model Based on Tensor Decomposition and its Application to Airbag Deployment Simulations,"Sasagawa, T., Tanaka, M.",Scientific Reports,2023.0,https://doi.org/10.1038/s41598-023-38393-2,,10.1038/s41598-023-38393-2
豊田中央研究所,Quantification of Side Reactions in Lithium-ion Batteries during Overcharging at Elevated Temperatures,"Oka, H., Nonaka, T., Kondo, Y., Makimura, Y.",Journal of Power Sources,2023.0,https://doi.org/10.1016/j.jpowsour.2023.233387,,10.1016/j.jpowsour.2023.233387
豊田中央研究所,4D Topology Optimization: Integrated Optimization of the Structure and Self-actuation of Soft Bodies for Dynamic Motions,"Yuhn, C., Sato, Y., Kobayashi, H., Kawamoto, A., Nomura, T.",Computer Methods in Applied Mechanics and Engineering,2023.0,https://doi.org/10.1016/j.cma.2023.116187,,10.1016/j.cma.2023.116187
豊田中央研究所,Improving the Adsorption Strength of Amine-based Organic Additives for Reducing Wear,"Bonnaud, PA., Moritani, H., Kinjo, T., Sato, N., Tohyama, M.",Tribology International,2023.0,https://doi.org/10.1016/j.triboint.2023.108675,,10.1016/j.triboint.2023.108675
豊田中央研究所,Deep Generative Model Super-resolves Spatially Correlated Multiregional Climate Data,"Oyama, N., Ishizaki, N., Koide, S., Yoshida, H.",Scientific Reports,2023.0,https://doi.org/10.1038/s41598-023-32947-0,,10.1038/s41598-023-32947-0
豊田中央研究所,Respiratory Entrainment of the Locus Coeruleus Modulates Arousal Level to Avoid Physical Risks from External Vibration,"Iwamoto, M., Yonekura, S., Atsumi, N., Hirabayashi, S., Kanazawa, H., Kuniyoshi, Y.",Scientific Reports,2023.0,https://doi.org/10.1038/s41598-023-32995-6,,10.1038/s41598-023-32995-6
豊田中央研究所,The Neural Substrates Responsible for Food Odor Processing: an Activation Likelihood Estimation Meta-analysis,"Oka, N., Iwai, K., Sakai, H.",Frontiers in Neuroscience,2023.0,https://doi.org/10.3389/fnins.2023.1191617,,10.3389/fnins.2023.1191617
豊田中央研究所,Low-energy-consumption CO2 Recovery by Combining H2 Sweeping and Methanation with the Conventional VTSA Approach,"Kunitomi, S., Ogasawara, K., Narita, H., Yamamoto, S.",Journal of CO2 Utilization,2023.0,ttps://doi.org/10.1016/j.jcou.2023.102482,,10.1016/j.jcou.2023.102482
豊田中央研究所,Higher-order Topological Corner State in a Reconfigurable Breathing Kagome Lattice Consisting of Magnetically Coupled LC Resonators,"Yatsugi, K., Pandarakone, SE., Iizuka H.",Scientific Reports,2023.0,https://doi.org/10.1038/s41598-023-35509-6,,10.1038/s41598-023-35509-6
豊田中央研究所,Scalable Thermochromic Composite Based on a Ternary Polymer Blend for Temperature-adaptive Solar Heat Management,"Hirai, T., Kugimoto, K., Oyama, S., Takeda, Y.",ACS Applied Materials & Interfaces,2023.0,https://doi.org/10.1021/acsami.3c00397,,10.1021/acsami.3c00397
豊田中央研究所,Data-driven Optimization of 3D Battery Design,"Miyamoto, K., Broderick, SR., Rajan, K.",Journal of Power Sources,2023.0,https://doi.org/10.1016/j.jpowsour.2022.231473,,10.1016/j.jpowsour.2022.231473
豊田中央研究所,Effect of Varying Stiffness and Functionalization on the Interfacial Failure Behavior of Isotactic Polypropylene on Hydroxylated γ-Al2O3 by MD Simulation,"Suganuma, Y., Elliott, JA.",ACS Applied Materials & Interfaces,2023.0,https://doi.org/10.1021/acsami.2c19593,,10.1021/acsami.2c19593
豊田中央研究所,Turing Pattern-based Design and Fabrication of Inflatable Shape-morphing Structures,"Tanaka, M., Montgomery, SM., Yue, L., Wei, Y., Song, Y., Nomura, T., Qi, HJ.",Science Advances,2023.0,https://doi.org/10.1126/sciadv.ade4381,,10.1126/sciadv.ade4381
豊田中央研究所,Sintering Metal-organic Framework Gels for Application as Structural Adhesives,"Miyazaki, I., Masuoka, Y., Ohshima, A., Takahashi, N., Suzumura, A., Moribe, S., Takao, H., Umehara, M.",Small,2023.0,https://doi.org/10.1002/smll.202300298,,10.1002/smll.202300298
豊田中央研究所,Heterogeneous Intercalated Metal-organic Framework Active Materials for Fast-charging Non-aqueous Li-ion Capacitors,"Ogihara, N., Hasegawa, M., Kumagai, H., Mikita, R., Nagasako, N.",Nature Communications,2023.0,https://doi.org/10.1038/s41467-023-37120-9,,10.1038/s41467-023-37120-9
豊田中央研究所,Durability and Surface Oxidation States of Antiviral Nano-columnar Copper Thin Films,"Shigetoh, K., Hirao, R., Ishida, N.",ACS Applied Materials & Interfaces,2023.0,https://doi.org/10.1021/acsami.3c01400,,10.1021/acsami.3c01400
豊田中央研究所,Demonstration of 12 Years Outdoor Working of Highly Durable Dye-sensitized Solar Cell Modules Employing Hydrophobic Surface Passivation and Suppression of Biased Distribution of Iodine Ions,"Kato, N., Tanaka, H., Takeda, Y., Higuchi, K., Nakajima, J.",ACS Sustainable Chemistry & Engineering,2023.0,https://doi.org/10.1021/acssuschemeng.2c06665,,10.1021/acssuschemeng.2c06665
豊田中央研究所,Stochastic Optimal Linear Control for Generalized Cost Functions With Time-Invariant Stochastic Parameters,"Ito, Y., Fujimoto, K., Tadokoro, Y.",IEEE Transactions on Cybernetics,2023.0,https://doi.org/10.1109/TCYB.2023.3252673,,10.1109/tcyb.2023.3252673
豊田中央研究所,Investigation of Gas Transport Resistance in Fuel Cell Catalyst Layers via Hydrogen Limiting Current Measurements of CO-covered Catalyst Surfaces,"Shinozaki, K., Kajiya, S., Yamakawa, S., Hasegawa, N., Suzuki, T., Shibata, M., Jinnouchi, R.",Journal of Power Sources,2023.0,https://doi.org/10.1016/j.jpowsour.2023.232909,,10.1016/j.jpowsour.2023.232909
豊田中央研究所,Modeling the Impact of E-hailing Services on Regional Public Transit Considering Transit-dependent People,"Hayakawa, K., Chikaraishi, M.",Transportation Research Part B: Methodological,2023.0,https://doi.org/10.1016/j.trb.2023.02.009,,10.1016/j.trb.2023.02.009
豊田中央研究所,Anomalous Behavior of Liquid Molecules Near Solid Nanoparticles: Novel Interpretation on Thermal Conductivity Enhancement in Nanofluids,"Hashimoto, S., Yamaguchi, S., Harada, M., Nakajima, K., Kikuchi, T., Ohishi, K.",Journal of Colloid and Interface Science,2023.0,https://doi.org/10.1016/j.jcis.2023.01.101,,10.1016/j.jcis.2023.01.101
豊田中央研究所,NH3 Decomposition over Ru/CeO2-PrOx Catalyst under High Space Velocity Conditions for an On-site H2 Fueling Station,"Yamazaki, K., Matsumoto, M., Ishikawa, M., Sato, A.",Applied Catalysis B: Environmental,2023.0,https://doi.org/10.1016/j.apcatb.2022.122352,,10.1016/j.apcatb.2022.122352
豊田中央研究所,Origami-inspired Metamaterials with Switchable Energy Absorption Based on Bifurcated Motions of a Tachi-Miura Polyhedron,"Tomita, S., Shimanuki, K., Nishigaki, H., Oyama, S., Sasagawa, T., Murai, D., Umemoto, K.",Materials & Design,2023.0,https://doi.org/10.1016/j.matdes.2022.111497,,10.1016/j.matdes.2022.111497
豊田中央研究所,Impact of Ridehailing Platforms’ Strategic Partnership with Charging Station Operators on Consumer Surplus and Electric Vehicle Driver Surplus,"Kataoka, R., Hidaka, K.",Transportation Research Board Annual Meeting,2023.0,,,
豊田中央研究所,Ultralight Conductive IrO2 Nanostructured Textile Enables Highly Efficient Hydrogen and Oxygen Evolution Reaction: Importance of Catalyst Layer Sheet Resistance,"Higashi, S., Beniya, A.",Applied Catalysis B: Environmental,2023.0,https://doi.org/10.1016/j.apcatb.2022.122030,,10.1016/j.apcatb.2022.122030
豊田中央研究所,X-ray Absorption Spectroscopy without the Self-absorption Effect by Detecting L-line Fluorescence at the K-edge,"Isomura, N., Kosaka, S., Takahashi, N.",Applied Surface Science,2023.0,https://doi.org/10.1016/j.apsusc.2022.155198,,10.1016/j.apsusc.2022.155198
豊田中央研究所,Spatio-temporal Graph Localization Networks for Image-based Navigation,"Niwa, T., Taguchi, S., Hirose, N.",IEEE/RSJ International Conference on Intelligent Robots and Systems,2022.0,https://doi.org/10.1109/IROS47612.2022.9981958,,10.1109/iros47612.2022.9981958
豊田中央研究所,Unsupervised Simultaneous Learning for Camera Re-localization and Depth Estimation from Video,"Taguchi, S., Hirose, N.",IEEE/RSJ International Conference on Intelligent Robots and Systems,2022.0,https://doi.org/10.1109/IROS47612.2022.9982213,,10.1109/iros47612.2022.9982213
豊田中央研究所,Interfacial Distribution of Nafion Ionomer Thin Films on Nitrogen-modified Carbon Surfaces,"Yoshimune, W., Kikkawa, N., Yoneyama, H., Takahashi, N., Minami, S., Akimoto, Y., Mitsuoka T., Kawaura, H., Harada, M., Yamada, NL, Aoki, H.",ACS Applied Materials & Interfaces,2022.0,https://doi.org/10.1021/acsami.2c14574,,10.1021/acsami.2c14574
豊田中央研究所,Sustaining Self-restraint Until the Middle of the COVID-19 Pandemic in Tokyo,"Ishii, Y., Hayakawa, K., Chikaraishi, M.",Scientific Reports,2022.0,https://doi.org/10.1038/s41598-022-25489-4,,10.1038/s41598-022-25489-4
豊田中央研究所,Unveiling Scale Differences in the Two-phase Transformation of Li4Ti5O12 via Operando X-ray Absorption and Diffraction Studies,"Mukai, K., Nonaka, T., Uyama, T.",Energy Storage Materials,2022.0,https://doi.org/10.1016/j.ensm.2021.11.013,,10.1016/j.ensm.2021.11.013
豊田中央研究所,Computationally Efficient Quantum Expectation with Extended Bell Measurements,"Kondo, R., Sato, Y., Koide, S., Kajita, S., Takamatsu, H.",Quantum,2022.0,https://doi.org/10.22331/q-2022-04-13-688,,10.22331/q-2022-04-13-688
豊田中央研究所,Effects of Lithium Bis(oxalate)borate Electrolyte Additive on the Formation of a Solid Electrolyte Interphase on Amorphous Carbon Electrodes by Operando Time-slicing Neutron Reflectometry,"Kawaura, H., Harada, M., Kondo, Y., Mizutani, M., Takahashi, N., Yamada, NL.",ACS Applied Materials & Interfaces,2022.0,https://doi.org/10.1021/acsami.2c06471,,10.1021/acsami.2c06471
豊田中央研究所,"How Fluorine Introduction Solves the Spinel Transition, a Fundamental Problem of Mn-based Positive Electrodes","Mahara, Y., Nagasako, N., Oka, H., Kondo, Y., Kosaka, S., Nakano, H., Nonaka, T., Makimura, Y.",ACS Applied Materials & Interfaces,2022.0,https://doi.org/10.1021/acsami.2c02868,,10.1021/acsami.2c02868
豊田中央研究所,Visualizing Invisible Phase Transitions in Blue Phase Liquid Crystals Using Early Warning Indicators,"Matsui, T., Matsumori, T., Ito, Y., Hase, Y., Yoshida, H.",Small,2022.0,https://doi.org/10.1002/smll.202200113,,10.1002/smll.202200113
豊田中央研究所,In Situ Small-angle Neutron Scattering Analysis of Water Evaporation from Porous Exhaust-gas-catalyst Supports,"Yoshimune, W., Kato, S., Harada, M.",ACS Applied Materials & Interfaces,2022.0,https://doi.org/10.1021/acsami.2c01594,,10.1021/acsami.2c01594
豊田中央研究所,"Photocatalytic CO2 Reduction by a Z-scheme Mechanism in an Aqueous Suspension of Particulate (CuGa)0.3Zn1.4S2, BiVO4 and a Co Complex Operating Dual-functionally as an Electron Mediator and as a Cocatalyst","Suzuki, TM., Yoshino, S., Sekizawa, K., Yamaguchi, Y., Kudo, A., Morikawa, T.",Applied Catalysis B: Environmental,2022.0,https://doi.org/10.1016/j.apcatb.2022.121600,,10.1016/j.apcatb.2022.121600
豊田中央研究所,Finding a Novel Electrolyte Solution of Lithium-ion Batteries Using an Autonomous Search System Based on Ensemble Optimization,"Suzumura, A., Ohno, H., Kikkawa, N., Takechi, K.",Journal of Power Sources,2022.0,https://doi.org/10.1016/j.jpowsour.2022.231698,,10.1016/j.jpowsour.2022.231698
豊田中央研究所,Cooperative Transportation using Multiple Single-rotor Robots and Decentralized Control for Unknown Payloads,"Oishi, K., Amano, Y., Jimbo, T.",IEEE International Conference on Robotics and Automation,2022.0,https://doi.org/10.1109/ICRA46639.2022.9811768,,10.1109/icra46639.2022.9811768
豊田中央研究所,Observation of Bulk-edge Correspondence in Topological Pumping Based on a Tunable Electric Circuit,"Yatsugi, K., Yoshida, T., Mizoguchi, T., Kuno, Y., Iizuka, H., Tadokoro, Y., Hatsugai, Y.",Communications Physics,2022.0,https://doi.org/10.1038/s42005-022-00957-5,,10.1038/s42005-022-00957-5
豊田中央研究所,Ex-DoF: Expansion of Action Degree-of-Freedom with Virtual Camera Rotation for Omnidirectional Image,"Tahara, K., Hirose, N.",IEEE International Conference on Robotics and Automation,2022.0,https://doi.org/10.1109/ICRA46639.2022.9812301,,10.1109/icra46639.2022.9812301
豊田中央研究所,Effect of Amorphous Carbon Coating on the Formation of Solid Electrolyte Interphase and Electrochemical Properties of a Graphite Electrode,"Oka, H., Kadoura, H., Takahashi, NT., Ikawa, T.",Journal of Power Sources,2022.0,https://doi.org/10.1016/j.jpowsour.2022.231850,,10.1016/j.jpowsour.2022.231850
豊田中央研究所,Wirelessly Powered 3D Printed Hierarchical Biohybrid Robots with Multiscale Mechanical Properties,"Tetsuka, H., Pirrami, L., Wang, T., Demarchi, D., Shin, SR.",Advanced Functional Materials,2022.0,https://doi.org/10.1002/adfm.202202674,,10.1002/adfm.202202674
豊田中央研究所,Rapid Solar Heating of Antimicrobial Ag and Cu2O Nanostructured Plasmonic Textile for Clean Water Production,"Higashi, S., Matsui, T., Beniya, A.",ACS Applied Materials & Interfaces,2022.0,https://doi.org/10.1021/acsami.2c09298,,10.1021/acsami.2c09298
豊田中央研究所,A Polynomial-time Decentralised Algorithm for Coordinated Management of Multiple Intersections,"Iwase, T., Stein, S., Gerding, EH., Chapman, A.",Thirty-first International Joint Conference on Artificial Intelligence,2022.0,https://doi.org/10.24963/ijcai.2022/534,,10.24963/ijcai.2022/534
豊田中央研究所,A 6-kW Thermally Self-sustained Two-stage CO2 Methanation Reactor: Design and Experimental Evaluation of Steady-state Performance Under Full-load Conditions,"Sayama, S., Yamamoto, S.",Applied Energy,2022.0,https://doi.org/10.1016/j.apenergy.2022.119773,,10.1016/j.apenergy.2022.119773
豊田中央研究所,Elastic Metamaterial Composite Made of Molded Pulp and Steel for Suppression of Low-frequency Vibration in Thin-plate Structures,"Tomita, S., Nakano, S., Segi, M., Nishimura, T.",Materials & Design,2022.0,https://doi.org/10.1016/j.matdes.2022.111200,,10.1016/j.matdes.2022.111200
豊田中央研究所,Improved Kinetics in Spinel-related 5 V Positive Electrode Materials by Changing Lithium Insertion Schemes for Lithium-ion Batteries,"Makimura, Y., Niitani, K., Goto, I., Tsujiko, A., Oka, H., Nonaka, T., Abe, T.",ACS Applied Energy Materials,2022.0,https://doi.org/10.1021/acsaem.2c01721,,10.1021/acsaem.2c01721
豊田中央研究所,High Density Automated Valet Parking via Multi-agent Path Finding,"Okoso, A., Otaki, K., Koide, S., Nishi, T.",IEEE International Conference on Intelligent Transportation Systems,2022.0,https://doi.org/10.1109/ITSC55140.2022.9922035,,10.1109/itsc55140.2022.9922035
豊田中央研究所,Road Network Generation with City Block Attributes Using Link Attribute Aggregation,"Owaki, T., Machida, T.",IEEE International Conference on Intelligent Transportation Systems,2022.0,https://doi.org/10.1109/ITSC55140.2022.9921784,,10.1109/itsc55140.2022.9921784
豊田中央研究所,Visualization of Estimated Prevalence of CES-D Positivity Accounting for Background Factors and AIS Scores,"Matsuyama, T., Narita, A., Takanashi, M., Kogure, M., Sato, S., Nakamura, T., Nakane, H., Ogishima, S., Nagami, F., Nakaya, N., Tanno, K., Imaeda, T., Hozawa, A.",Scientific Reports,2022.0,https://doi.org/10.1038/s41598-022-22266-1,,10.1038/s41598-022-22266-1
豊田中央研究所,Insight for Designing Mass-efficient Metal-oxide-supported Heterogeneous Catalyst from the Identification of the Catalytically Active Edge Sites Using Isotopically Labeled 13CO and 18O2,"Beniya, A., Miwa, K., Hirata, H., Watanabe, Y., Higashi, S.",ACS Catalysis,2022.0,https://doi.org/10.1021/acscatal.1c03948,,10.1021/acscatal.1c03948
豊田中央研究所,Solar-Driven CO2 Reduction Using a Semiconductor/Molecule Hybrid Photosystem: From Photocatalysts to a Monolithic Artificial Leaf,"Morikawa, T., Sato, S., Sekizawa, K., Suzuki, TM., Arai, T.",Accounts of Chemical Research,2022.0,https://doi.org/10.1021/acs.accounts.1c00564,,10.1021/acs.accounts.1c00564
豊田中央研究所,Solar Fuel Production from CO2 Using a 1 m-Square-Sized Reactor with a Solar-to-Formate Conversion Efficiency of 10.5%,"Kato, N., Takeda, Y., Kawai, Y., Nojiri, N., Shiozawa, M., Mizuno, S., Yamanaka, K., Morikawa, T., Hamaguchi, T.",ACS Sustainable Chemistry & Engineering,2021.0,https://doi.org/10.1021/acssuschemeng.1c06390,,10.1021/acssuschemeng.1c06390
豊田中央研究所,Carbon Nanotube-based Nanomechanical Receiver for Digital Data Transfer,"Funayama, K.,  Tanaka, H., Hirotani, J., Shimaoka, K., Ohno, Y., Tadokoro, Y.",ACS Applied Nano Materials,2021.0,https://doi.org/10.1021/acsanm.1c02563,,10.1021/acsanm.1c02563
豊田中央研究所,Polarization Splitting Grating Coupler for Optical Antenna of LiDARs Consisting of Two Gratings Coupling Light in a Perfectly Vertical Direction,"Shimogaki, T., Fukushima, H., Inoue, D., Ichikawa, T., Yamashita, T.",IEEE Photonics Journal,2021.0,https://doi.org/10.1109/JPHOT.2021.3079933,,10.1109/jphot.2021.3079933
豊田中央研究所,Improvements in Perpendicular Reverse Parking by Directing Drivers' Preliminary Behavior,"Ohama, Y., Tanaka, K., Yasuda, H., Obata, K., Fukumura, N.",IEEE Access,2021.0,https://doi.org/10.1109/ACCESS.2021.3091757,,10.1109/access.2021.3091757
豊田中央研究所,PLG-IN: Pluggable Geometric Consistency Loss with Wasserstein Distance in Monocular Depth Estimation,"Hirose, N., Koide, S., Kawano, K., Kondo, R.",IEEE International Conference on Robotics and Automation,2021.0,https://doi.org/10.1109/ICRA48506.2021.9560776,,10.1109/icra48506.2021.9560776
豊田中央研究所,Deep Reinforcement Learning of Event-triggered Communication and Control for Multi-agent Cooperative Transport,"Shibata, K., Jimbo, T., Matsubara, T.",IEEE International Conference on Robotics and Automation,2021.0,https://doi.org/10.1109/ICRA48506.2021.9561274,,10.1109/icra48506.2021.9561274
豊田中央研究所,Design of an Isolated Bidirectional DC-DC Converter with Built-in Filters for High Power Density,"Inoue, S., Ishigaki, M., Takahashi, A., Sugiyama, T.",IEEE Transactions on Power Electronics,2021.0,https://doi.org/10.1109/TPEL.2020.3003618,,10.1109/tpel.2020.3003618
豊田中央研究所,Dependence of Short-circuit Withstand Capability of SiC MOSFETs on Short-circuit Failure Time,"Shoji, T., Kuwahara, M., Usui, M.",IEEE Transactions on Power Electronics,2021.0,https://doi.org/10.1109/TPEL.2021.3073991,,10.1109/tpel.2021.3073991
豊田中央研究所,Fabrication and Evaluation of Magnetically Coupled EMI Filter Designed with Topology Optimization,"Takahashi, A., Nomura, K., Kojima, T., Nomura, T.",IEEE Transactions on Power Electronics,2021.0,https://doi.org/10.1109/TPEL.2021.3081121,,10.1109/tpel.2021.3081121
豊田中央研究所,Ringing Suppression of SiC MOSFET Using a Strongly Coupled External Resonator through Analogy with Passive PT-symmetry,"Yatsugi, K., Oishi, K., Iizuka, H.",IEEE Transactions on Power Electronics,2021.0,https://doi.org/10.1109/TPEL.2020.3013399,,10.1109/tpel.2020.3013399
豊田中央研究所,Appearance of the 4V Signal without Transformation to Spinel-related Oxides from Loose-crystalline Rock-salt LiMnO2,"Mahara, Y., Makimura, Y., Oka, H., Nakano, H., Tajima, S., Nonaka , T., Sasaki, T.",Journal of Power Sources,2021.0,https://doi.org/10.1016/j.jpowsour.2021.229788,,10.1016/j.jpowsour.2021.229788
豊田中央研究所,Fluoride-ion Shuttle Battey with High Volumetric Energy Density,"Nakano, H., Matsunaga, T., Mori, T., Nakanishi, K., Morita, Y., Ide, K., Okazaki, K., Orikasa, Y., Minato, T., Yamamoto, K., Ogumi, Z., Uchimoto, Y.",Chemistry of Materials,2021.0,https://doi.org/10.1021/acs.chemmater.0c04570,,10.1021/acs.chemmater.0c04570
豊田中央研究所,Low-resistance Mechanism of Nanoflake Crystalline Aromatic Dicarboxylates with Selective Defects for Safe and Fast Charging Negative Electrodes,"Ogihara, N., Hasegawa, M., Kumagai, H., Nozaki, H.",ACS Nano,2021.0,https://doi.org/10.1021/acsnano.0c08290,,10.1021/acsnano.0c08290
豊田中央研究所,Spontaneous Formation of a Core-shell Structure by a Lithium Ion Conductive Garnet-type Oxide Electrolyte for Co-sintering with the Cathode,"Ohta, S., Kihira, Y., Asaoka, T.",Journal of Materials Chemistry A,2021.0,https://doi.org/10.1039/D0TA10215F,,10.1039/d0ta10215f
豊田中央研究所,Changes in the Stage Structure of Li-intercalated Graphite Electrode at Elevated Temperatures,"Oka, H., Makimura, Y., Uyama, T., Nonaka, T., Kondo, Y., Okuda, C.",Journal of Power Sources,2021.0,https://doi.org/10.1016/j.jpowsour.2020.228926,,10.1016/j.jpowsour.2020.228926
豊田中央研究所,Continuous Decomposition of Cobalt Oxides by Lodine-trimethyl Phosphate Complex during Electrochemical Charge toward Cobalt Recovery,"Shiga, T., Kondo, H., Kato, Y.",ACS Sustainable Chemistry & Engineering,2021.0,https://doi.org/10.1021/acssuschemeng.1c01151,,10.1021/acssuschemeng.1c01151
豊田中央研究所,Nondestructive Measurement Method for Binder Content and Performance of Lithium-ion Battery Based on Electrode Deflection under Bending Deformation,"Yamaguchi, Y., Sato, Y., Kumano, N., Nakano, H.",Journal of Power Sources,2021.0,https://doi.org/10.1016/j.jpowsour.2021.229800,,10.1016/j.jpowsour.2021.229800
豊田中央研究所,Complexation of Conductive Agents to Cathode Active Materials of Lithium-ion Batteries Using Poly-ion Complex Formation Reaction,"Yonekura, H., Akimoto, Y., Nakamura, H.",ACS Applied Energy Materials,2021.0,https://doi.org/10.1021/acsaem.0c02971,,10.1021/acsaem.0c02971
豊田中央研究所,Eliminating the Need for Craftsmanship: Facile and Precise Determination of Oxygen Reduction Reaction Activity by Spraying Catalyst Ink on Rotating Disk Electrode,"Inaba, M., Kamitaka, Y., Kodama, K.",Journal of Electroanalytical Chemistry,2021.0,https://doi.org/10.1016/j.jelechem.2021.115115,,10.1016/j.jelechem.2021.115115
豊田中央研究所,The Role of Oxygen-permeable Ionomer for Polymer Electrolyte Fuel Cells,"Jinnouchi, R., Kudo, K., Kodama, K., Kitano, N., Suzuki, T., Minami, S., Shinozaki, K., Hasegawa, N., Shinohara, A.",Nature Communications,2021.0,https://doi.org/10.1038/s41467-021-25301-3,,10.1038/s41467-021-25301-3
豊田中央研究所,Challenges in Applying Highly Active Pt-based Nanostructured Catalysts for Oxygen Reduction Reaction to Fuel Cell Vehicles,"Kodama, K., Nagai, T., Kuwaki, A., Jinnouchi, R., Morimoto, Y.",Nature Nanotechnology,2021.0,https://doi.org/10.1038/s41565-020-00824-w,,10.1038/s41565-020-00824-w
豊田中央研究所,Effects of the Composition and the Particle Size of Octahedral Pt-Ni Nanoparticles on Their Durability,"Nagai, T., Kodama, K.",Journal of the Electrochemical Society,2021.0,https://doi.org/10.1149/1945-7111/abe34b,,10.1149/1945-7111/abe34b
豊田中央研究所,Managing the Pore Morphologies of Microporous Layers for Polymer Electrolyte Fuel Cells with a Solvent-free Coating Technique,"Yoshimune, W., Kato, S., Yamaguchi, S., Akimoto, Y., Koiwai, A., Nakamura, H.",ACS Sustainable Chemistry & Engineering,2021.0,https://doi.org/10.1021/acssuschemeng.1c02105,,10.1021/acssuschemeng.1c02105
豊田中央研究所,Distinguishing Adsorbed and Deposited Ionomers in the Catalyst Layer of Polymer Electrolyte Fuel Cells Using Contrast-variation Small-angle Neutron Scattering,"Harada, M., Takata, S., Iwase, H., Kajiya, S., Kadoura, H., Kanaya, T.",ACS OMEGA,2021.0,https://doi.org/10.1021/acsomega.1c01535,,10.1021/acsomega.1c01535
豊田中央研究所,Visualization of Dynamic Behavior of Liquid Water in the Microporous Layer of Polymer Electrolyte Fuel Cell During Water Injection by Time-resolved X-ray Computed Tomography,"Yamaguchi, S., Kato, S., Kato, A., Matsuoka, Y., Nagai, Y., Suzuki, T.",Electrochemistry Communications,2021.0,https://doi.org/10.1016/j.elecom.2021.107059,,10.1016/j.elecom.2021.107059
豊田中央研究所,Light-harvesting Photocatalysis for H2 Evolution by Methylacridone-bridged Periodic Mesoporous Organosilica,"Goto, Y., Yamanaka, K., Ohashi, M., Maegawa, Y., Inagaki, S.",Applied Catalysis B: Environmental,2021.0,https://doi.org/10.1016/j.apcatb.2021.119965,,10.1016/j.apcatb.2021.119965
豊田中央研究所,Bubble Growth and Departure Modes on Wettable/Non-wettable Porous Foams in Alkaline Water Splitting,"Iwata, R., Zhang, L., Wilke, KL., Gong, S., He, M., Gallant, BM., Wang, EN.",Joule,2021.0,https://doi.org/10.1016/j.joule.2021.02.015,,10.1016/j.joule.2021.02.015
豊田中央研究所,A Large-sized Cell for Solar-driven CO2 Conversion with a Solar-to-formate Conversion Efficiency of 7.2%,"Kato, N., Mizuno, S., Shiozawa, M., Nojiri, N., Kawai, Y., Fukumoto, K., Morikawa, T., Takeda, Y.",Joule,2021.0,https://doi.org/10.1016/j.joule.2021.01.002,,10.1016/j.joule.2021.01.002
豊田中央研究所,Hydrogen Production from Methanol-water Mixture over Immobilized Iridium Complex Catalysts in Vapor-phase Flow Reaction,"Yamaguchi, S., Maegawa, Y., Fujita, K., Inagaki, S.",ChemSusChem,2021.0,https://doi.org/10.1002/cssc.202002557,,10.1002/cssc.202002557
豊田中央研究所,Superior Hygrothermal Resistance and Interfacial Adhesion by Ternary Thermoplastic Polymer Blend Matrix for Carbon Fiber Composite,"Hirai, T., Amano, K., Onochi, Y., Inoue, Y.",Composites Part A: Applied Science and Manufacturing,2021.0,https://doi.org/10.1016/j.compositesa.2021.106338,,10.1016/j.compositesa.2021.106338
豊田中央研究所,Molecular Dynamics Simulation of Fracture at a Polymer and Metal Oxide Joining Interface,"Kinjo, T., Yoneyama, H., Umemoto, K.",Bulltin of the Chemical Society of Japan,2021.0,https://doi.org/10.1246/bcsj.20200387,,10.1246/bcsj.20200387
豊田中央研究所,Development of a Sensor for Dielectric Constant Measurements Utilizing Time-domain Measurement with a Vector Network Analyzer,"Sato, Y., Ogura, N., Yamaguchi, Y., Ju, Y.",Measurement,2021.0,https://doi.org/10.1016/j.measurement.2020.108530,,10.1016/j.measurement.2020.108530
豊田中央研究所,Mathematical Design and Graphical Solution of the Multiple Bifurcation Equations of a 4-DoF Benchmark Model,"Tanaka, M., Ikeda, K., Hsiao, KM., Fujii, F.",Thin-walled Structures,2021.0,https://doi.org/10.1016/j.tws.2021.108010,,10.1016/j.tws.2021.108010
豊田中央研究所,The Pt-Pd Alloy Catalyst and Enhanced Catalytic Activity for Diesel Oxidation,"Dong, F., Yamazaki, K.",Catalysis Today,2021.0,https://doi.org/10.1016/j.cattod.2020.08.019,,10.1016/j.cattod.2020.08.019
豊田中央研究所,Modeling Solid Contact between Rough Surfaces with Various Roughness Parameters,"Tomota, T., Masuda, R., Kondoh, Y., Ohmori, T., Yagi, K.",Tribology Transactions,2021.0,https://doi.org/10.1080/10402004.2020.1820123,,10.1080/10402004.2020.1820123
豊田中央研究所,Online Estimation and Prediction for Large-scale Network Traffic from Sparse Probe Veihcle Data,"Taguchi, S., Yoshimura, T.",IEEE Transactions on Intelligent Transportation Systems,2021.0,https://doi.org/10.1109/TITS.2021.3067603,,10.1109/tits.2021.3067603
豊田中央研究所,Traffic Signal Optimization on a Square Lattice with Quantum Annealing,"Inoue, D., Okada, A., Matsumori, T., Aihara, K., Yoshida, H.",Scientific Reports,2021.0,https://doi.org/10.1038/s41598-021-82740-0,,10.1038/s41598-021-82740-0
豊田中央研究所,Multi-agent Path Finding with Destination Choice,"Okoso, A., Otaki, K., Nishi, T.",International Conference on Principles and Practice of Multi-agent Systems,2021.0,https://doi.org/10.1007/978-3-030-69322-0_26,,10.1007/978-3-030-69322-0_26
豊田中央研究所,Distance-based Heuristic Solvers for Cooperative Path Planning with Heterogeneous Agents,"Otaki, K., Koide, S., Okoso, A., Nishi, T.",International Conference on Principles and Practice of Multi-agent Systems,2021.0,http://dx.doi.org/10.1007/978-3-030-69322-0_8,,10.1007/978-3-030-69322-0_8
豊田中央研究所,Mechano-neurophysiological Model of the Fingertip for Spatiotemporal Firing Pattern Prediction of SA1 Mechanoreceptors during Embossed Letter Scanning,"Hamasaki, T., Yamada, D.",Advances in Mechanical Engineering,2021.0,https://doi.org/10.1177/1687814020984651,,10.1177/1687814020984651
豊田中央研究所,Computational Approach to Understand Temporal and Spatial Tactile Transmission Processes from Mechanical Stimuli of the Index Fingertip to the Primary Somatosensory Cortex,"Iwamoto, M., Hamasaki, T., Asano, Y., Shinoda, J.",Journal of Neuroscience Methods,2021.0,https://doi.org/10.1016/j.jneumeth.2021.109215,,10.1016/j.jneumeth.2021.109215
豊田中央研究所,Efficient Actor-critic Reinforcement Learning with Embodiment of Muscle Tone for Posture Stabilization of the Human Arm,"Iwamoto, M., Kato, D.",Neural Computation,2021.0,https://doi.org/10.1162/neco_a_01333,,10.1162/neco_a_01333
豊田中央研究所,3D Bioprinted Human iPSC-derived Somatosensory Constructs with Functional and Highly Purified Sensory Neuron Networks,"Hirano, M., Huang, Y., Jarquin, DV., Hernández, RLDLG., Jodat, YA., Cerón, EL., García-Rivera, LE., Shin, SR.",Biofabrication,2021.0,https://doi.org/10.1088/1758-5090/abff11,,10.1088/1758-5090/abff11
豊田中央研究所,An In Vitro Mixed Infection Model With Commensal and Pathogenic Staphylococci for the Exploration of Interspecific Interactions and Their Impacts on Skin Physiology,"Kohda, K., Li, X., Soga, N., Nagura, R., Duerna, T., Nakajima, S., Nakagawa, I., Ito, Ikeuchi, A.",Frontiers in Cellular and Infection Microbiology,2021.0,https://doi.org/10.3389/fcimb.2021.712360,,10.3389/fcimb.2021.712360
豊田中央研究所,Three-dimensional Topology Optimization Model to Simulate the External Shapes of Bone,"Sakashita, M., Yamasaki, S., Yaji, K., Kawamoto, A., Kondo, S.",PloS Computational Biology,2021.0,https://doi.org/10.1371/journal.pcbi.1009043,,10.1371/journal.pcbi.1009043
豊田中央研究所,Genetic Dissection of Complex Traits Using Hierarchical Biological Knowledge,"Tanaka, H., Kreisberg, JF., Ideker, T.",PloS Computational Biology,2021.0,https://doi.org/10.1371/journal.pcbi.1009373,,10.1371/journal.pcbi.1009373
豊田中央研究所,Temperature-induced Shear-thinning in Catalyst Inks,"Yoshimune, W., Harada, M.",Electrochemistry Communications,2021.0,https://doi.org/10.1016/j.elecom.2021.107099,,10.1016/j.elecom.2021.107099
豊田中央研究所,A Wireless Radiofrequency-powered Insect-scale Flapping-wing Aerial Vehicle,"Ozaki, T., Ota, N., Jinbo, T., Hamaguchi, K.",Nature Electronics,2021.0,https://doi.org/10.1038/s41928-021-00669-8,,10.1038/s41928-021-00669-8
豊田中央研究所,Simultaneous Estimation of Vehicle Position and Data Delay Using Gaussian Process Based Moving Horizon Estimation,"Mori, D., Hattori, Y.",IEEE/RSJ International Conference on Intelligent Robots and Systems,2020.0,https://doi.org/10.1109/IROS45743.2020.9341184,,10.1109/iros45743.2020.9341184
豊田中央研究所,3D Reconstruction of Edge Line by ICP-based Matching with Geometric Constraints,"Takeyama, K.",Digital Image Computing: Techniques and Applications,2020.0,https://doi.org/10.1109/DICTA51227.2020.9363373,,10.1109/dicta51227.2020.9363373
豊田中央研究所,Nitrogen-functionalized Graphene Quantum Dots: A Versatile Platform for Integrated Optoelectronic Devices,"Tetsuka, H.",The Chemical Record,2020.0,https://doi.org/10.1002/tcr.201900063,,10.1002/tcr.201900063
豊田中央研究所,Robust Shape Estimation with False-positive Contact Detection,"Shibata, K., Miyano, T., Jimbo, T., Matsubara, T.",Robotics and Autonomous Systems,2020.0,https://doi.org/10.1016/j.robot.2020.103527,,10.1016/j.robot.2020.103527
豊田中央研究所,Electronic Degeneracy Conduction in Highly Si-doped Al0.6Ga0.4N Layers Based on the Carrier Compensation Effect,"Kataoka, K., Narita, T., Nagata, K., Makino, H., Saito, Y.",Applied Physics Letters,2020.0,https://doi.org/10.1063/5.0030825,,10.1063/5.0030825
豊田中央研究所,Growth of High-quality GaN by Halogen-free Vapor Phase Epitaxy,"Kimura, T., Kataoka, K., Uedono, A., Amano, H., Nakamura, D.",Applied Physics Express,2020.0,https://doi.org/10.35848/1882-0786/aba494,,10.35848/1882-0786/aba494
豊田中央研究所,Tungsten Carbide Layers Deposited on Graphite Substrates via Wet Powder Process as Anti-parasitic-reaction Coating for Reactor Components in GaN Growth,"Nakamura, D., Kimura, T., Itoh, K., Fujimoto, N., Nitta, S., Amano, H.",CrystEngComm,2020.0,https://doi.org/10.1039/C9CE01971E,,10.1039/c9ce01971e
豊田中央研究所,Effect of Bismuth-tin Composition on Bonding Strength of Zinc Particle-mixed Copper Nanoparticle/bismuth-tin Solder Hybrid Joint,"Satoh, T., Usui, M.",Journal of Materials Science: Materials in Electronics,2020.0,https://doi.org/10.1007/s10854-020-03211-2,,10.1007/s10854-020-03211-2
豊田中央研究所,Synergistic Effect of Binary Electrolyte on Enhancement of the Energy Density in Li-O2 Batteries,"Hase, Y., Nishioka, K., Komori, Y., Kusumoto, T., Seki, J., Kamiya, K., Nakanishi, S.",Journal of Physical Chemistry Letters,2020.0,https://doi.org/10.1021/acs.jpclett.0c01877,,10.1021/acs.jpclett.0c01877
豊田中央研究所,Optimization of Material Composition of Li-intercalated Metal-organic Framework Electrodes Using a Combination of Experiments and Machine Learning of X-ray Diffraction Patterns,"Hazama, H., Murai, D., Nagasako, N., Hasegawa, M., Ogihara, N.",Advanced Materials Technologies,2020.0,https://doi.org/10.1002/admt.202000254,,10.1002/admt.202000254
豊田中央研究所,Model Validation and Simulation Study on the Thermal Abuse Behavior of LiNi0.8Co0.15Al0.05O2-based Batteries,"Kondo, H., Baba, N., Makimura, Y., Itou, Y., Kobayashi, T.",Journal of Power Sources,2020.0,https://doi.org/10.1016/j.jpowsour.2019.227464,,10.1016/j.jpowsour.2019.227464
豊田中央研究所,Phase Transition Mechanism for Crystalline Aromatic Dicarboxylate in Li+ Intercalation,"Mikita, R., Ogihara, N., Takahashi, N.,  Kosaka, S.,  Isomura, N.",Chemistry of Materials,2020.0,https://doi.org/10.1021/acs.chemmater.9b04984,,10.1021/acs.chemmater.9b04984
豊田中央研究所,In Situ X-ray Raman Spectroscopy and Magnetic Susceptibility Study on Li[Li0.15Mn1.85]O4  Oxygen Anion Redox Reaction,"Mukai, K., Nonaka, T., Uyama, T., Nishimura, YF.",Chemical Communications,2020.0,https://doi.org/10.1039/C9CC09051G,,10.1039/c9cc09051g
豊田中央研究所,Influence of Ionomer Adsorption on Agglomerate Structures in High-solid Catalyst Inks,"Kumano, N., Kudo, K., Akimoto, Y., Ishii, M., Nakamura, H.",Carbon,2020.0,https://doi.org/10.1016/j.carbon.2020.07.047,,10.1016/j.carbon.2020.07.047
豊田中央研究所,A Theoretical and Experimental Study on Electrochemical Impedance Spectra of Polymer Electrolyte Membrane Fuel Cells for Cation Content Estimation,"Shibata, M., Suzuki, T., Morimoto, Y.",Journal of the Electrocemical Society,2020.0,https://doi.org/10.1149/1945-7111/abb7e6,,10.1149/1945-7111/abb7e6
豊田中央研究所,Evaluation of Ionomer Coverage on Pt Catalysts in Polymer Electrolyte Membrane Fuel Cells by CO Stripping Voltammetry and its Effect on Oxygen Reduction Reaction Activity,"Takeshita, T., Kamitaka, Y., Shinozaki, K., Kodama, K., Morimoto, Y.",Journal of Electroanalytical Chemistry,2020.0,https://doi.org/10.1016/j.jelechem.2020.114250,,10.1016/j.jelechem.2020.114250
豊田中央研究所,Cell Performance and Durability of Pt/C Cathode Catalyst Covered by Dopamine Derived Carbon Thin Layer for Polymer Electrolyte Fuel Cells,"Yamada, H., Kato, H., Kodama, K.",Journal of the Electrochemical Society,2020.0,https://doi.org/10.1149/1945-7111/ab8b97,,10.1149/1945-7111/ab8b97
豊田中央研究所,Fabrication of Catalyst Layer with Ionomer Nanofiber Scaffolding for Polymer Electrolyte Fuel Cells,"Yoshino, S., Shinohara, A., Kodama, K., Morimoto, Y.",Journal of Power Sources,2020.0,https://doi.org/10.1016/j.jpowsour.2020.228584,,10.1016/j.jpowsour.2020.228584
豊田中央研究所,Pulsed Neutron Imaging for Differentiation of Ice and Liquid Water Towards Fuel Cell Vehicle Applications,"Higuchi, Y., Setoyama, D., Isegawa, K., Tsuchikawa, Y., Matsumoto, Y., Parker, JD., Shinohara, T., Nagai, Y.",Physical Chemistry Chemical Physics,2020.0,https://doi.org/10.1039/D0CP03887C,,10.1039/d0cp03887c
豊田中央研究所,Ex-situ Visualization of the Wet Domain in the Microporous Layer in a Polymer Electrolyte Fuel Cell by X-ray Computed Tomography Under Water Vaper Supply,"Kato, S., Yamaguchi, S., Yoshimune, W.,  Matsuoka, Y., Kato, A., Nagai, Y., Suzuki, T.",Electrochemistry Communications,2020.0,https://doi.org/10.1016/j.elecom.2019.106644,,10.1016/j.elecom.2019.106644
豊田中央研究所,Freestanding Interconnected Nanocluster Textiles for Efficient Oxygen Evolution Reaction,"Higashi, S., Tachikawa, T., Oh-ishi, K., Shigetoh, K., Takechi, K., Beniya, A.",Journal of Materials Chemistry A,2020.0,https://doi.org/10.1039/D0TA07707K,,10.1039/d0ta07707k
豊田中央研究所,Self-assembled Cuprous Coordination Polymer as a Catalyst for CO2 Electrochemical Reduction into C2 Products,"Sakamoto, N., Nishimura, YF., Nonaka, T., Ohashi, M., Ishida, N., Kitazumi, K., Kato, Y., Sekizawa, K., Morikawa, T., Arai, T.",ACS Catalysis,2020.0,https://doi.org/10.1021/acscatal.0c01593,,10.1021/acscatal.0c01593
豊田中央研究所,CO Oxidation Activity of Non-reducible Oxide-supported Mass-selected Few-atom Pt Single-clusters,"Beniya, A., Higashi, S., Ohba, N., Jinnouchi, R., Hirata, H., Watanabe, Y.",Nature Communications,2020.0,https://doi.org/10.1038/s41467-020-15850-4,,10.1038/s41467-020-15850-4
豊田中央研究所,Energy Dissipation Measurement in Improved Spatial Resolution Under Fatigue Loading,"Akai, A., Shiozawa, D., Yamada, T., Sakagami, T.",Experimental Mechanics,2020.0,https://doi.org/10.1007/s11340-019-00552-w,,10.1007/s11340-019-00552-w
豊田中央研究所,Multifaceted Property Tailoring of Polyamide 6 by Blending Miscible and Immiscible Components: Ternary Blends of Polyamide 6/Polyehylene Terephthalate/Phenol Novolac,"Hirai, T., Onochi, Y., Kawada, J.",RSC Advances,2020.0,https://doi.org/10.1039/D0RA02344B,,10.1039/d0ra02344b
豊田中央研究所,In Situ Reactive Compatibilization of Polyamide 6 and Polycarbonate Blend by the Catalytic Effect of Phenol Novolac,"Hirai, T., Yagi, K., Okamoto, K., Onochi, Y., Kawada, J.",Industrial & Engineering Chemistry Research,2020.0,https://doi.org/10.1021/acs.iecr.9b05970,,10.1021/acs.iecr.9b05970
豊田中央研究所,Enhanced Dielectric Properties of Polyvinylidene Fluoride-based Composite Films with Layered Perovskite KCa2Na3Nb6O19-derived Fillers,"Inagaki, Y., Kozawa, T., Yano, K., Nakamura, T.",Journal of Materials Science,2020.0,https://doi.org/10.1007/s10853-020-05169-2,,10.1007/s10853-020-05169-2
豊田中央研究所,Numerical Material Testing for Discontinuous Fiber Composites Using Statistically Similar Representative Volume Elements,"Sasagawa, T., Tanaka, M., Omote, R., Balzani, D.",Scientific Reports,2020.0,https://doi.org/10.1038/s41598-020-66963-1,,10.1038/s41598-020-66963-1
豊田中央研究所,Particle-level Simulation for the Prediction of Short Fiber Orientation in Injection Molding,"Sasayama, T., Sato, N., Katagiri, Y., Murayama, Y.",Composites Part A: Applied Science and Manufacturing,2020.0,https://doi.org/10.1016/j.compositesa.2020.106115,,10.1016/j.compositesa.2020.106115
豊田中央研究所,Hill-top Branching: Its Asymptotically Expanded and Visually Solved Bifurcation Equations,"Tanaka, M., Sasagawa, T., Omote, R., Fujii, F.",Computer Methods in Applied Mechanics and Engineering,2020.0,https://doi.org/10.1016/j.cma.2019.112763,,10.1016/j.cma.2019.112763
豊田中央研究所,Development of Free Piston Engine Linear Generator System and a Resonant Pendulum Type Control Method,"Kosaka, H., Akita, T., Goto, S., Hotta, Y.",International Journal of Engine Research,2020.0,https://doi.org/10.1177%2F1468087420931247,,10.1177%2f1468087420931247
豊田中央研究所,A Predictive Combustion Model for One-dimensional Gasoline Engine Simulation,"Nomura, Y., Yamamoto, S., Nagaoka, M., Diel, S., Kurihara, K., Shimizu, R., Murase, E.",International Journal of Engine Research,2020.0,https://doi.org/10.1177%2F1468087420945905,,10.1177%2f1468087420945905
豊田中央研究所,Formulation of Intervibrator Motion and Development of a Controller for a Pulse-drive Transmission,"Tsuchiya, E., Shamoto, E.",Mechanism and Machine Theory,2020.0,https://doi.org/10.1016/j.mechmachtheory.2020.103880,,10.1016/j.mechmachtheory.2020.103880
豊田中央研究所,Neural Time Warping for Multiple Sequences Alignment,"Kawano, K., Kutsuna, T., Koide, S.","IEEE International Conference on Acoustics, Speech, and Signal Processing",2020.0,https://doi.org/10.1109/ICASSP40776.2020.9054121,,10.1109/icassp40776.2020.9054121
豊田中央研究所,Fast Subtrajectory Similarity Search in Road  Networks under Weighted Edit Distance Constraints,"Koide, S., Xiao, C., Ishikawa, Y.",VLDB '20 (46th International Conference on Very Large Data Bases),2020.0,https://doi.org/10.14778/3407790.3407818,,10.14778/3407790.3407818
豊田中央研究所,Test Coverage Index for ADAS/ADS Assessment Based on Various Real-world Information Points,"Machida, T., Shitaoka, K.",IEEE Transactions on Intelligent Transportation Systems,2020.0,https://doi.org/10.1109/TITS.2020.3026679,,10.1109/tits.2020.3026679
豊田中央研究所,Pseudo-perturbation-based Broadcast Control of Multi-agent Systems,"Ito, Y., Kamal, MAS., Yoshimura, T., Azuma, S.",Automatica,2020.0,https://doi.org/10.1016/j.automatica.2019.108769,,10.1016/j.automatica.2019.108769
豊田中央研究所,Continuous-time Optimization Dynamics Mirroring ADMM Architecture and Passivity-based Robustification Against Delays,"Miyano, T., Yamashita, S., Hatanaka, T., Shibata, K., Jimbo, T., Fujita, M.",IEEE Transactions on Control of Network Systems,2020.0,https://doi.org/10.1109/TCNS.2020.2972590,,10.1109/tcns.2020.2972590
豊田中央研究所,On-the-fly Active Learning of Interatomic Potentials for Large-scale Atomistic Simulations,"Jinnouchi, R., Miwa, K., Karsai, F., Kresse, G., Asahi, R.",The Journal of Physical Chemistry Letters,2020.0,https://doi.org/10.1021/acs.jpclett.0c01061,,10.1021/acs.jpclett.0c01061
豊田中央研究所,Autonomous Molecular Design by Monte-calo-tree Search and Rapid Evaluations Using Molecular Dynamics Simulations,"Kajita, S., Kinjo, T., Nishi, T.",Communications Physics,2020.0,https://doi.org/10.1038/s42005-020-0338-y,,10.1038/s42005-020-0338-y
豊田中央研究所,Discovery of Superionic Conductors by Ensemble-scope Descriptor,"Kajita, S., Ohba, N., Suzumura, A., Tajima, S., Asahi, R.",NPG Asia Materials,2020.0,https://doi.org/10.1038/s41427-020-0211-1,,10.1038/s41427-020-0211-1
豊田中央研究所,Design Rules for High Oxygen-ion Conductivity in Garnet-type Oxides,"Lee, J., Ohba, N., Asahi, R.",Chemistry of Materials,2020.0,https://doi.org/10.1021/acs.chemmater.9b02044,,10.1021/acs.chemmater.9b02044
豊田中央研究所,Training Data Augmentation: An Empirical Study Using Generative Adversarial Net-based Approach with Normalizing Flow Models for Materials Informatics,"Ohno,H.",Applied Soft Computing,2020.0,https://doi.org/10.1016/j.asoc.2019.105932,,10.1016/j.asoc.2019.105932
豊田中央研究所,Self-learning Molecular Design for High Lithium-ion Conductive Ionic Liquids Using Maze Game,"Kikkawa, N., Kajita, S., Takechi, K.",Journal of Chemical Information and Modeling,2020.0,https://doi.org/10.1021/acs.jcim.0c00692,,10.1021/acs.jcim.0c00692
豊田中央研究所,Model Predictive Control for Finite Input Systems Using D-wave Quantum Annealer,"Inoue, D., Yoshida, H.",Scientific Reports,2020.0,https://doi.org/10.1038/s41598-020-58081-9,,10.1038/s41598-020-58081-9
豊田中央研究所,Cooperative Routing Problem between Customers and Vehicles for On-demand Mobile Facility Services,"Nishi, T., Otaki, K., Okoso, A., Fukunaga, A.",IEEE International Conference on Intelligent Transportation Systems,2020.0,http://dx.doi.org/10.1109/ITSC45102.2020.9294281,,10.1109/itsc45102.2020.9294281
豊田中央研究所,Battery as a Service for Electric Vehicles: Design and Optimization of Partially Swappable and Shareable Battery System,"Tahara, K., Ishikawa, K., Ishigaki, M.",IEEE International Conference on Intelligent Transportation Systems,2020.0,https://doi.org/10.1109/ITSC45102.2020.9294582,,10.1109/itsc45102.2020.9294582
豊田中央研究所,Investigation of Dynamic Deformation of the Midbrain in Rear-end Collision Using Human Brain FE Model,"Atsumi, N., Iwamoto, M., Nakahira, Y., Asano, Y., Shinoda, J.",Computer Methods in Biomechanics and Biomedical Engineering,2020.0,https://doi.org/10.1080/10255842.2020.1795142,,10.1080/10255842.2020.1795142
豊田中央研究所,Vestibulo-ocular Reflex Characteristics during Unidirectional Translational Whole-body Vibration without Head Restriction,"Sugawara, T., Sakai, H., Hirata,Y.",Ergonomics,2020.0,https://doi.org/10.1080/00140139.2019.1683616,,10.1080/00140139.2019.1683616
豊田中央研究所,The Effect of Posterior Tethers on the Biomechanics of Proximal Junctional Kyphosis: The Whole Human Finite Element Model Analysis,"Yagi, M., Nakahira, Y., Watanabe, K., Nakamura, M., Matsumoto, M., Iwamoto, M.",Scientific Reports,2020.0,https://doi.org/10.1038/s41598-020-59179-w,,10.1038/s41598-020-59179-w
豊田中央研究所,The Origins of Binding Specificity of a Lanthanide Ion Binding Peptide,"Hatanaka, T., Kikkawa, N., Matsugami, A., Hosokawa, Y., Hayashi, F., Ishida, N.",Scientific Reports,2020.0,https://doi.org/10.1038/s41598-020-76527-y,,10.1038/s41598-020-76527-y
豊田中央研究所,Direct Recovery of the Rare Earth Elements Using a Silk Displaying a Metal-recognizing Peptide,"Ishida, N., Hatanaka, T., Hosokawa, Y., Kojima, K., Iizuka, T., Teramoto, H., Sezutsu, H., Kameda, T.",Molecules,2020.0,https://doi.org/10.3390/molecules25030761,,10.3390/molecules25030761
豊田中央研究所,Reduction of the Cytotoxicity of Copper (II) Oxide Nanoparticles by Coating with a Surface-binding Peptide,"Ishida, N., Hosokawa, Y., Imaeda, T., Hatanaka, T.",Applied Biochemistry and Biotechnology,2020.0,https://doi.org/10.1007/s12010-019-03108-9,,10.1007/s12010-019-03108-9
豊田中央研究所,Improved Lift Force of a Resonant-driven Flapping-wing Micro Aerial Vehicle by Suppressing Wing-body and Wing-wing Vibration coupling,"Ozaki, T., Hamaguchi, K.",Extreme Mechanics Letters,2020.0,https://doi.org/10.1016/j.eml.2020.100867,,10.1016/j.eml.2020.100867
豊田中央研究所,Plastid-targeted Forms of Restriction Endonucleases Enhance the Plastid Genome Rearrangement Rate and Trigger the Reorganization of Its Genomic Architecture,"Sugimoto, H., Hirano, M., Tanaka, H., Tanaka, T., Kitagawa, RY., Muramoto, N., Mitsukawa, N.",The Plant Journal,2020.0,https://doi.org/10.1111/tpj.14687,,10.1111/tpj.14687
豊田中央研究所,Extended TAQing System for Large-scale Plant Genome Reorganization,"Tanaka, H., Muramoto, N., Sugimoto, H., Oda, AH., Ohta, K.",The Plant Journal,2020.0,https://doi.org/10.1111/tpj.14888,,10.1111/tpj.14888
豊田中央研究所,Materials and Technical Innovations in 3D Printing in Biomedical Applications,"Tetsuka, H., Shin, SR.",Journal of Materials Chemistry B,2020.0,https://doi.org/10.1039/D0TB00034E,,10.1039/d0tb00034e
豊田中央研究所,Enhancement Mechanism of Convective Heat Transfer via Nanofluid: An Analysis by Means of Synchrotron Radiation Imaging,"Hashimoto, S., Harada, M., Higuchi, Y., Matsunaga, T.",International Journal of Heat and Mass Transfer,2020.0,https://doi.org/10.1016/j.ijheatmasstransfer.2020.120081,,10.1016/j.ijheatmasstransfer.2020.120081
豊田中央研究所,Local Atomic Structure of the GaN-side of the Al2O3/GaN Interface Revealed by X-ray Absorption Spectroscopy,"Isomura, N., Kikuta, D., Takahashi, N., Kosaka, S., Kataoka, K.",Applied Surface Science,2020.0,https://doi.org/10.1016/j.apsusc.2020.146058,,10.1016/j.apsusc.2020.146058
豊田中央研究所,Operando Time-slicing Neutron Reflectometry Measurements of Solid Electrolyte Interphase Formation on Amorphous Carbon Surfaces of a Li-ion Battery,"Kawaura, H., Harada, M., Kondo, Y., Mizutani, M., Takahashi, N., Yamada, NL.",Bulletin of the Chemical Society of Japan,2020.0,https://doi.org/10.1246/bcsj.20200044,,10.1246/bcsj.20200044
豊田中央研究所,Quantification of Organic Additives on Polymer Surfaces by Time-f-flight Secondary Ion Mass spectrometry with Gold Deposition,"Murase, A., Kato, Y., Sudo, E.",Applied Surface Science,2020.0,https://doi.org/10.1016/j.apsusc.2019.144813,,10.1016/j.apsusc.2019.144813
豊田中央研究所,Direct Silanol Analysis of Tribological Surfaces Using Synchrotron Radiation,"Takahashi, NT., Isomura, N., Kosaka, S., Mori, H., Kimoto, Y., Ohmori, T., Aoyama, T., Sano, T., Itoigawa, F.",Tribology International,2020.0,https://doi.org/10.1016/j.triboint.2020.106304,,10.1016/j.triboint.2020.106304
豊田中央研究所,Estimation of the Average Oxidation Number of Nickel in a Nickel Oxide Based on Local Structural Information,"Nishimura, Y., Kondo, Y., Oka, H.",Journal of Power Sources,2020.0,https://doi.org/10.1016/j.jpowsour.2019.227351,,10.1016/j.jpowsour.2019.227351
豊田中央研究所,Nondestructive High-sensitivity Detections of Metallic Lithium Deposited on a Battery Anode Using Muonic X-rays,"Umegaki, I., Higuchi, Y., Kondo, Y., Ninomiya, K., Takeshita, S., Tampo, M., Nakano, H., Oka, H., Sugiyama, J.,  Kubo, MK., Miyake, Y.",Analytical Chemistry,2020.0,https://doi.org/10.1021/acs.analchem.0c00370,,10.1021/acs.analchem.0c00370
豊田中央研究所,Demonstration of a New Optical Scanner by Using Silicon Photonics Integrated Circuit,"Inoue, D., Ichikawa, T., Kawasaki, A., Yamashita, T.",Optics Express,2019.0,https://doi.org/10.1364/OE.27.002499,,10.1364/oe.27.002499
豊田中央研究所,Silicon Optical Modulator Using a Low-loss Phase Shifter Based on Multimode Interference Waveguide,"Inoue, D., Ichikawa, T., Kawasaki, A., Yamashita, T.",Micromachines,2019.0,https://doi.org/10.3390/mi10070482,,10.3390/mi10070482
豊田中央研究所,Coordination of Connected Vehicles on Merging Roads Using  Pseudo-perturbation-based Broadcast Control,"Ito, Y., Kamal, MAS., Yoshimura, T., Azuma, S.",IEEE Transactions on Intelligent Transportation Systems,2019.0,https://doi.org/10.1109/TITS.2018.2876905,,10.1109/tits.2018.2876905
豊田中央研究所,Edge eXchange:  eNB with Wireless Backhaul Communication among Carriers,"Sasaki, K., Makido, S., Nakao, A.",IEEE Global Communications Conference,2019.0,https://doi.org/10.1109/GLOBECOM38437.2019.9013198,,10.1109/globecom38437.2019.9013198
豊田中央研究所,Quality Index of Supervised Data for Convolutional Neural Network-based Localization,"Ito, S., Soga, M., Hiratsuka, S., Matsubara, H., Ogawa, M.",Applied Sciences,2019.0,https://doi.org/10.3390/app9101983,,10.3390/app9101983
豊田中央研究所,Room-temperature Photoluminescence Lifetime for the Near-band-edge Emission of Epitaxial and Ion-implanted GaN on GaN Structures,"Chichibu, S., Shima, K., Kojima, K., Takashima, S., Ueno, K., Edo, M., Iguchi, H., Narita, T., Kataoka, K., Ishibashi, S., Uedono, A.",Japanese Journal of Applied Physics,2019.0,https://doi.org/10.7567/1347-4065/ab0d06,,10.7567/1347-4065/ab0d06
豊田中央研究所,"Multi-port, Bi-directional Contactless Connector for the Interface of Modular Portable Battery System","Ishigaki, M., Ishikawa, K., Kusakabe, M., Tahara, K.",IEEE Energy Conversion Congress and Exposition,2019.0,https://doi.org/10.1109/ECCE.2019.8911846,,10.1109/ecce.2019.8911846
豊田中央研究所,Self-assembled Single-crystalline GaN Having a Bimodal Meso/Macropore Structure to Enhance Photoabsorption and Photocatalytic Reactions,"Kimura, T., Sato, S., Kataoka, K., Morikawa, T., Nakamura, D.",ACS Applied Materials & Interfaces,2019.0,https://doi.org/10.1021/acsami.8b18088,,10.1021/acsami.8b18088
豊田中央研究所,Topology Optimization of Conductors in Electrical Circuit,"Nomura, K., Yamasaki, S., Yaji, K., Bo, H., Takahashi, A., Kojima, T., Fujita, K.",Structural and Multidisciplinary Optimization,2019.0,https://doi.org/10.1007/s00158-018-02187-2,,10.1007/s00158-018-02187-2
豊田中央研究所,Brass Bonding Using Copper Nanoparticles and Zinc Powder for Packaging of Power Electronic Devices,"Satoh, T., Kume, Y., Usui, M.",Journal of Alloys and Compounds,2019.0,https://doi.org/10.1016/j.jallcom.2019.02.249,,10.1016/j.jallcom.2019.02.249
豊田中央研究所,Negative Differential Resistance as a Critical Indicator for the Discharge Capacity of Lithium-oxygen Batteries,"Hase, Y., Komori, Y., Kusumoto, T., Harada, T., Seki, J., Shiga, T., Kamiya, K., Nakanishi, S.",Nature Communications,2019.0,https://doi.org/10.1038/s41467-019-08536-z,,10.1038/s41467-019-08536-z
豊田中央研究所,Ion Transport in Porous Electrodes Obtained by Impedance Using a Symmetric Cell with Predictable Low-temperature Battery Performance,"Ogihara, N., Itou, Y., Kawauchi, S.",Journal of Physical Chemistry Letters,2019.0,https://doi.org/10.1021/acs.jpclett.9b01670,,10.1021/acs.jpclett.9b01670
豊田中央研究所,Controlling Cracking Formation in Fuel Cell Catalyst Layers,"Kumano, N., Kudo, K., Suda, A., Akimoto, Y., Ishii, M., Nakamura, H.",Journal of Power Sources,2019.0,https://doi.org/10.1016/j.jpowsour.2019.02.058,,10.1016/j.jpowsour.2019.02.058
豊田中央研究所,Improving Water Management in Fuel Cells Through Microporous Layer Modifications: Fast Operando Tomographic Imaging of Liquid Water,"Nagai, Y., Jens, E., Hatanaka, T., Yamaguchi, S., Kato, S., Kato, A., Marone, F., Xu, H., Büchi, FN.",Journal of Power Sources,2019.0,https://doi.org/10.1016/j.jpowsour.2019.226809,,10.1016/j.jpowsour.2019.226809
豊田中央研究所,"CO2 Conversion by High-dose Rate Electron Beam Irradiation: One-step, Metal-free and Simultaneous Production of H2, CO, CH4, C2H6 and Organic Acids from an Acid-decomposed CaCO3/Additive EtOH Mixture","Hosokawa, Y., Kajiya, S., Ohshima, A., Ishida, N., Washio, M., Usuki, A.",Green Chemistry,2019.0,https://doi.org/10.1039/C9GC00525K,,10.1039/c9gc00525k
豊田中央研究所,Design and Demonstration of Knudsen Heat Pump without Moving Parts Free from Electricity,"Kugimoto, K., Hirota, Y., Yamauchi, T., Yamaguchi, H., Niimi, T.",Applied Energy,2019.0,https://doi.org/10.1016/j.apenergy.2019.05.065,,10.1016/j.apenergy.2019.05.065
豊田中央研究所,Enhanced Electrochemical CO2 Reduction Selectivity by Application of Self-assembled Polymer Microparticles to a Silver Electrode,"Sakamoto, N., Arai, T.",Chemical Communications,2019.0,https://doi.org/10.1039/C9CC05921K,,10.1039/c9cc05921k
豊田中央研究所,Intermediate-band Effect in Hot-carrier Solar Cells,"Takeda, S.",Progress in Photovoltaics: Research and Applications,2019.0,https://doi.org/10.1002/pip.3129,,10.1002/pip.3129
豊田中央研究所,Towards Dense Single-atom Catalysts for Future Automotive Applications,"Beniya, A., Higashi, S.",Nature Catalysis,2019.0,https://doi.org/10.1038/s41929-019-0282-y,,10.1038/s41929-019-0282-y
豊田中央研究所,Fully Bio-based Polymer Blend of Polyamide 11 and Poly(vinylcatechol) Showing Thermodynamic Miscibility and Excellent  Engineering Properties,"Hirai, T., Kawada, J., Narita, M., Ikawa, T., Takeshima, H., Satoh, K., Kamigaito, M.",Polymer,2019.0,https://doi.org/10.1016/j.polymer.2019.121667,,10.1016/j.polymer.2019.121667
豊田中央研究所,CAE-based Process Design for Improving Formability in Hot Stamping with Partial Cooling,"Ota, E., Yogo, Y., Iwata, N., Nishigaki, H.",Journal of Materials Processing Technology,2019.0,https://doi.org/10.1016/j.jmatprotec.2018.08.021,,10.1016/j.jmatprotec.2018.08.021
豊田中央研究所,Direct Simulation of Glass Fiber Breakage in Simple Shear Flow Considering Fiber-fiber Interaction,"Sasayama, T., Inagaki, M., Sato, N.",Composites Part A: Applied Science and Manufacturing,2019.0,https://doi.org/10.1016/j.compositesa.2019.105514,,10.1016/j.compositesa.2019.105514
豊田中央研究所,Inverse Design of Structure and Fiber Orientaion by Means of Topology Optimization with Tensor Field Variables,"Nomura, T., Kawamoto, A., Kondoh, T., Dede, EM., Lee, J., Song, Y., Kikuchi, N.",Composites Part B: Engineering,2019.0,https://doi.org/10.1016/j.compositesb.2019.107187,,10.1016/j.compositesb.2019.107187
豊田中央研究所,Investigation of the Effective Oxygen Storage and Release Performances on the Pt/CeO2-ZrO2 Catalysts by Breakthrough Method,"Dong, F., Tanabe, T., Takahashi, N., Shinjoh, H.",Catalysis Today,2019.0,https://doi.org/10.1016/j.cattod.2018.07.046,,10.1016/j.cattod.2018.07.046
豊田中央研究所,Noise-canceling Spike between Pilot and Main-pressure-rise Peaks of Multiple-injection Diesel Combustion,"Fuyuto, T., Taki, M.",International Journal of Engine Research,2019.0,https://doi.org/10.1177%2F1468087419848236,,10.1177%2f1468087419848236
豊田中央研究所,Silver Sulfate Catalyst for Soot Oxidation with High Resistance to Sulfur Poisoning,"Kikugawa, M., Yamazaki, K., Kato, A., Uyama, T., Takahashi, N., Shinjoh, H.",Applied Catalysis A: General,2019.0,https://doi.org/10.1016/j.apcata.2019.02.033,,10.1016/j.apcata.2019.02.033
豊田中央研究所,In-line Adsorption System for Reducing Cold-start Ammonia Emissions from Engines Fueled with Ammonia and Hydrogen,"Koike, M., Suzuoki, T.",International Journal of Hydrogen Energy,2019.0,https://doi.org/10.1016/j.ijhydene.2019.10.105,,10.1016/j.ijhydene.2019.10.105
豊田中央研究所,Diesel Engine Air Path Control Based on Neural Approximation of Nonlinear MPC,"Moriyasu, R., Nojiri, S., Matsunaga, A., Nakamura, T., Jimbo, T.",Control Engineering Practice,2019.0,https://doi.org/10.1016/j.conengprac.2019.104114,,10.1016/j.conengprac.2019.104114
豊田中央研究所,Improving High-temperature NOx Conversion in the Combined NSR-SCR System with an SCR Catalyst Mixed with an NH3 Adsorbent,"Sakai, M., Hamaguchi, T., Tanaka, T.",Applied Catalysis A: General,2019.0,https://doi.org/10.1016/j.apcata.2019.06.003,,10.1016/j.apcata.2019.06.003
豊田中央研究所,Demonstrating the Potential of Chemiluminescence as a Tool to Characterize Heterogeneous Catalysis Using CO Oxidation on Copper-based Catalysts as an Example,"Kato, S., Ito, Y., Ikuta, Y., Morikawa, A., Suda, A., Tanabe, T.",ChemCatChem,2019.0,https://doi.org/10.1002/cctc.201900264,,10.1002/cctc.201900264
豊田中央研究所,Mechanistic Insights into a NOx Storage-reduction (NSR) Catalyst by Spatiotemporal Operando X-ray Absorption Spectroscopy,"Nagai, Y., Kato, A., Iwasaki, M., Kishita, K.",Catalysis Science & Technology,2019.0,https://doi.org/10.1039/C9CY00176J,,10.1039/c9cy00176j
豊田中央研究所,Risk-sensitive Linear Control for Systems with Stochastic Parameters,"Ito, Y., Fujimoto, K., Tadokoro, Y., Yoshimura, T.",IEEE Transactions on Automatic Control,2019.0,https://doi.org/10.1109/TAC.2018.2876793,,10.1109/tac.2018.2876793
豊田中央研究所,Topology Optimization for Thermal Stress Reduction in Power Semiconductor Module,"Matsumori, T., Kawamoto, A., Kondoh, T.",Structural and Multidisciplinary Optimization,2019.0,https://doi.org/10.1007/s00158-019-02341-4,,10.1007/s00158-019-02341-4
豊田中央研究所,Early-warning Signals Using Dynamical Network Markers Selected by Covariance,"Matsumori, T., Sakai, H., Aihara, K.",Physical Review E,2019.0,https://doi.org/10.1103/PhysRevE.100.052303,,10.1103/physreve.100.052303
豊田中央研究所,Online Map Matching with Route Prediction,"Taguchi, S., Koide, S., Yoshimura, T.",IEEE Transactions on Intelligent Transport Systems,2019.0,https://doi.org/10.1109/TITS.2018.2812147,,10.1109/tits.2018.2812147
豊田中央研究所,First Principle Determination of Dielectric Constant of Polar Liquids by the Extended RISM Theory with the Bridge Diagrams Concerning Dipole-dipole Interactions,"Ikuta, Y., Hirata, F.",Journal of Molecular Liquids,2019.0,https://doi.org/10.1016/j.molliq.2019.111567,,10.1016/j.molliq.2019.111567
豊田中央研究所,Phosphorescent Material Search Using a Combination of High Throughput Evaluation and Machine Learning,"Hazama, H., Sobue, S., Tajima, S., Asahi, R.",Inorganic Chemistry,2019.0,https://doi.org/10.1021/acs.inorgchem.9b01370,,10.1021/acs.inorgchem.9b01370
豊田中央研究所,Flow-based Image-to-image Translation with Feature Disentanglement,"Kondo, R., Kawano, K., Koide, S., Kutsuna, T.",Neural Information Processing Systems Conference,2019.0,https://proceedings.neurips.cc/paper/2019/hash/ffedf5be3a86e2ee281d54cdc97bc1cf-Abstract.html,,
豊田中央研究所,First-principles Prediction of High Oxygen-ion Conductivity in Trilanthanide Gallates Ln3GaO6,"Lee, J., Ohba, N., Asahi, R.",Science and Technology of Advanced Materials,2019.0,https://doi.org/10.1080/14686996.2019.1578183,,10.1080/14686996.2019.1578183
豊田中央研究所,Correlation between Thermal-vibration-induced Large Displacement of Cu Atoms and Phase Transition in Cu4SnS4: First-principles Investigation,"Nagasako, N., Suzumura, A., Asahi, R.",Acta Materialia,2019.0,https://doi.org/10.1016/j.actamat.2018.11.058,,10.1016/j.actamat.2018.11.058
豊田中央研究所,Neural Network-based Transductive Regression Model,"Ohno,H.",Applied Soft Computing,2019.0,https://doi.org/10.1016/j.asoc.2019.105682,,10.1016/j.asoc.2019.105682
豊田中央研究所,Direct Wireless Link to Out-of-range Node with Assistance of Surrounding Nodes,"Tanaka, H., Hiraoka, S., Arai, S., Yamazato, T., Tadokoro, Y.",IEEE Transactions on Vehicular Technology,2019.0,https://doi.org/10.1109/TVT.2019.2934502,,10.1109/tvt.2019.2934502
豊田中央研究所,Water Facilitated Electrochemical Reduction of CO2 on Cobalt-porphyrin Catalyst,"Miyamoto, K., Asahi, R.",Journal of Physical Chemistry C,2019.0,https://doi.org/10.1021/acs.jpcc.9b01195,,10.1021/acs.jpcc.9b01195
豊田中央研究所,Simplified Analysis of the Relationships between the Prices and Optimal Capacities of PV systems and Batteries,"Hara, T.",42nd International Association for Energy Economics (IAEE) Annual Conference,2019.0,https://www.iaee.org/proceedings/article/16164,,
豊田中央研究所,Generating Pedestrian Walking Behavior Considering Detour and Pause in the Path Under Space-time Constraints,"Hidaka, K., Hayakawa, K., Nishi, T., Usui, T., Yamamoto, T.",Transportation Research Part C: Emerging Technologies,2019.0,https://doi.org/10.1016/j.trc.2019.09.005,,10.1016/j.trc.2019.09.005
豊田中央研究所,Cooperative Routing with Heterogeneous Vehicles,"Otaki, K., Koide, S., Okoso, A., Nishi, T.",AAMAS '19: Proceedings of the 18th International Conference on Autonomous Agents and MultiAgent,2019.0,https://dl.acm.org/doi/10.5555/3306127.3332040,,
豊田中央研究所,"Emotion, Respiration, and Heart Rate Variability: A Mathematical Model and Simulation Analyses","Hirabayashi, S., Iwamoto, M.",Applied Sciences,2019.0,https://doi.org/10.3390/app9235008,,10.3390/app9235008
豊田中央研究所,The Effect of Temporal Adaptation to Different Temperatures and Osmolarities on Heat Response of TRPV4 in Cultured Cells,"Sawai, H., Kohda, K., Kurahashi, T.",Journal of Thermal Biology,2019.0,https://doi.org/10.1016/j.jtherbio.2019.102424,,10.1016/j.jtherbio.2019.102424
豊田中央研究所,A Novel Approach to Sensorimotor Skill Acquisition Utilizing Sensory Substitution: A Driving Simulation Study,"Ueda, S., Sakai, H., Kumada, T.",Scientific Reports,2019.0,https://doi.org/10.1038/s41598-019-54324-6,,10.1038/s41598-019-54324-6
豊田中央研究所,Recent Developments in Terminator Technology in Saccharomyces Cerevisiae,"Matsuyama, T.",Journal of Bioscience and Bioengineering,2019.0,https://doi.org/10.1016/j.jbiosc.2019.06.006,,10.1016/j.jbiosc.2019.06.006
豊田中央研究所,Intragranular Three-dimensional Stress Tensor Fields in Plastically Deformed Polycrystals,"Hayashi, Y., Setoyama, D., Yoshiharu H., Yoshida, T., Kimura, H.",Science,2019.0,https://doi.org/10.1126/science.aax9167,,10.1126/science.aax9167
豊田中央研究所,Hard X-ray Spectroscopic Methods Using Emitted X-ray to Understand Charge Compensation in Positive Electrode Materials for Lithium-ion Batteries,"Nishimura, YF., Oka, H., Nonaka, T., Makimura, Y., Dohmae, K.",Journal of Power Sources,2019.0,https://doi.org/10.1016/j.jpowsour.2019.226721,,10.1016/j.jpowsour.2019.226721
豊田中央研究所,In Situ X-ray Raman Scattering Spectroscopy of a Graphite Electrode for Lithium-ion Batteries,"Nonaka, T., Kawaura, H., Makimura, Y., Nishimura, YF., Dohmae, K.",Journal of Power Sources,2019.0,https://doi.org/10.1016/j.jpowsour.2019.02.064,,10.1016/j.jpowsour.2019.02.064
豊田中央研究所,Multi-agent Path Finding with Priority for Cooperative Automated Valet Parking,"Okoso, A., Otaki, K., Nishi, T.",IJCAI-19 MAPF Workshop,2019.0,https://doi.org/10.1109/ITSC.2019.8917112,,10.1109/itsc.2019.8917112
豊田中央研究所,Efficient Model of Photon-counting Laser Radar for Distance Error Calibration,"Ichino, F.",Optics Communications,2018.0,https://doi.org/10.1016/j.optcom.2018.02.029,,10.1016/j.optcom.2018.02.029
豊田中央研究所,"Degradation Analysis of AlGaN/GaN High Electron Mobility Transistor by Electroluminescence, Electric Field-induced Optical Second-harmonic Generation, and Photoluminescence Imaging","Katsuno, T., Manaka, T., Soejima, N., Ishikawa, T., Iwamoto, M.",Applied Physics Letters,2018.0,https://doi.org/10.1063/1.5019998,,10.1063/1.5019998
豊田中央研究所,Liquid-phase Exfoliation of Germanane Based on Hansen Solubility Parameters,"Nakamura, D., Nakano, H.",Chemistry of Materials,2018.0,https://doi.org/10.1021/acs.chemmater.8b02153,,10.1021/acs.chemmater.8b02153
豊田中央研究所,Porosity-controlled Multilayer TaC Coatings Prepared via Wet Powder Process for Multi-functional Reactor Components in GaN Crystal Growth System,"Nakamura, D., Shigetoh, K., Kimura, T.",Ceramics International,2018.0,https://doi.org/10.1016/j.ceramint.2018.08.177,,10.1016/j.ceramint.2018.08.177
豊田中央研究所,Cylindrical Thermoelectric Generator with Water Heating System for High Solar Energy Conversion Efficiency,"Hazama, H., Masuoka, Y., Suzumura, A., Matsubara, M., Tajima, S., Asahi, R.",Applied Energy,2018.0,https://doi.org/10.1016/j.apenergy.2018.06.015,,10.1016/j.apenergy.2018.06.015
豊田中央研究所,A Heterogeneous Hydrogen-evolution Catalyst Based on a Mesoporous Organosilica with a Diiron Catalytic Center Modelling [FeFe]-hydrogenase,"Himiyama, T., Waki, M., Esquivel, D., Onoda, A., Hayashi, T., Voort, PVD., Inagaki, S.",ChemCatChem,2018.0,https://doi.org/10.1002/cctc.201801257,,10.1002/cctc.201801257
豊田中央研究所,Improved Conversion Efficiency of 10% for Solid-state Dye Sensitized Solar Cells Utilizing P-type Semiconducting CuI and Multi-dye Consisting of Novel Porphyrin Dimer and Organic Dyes,"Kato, N., Moribe, S., Shiozawa, M., Suzuki, R., Higuchi, K., Suzuki, A., Sreenivasu, M., Tsuchimoto, K., Tatematsu, K., Mizumoto, K., Doi, S., Toyoda, T.",Journal of Materials Chemistry A,2018.0,https://doi.org/10.1039/C8TA06418K,,10.1039/c8ta06418k
豊田中央研究所,Construction of Statistically Similar Representative Volume Elements for Discontinuous Fiber Composites,"Sasagawa, T., Tanaka, M., Omote, R., Balzani, D.",Composite Structures,2018.0,https://doi.org/10.1016/j.compstruct.2018.06.014,,10.1016/j.compstruct.2018.06.014
豊田中央研究所,Measurement of Vibrational and Rotational Temperature in Spark-discharge Plasma by Optical Emission Spectroscopy: Change in Thermal Equilibrium Characteristics of Plasma under Air Flow,"Kinoshita, M., Fuyuto, T., Akatsuka, H.",International Journal of Engine Research,2018.0,https://doi.org/10.1177%2F1468087418791684,,10.1177%2f1468087418791684
豊田中央研究所,Reconstruction for Spatially Distributed Single-pixel Imaging Based on Pattern Filtering,"Nobunaga, T., Tanaka, H., Tadokoro, Y.",IEEE Signal Processing Letters,2018.0,https://doi.org/10.1109/LSP.2018.2816579,,10.1109/lsp.2018.2816579
豊田中央研究所,Dripplons as Localized and Superfast Ripples of Water Confined between Graphene Sheets,"Yoshida, H., Kaiser, V., Rotenberg, B., Bocquet, L.",Nature Communications,2018.0,https://doi.org/10.1038/s41467-018-03829-1,,10.1038/s41467-018-03829-1
豊田中央研究所,Mechanisms of Covalent Coupling Reaction of Dibromofluoranthene on Au(111),"Nagoya, A., Tetsuka, H., Ohba, N.",The Journal of Physical Chemistry C,2018.0,https://doi.org/10.1021/acs.jpcc.8b03730,,10.1021/acs.jpcc.8b03730
豊田中央研究所,Driven Nonlinear Nanomechanical Resonators as Digital Signal Detectors,"Tadokoro, Y., Tanaka, H., Dykman, MI.",Scientific Reports,2018.0,https://doi.org/10.1038/s41598-018-29572-7,,10.1038/s41598-018-29572-7
豊田中央研究所,Forecasting Travel Demand for New Mobility Services Employing Autonomous Vehicles,"Hidaka, K., Shiga, T.",Transportation Research Procedia,2018.0,https://doi.org/10.1016/j.trpro.2018.11.025,,10.1016/j.trpro.2018.11.025
豊田中央研究所,Finite Element Analysis of Biological Soft Tissue Surrounded by a Deformable Membrane That Controls Transmembrane Flow,"Hirabayashi, S., Iwamoto, M.",Theoretical Biology and Medical Modelling,2018.0,https://doi.org/10.1186/s12976-018-0094-9,,10.1186/s12976-018-0094-9
豊田中央研究所,Ordered Silica Mineralization by Regulating Local Reaction Conditions,"Hatanaka, T., Ohashi, M., Ishida, N.",Biomaterials Science,2018.0,https://doi.org/10.1039/C8BM00412A,,10.1039/c8bm00412a
豊田中央研究所,Phenotypic Diversification by Enhanced Genome Restructuring after Induction of Multiple DNA Double-strand Breaks,"Muramoto, N., Oda, A., Tanaka, H., Nakamura, T., Kugou, K., Suda, K., Kobayashi, A., Yoneda, S., Ikeuchi, A., Sugimoto, H., Kondo, S., Ohto, C., Shibata, T., Mitsukawa, N., Ohta, K.",Nature Communications,2018.0,https://doi.org/10.1038/s41467-018-04256-y,,10.1038/s41467-018-04256-y
豊田中央研究所,Nuclear Magnetic Field in Solids Detected with Negative-muon Spin Rotation and Relaxation,"Sugiyama, J., Umegaki, I., Nozaki, H., Higemoto, W., Hamada, K., Takeshita, S., Koda, A., Shimomura, K., Ninomiya, K., Kubo, MK.",Physical Review Letters,2018.0,https://doi.org/10.1103/PhysRevLett.121.087202,,10.1103/physrevlett.121.087202
AISIN IMRA(日本・aisin.com),Exploiting broad incident angle ranges in diffraction grating SPR spectroscopy,"Hironori Suzuki, Eslam Abubakr, Shiro Saito, Tetsuo Kan","Proc. SPIE 13902, Silicon Photonics XXI, 139020P (4 Mar 2026)",2026.0,https://doi.org/10.1117/12.3075489,,10.1117/12.3075489
AISIN IMRA(日本・aisin.com),Superconductivity in Ba5Ir7Ge4 derived from MgCu2-type Laves phase BaIr2,"Terunari Koshinuma, Hiroshi Fujihisa, Yoshito Gotoh, Izumi Hase, Kenji Kawashima, Shigeyuki Ishida, Hiroshi Eisaki, Hiraku Ogino, Taichiro Nishio, and Akira Iyo","Intermetallics, Volume 181, 2025, 108748",2025.0,https://doi.org/10.1016/j.intermet.2025.108748,,10.1016/j.intermet.2025.108748
AISIN IMRA(日本・aisin.com),100 K級の転移温度を有するカルシウムフリー二層構造銅酸化物超伝導体の高圧合成性,"川島 健司, 二宮 博樹, 藤久 裕司, 伊豫 彰","高圧力の科学と技術, 2025 年 35 巻 2 号 p. 85-92",2025.0,https://doi.org/10.4131/jshpreview.35.85,,10.4131/jshpreview.35.85
AISIN IMRA(日本・aisin.com),Rapid and scalable synthesis of alkali metal-intercalated C60 superconductors,"A. Iyo, H. Fujihisa, Y. Gotoh, S. Ishida, H. Eisaki, H. Ogino and K. Kawashima","Supercond. Sci. Technol., 38, 2025, 055013",2025.0,https://doi.org/10.1088/1361-6668/adcc63,,10.1088/1361-6668/adcc63
AISIN IMRA(日本・aisin.com),Superconductivity of Sc20BC27 at ambient and under applied Pressure conditions,"G. Lamura, H. Ninomiya, R. Khasanov, K. Kawashima, N. Takeshita, H. Ogino, and T. Shiroka","Phys. Rev. B, 111, 2025, 214513",2025.0,https://doi.org/10.1103/3w8q-c26h,,10.1103/3w8q-c26h
AISIN IMRA(日本・aisin.com),Modifying interface properties for advanced self-powered refractory NIR plasmonic photodetection and broadband spectroscopy,"Eslam Abubakr, Ashenafi Abadi, Shiro Saito, Hironori Suzuki, and Tetsuo Kan","Materials Science in Semiconductor Processing, 197, 2025, 109712",2025.0,https://doi.org/10.1016/j.mssp.2025.109712,,10.1016/j.mssp.2025.109712
AISIN IMRA(日本・aisin.com),"In Silico Exfoliation of ReaxFF Graphite -Temperature, Speed, Angle Dependence, and the Effect of Gold Overlayer","Teruki Ando, Seiya Yokokura, Hiroki Waizumi, Hironori Suzuki, Kenji Kawashima, and Toshihiro Shimada","C, 11(3), 2025, 59",2025.0,https://doi.org/10.3390/c11030059,,10.3390/c11030059
AISIN IMRA(日本・aisin.com),Advanced self-powered NIR plasmonic photodetection and photoelectron spectroscopy,"Eslam Abubakr, Shiro Saito, Hironori Suzuki, and Tetsuo Kan","MRS Commun., 15, 2025, 1440-1444",2025.0,https://doi.org/10.1557/s43579-025-00812-y,,10.1557/s43579-025-00812-y
AISIN IMRA(日本・aisin.com),Optimizing geometry and metal-dependent performance of Si-based Schottky plasmonic photodetectors,"Eslam Abubakr, Ashenafi Abadi, Masaaki Oshita, Shiro Saito, Tetsuo Kan","Optical Materials, 2024, Apr, 150 115175-115175",2024.0,https://doi.org/10.1016/j.optmat.2024.115175,,10.1016/j.optmat.2024.115175
AISIN IMRA(日本・aisin.com),Near-infrared gas spectroscopy based on plasmonic photodetector applied for multiple gas species,"Utana Yamaoka, Yuuki Kaneda, Masaaki Oshita, Shiro Saito, Tetsuo Kan","Japanese Journal of Applied Physics, 2024, 63, 012004",2024.0,https://doi.org/10.35848/1347-4065/ad1699,,10.35848/1347-4065/ad1699
AISIN IMRA(日本・aisin.com),Na-catalyzed rapid synthesis and characterization of intercalated graphite CaC6,"Akira Iyo, Hiroshi Fujihisa, Yoshito Gotoh, Shigeyuki Ishida, Hiroshi Eisaki, Hiraku Ogino, Kenji Kawashima","Carbon, Volume 215, 2023, 118381, ISSN 0008-6223",2023.0,https://doi.org/10.1016/j.carbon.2023.118381,,10.1016/j.carbon.2023.118381
AISIN IMRA(日本・aisin.com),Improved critical current properties and irreversibility lines by metal substitution in Ca-free Hg-based double-layered cuprates,"Hiroki Ninomiya, Kenji Kawashima, Shigeyuki Ishida, Hiraku Ogino, Hiroshi Fujihisa, Yoshito Gotoh, Yoshiyuki Yoshida, Akira Iyo, and Hiroshi Eisaki","Supercond. Sci. Technol. 36, 2023, 115014",2023.0,https://iopscience.iop.org/article/10.1088/1361-6668/acfa28,,
AISIN IMRA(日本・aisin.com),Flat band ferromagnetism in Pb2Sb2O7 via a self-doped mechanism,"I. Hase, Y. Higashi, H. Eisaki & K. Kawashima","Sci Rep 13, 4743",,https://doi.org/10.1038/s41598-023-31917-w,,10.1038/s41598-023-31917-w
AISIN IMRA(日本・aisin.com),Electronic structure and anharmonic phonon mode in BaIr2Ge7 with two-dimensional Ba-Ge networks studied by photoemission Spectroscopy,"Tatsuhiro Ishida, Daiki Ootsuki, Shigeyuki Ishida, Miho Kitamura, Koji Horiba, Yasumasa Takagi, Akira Yasui, Eiji Ikenaga, Kenji Kawashima, Yousuke Yanagi, Akira Iyo, Hiroshi Eisaki, and Teppei Yoshida","Phyical. Review B,",,https://doi.org/10.1103/PhysRevB.107.045116,,10.1103/physrevb.107.045116
AISIN IMRA(日本・aisin.com),Development of 50-kW-Class High-Temperature Superconducting Induction/Synchronous Motor With Continuous Drive Characteristics from Room Temperature,"Taketsune Nakamura, Masaaki Yoshikawa, Toshihisa Terazawa, Kenjiro Matsuki, Yunfei Gao, and Takanobu Kiss","IEEE Transactions on Applied Superconductivity,",,https://doi.org/10.1109/TASC.2023.3238293,,10.1109/tasc.2023.3238293
AISIN IMRA(日本・aisin.com),Noncontact Evaluation of HTS Cylinder for Compact Cryogen-Free NMR,"Jun Ogawa, Satoshi Fukui, Tomohiro Nabeya, Kazuhiko Toshima, Yosuke Yanagi, and Kenji Kawashima","IEEE Transactions on Applied Superconductivity,",,https://doi.org/10.1109/TASC.2023.3244118,,10.1109/tasc.2023.3244118
AISIN IMRA(日本・aisin.com),UNIQUE DISPERSION RELATION FOR PLASMONIC PHOTODETECTORS WITH SUBMICRON GRATING,"Yuki Kaneda, Masaaki Oshita, Utana Yamaoka, Shiro Saito,and Tetsuo Kan","The 36th International Conference on Micro Electro Mechanical Systems (IEEE MEMS 2023),",2023.0,,,
AISIN IMRA(日本・aisin.com),Electromechanically reconfigurable plasmonic photodetector with a distinct shift of resonant wavelength,"Masaaki Oshita, Shiro Saito, and Tetsuo Kan","Microsyst Nanoeng 9,",,https://doi.org/10.1038/s41378-023-00504-4,,10.1038/s41378-023-00504-4
AISIN IMRA(日本・aisin.com),High-pressure synthesis and superconductivity of the novel Laves phase BaIr2,"Terunari Koshinuma, Hiroki Ninomiya, Izumi Hase, Hiroshi Fujihisa, Yoshito Gotoh, Kenji Kawashima, Shigeyuki Ishida, Yoshiyuki Yoshida, Hiroshi Eisaki, Taichiro Nishio, and Akira Iyo","Intermetallics,",,https://doi.org/10.1016/j.intermet.2022.107643,,10.1016/j.intermet.2022.107643
AISIN IMRA(日本・aisin.com),Hidden structural and superconducting phase induced in antiperovskite arsenide SrPd3As,"Akira Iyo, Hiroshi Fujihisa, Yoshito Gotoh, Shigeyuki Ishida, Hiroki Ninomiya, Yoshiyuki Yoshida, Hiroshi Eisaki, and Kenji Kawashima","Inorganic Chemistry,",,https://doi.org/10.1021/acs.inorgchem.2c00960,,10.1021/acs.inorgchem.2c00960
AISIN IMRA(日本・aisin.com),"High-Pressure Synthesis of Ca-Free Hg-Based Cuprate (Hg,M)(Sr,Ba)2SrCu2Oy","Hiroki Ninomiya, Kenji Kawashima, Hiroshi Fujihisa, Yoshito Gotoh, Shigeyuki Ishida, Hiraku Ogino, Yoshiyuki Yoshida, Akira Iyo, and Hiroshi Eisaki","29th International Conference on Low temperature Physics (LT-29),",,https://www.lt29.jp/index.html,,
AISIN IMRA(日本・aisin.com),Unique interplay between local moments and vortices in the high-Tc magnetic superconductor EuRbFe4As4,"Shigeyuki Ishida, Daniel Kagerbauer, Sigrid Holleis, Kazuki Iida, Koji Munakata, Akiko Nakao, Akira Iyo, Hiraku Ogino, Kenji Kawashima, Michael Eisterer, and Hiroshi Eisaki","29th International Conference on Low temperature Physics (LT-29),",,https://www.lt29.jp/index.html,,
AISIN IMRA(日本・aisin.com),Superconductivity in the Laves phase BaIr2 crystallized under high pressure,"Terunari Koshinuma, Hiroki Ninomiya, Izumi Hase, Hiroshi Fujihisa, Yoshito Gotoh, Shigeyuki Ishida, Yoshiyuki Yoshida, Hiroshi Eisaki, Kenji Kawashima, Taichiro Nishio, and Akira Iyo","29th International Conference on Low temperature Physics (LT-29),",,https://www.lt29.jp/index.html,,
AISIN IMRA(日本・aisin.com),白色光源を用いた表面プラズモン共鳴式光検出器による分光の研究,"金田裕喜, 大下　雅昭, 山岡　詩菜, 齋藤　史郎, 菅　哲朗","ロボティクス・メカトロニクス 講演会 2022,",2022.0,,,
AISIN IMRA(日本・aisin.com),プラズモニック分光素子による連続スペクトルの分光の研究,"金田 裕喜, 大下 雅昭, 山岡 詩菜, 齋藤 史郎, 菅 哲朗","第13回マイクロ・ナノ工学シンポジウム,",,,,
AISIN IMRA(日本・aisin.com),"RECONFIGURABLE PLASMONIC PHOTODETECTOR INTEGRATED WITH ELECTROSTATIC ACTUATOR FOR SPECTROMETRY” Masaaki Oshita, Shiro Saito, and Tetsuo Kan",The 35th International Conference on Micro Electro Mechanical Systems(IEEE MEMS 2022),,,,,
AISIN IMRA(日本・aisin.com),プラズモニック光検出器を用いた分光法による複数種のガス計測,"山岡　詩菜, 金田　裕喜, 齋藤史朗, 大下　雅昭, 菅　哲朗","第13回マイクロ・ナノ工学シンポジウム,",,,,
AISIN IMRA(日本・aisin.com),Superconductivity-driven ferromagnetism and spin manipulation using vortices in the magnetic superconductor EuRbFe4As4,"Shigeyuki Ishida, Daniel Kagerbauer, Sigrid Holleis, Kazuki Iida, Koji Munakata, Akiko Nakao, Akira Iyo, Hiraku Ogino, Kenji Kawashima, Michael Eisterer, and Hiroshi Eisaki","Proceedings of the National Academy of Sciences (PNAS),",,https://doi.org/10.1073/pnas.2101101118,,10.1073/pnas.2101101118
AISIN IMRA(日本・aisin.com),"Intrinsic defect structures of polycrystalline CaKFe4As4 superconductors” Pavan Kumar Naik Sugali, Shigeyuki Ishida, Koji Kimoto, Keiichi Yanagisawa, Yoshihisa Kamiya, Yoshinori Tsuchiya, Kenji Kawashima, Yoshiyuki Yoshida, Akira Iyo, Hiroshi Eisaki, Taichiro Nishio, and Hiraku Ogino","Physical Chemistry Chemical Physics,",2021 23(35) 19827-19833,2021.0,https://doi.org/10.1039/D1CP02613E,,10.1039/d1cp02613e
AISIN IMRA(日本・aisin.com),"Antiperovskite Superconductor LaPd3P with Noncentrosymmetric Cubic Structure” Akira Iyo, Izumi Hase, Hiroshi Fujihisa, Yoshito Gotoh, Shigeyuki Ishida, Hiroki Ninomiya, Yoshiyuki Yoshida, Hiroshi Eisaki, Hishiro T. Hirose, Taichi Terashima, and Kenji Kawashima","Inorganic Chemistry,",2021 60 18017-18023,2021.0,https://doi.org/10.1021/acs.inorgchem.1c02604,,10.1021/acs.inorgchem.1c02604
AISIN IMRA(日本・aisin.com),"Posttreatment Effects on the Crystal Structure and Superconductivity of Ca-Free Double-Layered Cuprate Sr2SrCu2O4+yF2–y” Hiroki Ninomiya, Kenji Kawashima, Hiroshi Fujihisa, Shigeyuki Ishida, Hiraku Ogino, Yoshiyuki Yoshida, Hiroshi Eisaki, Yoshito Gotoh, and Akira Iyo","Chemistry of Materials,",2021 33(24) 9690-9697,2021.0,https://doi.org/10.1021/acs.chemmater.1c03343,,10.1021/acs.chemmater.1c03343
AISIN IMRA(日本・aisin.com),"A Fabry-Pérot cavity coupled surface plasmon photodiode for electrical biomolecular sensing” Giles Allison, Amrita Kumar Sana, Yuta Ogawa, Hidemi Kato, Kosei Ueno, Hiroaki Misawa, Koki Hayashi & Hironori Suzuki",Nat Commun,"12, 6483 (2021)",2021.0,https://doi.org/10.1038/s41467-021-26652-7,,10.1038/s41467-021-26652-7
AISIN IMRA(日本・aisin.com),"Near-Infrared Spectroscopic Gas Detection Using a Surface Plasmon Resonance Photodetector with 20 nm Resolution” Yosuke Yamamoto, Masaaki Oshita, Shiro Saito, and Tetsuo Kan",ACS Applied Nano Materials,,,https://pubs.acs.org/doi/10.1021/acsanm.1c02925,,
AISIN IMRA(日本・aisin.com),"Editing of DNA methylation using CRISPR/Cas9 and a ssDNA template in human cells” Shota Katayama, Masao Andou","Biochemical and Biophysical Research Communications, Volume 581,","December 2021, 20-24.",2021.0,https://doi.org/10.1016/j.bbrc.2021.10.018,,10.1016/j.bbrc.2021.10.018
AISIN IMRA(日本・aisin.com),"Local reaction fields on a CMOS sensor array utilizing a magneto-Archimedes levitation based magnetic particle-arrangement method”  E. Ushijima, S. Fujimoto, and K. Nakazato",Sens.Actuator A Phys.,(2021),2021.0,https://doi.org/10.1016/j.sna.2021.112655,,10.1016/j.sna.2021.112655
AISIN IMRA(日本・aisin.com),"A CRISPR/Cas9-based method for targeted DNA methylation enables cancer initiation in B lymphocytes.”  Shota Katayama, Koichi Shiraishi, Naoki Gorai, Masao Andou.","Advanced Genetics, Volume 2, Issue 1,","March 2021, e10040.",2021.0,https://doi.org/10.1002/ggn2.10040,,10.1002/ggn2.10040
AISIN IMRA(日本・aisin.com),"Superconductivity of centrosymmetric and non-centrosymmetric phases in antiperovskite (Ca,Sr)Pd3P”  Akira Iyo, Izumi Hase, Hiroshi Fujihisa, Yoshito Gotoh, Nao Takeshita, Shigeyuki Ishida, Hiroki Ninomiya, Yoshiyuki Yoshida, Hiroshi Eisaki, Hishiro T. Hirose, Taichi Terashima, Kenji Kawashima,","Journal of Alloys and Compounds,","2021, 882, 160733.",2021.0,https://doi.org/10.1016/j.jallcom.2021.160733,,10.1016/j.jallcom.2021.160733
AISIN IMRA(日本・aisin.com),"Calcium-free double-layered cuprate superconductors with critical temperature above 100 K” Hiroki Ninomiya, Kenji Kawashima, Akira Iyo, Hiroshi Fujihisa, Shigeyuki Ishida, Hiraku Ogino, Yoshiyuki Yoshida, Yoshito Gotoh, and Hiroshi Eisaki,","Communications Materials,","2021, 2, 13.",2021.0,https://doi.org/10.1038/s43246-020-00116-9,,10.1038/s43246-020-00116-9
AISIN IMRA(日本・aisin.com),"Experimental and Computational Determination of Optimal Boron Content in Layered Superconductor Sc20C8–xBxC20” Hiroki Ninomiya, Terunari Koshinuma, Taichiro Nishio, Hiroshi Fujihisa, Kenji Kawashima, Izumi Hase, Shigeyuki Ishida, Hiraku Ogino, Akira Iyo, Yoshiyuki Yoshida, Yoshito Gotoh, and Hiroshi Eisaki,","Inorganic Chemistry,","2020, 59(19), 14290-14295.",2020.0,https://doi.org/10.1021/acs.inorgchem.0c02090,,10.1021/acs.inorgchem.0c02090
AISIN IMRA(日本・aisin.com),"Arranging Diamagnetic Particles in a Modulated Magnetic Field Originating in Microelectromechanical Systems Compatible with an Integrated Circuit upon Halbach Array Magnet”  E. Ushijima, S. Fujimoto, and K. Nakazato,","ACS Omega 5,",23157 (2020).,2020.0,https://dx.doi.org/10.1021/acsomega.0c02933,,10.1021/acsomega.0c02933
AISIN IMRA(日本・aisin.com),"Structural Phase Transitions and Superconductivity Induced in Antiperovskite Phosphide CaPd3P” Akira Iyo, Hiroshi Fujihisa, Yoshito Gotoh, Shigeyuki Ishida, Hiroki Ninomiya, Yoshiyuki Yoshida, Hiroshi Eisaki, Hishiro T. Hirose, Taichi Terashima, and Kenji Kawashima,","Inorganic Chemistry,","2020, 59(17), 12397-12403.",2020.0,https://doi.org/10.1021/acs.inorgchem.0c01482,,10.1021/acs.inorgchem.0c01482
AISIN IMRA(日本・aisin.com),"酵素トランスデューサーと酵素技術展開―酵素センサ&バイオ電池,そして酵素処理応用(食品,医薬,修復)(Enzyme Transducers and Evolutions of Enzymatic Technology―Enzyme Sensors, Bio Batteries and Novel Enzymatic Approaches (Food, Medicine, Restoring) ―s)” 監修： 三林浩二,シーエムシー出版(2020/03/11) ISBN 978-4-7813-1488-4",第12章　酵素を担持した薄膜のバイオセンサー電極と電流変換素子への応用,重森 康司（110-121）,,,,
AISIN IMRA(日本・aisin.com),"Superconductivity in New 122- and 1144-type Fe-based Compounds” Kenji Kawashima, Hiroshi Fujihisa, Yoshito Gotoh, Izumi Hase, Shigeyuki Ishida, Hiraku Ogino, Hiroki Ninomiya, Yoshiyuki Yoshida, Hiroshi Eisaki, and Akira Iyo,","10th Asian Conference on Applied Superconductivity and Cryogenics (ACASC), 2nd International Cryogenic Materials Conference in Asia (Asian-ICMC), and the CSSJ meeting as a joint conference,",7D1-4 (7th January 2020).,2020.0,https://csj.or.jp/conference/10thACASC-2ndAsianICMC-CSSJ/index.html,,
AISIN IMRA(日本・aisin.com),"High-performance enzymatic biofuel cell based on flexible carbon cloth modified with MgO-templated porous carbon.” Niiyama, A., Murata, K., Shigemori, Y., Zebda, A., & Tsujimura, S.","Journal of Power Sources,","2019, 427:49-55.",2019.0,,,
AISIN IMRA(日本・aisin.com),"Superconductivity in Uncollapsed Tetragonal LaFe2As2” Akira Iyo, Hiroshi Fujihisa, Yoshito Gotoh, Shigeyuki Ishida, Yoshiyuki Yoshida, Hiroshi Eisaki, and Kenji Kawashima,","Journal of Physical Chemistry Letters,","2019, 10(5), 1018–1023.",2019.0,https://doi.org/10.1021/acs.jpclett.9b00321,,10.1021/acs.jpclett.9b00321
AISIN IMRA(日本・aisin.com),"Superconductivity induced by Mg deficiency in noncentrosymmetric phosphide Mg2Rh3P” Akira Iyo, Izumi Hase, Hiroshi Fujihisa, Yoshito Gotoh, Nao Takeshita, Shigeyuki Ishida, Hiroki Ninomiya, Yoshiyuki Yoshida, Hiroshi Eisaki, and Kenji Kawashima,","Physical Review Materials,","2019, 3, 124802.",2019.0,https://doi.org/10.1103/PhysRevMaterials.3.124802,,10.1103/physrevmaterials.3.124802
AISIN IMRA(日本・aisin.com),"Superconductivity in a Scandium Borocarbide with a Layered Crystal Structure” Hiroki Ninomiya, Kunihiko Oka, Izumi Hase, Kenji Kawashima, Hiroshi Fujihisa, Yoshito Gotoh, Shigeyuki Ishida, HIraku Ogino, Akira Iyo, Yoshiyuki Yoshida, and Hiroshi Eisaki,","Inorganic Chemistry,","2019, 58(22), 15629–15636.",2019.0,https://doi.org/10.1021/acs.inorgchem.9b02709,,10.1021/acs.inorgchem.9b02709
AISIN IMRA(日本・aisin.com),"Superconducting state in (La,Na,K)Fe2As2 and (La,Na)AFe4As4 (A=Rb,Cs)” Kenji Kawashima, Shigeyuki Ishida, Hiroshi Fujihisa, Yoshito Gotoh, Hiraku Ogino, Hiroshi Eisaki, Yoshiyuki Yoshida, Akira Iyo,","14th European Conference on Applied Superconductivity,",3-MP-FM-S16 (4th September 2019).,2019.0,https://www.eucas2019.org,,
AISIN IMRA(日本・aisin.com),"Unique defect structure and advantageous vortex pinning properties in superconducting CaKFe4As4” Shigeyuki Ishida, Akira Iyo, Hiraku Ogino, Hiroshi Eisaki, Nao Takeshita, Kenji Kawashima, Keiichi Yanagisawa, Yuuga Kobayashi, Koji Kimoto, Hideki Abe, Motoharu Imai, Jun-ichi Shimoyama, and Michael Eisterer,","npj Quantum Materials,","2019, 4, 27.",2019.0,https://doi.org/10.1038/s41535-019-0165-0,,10.1038/s41535-019-0165-0
AISIN IMRA(日本・aisin.com),"Conversion of Cellulose and Amino Acids to High-Value-Added Chemicals Using Saturated Steam” Seiichiro Yoshida, Keiichiro Matsushima, Tohru Joboji. 2019","AIChE Annual Meeting,","November 11, 2019",2019.0,https://www.aiche.org/conferences/aiche-annual-meeting/2019/proceeding/paper/197a-conversion-cellulose-and-amino-acids-high-value-added-chemicals-using-saturated-steam,,
AISIN IMRA(日本・aisin.com),Improved Conversion Efficiency of 10% for Solid-State Dye-Sensitized Solar Cells Utilizing P-type Semiconducting CuI and Multi-Dye Consisting of Novel Porphyrin Dimer and Organic Dyes,"J.Mater.Chem.A,","2018,6,22508-22512",2018.0,https://pubs.rsc.org/en/content/articlelanding/2018/ta/c8ta06418k,,
AISIN IMRA(日本・aisin.com),"Superconductivity in a 122-type Fe-based compound (La,Na,K)Fe2As2” Kenji Kawashima, Shigeyuki Ishida, Hiroshi Fujihisa, Yoshito Gotoh, Yoshiyuki Yoshida, Hiroshi Eisaki, Hiraku Ogino, and Akira Iyo,","Scientific reports,","2018, 8, 16827.",2018.0,https://doi.org/10.1038/s41598-018-34265-2,,10.1038/s41598-018-34265-2
AISIN IMRA(日本・aisin.com),"Fe-based Superconductors of (Ln0.5-xNa0.5+x)Fe2As2 (Ln = Ce, Pr)”. Akira Iyo, Kenji Kawashima, Shigeyuki Ishida, Hiroshi Fujihisa, Yoshito Gotoh, Yoshiyuki Yoshida and Hiroshi Eisaki,",Inorganic Chemistry,"2018, 57(15), 9223-9229.",2018.0,https://doi.org/10.1021/acs.inorgchem.8b01247,,10.1021/acs.inorgchem.8b01247
AISIN IMRA(日本・aisin.com),"Superconductivity in a New 1144-Type Family of (La,Na)AFe4As4 (A = Rb or Cs)” Kenji Kawashima, Shigeyuki Ishida, Hiroshi Fujihisa, Yoshito Gotoh, Kunihiro Kihou, Yoshiyuki Yoshida, Hiroshi Eisaki, Hiraku Ogino, and Akira Iyo,",Journal of Physical Chemistry Letters,"2018, 9, 868-873.",2018.0,https://doi.org/10.1021/acs.jpclett.8b00162,,10.1021/acs.jpclett.8b00162
AISIN IMRA(日本・aisin.com),"Superconductivity on Hole-Doping Side of (La0.5–xNa0.5+x)Fe2As2”. Akira Iyo, Kenji Kawashima, Shigeyuki Ishida, Hiroshi Fujihisa, Yoshito Gotoh, Hiroshi Eisaki, and Yoshiyuki Yoshida,",Journal of the American Chemical Society,"2018, 140, 369-374.",2018.0,,,
AISIN IMRA(日本・aisin.com),"鉄系超電導体EuAFe4As4(A = Rb, Cs)の超電導状態”, 川島健司, 石田茂之, 竹下直, 鬼頭聖, 岡邦彦, 木方邦宏, 後藤義人, 藤久裕司, 永崎洋, 吉田良行, 伊豫彰, 第78回応用物理学会秋季学術講演会, 6a-PB1-36 (2017年9月6日).",,,,https://confit.atlas.jp/guide/event/jsap2017a/top,,
AISIN IMRA(日本・aisin.com),"Synthesis and Superconductivity of a New Strontium Digermanide SrGe2 with the ThSi2　structure” Akira Iyo, Izumi Hase, Kenji Kawashima, Shigeyuki Ishida, Hijiri Kito, Nao Takeshita, Kunihiko Oka, Hiroshi Fujihisa, Yoshito Gotoh, Yoshiyuki Yoshida, and  Hiroshi Eisaki,",Inorganic Chemistry,"2017, 56, 8590-8595.",2017.0,https://doi.org/10.1021/acs.inorgchem.7b01446,,10.1021/acs.inorgchem.7b01446
AISIN IMRA(日本・aisin.com),"Interplay of hot electrons from localized and propagating plasmons” Chung V. Hoang, Koki Hayashi, Yasuo Ito, Naoki Gorai, Giles Allison, Xu Shi, Quan Sun, Zhenzhou Cheng, Kosei Ueno, Keisuke Goda and Hiroaki Misawa.","Nature Communications volume 8, Article number:",771 (2017),2017.0,https://doi.org/10.1038/s41467-017-00815-x,,10.1038/s41467-017-00815-x
AISIN IMRA(日本・aisin.com),"An efficient perovskite solar cell with symmetrical Zn(II) phthalocyanine infiltrated buffering porous Al2O3 as the hyblid interfacial hole-transporting layer,” P. Gao, K. T. Cho, A. Abate, G. Grancini, P. Y. Redd, M. Srinivas, M. Adachi, A. Suzuki, K. Tsuchimoto, M. Gratzel and Mohammed Khaja Nazeeruddin,","Phys. Chem. Chem. Phys.,","2016, 18, 27083-27089.",2016.0,https://dx.doi.org/10.1039/C6CP03396B,,10.1039/c6cp03396b
AISIN IMRA(日本・aisin.com),"Amphiphilic polymer mediators promoting electron transfer on bioanodes with PQQ-dependent glucose dehydrogenase. “Nakashima Y, Mizoshita N, Tanaka H, Nakaoki Y.","Langmuir,","2016, 32 (49), 12986–12994",2016.0,http://dx.doi.org/10.1021/acs.langmuir.6b03145,,10.1021/acs.langmuir.6b03145
AISIN IMRA(日本・aisin.com),"Superconductivity in Fe-Based Compound EuAFe4As4 (A = Rb and Cs)” Kenji Kawashima, Tatsuya Kinjo, Taichiro Nishio, Shigeyuki Ishida, Hiroshi Fujihisa, Yoshito Gotoh,  Kunihiro Kihou, Hiroshi Eisaki, Yoshiyuki Yoshida, and Akira Iyo,",Journal of the Physical Society of Japan,"2016, 85, 064710.",2016.0,https://doi.org/10.7566/JPSJ.85.064710,,10.7566/jpsj.85.064710
AISIN IMRA(日本・aisin.com),"New-Structure-Type Fe-Based Superconductors: CaAFe4As4 (A = K, Rb, Cs) and SrAFe4As4 (A = Rb, Cs)” Akira Iyo, Kenji Kawashima, Tatsuya Kinjo, Taichiro Nishio, Shigeyuki Ishida, Hiroshi Fujihisa, Yoshito Gotoh, Kunihiro Kihou, Hiroshi Eisaki, and Yoshiyuki Yoshida,",Journal of the American Chemical Society,"2016, 138, 3410-3415.",2016.0,https://doi.org/10.1021/jacs.5b12571,,10.1021/jacs.5b12571
AISIN IMRA(日本・aisin.com),"Electrochemical activation of a novel laccase, MELAC, isolated from compost.” Murata K, Shigemori Y, Tsujimura","S.Chem. Lett.,","2015, 44:654-5.",2015.0,http://dx.doi.org/10.1246/cl.150057,,10.1246/cl.150057
AISIN IMRA(日本・aisin.com),"Recovery and separation of rare earth elements using salmon milt.” Takahashi Y, Kondo K, Miyaji A, Watanabe Y, Fan Q, Honma T, Tanaka",K.PloS one,"2014, 9:e114858",2014.0,http://dx.doi.org/10.1371/journal.pone.0114858,,10.1371/journal.pone.0114858
AISIN IMRA(日本・aisin.com),"Novel ruthenium sensitizer with multiple butadiene equivalent thienyls as conjugation on ancillary ligand for dye-sensitized solar cells,” Thogiti Suresh, Ganugula Rajkumar, Surya Prakash Singh, Paidi Yella Reddy, Ashraful Islam, Liyuan Han, Malapaka Chandrasekharam","Organic Electronics, Volume","14, Issue 9, September 2013, Pages 2243-2248",2013.0,https://doi.org/10.1016/j.orgel.2013.04.048,,10.1016/j.orgel.2013.04.048
AISIN IMRA(日本・aisin.com),"Substitution of ethynyl-Thiophene chromophores on Ruthenium sensitzers: Influence on thermal and photovoltaic performance of dye sensitized solar cells”. Malapaka chendrasekharam, Gangula Raj Kumar, Thogoti Suresh, Paidi Yella Reddy.",Advances in Otoelectronics,"Vol 2012,doi 10.1155/2012/482074.",2012.0,http://dx.doi.org/10.1155/2012/482074,,10.1155/2012/482074
AISIN IMRA(日本・aisin.com),"A Glucose / O2 Biofuel Cell Using Recombinant Thermophilic Enzymes.” Wang X, Li D, Watanabe T, Shigemori Y, Mikawa T, Okajima T, Mao L, Ohsaka T",Int. J. Electrochem.,"Sci., 2012, 7: 1071-8.",2012.0,http://www.electrochemsci.org/papers/vol7/7021071.pdf,,
AISIN IMRA(日本・aisin.com)," Recovery and separation of rare earth elements using columns loaded with DNA-filter hybrid.” Takahashi Y, Kondo K, Miyaji A, Umeo M, Honma T., Asaoka S.",Analytical Sciences,"2012, 28:985-992",2012.0,http://doi.org/10.2116/analsci.28.985,,10.2116/analsci.28.985
AISIN IMRA(日本・aisin.com),"High spectral response heteroleptic ruthenium(II) complexes as sensitizers for dye sensitized solar cells,” Rajkumar G, Reddy PY, Srinivasa Rao C, Reddy MA, Raghavender M, Sreenivasu M, Suresh T and , Malapaka Chandrasekharam","Journal of chemical sciences, Volume 123, Issue","1, 2011, Pages 37-4.",2011.0,http://dx.doi.org/10.1007/s12039-011-0066-7,,10.1007/s12039-011-0066-7
AISIN IMRA(日本・aisin.com),"Ruthenium(II) bipyridyl with extended Pi system: Improved thermo-stable sensitizer for efficient and long term durable dye-sensitized solar cells,” Rajkumar G, Paidi Yella Reddy, Rao CS, Soujanya Y and , Malapaka Chandrasekharam","Journal of chemical sciences, Volume 123, Issue","5, 2011, Pages 555-565",2011.0,http://www.ias.ac.in/article/fulltext/jcsc/123/05/0555-0565,,
AISIN IMRA(日本・aisin.com),"Polypyridyl Ru(II)-sensitizers with extended -system enhances the performance of dye sensitized solar cells” Malapaka Chandrasekharam, Ganugula Rajkumar, Chikkam Srinivasa Rao, Thogiti Suresh, Marri Anil Reddy, Paidi Yella Reddy, Yarasi Soujanya, B. Takeru, Yum Jun-Ho, Mahammad Khaja Nazeeruddin, Michael Graetzel.",Syntheic Metals,2011;161(11);1098-1104.,2011.0,https://doi.org/10.1016/j.synthmet.2011.03.022,,10.1016/j.synthmet.2011.03.022
AISIN IMRA(日本・aisin.com),"Change of Dye Bath for Sensitization of Nano crystalline TiO2 Films Enhances Performance of Dye-Sensitized Solar Cells:   Malapaka Chandrasekharam, Ganugula Rajkumar, Chikkam Srinivasa Rao, Paidi Yella Reddy, Mannepalli Lakshmi Kantam",Advances in Opto Electronics,01/2011; 376369(9),2011.0,http://dx.doi.org/10.1155/2011/376369,,10.1155/2011/376369
AISIN IMRA(日本・aisin.com),"Phenothiazine conjugated bipyridine as ancillary ligand in Ru(II) -complexes for application in dye sensitized solar cell”.  Malapaka Chandrasekharam, Ganugula Rajkumar, Chikkam Srinivasa Rao, Thogiti Suresh, Paidi Yella Reddy",Synthetic Metals,08/2011; 161:1469-1476,2011.0,https://doi.org/10.1016/j.synthmet.2011.04.001,,10.1016/j.synthmet.2011.04.001
AISIN IMRA(日本・aisin.com),"Substitution of Carbazole Modified Fluorenes as π-Extension in Ru(II) Complex-Influence on Performance of Dye-Sensitized Solar Cells”. Malapaka chendrasekharam, Gangula Raj Kumar, Thogoti Suresh, Chikkam srinivasa Rao, Paidi Yella Reddy, Jun-Ho Yum, Mohammad Khaja Nazeeruddin and Michael Graetzel.",Advances in Otoelectronics,Vol 2011,2011.0,https://doi.org/10.1155/2011/963068,,10.1155/2011/963068
AISIN IMRA(日本・aisin.com),"A molecularly engineered fluorene-substituted Ru-complex for efficient mesoscopic dye sensitized solar cells:”   Malapaka Chandrasekharam, Ganugula Rajkumar, Chikkam Srinivasa Rao, Thogiti Suresh, Paidi Yella Reddy, Jun-Ho Yum, Mahammad Khaja Nazeeruddin, Michael Graetzel Advances in Natural Sciences:",Nanoscience and Nanotechnology.,08/2011; 2(3):035016.,2011.0,http://iopscience.iop.org/article/10.1088/2043-6262/2/3/035016,,
AISIN IMRA(日本・aisin.com),"Synthesis and Photoelectrochemical Characterization of a High Molar Extinction Coefficient Heteroleptic Ruthenium(II) complex,” Giribabu, L.; Singh, V. K.; Sreenivasu, M.; Kumar, Ch. V.; Soujanya, Y.; Reddy, P. Y.;",J. Chem. Sci.,"123, 371-378, (2011).",2011.0,https://doi.org/10.1007/s12039-011-0096-1,,10.1007/s12039-011-0096-1
AISIN IMRA(日本・aisin.com),"Organic-Ruthenium(II) Polypyridyl Complex Based Sensitizer for Dye-Sensitized Solar cells Applications,” Giribabu, L.; Singh, V. K.; Kumar, Ch. V.; Soujanya, Y.; Reddy, V. G.; Reddy, P. Y. Adv.",Optoelectronics. Article,ID 294353 (2011).,2011.0,http://dx.doi.org/10.1155/2011/294353,,10.1155/2011/294353
AISIN IMRA(日本・aisin.com),"Triphenylamine-Phthalocyanine Based Sensitizer for Sensitization of Nanocrystalline TiO2 Films,” Giribabu, L.; Singh, V. K.; Kumar, Ch. V.; Soujanya, Y.; Reddy, P. Y.; Kantam, M. L.","Solar Energy,","85, 1204-1212, (2011).",2011.0,https://doi.org/10.1016/j.solener.2011.02.027,,10.1016/j.solener.2011.02.027
AISIN IMRA(日本・aisin.com),"A New Family of Heteroleptic Ruthenium(II) Polypyridyl complexes for Sensitization of Nanocrystalline TiO2 Films,” Giribabu, L.; Bessho, T.; Srinivasu, M.; VijayKumar, Ch.; Soujanya, Y.; Reddy, V. G.; Reddy, P. Y.; Yum, J. –H.; Gratzel, M.; Nazeeruddin, M.",Dalton Trans.,"40, 4497-4504, (2011).",2011.0,https://doi.org/10.1039/c0dt01417f,,10.1039/c0dt01417f
AISIN IMRA(日本・aisin.com),"Enhancement of thermal stabilization of formaldehyde dehydrogenase from Pseudomonas putida by directed evolution.” Imamura C, Shigemori Y.",Biosci Biotechnol Biochem.,"2010, 74:1462-5.",2010.0,http://dx.doi.org/10.1271/bbb.100026 ,,10.1271/bbb.100026 
AISIN IMRA(日本・aisin.com),"Single-stranded DNA binding protein facilitates specific enrichment of circular DNA molecules using rolling circle amplification.” Mikawa T, Inoue J, Shigemori Y.",Anal Biochem.,"2009, 391:81-4.",2009.0,http://dx.doi.org/10.1016/j.ab.2009.05.013,,10.1016/j.ab.2009.05.013
AISIN IMRA(日本・aisin.com),"Alkali-tolerant high-activity catalase from a thermophilic bacterium and its overexpression in Escherichia coli.” Ebara S, Shigemori Y.",Protein Expr Purif.,"2008, 57:255-60.",2008.0,http://dx.doi.org/10.1016/j.pep.2007.09.015,,10.1016/j.pep.2007.09.015
AISIN IMRA(日本・aisin.com),"New Infrared reflection absorption spectroscopy (IRRAS) system for observation of solid-solution interface biomaterials “Sayed M A, Uno H, Harada K, Tanaka K, Kim Y-H, Nakaoki Y, Okumura K, Tero R, Urisu T.",Chem Phys. Lett.,"2008, 466:235-239.",2008.0,http://dx.doi.org/10.1016/j.cplett.2008.10.039,,10.1016/j.cplett.2008.10.039
AISIN IMRA(日本・aisin.com),"Specific terminal labeling of DNA molecules.”Shigemori Y, Oishi　M.",Biotechniques.,"2007, 42(5):622-6.",2007.0,http://www.biotechniques.com/article/000112418,,
AISIN IMRA(日本・aisin.com),"Identification of strain specific genes in Rhodococcus erythropolis using a modified HiCEP method.” Mitani Y, Watanabe T, Kondo K, Tamura T.","Open Biotechnol. J.,","2007, 1: 66-71.",2007.0,http://dx.doi.org/10.2174/1874070700701010066,,10.2174/1874070700701010066
AISIN IMRA(日本・aisin.com),"Efficient Sensitization of Nanocrystalline TiO2 Films by a Near Infrared Absorbing Unsymmetrical Zinc Phthalocyanine,” Reddy, P.Y.; Giribabu, L.; Lyness, C.; Snaith, H.J.; Vijaykumar, Ch.; Chendrasekheram, M.; Lakshmikantam, M.; Hum, J.;, Kalyanasundaram, K.; Gratzel M.; Nazeeruddin, M.K. Angew.","Chem. Int. Ed. Eng.,","46, 373-376, (2007).",2007.0,https://doi.org/10.1002/anie.200603098,,10.1002/anie.200603098
AISIN IMRA(日本・aisin.com),"Advances in the development of genetic tools for the genus Rhodococcus.“Mitani Y, Nakashima N, Sallam K I, Toriyabe T, Kondo K, Tamura T.",ACTINOMYCETOLOGICA,"2006, 20: 55-61",2006.0,http://doi.org/10.3209/saj.20.55,,10.3209/saj.20.55
AISIN IMRA(日本・aisin.com),"Gene expression analysis using a modified HiCEP method applicable to prokaryotes: a study of the response of Rhodococcus to isoniazid and ethambutol. “Mitani Y, Suzuki K, Kondo K, Okumura K, Tamura T.",J Biotechnol.,"2006, 123:259-72",2006.0,http://dx.doi.org/10.1016/j.jbiotec.2005.11.004,,10.1016/j.jbiotec.2005.11.004
AISIN IMRA(日本・aisin.com),"Improvements of rolling circle amplification (RCA) efficiency and accuracy using Thermus thermophilus SSB mutant protein.” Inoue J, Shigemori Y, Mikawa T.",Nucleic Acids Res.,"2006, 34:e6933",2006.0,http://dx.doi.org/10.1093/nar/gkl350,,10.1093/nar/gkl350
AISIN IMRA(日本・aisin.com),"Functionalized Porphyrins for Dye Sensitized Solar Cells,” Giribabu, L.; Vijaykumar, Ch.; Reddy, P.Y.","J. Porphyrins Phthalocyanines,","10, 1007-1016, (2006).",2006.0,http://dx.doi.org/10.1142/S1088424606000351,,10.1142/s1088424606000351
AISIN IMRA(日本・aisin.com),"Conjugated Organic Dyes for Dye-Sensitized Solar Cells,” Giribabu, L.; Chandrasekharam, M.; Lakshmikantam, M.; Reddy, V.G.; Satyanaraya, D.; Rao, O.S.; Reddy, P.Y. Ind.",J. Chem. Sec.A.,"45A, 629-634, (2006).",2006.0,http://nopr.niscair.res.in/bitstream/123456789/17958/1/IJCA%2045A(3)%20629-634.pdf,,
AISIN IMRA(日本・aisin.com)," Stable triple-stranded DNA formation and its application to the SNP detection.” Shigemori Y, Oishi M.",DNA Res.,"2005, 12:441-9",2005.0,http://dx.doi.org/10.1093/dnares/dsi022,,10.1093/dnares/dsi022
AISIN IMRA(日本・aisin.com),"Multiplex PCR: use of heat-stable Thermus thermophilus RecA protein to minimize non-specific PCR products.” Shigemori Y, Mikawa T, Shibata T, Oishi M.Nucleic",Acids Res.,"2005, 33:e126",2005.0,http://dx.doi.org/10.1093/nar/gni111,,10.1093/nar/gni111
AISIN IMRA(日本・aisin.com),RecA-mediated multistrand formation for cloning PCR products into vectors: simplified process for 5'-rapid amplification of cDNA ends. Shigemori Y.,Anal Biochem.,"2005, 341:141-7.",2005.0,http://dx.doi.org/10.1016/j.ab.2005.03.016,,10.1016/j.ab.2005.03.016
AISIN IMRA(日本・aisin.com),A novel means of asymmetric linker attachment to DNA molecule by RecA-mediated multistranded DNA formation. Shigemori Y.,Anal Biochem.,"2005, 338:143-50.",2005.0,http://dx.doi.org/10.1016/j.ab.2004.10.045 ,,10.1016/j.ab.2004.10.045 
AISIN IMRA(日本・aisin.com),"Specific cleavage of DNA molecules at RecA-mediated triple-strand structure.” Shigemori Y, Oishi M. Nucl.",Acids Res.,"2004, 32 : e4.",2004.0,http://dx.doi.org/10.1093/nar/gnh004,,10.1093/nar/gnh004
AISIN IMRA(日本・aisin.com),"Marking of specific sequences in double-stranded DNA molecules—SNP detection and direct observation.” Shigemori Y, Haruta H, Okada T, Oishi",M.Genome Res.,"2004, 14: 2478-2485",2004.0,http://dx.doi.org/10.1101/gr.2789604 ,,10.1101/gr.2789604 
AISIN IMRA(米国・imra.com),Low noise resonant amplification by optical injection locking and residual phase noise cancellation,,"Optics Letters, Vol. 51, Issue 13, pp. 3613-3616 (2026)",2026.0,https://doi.org/10.1364/OL.603468,,10.1364/ol.603468
AISIN IMRA(米国・imra.com),"Long-wave mid-infrared cavity-enhanced frequency comb spectroscopy of cold, complex molecules",,"Optics Express, Vol. 34, Issue 4, pp. 6751-6767 (2026)",2026.0,https://doi.org/10.1364/OE.585687,,10.1364/oe.585687
AISIN IMRA(米国・imra.com),Terahertz amplification by injection locking of waveguide resonant tunneling diode,,"IEEE Journal of Quantum Electronics (2026), Vol. 62, no. 1, pp. 1-7 (2026)",2026.0,https://doi.org/10.1109/JQE.2026.3652530,,10.1109/jqe.2026.3652530
AISIN IMRA(米国・imra.com),Dual-wavelength Brillouin lasers as compact opto-terahertz references for low-noise microwave synthesis,,"Optics Express, Vol. 33, Issue 20, pp. 41777-41790 (2025)",2025.0,https://doi.org/10.1364/OE.569127,,10.1364/oe.569127
AISIN IMRA(米国・imra.com),Fully stabilized Er fiber comb at 1 GHz by harmonic modelocking,,"Optica, Vol. 12, Issue 9, pp. 1486-1491 (2025)",2025.0,https://doi.org/10.1364/OPTICA.568460,,10.1364/optica.568460
AISIN IMRA(米国・imra.com),Terahertz Molecular Frequency References: Theoretical Analysis of Optimal Instability,,"IEEE Transactions on Terahertz Science and Technology, Vol. 15, No. 6, pp. 1068-1074 (2025)",2025.0,https://doi.org/10.1109/TTHZ.2025.3592353,,10.1109/tthz.2025.3592353
AISIN IMRA(米国・imra.com),Dual wavelength Brillouin laser terahertz source stabilized to carbonyl sulfide rotational transition,,"Nature Communications, Vol. 16, 2411 (2025)",2025.0,https://doi.org/10.1038/s41467-025-57826-2,,10.1038/s41467-025-57826-2
AISIN IMRA(米国・imra.com),Pulsed Laser Ablation-synthesized FePt Nanoparticles Have Enhanced Catalytic Nitrite Reduction Activity,,"Catalysis Today, Vol. 453, 115254 (2025)",2025.0,https://doi.org/10.1016/j.cattod.2025.115254,,10.1016/j.cattod.2025.115254
AISIN IMRA(米国・imra.com),Green picosecond pulse over 10 µJ directly amplified by diode-pumped Pr3+:LiYF4 crystal,,"Optics Continuum, Vol. 4, Issue 2, pp. 237-244 (2025)",2025.0,https://doi.org/10.1364/OPTCON.543988,,10.1364/optcon.543988
AISIN IMRA(米国・imra.com),The impact of femtosecond fiber lasers in technology and science,,"Optics Communications Vol. 574, 131197 (2025)",2025.0,https://doi.org/10.1016/j.optcom.2024.131197,,10.1016/j.optcom.2024.131197
AISIN IMRA(米国・imra.com),Green pulse regenerative amplification using a Pr3+:LiYF4 crystal pumped by GaN blue laser diodes,,"Optics Express, Vol. 32, Issue 23, pp. 40499-40506 (2024)",2024.0,https://doi.org/10.1364/OE.541513,,10.1364/oe.541513
AISIN IMRA(米国・imra.com),Multimodal photoacoustic microscopy and optical coherence tomography ocular biomarker imaging in Alzheimer’s disease in mice,,"Biomedical Optics Express, Vol. 15, Issue 11, pp. 6340-6354 (2024)",2024.0,https://doi.org/10.1364/BOE.532042,,10.1364/boe.532042
AISIN IMRA(米国・imra.com),First fluoride ceramics lasing at 605 nm at ambient temperature fabricated from chemically synthesized powders,,"Scientific Reports, Vol. 14, 22894 (2024)",2024.0,https://doi.org/10.1038/s41598-024-73172-7,,10.1038/s41598-024-73172-7
AISIN IMRA(米国・imra.com),Brillouin laser-driven terahertz oscillator up to 3 THz with femtosecond-level timing jitter,,"Nature Photonics, Vol. 18, Issue 12, 1263–1268(2024)",2024.0,https://doi.org/10.1038/s41566-024-01513-z,,10.1038/s41566-024-01513-z
AISIN IMRA(米国・imra.com),Frequency ratio of the 229mTh nuclear isomeric transition and the 87Sr atomic clock,,"Nature, Vol. 633, Issue 8028, 63-70 (2024)",2024.0,https://doi.org/10.1038/s41586-024-07839-6,,10.1038/s41586-024-07839-6
AISIN IMRA(米国・imra.com),Multimodal Imaging-Guided Stem Cell Ocular Treatment,,"ACS Nano, Vol. 18, Issue 23, 14893-14906 (2024)",2024.0,https://pubs.acs.org/doi/10.1021/acsnano.3c10632,,
AISIN IMRA(米国・imra.com),Supercontinuum neural network and analog computing evaluation,,"Physical Review A, Vol.109, Issue 3, 033521 (2024)",2024.0,https://doi.org/10.1103/PhysRevA.109.033521,,10.1103/physreva.109.033521
AISIN IMRA(米国・imra.com),Two rings to rule them all,,"Science, Vol. 383, Issue 6687, p1057 (2024)",2024.0,https://doi.org/10.1126/science.ado0078,,10.1126/science.ado0078
AISIN IMRA(米国・imra.com),Single-channel 240-Gbit/s sub-THz wireless communications using ultra-low phase noise receive,,"IEICE Electronics Express, Vol. 21, Issue 3, 20230584 (2024)",2024.0,https://doi.org/10.1587/elex.20.20230584,,10.1587/elex.20.20230584
AISIN IMRA(米国・imra.com),Terahertz microcomb oscillator stabilized by molecular rotation,,"APL Photonics Vol. 9, Issue 1, 010802 (2024)",2024.0,https://doi.org/10.1063/5.0175547,,10.1063/5.0175547
AISIN IMRA(米国・imra.com),300 GHz Wireless Link Based on Whole Comb Modulation of Integrated Kerr Soliton Combs,,"IEEE Photonics journal, Vol.15, Issue 6, 7304809 (2023)",2023.0,https://doi.org/10.1109/JPHOT.2023.3325088,,10.1109/jphot.2023.3325088
AISIN IMRA(米国・imra.com),Flexible Synthesis Scheme and Application of AuNP Surface-Conjugatable Metaiodobenzylguanidine Derivatives for Enhanced Cellular Internalization,,"ACS Materials Letters Vol. 5, Issue 11, 2971–2977 (2023)",2023.0,https://pubs.acs.org/doi/10.1021/acsmaterialslett.3c00781,,
AISIN IMRA(米国・imra.com),60 Gbps real-time wireless communications at 300 GHz carrier using a Kerr microcomb-based source,,"APL Photonics, Vol. 8, Issue 6, 066106 (2023)",2023.0,https://doi.org/10.1063/5.0146957,,10.1063/5.0146957
AISIN IMRA(米国・imra.com),Renally Clearable Ultraminiature Chain-Like Gold Nanoparticle Clusters for Multimodal Molecular Imaging of Choroidal Neovascularization,,"Advanced Materials, Vol. 35, Issue 31, 2302069 (2023)",2023.0,https://doi.org/10.1002/adma.202302069,,10.1002/adma.202302069
AISIN IMRA(米国・imra.com),Computation using shaped supercontinuum generation within a neural network,,"Proc. SPIE 12405, Nonlinear Frequency Generation and Conversion: Materials and Devices XXII, 124050H (14 March 2023)",,https://doi.org/10.1117/12.2659759,,10.1117/12.2659759
AISIN IMRA(米国・imra.com),300-GHz-band Wireless Link Using Photonics-based Ultralow-noise Transmitter and Receiver,,"OFC 2023, Th1I.4",,https://doi.org/10.1364/OFC.2023.Th1I.4,,10.1364/ofc.2023.th1i.4
AISIN IMRA(米国・imra.com),Compact Yb fiber few-cycle pulse source based on precision pulse compression and shaping with an adaptive fiber Bragg grating,,"Optics Express Vol. 31, Issue 5, pp. 8393-8399 (2023)",2023.0,https://doi.org/10.1364/OE.483277,,10.1364/oe.483277
AISIN IMRA(米国・imra.com),Preparation and Evaluation of 64Cu-Radiolabled Dual-Ligand Multifunctional Gold Nanoparticles for Tumor Theragnosis,,"Pharmaceuticals Vo. 16, Issue 1, 71 (2023)",2023.0,https://doi.org/10.3390/ph16010071,,10.3390/ph16010071
AISIN IMRA(米国・imra.com),Temporal Self-Compression and Self-Frequency Shift of Submicrojoule Pulses at a Repetition Rate of 8 MHz,,"Physical Review Applied, Vol.18, Issue 6, 064069 (2022)",2022.0,https://doi.org/10.1103/PhysRevApplied.18.064069,,10.1103/physrevapplied.18.064069
AISIN IMRA(米国・imra.com),Precision frequency transfer with fiber frequency combs,,"Frontiers in Physics, Vol. 10, 1005074 (2022)",2022.0,https://doi.org/10.3389/fphy.2022.1005074,,10.3389/fphy.2022.1005074
AISIN IMRA(米国・imra.com),Age differential response to bevacizumab therapy in choroidal neovascularization in rabbits,,"Experimental Eye Research, Vol. 223, 109215 (2022)",2022.0,https://doi.org/10.1016/j.exer.2022.109215,,10.1016/j.exer.2022.109215
AISIN IMRA(米国・imra.com),Coherent frequency transfer with < 5*10−21 stability via a multi-branch comb with noise cancellation,,"Optics Express, Vol. 30, Issue 13, pp. 22957-22962 (2022)",2022.0,https://doi.org/10.1364/OE.461440,,10.1364/oe.461440
AISIN IMRA(米国・imra.com),Substrate patterning of organic light-emitting diodes for the simultaneous enhancement of the outcoupling efficiency and reduction of spectral shifting,,"Proc. SPIE PC12149, Organic Electronics and Photonics: Fundamentals and Devices III, PC1214913",,,,
AISIN IMRA(米国・imra.com),Direct Comb Vernier Spectroscopy for Fractional Isotopic Ratio Determinations,,"Sensors 2021, Vol.21, Issue 17 , 5883",,https://doi.org/10.3390/s21175883,,10.3390/s21175883
AISIN IMRA(米国・imra.com),"Long-Term, Noninvasive In Vivo Tracking of Progenitor Cells Using Multimodality Photoacoustic, Optical Coherence Tomography, and Fluorescence Imaging",,"ACS Nano, Vol.15, Issue 8, 13289–13306 (2021)",2021.0,https://doi.org/10.1021/acsnano.1c03035,,10.1021/acsnano.1c03035
AISIN IMRA(米国・imra.com),"Functionalized contrast agents for multimodality photoacoustic microscopy, optical coherence tomography, and fluorescence microscopy molecular retinal imaging",,"Methods in Enzymology, Vol. 657, Pages 443-480 (2021)",2021.0,https://doi.org/10.1016/bs.mie.2021.06.038,,10.1016/bs.mie.2021.06.038
AISIN IMRA(米国・imra.com),Surpassing soliton compression limits in anomalous dispersion high-power erbium fiber comb,,"Optica, Vol. 8, Issue 6, pp. 846-853 (2021)",2021.0,https://doi.org/10.1364/OPTICA.427977,,10.1364/optica.427977
AISIN IMRA(米国・imra.com),Optically referenced 300 GHz millimetre-wave oscillator,,"Nature Photonics, Vol. 15, 516–522 (2021)",2021.0,https://doi.org/10.1038/s41566-021-00790-2,,10.1038/s41566-021-00790-2
AISIN IMRA(米国・imra.com),Effects of a quiet point on a Kerr microresonator frequency comb,,"OSA Continuum, Vol. 4, Issue 4, pp. 1348-1357 (2021)",2021.0,https://doi.org/10.1364/OSAC.422925,,10.1364/osac.422925
AISIN IMRA(米国・imra.com),"Au Nanobead Chains with Tunable Plasmon Resonance and Intense Optical Scattering: Scalable Green Synthesis, Monte Carlo Assembly Kinetics, Discrete Dipole Approximation Modeling, and Nano-Biophotonic Application",,"Chemistry of Materials, Vol. 33, Issue 8, 2913–2928 (2021)",2021.0,https://doi.org/10.1021/acs.chemmater.1c00336,,10.1021/acs.chemmater.1c00336
AISIN IMRA(米国・imra.com),Megawatt single mode femtosecond erbium fiber laser,,"Proceedings Vol. 11665, Fiber Lasers XVIII: Technology and Systems; 1166513 (2021)",2021.0,https://doi.org/10.1117/12.2577649,,10.1117/12.2577649
AISIN IMRA(米国・imra.com),Optimized femtosecond laser patterning of organic light-emitting diode substrates for the extraction of substrate guided modes,,"Japanese Journal of Applied Physics, Vol. 60, SBBG01 (2021)",2021.0,https://doi.org/10.35848/1347-4065/abd539,,10.35848/1347-4065/abd539
AISIN IMRA(米国・imra.com),Chain-like gold nanoparticle clusters for multimodal photoacoustic microscopy and optical coherence tomography enhanced molecular imaging,,"Nature Communications, Vol. 12, 34 (2021)",2021.0,https://doi.org/10.1038/s41467-020-20276-z,,10.1038/s41467-020-20276-z
AISIN IMRA(米国・imra.com),Etoposide-Bound Magnetic Nanoparticles Designed for Remote Targeting of Cancer Cells Disseminated Within Cerebrospinal Fluid Pathways,,"Frontiers in Neurology, Vol. 11, 596632 (2020)",2020.0,https://doi.org/10.3389/fneur.2020.596632,,10.3389/fneur.2020.596632
AISIN IMRA(米国・imra.com),Enhanced ablation using GHz-pulsed fs laser,,Proc. SPIE 11268,,https://www.spiedigitallibrary.org/conference-proceedings-of-spie/11268/1126809/Enhanced-ablation-using-GHz-pulsed-fs-laser/10.1117/12.2542582.short,,
AISIN IMRA(米国・imra.com),Milliwatt midinfrared from intrapulse difference frequency with a single erbium fiber laser,,Proc. SPIE 11264,,https://www.spiedigitallibrary.org/conference-proceedings-of-spie/11268/1126809/Enhanced-ablation-using-GHz-pulsed-fs-laser/10.1117/12.2542582.short?SSO=1,,
AISIN IMRA(米国・imra.com),"Continuous scanning of a dissipative Kerr-microresonator soliton comb for broadband, high-resolution spectroscopy",,"Optics Letters Vol. 45, Issue 4, pp. 927-930 (2020)",2020.0,https://doi.org/10.1364/OL.383036,,10.1364/ol.383036
AISIN IMRA(米国・imra.com),High-peak-power 918-nm laser light source based two-photon spinning-disk microscopy for green fluorophores,,"Biochemical and Biophysical Research Communications, Vol. 529, Issue 2, Pages 238-242 (2020)",2020.0,https://doi.org/10.1016/j.bbrc.2020.05.213,,10.1016/j.bbrc.2020.05.213
AISIN IMRA(米国・imra.com),300 GHz wave generation based on a Kerr microresonator frequency comb stabilized to a low noise microwave reference,,"Optics Letters Vol. 45, Issue 16, pp. 4377-4380 (2020)",2020.0,https://doi.org/10.1364/OL.398345,,10.1364/ol.398345
AISIN IMRA(米国・imra.com),In-system optimization of a hologram for high-stability parallel laser processing,,"Optics Letters Vol. 45, Issue 12, pp. 3344-3347 (2020)",2020.0,https://doi.org/10.1364/OL.392578,,10.1364/ol.392578
AISIN IMRA(米国・imra.com),Rovibrational quantum state resolution of the C60fullerene,,"Science, Vol. 363, Issue 6422, pp. 49-54",,https://science.sciencemag.org/content/363/6422/49.abstract,,
AISIN IMRA(米国・imra.com),Frequency-modulated comb LIDAR,,"APL Photonics Vol. 4, Issue 10, 106105 (2019)",2019.0,https://doi.org/10.1063/1.5120321,,10.1063/1.5120321
AISIN IMRA(米国・imra.com),300-GHz-band wireless communication using a low phase noise photonic source,,"2019 49th European Microwave Conference (EuMC), Paris, France, 2019, pp. 816-819",,https://doi.org/10.23919/EuMC.2019.8910724,,10.23919/eumc.2019.8910724
AISIN IMRA(米国・imra.com),High accuracy line positions of the ν1fundamental band of14N216O,,"Journal of Quantitative Spectroscopy and Radiative Transfer, Vol. 211, pp. 172-178",,https://www.sciencedirect.com/science/article/abs/pii/S002240731830058X,,
AISIN IMRA(米国・imra.com),Phase-stabilized 100 mW frequency comb near 10 μm,,"Applied Physics B, Vol 124, Article 128",,https://link.springer.com/article/10.1007/s00340-018-6996-8,,
AISIN IMRA(米国・imra.com),Ultra-broadband dual-branch optical frequency comb with 10−18instability,,"Optica, Vol. 5, Issue 9, pp. 1070-1077",,https://www.osapublishing.org/optica/abstract.cfm?uri=optica-5-9-1070,,
AISIN IMRA(米国・imra.com),Fast ultra-wideband microwave spectral scanning utilizing photonic wavelength- and time-division multiplexing,,"Optics Express, Vol. 25, Issue 16, pp. 18863-18871",,https://www.osapublishing.org/oe/abstract.cfm?uri=oe-25-16-18863,,
AISIN IMRA(米国・imra.com),"Low noise, self-referenced all polarization maintaining Ytterbium fiber laser frequency comb",,"Optics Express, Vol. 25, Issue 15, pp. 18017-18023",,https://www.osapublishing.org/oe/abstract.cfm?uri=oe-25-15-18017,,
AISIN IMRA(米国・imra.com),Laser-fabricated Gold Nanoparticles for Lateral Flow Immunoassays,,"Colloids and Surfaces B: Biointerfaces, Vol. 149, pp. 351-357",,http://www.sciencedirect.com/science/article/pii/S0927776516307391,,
AISIN IMRA(米国・imra.com),Broadly Tunable Difference Frequency Generation in Orientation -Patterned Gallium Phosphide,,"MICS 2016, Paper JT3A.4",,https://www.osapublishing.org/abstract.cfm?uri=mics-2016-JT3A.4&origin=search,,
AISIN IMRA(米国・imra.com),"Self-referenced, accurate and sensitive optical frequency comb spectroscopy with a virtually imaged phased array spectrometer",,"Optics Express, Vol. 23, Issue 20, pp. 26596-26603",,https://www.osapublishing.org/oe/abstract.cfm?uri=oe-23-20-26596,,
AISIN IMRA(米国・imra.com),Label-free imaging of gold nanoparticles in single live cells by photoacoustic microscopy,,Proc. SPIE 9708,,http://proceedings.spiedigitallibrary.org/proceeding.aspx?articleid=2504787,,
AISIN IMRA(米国・imra.com),Optical Frequency Comb Fourier Transform Spectroscopy with Resolution beyond the Path Difference Limit,,"CLEO 2016, Paper SW4H.1",,https://www.osapublishing.org/abstract.cfm?uri=CLEO_SI-2016-SW4H.1,,
AISIN IMRA(米国・imra.com),Difference Frequency Generation in Orientation-Patterned Gallium Phosphide,,"CLEO 2016, Paper Stu1Q.3",,https://www.osapublishing.org/abstract.cfm?uri=CLEO_SI-2016-STu1Q.3,,
AISIN IMRA(米国・imra.com),Optical Frequency Comb Spectroscopy at 3.3 and 5.2 μm by a TM:fiber-Laser-Pumped Optical Parametric Oscillator,,"CLEO 2016, Paper JF2K.6",,https://www.osapublishing.org/abstract.cfm?uri=CLEO_SI-2016-JF2K.6,,
AISIN IMRA(米国・imra.com),VIPA Spectrometer for Accurate and Sensitive Self-Referenced Frequency Comb Spectroscopy,,"CLEO 2016, Paper SW4H.7",,https://www.osapublishing.org/abstract.cfm?uri=cleo_si-2016-SW4H.7&origin=search,,
AISIN IMRA(米国・imra.com),Surpassing the path-limited resolution of Fourier-transform spectrometry with frequency combs,,"Physical Review A 93, 021802(R)",,http://journals.aps.org/pra/abstract/10.1103/PhysRevA.93.021802,,
AISIN IMRA(米国・imra.com),Narrow Linewidth Midinfrared Frequency Combs from Doubly-Resonant OPOs,,"MICS 2016, Paper MS3C.1",,https://www.osapublishing.org/abstract.cfm?uri=mics-2016-MS3C.1,,
AISIN IMRA(米国・imra.com),All polarization-maintaining ER fiber-based optical frequency combs with nonlinear amplifying loop mirror,,"Optics Express, Vol. 24, Issue 3, pp. 3095-3102",,https://www.osapublishing.org/oe/abstract.cfm?uri=oe-24-3-3095&origin=search,,
AISIN IMRA(米国・imra.com),Broadband midinfrared frequency comb with tooth scanning,,Proc. SPIE 9355,,http://proceedings.spiedigitallibrary.org/proceeding.aspx?articleid=2196657,,
AISIN IMRA(米国・imra.com),Midinfrared frequency comb from self-stable degenerate GaAs optical parametric oscillator,,"Optics Express, Vol. 23, Issue 20, pp. 26596-26603",,https://www.osapublishing.org/oe/abstract.cfm?uri=oe-23-20-26596,,
AISIN IMRA(米国・imra.com),Ultra-low noise all polarization-maintaining ER fiber-based optical frequency combs facilitated with a graphene modulator,,"Optics Express, Vol. 23, Issue 19, pp. 24342-24350",,https://www.osapublishing.org/oe/abstract.cfm?uri=oe-23-19-24342&origin=search,,
AISIN IMRA(米国・imra.com),ER comb fiber laser with fceo noise below 0.2 rad,,"CLEOPR 2015, Paper 25A2_2",,https://www.osapublishing.org/abstract.cfm?uri=cleopr-2015-25A2_2&origin=search,,
AISIN IMRA(米国・imra.com),Developments of mid-infrared optical parametric oscillators for spectroscopic sensing: a review,,"Optical Engineering, Vol. 53, Issue 6, 061613",,http://opticalengineering.spiedigitallibrary.org/article.aspx?articleid=1838804,,
AISIN IMRA(米国・imra.com),Midinfrared frequency combs from coherent supercontinuum in chalocogenide and optical parametric oscillation,,"Optics Letters, Vol. 39, No. 7, p. 2056 – 2059",,http://www.opticsinfobase.org/ol/abstract.cfm?URI=ol-39-7-2056&origin=search,,
AISIN IMRA(米国・imra.com),Phase Locked System for Dual Comb Molecular Spectroscopy at 2-6 &micro;m Based on Tm-fiber Laser,,"CLEO 2014, Paper SM2E.6",,https://www.osapublishing.org/abstract.cfm?uri=cleo_si-2014-SM2E.6&origin=search,,
AISIN IMRA(米国・imra.com),"High Repetition-Rate, Pulse-Burst Assisted Desorption, Electrospray Post-Ionization Mass Spectrometry",,"CLEO 2014, Paper AW1L.5",,https://www.osapublishing.org/abstract.cfm?uri=cleo_at-2014-AW1L.5,,
AISIN IMRA(米国・imra.com),"Carrier Envelope Offset Frequency of Doubly-Resonant, Non-Degenerate, mid-infrared GaAs Optical Parametric Oscillator",,"Optics Letters, Vol. 38, No. 8, pp. 1191-1193",,http://www.opticsinfobase.org/ol/abstract.cfm?uri=ol-38-8-1191,,
AISIN IMRA(米国・imra.com),Enantioselective Synthesis of Multisubstituted Biaryl Skeleton by Chiral Phosphoric Acid Catalyzed Desymmetrization/Kinetic Resolution Sequence,,"Journ. Of Amer. Chem. Soc., Vol. 135, pp. 3964-3970",,http://pubs.acs.org/doi/abs/10.1021/ja311902f,,
AISIN IMRA(米国・imra.com),Intermetallic PtPb Nanoparticles Prepared by Pulsed Laser Ablation in Liquid,,"Journ. Of Elec. Chem. Soc., Vol. 160, Issues 2, pp. F106-F110",,http://jes.ecsdl.org/content/160/2/F106.short,,
AISIN IMRA(米国・imra.com),Mid-IR Frequency Combs from Coherent Supercontinuum Generation in Chalcogenide Nano-Spike Waveguides,,"Frontiers in Optics, 2013, paper FTu2A.3",,https://www.osapublishing.org/abstract.cfm?uri=FiO-2013-FTu2A.3,,
AISIN IMRA(米国・imra.com),Mid-infrared Supercontinuum Generation in As2S3-silica “nano-spike” Step-index Waveguide,,"Optics Express, Vol. 21, Issue 9, pp. 10969-10977",,https://www.osapublishing.org/oe/abstract.cfm?uri=oe-21-9-10969,,
AISIN IMRA(米国・imra.com),Precision spectroscopy of NH3 at 9.1 μm by a comb-referenced quantum cascade laser,,"CLEO 2013, Paper JM3K.3",,http://www.opticsinfobase.org/abstract.cfm?uri=CLEO_AT-2013-JM3K.3,,
AISIN IMRA(米国・imra.com),Targeted delivery of peptide-conjugated Biocompatible Gold Nanoparticles into Cancer Cell Nucleus,,"SPIE Photonics West Feb. 2013, Vol 8595, paper 85951D",,http://proceedings.spiedigitallibrary.org/proceeding.aspx?articleid=1656104,,
AISIN IMRA(米国・imra.com),Direct frequency comb spectroscopy in the extreme ultraviolet,,"Nature Vol. 482, pp. 68-71",,http://dx.doi.org/10.1038/nature10711,,10.1038/nature10711
AISIN IMRA(米国・imra.com),Frequency comb metrology goes extreme UV,,SPIE Newsroom 10 July 2012,,http://dx.doi.org/10.1117/2.1201206.004297,,10.1117/2.1201206.004297
AISIN IMRA(米国・imra.com),Frequency comb stabilization with bandwidth beyond the limit of gain lifetime by an intracavity graphene electro-optic modulator,,"Opt. Lett. Vol. 37, No. 15, pp. 3084-3086",,http://dx.doi.org/10.1364/OL.37.003084,,10.1364/ol.37.003084
AISIN IMRA(米国・imra.com),Octave-spanning ultrafast OPO with 2.6 – 6.1 μm instantaneous bandwidth pumped by femtosecond Tm-fiber laser,,"Opt. Exp. Vol. 20, no. 7, pp. 7046-7053",,http://dx.doi.org/10.1364/OE.20.007046,,10.1364/oe.20.007046
AISIN IMRA(米国・imra.com),Stable Gold nanocolloids with controllable surface modification and functionalization,,"SPIE Proc. Vol. 8232\, p. 82320P",,http://dx.doi.org/10.1117/12.906451,,10.1117/12.906451
AISIN IMRA(米国・imra.com),Widely tunable mid-infrared difference frequency generation in orientation-patterned GaAs pumped with a femtosecond Tm-fiber system,,"Opt. Lett. Vol. 37, No. 14, pp. 2928-2930",,http://dx.doi.org/10.1364/OL.37.002928,,10.1364/ol.37.002928
AISIN IMRA(米国・imra.com),Advanced specialty fiber designs for fiber lasers,,"Proc. SPIE Vol. 7914, p. 791415",,http://dx.doi.org/10.1117/12.878831,,10.1117/12.878831
AISIN IMRA(米国・imra.com),Broadband phase noise suppression in a Yb-fiber frequency comb,,"Opt. Lett. Vol. 36, pp. 743-745",,https://www.osapublishing.org/ol/abstract.cfm?uri=ol-36-5-743,,
AISIN IMRA(米国・imra.com),Coherent Tm-fiber Raman-soliton amplifier,,2011 CLEOE Tech. Digest p. 1,,http://ieeexplore.ieee.org/document/5942876/,,
AISIN IMRA(米国・imra.com),Coherent transfer over 1.1 spectral octave with a fiber frequency comb,,2011 CLEOE Tech. Digest p. 1,,http://ieeexplore.ieee.org/document/5943515/,,
AISIN IMRA(米国・imra.com),Electrophoretic deposition of Cu-In composite nanoparticle thin films for fabrication of CuInSe2 solar cells,,"Proc. SPIE Vol. 8104, p. 81040W",,http://proceedings.spiedigitallibrary.org/proceeding.aspx?articleid=1272781,,
AISIN IMRA(米国・imra.com),"Fully stabilized, self-referenced Thulium fiber frequency comb",,2011 CLEOE Tech. Digest p. 1,,http://ieeexplore.ieee.org/document/5943710/,,
AISIN IMRA(米国・imra.com),Highly efficient and controllable PEGylation of Gold nanoparticles prepared by femtosecond laser ablation in water,,"J. Phys. Chem. C Vol. 115, No. 47, pp. 23293-23298",,http://pubs.acs.org/doi/abs/10.1021/jp2079567,,
AISIN IMRA(米国・imra.com),New developments in fiber-based frequency combs,,IEEE Phot. Conf. pp. 435-436,,http://ieeexplore.ieee.org/document/6110613/,,
AISIN IMRA(米国・imra.com),Power optimization of XUV frequency combs for spectroscopy applications,,"Opt. Exp. Vol. 19, No. 23, pp. 23483-23493",,https://www.osapublishing.org/oe/abstract.cfm?uri=oe-19-23-23483,,
AISIN IMRA(米国・imra.com),Pulse train amplitude modulation due to continuum resonances in GHz soliton fiber lasers,,2011 CLEOE Tech. Digest p. 1,,http://ieeexplore.ieee.org/document/5942875/,,
AISIN IMRA(米国・imra.com),Self frequency shift near 2 μm in periodically poled Lithium Niobate waveguides,,2011 CLEOE Tech. Digest p. 1,,http://ieeexplore.ieee.org/document/5942802/,,
AISIN IMRA(米国・imra.com),Supercontinuum generation in quasi-phasematched waveguides,,"Opt. Exp. Vol. 19, No. 20, pp. 18754-18773",,https://www.osapublishing.org/oe/abstract.cfm?uri=oe-19-20-18754,,
AISIN IMRA(米国・imra.com),Synthesis and electrophoretic deposition of composite metal nanoparticles and non-vacuum fabrication of CuInSe2 solar cells,,"Proc. SPIE Vol. 8110, p. 811009",,http://proceedings.spiedigitallibrary.org/proceeding.aspx?articleid=1341169,,
AISIN IMRA(米国・imra.com),Ultrabroadband coherent supercontinuum frequency comb,,"Phys. Rev. A Vol. 84, p. 011806",,https://journals.aps.org/pra/abstract/10.1103/PhysRevA.84.011806,,
AISIN IMRA(米国・imra.com),"80 W, 120 fs Yb-fiber frequency comb",,"Opt. Lett. Vol. 35, No. 18, pp. 3015-3017",,https://www.osapublishing.org/ol/abstract.cfm?uri=ol-35-18-3015,,
AISIN IMRA(米国・imra.com),Epitaxial Zn1-xMGxO films grown on (1 1 1) Si by pulsed laser deposition,,"Chem. Phys. Lett. Vol. 485, No. 4-6, pp. 363-366",,http://www.sciencedirect.com/science/article/pii/S0009261409015590,,
AISIN IMRA(米国・imra.com),Extending bandgap of air-core photonic bandgap fibers,,"Proc. SPIE Vol. 7839, p. 78390S",,http://proceedings.spiedigitallibrary.org/proceeding.aspx?articleid=726562,,
AISIN IMRA(米国・imra.com),Mid-infrared Fourier transform spectroscopy with a broadband frequency comb,,"Opt. Exp. Vol. 18, No. 21, pp. 21862-21872",,https://www.osapublishing.org/oe/abstract.cfm?uri=oe-18-21-21861,,
AISIN IMRA(米国・imra.com),Specialty fibers and their applications in fiber lasers,,"Proc. SPIE Vol. 7839, p. 783902",,http://proceedings.spiedigitallibrary.org/proceeding.aspx?articleid=726648,,
AISIN IMRA(米国・imra.com),Ultrafast pulsed laser micro-deposition printing on transparent media,,"Proc. SPIE Vol. 7590, p. 759002",,http://proceedings.spiedigitallibrary.org/proceeding.aspx?articleid=782754,,
AISIN IMRA(米国・imra.com),"200-fs, 2-mJ pulses from 1-kHz Yb3+ ,Na+ :CaF2 cryogenic amplifier",,2009 CLEOE-EQEC Tech. Digest p. 1,,http://ieeexplore.ieee.org/document/5192882/,,
AISIN IMRA(米国・imra.com),All-glass large-core leakage channel fibers,,"IEEE J. Select. Top. Quant. Elect. Vol. 15, No. 1, pp. 47 – 53",,http://ieeexplore.ieee.org/document/4773300/,,
AISIN IMRA(米国・imra.com),Diffraction-limited output from multi-core fibers using coherent beam combination and a diffractive optical element,,2009 CLEOE-EQEC Tech. Digest p. 1,,http://ieeexplore.ieee.org/document/5194556/,,
AISIN IMRA(米国・imra.com),Epitaxial ZnO films on (111) Si substrates with Sc2O3 buffer layers,,"Appl. Phys. Lett. Vol. 94, p. 122107",,http://aip.scitation.org/doi/10.1063/1.3095506,,
AISIN IMRA(米国・imra.com),Extending effective area of fundamental mode in optical fibers,,"J. Lightwave Tech. Vol. 27, No. 11, pp.1565-1570",,http://ieeexplore.ieee.org/document/4957561/,,
AISIN IMRA(米国・imra.com),Extremely large mode area optical fibers formed by thermal stress,,"Opt. Exp. Vol. 17, No. 14, pp. 11782-11793",,https://www.osapublishing.org/oe/abstract.cfm?uri=oe-17-14-11782,,
AISIN IMRA(米国・imra.com),Highly Ytterbium-doped Silica fibers with low photo-darkening,,"Opt. Exp. Vol. 17, No. 12, pp. 9924-9932",,https://www.osapublishing.org/oe/abstract.cfm?uri=oe-17-12-9924,,
AISIN IMRA(米国・imra.com),Large effective mode area optical fibers for high-power lasers,,"Proc. SPIE Vol. 7195, p. 71950N",,http://proceedings.spiedigitallibrary.org/proceeding.aspx?articleid=807433,,
AISIN IMRA(米国・imra.com),Latest developments of ultrafast fiber laser and its material applications,,"Proc. SPIE Vol. 7214, p. 72140R",,http://proceedings.spiedigitallibrary.org/proceeding.aspx?articleid=809537,,
AISIN IMRA(米国・imra.com),"Multi-mJ, 200-fs, cw-pumped, cryogenically cooled, Yb,Na:CaF2 amplifier",,"Opt. Lett. Vol. 34, No. 13, pp.2075-2077",,https://www.osapublishing.org/ol/abstract.cfm?uri=ol-34-13-2075,,
AISIN IMRA(米国・imra.com),"Phase-stabilized, 1.5 W frequency comb at 2.8 to 4.8 μm",,"Opt. Lett. Vol. 34, No. 9, pp.1330-1332",,https://www.osapublishing.org/ol/abstract.cfm?uri=ol-34-9-1330,,
AISIN IMRA(米国・imra.com),"Rapidly scanning, high resolution Yb fiber based comb-Fourier transform spectrometer",,2009 CLEOE-EQEC Tech. Digest p. 1,,http://ieeexplore.ieee.org/document/5191943/,,
AISIN IMRA(米国・imra.com),"Spectroscopy and lasing of cryogenically cooled Yb, Na:CaF2",,"Appl. Phys. B Vol. 97, No. 2, pp. 339-350",,http://link.springer.com/article/10.1007%2Fs00340-009-3740-4,,
AISIN IMRA(米国・imra.com),Ultrafast fiber laser technology,,"IEEE Sel. Top. Quant. Elect. Vol. 15, No. 1, pp. 191-206",,http://ieeexplore.ieee.org/document/4773318/,,
AISIN IMRA(米国・imra.com),Ultrashort pulse laser processing of transparent materials,,"JLMN Vol. 4, No. 3, pp. 212-217",,http://www.jlps.gr.jp/jlmn/upload/015f4dde29be069d048680af7c5cbfd4.pdf,,
AISIN IMRA(米国・imra.com),Ytterbium-doped all glass leakage fibers with highly Fluorine-doped silica pump cladding,,"Opt. Exp. Vol. 17, No. 11, pp. 8962-8969",,https://www.osapublishing.org/oe/abstract.cfm?uri=oe-17-11-8962,,
AISIN IMRA(米国・imra.com),All-glass endless single-mode photonic crystal fibers,,"Opt. Lett. Vol. 33, No. 21, pp.2440-2442",,https://www.osapublishing.org/ol/abstract.cfm?uri=ol-33-21-2440,,
AISIN IMRA(米国・imra.com),Analytical solution for nonlinear waveguide equation under Gaussian mode approximation,,"Proc. SPIE Vol. 6873, p. 68730V",,http://dx.doi.org/10.1117/12.774052,,10.1117/12.774052
AISIN IMRA(米国・imra.com),Approximate treatment of the nonlinear waveguide equation in the regime of nonlinear self-focus,,"J. Lightwave Tech. Vol. 26, No. 20, pp. 3476 – 3485",,http://dx.doi.org/10.1109/JLT.2008.925685,,10.1109/jlt.2008.925685
AISIN IMRA(米国・imra.com),Bend performance of leakage channel fibers,,"Opt. Exp. Vol. 16, No. 6, pp. 4278-4285",,http://dx.doi.org/10.1364/OE.16.004278,,10.1364/oe.16.004278
AISIN IMRA(米国・imra.com),Efficient supercontinuum generations in silica suspended core fibers,,"Opt. Exp. Vol. 16, No. 24, pp.19629-19642",,http://dx.doi.org/10.1364/OE.16.019629,,10.1364/oe.16.019629
AISIN IMRA(米国・imra.com),Fiber laser based hyperspectral sources,,"Laser Phys. Lett. Vol. 5, No. 1, pp. 11-21",,http://dx.doi.org/10.1002/lapl.200810090,,10.1002/lapl.200810090
AISIN IMRA(米国・imra.com),Growth of ZnO nanoparticles and nanorods with ultrafast pulsed laser deposition,,"Appl. Phys. A Vol. 93, No. 3, pp. 813-818",,http://dx.doi.org/10.1007/s00339-008-4754-1,,10.1007/s00339-008-4754-1
AISIN IMRA(米国・imra.com),Highly nonlinear suspended core Silica fibers,,"Opt. Exp. Vol. 16, No. 21, pp.16423-16430",,http://dx.doi.org/10.1364/OE.16.016423,,10.1364/oe.16.016423
AISIN IMRA(米国・imra.com),Micromachining with a high repetition rate femtosecond fiber laser,,"JLMN Vol. 3, No. 3, pp. 157-162",,http://dx.doi.org/10.2961/jlmn.2008.03.0006,,10.2961/jlmn.2008.03.0006
AISIN IMRA(米国・imra.com),Optical frequency comb with submilliHertz linewidth and more than 10 W average power,,"Nature Phot. Vol. 2, pp. 355-359",,http://dx.doi.org/10.1038/nphoton.2008.79,,10.1038/nphoton.2008.79
AISIN IMRA(米国・imra.com),Single-mode optical fibers with record core diameters,,2008 ECOC Tech. Digest pp. 1-2,,http://dx.doi.org/10.1109/ECOC.2008.4729557,,10.1109/ecoc.2008.4729557
AISIN IMRA(米国・imra.com),Structural modifications in Er-Yb doped phosphate glass induced by femtosecond laser waveguide writing,,"Proc. SPIE Vol. 6881, p. 688111",,http://dx.doi.org/10.1117/12.763982,,10.1117/12.763982
AISIN IMRA(米国・imra.com),Temperature dependence of Ytterbium-doped fiber amplifiers,,"JOSA B Vol. 25, No. 1, pp. 126-130",,http://dx.doi.org/10.1364/JOSAB.25.000126,,10.1364/josab.25.000126
AISIN IMRA(米国・imra.com),Terahertz near-field microscopy,,"Adv. Solid State Phys. Vol. 47, pp. 203-222",,http://link.springer.com/chapter/10.1007/978-3-540-74325-5_17,,
AISIN IMRA(米国・imra.com),Amphoteric Phosphorus doping for stable p-type ZnO,,"Adv. Mat. Vol. 19, no. 20, pp. 3333-3337",,http://onlinelibrary.wiley.com/doi/10.1002/adma.200700083/abstract,,
AISIN IMRA(米国・imra.com),Cavity-enhanced similariton Yb-fiber laser frequency comb: 3×1014 W/cm2 peak intensity at 136 MHz,,"Opt. Lett. Vol. 32, No. 19, pp.2870-2872",,https://www.osapublishing.org/ol/abstract.cfm?uri=ol-32-19-2870,,
AISIN IMRA(米国・imra.com),Compact 50W ultrashort pulse fiber laser for precision and high-speed material processing,,"Proc. SPIE Vol. 6453, p. 64530Z",,http://dx.doi.org/10.1117/12.713437,,10.1117/12.713437
AISIN IMRA(米国・imra.com),Er- and Yb-doped fiber laser frequency combs and their applications,,2007 LEOS Tech. Digest pp. 161-162,,http://ieeexplore.ieee.org/document/4288382/,,
AISIN IMRA(米国・imra.com),Fabrication of Sb-doped p-type ZnO thin films by pulsed laser deposition,,"Appl. Surf. Sci. Vol. 253, No. 11, pp. 5067-5069",,http://www.sciencedirect.com/science/article/pii/S0169433206014723,,
AISIN IMRA(米国・imra.com),Fabrication of p-type ZnMgO films via pulsed laser deposition method by using Li as dopant source,,"Appl. Surf. Sci. Vol. 253, No. 14, pp. 6060-6062",,http://www.sciencedirect.com/science/article/pii/S0169433207000220,,
AISIN IMRA(米国・imra.com),Fiber frequency combs,,"Proc. SPIE Vol. 6453, p. 645313",,http://dx.doi.org/10.1117/12.717322,,10.1117/12.717322
AISIN IMRA(米国・imra.com),Fundamental-mode operation in polarization-maintaining Ytterbium-doped fiber with an effective area of 1400 μm2,,"Opt. Lett. Vol. 32, No. 4, pp.358-360",,http://dx.doi.org/10.1364/OL.32.000358,,10.1364/ol.32.000358
AISIN IMRA(米国・imra.com),Generation of octave-spanning spectra inside reverse-proton-exchanged periodically poled Lithium Niobate waveguides,,"Opt. Lett. Vol. 32, No. 17, pp. 2478-2480",,http://dx.doi.org/10.1364/OL.32.002478,,10.1364/ol.32.002478
AISIN IMRA(米国・imra.com),High-power ultrashort-pulse fiber amplifiers,,"IEEE J. Select. Top. Quant. Elect. Vol. 22, No. 3, pp. 552-558",,http://dx.doi.org/10.1109/JSTQE.2007.896096,,10.1109/jstqe.2007.896096
AISIN IMRA(米国・imra.com),Investigation on ultraviolet photoconductivity in p-type ZnO thin films,,"Chem. Phys. Lett. Vol. 441, No. 1-3, pp. 115-118",,http://dx.doi.org/10.1016/j.cplett.2007.04.089,,10.1016/j.cplett.2007.04.089
AISIN IMRA(米国・imra.com),Leakage channel optical fibers with large effective area,,"JOSA B Vol. 24, No. 8, pp. 1689-1697",,http://dx.doi.org/10.1364/JOSAB.24.001689,,10.1364/josab.24.001689
AISIN IMRA(米国・imra.com),Microstructure and properties of epitaxial antimony-doped p-type ZnO films fabricated by pulsed laser deposition,,"Appl. Phys. Lett. Vol. 90, p. 242108",,http://dx.doi.org/10.1063/1.2747669,,10.1063/1.2747669
AISIN IMRA(米国・imra.com),Nanoparticle generation in ultrafast pulsed laser ablation of Nickel,,"Appl. Phys. Lett. Vol. 90, No. 4, p. 044103",,http://dx.doi.org/10.1063/1.2434168,,10.1063/1.2434168
AISIN IMRA(米国・imra.com),Octave-level spectral broadening in RPE PPLN waveguides,,2007 CLEO Tech. Digest pp. 1-2,,http://dx.doi.org/10.1109/CLEO.2007.4453030,,10.1109/cleo.2007.4453030
AISIN IMRA(米国・imra.com),Robust single-mode operation in 50 μm Ytterbium-doped leakage channel fibers,,"Proc. SPIE Vol. 6453, p. 645316",,http://dx.doi.org/10.1117/12.706121,,10.1117/12.706121
AISIN IMRA(米国・imra.com),Self referenced Yb-fiber-laser frequency comb using a dispersion micromanaged tapered holey fiber,,"Opt. Exp. Vol. 15, No. 19, pp.12161-12166",,http://dx.doi.org/10.1364/OE.15.012161,,10.1364/oe.15.012161
AISIN IMRA(米国・imra.com),Synthesis and properties of p-type nitrogen-doped ZnO thin films by pulsed laser ablation of a Zn-rich Zn3N2 target,,"J. Mat. Res. Vol. 22, No. 8, pp. 2339-2344",,http://dx.doi.org/10.1557/jmr.2007.0294,,10.1557/jmr.2007.0294
AISIN IMRA(米国・imra.com),Ultrafast pulsed laser ablation for synthesis of nanocrystals,,"Proc. SPIE Vol. 6645, p. 66450R",,http://dx.doi.org/10.1117/12.736522,,10.1117/12.736522
AISIN IMRA(米国・imra.com),ZnMgO quantum dots grown by low-pressure metal organic chemical vapor deposition,,"Appl. Phys. Lett. Vol. 90, No. 1, p. 012111",,http://dx.doi.org/10.1063/1.2428853,,10.1063/1.2428853
AISIN IMRA(米国・imra.com),"170 MHz spaced, self-referenced fiber-frequency-comb",,2006 CLEO Tech. Digest pp. 1-2,,http://dx.doi.org/10.1109/CLEO.2006.4628210,,10.1109/cleo.2006.4628210
AISIN IMRA(米国・imra.com),Bend-resistant fundamental mode operation in Ytterbium-doped leakage channel fibers with effective areas up to 3160 μm2,,"Opt. Exp. Vol. 14, No. 24, pp. 11512-11519",,http://dx.doi.org/10.1364/OE.14.011512,,10.1364/oe.14.011512
AISIN IMRA(米国・imra.com),Fiber chirped pulse amplification system for micromachining,,"Proc. SPIE Vol. 6343, p. 63430S",,http://dx.doi.org/10.1117/12.707699,,10.1117/12.707699
AISIN IMRA(米国・imra.com),Fiber-laser frequency combs with subHertz relative linewidths,,"Opt. Lett. Vol. 31, No. 21, pp. 3046-3048",,http://dx.doi.org/10.1364/OL.31.003046,,10.1364/ol.31.003046
AISIN IMRA(米国・imra.com),Fluorescence and Raman microscopy of waveguides fabricated using kHz and MHz repetition rate femtosecond lasers,,2006 CLEO Tech. Digest pp. 1-2,,http://dx.doi.org/10.1109/CLEO.2006.4627715,,10.1109/cleo.2006.4627715
AISIN IMRA(米国・imra.com),High energy-high repetition rate fiber laser system for precision micromachining with fundamental and second harmonic wavelengths,,"JLMN Vol. 1, No. 3, pp. 258-263",,http://dx.doi.org/10.2961/jlmn.2006.03.0021,,10.2961/jlmn.2006.03.0021
AISIN IMRA(米国・imra.com),High power femtosecond fiber chirped pulse amplification system for high speed micromachining,,"JLMN Vol. 1, No. 3, pp. 176-180",,http://dx.doi.org/10.2961/jlmn.2006.03.0005,,10.2961/jlmn.2006.03.0005
AISIN IMRA(米国・imra.com),High power frequency upconversion of ultra-fast fiber amplifiers,,2006 CLEO Tech. Digest pp. 1-2,,http://dx.doi.org/10.1109/CLEO.2006.4628179,,10.1109/cleo.2006.4628179
AISIN IMRA(米国・imra.com),High-power source of THz radiation based on orientation-patterned GaAs pumped by a fiber laser,,"Opt. Exp. Vol. 14, No. 10, pp. 4439-4444",,http://dx.doi.org/10.1364/OE.14.004439,,10.1364/oe.14.004439
AISIN IMRA(米国・imra.com),High power ultra-fast fiber amplifiers,,2006 CLEO Tech. Digest pp. 1-2,,http://dx.doi.org/10.1109/CLEO.2006.4627644,,10.1109/cleo.2006.4627644
AISIN IMRA(米国・imra.com),Integrated fiber-frequency comb using a PPLN waveguide for spectral broadening and CEO phase detection,,2006 CLEO Tech. Digest pp. 1-2,,http://dx.doi.org/10.1109/CLEO.2006.4628211,,10.1109/cleo.2006.4628211
AISIN IMRA(米国・imra.com),Large effective mode area fibers for high power lasers and amplifiers,,2006 LEOS Tech. Digest pp. 1-2,,http://dx.doi.org/10.1109/LEOSST.2006.1694008,,10.1109/leosst.2006.1694008
AISIN IMRA(米国・imra.com),Micromachining with a 50 W 50 μJ sub-picosecond fiber laser system,,"Opt. Exp. Vol. 14, No. 25, pp. 12546-12551",,http://dx.doi.org/10.1364/OE.14.012546,,10.1364/oe.14.012546
AISIN IMRA(米国・imra.com),"Optimized precision micromachining using commercially-available, high-repetition rate, microJoule, femtosecond fiber lasers",,"Proc. SPIE Vol. 6108, p. 61080Q",,http://dx.doi.org/10.1117/12.659866,,10.1117/12.659866
AISIN IMRA(米国・imra.com),P-type behavior in nominally undoped ZnO thin films by oxygen plasma,,"Appl. Phys. Lett. Vol. 88, No. 26, pp. 262103-262105",,http://dx.doi.org/10.1063/1.2217165,,10.1063/1.2217165
AISIN IMRA(米国・imra.com),Self-assembled periodic sub-wavelength structures by femtosecond laser direct writing,,"Opt. Exp. Vol. 14, No. 21, pp. 10117-10124",,http://dx.doi.org/10.1364/OE.14.010117,,10.1364/oe.14.010117
AISIN IMRA(米国・imra.com),Differential absorption spectroscopy for gas monitoring at sub-millimeter wavelengths,,2006 IRMMW-THz Conf. Digest p. 312,,http://dx.doi.org/10.1109/ICIMW.2006.368520,,10.1109/icimw.2006.368520
AISIN IMRA(米国・imra.com),Study on the Hall-effect and photoluminescence of N-doped p-typed ZnO thin films,,"Mat. Lett. Vol. 61, No. 1, pp. 41-44",,http://dx.doi.org/10.1016/j.matlet.2006.04.001,,10.1016/j.matlet.2006.04.001
AISIN IMRA(米国・imra.com),Three-dimensional micromachining inside transparent materials using femtosecond laser pulses: new applications,,2006 CLEO Tech. Digest pp. 1-2,,http://dx.doi.org/10.1109/CLEO.2006.4627978,,10.1109/cleo.2006.4627978
AISIN IMRA(米国・imra.com),Tunable 0.8 – 3.5 THz source based on fiber-laser pumped orientation-patterned GaAs,,2006 CLEO Tech. Digest pp. 1-2,,http://dx.doi.org/10.1109/CLEO.2006.4628204,,10.1109/cleo.2006.4628204
AISIN IMRA(米国・imra.com),Ultrafast high energy amplifiers beyond the B-integral limit,,"Proc. SPIE Vol. 6102, p. 61020Z",,http://dx.doi.org/10.1117/12.659365,,10.1117/12.659365
AISIN IMRA(米国・imra.com),Ultrashort pulse micromachining with the 10-μJ FCPA fiber laser,,"Proc. SPIE Vol. 6102, p. 61021",,http://dx.doi.org/10.1117/12.659451,,10.1117/12.659451
AISIN IMRA(米国・imra.com),230-kW peak power femtosecond pulses from a high power tunable source based on amplification in Tm-doped fiber,,"Opt. Exp. Vol. 13, No. 19, pp.7424-7431",,http://dx.doi.org/10.1364/OPEX.13.007424,,10.1364/opex.13.007424
AISIN IMRA(米国・imra.com),"An optimized Er all-fiber chirped pulse amplification system producing 570-fs, 310-nJ pulses",,"2005 CLEO Tech. Digest Vol. 3, pp. 1653-1655",,http://dx.doi.org/10.1109/CLEO.2005.202230,,10.1109/cleo.2005.202230
AISIN IMRA(米国・imra.com),Apertureless Terahertz near-field microsopy,,"Semicond. Sci. Technol. Vol. 20, No. 7, pp. S286-S292",,http://dx.doi.org/10.1088/0268-1242/20/7/020,,10.1088/0268-1242/20/7/020
AISIN IMRA(米国・imra.com),Breaking the limit of maximum effective area for robust guided single-mode propagation in optical fibres,,"Opt. Lett. Vol. 30, No. 21, pp. 2855-2857",,http://dx.doi.org/10.1364/OL.30.002855,,10.1364/ol.30.002855
AISIN IMRA(米国・imra.com),High energy femtosecond Yb cubicon fiber amplifier,,"Opt. Exp. Vol. 13, No. 12, pp. 4717-4722",,http://dx.doi.org/10.1364/OPEX.13.004717,,10.1364/opex.13.004717
AISIN IMRA(米国・imra.com),High energy fiber chirped pulse amplification system based on cubicons,,"2005 CLEO Tech. Digest Vol. 3, pp. 1650-1652",,http://dx.doi.org/10.1109/CLEO.2005.202229,,10.1109/cleo.2005.202229
AISIN IMRA(米国・imra.com),High power tunable femtosecond pulse source based on amplification in Tm fiber,,"2005 CLEO Tech. Digest Vol. 1, pp. 683-685",,http://dx.doi.org/10.1109/CLEO.2005.201888,,10.1109/cleo.2005.201888
AISIN IMRA(米国・imra.com),Integrated self-referenced frequency-comb laser based on a combination of fiber and waveguide technology,,"Opt. Exp. Vol. 13, No. 17, pp. 6490-6496",,http://dx.doi.org/10.1364/OPEX.13.006490,,10.1364/opex.13.006490
AISIN IMRA(米国・imra.com),Long-term carrier envelope phase-locking of a PM giber frequency comb source,,2005 OFC Tech. Digest Vol. 5,,http://dx.doi.org/10.1109/OFC.2005.193129,,10.1109/ofc.2005.193129
AISIN IMRA(米国・imra.com),MHz-rate ultrafast fiber laser for writing of optical waveguides in Silica glasses,,"Proc. SPIE Vol. 5714, pp. 253-260",,http://dx.doi.org/10.1117/12.590850,,10.1117/12.590850
AISIN IMRA(米国・imra.com),"Reliable, high-repetition-rate, femtosecond, microJoule fiber lasers for precision applications",,"Proc. SPIE Vol. 5714, pp. 63-72",,http://dx.doi.org/10.1117/12.598050,,10.1117/12.598050
AISIN IMRA(米国・imra.com),Temperature dependence of Ytterbium-doped fiber amplifiers,,"JOSA B Vol. 25, No. 1, pp. 126-130",,http://dx.doi.org/10.1364/JOSAB.25.000126,,10.1364/josab.25.000126
AISIN IMRA(米国・imra.com),Terahertz microscopy with submicrometre resolution,,"J. Opt. A Vol. 7, No. 2, pp. S184-189",,http://dx.doi.org/10.1088/1464-4258/7/2/024,,10.1088/1464-4258/7/2/024
AISIN IMRA(米国・imra.com),Thermal heating effects in writing optical waveguides with 0.1 – 5 MHz repetition rate,,"Proc. SPIE Vol. 5713, pp. 35-42",,http://dx.doi.org/10.1117/12.591058,,10.1117/12.591058
AISIN IMRA(米国・imra.com),Ultra-compact dispersion compensated femtosecond fiber oscillators and amplifiers,,"2005 CLEO Tech. Digest Vol. 3, pp. 1641-1643",,http://dx.doi.org/10.1109/CLEO.2005.202226,,10.1109/cleo.2005.202226
AISIN IMRA(米国・imra.com),Writing optical waveguides with a 0.1 – 5 MHz repetition rate femtosecond fiber laser,,"2005 CLEO Tech. Digest Vol. 3, pp. 2174-2176",,http://dx.doi.org/10.1109/CLEO.2005.202407,,10.1109/cleo.2005.202407
AISIN IMRA(米国・imra.com),220 nJ 1.10 ps pulses from an Er fiber chirped pulse amplification system based on compression in photonic band gap fiber,,"2004 LEOS Tech. Digest Vol. 2, pp. 729-730",,http://dx.doi.org/10.1109/LEOS.2004.1363446,,10.1109/leos.2004.1363446
AISIN IMRA(米国・imra.com),An optimized Er gain band all-fiber chirped pulse amplification system,,"Opt. Exp. Vol. 12, No. 26, pp. 6508-6514",,http://dx.doi.org/10.1364/OPEX.12.006508,,10.1364/opex.12.006508
AISIN IMRA(米国・imra.com),Chirped pulse amplification using a nonlinearly chirped fiber Bragg grating matched to the Treacy compressor,,"Opt. Lett. Vol. 29, No. 7. pp. 679-681",,http://dx.doi.org/10.1364/OL.29.000679,,10.1364/ol.29.000679
AISIN IMRA(米国・imra.com),Formulation of time-domain algorithm for fiber Bragg grating simulation and reconstruction,,"IEEE J. Quant. Elect. Vol. 40, No. 8, pp. 1087-1098",,http://dx.doi.org/10.1109/JQE.2004.831633,,10.1109/jqe.2004.831633
AISIN IMRA(米国・imra.com),Frequency metrology with a turnkey all-fiber system,,"Opt. Lett. Vol. 29, No. 21, pp. 2467-2469",,http://dx.doi.org/10.1364/OL.29.002467,,10.1364/ol.29.002467
AISIN IMRA(米国・imra.com),Identification of a resonant imaging process in apertureless near-field microscopy,,"Phys. Rev. Lett. Vol. 93, No. 26, pp. 267401-267404",,http://dx.doi.org/10.1103/PhysRevLett.93.267401,,10.1103/physrevlett.93.267401
AISIN IMRA(米国・imra.com),Laser ablation threshold and etch rate comparison between the ultrafast Yb fiber-based FCPA laser and a Ti:Sapphire laser for various materials,,"Proc. SPIE Vol. 5662, pp. 661-666",,http://dx.doi.org/10.1117/12.596573,,10.1117/12.596573
AISIN IMRA(米国・imra.com),Temporal pulse shaping using fiber laser technology: nano-scaling for flexible industrial laser material processing,,"Proc. SPIE Vol. 4830, pp. 352-356",,http://dx.doi.org/10.1117/12.486528,,10.1117/12.486528
AISIN IMRA(米国・imra.com),New fiber lasers with temporal pulse shaping of nanosecond pulses for tailoring flexible laser material processing for microelectronics production,,"SPIE Proc. Vol. 4977, pp. 38-45",,http://dx.doi.org/10.1117/12.479230,,10.1117/12.479230
AISIN IMRA(米国・imra.com),New versatile femtosecond fiber lasers,,"SPIE Proc. Vol. 4978, pp. 21-31",,http://dx.doi.org/10.1117/12.501655,,10.1117/12.501655
AISIN IMRA(米国・imra.com),Terahertz imaging with nanometer resolution,,"Appl. Phys. Lett. Vol. 83, No. 15, pp. 3009-3012",,http://dx.doi.org/10.1063/1.1616668,,10.1063/1.1616668
AISIN IMRA(米国・imra.com),Time-tailored laser pulses: a new approach for laser micromachining and microfabrication processing,,"SPIE Proc. Vol. 4984, pp. 202-209",,http://dx.doi.org/10.1117/12.477843,,10.1117/12.477843
AISIN IMRA(米国・imra.com),1-THz bandwidth C- and L-band optical sampling with a bit rate agile timebase,,"IEEE Phot. Tech. Lett. Vol. 14, No. 8, pp. 1148-1150",,http://dx.doi.org/10.1109/LPT.2002.1021998,,10.1109/lpt.2002.1021998
AISIN IMRA(米国・imra.com),Novel ultrashort-pulse fiber lasers and their applications,,"Proc. SPIE Vol. 4426, pp. 483-488",,http://dx.doi.org/10.1117/12.456810,,10.1117/12.456810
AISIN IMRA(米国・imra.com),Novel ultrashort pulse fiber lasers for micromachining applications,,"RIKEN Rev. Vol. 43, pp. 23-27",,http://www.riken.go.jp/lab-www/library/publication/review/conts/conts43.html,,
AISIN IMRA(米国・imra.com),"THz-radiation emitter and receiver system based on a 2T permanent magnet, 1040 nm compact fiber laser and pyroelectric thermal receiver",,"Jpn. J. Appl. Phys. Vol. 40, No. 11B, pp. L1223-L1225",,http://dx.doi.org/10.1143/JJAP.40.L1223,,10.1143/jjap.40.l1223
AISIN IMRA(米国・imra.com),Generation of dual-wavelength pulses by frequency doubling with quasi-phase-matching gratings,,"Opt. Lett. Vol. 26, No. 5, p. 268-270",,http://dx.doi.org/10.1364/OL.26.000268,,10.1364/ol.26.000268
AISIN IMRA(米国・imra.com),Generation of high-energy femtosecond pulses in multimode-core Yb-fiber chirped-pulse amplification systems,,"Opt. Lett. Vol. 26, No. 12, pp. 935-937",,http://dx.doi.org/10.1364/OL.26.000935,,10.1364/ol.26.000935
AISIN IMRA(米国・imra.com),Millijoule femtosecond all-fiber system,,2001 CLEO Tech. Digest pp. 1-2,,http://dx.doi.org/10.1109/CLEO.2001.947386,,10.1109/cleo.2001.947386
AISIN IMRA(米国・imra.com),Mode-scalable fiber-based chirped pulse amplification systems,,"IEEE J. Quant. Elect. Vol.7, No. 4, pp. 504 -517",,http://dx.doi.org/10.1109/2944.974221,,10.1109/2944.974221
AISIN IMRA(米国・imra.com),"Novel emitter and receiver system for THz radiation consisting of a 2-T permanent magnet, a 1040-nm compact fiber laser, and a room-temperature-operating thermal receiver",,2001 CLEO Tech. Digest p. 105,,http://dx.doi.org/10.1109/CLEO.2001.947543,,10.1109/cleo.2001.947543
AISIN IMRA(米国・imra.com),Pulse shaping by difference-frequency mixing with quasi-phase-matching gratings,,"JOSA B. Vol. 18, No. 4, p. 534",,http://dx.doi.org/10.1364/JOSAB.18.000534,,10.1364/josab.18.000534
AISIN IMRA(米国・imra.com),Tunable narrow-band Terahertz generation from periodically poled Lithium Niobate,,"Appl. Phys. Lett. Vol. 78, No. 23, pp. 3583-3585",,http://dx.doi.org/10.1063/1.1373406,,10.1063/1.1373406
AISIN IMRA(米国・imra.com),Ultra-broadband IR continuum generation and its phase measurement using cross-correlation FROG,,2001 CLEO Tech. Digest pp. 198-200,,http://dx.doi.org/10.1109/CLEO.2001.947702,,10.1109/cleo.2001.947702
AISIN IMRA(米国・imra.com),100 μJ and 5.5 W Yb-fiber femtosecond chirped pulse amplifier system,,2000 CLEO Tech. Digest p. 118,,http://dx.doi.org/10.1109/CLEO.2000.906801,,10.1109/cleo.2000.906801
AISIN IMRA(米国・imra.com),Bit error rate performance of ultrashort-pulse optical CDMA detection under multi-access interference,,"Electr. Lett. Vol. 36, No. 21, pp. 1795-1797",,http://dx.doi.org/10.1049/el:20001259,,10.1049/el:20001259
AISIN IMRA(米国・imra.com),"Compact THz-radiation source consisting of bulk semiconductor, a mode-locked fiber laser and a 2-T permanent magnet",,"Rev. Sci. Instr. Vol. 71, No. 2, pp. 554-556",,http://dx.doi.org/10.1063/1.1150240,,10.1063/1.1150240
AISIN IMRA(米国・imra.com),Generation and propagation of high–power parabolic pulses in optical fibers,,2000 CLEO Tech. Digest pp. 21-22,,http://dx.doi.org/10.1109/CLEO.2000.906678,,10.1109/cleo.2000.906678
AISIN IMRA(米国・imra.com),Generation of diffraction-limited femtosecond beams using spatially-multimode nanosecond pump sources in parametric chirped pulse amplification systems,,2000 CLEO Tech. Digest pp. 394-395,,http://dx.doi.org/10.1109/CLEO.2000.907166,,10.1109/cleo.2000.907166
AISIN IMRA(米国・imra.com),Generation of narrow-band Terahertz radiation via optical rectification of femtosecond pulses in periodically poled Lithium Niobate,,"Appl. Phys. Lett. Vol. 76, No. 18, pp. 2505-2507",,http://dx.doi.org/10.1063/1.126390,,10.1063/1.126390
AISIN IMRA(米国・imra.com),"Highly efficient, low-noise Yb femtosecond fiber source",,2000 CLEO Tech. Digest pp. 83-84,,http://dx.doi.org/10.1109/CLEO.2000.906754,,10.1109/cleo.2000.906754
AISIN IMRA(米国・imra.com),High-power compact ultrafast fiber laser,,"Proc. SPIE Vol. 3942, pp. 194-200",,http://proceedings.spiedigitallibrary.org/proceeding.aspx?articleid=918260,,
AISIN IMRA(米国・imra.com),Narrow-band THz waveforms from optical rectification of femtosecond optical pulses in periodically poled Lithium Niobate,,2000 CLEO Tech. Digest pp. 656-657,,http://ieeexplore.ieee.org/document/907490/,,
AISIN IMRA(米国・imra.com),Propagation and compression of high power parabolic pulses generating a high gain Yb:doped fiber amplifier,,2000 LEOE Tech. Digest p. 1,,http://ieeexplore.ieee.org/document/909949/,,
AISIN IMRA(米国・imra.com),Self-similar propagation and amplification of Parabolic pulses in optical fibers,,"Phys Rev. Lett. Vol. 84, No. 26, pp. 6010-6013",,https://journals.aps.org/prl/abstract/10.1103/PhysRevLett.84.6010,,
AISIN IMRA(米国・imra.com),Temperature dependence of narrow-band terahertz generation from periodically poled Lithium Niobate,,"Appl. Phys. Lett. Vol. 77, No. 9, pp. 1244-1246",,http://aip.scitation.org/doi/10.1063/1.1290046,,
AISIN IMRA(米国・imra.com),THz generation and detection using 1550-nm pulses from a fiber laser,,2000 CLEO Tech. Digest pp. 559-560,,http://ieeexplore.ieee.org/document/907386/,,
AISIN IMRA(米国・imra.com),Ultrafast fiber lasers: alternative light sources for industrial material processing,,"Proc. SPIE Vol. 4088, pp. 201-204",,http://proceedings.spiedigitallibrary.org/proceeding.aspx?articleid=914582,,
AISIN IMRA(米国・imra.com),Ultrafast pulse sources based on multi-mode optical fibers,,"Appl. Phys. B Vol. 70, No. 7, pp. 13-23",,http://link.springer.com/article/10.1007%2Fs003400000287,,
AISIN IMRA(米国・imra.com),Ultrashort-pulse second-harmonic generation with longitudinally nonuniform quasi-phase-matching gratings: pulse compression and shaping,,"JOSA B Vol. 17, No. 2, pp. 304-318",,https://www.osapublishing.org/josab/abstract.cfm?uri=josab-17-2-304,,
AISIN IMRA(米国・imra.com),1.5 μm pulse shaping by degenerate type II DFG with QPM gratings,,1999 CLEO Tech. Digest p. 190,,http://dx.doi.org/10.1109/CLEO.1999.834066,,10.1109/cleo.1999.834066
AISIN IMRA(米国・imra.com),Amplification in 1.2 – 1.7 μm communication window using OPA in PPLN waveguides,,"Elect. Lett. Vol. 35, No. 9, pp. 731-733",,http://dx.doi.org/10.1049/el:1999501,,10.1049/el:1999501
AISIN IMRA(米国・imra.com),CW passive mode-locking evolved from Qswitch mode-locking in Erbium doped fiber lasers,,1999 CLEO Tech. Digest pp. 440-441,,http://dx.doi.org/10.1109/CLEO.1999.834420,,10.1109/cleo.1999.834420
AISIN IMRA(米国・imra.com),Fiber lasers in ultrafast optics,,"Proc. SPIE Vol. 3616, pp. 14-24",,http://dx.doi.org/10.1117/12.351836,,10.1117/12.351836
AISIN IMRA(米国・imra.com),Low-noise amplification of high-power pulses in multimode fibers,,"IEEE Phot. Tech. Lett. Vol. 11, No. 6, pp. 650-652",,http://dx.doi.org/10.1109/68.766773,,10.1109/68.766773
AISIN IMRA(米国・imra.com),Nonlinearly limited saturable-absorber mode locking of an Erbium fiber laser,,"Opt. Lett. Vol. 24, No. 15, pp. 1074-1076",,http://dx.doi.org/10.1364/OL.24.001074,,10.1364/ol.24.001074
AISIN IMRA(米国・imra.com),Passively mode-locked multi-mode fiber laser,,1999 CLEO Tech. Digest p. 222,,http://dx.doi.org/10.1109/CLEO.1999.834109,,10.1109/cleo.1999.834109
AISIN IMRA(米国・imra.com),Portable THz system and its applications,,"Proc. SPIE Vol. 3616, pp. 126-135",,http://dx.doi.org/10.1117/12.351830,,10.1117/12.351830
AISIN IMRA(米国・imra.com),Pulse-resolved measurements of subharmonic oscillations in a Kerr-lens mode-locked Ti:Sapphire laser,,"JOSA B Vol. 16, No. 2, pp. 339-344",,http://dx.doi.org/10.1364/JOSAB.16.000339,,10.1364/josab.16.000339
AISIN IMRA(米国・imra.com),Sub-THz transmission spectroscopy in liquids using a stand-alone compact unit,,"1999 LEOS Conf. Proc. Vol. 2, pp. 576-577",,http://dx.doi.org/10.1109/LEOS.1999.811858,,10.1109/leos.1999.811858
AISIN IMRA(米国・imra.com),Tunable Er3+ fiber femtosecond source amplified to W-level average power at 1.03 – 1.06 μm in Yb3+ fiber,,1999 CLEO Tech. Digest p. CPD9/1,,http://dx.doi.org/10.1109/CLEO.1999.834610,,10.1109/cleo.1999.834610
AISIN IMRA(米国・imra.com),Ultra-wide tunable Er soliton fiber laser amplified in Yb-doped fiber,,"Opt. Lett. Vol. 24, No. 20, pp. 1428-1430",,http://dx.doi.org/10.1364/OL.24.001428,,10.1364/ol.24.001428
AISIN IMRA(米国・imra.com),A new Magnesium alloy for automotive powertrain applications,,SAE Tech. Paper 980086,,http://dx.doi.org/10.4271/980086,,10.4271/980086
AISIN IMRA(米国・imra.com),"Chirped-pulse-amplification circuits for fiber amplifiers, based on chirped-period quasiphase-matching gratings",,"Opt. Lett. Vol. 23, No. 21, pp. 1695-1697",,http://dx.doi.org/10.1364/OL.23.001695,,10.1364/ol.23.001695
AISIN IMRA(米国・imra.com),"Compact, reliable fiber laser systems for industrial applications",,"Proc. SPIE Vol. 3269, pp. 26-35",,http://dx.doi.org/10.1117/12.580606,,10.1117/12.580606
AISIN IMRA(米国・imra.com),Effects of cavity topology on the nonlinear dynamics of additive-pulse mode-locked lasers,,"JOSA B Vol. 15, No. 12, pp. 2847-2853",,http://dx.doi.org/10.1364/JOSAB.15.002847,,10.1364/josab.15.002847
AISIN IMRA(米国・imra.com),Effects of confinement on carrier dynamics in In0.47Ga0.53As heterostructures,,"Phys. Rev. B Vol. 58, No. 24, pp. 16326-16332",,http://dx.doi.org/10.1103/PhysRevB.58.16326,,10.1103/physrevb.58.16326
AISIN IMRA(米国・imra.com),Efficient Q-switched Ti:Er:LiNbO3 waveguide laser,,"Elect. Lett. Vol. 34, No. 12, pp. 1228-1230",,http://dx.doi.org/10.1049/el:19980888,,10.1049/el:19980888
AISIN IMRA(米国・imra.com),Engineerable femtosecond pulse shaping by second-harmonic generation with Fourier synthetic quasi-phase-matching gratings,,"Opt. Lett. Vol. 23, No. 11, pp. 864-866",,http://dx.doi.org/10.1364/OL.23.000864,,10.1364/ol.23.000864
AISIN IMRA(米国・imra.com),Frequency doubling of Er-doped multimode fiber compressor-amplifiers,,1998 CLEO Tech. Digest pp. 189-190,,http://dx.doi.org/10.1109/CLEO.1998.676037,,10.1109/cleo.1998.676037
AISIN IMRA(米国・imra.com),High-energy femtosecond pulse amplification in a quasi-phase-matched parametric amplifier,,"Opt. Lett. Vol. 23, No. 3, pp. 210-212",,http://dx.doi.org/10.1364/OL.23.000210,,10.1364/ol.23.000210
AISIN IMRA(米国・imra.com),High-energy high-average-power femtosecond fiber system using a QPM-grating pulse compressor,,1998 CLEO Tech. Digest p. 364,,http://dx.doi.org/10.1109/CLEO.1998.676310,,10.1109/cleo.1998.676310
AISIN IMRA(米国・imra.com),High-power 100-fs pulse generation by frequency doubling of an Erbium-Ytterbium-fiber master oscillator power amplifier,,"Opt. Lett. Vol. 23, No. 23, pp. 1840-1842",,http://dx.doi.org/10.1364/OL.23.001840,,10.1364/ol.23.001840
AISIN IMRA(米国・imra.com),High-power side-pumped passively mode-locked Er-Yb fiber laser,,"IEEE Phot. Tech. Lett. Vol. 10, No. 9, pp. 1247-1249",,http://dx.doi.org/10.1109/68.705605,,10.1109/68.705605
AISIN IMRA(米国・imra.com),High-power single-mode fiber amplifiers using multimode fibers,,1998 OFC Tech. Digest pp. 39-40,,http://dx.doi.org/10.1109/OFC.1998.657185,,10.1109/ofc.1998.657185
AISIN IMRA(米国・imra.com),"Microlaser pumped, engineerable bandwidth parametric chirped-pulse amplifier using electric-field-poled LiNbO3",,1998 CLEO Tech. Digest pp. 16-17,,http://dx.doi.org/10.1109/CLEO.1998.675801,,10.1109/cleo.1998.675801
AISIN IMRA(米国・imra.com),Noise considerations for ultrafast measurements,,"1998 LEOS Conf. Proc. Vol. 1, pp. 223-224",,http://dx.doi.org/10.1109/LEOS.1998.737810,,10.1109/leos.1998.737810
AISIN IMRA(米国・imra.com),Robust high-power and wavelength-tunable femtosecond fiber system based on engineerable PPLN devices,,Nonlin. Opt. 1998 Conf. Proc. pp. 265-267,,http://dx.doi.org/10.1109/NLO.1998.710278,,10.1109/nlo.1998.710278
AISIN IMRA(米国・imra.com),Single-mode excitation of multimode optical fibers with ultrashort pulses,,"Opt. Lett. Vol. 23, No. 1, pp. 52-54",,http://dx.doi.org/10.1364/OL.23.000052,,10.1364/ol.23.000052
AISIN IMRA(米国・imra.com),Time-domain jitter measurement of ultrafast fiber lasers,,1998 CLEO Tech. Digest pp. 188-189,,http://dx.doi.org/10.1109/CLEO.1998.676035,,10.1109/cleo.1998.676035
AISIN IMRA(米国・imra.com),Use of volume chirped Bragg gratings for compact high-energy chirped pulse amplification circuits,,1998 CLEO Tech. Digest p. 362,,http://dx.doi.org/10.1109/CLEO.1998.676304,,10.1109/cleo.1998.676304
AISIN IMRA(米国・imra.com),A monolithic Gallium Arsenide interval timer IC with integrated PLL clock synthesis having 500-ps single shot resolution,,"IEEE J. Solid-state Circ. Vol. 32, No. 9, pp. 1350-1356",,http://dx.doi.org/10.1109/4.628738,,10.1109/4.628738
AISIN IMRA(米国・imra.com),Cladding-pumped fiber laser amplifier system generating 100 μJ energy picosecond pulses,,"1997 CLEO Conf. Proc. Vol. 11, pp. 475 -476",,http://dx.doi.org/10.1109/CLEO.1997.603463,,10.1109/cleo.1997.603463
AISIN IMRA(米国・imra.com),Effect of confinement on energy-dependent dephasing in heterostructures,,"Phys. Rev. B Vol. 55, No. 23, p.15768",,http://dx.doi.org/10.1103/PhysRevB.55.15768,,10.1103/physrevb.55.15768
AISIN IMRA(米国・imra.com),Engineerable compression of ultrashort pulses by use of second-harmonic generation in chirped-period-poled Lithium Niobate,,"Opt. Lett. Vol. 22, No. 17, pp. 1341-1343",,http://dx.doi.org/10.1364/OL.22.001341,,10.1364/ol.22.001341
AISIN IMRA(米国・imra.com),Fiber-lasers for ultrafast optics,,"J. Appl. Phys. B Vol. 65, No. 2, pp. 259-275",,http://dx.doi.org/10.1007/s003400050272,,10.1007/s003400050272
AISIN IMRA(米国・imra.com),Fiber-laser-based femtosecond parametric generator in bulk periodically poled LiNbO3,,"Opt. Lett. Vol. 22, No. 2, pp. 105-107",,http://dx.doi.org/10.1364/OL.22.000105,,10.1364/ol.22.000105
AISIN IMRA(米国・imra.com),Frequency doubling of femtosecond erbium-fiber soliton lasers in periodically poled Lithium Niobate,,"Opt. Lett. Vol. 22, No. 1, pp. 13-15",,http://dx.doi.org/10.1364/OL.22.000013,,10.1364/ol.22.000013
AISIN IMRA(米国・imra.com),A new method for rapid temporal scanning of ultrafast lasers,,"IEEE J. Select. Top. Quant. Elect. Vol. 2, No. 3, pp. 605-621",,http://dx.doi.org/10.1109/2944.571759,,10.1109/2944.571759
AISIN IMRA(米国・imra.com),Alexandrite-pumped Alexandrite regenerative amplifier for femtosecond pulse amplification,,"Opt. Lett. Vol. 21, No. 2, pp. 128-130",,http://dx.doi.org/10.1364/OL.21.000128,,10.1364/ol.21.000128
AISIN IMRA(米国・imra.com),Broad-area diode-pumped 1 W femtosecond fiber system,,"1996 CLEO Tech. Digest, pp. 495-496",,http://ieeexplore.ieee.org/document/864974/,,
AISIN IMRA(米国・imra.com),Cladding pumped passive harmonically mode-locked fiber laser,,"Opt. Lett. Vol. 21, No. 13, pp. 970-972",,http://dx.doi.org/10.1364/OL.21.000970,,10.1364/ol.21.000970
AISIN IMRA(米国・imra.com),Cladding-pumped passively mode-locked fiber laser generating femtosecond and picosecond pulses,,"Opt. Lett. Vol. 21, No. 13, pp. 967- 969",,http://dx.doi.org/10.1364/OL.21.000967,,10.1364/ol.21.000967
AISIN IMRA(米国・imra.com),Femtosecond watt-level fiber amplification circuits,,"1996 LEOS Conf. Proc. Vol. 1, pp. 127-128",,http://dx.doi.org/10.1109/LEOS.1996.565158,,10.1109/leos.1996.565158
AISIN IMRA(米国・imra.com),Injection of ultrafast regenerative amplifiers with low energy femtosecond pulses from an Er-doped fiber laser,,"Opt. Comm. Vol. 132, No. 5-6, pp. 469-473",,http://dx.doi.org/10.1016/0030-4018(96)00403-8,,10.1016/0030-4018(96)00403-8
AISIN IMRA(米国・imra.com),Monolithic polarization-insensitive passively mode-locked fiber laser,,1996 OFC Conf. Proc. pp. 4-5,,http://dx.doi.org/10.1109/OFC.1996.907589,,10.1109/ofc.1996.907589
AISIN IMRA(米国・imra.com),Nanosecond-to-picosecond pulse compression with fiber gratings in a compact fiber-based chirped pulse amplification system,,"Opt. Lett. Vol. 21, No. 14, pp. 1049-1051",,http://dx.doi.org/10.1364/OL.21.001049,,10.1364/ol.21.001049
AISIN IMRA(米国・imra.com),Nonlinear effects in femtosecond pulse amplification using chirped fiber gratings,,1996 OFC Conf. Proc. pp. 225 -226,,http://dx.doi.org/10.1109/OFC.1996.908245,,10.1109/ofc.1996.908245
AISIN IMRA(米国・imra.com),"Synchronization of environmentally coupled, passively mode-locked fiber lasers",,"Opt. Lett. Vol. 4, No. 19, pp. 1570-1572",,http://dx.doi.org/10.1364/OL.21.001570,,10.1364/ol.21.001570
AISIN IMRA(米国・imra.com),All-fiber femtosecond pulse amplification circuit using chirped Bragg gratings,,"App. Phys. Lett. Vol. 66, No.9, pp.1053-1055",,http://dx.doi.org/10.1063/1.113571,,10.1063/1.113571
AISIN IMRA(米国・imra.com),Compact ultrahigh-power laser systems,,"Proc. SPIE Vol. 2377, pp. 117-126",,http://dx.doi.org/10.1117/12.206403,,10.1117/12.206403
AISIN IMRA(米国・imra.com),Controllable dual-wavelength operation of a femtosecond Neodymium fiber laser,,"Opt. Lett. Vol. 20, No. 2, pp. 195-197",,http://dx.doi.org/10.1364/OL.20.000195,,10.1364/ol.20.000195
AISIN IMRA(米国・imra.com),Environmentally stable high-power soliton fiber lasers that use chirped fiber Bragg gratings,,"Opt. Lett. Vol. 20, No. 15, pp. 1625 – 1627",,http://dx.doi.org/10.1364/OL.20.001625,,10.1364/ol.20.001625
AISIN IMRA(米国・imra.com),Femtosecond pulse amplification in cladding-pumped fibers,,"Opt. Lett. Vol. 20, No. 17, pp. 1797 – 1799",,http://dx.doi.org/10.1364/OL.20.001797,,10.1364/ol.20.001797
AISIN IMRA(米国・imra.com),Generation of 10 nJ picosecond pulses from a modelocked fiber laser,,"Elect. Lett. Vol. 31, No. 3, pp. 194-195",,http://dx.doi.org/10.1049/el:19950147,,10.1049/el:19950147
AISIN IMRA(米国・imra.com),High-power Neodymium soliton fiber laser that uses a chirped fiber grating,,"Opt. Lett. Vol. 20, No. 16, pp. 1701-1703",,http://dx.doi.org/10.1364/OL.20.001701,,10.1364/ol.20.001701
AISIN IMRA(米国・imra.com),Period-doubling and quasi-periodicity in additive-pulse mode-locked lasers,,"Opt. Lett. Vol. 20, No. 17, pp. 1794-1796",,http://dx.doi.org/10.1364/OL.20.001794,,10.1364/ol.20.001794
AISIN IMRA(米国・imra.com),Widely tunable femtosecond Neodymium fiber laser,,"Opt. Lett. Vo.l 20, No. 22, pp. 2303-2305",,http://dx.doi.org/10.1364/OL.20.002303,,10.1364/ol.20.002303
AISIN IMRA(米国・imra.com),All-fiber source of 100 nJ subpicosecond pulses,,"Appl. Phys. Lett. Vol. 64, No. 11, pp. 1315-1317",,http://dx.doi.org/10.1063/1.111919,,10.1063/1.111919
AISIN IMRA(米国・imra.com),Carrier relaxation in InGaAs heterostructures,,"App. Phys. Lett. Vol. 65, No. 12, pp. 1486-1488",,http://dx.doi.org/10.1063/1.112020,,10.1063/1.112020
AISIN IMRA(米国・imra.com),Environmentally stable Kerr-type mode-locked Erbium fiber laser producing 360 fs pulses,,"Opt. Lett. Vol. 19, No. 1, pp. 43-45",,http://dx.doi.org/10.1364/OL.19.000043,,10.1364/ol.19.000043
AISIN IMRA(米国・imra.com),High-power amplification of femtosecond optical pulses in a diode-pumped fiber system,,"Opt. Lett. Vol. 19, No. 16, pp. 1201-1203",,http://dx.doi.org/10.1364/OL.19.001201,,10.1364/ol.19.001201
AISIN IMRA(米国・imra.com),Hybrid diode-laser fiber-amplifier source of high-energy ultrashort pulses,,"Opt. Lett. Vol 19, No. 14, pp.1043-1045",,http://dx.doi.org/10.1364/OL.19.001043,,10.1364/ol.19.001043
AISIN IMRA(米国・imra.com),Ultrafast dynamics of the optical mode of a 1.5 micron multiple quantum well optical amplifier,,"Appl. Phys. Lett. Vol. 64, No. 21, pp. 2861-2863",,http://dx.doi.org/10.1063/1.111450,,10.1063/1.111450
AISIN IMRA(米国・imra.com),Ultrashort pulse sources based on single-mode rare-earth-doped fibers,,"J. Appl. Phys. B Vol. 58, No. 3, pp. 197-209",,http://dx.doi.org/10.1007/BF01081312,,10.1007/bf01081312
AISIN IMRA(米国・imra.com),42 fs pulse generation from a mode-locked fiber laser started with a moving mirror,,"Opt. Lett. Vol. 18, No. 5, pp. 367-369",,http://dx.doi.org/10.1364/OL.18.000367,,10.1364/ol.18.000367
AISIN IMRA(米国・imra.com),Generation of femtosecond optical pulses with nanoJoule energy from a diode laser and fiber based system,,"App. Phys. Lett. Vol. 63, No. 13, pp. 1742-1744",,http://dx.doi.org/10.1063/1.110701,,10.1063/1.110701
AISIN IMRA(米国・imra.com),Generation of pulses shorter than 200 fs from a passively mode-locked Er fiber laser,,"Opt. Lett. Vol. 18, No. 1, pp. 48-50",,http://dx.doi.org/10.1364/OL.18.000048,,10.1364/ol.18.000048
AISIN IMRA(米国・imra.com),Passive mode locking in Erbium fiber laser with negative group delay,,"Appl. Phys. Lett. Vol. 62, No. 9, pp. 910-912",,http://dx.doi.org/10.1063/1.108516,,10.1063/1.108516
AISIN IMRA(米国・imra.com),Shaping of ultrashort optical pulses by using an integrated acousto-optic tunable filter,,"Opt. Lett. Vol. 18, No. 18, pp. 1505-1507",,http://dx.doi.org/10.1364/OL.18.001505,,10.1364/ol.18.001505
AISIN IMRA(米国・imra.com),Synchronous mode locking using pump-induced phase modulation,,"Opt. Lett. Vol. 18, No. 18, 1993, pp. 1529-1531",,http://dx.doi.org/10.1364/OL.18.001529,,10.1364/ol.18.001529
AISIN IMRA(米国・imra.com),Characterization of ultrashort pulse formation in passively mode-locked fiber lasers,,"IEEE J. Quant. Elect. Vol. 28, No. 3, pp. 720-728",,http://dx.doi.org/10.1109/3.124997,,10.1109/3.124997
AISIN IMRA(米国・imra.com),Real-time picosecond electro-optic oscilloscope technique using a tunable semiconductor laser,,"Appl. Phys. Lett. Vol. 60, No. 2, pp. 145-147",,http://dx.doi.org/10.1063/1.107456,,10.1063/1.107456
AISIN IMRA(米国・imra.com),Recent advances in ultrashort optical pulse shaping for high-speed communications,,1992 LEOS Conf. Proc. pp. A41-A42,,http://dx.doi.org/10.1109/LEOSST.1992.697422,,10.1109/leosst.1992.697422
AISIN IMRA(米国・imra.com),Regenerative amplification in Alexandrite of pulses from specialized oscillators,,"IEEE J. Quant. Elect. Vol. 24, No. 6, pp. 1167-1171",,http://dx.doi.org/10.1109/3.239,,10.1109/3.239
