author_id,name,first_year,last_year,span,n_eligible,t_star,best_year,best_c10,best_cited_total,best_title,rank_frac,publication_year_histogram_json
A5110105785,K.H. Scheit,1948,1998,50,152,22,1970,59,92,A Pyrimidine nucleoside in the syn conformation: Molecular and crystal structure of 4-thiouridine-hydrate,0.28289473684210525,"{""1948"": 1, ""1962"": 4, ""1963"": 1, ""1964"": 2, ""1965"": 3, ""1966"": 6, ""1967"": 12, ""1968"": 3, ""1969"": 8, ""1970"": 5, ""1971"": 5, ""1972"": 1, ""1973"": 2, ""1974"": 2, ""1975"": 5, ""1976"": 3, ""1977"": 4, ""1978"": 2, ""1979"": 2, ""1981"": 6, ""1982"": 2, ""1983"": 1, ""1984"": 5, ""1985"": 3, ""1986"": 4, ""1987"": 9, ""1988"": 9, ""1989"": 4, ""1990"": 12, ""1991"": 4, ""1992"": 3, ""1993"": 5, ""1994"": 9, ""1995"": 3, ""1996"": 1, ""1998"": 1}"
A5056054126,Shahul Nilar,1980,2015,35,30,31,2011,133,164,Inhibition of Dengue Virus through Suppression of Host Pyrimidine Biosynthesis,0.7833333333333333,"{""1980"": 2, ""1981"": 1, ""1983"": 1, ""1984"": 1, ""1990"": 1, ""1991"": 1, ""1992"": 1, ""1993"": 1, ""1994"": 1, ""1995"": 2, ""1996"": 1, ""1997"": 1, ""2003"": 2, ""2006"": 1, ""2008"": 1, ""2009"": 1, ""2010"": 3, ""2011"": 2, ""2012"": 2, ""2013"": 2, ""2015"": 2}"
A5075965400,Martin V. Zombeck,1970,2007,37,95,3,1973,70,171,X-Ray Observations of Characteristic Structures and Time Variations from the Solar Corona: Preliminary Results from SKYLAB,0.021052631578947368,"{""1970"": 1, ""1973"": 1, ""1975"": 2, ""1976"": 3, ""1977"": 1, ""1978"": 3, ""1979"": 2, ""1980"": 2, ""1981"": 5, ""1982"": 7, ""1983"": 2, ""1984"": 1, ""1985"": 1, ""1986"": 3, ""1988"": 1, ""1989"": 1, ""1990"": 8, ""1991"": 4, ""1992"": 3, ""1993"": 3, ""1994"": 6, ""1995"": 6, ""1996"": 5, ""1997"": 10, ""1998"": 2, ""1999"": 1, ""2000"": 7, ""2001"": 1, ""2003"": 1, ""2007"": 2}"
A5076508985,이명철,1974,2015,41,314,24,1998,8,8,가토에서 슬개건을 이용한 bone-tendon 자가이식과 bone-tendon-bone 자가이식의 치유에 관한 비교 연구,0.43312101910828027,"{""1974"": 1, ""1975"": 1, ""1976"": 2, ""1977"": 4, ""1978"": 1, ""1980"": 3, ""1981"": 1, ""1982"": 2, ""1983"": 5, ""1984"": 1, ""1985"": 3, ""1986"": 3, ""1987"": 9, ""1988"": 9, ""1989"": 13, ""1990"": 7, ""1991"": 6, ""1992"": 6, ""1993"": 5, ""1994"": 8, ""1995"": 13, ""1996"": 12, ""1997"": 10, ""1998"": 21, ""1999"": 12, ""2000"": 6, ""2001"": 9, ""2002"": 15, ""2003"": 11, ""2004"": 13, ""2005"": 8, ""2006"": 4, ""2007"": 11, ""2008"": 5, ""2009"": 6, ""2010"": 13, ""2011"": 15, ""2012"": 11, ""2013"": 8, ""2014"": 10, ""2015"": 11}"
A5109974899,M.G. Ursenbach,1985,2015,30,77,24,2009,80,123,The Challenge of Predicting Field Performance of Air Injection Projects Based on Laboratory and Numerical Modelling,0.7402597402597403,"{""1985"": 1, ""1987"": 1, ""1988"": 2, ""1990"": 2, ""1991"": 1, ""1992"": 2, ""1993"": 2, ""1994"": 1, ""1995"": 1, ""1996"": 3, ""1997"": 4, ""1998"": 1, ""1999"": 6, ""2000"": 1, ""2001"": 2, ""2002"": 3, ""2004"": 2, ""2005"": 4, ""2006"": 5, ""2007"": 8, ""2008"": 3, ""2009"": 3, ""2010"": 8, ""2011"": 3, ""2012"": 2, ""2013"": 2, ""2014"": 2, ""2015"": 2}"
A5108709184,V. S. Safronov,1957,2011,54,99,21,1978,56,150,The heating of the earth during its formation,0.5303030303030303,"{""1957"": 2, ""1958"": 4, ""1960"": 2, ""1961"": 1, ""1962"": 1, ""1963"": 1, ""1964"": 10, ""1965"": 3, ""1966"": 1, ""1967"": 1, ""1969"": 1, ""1971"": 2, ""1972"": 7, ""1973"": 1, ""1974"": 3, ""1975"": 1, ""1976"": 3, ""1977"": 6, ""1978"": 4, ""1979"": 2, ""1980"": 2, ""1982"": 3, ""1983"": 2, ""1984"": 2, ""1985"": 3, ""1986"": 1, ""1987"": 2, ""1988"": 1, ""1989"": 1, ""1990"": 4, ""1991"": 4, ""1992"": 2, ""1993"": 2, ""1994"": 2, ""1996"": 2, ""1997"": 1, ""1998"": 5, ""1999"": 1, ""2001"": 1, ""2007"": 1, ""2011"": 1}"
A5038768424,Rainer Sauerborn,1978,2015,37,154,36,2014,301,300,"Human health: impacts, adaptation, and co-benefits",0.8798701298701299,"{""1978"": 1, ""1989"": 4, ""1990"": 1, ""1991"": 2, ""1992"": 1, ""1994"": 1, ""1995"": 2, ""1996"": 5, ""1997"": 1, ""1998"": 2, ""1999"": 1, ""2000"": 2, ""2001"": 3, ""2002"": 7, ""2003"": 4, ""2004"": 7, ""2005"": 6, ""2006"": 8, ""2007"": 9, ""2008"": 5, ""2009"": 12, ""2010"": 12, ""2011"": 6, ""2012"": 14, ""2013"": 12, ""2014"": 14, ""2015"": 12}"
A5049440368,Theodore P. Labuza,1966,2015,49,195,44,2010,187,373,Feeding the World Today and Tomorrow: The Importance of Food Science and Technology,0.8307692307692308,"{""1966"": 2, ""1967"": 3, ""1968"": 4, ""1969"": 2, ""1970"": 4, ""1971"": 4, ""1972"": 7, ""1973"": 1, ""1974"": 2, ""1975"": 1, ""1976"": 9, ""1977"": 6, ""1978"": 5, ""1979"": 3, ""1980"": 7, ""1981"": 2, ""1982"": 3, ""1983"": 3, ""1984"": 2, ""1985"": 3, ""1986"": 4, ""1988"": 4, ""1989"": 5, ""1990"": 5, ""1991"": 6, ""1992"": 8, ""1993"": 3, ""1994"": 5, ""1995"": 1, ""1996"": 5, ""1997"": 2, ""1999"": 2, ""2000"": 5, ""2001"": 6, ""2002"": 1, ""2003"": 3, ""2004"": 2, ""2005"": 2, ""2006"": 5, ""2007"": 3, ""2008"": 6, ""2009"": 3, ""2010"": 5, ""2011"": 8, ""2012"": 7, ""2013"": 9, ""2014"": 6, ""2015"": 1}"
A5105933448,Yu. M. Popov,1959,2015,56,81,47,2006,27,53,Computer technologies in stability measurements on stationary states in dynamic biological systems,0.7407407407407407,"{""1959"": 1, ""1963"": 2, ""1964"": 1, ""1966"": 1, ""1967"": 2, ""1968"": 1, ""1969"": 3, ""1970"": 4, ""1972"": 1, ""1973"": 1, ""1974"": 5, ""1976"": 1, ""1977"": 3, ""1978"": 1, ""1981"": 4, ""1982"": 2, ""1985"": 1, ""1986"": 2, ""1987"": 1, ""1988"": 3, ""1989"": 5, ""1990"": 2, ""1992"": 2, ""1995"": 3, ""1998"": 1, ""1999"": 1, ""2001"": 1, ""2002"": 3, ""2005"": 1, ""2006"": 1, ""2007"": 4, ""2008"": 2, ""2009"": 1, ""2010"": 1, ""2011"": 1, ""2012"": 3, ""2013"": 1, ""2014"": 4, ""2015"": 4}"
A5016005700,Roy H. Stevens,1970,2015,45,92,19,1989,184,227,MOTHER-TO-INFANT TRANSMISSION OF HUMAN IMMUNODEFICIENCY VIRUS TYPE 1: ASSOCIATION WITH PREMATURITY OR LOW ANTI-gp120,0.625,"{""1970"": 1, ""1974"": 2, ""1975"": 1, ""1976"": 2, ""1977"": 7, ""1978"": 7, ""1979"": 5, ""1980"": 9, ""1981"": 5, ""1982"": 5, ""1983"": 4, ""1984"": 2, ""1985"": 1, ""1986"": 1, ""1987"": 3, ""1988"": 1, ""1989"": 2, ""1990"": 5, ""1992"": 1, ""1993"": 3, ""1994"": 2, ""1995"": 1, ""1996"": 1, ""1997"": 1, ""1998"": 2, ""1999"": 2, ""2000"": 1, ""2002"": 1, ""2003"": 1, ""2005"": 2, ""2007"": 1, ""2008"": 1, ""2009"": 2, ""2010"": 2, ""2012"": 3, ""2013"": 1, ""2015"": 1}"
A5060622228,M. Mohammad,1974,2015,41,17,13,1987,10,39,Methyl viologen neutral MV. 1. Preparation and some properties,0.29411764705882354,"{""1974"": 1, ""1979"": 1, ""1981"": 1, ""1985"": 1, ""1987"": 1, ""1988"": 1, ""1990"": 1, ""1991"": 2, ""1993"": 1, ""2000"": 1, ""2001"": 1, ""2005"": 1, ""2006"": 1, ""2013"": 1, ""2015"": 2}"
A5102718491,François Guyot,1986,2015,29,262,24,2010,290,446,The chemical composition of the Earth: Enstatite chondrite models,0.7690839694656488,"{""1986"": 2, ""1988"": 3, ""1989"": 2, ""1990"": 3, ""1991"": 4, ""1992"": 4, ""1993"": 7, ""1994"": 6, ""1995"": 3, ""1996"": 7, ""1997"": 8, ""1998"": 5, ""1999"": 7, ""2000"": 9, ""2001"": 11, ""2002"": 12, ""2003"": 21, ""2004"": 18, ""2005"": 6, ""2006"": 11, ""2007"": 9, ""2008"": 17, ""2009"": 21, ""2010"": 10, ""2011"": 13, ""2012"": 7, ""2013"": 13, ""2014"": 12, ""2015"": 11}"
A5055283597,C. K. Shearer,1981,2015,34,488,34,2015,213,224,"Magmatic volatiles (H, C, N, F, S, Cl) in the lunar mantle, crust, and regolith: Abundances, distributions, processes, and reservoirs",0.9754098360655737,"{""1981"": 1, ""1983"": 7, ""1984"": 3, ""1985"": 1, ""1986"": 3, ""1987"": 3, ""1988"": 5, ""1989"": 8, ""1990"": 8, ""1991"": 8, ""1992"": 8, ""1993"": 8, ""1994"": 12, ""1995"": 7, ""1996"": 13, ""1997"": 10, ""1998"": 15, ""1999"": 9, ""2000"": 13, ""2001"": 16, ""2002"": 16, ""2003"": 19, ""2004"": 24, ""2005"": 31, ""2006"": 31, ""2007"": 17, ""2008"": 22, ""2009"": 14, ""2010"": 19, ""2011"": 26, ""2012"": 25, ""2013"": 22, ""2014"": 39, ""2015"": 25}"
A5049852400,Arie Bialostocki,1975,2013,38,38,28,2003,41,48,On some developments of the Erdős–Ginzburg–Ziv Theorem II,0.6842105263157895,"{""1975"": 2, ""1978"": 1, ""1982"": 2, ""1983"": 1, ""1986"": 4, ""1987"": 1, ""1989"": 2, ""1991"": 3, ""1992"": 1, ""1994"": 1, ""1995"": 1, ""1996"": 1, ""1998"": 2, ""2000"": 1, ""2001"": 1, ""2003"": 3, ""2005"": 2, ""2006"": 2, ""2007"": 2, ""2008"": 1, ""2009"": 2, ""2013"": 2}"
A5083831738,Carme Gallart,1987,2015,28,154,22,2009,396,560,THE ACS NEARBY GALAXY SURVEY TREASURY,0.7175324675324676,"{""1987"": 1, ""1989"": 1, ""1993"": 1, ""1994"": 5, ""1995"": 3, ""1996"": 6, ""1997"": 5, ""1998"": 2, ""1999"": 10, ""2000"": 3, ""2001"": 4, ""2002"": 10, ""2003"": 6, ""2004"": 6, ""2005"": 5, ""2006"": 11, ""2007"": 8, ""2008"": 17, ""2009"": 12, ""2010"": 5, ""2011"": 7, ""2012"": 4, ""2013"": 7, ""2014"": 6, ""2015"": 9}"
A5055128178,김용,1979,2015,36,690,28,2007,8,8,독립형 비전을 이용한 자동차용 Valve-seal의 자동 검사시스템 개발,0.5688405797101449,"{""1979"": 1, ""1982"": 1, ""1984"": 1, ""1985"": 1, ""1988"": 6, ""1989"": 4, ""1990"": 11, ""1991"": 5, ""1992"": 8, ""1993"": 7, ""1994"": 15, ""1995"": 13, ""1996"": 14, ""1997"": 19, ""1998"": 35, ""1999"": 24, ""2000"": 23, ""2001"": 28, ""2002"": 27, ""2003"": 31, ""2004"": 35, ""2005"": 27, ""2006"": 34, ""2007"": 44, ""2008"": 33, ""2009"": 42, ""2010"": 31, ""2011"": 25, ""2012"": 35, ""2013"": 35, ""2014"": 39, ""2015"": 36}"
A5085822027,P. J. Diamond,1976,2015,39,185,19,1995,585,1147,Evidence for a black hole from high rotation velocities in a sub-parsec region of NGC4258,0.15135135135135136,"{""1976"": 1, ""1982"": 2, ""1984"": 2, ""1985"": 1, ""1987"": 2, ""1988"": 6, ""1989"": 1, ""1991"": 2, ""1992"": 2, ""1993"": 1, ""1994"": 5, ""1995"": 5, ""1996"": 5, ""1997"": 9, ""1998"": 23, ""1999"": 11, ""2000"": 3, ""2001"": 7, ""2002"": 12, ""2003"": 8, ""2004"": 11, ""2005"": 9, ""2006"": 6, ""2007"": 10, ""2008"": 6, ""2009"": 4, ""2010"": 2, ""2011"": 7, ""2012"": 6, ""2013"": 9, ""2014"": 4, ""2015"": 3}"
A5017294353,Diana M. Popp,1962,2015,53,44,37,1999,160,220,Microtubule Dysfunction Induced by Paclitaxel Initiates Apoptosis through Both c-Jun N-terminal Kinase (JNK)-dependent and -Independent Pathways in Ovarian Cancer Cells,0.8636363636363636,"{""1962"": 2, ""1963"": 1, ""1964"": 2, ""1965"": 1, ""1967"": 1, ""1968"": 1, ""1969"": 3, ""1970"": 2, ""1973"": 2, ""1975"": 1, ""1977"": 1, ""1979"": 3, ""1982"": 2, ""1983"": 1, ""1984"": 1, ""1985"": 3, ""1986"": 2, ""1989"": 1, ""1990"": 1, ""1996"": 2, ""1997"": 2, ""1998"": 2, ""1999"": 1, ""2001"": 1, ""2003"": 1, ""2006"": 1, ""2012"": 1, ""2015"": 2}"
A5109527764,Hyundae Hong,1994,2014,20,14,12,2006,12,17,PelvicSim--a computational-experimental system for biomechanical evaluation of female pelvic floor organ disorders and associated minimally invasive interventions.,0.9285714285714286,"{""1994"": 2, ""1995"": 1, ""1997"": 4, ""1999"": 1, ""2002"": 2, ""2005"": 2, ""2006"": 1, ""2014"": 1}"
A5086150744,C. Verhoef,1993,2015,22,124,16,2009,255,280,The rise and fall of the Chaos report figures,0.8870967741935484,"{""1993"": 1, ""1994"": 2, ""1995"": 4, ""1996"": 5, ""1997"": 6, ""1998"": 4, ""1999"": 4, ""2000"": 5, ""2001"": 3, ""2002"": 13, ""2003"": 4, ""2004"": 7, ""2005"": 5, ""2006"": 13, ""2007"": 18, ""2008"": 13, ""2009"": 5, ""2011"": 1, ""2012"": 2, ""2013"": 4, ""2014"": 1, ""2015"": 4}"
A5110087452,Alan J. Freyer,1981,2009,28,139,14,1995,113,605,Novel Alkaloids from the Sponge Batzella sp.: Inhibitors of HIV gp120-Human CD4 Binding,0.7302158273381295,"{""1981"": 4, ""1982"": 5, ""1983"": 6, ""1984"": 16, ""1985"": 11, ""1986"": 11, ""1987"": 11, ""1988"": 5, ""1989"": 10, ""1990"": 8, ""1991"": 4, ""1993"": 4, ""1994"": 4, ""1995"": 4, ""1996"": 4, ""1997"": 15, ""1999"": 2, ""2000"": 3, ""2001"": 2, ""2002"": 6, ""2004"": 1, ""2006"": 2, ""2009"": 1}"
A5038345855,Anna Pandolfi,1993,2015,22,86,6,1999,358,1396,Finite-deformation irreversible cohesive elements for three-dimensional crack-propagation analysis,0.08139534883720931,"{""1993"": 1, ""1994"": 1, ""1998"": 2, ""1999"": 5, ""2000"": 7, ""2001"": 4, ""2002"": 4, ""2003"": 8, ""2004"": 2, ""2005"": 4, ""2006"": 3, ""2007"": 4, ""2008"": 7, ""2009"": 3, ""2010"": 6, ""2011"": 5, ""2012"": 5, ""2013"": 2, ""2014"": 7, ""2015"": 6}"
A5051570223,C. Bobeldijk,1961,1985,24,27,8,1969,32,48,Stability of the screw pinch,0.25925925925925924,"{""1961"": 1, ""1963"": 1, ""1966"": 1, ""1967"": 1, ""1968"": 1, ""1969"": 3, ""1970"": 2, ""1971"": 2, ""1973"": 2, ""1974"": 1, ""1975"": 1, ""1976"": 1, ""1977"": 1, ""1978"": 2, ""1980"": 1, ""1981"": 2, ""1983"": 3, ""1985"": 1}"
A5028521007,M. Tekielak,1986,2015,29,48,28,2014,71,76,Direct imaging of the magnetization reversal in microwires using all-MOKE microscopy,0.8958333333333334,"{""1986"": 1, ""1990"": 1, ""1993"": 1, ""1994"": 1, ""1995"": 1, ""1996"": 1, ""1997"": 1, ""2002"": 5, ""2003"": 3, ""2004"": 3, ""2006"": 3, ""2007"": 6, ""2008"": 3, ""2009"": 4, ""2010"": 2, ""2011"": 2, ""2013"": 2, ""2014"": 5, ""2015"": 3}"
A5042351590,S. Sampath,1955,2015,60,185,56,2011,834,1114,Graphene and graphene oxide as effective adsorbents toward anionic and cationic dyes,0.6459459459459459,"{""1955"": 1, ""1957"": 1, ""1958"": 1, ""1959"": 1, ""1960"": 2, ""1961"": 1, ""1979"": 1, ""1982"": 1, ""1983"": 1, ""1986"": 1, ""1988"": 1, ""1990"": 1, ""1994"": 1, ""1995"": 4, ""1996"": 4, ""1997"": 5, ""1998"": 2, ""1999"": 1, ""2000"": 2, ""2001"": 4, ""2002"": 7, ""2003"": 6, ""2004"": 8, ""2005"": 4, ""2006"": 11, ""2007"": 11, ""2008"": 7, ""2009"": 14, ""2010"": 8, ""2011"": 14, ""2012"": 14, ""2013"": 17, ""2014"": 15, ""2015"": 13}"
A5053260282,N. P. Bigelow,1983,2015,32,209,17,2000,264,492,Generation of Spin Squeezing via Continuous Quantum Nondemolition Measurement,0.47607655502392343,"{""1983"": 1, ""1984"": 1, ""1987"": 4, ""1989"": 3, ""1990"": 13, ""1991"": 3, ""1992"": 7, ""1993"": 9, ""1994"": 4, ""1995"": 3, ""1996"": 8, ""1997"": 13, ""1998"": 14, ""1999"": 11, ""2000"": 10, ""2001"": 8, ""2002"": 8, ""2003"": 9, ""2004"": 8, ""2005"": 12, ""2006"": 3, ""2007"": 10, ""2008"": 8, ""2009"": 7, ""2010"": 3, ""2011"": 7, ""2012"": 7, ""2013"": 6, ""2014"": 3, ""2015"": 6}"
A5010288017,Joacy Vicente Ferreira,1976,2015,39,16,34,2010,13,17,Carcinogenic potential of endosulfan and its metabolites based on a quantum chemical model,0.5625,"{""1976"": 1, ""1981"": 1, ""2002"": 1, ""2006"": 1, ""2008"": 2, ""2010"": 5, ""2012"": 2, ""2015"": 3}"
A5038553317,Richard Rosenstein,1968,1996,28,19,28,1996,46,172,Lower limb morphology and risk of overuse injury among male infantry trainees,1.0,"{""1968"": 1, ""1980"": 1, ""1988"": 3, ""1989"": 1, ""1990"": 2, ""1991"": 4, ""1992"": 3, ""1994"": 1, ""1995"": 2, ""1996"": 1}"
A5082489341,V. I. Faustov,1977,2011,34,55,21,1998,42,66,"The Prototype Ge−H Insertion Reaction of Germylene with Germane. Absolute Rate Constants, Temperature Dependence, RRKM Modeling and the Potential Energy Surface",0.5181818181818182,"{""1977"": 1, ""1979"": 5, ""1980"": 1, ""1982"": 5, ""1983"": 1, ""1986"": 2, ""1988"": 1, ""1989"": 2, ""1992"": 1, ""1993"": 1, ""1994"": 2, ""1995"": 4, ""1996"": 1, ""1998"": 2, ""2000"": 4, ""2001"": 2, ""2002"": 4, ""2003"": 2, ""2004"": 2, ""2005"": 2, ""2006"": 1, ""2007"": 1, ""2008"": 2, ""2009"": 3, ""2010"": 2, ""2011"": 1}"
A5081554960,Marco Giulioni,1980,2015,35,91,29,2009,72,115,Seizure outcome of epilepsy surgery in focal epilepsies associated with temporomesial glioneuronal tumors: lesionectomy compared with tailored resection,0.7747252747252747,"{""1980"": 1, ""1981"": 3, ""1982"": 3, ""1983"": 1, ""1984"": 4, ""1985"": 3, ""1986"": 2, ""1987"": 4, ""1988"": 1, ""1989"": 3, ""1990"": 1, ""1991"": 2, ""1992"": 3, ""1993"": 5, ""1994"": 2, ""1995"": 3, ""1996"": 3, ""1997"": 3, ""1998"": 2, ""2001"": 3, ""2003"": 1, ""2005"": 4, ""2006"": 5, ""2007"": 6, ""2008"": 1, ""2009"": 2, ""2010"": 5, ""2011"": 3, ""2012"": 5, ""2013"": 2, ""2014"": 2, ""2015"": 3}"
A5086623202,Harri Sievänen,1991,2015,24,266,24,2015,253,265,Exercise and Vitamin D in Fall Prevention Among Older Women,0.9624060150375939,"{""1991"": 1, ""1992"": 3, ""1993"": 4, ""1994"": 12, ""1995"": 6, ""1996"": 15, ""1997"": 10, ""1998"": 7, ""1999"": 15, ""2000"": 6, ""2001"": 13, ""2002"": 8, ""2003"": 18, ""2004"": 8, ""2005"": 6, ""2006"": 11, ""2007"": 12, ""2008"": 18, ""2009"": 7, ""2010"": 12, ""2011"": 18, ""2012"": 11, ""2013"": 9, ""2014"": 15, ""2015"": 21}"
A5008877659,M. V. Mikhailova,1994,2015,21,44,14,2008,28,40,Extreme flood on the Danube River in 2006,0.4318181818181818,"{""1994"": 1, ""2001"": 3, ""2002"": 1, ""2003"": 2, ""2004"": 2, ""2005"": 1, ""2006"": 4, ""2007"": 3, ""2008"": 3, ""2009"": 4, ""2010"": 5, ""2011"": 2, ""2012"": 3, ""2013"": 2, ""2014"": 1, ""2015"": 7}"
A5086788311,J. Roncin,1958,1998,40,73,9,1967,20,33,Etude par Résonance Paramagnétique Electronique des Radicaux Libres Produits par Irradiation γ à 77°K de Dérivés Globulaires du Méthane et du Silane,0.06164383561643835,"{""1958"": 1, ""1965"": 1, ""1966"": 1, ""1967"": 2, ""1968"": 1, ""1969"": 5, ""1970"": 1, ""1971"": 3, ""1972"": 5, ""1973"": 3, ""1974"": 2, ""1975"": 4, ""1976"": 2, ""1977"": 9, ""1978"": 1, ""1979"": 1, ""1980"": 1, ""1981"": 5, ""1982"": 3, ""1984"": 3, ""1985"": 2, ""1986"": 1, ""1987"": 1, ""1988"": 3, ""1989"": 2, ""1990"": 3, ""1991"": 2, ""1992"": 1, ""1994"": 1, ""1995"": 2, ""1998"": 1}"
A5107656225,M. Amara,1994,2015,21,33,19,2013,17,21,Large magnetovolume effects due to transition from the ferromagnetic to antiferromagnetic state in Hf<sub>0.825</sub>Ta<sub>0.175</sub>Fe<sub>2</sub>intermetallic compound,0.9696969696969697,"{""1994"": 3, ""1995"": 5, ""1996"": 2, ""1997"": 1, ""1998"": 4, ""2001"": 4, ""2002"": 1, ""2003"": 2, ""2004"": 1, ""2005"": 1, ""2006"": 1, ""2007"": 1, ""2009"": 1, ""2010"": 2, ""2011"": 1, ""2012"": 1, ""2013"": 1, ""2015"": 1}"
A5053501063,Norman Wolkove,1969,2015,46,72,18,1987,144,267,Nebulized anticholinergic and sympathomimetic treatment of asthma and chronic obstructive airways disease in the emergency room,0.2222222222222222,"{""1969"": 1, ""1980"": 1, ""1981"": 4, ""1982"": 2, ""1983"": 1, ""1984"": 2, ""1985"": 1, ""1986"": 3, ""1987"": 1, ""1988"": 1, ""1989"": 3, ""1990"": 5, ""1991"": 2, ""1992"": 3, ""1993"": 1, ""1994"": 1, ""1996"": 2, ""1997"": 1, ""1998"": 2, ""1999"": 1, ""2002"": 1, ""2004"": 2, ""2005"": 3, ""2006"": 2, ""2007"": 1, ""2008"": 2, ""2009"": 2, ""2010"": 5, ""2011"": 5, ""2012"": 4, ""2013"": 3, ""2014"": 1, ""2015"": 3}"
A5108532467,Predhiman Kaw,1965,2015,50,152,50,2015,150,166,Nonlinear wave excitations by orbiting charged space debris objects,0.9802631578947368,"{""1965"": 2, ""1966"": 6, ""1968"": 1, ""1969"": 2, ""1970"": 2, ""1971"": 1, ""1972"": 2, ""1973"": 2, ""1974"": 1, ""1975"": 3, ""1976"": 1, ""1977"": 2, ""1982"": 2, ""1989"": 1, ""1991"": 1, ""1992"": 1, ""1993"": 2, ""1994"": 2, ""1995"": 4, ""1996"": 1, ""1997"": 3, ""1998"": 1, ""1999"": 4, ""2000"": 10, ""2001"": 9, ""2002"": 3, ""2003"": 7, ""2004"": 3, ""2005"": 3, ""2006"": 2, ""2007"": 2, ""2008"": 4, ""2009"": 6, ""2010"": 2, ""2011"": 6, ""2012"": 20, ""2013"": 8, ""2014"": 13, ""2015"": 7}"
A5049288442,Ron D. Hays,1955,2015,60,716,55,2010,2096,5081,The Patient-Reported Outcomes Measurement Information System (PROMIS) developed and tested its first wave of adult self-reported health outcome item banks: 2005–2008,0.8149441340782123,"{""1955"": 1, ""1965"": 1, ""1969"": 1, ""1970"": 1, ""1973"": 2, ""1977"": 1, ""1980"": 4, ""1983"": 4, ""1984"": 2, ""1985"": 5, ""1986"": 8, ""1987"": 9, ""1988"": 7, ""1989"": 7, ""1990"": 21, ""1991"": 7, ""1992"": 27, ""1993"": 21, ""1994"": 21, ""1995"": 39, ""1996"": 21, ""1997"": 32, ""1998"": 19, ""1999"": 18, ""2000"": 33, ""2001"": 32, ""2002"": 25, ""2003"": 30, ""2004"": 20, ""2005"": 33, ""2006"": 35, ""2007"": 24, ""2008"": 33, ""2009"": 29, ""2010"": 20, ""2011"": 25, ""2012"": 26, ""2013"": 25, ""2014"": 27, ""2015"": 20}"
A5108295865,Jean‐Louis Sauvajol,1980,2015,35,194,21,2001,173,236,Self-Organized Hybrid Silica with Long-Range Ordered Lamellar Structure,0.5077319587628866,"{""1980"": 2, ""1981"": 1, ""1982"": 5, ""1983"": 2, ""1984"": 3, ""1985"": 4, ""1986"": 2, ""1988"": 7, ""1989"": 6, ""1990"": 2, ""1991"": 6, ""1992"": 2, ""1993"": 7, ""1994"": 7, ""1995"": 3, ""1996"": 2, ""1997"": 6, ""1998"": 6, ""1999"": 11, ""2000"": 10, ""2001"": 8, ""2002"": 3, ""2003"": 11, ""2004"": 7, ""2005"": 15, ""2006"": 9, ""2007"": 6, ""2008"": 7, ""2009"": 7, ""2010"": 3, ""2011"": 7, ""2012"": 5, ""2013"": 5, ""2014"": 3, ""2015"": 4}"
A5047753337,Lois A. Salamonsen,1969,2015,46,258,44,2013,375,453,Endometrial Exosomes/Microvesicles in the Uterine Microenvironment: A New Paradigm for Embryo-Endometrial Cross Talk at Implantation,0.9670542635658915,"{""1969"": 2, ""1970"": 1, ""1972"": 2, ""1973"": 5, ""1975"": 1, ""1978"": 1, ""1985"": 1, ""1986"": 2, ""1987"": 1, ""1988"": 2, ""1989"": 2, ""1990"": 2, ""1991"": 5, ""1992"": 1, ""1993"": 2, ""1994"": 7, ""1995"": 7, ""1996"": 6, ""1997"": 8, ""1998"": 7, ""1999"": 6, ""2000"": 10, ""2001"": 2, ""2002"": 7, ""2003"": 14, ""2004"": 20, ""2005"": 22, ""2006"": 9, ""2007"": 12, ""2008"": 29, ""2009"": 17, ""2010"": 17, ""2011"": 9, ""2012"": 8, ""2013"": 4, ""2014"": 3, ""2015"": 4}"
A5011716349,J. H. Waite,1966,2015,49,585,41,2007,419,682,The Process of Tholin Formation in Titan's Upper Atmosphere,0.576068376068376,"{""1966"": 1, ""1967"": 2, ""1968"": 1, ""1969"": 2, ""1972"": 4, ""1973"": 2, ""1979"": 3, ""1980"": 1, ""1981"": 4, ""1983"": 4, ""1984"": 8, ""1985"": 15, ""1986"": 16, ""1987"": 12, ""1988"": 13, ""1989"": 7, ""1990"": 6, ""1991"": 5, ""1992"": 9, ""1993"": 7, ""1994"": 7, ""1995"": 8, ""1996"": 8, ""1997"": 10, ""1998"": 15, ""1999"": 12, ""2000"": 8, ""2001"": 22, ""2002"": 17, ""2003"": 12, ""2004"": 27, ""2005"": 36, ""2006"": 23, ""2007"": 19, ""2008"": 29, ""2009"": 36, ""2010"": 31, ""2011"": 23, ""2012"": 29, ""2013"": 24, ""2014"": 31, ""2015"": 36}"
A5103485632,Lawrence E. Jones,1967,2014,47,66,46,2013,82,98,Smart and Just Grids for sub-Saharan Africa: Exploring options,0.9621212121212122,"{""1967"": 4, ""1972"": 1, ""1973"": 1, ""1974"": 2, ""1975"": 2, ""1976"": 2, ""1977"": 1, ""1978"": 2, ""1979"": 2, ""1983"": 3, ""1984"": 1, ""1985"": 2, ""1986"": 1, ""1987"": 2, ""1989"": 1, ""1994"": 3, ""1995"": 1, ""1996"": 7, ""1997"": 5, ""1998"": 4, ""1999"": 5, ""2003"": 2, ""2004"": 1, ""2006"": 1, ""2007"": 1, ""2009"": 1, ""2010"": 1, ""2011"": 1, ""2012"": 2, ""2013"": 2, ""2014"": 2}"
A5113503213,Alan Hooper,1972,2012,40,112,40,2012,108,185,The disposal of radioactive wastes underground,1.0,"{""1972"": 2, ""1973"": 11, ""1974"": 10, ""1975"": 3, ""1976"": 5, ""1977"": 5, ""1978"": 3, ""1979"": 1, ""1980"": 4, ""1981"": 1, ""1982"": 2, ""1983"": 9, ""1984"": 5, ""1985"": 2, ""1986"": 6, ""1987"": 2, ""1988"": 5, ""1989"": 5, ""1990"": 1, ""1991"": 2, ""1992"": 4, ""1993"": 1, ""1997"": 3, ""1999"": 5, ""2000"": 2, ""2001"": 2, ""2002"": 1, ""2004"": 4, ""2005"": 1, ""2006"": 2, ""2008"": 2, ""2012"": 1}"
A5103623607,Miriam Sánchez Segura,1991,2014,23,90,15,2006,4,6,"Asociación entre el estrés y las enfermedades infecciosas, autoinmunes, neoplásicas y cardiovasculares",0.45555555555555555,"{""1991"": 1, ""1999"": 2, ""2000"": 2, ""2001"": 5, ""2002"": 16, ""2003"": 1, ""2004"": 5, ""2005"": 4, ""2006"": 9, ""2007"": 6, ""2008"": 7, ""2009"": 12, ""2010"": 9, ""2011"": 3, ""2013"": 4, ""2014"": 4}"
A5015400739,R. L. Champion,1966,2006,40,134,0,1966,52,74,Energetic and Angular Studies of ArD+ and N2D+ Formation,0.022388059701492536,"{""1966"": 5, ""1967"": 2, ""1968"": 1, ""1969"": 2, ""1970"": 3, ""1971"": 4, ""1973"": 5, ""1974"": 2, ""1975"": 5, ""1976"": 6, ""1977"": 4, ""1978"": 2, ""1979"": 3, ""1980"": 6, ""1981"": 9, ""1982"": 3, ""1983"": 3, ""1984"": 2, ""1985"": 3, ""1986"": 4, ""1987"": 4, ""1988"": 5, ""1989"": 4, ""1990"": 2, ""1991"": 1, ""1992"": 1, ""1993"": 2, ""1994"": 4, ""1995"": 1, ""1996"": 6, ""1997"": 6, ""1998"": 5, ""1999"": 5, ""2000"": 2, ""2001"": 3, ""2002"": 2, ""2003"": 2, ""2004"": 3, ""2005"": 1, ""2006"": 1}"
A5110229397,V. Yu. Zitserman,1971,2015,44,86,31,2002,96,172,Kinetics of escape through a small hole,0.43023255813953487,"{""1971"": 2, ""1975"": 1, ""1976"": 2, ""1979"": 2, ""1983"": 1, ""1984"": 3, ""1986"": 2, ""1988"": 1, ""1989"": 2, ""1990"": 4, ""1991"": 2, ""1992"": 4, ""1993"": 2, ""1995"": 1, ""1996"": 2, ""1997"": 1, ""1998"": 4, ""2002"": 1, ""2003"": 5, ""2004"": 1, ""2005"": 1, ""2006"": 3, ""2007"": 1, ""2008"": 6, ""2009"": 5, ""2010"": 3, ""2011"": 3, ""2012"": 6, ""2013"": 4, ""2014"": 4, ""2015"": 7}"
A5046575435,Mishchenko Vp,1964,2001,37,60,4,1968,4,5,[Electrovasogram and emission of tissue coagulation factors out of the vascular wall].,0.08333333333333333,"{""1964"": 1, ""1965"": 1, ""1967"": 1, ""1968"": 3, ""1970"": 1, ""1971"": 1, ""1972"": 4, ""1973"": 1, ""1974"": 2, ""1975"": 2, ""1976"": 3, ""1977"": 3, ""1978"": 1, ""1980"": 2, ""1981"": 2, ""1982"": 2, ""1983"": 2, ""1984"": 1, ""1985"": 4, ""1986"": 3, ""1987"": 3, ""1988"": 2, ""1989"": 3, ""1991"": 2, ""1992"": 3, ""1993"": 3, ""1994"": 1, ""1995"": 2, ""2001"": 1}"
A5017979717,Nilson Romeu Marcílio,1989,2015,26,65,17,2006,67,173,Effect of composition and thermal pretreatment on properties of Ni–Mg–Al catalysts for CO2 reforming of methane,0.2692307692307692,"{""1989"": 1, ""1990"": 2, ""1991"": 1, ""1997"": 1, ""1998"": 1, ""1999"": 1, ""2000"": 1, ""2001"": 1, ""2002"": 2, ""2003"": 2, ""2005"": 3, ""2006"": 2, ""2007"": 5, ""2008"": 2, ""2009"": 3, ""2010"": 6, ""2011"": 8, ""2012"": 6, ""2013"": 4, ""2014"": 6, ""2015"": 7}"
A5110131648,Francisco Diego,1982,2011,29,27,11,1993,18,25,Confocal image slicer,0.3333333333333333,"{""1982"": 1, ""1984"": 1, ""1987"": 1, ""1990"": 4, ""1992"": 1, ""1993"": 1, ""1994"": 4, ""1995"": 1, ""1997"": 2, ""1998"": 1, ""1999"": 2, ""2000"": 1, ""2003"": 1, ""2004"": 1, ""2006"": 1, ""2007"": 1, ""2008"": 1, ""2009"": 1, ""2011"": 1}"
A5059596502,R. Schiavilla,1982,2015,33,164,33,2015,779,811,Quantum Monte Carlo methods for nuclear physics,0.975609756097561,"{""1982"": 1, ""1986"": 1, ""1987"": 4, ""1989"": 4, ""1990"": 5, ""1991"": 4, ""1992"": 3, ""1993"": 3, ""1994"": 8, ""1995"": 5, ""1996"": 5, ""1997"": 5, ""1998"": 5, ""1999"": 2, ""2000"": 12, ""2001"": 11, ""2002"": 10, ""2003"": 5, ""2004"": 6, ""2005"": 8, ""2007"": 7, ""2008"": 6, ""2009"": 3, ""2010"": 4, ""2011"": 5, ""2012"": 5, ""2013"": 8, ""2014"": 10, ""2015"": 9}"
A5043470367,Jonathan Sandy,1981,2015,34,157,34,2015,125,139,The Cleft Care <scp>UK</scp> study. Part 4: perceptual speech outcomes,0.9554140127388535,"{""1981"": 1, ""1984"": 1, ""1988"": 3, ""1989"": 1, ""1991"": 2, ""1993"": 2, ""1994"": 2, ""1995"": 2, ""1996"": 5, ""1997"": 4, ""1998"": 4, ""1999"": 5, ""2000"": 2, ""2001"": 8, ""2002"": 2, ""2003"": 7, ""2004"": 11, ""2005"": 8, ""2006"": 5, ""2007"": 8, ""2008"": 5, ""2009"": 9, ""2010"": 4, ""2011"": 12, ""2012"": 13, ""2013"": 9, ""2014"": 7, ""2015"": 15}"
A5025867614,Ramesh Chandra,1968,2015,47,49,42,2010,17,19,Free Radical Scavenging Activity of Nyctanthes arbortristis in Streptozotocin-Induced Diabetic Rats,0.8775510204081632,"{""1968"": 1, ""1980"": 1, ""1983"": 2, ""1987"": 2, ""1989"": 2, ""1990"": 4, ""1991"": 4, ""1992"": 2, ""1993"": 3, ""1994"": 5, ""1995"": 5, ""1996"": 1, ""1997"": 1, ""1998"": 1, ""1999"": 1, ""2001"": 1, ""2002"": 5, ""2010"": 3, ""2011"": 1, ""2012"": 1, ""2013"": 2, ""2015"": 1}"
A5020065768,Ronald L. Walsworth,1985,2015,30,416,16,2001,1007,1927,Storage of Light in Atomic Vapor,0.22355769230769232,"{""1985"": 1, ""1986"": 2, ""1987"": 1, ""1989"": 1, ""1990"": 2, ""1991"": 1, ""1992"": 1, ""1993"": 4, ""1994"": 2, ""1996"": 11, ""1997"": 10, ""1998"": 11, ""1999"": 22, ""2000"": 16, ""2001"": 15, ""2002"": 18, ""2003"": 20, ""2004"": 21, ""2005"": 22, ""2006"": 18, ""2007"": 24, ""2008"": 26, ""2009"": 19, ""2010"": 22, ""2011"": 24, ""2012"": 33, ""2013"": 19, ""2014"": 22, ""2015"": 28}"
A5051217277,R. D. Grass,1972,1997,25,21,16,1988,39,50,"Atmospheric ozone at South Pole, Antarctica, in 1986",0.30952380952380953,"{""1972"": 2, ""1973"": 1, ""1981"": 1, ""1986"": 1, ""1988"": 2, ""1989"": 6, ""1990"": 2, ""1991"": 1, ""1994"": 4, ""1997"": 1}"
A5060017047,Н. Н. Харабаев,1976,2015,39,25,38,2014,7,7,Theoretical DFT modeling of the structure of nickel(II) bis(chelate) complexes based on aromatic azomethines,0.96,"{""1976"": 3, ""1977"": 2, ""1979"": 2, ""1981"": 2, ""1984"": 2, ""1986"": 1, ""1992"": 1, ""1997"": 1, ""2002"": 2, ""2003"": 2, ""2004"": 1, ""2006"": 2, ""2007"": 1, ""2008"": 1, ""2014"": 1, ""2015"": 1}"
A5113462667,Raymond H. Myers,1961,2013,52,134,35,1996,1250,9590,Response Surface Methodology: Process and Product Optimization Using Designed Experiments,0.7686567164179104,"{""1961"": 1, ""1964"": 1, ""1965"": 1, ""1967"": 1, ""1968"": 5, ""1969"": 2, ""1970"": 5, ""1971"": 5, ""1972"": 2, ""1973"": 8, ""1974"": 4, ""1975"": 2, ""1976"": 4, ""1978"": 2, ""1979"": 5, ""1980"": 2, ""1981"": 3, ""1982"": 1, ""1983"": 1, ""1984"": 1, ""1986"": 4, ""1987"": 4, ""1988"": 1, ""1989"": 5, ""1990"": 5, ""1991"": 4, ""1992"": 11, ""1993"": 4, ""1994"": 2, ""1995"": 3, ""1996"": 7, ""1997"": 3, ""1998"": 1, ""1999"": 6, ""2000"": 3, ""2001"": 3, ""2002"": 1, ""2003"": 2, ""2004"": 3, ""2005"": 2, ""2006"": 1, ""2007"": 1, ""2010"": 1, ""2013"": 1}"
A5058885202,Se‐Young Jeong,1991,2015,24,185,11,2002,412,668,Study of diluted magnetic semiconductor: Co-doped ZnO,0.33783783783783783,"{""1991"": 1, ""1992"": 2, ""1993"": 3, ""1994"": 4, ""1995"": 4, ""1996"": 3, ""1997"": 7, ""1998"": 9, ""1999"": 5, ""2000"": 10, ""2001"": 9, ""2002"": 10, ""2003"": 6, ""2004"": 18, ""2005"": 5, ""2006"": 11, ""2007"": 9, ""2008"": 4, ""2009"": 8, ""2010"": 7, ""2011"": 12, ""2012"": 13, ""2013"": 6, ""2014"": 12, ""2015"": 7}"
A5111848145,T. Owen,1981,2012,31,16,3,1984,28,37,Comparing tiltmeters for crustal deformation measurement – A preliminary report,0.125,"{""1981"": 1, ""1984"": 1, ""1990"": 3, ""1991"": 1, ""1992"": 1, ""1996"": 1, ""2003"": 2, ""2004"": 1, ""2007"": 1, ""2010"": 1, ""2011"": 2, ""2012"": 1}"
A5111476386,V. N. Shastin,1979,2015,36,160,21,2000,99,160,Stimulated Emission from Donor Transitions in Silicon,0.296875,"{""1979"": 1, ""1981"": 1, ""1982"": 2, ""1983"": 1, ""1984"": 1, ""1985"": 2, ""1986"": 2, ""1987"": 3, ""1988"": 2, ""1991"": 3, ""1992"": 1, ""1993"": 3, ""1994"": 2, ""1995"": 3, ""1996"": 2, ""1997"": 3, ""1998"": 7, ""1999"": 6, ""2000"": 4, ""2001"": 7, ""2002"": 15, ""2003"": 9, ""2004"": 5, ""2005"": 4, ""2006"": 10, ""2007"": 8, ""2008"": 5, ""2009"": 8, ""2010"": 3, ""2011"": 1, ""2012"": 7, ""2013"": 9, ""2014"": 9, ""2015"": 11}"
A5044356067,M.B. Steer,1971,2015,44,338,34,2005,564,832,Demystifying 3D ICs: The Pros and Cons of Going Vertical,0.5976331360946746,"{""1971"": 1, ""1979"": 1, ""1981"": 2, ""1983"": 3, ""1986"": 1, ""1987"": 5, ""1988"": 3, ""1989"": 2, ""1990"": 9, ""1991"": 7, ""1992"": 5, ""1993"": 8, ""1994"": 1, ""1995"": 4, ""1996"": 5, ""1997"": 1, ""1998"": 3, ""1999"": 12, ""2000"": 8, ""2001"": 6, ""2002"": 54, ""2003"": 34, ""2004"": 12, ""2005"": 29, ""2006"": 33, ""2007"": 20, ""2008"": 10, ""2009"": 6, ""2010"": 7, ""2011"": 16, ""2012"": 15, ""2013"": 6, ""2014"": 5, ""2015"": 4}"
A5023779313,Gregory Acs,1990,2015,25,61,11,2001,79,113,"Moving Up, Moving Out, or Going Nowhere? A Study of the Employment Patterns of Young Women and the Implications for Welfare Mothers",0.3770491803278688,"{""1990"": 1, ""1992"": 1, ""1993"": 1, ""1994"": 3, ""1995"": 2, ""1996"": 2, ""1998"": 2, ""1999"": 4, ""2000"": 3, ""2001"": 7, ""2002"": 2, ""2003"": 2, ""2004"": 3, ""2005"": 5, ""2006"": 3, ""2007"": 2, ""2008"": 7, ""2009"": 2, ""2010"": 3, ""2011"": 2, ""2013"": 1, ""2014"": 1, ""2015"": 2}"
A5050073059,M. La Cava,1974,2014,40,49,35,2009,20,23,Structural Analysis Approach for the Generation of Structured Residuals for Aircraft FDI,0.9795918367346939,"{""1974"": 1, ""1976"": 1, ""1977"": 1, ""1979"": 1, ""1980"": 1, ""1981"": 1, ""1982"": 1, ""1983"": 2, ""1984"": 2, ""1985"": 2, ""1986"": 1, ""1988"": 1, ""1989"": 1, ""1990"": 1, ""1992"": 1, ""1994"": 1, ""1996"": 2, ""1997"": 3, ""1999"": 3, ""2000"": 1, ""2001"": 2, ""2002"": 8, ""2003"": 5, ""2005"": 2, ""2006"": 2, ""2009"": 1, ""2014"": 1}"
A5059575983,L. C. Lew Yan Voon,1991,2015,24,104,16,2007,583,1017,Electronic structure of silicon-based nanostructures,0.8028846153846154,"{""1991"": 3, ""1993"": 3, ""1994"": 2, ""1995"": 5, ""1996"": 3, ""1997"": 4, ""1998"": 1, ""2001"": 2, ""2002"": 6, ""2003"": 9, ""2004"": 12, ""2005"": 15, ""2006"": 14, ""2007"": 8, ""2008"": 5, ""2010"": 5, ""2011"": 2, ""2012"": 1, ""2013"": 1, ""2015"": 3}"
A5010189519,P. Hillman,1959,2014,55,70,42,2001,95,1969,IEEE Computer Society Conference on Computer Vision and Pattern Recognition (CVPR'2001),0.7,"{""1959"": 1, ""1969"": 1, ""1971"": 1, ""1972"": 2, ""1973"": 5, ""1974"": 4, ""1976"": 3, ""1977"": 2, ""1978"": 3, ""1979"": 7, ""1982"": 2, ""1983"": 1, ""1985"": 1, ""1986"": 2, ""1988"": 3, ""1990"": 1, ""1991"": 2, ""1992"": 2, ""1993"": 2, ""1994"": 1, ""1997"": 1, ""1999"": 1, ""2001"": 1, ""2003"": 1, ""2004"": 4, ""2005"": 6, ""2006"": 2, ""2010"": 2, ""2012"": 4, ""2014"": 2}"
A5040425879,Smaine Zeroug,1988,2015,27,40,6,1994,35,46,Nonspecular reflection of two- and three-dimensional acoustic beams from fluid-immersed plane-layered elastic structures,0.1875,"{""1988"": 1, ""1991"": 1, ""1992"": 2, ""1993"": 1, ""1994"": 4, ""1995"": 3, ""1996"": 3, ""1997"": 1, ""1998"": 2, ""1999"": 1, ""2000"": 1, ""2002"": 2, ""2003"": 1, ""2004"": 2, ""2005"": 5, ""2006"": 1, ""2007"": 1, ""2008"": 1, ""2012"": 2, ""2013"": 3, ""2014"": 1, ""2015"": 1}"
A5084627676,Michael J. Potter,1961,2014,53,75,42,2003,238,354,Verteporfin therapy of subfoveal choroidal neovascularization in pathologic myopia,0.5933333333333334,"{""1961"": 1, ""1963"": 1, ""1968"": 1, ""1972"": 1, ""1976"": 2, ""1977"": 1, ""1979"": 1, ""1980"": 3, ""1982"": 1, ""1984"": 5, ""1985"": 2, ""1990"": 2, ""1994"": 1, ""1996"": 2, ""1999"": 3, ""2000"": 2, ""2001"": 5, ""2002"": 5, ""2003"": 10, ""2004"": 3, ""2005"": 4, ""2006"": 7, ""2007"": 1, ""2008"": 3, ""2009"": 4, ""2010"": 2, ""2012"": 1, ""2014"": 1}"
A5020589417,Antunes Ml,1948,2008,60,22,7,1955,1,1,[Notes on the incidence of vaginal mycosis in pregnancy].,0.13636363636363635,"{""1948"": 1, ""1950"": 1, ""1955"": 1, ""1958"": 3, ""1962"": 1, ""1963"": 1, ""1964"": 1, ""1965"": 3, ""1966"": 4, ""1968"": 3, ""1971"": 1, ""2003"": 1, ""2008"": 1}"
A5108432815,Douglas Cohen,1967,2001,34,12,28,1995,42,76,Effects of coregistration of MR to CT images on MR stereotactic accuracy,0.6666666666666666,"{""1967"": 1, ""1981"": 1, ""1989"": 1, ""1990"": 1, ""1993"": 3, ""1995"": 1, ""1998"": 2, ""2000"": 1, ""2001"": 1}"
A5022315669,M. R. Combi,1975,2015,40,419,39,2014,480,512,"67P/Churyumov-Gerasimenko, a Jupiter family comet with a high D/H ratio",0.8305489260143198,"{""1975"": 1, ""1976"": 2, ""1978"": 2, ""1979"": 2, ""1980"": 4, ""1983"": 2, ""1984"": 6, ""1985"": 6, ""1986"": 5, ""1987"": 7, ""1988"": 8, ""1989"": 2, ""1990"": 6, ""1991"": 9, ""1992"": 3, ""1993"": 7, ""1994"": 6, ""1995"": 7, ""1996"": 8, ""1997"": 15, ""1998"": 7, ""1999"": 5, ""2000"": 10, ""2001"": 11, ""2002"": 7, ""2003"": 13, ""2004"": 13, ""2005"": 14, ""2006"": 10, ""2007"": 24, ""2008"": 18, ""2009"": 14, ""2010"": 15, ""2011"": 26, ""2012"": 20, ""2013"": 18, ""2014"": 29, ""2015"": 57}"
A5000346379,D. R. Herschbach,1956,2015,59,326,39,1995,305,813,Alignment and Trapping of Molecules in Intense Laser Fields,0.7177914110429447,"{""1956"": 2, ""1957"": 5, ""1958"": 2, ""1959"": 3, ""1960"": 4, ""1961"": 4, ""1962"": 5, ""1963"": 1, ""1964"": 6, ""1965"": 8, ""1966"": 3, ""1967"": 4, ""1968"": 5, ""1969"": 5, ""1970"": 5, ""1971"": 5, ""1972"": 6, ""1973"": 7, ""1974"": 10, ""1975"": 14, ""1976"": 5, ""1977"": 5, ""1978"": 2, ""1979"": 5, ""1980"": 2, ""1981"": 6, ""1982"": 7, ""1983"": 6, ""1984"": 3, ""1985"": 4, ""1986"": 10, ""1987"": 12, ""1988"": 7, ""1989"": 5, ""1990"": 5, ""1991"": 12, ""1992"": 10, ""1993"": 9, ""1994"": 10, ""1995"": 9, ""1996"": 9, ""1997"": 4, ""1998"": 1, ""1999"": 8, ""2000"": 7, ""2001"": 4, ""2002"": 2, ""2003"": 11, ""2004"": 6, ""2005"": 4, ""2006"": 4, ""2007"": 2, ""2008"": 3, ""2009"": 5, ""2010"": 2, ""2011"": 2, ""2012"": 3, ""2013"": 6, ""2014"": 4, ""2015"": 1}"
A5066306079,Magnuz Engardt,1993,2015,22,65,16,2009,177,307,A comparison of North American and Asian exposure–response data for ozone effects on crop yields,0.5461538461538461,"{""1993"": 1, ""1994"": 1, ""1996"": 5, ""1997"": 3, ""1999"": 3, ""2001"": 4, ""2002"": 4, ""2005"": 3, ""2007"": 3, ""2008"": 7, ""2009"": 2, ""2010"": 5, ""2011"": 3, ""2012"": 5, ""2013"": 6, ""2014"": 6, ""2015"": 4}"
A5108406088,T. J. Garrett,1969,2015,46,24,29,1998,181,217,Phase I trial of retroviral-mediated transfer of the human MDR1 gene as marrow chemoprotection in patients undergoing high-dose chemotherapy and autologous stem-cell transplantation.,0.7916666666666666,"{""1969"": 1, ""1972"": 1, ""1976"": 1, ""1977"": 1, ""1980"": 2, ""1984"": 1, ""1985"": 1, ""1986"": 3, ""1987"": 1, ""1988"": 1, ""1990"": 2, ""1991"": 1, ""1993"": 1, ""1998"": 3, ""2000"": 1, ""2001"": 1, ""2013"": 1, ""2015"": 1}"
A5090884566,R.J. Faehl,1972,2012,40,122,1,1973,53,73,Mode-Coupling Saturation of the Parametric Instability and Electron Heating,0.020491803278688523,"{""1972"": 1, ""1973"": 2, ""1974"": 1, ""1975"": 1, ""1977"": 2, ""1978"": 2, ""1979"": 1, ""1980"": 1, ""1981"": 2, ""1983"": 2, ""1985"": 2, ""1986"": 1, ""1989"": 1, ""1992"": 4, ""1993"": 4, ""1994"": 4, ""1995"": 2, ""1996"": 3, ""1997"": 4, ""1998"": 3, ""1999"": 7, ""2000"": 2, ""2001"": 5, ""2002"": 17, ""2003"": 8, ""2004"": 11, ""2005"": 7, ""2006"": 5, ""2007"": 5, ""2008"": 6, ""2009"": 3, ""2010"": 1, ""2012"": 2}"
A5059479627,Ching Y. Suen,1970,2015,45,402,41,2011,464,668,A novel hybrid CNN–SVM classifier for recognizing handwritten digits,0.8992537313432836,"{""1970"": 1, ""1971"": 2, ""1972"": 1, ""1973"": 1, ""1974"": 1, ""1975"": 1, ""1976"": 2, ""1977"": 1, ""1979"": 1, ""1980"": 1, ""1981"": 2, ""1982"": 4, ""1983"": 4, ""1984"": 3, ""1986"": 1, ""1987"": 3, ""1988"": 6, ""1989"": 3, ""1990"": 9, ""1991"": 8, ""1992"": 11, ""1993"": 11, ""1994"": 10, ""1995"": 9, ""1996"": 11, ""1997"": 8, ""1998"": 9, ""1999"": 12, ""2000"": 14, ""2001"": 7, ""2002"": 66, ""2003"": 39, ""2004"": 15, ""2005"": 24, ""2006"": 6, ""2007"": 9, ""2008"": 11, ""2009"": 6, ""2010"": 20, ""2011"": 16, ""2012"": 10, ""2013"": 11, ""2014"": 7, ""2015"": 5}"
A5079999283,Г. Н. Шикин,1967,2015,48,92,37,2004,36,64,Magneto-dilatonic Bianchi-I cosmology: isotropization and singularity problems,0.7934782608695652,"{""1967"": 1, ""1973"": 3, ""1974"": 7, ""1975"": 3, ""1977"": 3, ""1978"": 2, ""1979"": 6, ""1980"": 1, ""1981"": 3, ""1982"": 3, ""1983"": 3, ""1984"": 1, ""1985"": 8, ""1988"": 1, ""1989"": 2, ""1991"": 1, ""1992"": 1, ""1993"": 1, ""1994"": 2, ""1995"": 2, ""1996"": 3, ""1997"": 2, ""1998"": 3, ""1999"": 3, ""2001"": 3, ""2002"": 1, ""2003"": 1, ""2004"": 5, ""2005"": 2, ""2006"": 1, ""2007"": 2, ""2008"": 1, ""2009"": 5, ""2010"": 2, ""2011"": 2, ""2015"": 2}"
A5015358934,A. V. Chernook,1984,2005,21,26,12,1996,47,71,Complexation and Interchromophoric Interactions in Self-Organized Porphyrin and Chlorin Triads,0.8653846153846154,"{""1984"": 1, ""1985"": 6, ""1986"": 2, ""1988"": 1, ""1989"": 1, ""1991"": 1, ""1992"": 1, ""1995"": 6, ""1996"": 6, ""2005"": 1}"
A5044401499,David L. Brown,1968,2015,47,242,29,1997,245,1049,Initial performance results of the OMEGA laser system,0.4896694214876033,"{""1968"": 1, ""1971"": 1, ""1974"": 2, ""1976"": 2, ""1977"": 5, ""1978"": 6, ""1979"": 1, ""1980"": 3, ""1981"": 3, ""1982"": 5, ""1983"": 3, ""1984"": 1, ""1985"": 5, ""1986"": 6, ""1987"": 10, ""1988"": 7, ""1989"": 3, ""1990"": 3, ""1991"": 3, ""1992"": 7, ""1993"": 6, ""1994"": 8, ""1995"": 7, ""1996"": 13, ""1997"": 14, ""1998"": 14, ""1999"": 14, ""2000"": 4, ""2001"": 2, ""2002"": 5, ""2003"": 4, ""2004"": 5, ""2005"": 5, ""2006"": 15, ""2007"": 7, ""2008"": 8, ""2009"": 2, ""2010"": 10, ""2011"": 4, ""2012"": 6, ""2013"": 4, ""2014"": 3, ""2015"": 5}"
A5111659727,R. Pendse,1982,2014,32,31,20,2002,33,46,Methodology for predicting solder joint reliability in semiconductor packages,0.5,"{""1982"": 1, ""1985"": 2, ""1986"": 1, ""1987"": 2, ""1990"": 1, ""1991"": 1, ""1994"": 2, ""1997"": 1, ""2002"": 8, ""2003"": 2, ""2004"": 1, ""2006"": 1, ""2009"": 1, ""2010"": 5, ""2011"": 1, ""2014"": 1}"
A5113779574,J.H. Povlsen,1982,2006,24,99,9,1991,100,202,The design of erbium-doped fiber amplifiers,0.1919191919191919,"{""1982"": 1, ""1983"": 1, ""1984"": 2, ""1985"": 1, ""1986"": 1, ""1990"": 6, ""1991"": 13, ""1992"": 15, ""1993"": 11, ""1994"": 5, ""1995"": 11, ""1996"": 3, ""1997"": 2, ""1998"": 5, ""1999"": 2, ""2000"": 4, ""2001"": 2, ""2002"": 2, ""2003"": 4, ""2004"": 2, ""2005"": 3, ""2006"": 3}"
A5111849260,E Lampo,1966,2003,37,60,28,1994,17,29,A modular solid state detector for measuring high energy heavy ion fragmentation near the beam axis,0.15,"{""1966"": 1, ""1967"": 2, ""1971"": 2, ""1994"": 7, ""1995"": 3, ""1996"": 6, ""1997"": 9, ""1998"": 8, ""1999"": 5, ""2001"": 1, ""2002"": 5, ""2003"": 11}"
A5087682914,Keumcheol Kwak,1993,2015,22,23,2,1995,36,53,On-off intermittency in an experimental synchronization process,0.1956521739130435,"{""1993"": 1, ""1994"": 1, ""1995"": 4, ""1998"": 1, ""1999"": 1, ""2000"": 1, ""2004"": 1, ""2006"": 2, ""2007"": 3, ""2008"": 3, ""2009"": 1, ""2010"": 1, ""2012"": 1, ""2013"": 1, ""2015"": 1}"
A5106485822,J. Budagov,1967,2015,48,538,38,2005,602,706,"Measurement of the<mml:math xmlns:mml=""http://www.w3.org/1998/Math/MathML"" display=""inline""><mml:mi>J</mml:mi><mml:mo>/</mml:mo><mml:mi>ψ</mml:mi></mml:math>meson and<mml:math xmlns:mml=""http://www.w3.org/1998/Math/MathML"" display=""inline""><mml:mi>b</mml:mi></mml:math>-hadron production cross sections in<mml:math xmlns:mml=""http://www.w3.org/1998/Math/MathML"" display=""inline""><mml:mi>p</mml:mi><mml:mover accent=""true""><mml:mi>p</mml:mi><mml:mo>¯</mml:mo></mml:mover></mml:math>collisions at<mml:math xmlns:mml=""http://www.w3.org/1998/Math/MathML"" display=""inline""><mml:msqrt><mml:mi>s</mml:mi></mml:msqrt><mml:mo>=</mml:mo><mml:mn>1960</mml:mn><mml:mtext> </mml:mtext><mml:mtext> </mml:mtext><mml:mi mathvariant=""normal"">G</mml:mi><mml:mi mathvariant=""normal"">e</mml:mi><mml:mi mathvariant=""normal"">V</mml:mi></mml:math>",0.2128252788104089,"{""1967"": 1, ""1992"": 1, ""1993"": 2, ""1994"": 1, ""1995"": 2, ""1997"": 1, ""1999"": 2, ""2000"": 18, ""2001"": 20, ""2002"": 25, ""2003"": 10, ""2004"": 12, ""2005"": 38, ""2006"": 44, ""2007"": 39, ""2008"": 40, ""2009"": 65, ""2010"": 41, ""2011"": 46, ""2012"": 55, ""2013"": 42, ""2014"": 20, ""2015"": 13}"
A5032349961,Luiz Roberto Ramos,1987,2015,28,167,16,2003,360,601,Fatores determinantes da capacidade funcional entre idosos,0.24550898203592814,"{""1987"": 3, ""1988"": 1, ""1989"": 2, ""1990"": 2, ""1991"": 2, ""1992"": 1, ""1993"": 3, ""1994"": 1, ""1996"": 1, ""1997"": 1, ""1998"": 6, ""1999"": 5, ""2000"": 3, ""2001"": 3, ""2002"": 3, ""2003"": 7, ""2004"": 8, ""2005"": 8, ""2006"": 3, ""2007"": 7, ""2008"": 6, ""2009"": 17, ""2010"": 13, ""2011"": 11, ""2012"": 13, ""2013"": 17, ""2014"": 9, ""2015"": 11}"
A5024930043,P Emmerling,1967,2009,42,112,8,1975,60,109,Listeria monocytogenes infection in nude mice,0.6428571428571429,"{""1967"": 2, ""1968"": 11, ""1969"": 13, ""1970"": 16, ""1971"": 7, ""1972"": 12, ""1973"": 8, ""1974"": 1, ""1975"": 3, ""1976"": 4, ""1977"": 4, ""1978"": 4, ""1979"": 1, ""1981"": 1, ""1982"": 1, ""1983"": 2, ""1985"": 2, ""1994"": 1, ""1996"": 2, ""2000"": 2, ""2001"": 2, ""2008"": 2, ""2009"": 11}"
A5069165926,Essam El‐Hinnawi,1964,2015,51,30,5,1969,15,24,Trace element distribution in Chilean ignimbrites,0.2833333333333333,"{""1964"": 1, ""1965"": 3, ""1967"": 2, ""1968"": 1, ""1969"": 2, ""1972"": 2, ""1973"": 3, ""1978"": 2, ""1981"": 1, ""1982"": 2, ""1983"": 2, ""1984"": 1, ""1989"": 1, ""1990"": 1, ""1992"": 1, ""2011"": 1, ""2012"": 1, ""2014"": 1, ""2015"": 2}"
A5089247733,Z. Tołłoczko,1986,2014,28,34,19,2005,9,9,"Secesja i modernizm w Rydze. Pół wieku architektury łotewskiej - perłą europejskiego dziedzictwa kulturowego. Cz. 1, U progu uzyskania suwerenności",0.5441176470588235,"{""1986"": 1, ""1987"": 2, ""1994"": 1, ""1996"": 1, ""1997"": 1, ""1999"": 2, ""2000"": 3, ""2001"": 4, ""2002"": 2, ""2005"": 2, ""2006"": 2, ""2008"": 2, ""2010"": 2, ""2011"": 2, ""2012"": 2, ""2013"": 2, ""2014"": 3}"
A5113796059,J.-F. Sini,1970,2014,44,23,26,1996,144,587,Pollutant dispersion and thermal effects in urban street canyons,0.2826086956521739,"{""1970"": 1, ""1987"": 1, ""1989"": 1, ""1993"": 1, ""1995"": 1, ""1996"": 2, ""1999"": 1, ""2000"": 1, ""2002"": 6, ""2006"": 1, ""2007"": 1, ""2009"": 2, ""2010"": 1, ""2013"": 1, ""2014"": 2}"
A5025833702,Philip W. Suckling,1975,2011,36,39,2,1977,26,54,"A cloud layer‐sunshine model for estimating direct, diffuse and total solar radiation",0.07692307692307693,"{""1975"": 1, ""1976"": 1, ""1977"": 1, ""1978"": 1, ""1979"": 1, ""1980"": 1, ""1981"": 2, ""1982"": 2, ""1983"": 3, ""1984"": 3, ""1985"": 2, ""1986"": 3, ""1987"": 2, ""1988"": 2, ""1989"": 4, ""1990"": 1, ""1991"": 1, ""1994"": 1, ""1995"": 2, ""1997"": 1, ""2000"": 1, ""2006"": 1, ""2010"": 1, ""2011"": 1}"
A5027535561,А. Н. Ораевский,1959,2002,43,299,30,1989,15,18,Squeezed states of electromagnetic field,0.8662207357859532,"{""1959"": 1, ""1962"": 1, ""1963"": 1, ""1965"": 7, ""1966"": 7, ""1967"": 7, ""1968"": 4, ""1969"": 8, ""1970"": 2, ""1971"": 9, ""1972"": 8, ""1973"": 5, ""1974"": 12, ""1975"": 21, ""1976"": 35, ""1977"": 10, ""1978"": 17, ""1979"": 8, ""1980"": 9, ""1981"": 8, ""1982"": 6, ""1983"": 6, ""1984"": 12, ""1985"": 6, ""1986"": 8, ""1987"": 18, ""1988"": 16, ""1989"": 13, ""1990"": 5, ""1991"": 4, ""1992"": 7, ""1993"": 1, ""1994"": 1, ""1995"": 3, ""1996"": 2, ""1997"": 2, ""1998"": 2, ""1999"": 2, ""2000"": 2, ""2001"": 1, ""2002"": 2}"
A5089424341,J. Álvarez,1988,2014,26,94,9,1997,65,108,"Surface x-ray diffraction from<mml:math xmlns:mml=""http://www.w3.org/1998/Math/MathML"" display=""inline""><mml:mi mathvariant=""normal"">C</mml:mi><mml:mi mathvariant=""normal"">o</mml:mi><mml:mo>/</mml:mo><mml:mi mathvariant=""normal"">P</mml:mi><mml:mi mathvariant=""normal"">t</mml:mi><mml:mn/><mml:mo>(</mml:mo><mml:mn>111</mml:mn><mml:mo>)</mml:mo><mml:mn/></mml:math>ultrathin films and alloys: Structure and magnetism",0.4627659574468085,"{""1988"": 2, ""1989"": 1, ""1991"": 3, ""1992"": 6, ""1993"": 6, ""1994"": 1, ""1995"": 9, ""1996"": 11, ""1997"": 8, ""1998"": 5, ""1999"": 11, ""2000"": 7, ""2001"": 1, ""2002"": 5, ""2003"": 2, ""2006"": 2, ""2007"": 3, ""2008"": 1, ""2009"": 2, ""2010"": 2, ""2011"": 2, ""2013"": 1, ""2014"": 3}"
A5104666303,C. H. Nelson,1970,2012,42,53,35,2005,81,149,Mapping the Kinematics of the Narrow-Line Region in the Seyfert Galaxy NGC 4151,0.9056603773584906,"{""1970"": 1, ""1982"": 1, ""1989"": 1, ""1994"": 2, ""1995"": 2, ""1996"": 1, ""1997"": 1, ""1998"": 3, ""1999"": 5, ""2000"": 12, ""2001"": 4, ""2002"": 4, ""2003"": 2, ""2004"": 8, ""2005"": 1, ""2006"": 1, ""2008"": 1, ""2010"": 2, ""2012"": 1}"
A5080277637,G. Cevolani,1971,2012,41,127,21,1992,25,48,Non-linear effects on tidal and planetary waves in the lower thermosphere: Preliminary results,0.33858267716535434,"{""1971"": 2, ""1979"": 1, ""1980"": 2, ""1981"": 3, ""1982"": 3, ""1983"": 5, ""1984"": 3, ""1985"": 4, ""1986"": 3, ""1987"": 6, ""1988"": 1, ""1989"": 2, ""1990"": 3, ""1991"": 3, ""1992"": 3, ""1993"": 9, ""1994"": 7, ""1995"": 8, ""1996"": 8, ""1997"": 6, ""1998"": 5, ""1999"": 6, ""2001"": 5, ""2002"": 3, ""2003"": 5, ""2004"": 3, ""2005"": 4, ""2006"": 3, ""2007"": 2, ""2008"": 3, ""2009"": 3, ""2011"": 1, ""2012"": 2}"
A5113527866,Г. М. Кузнецова,1968,2013,45,41,31,1999,13,33,"Hydrocarbon and lipid oxidation in micro heterogeneous systems formed by surfactants or nanodispersed Al2O3, SiO2 and TiO2",0.4878048780487805,"{""1968"": 2, ""1969"": 2, ""1971"": 1, ""1972"": 1, ""1973"": 1, ""1977"": 1, ""1982"": 1, ""1983"": 1, ""1986"": 1, ""1987"": 3, ""1988"": 1, ""1989"": 1, ""1990"": 1, ""1996"": 2, ""1999"": 1, ""2003"": 3, ""2004"": 2, ""2008"": 1, ""2009"": 6, ""2010"": 4, ""2011"": 2, ""2012"": 2, ""2013"": 1}"
A5047573566,M. Moll,1977,2015,38,99,24,2001,276,427,Radiation hard silicon detectors—developments by the RD48 (ROSE) collaboration,0.29292929292929293,"{""1977"": 1, ""1983"": 1, ""1985"": 1, ""1986"": 1, ""1992"": 2, ""1993"": 2, ""1994"": 1, ""1995"": 2, ""1996"": 4, ""1997"": 5, ""1998"": 1, ""1999"": 2, ""2000"": 4, ""2001"": 3, ""2002"": 5, ""2003"": 2, ""2004"": 2, ""2005"": 13, ""2006"": 6, ""2007"": 9, ""2008"": 5, ""2009"": 8, ""2010"": 5, ""2011"": 2, ""2012"": 1, ""2013"": 1, ""2014"": 5, ""2015"": 5}"
A5018866228,G. Majni,1971,2014,43,155,43,2014,128,142,Structural characterization of biomedical Co–Cr–Mo components produced by direct metal laser sintering,0.9967741935483871,"{""1971"": 1, ""1972"": 1, ""1973"": 3, ""1974"": 3, ""1975"": 3, ""1976"": 2, ""1977"": 5, ""1978"": 4, ""1979"": 6, ""1980"": 2, ""1981"": 4, ""1982"": 4, ""1983"": 1, ""1984"": 2, ""1985"": 8, ""1986"": 12, ""1987"": 3, ""1988"": 4, ""1989"": 8, ""1990"": 4, ""1991"": 2, ""1992"": 2, ""1993"": 4, ""1994"": 9, ""1995"": 6, ""1996"": 8, ""1997"": 5, ""1998"": 5, ""1999"": 5, ""2000"": 3, ""2001"": 3, ""2002"": 5, ""2003"": 3, ""2004"": 6, ""2005"": 5, ""2006"": 1, ""2010"": 1, ""2014"": 2}"
A5054894148,Robert P. H. Chang,1969,2015,46,157,45,2014,2646,2959,Lead-free solid-state organic–inorganic halide perovskite solar cells,0.8980891719745223,"{""1969"": 2, ""1970"": 1, ""1971"": 2, ""1974"": 2, ""1975"": 2, ""1976"": 2, ""1978"": 3, ""1980"": 1, ""1986"": 1, ""1989"": 6, ""1990"": 1, ""1991"": 5, ""1992"": 2, ""1993"": 2, ""1994"": 6, ""1995"": 6, ""1996"": 6, ""1997"": 4, ""1998"": 8, ""1999"": 5, ""2000"": 1, ""2001"": 4, ""2002"": 4, ""2003"": 2, ""2004"": 6, ""2006"": 6, ""2007"": 3, ""2008"": 10, ""2009"": 4, ""2010"": 3, ""2011"": 6, ""2012"": 9, ""2013"": 8, ""2014"": 15, ""2015"": 9}"
A5082862366,Josino Costa Moreira,1989,2015,26,175,21,2010,180,244,Elevated manganese and cognitive performance in school-aged children and their mothers,0.7228571428571429,"{""1989"": 2, ""1990"": 4, ""1991"": 3, ""1992"": 1, ""1993"": 3, ""1994"": 6, ""1995"": 6, ""1996"": 7, ""1997"": 5, ""1998"": 5, ""1999"": 4, ""2000"": 7, ""2001"": 6, ""2002"": 12, ""2003"": 9, ""2004"": 6, ""2005"": 7, ""2006"": 6, ""2007"": 7, ""2008"": 10, ""2009"": 6, ""2010"": 8, ""2011"": 7, ""2012"": 8, ""2013"": 6, ""2014"": 14, ""2015"": 10}"
A5068134897,P. Gibart,1969,2005,36,76,20,1989,42,43,"Electron-paramagnetic-resonance study of the Sn<i>DX</i>center in direct-gap<mml:math xmlns:mml=""http://www.w3.org/1998/Math/MathML"" display=""inline""><mml:mrow><mml:msub><mml:mrow><mml:mi mathvariant=""normal"">Ga</mml:mi></mml:mrow><mml:mrow><mml:mn>0.69</mml:mn></mml:mrow></mml:msub></mml:mrow></mml:math><mml:math xmlns:mml=""http://www.w3.org/1998/Math/MathML"" display=""inline""><mml:mrow><mml:msub><mml:mrow><mml:mi mathvariant=""normal"">Al</mml:mi></mml:mrow><mml:mrow><mml:mn>0.31</mml:mn></mml:mrow></mml:msub></mml:mrow></mml:math>As",0.6644736842105263,"{""1969"": 2, ""1972"": 1, ""1973"": 5, ""1974"": 3, ""1975"": 1, ""1976"": 2, ""1977"": 3, ""1979"": 4, ""1980"": 5, ""1981"": 4, ""1982"": 3, ""1984"": 1, ""1985"": 2, ""1986"": 1, ""1987"": 4, ""1988"": 6, ""1989"": 6, ""1990"": 4, ""1991"": 2, ""1992"": 1, ""1993"": 3, ""1995"": 2, ""1996"": 3, ""1998"": 3, ""1999"": 3, ""2001"": 1, ""2005"": 1}"
A5101832187,Mónica Martínez,1969,2000,31,13,25,1994,112,280,HYDRO: a computer program for the prediction of hydrodynamic properties of macromolecules,0.5,"{""1969"": 1, ""1983"": 1, ""1984"": 1, ""1990"": 1, ""1991"": 1, ""1994"": 2, ""1995"": 1, ""1996"": 1, ""1997"": 2, ""1998"": 1, ""2000"": 1}"
A5038996567,Leo Budin,1965,2015,50,57,41,2006,49,80,Dynamic Scheduling with Genetic Programming,0.8508771929824561,"{""1965"": 1, ""1979"": 1, ""1985"": 1, ""1986"": 1, ""1988"": 1, ""1990"": 1, ""1996"": 1, ""1997"": 2, ""1998"": 2, ""1999"": 2, ""2000"": 2, ""2001"": 4, ""2002"": 5, ""2003"": 8, ""2004"": 10, ""2005"": 5, ""2006"": 2, ""2007"": 1, ""2008"": 1, ""2010"": 1, ""2011"": 1, ""2012"": 1, ""2015"": 3}"
A5037172858,Seung‐Ho Shin,1978,2015,37,76,35,2013,60,88,Numerical simulation of interactions between water waves and inclined-moored submerged floating breakwaters,0.8223684210526315,"{""1978"": 1, ""1979"": 1, ""1980"": 1, ""1984"": 2, ""1986"": 1, ""1989"": 1, ""1995"": 1, ""1999"": 1, ""2000"": 1, ""2001"": 1, ""2002"": 2, ""2003"": 3, ""2004"": 1, ""2005"": 2, ""2006"": 4, ""2007"": 9, ""2008"": 3, ""2009"": 5, ""2010"": 7, ""2011"": 6, ""2012"": 5, ""2013"": 8, ""2014"": 3, ""2015"": 7}"
A5110274135,T. G. Snodgrass,1989,2011,22,13,10,1999,16,25,Measurement of electron energy distribution function in an argon/copper plasma for ionized physical vapor deposition,0.34615384615384615,"{""1989"": 1, ""1999"": 6, ""2000"": 2, ""2002"": 3, ""2011"": 1}"
A5007009205,Hajo Eicken,1987,2015,28,281,20,2007,253,501,"Increasing solar heating of the Arctic Ocean and adjacent seas, 1979–2005: Attribution and role in the ice‐albedo feedback",0.6156583629893239,"{""1987"": 1, ""1988"": 2, ""1989"": 4, ""1990"": 2, ""1991"": 10, ""1992"": 5, ""1993"": 5, ""1994"": 13, ""1995"": 16, ""1996"": 27, ""1997"": 4, ""1998"": 2, ""1999"": 5, ""2000"": 5, ""2001"": 13, ""2002"": 8, ""2003"": 14, ""2004"": 14, ""2005"": 9, ""2006"": 9, ""2007"": 9, ""2008"": 9, ""2009"": 13, ""2010"": 13, ""2011"": 19, ""2012"": 17, ""2013"": 6, ""2014"": 13, ""2015"": 14}"
A5102732994,B. K. Bala,1984,2015,31,61,25,2009,107,214,Experimental and simulated performance of a PV-ventilated solar greenhouse dryer for drying of peeled longan and banana,0.7131147540983607,"{""1984"": 1, ""1988"": 1, ""1989"": 1, ""1990"": 3, ""1991"": 4, ""1992"": 2, ""1993"": 3, ""1994"": 2, ""1995"": 4, ""1997"": 2, ""1998"": 1, ""2001"": 3, ""2002"": 1, ""2005"": 2, ""2006"": 2, ""2007"": 5, ""2008"": 2, ""2009"": 8, ""2010"": 4, ""2011"": 5, ""2012"": 2, ""2014"": 1, ""2015"": 2}"
A5072684109,Jan Kremláček,1995,2015,20,101,17,2012,45,57,"Aging effect in pattern, motion and cognitive visual evoked potentials",0.7178217821782178,"{""1995"": 3, ""1996"": 2, ""1998"": 4, ""1999"": 2, ""2001"": 1, ""2002"": 6, ""2004"": 5, ""2005"": 7, ""2006"": 6, ""2007"": 6, ""2008"": 6, ""2009"": 3, ""2010"": 9, ""2011"": 6, ""2012"": 12, ""2013"": 6, ""2014"": 12, ""2015"": 5}"
A5053409734,B. Kouvaritakis,1976,2015,39,268,24,2000,197,451,Efficient robust predictive control,0.5074626865671642,"{""1976"": 5, ""1977"": 2, ""1978"": 6, ""1979"": 7, ""1980"": 5, ""1981"": 4, ""1982"": 7, ""1983"": 6, ""1984"": 7, ""1985"": 3, ""1986"": 7, ""1987"": 5, ""1988"": 6, ""1989"": 2, ""1990"": 5, ""1991"": 6, ""1992"": 3, ""1993"": 6, ""1994"": 3, ""1995"": 3, ""1996"": 4, ""1997"": 9, ""1998"": 6, ""1999"": 10, ""2000"": 17, ""2001"": 12, ""2002"": 13, ""2003"": 10, ""2004"": 10, ""2005"": 12, ""2006"": 12, ""2007"": 2, ""2008"": 5, ""2009"": 7, ""2010"": 9, ""2011"": 4, ""2012"": 11, ""2013"": 8, ""2014"": 6, ""2015"": 3}"
A5053027834,Hosung Sun,1978,2014,36,59,2,1980,39,83,"<i>A</i> <i>b</i> <i>i</i> <i>n</i> <i>i</i> <i>t</i> <i>i</i> <i>o</i> effective valence shell Hamiltonian for the neutral and ionic valence states of N, O, F, Si, P, and S",0.05084745762711865,"{""1978"": 1, ""1980"": 3, ""1981"": 3, ""1982"": 1, ""1983"": 2, ""1984"": 1, ""1985"": 2, ""1986"": 2, ""1988"": 3, ""1990"": 3, ""1991"": 1, ""1992"": 5, ""1993"": 3, ""1994"": 2, ""1996"": 1, ""1997"": 1, ""1998"": 3, ""2001"": 4, ""2002"": 1, ""2003"": 2, ""2004"": 1, ""2005"": 1, ""2006"": 1, ""2007"": 1, ""2008"": 3, ""2009"": 2, ""2010"": 2, ""2011"": 1, ""2012"": 1, ""2013"": 1, ""2014"": 1}"
A5007173686,Mark Cammack,1970,2015,45,32,29,1999,46,56,"Globalisation, Human Rights and Labour Law in Pacific Asia",0.328125,"{""1970"": 2, ""1982"": 1, ""1989"": 1, ""1992"": 1, ""1995"": 1, ""1996"": 1, ""1997"": 2, ""1999"": 2, ""2001"": 3, ""2002"": 1, ""2007"": 2, ""2008"": 1, ""2009"": 2, ""2010"": 1, ""2011"": 3, ""2012"": 3, ""2013"": 1, ""2015"": 4}"
A5111723056,Tae Won Noh,1985,2015,30,36,23,2008,287,347,Random Circuit Breaker Network Model for Unipolar Resistance Switching,0.3611111111111111,"{""1985"": 1, ""1986"": 1, ""1988"": 1, ""1997"": 1, ""2002"": 1, ""2003"": 1, ""2004"": 1, ""2005"": 1, ""2006"": 2, ""2008"": 5, ""2009"": 6, ""2010"": 1, ""2011"": 4, ""2012"": 2, ""2013"": 2, ""2014"": 2, ""2015"": 4}"
A5044162018,Arun Kumar,1973,2015,42,274,37,2010,3507,5297,The NCEP Climate Forecast System Reanalysis,0.6003649635036497,"{""1973"": 1, ""1981"": 1, ""1982"": 1, ""1985"": 2, ""1986"": 2, ""1987"": 2, ""1989"": 1, ""1990"": 2, ""1991"": 2, ""1992"": 3, ""1993"": 2, ""1994"": 5, ""1995"": 5, ""1996"": 4, ""1997"": 7, ""1998"": 6, ""1999"": 6, ""2000"": 5, ""2001"": 8, ""2002"": 15, ""2003"": 10, ""2004"": 5, ""2005"": 11, ""2006"": 7, ""2007"": 13, ""2008"": 15, ""2009"": 16, ""2010"": 14, ""2011"": 24, ""2012"": 17, ""2013"": 24, ""2014"": 25, ""2015"": 13}"
A5041146412,Vijay K. Dhir,1971,2015,44,295,31,2002,156,380,Heat transfer and pressure drop in narrow rectangular channels,0.6745762711864407,"{""1971"": 1, ""1972"": 5, ""1973"": 8, ""1974"": 3, ""1975"": 4, ""1976"": 2, ""1977"": 12, ""1978"": 11, ""1979"": 6, ""1980"": 10, ""1981"": 6, ""1982"": 8, ""1983"": 5, ""1984"": 6, ""1985"": 6, ""1986"": 3, ""1987"": 4, ""1988"": 5, ""1989"": 6, ""1990"": 5, ""1991"": 4, ""1992"": 8, ""1993"": 5, ""1994"": 6, ""1995"": 6, ""1996"": 10, ""1997"": 3, ""1998"": 7, ""1999"": 8, ""2000"": 12, ""2001"": 7, ""2002"": 13, ""2003"": 10, ""2004"": 14, ""2005"": 12, ""2006"": 5, ""2007"": 9, ""2008"": 2, ""2009"": 4, ""2010"": 5, ""2011"": 7, ""2012"": 9, ""2013"": 4, ""2014"": 6, ""2015"": 3}"
A5077258043,Stephanie Rosenbaum,1974,2014,40,75,26,2000,88,238,A toolkit for strategic usability,0.37333333333333335,"{""1974"": 1, ""1976"": 1, ""1981"": 1, ""1982"": 1, ""1986"": 2, ""1989"": 2, ""1994"": 2, ""1995"": 2, ""1996"": 2, ""1997"": 3, ""1998"": 4, ""1999"": 5, ""2000"": 3, ""2001"": 1, ""2002"": 11, ""2003"": 9, ""2004"": 2, ""2005"": 4, ""2006"": 3, ""2007"": 3, ""2008"": 3, ""2009"": 1, ""2010"": 4, ""2012"": 2, ""2013"": 1, ""2014"": 2}"
A5008055450,Lester Andrews,1971,2006,35,68,21,1992,106,157,Pulsed laser-assisted reactions of boron and nitrogen atoms in a condensing nitrogen stream,0.9191176470588235,"{""1971"": 1, ""1972"": 2, ""1973"": 5, ""1974"": 1, ""1975"": 3, ""1976"": 5, ""1977"": 2, ""1978"": 8, ""1979"": 4, ""1980"": 1, ""1981"": 2, ""1982"": 4, ""1983"": 4, ""1984"": 2, ""1985"": 2, ""1986"": 1, ""1987"": 7, ""1988"": 2, ""1990"": 4, ""1991"": 1, ""1992"": 2, ""1994"": 3, ""1996"": 1, ""2006"": 1}"
A5042368357,Philippe Deniard,1983,2015,32,119,14,1997,1312,2652,Large-scale production of single-walled carbon nanotubes by the electric-arc technique,0.21008403361344538,"{""1983"": 2, ""1987"": 1, ""1989"": 1, ""1990"": 2, ""1991"": 5, ""1993"": 3, ""1994"": 3, ""1995"": 4, ""1996"": 1, ""1997"": 5, ""1998"": 8, ""1999"": 3, ""2000"": 3, ""2001"": 3, ""2002"": 1, ""2003"": 4, ""2004"": 1, ""2005"": 6, ""2006"": 5, ""2007"": 6, ""2008"": 7, ""2009"": 3, ""2010"": 5, ""2011"": 11, ""2012"": 6, ""2013"": 8, ""2014"": 5, ""2015"": 7}"
A5077306085,G. J. Stephenson,1966,2014,48,124,18,1984,249,734,Double beta decay,0.5161290322580645,"{""1966"": 1, ""1967"": 3, ""1969"": 2, ""1970"": 1, ""1971"": 5, ""1972"": 5, ""1973"": 6, ""1974"": 4, ""1975"": 5, ""1976"": 8, ""1977"": 7, ""1978"": 2, ""1979"": 1, ""1980"": 1, ""1981"": 4, ""1982"": 4, ""1983"": 3, ""1984"": 3, ""1986"": 1, ""1987"": 3, ""1988"": 2, ""1989"": 4, ""1990"": 2, ""1991"": 4, ""1993"": 4, ""1994"": 1, ""1996"": 2, ""1997"": 2, ""1998"": 6, ""1999"": 1, ""2000"": 3, ""2001"": 4, ""2002"": 3, ""2003"": 3, ""2004"": 1, ""2005"": 2, ""2006"": 2, ""2007"": 3, ""2008"": 1, ""2009"": 1, ""2010"": 1, ""2011"": 2, ""2014"": 1}"
A5027340494,Robert Tibshirani,1982,2015,33,347,28,2010,5916,17050,Regularization Paths for Generalized Linear Models via Coordinate Descent,0.7968299711815562,"{""1982"": 2, ""1983"": 1, ""1984"": 3, ""1985"": 2, ""1986"": 3, ""1987"": 10, ""1988"": 9, ""1989"": 5, ""1990"": 4, ""1991"": 3, ""1992"": 8, ""1993"": 3, ""1994"": 10, ""1995"": 7, ""1996"": 8, ""1997"": 12, ""1998"": 10, ""1999"": 8, ""2000"": 9, ""2001"": 11, ""2002"": 9, ""2003"": 13, ""2004"": 24, ""2005"": 15, ""2006"": 17, ""2007"": 23, ""2008"": 16, ""2009"": 20, ""2010"": 22, ""2011"": 16, ""2012"": 10, ""2013"": 6, ""2014"": 16, ""2015"": 12}"
A5005973641,Chi‐Yuen Wang,1965,2015,50,105,47,2012,339,458,"Changes in permeability caused by transient stresses: Field observations, experiments, and mechanisms",0.8714285714285714,"{""1965"": 1, ""1966"": 4, ""1967"": 2, ""1968"": 5, ""1969"": 1, ""1970"": 3, ""1972"": 1, ""1973"": 2, ""1974"": 3, ""1975"": 3, ""1976"": 1, ""1978"": 2, ""1979"": 2, ""1980"": 3, ""1981"": 2, ""1982"": 4, ""1984"": 2, ""1985"": 2, ""1986"": 4, ""1987"": 1, ""1988"": 4, ""1989"": 3, ""1990"": 3, ""1991"": 2, ""1993"": 2, ""1994"": 2, ""1995"": 2, ""1997"": 1, ""2001"": 2, ""2003"": 1, ""2004"": 4, ""2005"": 3, ""2006"": 2, ""2007"": 2, ""2008"": 1, ""2009"": 4, ""2010"": 2, ""2012"": 6, ""2013"": 2, ""2014"": 2, ""2015"": 7}"
A5063453321,B. Cort,1977,1999,22,33,4,1981,30,46,"Specific heat of<mml:math xmlns:mml=""http://www.w3.org/1998/Math/MathML"" display=""inline""><mml:mi>A</mml:mi><mml:mn>15</mml:mn><mml:mn/></mml:math><mml:math xmlns:mml=""http://www.w3.org/1998/Math/MathML"" display=""inline""><mml:mrow><mml:msub><mml:mrow><mml:mi mathvariant=""normal"">Nb</mml:mi></mml:mrow><mml:mrow><mml:mn>3</mml:mn></mml:mrow></mml:msub></mml:mrow></mml:math>Sn in fields to 18 tesla",0.18181818181818182,"{""1977"": 1, ""1980"": 1, ""1981"": 7, ""1982"": 2, ""1983"": 1, ""1984"": 1, ""1987"": 3, ""1988"": 1, ""1989"": 2, ""1990"": 2, ""1991"": 2, ""1992"": 1, ""1994"": 3, ""1995"": 1, ""1996"": 1, ""1997"": 1, ""1998"": 2, ""1999"": 1}"
A5025115015,Bruce S. Brunschwig,1976,2015,39,220,38,2014,1224,1300,"Amorphous TiO <sub>2</sub> coatings stabilize Si, GaAs, and GaP photoanodes for efficient water oxidation",0.8386363636363636,"{""1976"": 2, ""1978"": 1, ""1979"": 7, ""1980"": 2, ""1981"": 7, ""1982"": 1, ""1983"": 4, ""1984"": 3, ""1985"": 3, ""1986"": 4, ""1987"": 2, ""1988"": 1, ""1989"": 3, ""1992"": 4, ""1993"": 2, ""1994"": 2, ""1995"": 3, ""1996"": 2, ""1997"": 1, ""1998"": 4, ""1999"": 3, ""2000"": 1, ""2001"": 4, ""2002"": 3, ""2003"": 9, ""2004"": 5, ""2005"": 10, ""2006"": 17, ""2007"": 8, ""2008"": 11, ""2009"": 5, ""2010"": 11, ""2011"": 10, ""2012"": 9, ""2013"": 13, ""2014"": 14, ""2015"": 29}"
A5057170742,Katharina Al‐Shamery,1993,2015,22,106,16,2009,120,135,Impact of the Incorporation of Au Nanoparticles into Polymer/Fullerene Solar Cells,0.7452830188679245,"{""1993"": 2, ""1994"": 6, ""1995"": 1, ""1996"": 5, ""1997"": 3, ""1998"": 6, ""1999"": 8, ""2000"": 1, ""2001"": 1, ""2002"": 4, ""2003"": 5, ""2004"": 4, ""2005"": 2, ""2006"": 8, ""2007"": 13, ""2008"": 8, ""2009"": 3, ""2010"": 7, ""2011"": 5, ""2012"": 6, ""2013"": 5, ""2014"": 2, ""2015"": 1}"
A5078408733,A.A. Vasil'ev,1961,2004,43,58,22,1983,6,16,Progress in the development and applications of optically controlled liquid crystal spatial light modulators (review),0.6379310344827587,"{""1961"": 1, ""1962"": 8, ""1963"": 2, ""1964"": 2, ""1971"": 2, ""1972"": 1, ""1973"": 3, ""1974"": 2, ""1975"": 1, ""1977"": 3, ""1978"": 1, ""1979"": 3, ""1981"": 5, ""1982"": 1, ""1983"": 3, ""1984"": 1, ""1986"": 1, ""1987"": 6, ""1988"": 3, ""1989"": 2, ""1990"": 1, ""1991"": 1, ""1995"": 1, ""1999"": 1, ""2001"": 1, ""2003"": 1, ""2004"": 1}"
A5015520431,Giannis Giakas,1995,2015,20,84,10,2005,152,231,Excessive Tibial Rotation During High‐Demand Activities Is Not Restored by Anterior Cruciate Ligament Reconstruction,0.47619047619047616,"{""1995"": 2, ""1996"": 1, ""1997"": 6, ""1998"": 1, ""1999"": 2, ""2000"": 1, ""2001"": 4, ""2002"": 13, ""2003"": 4, ""2004"": 4, ""2005"": 3, ""2006"": 4, ""2007"": 7, ""2008"": 3, ""2009"": 3, ""2010"": 6, ""2011"": 2, ""2012"": 5, ""2013"": 2, ""2014"": 5, ""2015"": 6}"
A5002045774,О. Г. Кошелев,1967,2014,47,50,36,2003,8,8,Crystal Growth and Properties of Cd1 – xZn x As2 Solid Solutions,0.69,"{""1967"": 2, ""1968"": 1, ""1971"": 2, ""1972"": 3, ""1973"": 2, ""1974"": 1, ""1975"": 4, ""1976"": 2, ""1977"": 1, ""1978"": 1, ""1979"": 2, ""1980"": 1, ""1986"": 1, ""1993"": 1, ""1995"": 1, ""1996"": 4, ""1998"": 2, ""2001"": 1, ""2002"": 1, ""2003"": 2, ""2005"": 3, ""2006"": 2, ""2007"": 2, ""2008"": 3, ""2009"": 1, ""2010"": 1, ""2011"": 1, ""2012"": 1, ""2014"": 1}"
A5101695040,Stéphane G. Roux,1991,2015,24,29,17,2008,114,189,Universal Intermittent Properties of Particle Trajectories in Highly Turbulent Flows,0.7068965517241379,"{""1991"": 2, ""1996"": 1, ""1999"": 3, ""2000"": 2, ""2001"": 1, ""2002"": 1, ""2004"": 1, ""2005"": 3, ""2006"": 1, ""2007"": 4, ""2008"": 2, ""2010"": 1, ""2011"": 2, ""2012"": 2, ""2013"": 1, ""2014"": 1, ""2015"": 1}"
A5047180111,Adrian Luckman,1989,2015,26,172,23,2012,1421,1640,A Reconciled Estimate of Ice-Sheet Mass Balance,0.7325581395348837,"{""1989"": 1, ""1990"": 1, ""1991"": 1, ""1992"": 1, ""1995"": 1, ""1997"": 4, ""1998"": 4, ""1999"": 3, ""2000"": 3, ""2001"": 5, ""2002"": 15, ""2003"": 11, ""2004"": 4, ""2005"": 8, ""2006"": 5, ""2007"": 11, ""2008"": 7, ""2009"": 15, ""2010"": 11, ""2011"": 6, ""2012"": 17, ""2013"": 11, ""2014"": 14, ""2015"": 13}"
A5105462806,Douglas L. Jones,1966,2015,49,309,37,2003,428,808,Par reduction in ofdm via active constellation extension,0.5372168284789643,"{""1966"": 1, ""1970"": 2, ""1973"": 1, ""1974"": 2, ""1975"": 3, ""1976"": 2, ""1977"": 1, ""1978"": 1, ""1979"": 3, ""1981"": 1, ""1982"": 1, ""1983"": 2, ""1984"": 2, ""1985"": 1, ""1986"": 1, ""1987"": 5, ""1988"": 1, ""1989"": 3, ""1990"": 3, ""1991"": 5, ""1992"": 5, ""1993"": 8, ""1994"": 3, ""1995"": 7, ""1996"": 7, ""1997"": 6, ""1998"": 4, ""1999"": 11, ""2000"": 5, ""2001"": 11, ""2002"": 45, ""2003"": 25, ""2004"": 19, ""2005"": 11, ""2006"": 13, ""2007"": 7, ""2008"": 16, ""2009"": 9, ""2010"": 12, ""2011"": 1, ""2012"": 10, ""2013"": 10, ""2014"": 12, ""2015"": 11}"
A5088240272,Lars Larsson,1963,2015,52,381,40,2003,55,130,Benchmarking of Computational Fluid Dynamics for Ship Flows: The Gothenburg 2000 Workshop,0.48556430446194226,"{""1963"": 1, ""1967"": 1, ""1968"": 4, ""1969"": 1, ""1970"": 2, ""1971"": 3, ""1973"": 1, ""1974"": 3, ""1975"": 2, ""1976"": 2, ""1977"": 2, ""1978"": 3, ""1979"": 8, ""1980"": 6, ""1981"": 2, ""1982"": 7, ""1983"": 2, ""1984"": 5, ""1985"": 3, ""1986"": 5, ""1987"": 2, ""1988"": 1, ""1989"": 7, ""1990"": 1, ""1991"": 7, ""1992"": 8, ""1993"": 4, ""1994"": 5, ""1995"": 3, ""1996"": 6, ""1997"": 5, ""1998"": 9, ""1999"": 8, ""2000"": 10, ""2001"": 18, ""2002"": 20, ""2003"": 15, ""2004"": 15, ""2005"": 15, ""2006"": 16, ""2007"": 24, ""2008"": 13, ""2009"": 7, ""2010"": 18, ""2011"": 17, ""2012"": 20, ""2013"": 10, ""2014"": 6, ""2015"": 28}"
A5103483505,William A. Lester,1964,2015,51,193,18,1982,171,1069,Fixed-node quantum Monte Carlo for moleculesa) b),0.15284974093264247,"{""1964"": 1, ""1966"": 1, ""1967"": 2, ""1968"": 2, ""1970"": 1, ""1971"": 2, ""1974"": 1, ""1975"": 4, ""1976"": 4, ""1977"": 1, ""1978"": 2, ""1979"": 2, ""1981"": 3, ""1982"": 6, ""1983"": 6, ""1984"": 5, ""1985"": 7, ""1986"": 6, ""1987"": 8, ""1988"": 7, ""1989"": 3, ""1990"": 7, ""1991"": 6, ""1992"": 7, ""1993"": 2, ""1994"": 6, ""1995"": 4, ""1996"": 5, ""1997"": 3, ""1998"": 3, ""1999"": 6, ""2000"": 5, ""2001"": 7, ""2002"": 4, ""2003"": 8, ""2004"": 2, ""2005"": 4, ""2006"": 5, ""2007"": 9, ""2008"": 5, ""2009"": 5, ""2010"": 7, ""2011"": 1, ""2012"": 4, ""2014"": 3, ""2015"": 1}"
A5089545538,F Barbakow,1971,2005,34,104,32,2003,197,420,ProTaper rotary root canal preparation: effects of canal anatomy on final shape analysed by micro CT,0.9471153846153846,"{""1971"": 1, ""1972"": 1, ""1973"": 1, ""1974"": 1, ""1975"": 1, ""1976"": 1, ""1977"": 2, ""1978"": 3, ""1979"": 2, ""1980"": 4, ""1981"": 3, ""1982"": 2, ""1983"": 4, ""1984"": 8, ""1985"": 1, ""1986"": 3, ""1987"": 3, ""1988"": 4, ""1989"": 4, ""1990"": 3, ""1991"": 2, ""1992"": 4, ""1993"": 2, ""1994"": 1, ""1995"": 2, ""1996"": 2, ""1997"": 4, ""1998"": 3, ""1999"": 8, ""2000"": 3, ""2001"": 7, ""2002"": 5, ""2003"": 6, ""2004"": 2, ""2005"": 1}"
A5026012656,Britt‐Marie Wilén,1995,2015,20,50,8,2003,184,621,The influence of key chemical constituents in activated sludge on surface and flocculating properties,0.18,"{""1995"": 1, ""1998"": 1, ""1999"": 1, ""2000"": 2, ""2002"": 1, ""2003"": 5, ""2004"": 8, ""2006"": 3, ""2007"": 2, ""2008"": 1, ""2010"": 2, ""2012"": 3, ""2013"": 4, ""2014"": 8, ""2015"": 8}"
A5108719707,H. Caspers,1939,1993,54,1395,26,1965,26,89,Energy Levels of Pr3+ in LaF3,0.09247311827956989,"{""1939"": 1, ""1950"": 1, ""1951"": 1, ""1952"": 3, ""1953"": 1, ""1958"": 1, ""1959"": 2, ""1960"": 1, ""1961"": 16, ""1962"": 30, ""1963"": 12, ""1964"": 44, ""1965"": 31, ""1966"": 34, ""1967"": 55, ""1968"": 45, ""1969"": 46, ""1970"": 42, ""1971"": 83, ""1972"": 56, ""1973"": 33, ""1974"": 80, ""1975"": 2, ""1976"": 53, ""1977"": 44, ""1978"": 82, ""1979"": 45, ""1980"": 69, ""1981"": 113, ""1982"": 2, ""1983"": 84, ""1984"": 80, ""1985"": 84, ""1986"": 97, ""1987"": 20, ""1993"": 2}"
A5016416171,Κ. D. Magill,1964,2003,39,130,4,1968,23,27,Topological spaces determined by left ideals of semigroups,0.1576923076923077,"{""1964"": 2, ""1965"": 6, ""1966"": 4, ""1967"": 6, ""1968"": 4, ""1969"": 4, ""1970"": 6, ""1971"": 7, ""1972"": 3, ""1973"": 2, ""1974"": 2, ""1975"": 7, ""1976"": 2, ""1977"": 3, ""1978"": 2, ""1979"": 5, ""1980"": 4, ""1981"": 3, ""1982"": 4, ""1983"": 4, ""1984"": 3, ""1986"": 6, ""1987"": 3, ""1988"": 6, ""1989"": 1, ""1990"": 3, ""1991"": 1, ""1992"": 1, ""1993"": 4, ""1994"": 1, ""1995"": 5, ""1996"": 4, ""1997"": 2, ""1998"": 3, ""1999"": 2, ""2000"": 1, ""2001"": 1, ""2002"": 2, ""2003"": 1}"
A5046602530,Douglas L. Rothman,1959,2015,56,316,44,2003,1105,2105,Mitochondrial Dysfunction in the Elderly: Possible Role in Insulin Resistance,0.6613924050632911,"{""1959"": 1, ""1968"": 2, ""1981"": 1, ""1982"": 1, ""1983"": 1, ""1984"": 6, ""1985"": 5, ""1986"": 1, ""1987"": 3, ""1988"": 6, ""1989"": 7, ""1990"": 8, ""1991"": 8, ""1992"": 14, ""1993"": 6, ""1994"": 9, ""1995"": 7, ""1996"": 21, ""1997"": 8, ""1998"": 9, ""1999"": 28, ""2000"": 15, ""2001"": 21, ""2002"": 15, ""2003"": 11, ""2004"": 8, ""2005"": 11, ""2006"": 12, ""2007"": 9, ""2008"": 7, ""2009"": 9, ""2010"": 6, ""2011"": 5, ""2012"": 2, ""2013"": 11, ""2014"": 13, ""2015"": 9}"
A5012703122,Claes Fransson,1980,2015,35,213,34,2014,219,263,HIGH-DENSITY CIRCUMSTELLAR INTERACTION IN THE LUMINOUS TYPE IIn SN 2010jl: THE FIRST 1100 DAYS,0.9131455399061033,"{""1980"": 3, ""1982"": 4, ""1984"": 6, ""1985"": 3, ""1986"": 5, ""1987"": 7, ""1988"": 4, ""1989"": 4, ""1990"": 2, ""1991"": 2, ""1992"": 4, ""1993"": 5, ""1994"": 4, ""1995"": 1, ""1996"": 6, ""1997"": 1, ""1998"": 7, ""1999"": 6, ""2000"": 6, ""2001"": 8, ""2002"": 6, ""2003"": 3, ""2004"": 9, ""2005"": 6, ""2006"": 11, ""2007"": 13, ""2008"": 8, ""2009"": 5, ""2010"": 7, ""2011"": 9, ""2012"": 12, ""2013"": 10, ""2014"": 14, ""2015"": 12}"
A5111819402,Achim Schweikard,1988,2015,27,190,12,2000,224,395,Robotic motion compensation for respiratory movement during radiosurgery,0.11052631578947368,"{""1988"": 1, ""1990"": 1, ""1991"": 2, ""1992"": 2, ""1993"": 1, ""1994"": 1, ""1995"": 1, ""1997"": 5, ""1998"": 2, ""2000"": 9, ""2001"": 1, ""2002"": 9, ""2003"": 3, ""2004"": 5, ""2005"": 10, ""2006"": 6, ""2007"": 9, ""2008"": 11, ""2009"": 20, ""2010"": 12, ""2011"": 13, ""2012"": 16, ""2013"": 19, ""2014"": 15, ""2015"": 16}"
A5110176304,C.‐V. Meister,1977,2015,38,131,31,2008,61,123,Physical models of coupling in the lithosphere-atmosphere-ionosphere system before earthquakes,0.8320610687022901,"{""1977"": 1, ""1979"": 2, ""1982"": 1, ""1988"": 1, ""1989"": 5, ""1990"": 3, ""1991"": 3, ""1992"": 2, ""1993"": 2, ""1994"": 2, ""1995"": 6, ""1996"": 7, ""1997"": 7, ""1998"": 2, ""1999"": 12, ""2000"": 10, ""2001"": 6, ""2002"": 16, ""2003"": 7, ""2004"": 6, ""2005"": 2, ""2006"": 3, ""2007"": 1, ""2008"": 3, ""2009"": 3, ""2010"": 7, ""2011"": 3, ""2012"": 5, ""2013"": 1, ""2014"": 1, ""2015"": 1}"
A5007884734,Peter Tymms,1988,2015,27,103,20,2008,158,230,"Role models, school improvement and the ‘gender gap’—do men bring out the best in boys and women the best in girls?1",0.6407766990291263,"{""1988"": 1, ""1990"": 2, ""1991"": 1, ""1992"": 4, ""1993"": 2, ""1994"": 1, ""1995"": 5, ""1996"": 1, ""1997"": 3, ""1998"": 2, ""1999"": 4, ""2000"": 2, ""2001"": 5, ""2002"": 6, ""2003"": 2, ""2004"": 8, ""2005"": 4, ""2006"": 2, ""2007"": 7, ""2008"": 7, ""2009"": 5, ""2010"": 3, ""2011"": 6, ""2012"": 4, ""2013"": 5, ""2014"": 5, ""2015"": 6}"
A5090525123,R. Komm,1989,2015,26,215,11,2000,243,476,Dynamic Variations at the Base of the Solar Convection Zone,0.22325581395348837,"{""1989"": 1, ""1990"": 1, ""1991"": 5, ""1992"": 5, ""1993"": 7, ""1994"": 4, ""1995"": 4, ""1996"": 2, ""1997"": 1, ""1998"": 7, ""1999"": 6, ""2000"": 9, ""2001"": 14, ""2002"": 5, ""2003"": 9, ""2004"": 14, ""2005"": 15, ""2006"": 12, ""2007"": 4, ""2008"": 9, ""2009"": 13, ""2010"": 11, ""2011"": 20, ""2012"": 8, ""2013"": 15, ""2014"": 6, ""2015"": 8}"
A5111538302,Velma Dobson,1972,2013,41,133,29,2001,156,243,"Growth and Development in Term Infants Fed Long-Chain Polyunsaturated Fatty Acids: A Double-Masked, Randomized, Parallel, Prospective, Multivariate Study",0.44360902255639095,"{""1972"": 1, ""1976"": 1, ""1978"": 1, ""1979"": 1, ""1980"": 1, ""1981"": 1, ""1982"": 3, ""1983"": 3, ""1985"": 1, ""1986"": 1, ""1987"": 5, ""1989"": 1, ""1990"": 2, ""1991"": 1, ""1992"": 2, ""1994"": 1, ""1995"": 2, ""1996"": 5, ""1997"": 5, ""1998"": 9, ""1999"": 4, ""2000"": 6, ""2001"": 3, ""2002"": 5, ""2003"": 8, ""2004"": 7, ""2005"": 9, ""2006"": 7, ""2007"": 8, ""2008"": 10, ""2009"": 7, ""2010"": 6, ""2011"": 4, ""2013"": 2}"
A5079183378,Bernd Wrackmeyer,1972,2015,43,828,34,2006,100,129,"Metallacyclopentadienes and related heterocycles via 1,1‐organoboration of alkyn‐1‐ylmetal compounds",0.8683574879227053,"{""1972"": 2, ""1973"": 2, ""1974"": 8, ""1975"": 4, ""1976"": 11, ""1977"": 11, ""1978"": 17, ""1979"": 14, ""1980"": 13, ""1981"": 16, ""1982"": 7, ""1983"": 13, ""1984"": 17, ""1985"": 13, ""1986"": 22, ""1987"": 22, ""1988"": 23, ""1989"": 30, ""1990"": 30, ""1991"": 31, ""1992"": 29, ""1993"": 32, ""1994"": 23, ""1995"": 32, ""1996"": 34, ""1997"": 45, ""1998"": 29, ""1999"": 45, ""2000"": 21, ""2001"": 23, ""2002"": 36, ""2003"": 26, ""2004"": 16, ""2005"": 15, ""2006"": 13, ""2007"": 21, ""2008"": 10, ""2009"": 19, ""2010"": 14, ""2011"": 9, ""2012"": 5, ""2013"": 7, ""2014"": 9, ""2015"": 9}"
A5063693677,Gianpiero Mastinu,1967,2015,48,155,34,2001,59,175,ANALYTICAL DESCRIPTION AND OPTIMIZATION OF THE DYNAMIC BEHAVIOUR OF PASSIVELY SUSPENDED ROAD VEHICLES,0.14516129032258066,"{""1967"": 2, ""1989"": 1, ""1992"": 3, ""1993"": 1, ""1994"": 2, ""1995"": 1, ""1996"": 1, ""1997"": 1, ""1998"": 2, ""1999"": 3, ""2000"": 2, ""2001"": 6, ""2002"": 7, ""2003"": 9, ""2004"": 10, ""2005"": 9, ""2006"": 10, ""2007"": 13, ""2008"": 13, ""2009"": 7, ""2010"": 9, ""2011"": 7, ""2012"": 7, ""2013"": 7, ""2014"": 13, ""2015"": 9}"
A5070495078,Frans Van de Werf,1975,2015,40,1113,33,2008,2088,2310,Management of acute myocardial infarction in patients presenting with persistent ST-segment elevation,0.7740341419586703,"{""1975"": 2, ""1976"": 4, ""1977"": 1, ""1978"": 6, ""1979"": 1, ""1980"": 7, ""1981"": 2, ""1982"": 9, ""1983"": 5, ""1984"": 11, ""1985"": 12, ""1986"": 12, ""1987"": 19, ""1988"": 17, ""1989"": 11, ""1990"": 19, ""1991"": 18, ""1992"": 20, ""1993"": 29, ""1994"": 27, ""1995"": 29, ""1996"": 31, ""1997"": 46, ""1998"": 77, ""1999"": 44, ""2000"": 55, ""2001"": 57, ""2002"": 64, ""2003"": 47, ""2004"": 45, ""2005"": 47, ""2006"": 36, ""2007"": 34, ""2008"": 34, ""2009"": 41, ""2010"": 46, ""2011"": 26, ""2012"": 26, ""2013"": 46, ""2014"": 25, ""2015"": 25}"
A5085670391,A. Čihák,1962,2009,47,148,47,2009,92,201,Biological Effects of 5-Azacytidine in Eukaryotes,1.0,"{""1962"": 3, ""1963"": 5, ""1964"": 8, ""1965"": 5, ""1966"": 6, ""1967"": 5, ""1968"": 5, ""1969"": 5, ""1970"": 4, ""1971"": 6, ""1972"": 12, ""1973"": 11, ""1974"": 12, ""1975"": 9, ""1976"": 8, ""1977"": 10, ""1978"": 11, ""1979"": 5, ""1980"": 4, ""1981"": 4, ""1982"": 1, ""1983"": 2, ""1985"": 2, ""1986"": 1, ""1987"": 1, ""1989"": 1, ""1990"": 1, ""2009"": 1}"
A5065500984,T. Govindaraj,1977,2014,37,94,21,1998,48,66,,0.42021276595744683,"{""1977"": 1, ""1978"": 1, ""1979"": 1, ""1980"": 1, ""1981"": 2, ""1982"": 1, ""1983"": 2, ""1985"": 2, ""1986"": 3, ""1987"": 2, ""1988"": 4, ""1989"": 2, ""1990"": 2, ""1991"": 2, ""1992"": 1, ""1993"": 3, ""1994"": 1, ""1995"": 2, ""1996"": 2, ""1997"": 3, ""1998"": 2, ""1999"": 1, ""2000"": 1, ""2001"": 1, ""2002"": 20, ""2003"": 10, ""2004"": 1, ""2006"": 1, ""2007"": 1, ""2009"": 4, ""2012"": 1, ""2013"": 2, ""2014"": 11}"
A5008008375,Chang Hwan Kim,1962,2015,53,152,48,2010,418,625,Strontium-Doped Perovskites Rival Platinum Catalysts for Treating NO <i> <sub>x</sub> </i> in Simulated Diesel Exhaust,0.5230263157894737,"{""1962"": 1, ""1983"": 1, ""1985"": 1, ""1986"": 1, ""1987"": 1, ""1988"": 1, ""1991"": 1, ""1992"": 1, ""1993"": 1, ""1994"": 2, ""1998"": 3, ""1999"": 5, ""2000"": 5, ""2001"": 2, ""2002"": 6, ""2003"": 5, ""2004"": 1, ""2005"": 11, ""2006"": 7, ""2007"": 5, ""2008"": 10, ""2009"": 4, ""2010"": 8, ""2011"": 10, ""2012"": 9, ""2013"": 17, ""2014"": 22, ""2015"": 11}"
A5111804873,Th. Triantafyllidis,1982,2015,33,38,23,2005,89,302,A high-cycle accumulation model for sand,0.6447368421052632,"{""1982"": 1, ""1986"": 1, ""1987"": 1, ""1988"": 1, ""1989"": 3, ""1990"": 1, ""1993"": 1, ""1998"": 1, ""2000"": 2, ""2001"": 3, ""2002"": 2, ""2003"": 2, ""2004"": 3, ""2005"": 4, ""2006"": 5, ""2007"": 1, ""2009"": 1, ""2011"": 1, ""2013"": 3, ""2015"": 1}"
A5019182576,L. T. O. Youn,1984,2009,25,12,25,2009,13,18,Optimal Operation of Energy Storage Using Linear Programming Technique,1.0,"{""1984"": 2, ""1985"": 2, ""1987"": 2, ""1993"": 1, ""2002"": 2, ""2005"": 1, ""2007"": 1, ""2009"": 1}"
A5005759111,M. Gadsden,1957,2006,49,83,41,1998,68,104,The North-West Europe data on noctilucent clouds: a survey,0.8855421686746988,"{""1957"": 2, ""1958"": 2, ""1959"": 2, ""1960"": 3, ""1961"": 2, ""1962"": 2, ""1963"": 2, ""1964"": 3, ""1965"": 1, ""1966"": 3, ""1967"": 4, ""1968"": 2, ""1969"": 3, ""1970"": 2, ""1971"": 2, ""1972"": 2, ""1973"": 3, ""1975"": 3, ""1977"": 2, ""1978"": 2, ""1979"": 1, ""1980"": 1, ""1981"": 2, ""1982"": 2, ""1983"": 4, ""1985"": 1, ""1986"": 2, ""1988"": 1, ""1989"": 1, ""1990"": 4, ""1992"": 1, ""1993"": 2, ""1994"": 2, ""1997"": 1, ""1998"": 2, ""1999"": 1, ""2000"": 2, ""2001"": 2, ""2002"": 1, ""2003"": 2, ""2006"": 1}"
A5078236221,A. John Simmons,1976,2013,37,70,34,2010,596,1013,Ideal and Nonideal Theory,0.9428571428571428,"{""1976"": 1, ""1977"": 1, ""1978"": 1, ""1980"": 2, ""1981"": 4, ""1984"": 2, ""1987"": 2, ""1988"": 1, ""1989"": 3, ""1990"": 1, ""1992"": 1, ""1993"": 1, ""1994"": 5, ""1995"": 3, ""1996"": 2, ""1997"": 1, ""1998"": 7, ""1999"": 3, ""2000"": 5, ""2001"": 5, ""2003"": 3, ""2005"": 1, ""2009"": 10, ""2010"": 1, ""2011"": 2, ""2012"": 1, ""2013"": 1}"
A5109181614,György Bor,1957,2004,47,102,3,1960,36,54,Infra-red spectra of some metal carbonyls in n-heptane solution—structure of mercury cobalt carbonyl,0.0392156862745098,"{""1957"": 2, ""1959"": 1, ""1960"": 1, ""1961"": 2, ""1962"": 2, ""1963"": 6, ""1964"": 1, ""1965"": 1, ""1967"": 3, ""1968"": 5, ""1969"": 5, ""1971"": 6, ""1972"": 6, ""1973"": 4, ""1974"": 7, ""1975"": 5, ""1976"": 2, ""1977"": 2, ""1978"": 1, ""1980"": 4, ""1981"": 2, ""1982"": 2, ""1983"": 3, ""1984"": 3, ""1985"": 1, ""1986"": 2, ""1987"": 2, ""1988"": 2, ""1989"": 4, ""1991"": 5, ""1992"": 1, ""1993"": 2, ""1996"": 1, ""1998"": 2, ""1999"": 1, ""2003"": 1, ""2004"": 2}"
A5088996025,Svetlana V. Barkanova,1972,2015,43,20,23,1995,25,38,Porphyrins and azaporphines as catalysts in alkene epoxidations with peracetic acid,0.125,"{""1972"": 1, ""1995"": 2, ""1996"": 1, ""1997"": 1, ""1999"": 3, ""2000"": 3, ""2001"": 2, ""2006"": 1, ""2007"": 1, ""2008"": 2, ""2009"": 2, ""2015"": 1}"
A5077666265,E. Correia,1982,2015,33,110,22,2004,67,132,A New Solar Burst Spectral Component Emitting Only in the Terahertz Range,0.5363636363636364,"{""1982"": 1, ""1983"": 2, ""1984"": 4, ""1985"": 6, ""1986"": 10, ""1987"": 3, ""1988"": 2, ""1989"": 1, ""1990"": 2, ""1992"": 2, ""1993"": 1, ""1994"": 5, ""1995"": 2, ""1997"": 1, ""1998"": 2, ""1999"": 2, ""2000"": 2, ""2001"": 4, ""2002"": 5, ""2003"": 1, ""2004"": 1, ""2005"": 3, ""2006"": 6, ""2007"": 1, ""2008"": 4, ""2009"": 5, ""2010"": 7, ""2011"": 6, ""2012"": 9, ""2013"": 7, ""2014"": 2, ""2015"": 1}"
A5038534283,S. K. Tolpadi,1951,1989,38,44,37,1988,31,97,Transient ionic current measurement of ionic mobilities in a few proton conductors,0.9772727272727273,"{""1951"": 1, ""1962"": 1, ""1966"": 2, ""1968"": 1, ""1970"": 1, ""1971"": 4, ""1972"": 4, ""1973"": 4, ""1974"": 2, ""1975"": 10, ""1976"": 6, ""1977"": 3, ""1978"": 1, ""1986"": 2, ""1988"": 1, ""1989"": 1}"
A5042615537,Vijay Gupta,1989,2015,26,172,18,2007,106,146,Some approximation properties of q-Durrmeyer operators,0.37209302325581395,"{""1989"": 1, ""1991"": 1, ""1994"": 2, ""1995"": 2, ""1996"": 2, ""1997"": 1, ""1998"": 1, ""1999"": 1, ""2001"": 2, ""2002"": 6, ""2003"": 7, ""2004"": 7, ""2005"": 9, ""2006"": 14, ""2007"": 15, ""2008"": 7, ""2009"": 12, ""2010"": 8, ""2011"": 22, ""2012"": 15, ""2013"": 10, ""2014"": 17, ""2015"": 10}"
A5113768400,Riazantsev Sv,1980,2014,34,23,33,2013,6,7,[The role of cytokine gene polymorphisms in the development of hypertrophy of the tonsils of the lymphoid pharyngeal ring and atopic march in the children].,0.9347826086956522,"{""1980"": 1, ""1985"": 1, ""1986"": 2, ""1988"": 1, ""1989"": 1, ""1990"": 1, ""1991"": 1, ""1992"": 2, ""1994"": 3, ""1996"": 1, ""1997"": 1, ""1998"": 1, ""2000"": 1, ""2001"": 1, ""2002"": 1, ""2003"": 1, ""2013"": 2, ""2014"": 1}"
A5044298157,Christopher Heard,1982,2015,33,71,26,2008,70,105,A Comparison of Dexmedetomidine-Midazolam with Propofol for Maintenance of Anesthesia in Children Undergoing Magnetic Resonance Imaging,0.647887323943662,"{""1982"": 1, ""1986"": 4, ""1988"": 1, ""1989"": 1, ""1990"": 2, ""1991"": 1, ""1992"": 1, ""1994"": 5, ""1995"": 2, ""1996"": 4, ""1997"": 3, ""1998"": 3, ""1999"": 2, ""2000"": 3, ""2001"": 1, ""2002"": 2, ""2003"": 2, ""2004"": 2, ""2005"": 1, ""2006"": 2, ""2008"": 5, ""2009"": 6, ""2010"": 1, ""2011"": 1, ""2012"": 2, ""2013"": 1, ""2014"": 8, ""2015"": 4}"
A5042787689,F. Iannone,1995,2015,20,79,15,2010,115,153,Current drive at plasma densities required for thermonuclear reactors,0.6962025316455697,"{""1995"": 1, ""1998"": 2, ""1999"": 6, ""2000"": 1, ""2001"": 5, ""2002"": 4, ""2003"": 3, ""2004"": 7, ""2005"": 10, ""2006"": 2, ""2007"": 6, ""2008"": 1, ""2009"": 3, ""2010"": 7, ""2011"": 3, ""2012"": 6, ""2013"": 5, ""2014"": 4, ""2015"": 3}"
A5007594566,Erwin Buncel,1955,2015,60,464,38,1993,117,171,Potassium cryptate catalysis in the elimination reaction of a sulfonate ester,0.6206896551724138,"{""1955"": 1, ""1958"": 1, ""1960"": 2, ""1961"": 1, ""1962"": 1, ""1963"": 1, ""1965"": 6, ""1966"": 2, ""1967"": 5, ""1968"": 5, ""1969"": 7, ""1970"": 5, ""1971"": 7, ""1972"": 12, ""1973"": 11, ""1974"": 15, ""1975"": 15, ""1976"": 9, ""1977"": 13, ""1978"": 7, ""1979"": 8, ""1980"": 13, ""1981"": 11, ""1982"": 11, ""1983"": 12, ""1984"": 15, ""1985"": 12, ""1986"": 11, ""1987"": 12, ""1988"": 9, ""1989"": 7, ""1990"": 8, ""1991"": 10, ""1992"": 18, ""1993"": 9, ""1994"": 12, ""1995"": 5, ""1996"": 18, ""1997"": 6, ""1998"": 15, ""1999"": 4, ""2000"": 12, ""2001"": 14, ""2002"": 8, ""2003"": 8, ""2004"": 12, ""2005"": 13, ""2006"": 6, ""2007"": 5, ""2008"": 8, ""2009"": 3, ""2010"": 7, ""2011"": 3, ""2012"": 4, ""2013"": 4, ""2014"": 2, ""2015"": 3}"
A5089101659,Stephen Salsbury,1962,1996,34,71,30,1992,9,31,"Railroads Triumphant: The Growth, Rejection, and Rebirth of a Vital American Force.",0.8380281690140845,"{""1962"": 1, ""1964"": 1, ""1967"": 1, ""1968"": 2, ""1969"": 2, ""1970"": 1, ""1971"": 1, ""1972"": 2, ""1973"": 2, ""1975"": 3, ""1977"": 6, ""1979"": 3, ""1980"": 1, ""1981"": 1, ""1982"": 4, ""1983"": 5, ""1984"": 2, ""1985"": 3, ""1986"": 2, ""1987"": 2, ""1988"": 2, ""1989"": 2, ""1990"": 3, ""1991"": 4, ""1992"": 6, ""1994"": 3, ""1995"": 4, ""1996"": 2}"
A5039077397,P.N. Moorthy,1963,1999,36,171,24,1987,83,303,One-electron reduction of thionine studied by pulse radiolysis,0.4093567251461988,"{""1963"": 1, ""1964"": 4, ""1965"": 2, ""1966"": 2, ""1968"": 2, ""1969"": 3, ""1970"": 7, ""1971"": 3, ""1972"": 4, ""1974"": 3, ""1975"": 8, ""1976"": 4, ""1977"": 4, ""1978"": 3, ""1979"": 5, ""1980"": 1, ""1981"": 2, ""1982"": 4, ""1983"": 1, ""1984"": 1, ""1985"": 1, ""1986"": 1, ""1987"": 7, ""1988"": 4, ""1989"": 10, ""1990"": 15, ""1991"": 6, ""1992"": 4, ""1993"": 7, ""1994"": 10, ""1995"": 10, ""1996"": 9, ""1997"": 7, ""1998"": 9, ""1999"": 7}"
A5065706508,А. Г. Пономаренко,1961,2015,54,216,52,2013,89,97,Fossil insects of the middle and upper Permian of European Russia,0.9236111111111112,"{""1961"": 1, ""1962"": 1, ""1964"": 4, ""1965"": 5, ""1966"": 2, ""1967"": 1, ""1968"": 2, ""1969"": 6, ""1970"": 5, ""1971"": 7, ""1972"": 1, ""1973"": 5, ""1974"": 5, ""1975"": 9, ""1976"": 3, ""1977"": 8, ""1978"": 1, ""1979"": 8, ""1981"": 3, ""1982"": 2, ""1983"": 3, ""1984"": 1, ""1985"": 6, ""1986"": 5, ""1987"": 2, ""1988"": 2, ""1989"": 7, ""1990"": 2, ""1992"": 1, ""1993"": 4, ""1994"": 4, ""1995"": 7, ""1996"": 5, ""1997"": 3, ""1998"": 3, ""1999"": 3, ""2000"": 4, ""2001"": 4, ""2002"": 1, ""2003"": 3, ""2005"": 8, ""2006"": 6, ""2007"": 6, ""2008"": 4, ""2009"": 7, ""2010"": 7, ""2011"": 4, ""2012"": 5, ""2013"": 6, ""2014"": 8, ""2015"": 6}"
A5111178854,H. Manaa,1990,2010,20,37,5,1995,80,191,"Excited-state-absorption and upconversion studies of<mml:math xmlns:mml=""http://www.w3.org/1998/Math/MathML"" display=""inline""><mml:mrow><mml:msup><mml:mrow><mml:mi mathvariant=""normal"">Nd</mml:mi></mml:mrow><mml:mrow><mml:mn>3</mml:mn><mml:mo>+</mml:mo></mml:mrow></mml:msup></mml:mrow></mml:math>-doped single crystals<mml:math xmlns:mml=""http://www.w3.org/1998/Math/MathML"" display=""inline""><mml:mrow><mml:msub><mml:mrow><mml:mi mathvariant=""normal"">Y</mml:mi></mml:mrow><mml:mrow><mml:mn>3</mml:mn></mml:mrow></mml:msub></mml:mrow></mml:math><mml:math xmlns:mml=""http://www.w3.org/1998/Math/MathML"" display=""inline""><mml:mrow><mml:msub><mml:mrow><mml:mi mathvariant=""normal"">Al</mml:mi></mml:mrow><mml:mrow><mml:mn>5</mml:mn></mml:mrow></mml:msub></mml:mrow></mml:math><mml:math xmlns:mml=""http://www.w3.org/1998/Math/MathML"" display=""inline""><mml:mrow><mml:msub><mml:mrow><mml:mi mathvariant=""normal"">O</mml:mi></mml:mrow><mml:mrow><mml:mn>12</mml:mn></mml:mrow></mml:msub></mml:mrow></mml:math>,<mml:math xmlns:mml=""http://www.w3.org/1998/Math/MathML"" display=""inline""><mml:mrow><mml:msub><mml:mrow><mml:mi mathvariant=""normal"">YLiF</mml:mi></mml:mrow><mml:mrow><mml:mn>4</mml:mn></mml:mrow></mml:msub></mml:mrow></mml:math>, and<mml:math xmlns:mml=""http://www.w3.org/1998/Math/MathML"" display=""inline""><mml:mrow><mml:msub><mml:mrow><mml:mi mathvariant=""normal"">LaMgAl</mml:mi></mml:mrow><mml:mrow><mml:mn>11</mml:mn></mml:mrow></mml:msub></mml:mrow></mml:math><mml:math xmlns:mml=""http://www.w3.org/1998/Math/MathML"" display=""inline""><mml:mrow><mml:msub><mml:mrow><mml:mi mathvariant=""normal"">O</mml:mi></mml:mrow><mml:mrow><mml:mn>19</mml:mn></mml:mrow></mml:msub></mml:mrow></mml:math>",0.581081081081081,"{""1990"": 1, ""1991"": 4, ""1992"": 4, ""1993"": 5, ""1994"": 6, ""1995"": 2, ""1996"": 4, ""1998"": 1, ""2001"": 1, ""2002"": 1, ""2003"": 2, ""2004"": 3, ""2005"": 1, ""2009"": 1, ""2010"": 1}"
A5051416813,Giovanni Colonna,1963,2015,52,191,16,1979,136,177,The structure and stability of human plasma cold-insoluble globulin.,0.09947643979057591,"{""1963"": 1, ""1973"": 3, ""1974"": 2, ""1975"": 4, ""1976"": 2, ""1978"": 6, ""1979"": 1, ""1980"": 3, ""1981"": 1, ""1982"": 5, ""1983"": 5, ""1984"": 4, ""1985"": 3, ""1986"": 2, ""1987"": 2, ""1988"": 2, ""1989"": 3, ""1990"": 3, ""1991"": 1, ""1992"": 4, ""1993"": 2, ""1994"": 8, ""1995"": 9, ""1996"": 2, ""1997"": 3, ""1998"": 5, ""1999"": 11, ""2000"": 2, ""2001"": 2, ""2002"": 2, ""2003"": 5, ""2004"": 3, ""2005"": 4, ""2006"": 4, ""2007"": 10, ""2008"": 5, ""2009"": 6, ""2010"": 6, ""2011"": 7, ""2012"": 8, ""2013"": 9, ""2014"": 9, ""2015"": 12}"
A5015551186,Timothy J. Osborn,1989,2015,26,166,24,2013,5746,6293,Updated high‐resolution grids of monthly climatic observations – the <scp>CRU TS3</scp> .10 Dataset,0.8825301204819277,"{""1989"": 1, ""1991"": 2, ""1992"": 1, ""1993"": 3, ""1994"": 3, ""1996"": 4, ""1997"": 8, ""1998"": 12, ""1999"": 4, ""2000"": 6, ""2001"": 5, ""2002"": 16, ""2003"": 12, ""2004"": 3, ""2005"": 3, ""2006"": 9, ""2007"": 7, ""2008"": 6, ""2009"": 9, ""2010"": 11, ""2011"": 8, ""2012"": 7, ""2013"": 12, ""2014"": 10, ""2015"": 4}"
A5037905582,Cecilia Williams,1983,2015,32,57,24,2007,175,248,A genome-wide study of the repressive effects of estrogen receptor beta on estrogen receptor alpha signaling in breast cancer cells,0.39473684210526316,"{""1983"": 1, ""1994"": 1, ""1996"": 1, ""1997"": 1, ""1998"": 7, ""1999"": 4, ""2000"": 1, ""2001"": 1, ""2002"": 1, ""2006"": 3, ""2007"": 2, ""2009"": 3, ""2010"": 2, ""2011"": 4, ""2012"": 6, ""2013"": 7, ""2014"": 7, ""2015"": 5}"
A5051848455,J. E. Greedan,1968,2011,43,123,19,1987,145,158,"Excitonic absorption and superconductivity in<mml:math xmlns:mml=""http://www.w3.org/1998/Math/MathML"" display=""inline""><mml:mrow><mml:msub><mml:mrow><mml:mi mathvariant=""normal"">YBa</mml:mi></mml:mrow><mml:mrow><mml:mn>2</mml:mn></mml:mrow></mml:msub></mml:mrow></mml:math><mml:math xmlns:mml=""http://www.w3.org/1998/Math/MathML"" display=""inline""><mml:mrow><mml:msub><mml:mrow><mml:mi mathvariant=""normal"">Cu</mml:mi></mml:mrow><mml:mrow><mml:mn>3</mml:mn></mml:mrow></mml:msub></mml:mrow></mml:math><mml:math xmlns:mml=""http://www.w3.org/1998/Math/MathML"" display=""inline""><mml:mrow><mml:msub><mml:mrow><mml:mi mathvariant=""normal"">O</mml:mi></mml:mrow><mml:mrow><mml:mn>7</mml:mn><mml:mi mathvariant=""normal"">−</mml:mi><mml:mi mathvariant=""normal"">y</mml:mi></mml:mrow></mml:msub></mml:mrow></mml:math>",0.37398373983739835,"{""1968"": 1, ""1970"": 1, ""1971"": 6, ""1972"": 3, ""1975"": 4, ""1976"": 3, ""1977"": 3, ""1979"": 1, ""1980"": 1, ""1981"": 3, ""1982"": 4, ""1983"": 2, ""1984"": 3, ""1985"": 1, ""1986"": 5, ""1987"": 9, ""1988"": 6, ""1989"": 5, ""1990"": 5, ""1991"": 6, ""1992"": 6, ""1993"": 6, ""1994"": 9, ""1995"": 4, ""1996"": 6, ""1997"": 5, ""1998"": 5, ""1999"": 4, ""2000"": 3, ""2004"": 1, ""2006"": 1, ""2011"": 1}"
A5033924828,Maria Dufau,1968,2015,47,295,7,1975,240,417,Gonadotropin binding and stimulation of cyclic adenosine 3':5'-monophosphate and testosterone production in isolated Leydig cells.,0.14576271186440679,"{""1968"": 5, ""1969"": 3, ""1970"": 2, ""1971"": 5, ""1972"": 10, ""1973"": 7, ""1974"": 6, ""1975"": 9, ""1976"": 5, ""1977"": 11, ""1978"": 12, ""1979"": 15, ""1980"": 8, ""1981"": 6, ""1982"": 9, ""1983"": 7, ""1984"": 18, ""1985"": 13, ""1986"": 10, ""1987"": 12, ""1988"": 12, ""1989"": 7, ""1990"": 7, ""1991"": 5, ""1992"": 2, ""1993"": 4, ""1994"": 4, ""1995"": 6, ""1996"": 3, ""1997"": 3, ""1998"": 3, ""1999"": 5, ""2000"": 1, ""2001"": 4, ""2002"": 3, ""2003"": 2, ""2004"": 3, ""2005"": 2, ""2006"": 8, ""2007"": 2, ""2008"": 8, ""2009"": 6, ""2010"": 6, ""2011"": 5, ""2012"": 3, ""2013"": 2, ""2014"": 2, ""2015"": 4}"
A5110408715,V Di Giovanni,1959,1999,40,44,36,1995,15,36,Irreversible impairment of active avoidance behavior in rats prenatally exposed to mild concentrations of carbon monoxide,0.9090909090909091,"{""1959"": 1, ""1961"": 1, ""1962"": 1, ""1963"": 1, ""1971"": 2, ""1972"": 1, ""1976"": 1, ""1979"": 1, ""1980"": 1, ""1981"": 3, ""1983"": 4, ""1984"": 4, ""1985"": 4, ""1986"": 3, ""1987"": 3, ""1988"": 2, ""1989"": 3, ""1992"": 3, ""1995"": 1, ""1996"": 1, ""1997"": 1, ""1999"": 2}"
A5009194026,V. M. Stazhkov,1984,2005,21,26,15,1999,17,22,Microaccelerations onboard the Mir Orbital Station and Prompt Analysis of Gravitational Sensitivity of Convective Processes of Heat and Mass Transfer,0.5384615384615384,"{""1984"": 1, ""1990"": 1, ""1991"": 2, ""1992"": 3, ""1994"": 1, ""1995"": 1, ""1996"": 1, ""1997"": 3, ""1999"": 1, ""2000"": 1, ""2001"": 4, ""2002"": 1, ""2003"": 2, ""2004"": 3, ""2005"": 1}"
A5055563070,Ryszard Gawinecki,1981,2014,33,201,20,2001,85,171,GIAO/DFT calculated chemical shifts of tautomeric species. 2‐Phenacylpyridines and (<i>Z</i>)‐2‐(2‐hydroxy‐2‐phenylvinyl)pyridines,0.7114427860696517,"{""1981"": 1, ""1982"": 2, ""1985"": 2, ""1986"": 1, ""1987"": 1, ""1988"": 2, ""1989"": 4, ""1990"": 3, ""1991"": 5, ""1992"": 3, ""1993"": 7, ""1994"": 5, ""1995"": 61, ""1996"": 15, ""1997"": 4, ""1998"": 5, ""1999"": 5, ""2000"": 13, ""2001"": 7, ""2002"": 3, ""2003"": 8, ""2004"": 2, ""2005"": 5, ""2006"": 7, ""2007"": 4, ""2008"": 1, ""2009"": 6, ""2010"": 10, ""2011"": 3, ""2012"": 2, ""2013"": 3, ""2014"": 1}"
A5075384383,Marcela Rádice,1965,2015,50,67,35,2000,129,203,Hyaluronan-based biopolymers as delivery vehicles for bone-marrow-derived mesenchymal progenitors,0.2537313432835821,"{""1965"": 1, ""1969"": 1, ""1971"": 1, ""1982"": 1, ""1983"": 1, ""1985"": 1, ""1986"": 1, ""1994"": 2, ""1995"": 1, ""1996"": 3, ""1999"": 1, ""2000"": 5, ""2001"": 2, ""2003"": 2, ""2004"": 2, ""2005"": 7, ""2006"": 3, ""2007"": 3, ""2008"": 1, ""2009"": 1, ""2010"": 2, ""2011"": 6, ""2012"": 6, ""2013"": 7, ""2014"": 4, ""2015"": 2}"
A5062286827,Martin E. Schimpf,1987,2015,28,70,2,1989,53,159,Characterization of thermal diffusion in polymer solutions by thermal field‐flow fractionation: Dependence on polymer and solvent parameters,0.08571428571428572,"{""1987"": 3, ""1988"": 1, ""1989"": 3, ""1990"": 3, ""1993"": 4, ""1994"": 3, ""1995"": 1, ""1996"": 4, ""1997"": 7, ""1998"": 2, ""1999"": 3, ""2000"": 3, ""2001"": 1, ""2002"": 2, ""2003"": 2, ""2004"": 2, ""2005"": 1, ""2006"": 1, ""2007"": 2, ""2008"": 6, ""2009"": 7, ""2010"": 1, ""2011"": 2, ""2012"": 2, ""2014"": 1, ""2015"": 3}"
A5110004673,А. А. Алиев,1964,2015,51,72,51,2015,37,38,Waters from mud volcanoes of Azerbaijan: Isotopic-geochemical properties and generation environments,0.9930555555555556,"{""1964"": 1, ""1967"": 4, ""1968"": 3, ""1969"": 3, ""1970"": 3, ""1971"": 5, ""1972"": 1, ""1974"": 2, ""1975"": 3, ""1976"": 3, ""1977"": 3, ""1978"": 1, ""1979"": 3, ""1980"": 2, ""1981"": 1, ""1982"": 1, ""1983"": 2, ""1984"": 1, ""1985"": 1, ""1988"": 1, ""1999"": 2, ""2000"": 1, ""2002"": 2, ""2003"": 2, ""2004"": 1, ""2007"": 4, ""2009"": 3, ""2010"": 5, ""2011"": 2, ""2012"": 3, ""2013"": 1, ""2015"": 2}"
A5090317819,L. A. Fernández,1964,2015,51,172,35,1999,122,197,Scaling corrections: site percolation and Ising model in three dimensions,0.563953488372093,"{""1964"": 1, ""1975"": 2, ""1976"": 3, ""1977"": 5, ""1978"": 1, ""1980"": 4, ""1981"": 2, ""1982"": 1, ""1983"": 1, ""1984"": 1, ""1985"": 1, ""1986"": 3, ""1987"": 6, ""1988"": 7, ""1989"": 13, ""1990"": 3, ""1991"": 4, ""1992"": 2, ""1993"": 5, ""1994"": 4, ""1995"": 7, ""1996"": 7, ""1997"": 8, ""1998"": 4, ""1999"": 3, ""2000"": 4, ""2001"": 5, ""2002"": 1, ""2003"": 3, ""2004"": 1, ""2005"": 2, ""2006"": 6, ""2007"": 5, ""2008"": 11, ""2009"": 8, ""2010"": 6, ""2011"": 5, ""2012"": 7, ""2013"": 4, ""2014"": 4, ""2015"": 2}"
A5064218873,N. T. Mironov,1969,1997,28,29,24,1993,2,5,"ETALON-1,-2 center of mass correction and array reflectivity",0.8793103448275862,"{""1969"": 1, ""1971"": 1, ""1972"": 2, ""1973"": 2, ""1974"": 1, ""1975"": 3, ""1976"": 2, ""1979"": 1, ""1980"": 2, ""1985"": 3, ""1987"": 1, ""1988"": 2, ""1991"": 3, ""1993"": 2, ""1996"": 1, ""1997"": 2}"
A5011869969,B.D. Anderson,1974,2014,40,111,33,2007,150,204,"Partonic Flow and<mml:math xmlns:mml=""http://www.w3.org/1998/Math/MathML"" display=""inline""><mml:mi>ϕ</mml:mi></mml:math>-Meson Production in<mml:math xmlns:mml=""http://www.w3.org/1998/Math/MathML"" display=""inline""><mml:mi>Au</mml:mi><mml:mo>+</mml:mo><mml:mi>Au</mml:mi></mml:math>Collisions at<mml:math xmlns:mml=""http://www.w3.org/1998/Math/MathML"" display=""inline""><mml:msqrt><mml:msub><mml:mi>s</mml:mi><mml:mrow><mml:mi>N</mml:mi><mml:mi>N</mml:mi></mml:mrow></mml:msub></mml:msqrt><mml:mo>=</mml:mo><mml:mn>200</mml:mn><mml:mtext> </mml:mtext><mml:mtext> </mml:mtext><mml:mi>GeV</mml:mi></mml:math>",0.9054054054054054,"{""1974"": 3, ""1976"": 2, ""1978"": 1, ""1979"": 3, ""1980"": 3, ""1982"": 5, ""1983"": 8, ""1984"": 2, ""1985"": 4, ""1986"": 6, ""1987"": 1, ""1988"": 1, ""1989"": 1, ""1990"": 4, ""1991"": 2, ""1992"": 3, ""1993"": 3, ""1994"": 4, ""1995"": 1, ""1996"": 1, ""1997"": 3, ""1998"": 1, ""1999"": 2, ""2000"": 3, ""2001"": 7, ""2002"": 8, ""2003"": 4, ""2004"": 9, ""2005"": 2, ""2006"": 2, ""2007"": 2, ""2008"": 3, ""2009"": 2, ""2011"": 1, ""2012"": 1, ""2013"": 1, ""2014"": 2}"
A5028145057,E Polettini,1987,2015,28,130,20,2007,172,202,Comparison of MR enteroclysis with MR enterography and conventional enteroclysis in patients with Crohn’s disease,0.7692307692307693,"{""1987"": 2, ""1988"": 7, ""1989"": 2, ""1990"": 3, ""1992"": 7, ""1993"": 12, ""1994"": 20, ""1995"": 9, ""1996"": 9, ""1997"": 7, ""1998"": 2, ""1999"": 3, ""2000"": 5, ""2001"": 1, ""2003"": 1, ""2004"": 1, ""2005"": 2, ""2006"": 3, ""2007"": 7, ""2008"": 7, ""2009"": 8, ""2010"": 4, ""2011"": 1, ""2012"": 3, ""2013"": 1, ""2014"": 2, ""2015"": 1}"
A5108368352,Stuart B. Savage,1964,2013,49,94,20,1984,142,3017,Kinetic theories for granular flow: inelastic particles in Couette flow and slightly inelastic particles in a general flowfield,0.34574468085106386,"{""1964"": 1, ""1965"": 2, ""1966"": 1, ""1967"": 1, ""1969"": 2, ""1970"": 5, ""1972"": 1, ""1974"": 2, ""1975"": 3, ""1976"": 1, ""1979"": 2, ""1981"": 3, ""1982"": 3, ""1983"": 4, ""1984"": 2, ""1986"": 4, ""1987"": 1, ""1988"": 4, ""1989"": 4, ""1990"": 1, ""1991"": 1, ""1992"": 4, ""1993"": 6, ""1995"": 5, ""1996"": 2, ""1997"": 4, ""1998"": 5, ""1999"": 1, ""2000"": 1, ""2001"": 3, ""2002"": 1, ""2003"": 1, ""2005"": 1, ""2006"": 3, ""2007"": 4, ""2009"": 1, ""2010"": 1, ""2013"": 3}"
A5055317893,T. von Egidy,1962,2015,53,378,43,2005,137,280,Systematics of nuclear level density parameters,0.9497354497354498,"{""1962"": 2, ""1963"": 2, ""1965"": 1, ""1966"": 4, ""1967"": 5, ""1968"": 5, ""1969"": 12, ""1970"": 4, ""1971"": 3, ""1972"": 4, ""1973"": 3, ""1974"": 9, ""1975"": 5, ""1976"": 4, ""1977"": 3, ""1978"": 6, ""1979"": 9, ""1980"": 2, ""1981"": 4, ""1982"": 12, ""1983"": 3, ""1984"": 8, ""1985"": 10, ""1986"": 9, ""1987"": 11, ""1988"": 6, ""1989"": 8, ""1990"": 4, ""1991"": 16, ""1992"": 8, ""1993"": 19, ""1994"": 19, ""1995"": 13, ""1996"": 21, ""1997"": 27, ""1998"": 14, ""1999"": 15, ""2000"": 13, ""2001"": 8, ""2002"": 7, ""2003"": 13, ""2004"": 5, ""2005"": 5, ""2006"": 3, ""2007"": 2, ""2008"": 5, ""2009"": 3, ""2010"": 1, ""2011"": 1, ""2012"": 1, ""2015"": 1}"
A5077092211,이귀로,1986,2009,23,42,23,2009,1,1,Low Latency Encoding Algorithm for Duo-Binary Turbo Codes with Tail Biting Trellises,0.9880952380952381,"{""1986"": 1, ""1987"": 3, ""1988"": 2, ""1989"": 1, ""1990"": 3, ""1991"": 1, ""1992"": 2, ""1993"": 2, ""1994"": 2, ""1995"": 6, ""1996"": 2, ""1997"": 2, ""1998"": 8, ""1999"": 1, ""2003"": 1, ""2004"": 2, ""2008"": 1, ""2009"": 2}"
A5082373515,D.E. Fussey,1971,1995,24,17,24,1995,14,29,The sources of benzo[a]pyrene in diesel exhaust emissions,1.0,"{""1971"": 2, ""1974"": 1, ""1975"": 1, ""1976"": 1, ""1978"": 5, ""1979"": 3, ""1980"": 1, ""1990"": 2, ""1995"": 1}"
A5006690554,A Ksiezopolska,1964,2015,51,10,51,2015,8,8,Rare renal ectopia in children - intrathoracic ectopic kidney.,1.0,"{""1964"": 1, ""1969"": 1, ""1973"": 1, ""1976"": 1, ""1977"": 1, ""1978"": 2, ""1979"": 1, ""1981"": 1, ""2015"": 1}"
A5020487696,Vladimir A. Basiuk,1989,2015,26,333,21,2010,223,290,The CRONOS suite of codes for integrated tokamak modelling,0.7207207207207207,"{""1989"": 1, ""1990"": 4, ""1991"": 5, ""1992"": 3, ""1993"": 2, ""1994"": 5, ""1995"": 4, ""1996"": 9, ""1997"": 8, ""1998"": 9, ""1999"": 14, ""2000"": 19, ""2001"": 18, ""2002"": 13, ""2003"": 14, ""2004"": 18, ""2005"": 12, ""2006"": 12, ""2007"": 12, ""2008"": 31, ""2009"": 18, ""2010"": 17, ""2011"": 22, ""2012"": 23, ""2013"": 21, ""2014"": 10, ""2015"": 9}"
A5051369406,Luis Rodrı́guez Padial,1985,2015,30,202,23,2008,89,118,CPAP decreases plasma levels of soluble tumour necrosis factor-α receptor 1 in obstructive sleep apnoea,0.44554455445544555,"{""1985"": 2, ""1986"": 1, ""1987"": 3, ""1988"": 2, ""1990"": 4, ""1991"": 5, ""1993"": 1, ""1994"": 2, ""1995"": 4, ""1996"": 4, ""1997"": 3, ""1998"": 1, ""1999"": 3, ""2000"": 6, ""2001"": 11, ""2002"": 1, ""2003"": 6, ""2004"": 6, ""2005"": 3, ""2006"": 7, ""2007"": 5, ""2008"": 19, ""2009"": 16, ""2010"": 21, ""2011"": 16, ""2012"": 18, ""2013"": 6, ""2014"": 10, ""2015"": 16}"
A5000718980,David M. Hanson,1965,2011,46,137,3,1968,83,131,Direct Observation of the Entire Exciton Band of the First Excited Singlet States of Crystalline Benzene and Naphthalene,0.021897810218978103,"{""1965"": 1, ""1966"": 1, ""1968"": 1, ""1969"": 4, ""1970"": 1, ""1971"": 2, ""1973"": 2, ""1974"": 6, ""1975"": 9, ""1976"": 6, ""1977"": 2, ""1978"": 1, ""1980"": 1, ""1981"": 7, ""1982"": 13, ""1983"": 10, ""1984"": 7, ""1985"": 2, ""1986"": 6, ""1987"": 6, ""1988"": 4, ""1989"": 4, ""1990"": 6, ""1991"": 3, ""1992"": 5, ""1993"": 4, ""1994"": 7, ""1995"": 2, ""1996"": 1, ""1998"": 3, ""1999"": 2, ""2001"": 2, ""2004"": 1, ""2005"": 1, ""2006"": 1, ""2007"": 1, ""2009"": 1, ""2011"": 1}"
A5024506143,S. E. Strahan,1984,2015,31,155,22,2006,750,1381,Multimodel ensemble simulations of present‐day and near‐future tropospheric ozone,0.4612903225806452,"{""1984"": 2, ""1985"": 1, ""1986"": 3, ""1988"": 4, ""1989"": 9, ""1990"": 10, ""1991"": 1, ""1992"": 4, ""1993"": 5, ""1994"": 2, ""1996"": 1, ""1998"": 1, ""1999"": 5, ""2001"": 4, ""2002"": 3, ""2003"": 3, ""2004"": 4, ""2005"": 3, ""2006"": 12, ""2007"": 11, ""2008"": 7, ""2009"": 5, ""2011"": 7, ""2012"": 18, ""2013"": 14, ""2014"": 8, ""2015"": 8}"
A5054826192,F. Wastin,1993,2015,22,173,9,2002,368,501,Plutonium-based superconductivity with a transition temperature above 18 K,0.2023121387283237,"{""1993"": 1, ""1994"": 2, ""1995"": 2, ""1996"": 2, ""1997"": 3, ""1998"": 2, ""1999"": 4, ""2000"": 3, ""2001"": 8, ""2002"": 15, ""2003"": 9, ""2004"": 21, ""2005"": 23, ""2006"": 32, ""2007"": 12, ""2008"": 17, ""2009"": 7, ""2010"": 4, ""2011"": 1, ""2012"": 1, ""2013"": 2, ""2015"": 2}"
A5045381373,Y. Baer,1962,2002,40,149,27,1989,270,301,High-Resolution Photoemission Study of the Low-Energy Excitations Reflecting the Superconducting State of Bi-Sr-Ca-Cu-O Single Crystals,0.48322147651006714,"{""1962"": 1, ""1968"": 1, ""1969"": 1, ""1970"": 3, ""1971"": 1, ""1972"": 1, ""1973"": 4, ""1974"": 1, ""1975"": 2, ""1976"": 2, ""1977"": 4, ""1978"": 3, ""1979"": 7, ""1980"": 7, ""1981"": 4, ""1983"": 4, ""1984"": 6, ""1985"": 5, ""1986"": 4, ""1987"": 7, ""1988"": 2, ""1989"": 3, ""1990"": 4, ""1991"": 7, ""1992"": 9, ""1993"": 11, ""1994"": 7, ""1995"": 8, ""1996"": 5, ""1997"": 8, ""1998"": 6, ""1999"": 6, ""2000"": 1, ""2001"": 2, ""2002"": 2}"
A5109872768,W. L. Hsu,1981,2010,29,58,10,1991,128,153,"Mole fractions of H, CH3, and other species during filament-assisted diamond growth",0.7586206896551724,"{""1981"": 1, ""1982"": 3, ""1983"": 2, ""1984"": 5, ""1985"": 6, ""1986"": 2, ""1987"": 4, ""1988"": 3, ""1989"": 5, ""1990"": 12, ""1991"": 1, ""1992"": 4, ""1993"": 2, ""1994"": 2, ""1995"": 3, ""1997"": 1, ""1999"": 1, ""2010"": 1}"
A5091913666,R. K. Thapa,1987,2015,28,103,28,2015,89,96,"The electronic, magnetic and optical properties of double perovskite A2FeReO6 (A = Sr, Ba) from first principles approach",0.9077669902912622,"{""1987"": 5, ""1988"": 2, ""1991"": 1, ""1992"": 1, ""1993"": 2, ""1994"": 2, ""1995"": 3, ""1999"": 1, ""2000"": 1, ""2002"": 1, ""2003"": 1, ""2005"": 2, ""2007"": 2, ""2008"": 1, ""2010"": 5, ""2011"": 11, ""2012"": 21, ""2013"": 12, ""2014"": 9, ""2015"": 20}"
A5025164783,Leonid B. Krivdin,1980,2015,35,178,33,2013,108,119,Modern quantum chemical methods for calculating spin–spin coupling constants: theoretical basis and structural applications in chemistry,0.8539325842696629,"{""1980"": 1, ""1981"": 4, ""1982"": 7, ""1983"": 1, ""1984"": 2, ""1985"": 7, ""1986"": 9, ""1987"": 2, ""1988"": 3, ""1989"": 7, ""1990"": 3, ""1991"": 3, ""1992"": 2, ""1997"": 1, ""1998"": 3, ""2001"": 1, ""2002"": 2, ""2003"": 9, ""2004"": 7, ""2005"": 7, ""2006"": 7, ""2007"": 9, ""2008"": 16, ""2009"": 8, ""2010"": 5, ""2011"": 10, ""2012"": 10, ""2013"": 11, ""2014"": 11, ""2015"": 10}"
A5109159203,Yoram Tal,1977,2004,27,31,3,1980,53,199,Quantum Topology: Theory of Molecular Structure and its Change,0.25806451612903225,"{""1977"": 2, ""1978"": 2, ""1979"": 1, ""1980"": 5, ""1981"": 2, ""1982"": 7, ""1983"": 1, ""1988"": 1, ""1990"": 1, ""1993"": 1, ""1994"": 2, ""1996"": 2, ""1998"": 1, ""2000"": 1, ""2001"": 1, ""2004"": 1}"
A5089442591,Arthur S. Polans,1979,2015,36,55,12,1991,178,264,A photoreceptor calcium binding protein is recognized by autoantibodies obtained from patients with cancer-associated retinopathy.,0.15454545454545454,"{""1979"": 1, ""1981"": 1, ""1984"": 1, ""1985"": 1, ""1986"": 1, ""1988"": 1, ""1989"": 1, ""1991"": 2, ""1992"": 1, ""1993"": 3, ""1994"": 2, ""1995"": 7, ""1997"": 1, ""1998"": 1, ""1999"": 1, ""2000"": 4, ""2003"": 2, ""2004"": 2, ""2006"": 1, ""2007"": 5, ""2008"": 2, ""2009"": 1, ""2010"": 1, ""2011"": 6, ""2013"": 1, ""2014"": 3, ""2015"": 2}"
A5017046828,E. Hulicius,1988,2015,27,118,26,2014,38,41,InGaN/GaN multiple quantum well for fast scintillation application: radioluminescence and photoluminescence study,0.923728813559322,"{""1988"": 1, ""1991"": 1, ""1993"": 1, ""1994"": 2, ""1995"": 1, ""1998"": 1, ""1999"": 3, ""2000"": 5, ""2001"": 3, ""2002"": 12, ""2003"": 3, ""2004"": 6, ""2005"": 8, ""2006"": 12, ""2007"": 6, ""2008"": 5, ""2009"": 6, ""2010"": 8, ""2011"": 3, ""2012"": 9, ""2013"": 8, ""2014"": 9, ""2015"": 5}"
A5007077343,이문용,1977,2015,38,213,34,2011,8,8,저속범퍼 충돌 시험시 의장품이 신뢰성에 미치는 영향,0.7183098591549296,"{""1977"": 2, ""1987"": 1, ""1990"": 2, ""1991"": 2, ""1994"": 4, ""1995"": 4, ""1996"": 7, ""1997"": 5, ""1998"": 7, ""1999"": 4, ""2000"": 6, ""2001"": 4, ""2002"": 10, ""2003"": 12, ""2004"": 5, ""2005"": 4, ""2006"": 12, ""2007"": 18, ""2008"": 9, ""2009"": 10, ""2010"": 13, ""2011"": 23, ""2012"": 20, ""2013"": 10, ""2014"": 17, ""2015"": 2}"
A5103180804,E.C. Frey,1987,2015,28,52,14,2001,91,102,Pinhole SPECT of mice using the LumaGEM gamma camera,0.4807692307692308,"{""1987"": 1, ""1988"": 3, ""1990"": 2, ""1991"": 1, ""1992"": 1, ""1993"": 4, ""1994"": 3, ""1995"": 3, ""1998"": 3, ""1999"": 1, ""2000"": 2, ""2001"": 1, ""2002"": 19, ""2003"": 2, ""2007"": 1, ""2008"": 1, ""2009"": 1, ""2012"": 1, ""2014"": 1, ""2015"": 1}"
A5110175275,J. W. Steeds,1970,2008,38,67,14,1984,51,98,Luminescence studies of individual dislocations in II-VI (ZnSe) and III-V (InP) semiconductors,0.17164179104477612,"{""1970"": 2, ""1972"": 1, ""1974"": 1, ""1975"": 1, ""1978"": 2, ""1980"": 1, ""1981"": 2, ""1984"": 2, ""1985"": 1, ""1986"": 3, ""1989"": 2, ""1991"": 2, ""1992"": 7, ""1993"": 7, ""1994"": 2, ""1995"": 4, ""1996"": 3, ""1997"": 2, ""1998"": 3, ""1999"": 3, ""2000"": 3, ""2001"": 1, ""2002"": 2, ""2003"": 4, ""2004"": 3, ""2007"": 2, ""2008"": 1}"
A5073449453,Vladimir Shtern,1969,2015,46,125,34,2003,38,64,Control of vortex breakdown by addition of near-axis swirl,0.776,"{""1969"": 2, ""1970"": 6, ""1971"": 4, ""1974"": 1, ""1975"": 5, ""1976"": 4, ""1977"": 2, ""1978"": 3, ""1979"": 2, ""1980"": 1, ""1981"": 1, ""1982"": 1, ""1983"": 3, ""1984"": 2, ""1985"": 5, ""1986"": 3, ""1987"": 2, ""1988"": 4, ""1989"": 10, ""1990"": 2, ""1991"": 2, ""1993"": 3, ""1994"": 3, ""1995"": 3, ""1996"": 4, ""1997"": 4, ""1998"": 4, ""1999"": 1, ""2000"": 2, ""2001"": 4, ""2002"": 1, ""2003"": 5, ""2004"": 3, ""2008"": 1, ""2010"": 4, ""2011"": 4, ""2012"": 2, ""2013"": 3, ""2014"": 3, ""2015"": 6}"
A5068938711,L. M. Fishkova,1959,1996,37,67,37,1996,57,112,Long‐term temperature trends in the middle and upper atmosphere,1.0,"{""1959"": 1, ""1960"": 1, ""1961"": 2, ""1963"": 1, ""1964"": 1, ""1965"": 1, ""1966"": 2, ""1967"": 1, ""1968"": 1, ""1969"": 5, ""1970"": 4, ""1971"": 1, ""1972"": 4, ""1973"": 4, ""1974"": 1, ""1975"": 1, ""1976"": 2, ""1977"": 1, ""1978"": 1, ""1980"": 1, ""1981"": 2, ""1982"": 2, ""1983"": 2, ""1984"": 5, ""1985"": 5, ""1986"": 3, ""1987"": 1, ""1988"": 2, ""1989"": 4, ""1990"": 1, ""1991"": 3, ""1996"": 1}"
A5090342513,G. Lévai,1964,2015,51,127,36,2000,154,277,Systematic search for 𝒫𝒯-symmetric potentials with real energy spectra,0.5,"{""1964"": 1, ""1965"": 1, ""1966"": 1, ""1968"": 4, ""1969"": 5, ""1970"": 2, ""1972"": 3, ""1973"": 1, ""1975"": 2, ""1977"": 2, ""1978"": 1, ""1982"": 1, ""1988"": 2, ""1989"": 1, ""1990"": 1, ""1991"": 4, ""1992"": 3, ""1993"": 2, ""1994"": 2, ""1995"": 4, ""1996"": 5, ""1997"": 5, ""1998"": 4, ""1999"": 4, ""2000"": 4, ""2001"": 8, ""2002"": 4, ""2003"": 2, ""2004"": 10, ""2005"": 2, ""2006"": 4, ""2007"": 4, ""2008"": 4, ""2009"": 5, ""2010"": 6, ""2012"": 6, ""2013"": 5, ""2015"": 2}"
A5086843258,F. Teubert,1993,2015,22,164,13,2006,604,709,Search for neutral MSSM Higgs bosons at LEP,0.9176829268292683,"{""1993"": 1, ""1994"": 5, ""1995"": 26, ""1996"": 22, ""1997"": 17, ""1998"": 19, ""1999"": 12, ""2000"": 15, ""2001"": 3, ""2002"": 14, ""2003"": 4, ""2004"": 5, ""2005"": 3, ""2006"": 8, ""2007"": 1, ""2010"": 3, ""2011"": 1, ""2013"": 2, ""2014"": 2, ""2015"": 1}"
A5013674614,S. K. Sarkar,1970,2012,42,44,41,2011,11,17,Self-referenced rectangular path cyclic interferometer with polarization phase shifting,0.9772727272727273,"{""1970"": 2, ""1971"": 4, ""1972"": 3, ""1973"": 3, ""1974"": 1, ""1975"": 4, ""1976"": 1, ""1977"": 3, ""1978"": 1, ""1979"": 3, ""1980"": 4, ""1981"": 3, ""1985"": 1, ""1986"": 1, ""1988"": 1, ""1994"": 1, ""1995"": 2, ""1999"": 1, ""2007"": 1, ""2008"": 2, ""2011"": 1, ""2012"": 1}"
A5108131609,Ricki Lewis,1964,2015,51,54,42,2006,12,15,Up and coming,0.6574074074074074,"{""1964"": 1, ""1989"": 4, ""1990"": 1, ""1991"": 4, ""1993"": 2, ""1994"": 3, ""1996"": 3, ""1998"": 2, ""1999"": 1, ""2000"": 1, ""2002"": 1, ""2003"": 1, ""2004"": 3, ""2005"": 5, ""2006"": 6, ""2007"": 4, ""2008"": 4, ""2009"": 1, ""2012"": 1, ""2014"": 3, ""2015"": 3}"
A5111629705,J. W. C. Johns,1956,2007,51,211,19,1975,146,818,The labeling of parity doublet levels in linear molecules,0.22037914691943128,"{""1956"": 1, ""1957"": 2, ""1959"": 2, ""1961"": 2, ""1962"": 1, ""1963"": 4, ""1964"": 3, ""1965"": 2, ""1966"": 1, ""1967"": 3, ""1968"": 1, ""1969"": 2, ""1970"": 3, ""1971"": 3, ""1972"": 3, ""1973"": 6, ""1974"": 3, ""1975"": 8, ""1976"": 3, ""1977"": 12, ""1978"": 4, ""1979"": 5, ""1980"": 1, ""1981"": 1, ""1982"": 6, ""1983"": 4, ""1984"": 8, ""1985"": 7, ""1986"": 6, ""1987"": 9, ""1988"": 7, ""1989"": 12, ""1990"": 6, ""1991"": 9, ""1992"": 12, ""1993"": 5, ""1994"": 12, ""1995"": 10, ""1996"": 7, ""1997"": 2, ""1998"": 4, ""1999"": 1, ""2000"": 1, ""2001"": 2, ""2003"": 1, ""2004"": 3, ""2007"": 1}"
A5049282383,Susanta K. Sen Gupta,1993,2015,22,23,22,2015,62,65,"Contact glow discharge electrolysis: its origin, plasma diagnostics and non-faradaic chemical effects",0.9782608695652174,"{""1993"": 2, ""1995"": 1, ""1997"": 2, ""1999"": 1, ""2000"": 1, ""2007"": 1, ""2008"": 2, ""2009"": 2, ""2010"": 2, ""2011"": 4, ""2012"": 2, ""2014"": 1, ""2015"": 2}"
A5010235289,E. Gottwald,1987,2015,28,58,12,1999,177,215,"Polarization mode dispersion compensation at 10, 20, and 40 Gb/s with various optical equalizers",0.2413793103448276,"{""1987"": 1, ""1988"": 1, ""1989"": 1, ""1990"": 1, ""1995"": 2, ""1996"": 3, ""1997"": 2, ""1998"": 1, ""1999"": 3, ""2000"": 2, ""2002"": 4, ""2003"": 4, ""2005"": 1, ""2006"": 8, ""2007"": 11, ""2008"": 1, ""2009"": 1, ""2010"": 2, ""2011"": 4, ""2013"": 1, ""2014"": 2, ""2015"": 2}"
A5108811101,J.H. Pendergrass,1975,2002,27,43,13,1988,8,11,Heavy-Ion Fusion Target Cost Model,0.9302325581395349,"{""1975"": 1, ""1977"": 1, ""1978"": 3, ""1979"": 7, ""1980"": 3, ""1981"": 4, ""1982"": 2, ""1983"": 1, ""1984"": 2, ""1985"": 7, ""1986"": 5, ""1987"": 2, ""1988"": 3, ""1993"": 1, ""2002"": 1}"
A5041129694,Kabul Basah Suryolelono,1993,2015,22,20,22,2015,16,16,Determination of Unsaturated Soil Properties and Slope Deformation Analysis Due to the Effect of Varies Rainfall,0.975,"{""1993"": 1, ""1999"": 1, ""2000"": 3, ""2001"": 1, ""2002"": 1, ""2003"": 1, ""2007"": 1, ""2008"": 1, ""2009"": 2, ""2011"": 1, ""2014"": 5, ""2015"": 2}"
A5056501371,R. O. Dendy,1983,2015,32,265,15,1998,101,162,A simple avalanche model as an analogue for magnetospheric activity,0.36792452830188677,"{""1983"": 1, ""1984"": 4, ""1985"": 2, ""1986"": 3, ""1987"": 9, ""1988"": 4, ""1989"": 6, ""1990"": 1, ""1991"": 3, ""1992"": 4, ""1993"": 6, ""1994"": 10, ""1995"": 17, ""1996"": 10, ""1997"": 13, ""1998"": 8, ""1999"": 9, ""2000"": 4, ""2001"": 11, ""2002"": 10, ""2003"": 10, ""2004"": 15, ""2005"": 13, ""2006"": 10, ""2007"": 8, ""2008"": 9, ""2009"": 6, ""2010"": 7, ""2011"": 7, ""2012"": 5, ""2013"": 17, ""2014"": 13, ""2015"": 10}"
A5110866928,S Yoshizaki,1965,2014,49,58,39,2004,47,76,Highly sensitive UV photodetectors fabricated using high-quality single-crystalline CVD diamond films,0.896551724137931,"{""1965"": 1, ""1970"": 4, ""1973"": 1, ""1980"": 1, ""1981"": 1, ""1982"": 5, ""1983"": 5, ""1984"": 5, ""1985"": 2, ""1986"": 5, ""1988"": 1, ""1989"": 3, ""1990"": 6, ""1991"": 3, ""1992"": 3, ""1993"": 1, ""1994"": 1, ""1999"": 1, ""2003"": 1, ""2004"": 3, ""2005"": 1, ""2007"": 1, ""2008"": 1, ""2009"": 1, ""2014"": 1}"
A5111810572,Paul Teirstein,1978,2015,37,68,31,2009,240,332,A Prospective Feasibility Trial Investigating the Use of the Impella 2.5 System in Patients Undergoing High-Risk Percutaneous Coronary Intervention (The PROTECT I Trial),0.75,"{""1978"": 2, ""1979"": 1, ""1986"": 1, ""1990"": 3, ""1991"": 3, ""1992"": 1, ""1993"": 2, ""1995"": 1, ""1996"": 1, ""1997"": 1, ""1998"": 1, ""1999"": 5, ""2000"": 4, ""2001"": 1, ""2002"": 5, ""2003"": 1, ""2004"": 6, ""2005"": 5, ""2006"": 3, ""2007"": 1, ""2009"": 5, ""2011"": 1, ""2012"": 4, ""2013"": 6, ""2014"": 2, ""2015"": 2}"
A5056997014,T J Wipf,1980,2014,34,178,24,2004,71,143,Repair of Steel Composite Beams with Carbon Fiber-Reinforced Polymer Plates,0.5084269662921348,"{""1980"": 1, ""1983"": 1, ""1986"": 3, ""1987"": 2, ""1988"": 2, ""1989"": 4, ""1990"": 1, ""1991"": 2, ""1992"": 2, ""1993"": 4, ""1994"": 3, ""1995"": 4, ""1996"": 6, ""1997"": 5, ""1998"": 8, ""1999"": 6, ""2000"": 7, ""2002"": 4, ""2003"": 17, ""2004"": 16, ""2005"": 17, ""2006"": 6, ""2007"": 15, ""2008"": 1, ""2009"": 13, ""2010"": 5, ""2011"": 4, ""2012"": 6, ""2013"": 10, ""2014"": 3}"
A5113745817,David T. Kopp,1972,2000,28,24,19,1991,70,214,Effect of Strict Glycemic Control on Renal Hemodynamic Response to Amino Acids and Renal Enlargement in Insulin-Dependent Diabetes Mellitus,0.75,"{""1972"": 1, ""1975"": 1, ""1976"": 1, ""1977"": 2, ""1980"": 2, ""1982"": 1, ""1983"": 1, ""1984"": 1, ""1985"": 2, ""1986"": 2, ""1987"": 2, ""1988"": 1, ""1991"": 1, ""1995"": 1, ""1997"": 1, ""2000"": 4}"
A5018805466,В. Г. Карпов,1970,2015,45,162,42,2012,125,161,Electrical conduction in chalcogenide glasses of phase change memory,0.8209876543209876,"{""1970"": 1, ""1981"": 2, ""1982"": 3, ""1983"": 4, ""1987"": 1, ""1988"": 2, ""1989"": 4, ""1990"": 2, ""1991"": 1, ""1992"": 2, ""1993"": 6, ""1994"": 4, ""1995"": 7, ""1996"": 6, ""1997"": 1, ""1998"": 2, ""2000"": 1, ""2001"": 2, ""2002"": 8, ""2003"": 10, ""2004"": 5, ""2005"": 9, ""2006"": 4, ""2007"": 8, ""2008"": 17, ""2009"": 8, ""2010"": 7, ""2011"": 2, ""2012"": 7, ""2013"": 7, ""2014"": 8, ""2015"": 11}"
A5014289736,Rui Rosa,1963,2014,51,39,48,2011,22,29,Atmospheric electrical field decrease during the &amp;lt;i&amp;gt;M = 4.1&amp;lt;/i&amp;gt; Sousel earthquake (Portugal),0.7948717948717948,"{""1963"": 2, ""1965"": 1, ""1979"": 1, ""1980"": 1, ""1981"": 1, ""1983"": 1, ""1984"": 1, ""1985"": 1, ""1987"": 2, ""1988"": 1, ""1989"": 2, ""1991"": 3, ""1994"": 1, ""2001"": 1, ""2002"": 1, ""2003"": 4, ""2005"": 2, ""2006"": 1, ""2008"": 1, ""2010"": 1, ""2011"": 3, ""2012"": 4, ""2013"": 1, ""2014"": 2}"
A5066341456,Gerald S. Manning,1965,2015,50,118,4,1969,160,3040,Limiting Laws and Counterion Condensation in Polyelectrolyte Solutions I. Colligative Properties,0.1016949152542373,"{""1965"": 3, ""1967"": 4, ""1968"": 1, ""1969"": 7, ""1970"": 1, ""1972"": 5, ""1973"": 1, ""1974"": 2, ""1975"": 5, ""1976"": 6, ""1977"": 3, ""1978"": 2, ""1979"": 3, ""1980"": 4, ""1981"": 5, ""1983"": 1, ""1984"": 2, ""1985"": 1, ""1986"": 3, ""1987"": 3, ""1988"": 3, ""1989"": 2, ""1990"": 4, ""1991"": 1, ""1992"": 3, ""1993"": 2, ""1994"": 3, ""1995"": 2, ""1996"": 3, ""1997"": 2, ""1998"": 1, ""1999"": 2, ""2000"": 3, ""2001"": 2, ""2002"": 2, ""2003"": 4, ""2005"": 2, ""2006"": 1, ""2007"": 2, ""2008"": 1, ""2009"": 2, ""2010"": 1, ""2011"": 3, ""2012"": 1, ""2014"": 3, ""2015"": 1}"
A5110311706,M. Santini,1959,2012,53,47,43,2002,44,62,High-temperature electron localization in dense He gas,0.9468085106382979,"{""1959"": 1, ""1960"": 2, ""1963"": 2, ""1965"": 2, ""1966"": 1, ""1968"": 2, ""1970"": 2, ""1972"": 1, ""1975"": 3, ""1977"": 1, ""1978"": 2, ""1979"": 1, ""1983"": 2, ""1984"": 3, ""1985"": 2, ""1986"": 2, ""1987"": 1, ""1988"": 1, ""1989"": 3, ""1990"": 2, ""1991"": 1, ""1992"": 2, ""1993"": 1, ""1995"": 1, ""1997"": 1, ""2001"": 1, ""2002"": 2, ""2003"": 1, ""2012"": 1}"
A5109915893,Milton O. Smith,1978,2012,34,42,12,1990,136,756,Vegetation in deserts: I. A regional measure of abundance from multispectral images,0.36904761904761907,"{""1978"": 1, ""1983"": 1, ""1984"": 1, ""1985"": 3, ""1986"": 4, ""1987"": 3, ""1990"": 4, ""1991"": 2, ""1992"": 8, ""1993"": 2, ""1995"": 3, ""1996"": 1, ""1998"": 2, ""2002"": 2, ""2004"": 1, ""2005"": 3, ""2012"": 1}"
A5090936135,E. N. Costogue,1963,1994,31,35,14,1977,8,42,Performance data for a terrestrial solar photovoltaicwater electrolysis experiment,0.4857142857142857,"{""1963"": 1, ""1969"": 1, ""1970"": 3, ""1971"": 4, ""1972"": 1, ""1974"": 2, ""1975"": 2, ""1976"": 2, ""1977"": 1, ""1978"": 4, ""1979"": 2, ""1980"": 1, ""1981"": 1, ""1982"": 1, ""1983"": 1, ""1984"": 4, ""1985"": 1, ""1991"": 2, ""1994"": 1}"
A5019373620,Moshe Tur,1974,2015,41,421,38,2012,3182,4543,Terabit free-space data transmission employing orbital angular momentum multiplexing,0.6769596199524941,"{""1974"": 1, ""1975"": 1, ""1979"": 1, ""1980"": 1, ""1981"": 2, ""1982"": 5, ""1983"": 5, ""1984"": 2, ""1985"": 8, ""1986"": 8, ""1987"": 8, ""1988"": 13, ""1989"": 10, ""1990"": 7, ""1991"": 7, ""1992"": 4, ""1993"": 9, ""1994"": 4, ""1995"": 7, ""1996"": 6, ""1997"": 10, ""1998"": 7, ""1999"": 3, ""2000"": 8, ""2001"": 4, ""2002"": 12, ""2003"": 8, ""2004"": 11, ""2005"": 14, ""2006"": 11, ""2007"": 11, ""2008"": 10, ""2009"": 13, ""2010"": 10, ""2011"": 26, ""2012"": 35, ""2013"": 34, ""2014"": 40, ""2015"": 45}"
A5100298055,Tai-cheng Yang,1972,2008,36,15,36,2008,13,18,On tracking control of a pendulum-driven cart-pole underactuated system,1.0,"{""1972"": 1, ""2002"": 2, ""2003"": 2, ""2004"": 5, ""2005"": 2, ""2006"": 2, ""2008"": 1}"
A5085061626,W. Brian Rowe,1954,2014,60,144,54,2008,87,144,Optimisation of fluid application in grinding,0.9861111111111112,"{""1954"": 1, ""1964"": 2, ""1965"": 2, ""1968"": 3, ""1969"": 17, ""1970"": 2, ""1971"": 1, ""1972"": 4, ""1973"": 4, ""1974"": 6, ""1975"": 2, ""1976"": 1, ""1977"": 2, ""1978"": 1, ""1979"": 2, ""1980"": 4, ""1981"": 2, ""1982"": 1, ""1983"": 1, ""1984"": 2, ""1986"": 2, ""1987"": 2, ""1988"": 2, ""1989"": 4, ""1991"": 3, ""1992"": 3, ""1993"": 1, ""1994"": 3, ""1995"": 6, ""1996"": 8, ""1997"": 9, ""1998"": 6, ""1999"": 6, ""2000"": 3, ""2001"": 5, ""2002"": 3, ""2003"": 5, ""2004"": 5, ""2005"": 1, ""2006"": 2, ""2007"": 2, ""2008"": 1, ""2013"": 1, ""2014"": 1}"
A5110006632,Stanley L. Erlandsen,1967,2007,40,154,28,1995,590,1003,α4 integrins mediate lymphocyte attachment and rolling under physiologic flow,0.5876623376623377,"{""1967"": 1, ""1968"": 2, ""1972"": 2, ""1973"": 1, ""1974"": 3, ""1976"": 4, ""1978"": 3, ""1979"": 2, ""1980"": 5, ""1981"": 1, ""1982"": 5, ""1983"": 1, ""1984"": 3, ""1985"": 2, ""1986"": 1, ""1987"": 5, ""1988"": 4, ""1989"": 4, ""1990"": 10, ""1991"": 5, ""1992"": 4, ""1993"": 7, ""1994"": 10, ""1995"": 10, ""1996"": 5, ""1997"": 5, ""1998"": 5, ""1999"": 9, ""2000"": 6, ""2001"": 3, ""2002"": 8, ""2003"": 6, ""2004"": 4, ""2005"": 5, ""2006"": 2, ""2007"": 1}"
A5074908044,T. J. Turner,1986,2015,29,228,11,1997,426,604,<i>ASCA</i>Observations of Seyfert 1 Galaxies. II. Relativistic Iron Kα Emission,0.2982456140350877,"{""1986"": 1, ""1987"": 3, ""1988"": 4, ""1989"": 6, ""1990"": 3, ""1991"": 8, ""1992"": 11, ""1993"": 8, ""1994"": 6, ""1995"": 7, ""1996"": 6, ""1997"": 9, ""1998"": 10, ""1999"": 9, ""2000"": 4, ""2001"": 13, ""2002"": 17, ""2003"": 10, ""2004"": 13, ""2005"": 11, ""2006"": 11, ""2007"": 7, ""2008"": 6, ""2009"": 5, ""2010"": 8, ""2011"": 4, ""2012"": 12, ""2013"": 4, ""2014"": 7, ""2015"": 5}"
A5055777099,T Rahola,1966,2014,48,125,43,2009,46,55,"TMT handbook : Triage, monitoring and treatment of people exposed to ionising radiation following a malevolent act",0.904,"{""1966"": 1, ""1969"": 4, ""1970"": 1, ""1971"": 4, ""1972"": 3, ""1973"": 3, ""1974"": 2, ""1975"": 4, ""1982"": 1, ""1985"": 1, ""1987"": 3, ""1988"": 1, ""1989"": 2, ""1990"": 3, ""1991"": 2, ""1994"": 1, ""1997"": 3, ""1998"": 2, ""1999"": 3, ""2000"": 3, ""2001"": 4, ""2002"": 8, ""2003"": 23, ""2004"": 8, ""2005"": 4, ""2006"": 8, ""2007"": 1, ""2008"": 8, ""2009"": 3, ""2010"": 5, ""2011"": 2, ""2014"": 4}"
A5111852255,Campbell W. Robinson,1961,2009,48,88,46,2007,148,367,Self-assembling Peptide Scaffolds Promote Enamel Remineralization,0.9659090909090909,"{""1961"": 1, ""1963"": 1, ""1964"": 1, ""1965"": 1, ""1973"": 1, ""1974"": 3, ""1975"": 1, ""1977"": 3, ""1978"": 3, ""1979"": 2, ""1980"": 3, ""1981"": 3, ""1982"": 1, ""1983"": 7, ""1984"": 1, ""1985"": 5, ""1986"": 3, ""1987"": 5, ""1988"": 3, ""1989"": 6, ""1990"": 5, ""1991"": 2, ""1992"": 4, ""1993"": 5, ""1994"": 1, ""1995"": 3, ""1996"": 2, ""1998"": 1, ""2000"": 4, ""2002"": 2, ""2003"": 1, ""2007"": 1, ""2009"": 3}"
A5110439664,H. R. Ott,1969,2015,46,221,24,1993,819,1676,Superconductivity above 130 K in the Hg–Ba–Ca–Cu–O system,0.4253393665158371,"{""1969"": 1, ""1972"": 3, ""1974"": 3, ""1975"": 3, ""1976"": 7, ""1977"": 2, ""1978"": 3, ""1979"": 7, ""1980"": 5, ""1981"": 3, ""1982"": 1, ""1983"": 5, ""1984"": 2, ""1985"": 6, ""1987"": 6, ""1988"": 3, ""1989"": 5, ""1990"": 9, ""1991"": 6, ""1992"": 7, ""1993"": 13, ""1994"": 17, ""1995"": 6, ""1996"": 13, ""1997"": 9, ""1998"": 7, ""1999"": 5, ""2000"": 10, ""2001"": 6, ""2002"": 6, ""2003"": 8, ""2004"": 4, ""2005"": 9, ""2006"": 6, ""2007"": 1, ""2008"": 3, ""2009"": 2, ""2011"": 2, ""2012"": 2, ""2013"": 3, ""2014"": 1, ""2015"": 1}"
A5111558680,F. W. Whicker,1963,2015,52,163,34,1997,132,530,"Environmental Radioactivity from Natural, Industrial, and Military Sources",0.5276073619631901,"{""1963"": 3, ""1964"": 1, ""1965"": 2, ""1966"": 1, ""1967"": 2, ""1968"": 1, ""1969"": 1, ""1970"": 1, ""1971"": 7, ""1972"": 3, ""1973"": 4, ""1974"": 3, ""1975"": 5, ""1976"": 1, ""1978"": 2, ""1980"": 2, ""1983"": 5, ""1984"": 4, ""1985"": 3, ""1986"": 3, ""1987"": 4, ""1988"": 3, ""1989"": 2, ""1990"": 2, ""1992"": 4, ""1993"": 3, ""1994"": 5, ""1995"": 3, ""1996"": 3, ""1997"": 5, ""1998"": 2, ""1999"": 7, ""2000"": 9, ""2001"": 12, ""2002"": 3, ""2003"": 2, ""2004"": 4, ""2005"": 1, ""2006"": 28, ""2007"": 1, ""2009"": 1, ""2010"": 1, ""2011"": 1, ""2013"": 1, ""2014"": 1, ""2015"": 1}"
A5086073947,Lars Hultman,1985,2015,30,703,26,2011,4250,11407,Two‐Dimensional Nanocrystals Produced by Exfoliation of Ti<sub>3</sub>AlC<sub>2</sub>,0.6408250355618776,"{""1985"": 1, ""1986"": 1, ""1987"": 5, ""1988"": 3, ""1989"": 5, ""1990"": 7, ""1991"": 8, ""1992"": 12, ""1993"": 10, ""1994"": 9, ""1995"": 20, ""1996"": 16, ""1997"": 9, ""1998"": 18, ""1999"": 14, ""2000"": 23, ""2001"": 12, ""2002"": 29, ""2003"": 28, ""2004"": 20, ""2005"": 15, ""2006"": 29, ""2007"": 32, ""2008"": 30, ""2009"": 25, ""2010"": 41, ""2011"": 56, ""2012"": 70, ""2013"": 61, ""2014"": 55, ""2015"": 39}"
A5029648761,R. Lucena,1993,2014,21,44,9,2002,41,105,A semiquantitative cytological evaluation of normal and pathological samples from the external ear canal of dogs and cats,0.7840909090909091,"{""1993"": 1, ""1994"": 2, ""1995"": 1, ""1996"": 2, ""1997"": 5, ""1998"": 7, ""1999"": 5, ""2000"": 2, ""2001"": 8, ""2002"": 2, ""2003"": 1, ""2006"": 1, ""2007"": 2, ""2008"": 1, ""2009"": 1, ""2010"": 1, ""2013"": 1, ""2014"": 1}"
A5103844164,P. F. Greenfield,1974,2009,35,170,26,2000,208,581,Role of the Crystallite Phase of TiO<sub>2</sub> in Heterogeneous Photocatalysis for Phenol Oxidation in Water,0.8676470588235294,"{""1974"": 5, ""1975"": 4, ""1978"": 3, ""1979"": 3, ""1980"": 3, ""1981"": 6, ""1982"": 4, ""1983"": 6, ""1984"": 2, ""1985"": 5, ""1986"": 7, ""1987"": 9, ""1988"": 10, ""1989"": 8, ""1990"": 8, ""1991"": 11, ""1992"": 5, ""1993"": 5, ""1994"": 10, ""1995"": 3, ""1996"": 5, ""1997"": 9, ""1998"": 4, ""1999"": 7, ""2000"": 10, ""2001"": 4, ""2002"": 4, ""2003"": 1, ""2004"": 2, ""2005"": 2, ""2007"": 2, ""2008"": 1, ""2009"": 2}"
A5113622864,María Victoria Pérez Martín,1979,2010,31,27,3,1982,14,20,Zone Plates Produced by Cylindrical Wavefronts Recording and Reconstruction,0.07407407407407407,"{""1979"": 1, ""1982"": 1, ""1993"": 1, ""1996"": 1, ""1997"": 2, ""1998"": 2, ""1999"": 3, ""2000"": 1, ""2001"": 3, ""2003"": 5, ""2004"": 4, ""2008"": 1, ""2010"": 2}"
A5021329657,G. Lehmpfuhl,1961,1999,38,76,18,1979,86,190,Hydrogen adsorption and oxide formation on platinum single crystal electrodes,0.28289473684210525,"{""1961"": 2, ""1964"": 1, ""1965"": 1, ""1967"": 1, ""1968"": 2, ""1972"": 2, ""1973"": 2, ""1974"": 3, ""1975"": 1, ""1976"": 1, ""1977"": 1, ""1978"": 2, ""1979"": 4, ""1980"": 4, ""1981"": 3, ""1982"": 2, ""1983"": 1, ""1984"": 6, ""1985"": 1, ""1986"": 3, ""1987"": 6, ""1988"": 3, ""1989"": 3, ""1990"": 2, ""1991"": 4, ""1992"": 6, ""1993"": 6, ""1995"": 1, ""1997"": 1, ""1999"": 1}"
A5102148814,RJ Rose,1978,2012,34,13,23,2001,34,61,Evaluation of high‐speed treadmill videoendoscopy for diagnosis of upper respiratory tract dysfunction in horses,0.5384615384615384,"{""1978"": 1, ""1990"": 1, ""1993"": 1, ""1994"": 1, ""1997"": 1, ""1998"": 1, ""2001"": 1, ""2007"": 5, ""2012"": 1}"
A5053370976,W. Brandl,1952,2008,56,13,55,2007,57,93,Kinetics of hydrogen evolution reaction on skeleton nickel and nickel–titanium electrodes obtained by thermal arc spraying technique,0.9230769230769231,"{""1952"": 2, ""1987"": 1, ""1992"": 2, ""1996"": 3, ""2004"": 1, ""2005"": 1, ""2006"": 1, ""2007"": 1, ""2008"": 1}"
A5037129860,P. N. Anyalebechi,1988,2013,25,13,25,2013,27,49,Hydrogen-induced gas porosity formation in Al–4.5 wt% Cu–1.4 wt% Mg alloy,1.0,"{""1988"": 3, ""1989"": 1, ""1990"": 3, ""1994"": 2, ""1995"": 2, ""1996"": 1, ""2013"": 1}"
A5054326286,W. G. L. Pöppel,1962,2010,48,103,43,2005,1807,3756,The Leiden/Argentine/Bonn (LAB) Survey of Galactic HI,0.9563106796116505,"{""1962"": 2, ""1965"": 1, ""1970"": 3, ""1971"": 2, ""1973"": 2, ""1974"": 1, ""1977"": 1, ""1979"": 1, ""1980"": 5, ""1981"": 14, ""1982"": 1, ""1983"": 1, ""1984"": 5, ""1985"": 3, ""1986"": 2, ""1987"": 10, ""1988"": 3, ""1989"": 2, ""1990"": 2, ""1992"": 4, ""1993"": 2, ""1994"": 1, ""1995"": 1, ""1996"": 4, ""1997"": 1, ""1998"": 6, ""1999"": 2, ""2000"": 5, ""2001"": 1, ""2002"": 4, ""2003"": 1, ""2004"": 3, ""2005"": 4, ""2006"": 1, ""2009"": 1, ""2010"": 1}"
A5003140724,M. Strolin Benedetti,1973,2015,42,182,7,1980,100,173,Differential Changes in Monoamine Oxidase A and B Activity in the Aging Rat Brain,0.054945054945054944,"{""1973"": 1, ""1975"": 2, ""1976"": 1, ""1977"": 1, ""1978"": 1, ""1979"": 2, ""1980"": 3, ""1981"": 5, ""1982"": 4, ""1983"": 16, ""1984"": 7, ""1985"": 10, ""1988"": 2, ""1989"": 8, ""1990"": 13, ""1991"": 11, ""1992"": 12, ""1993"": 7, ""1994"": 10, ""1995"": 19, ""1996"": 8, ""1997"": 6, ""1998"": 2, ""1999"": 1, ""2001"": 2, ""2002"": 1, ""2003"": 2, ""2004"": 1, ""2005"": 2, ""2006"": 1, ""2007"": 5, ""2009"": 10, ""2010"": 2, ""2011"": 1, ""2015"": 3}"
A5058901392,Peter Orth,1959,2015,56,61,42,2001,1247,1941,Crystal structure of photosystem II from Synechococcus elongatus at 3.8 Å resolution,0.4344262295081967,"{""1959"": 1, ""1972"": 3, ""1982"": 1, ""1987"": 1, ""1998"": 6, ""1999"": 5, ""2000"": 6, ""2001"": 6, ""2003"": 2, ""2004"": 1, ""2005"": 2, ""2006"": 4, ""2008"": 5, ""2009"": 2, ""2010"": 6, ""2011"": 3, ""2012"": 3, ""2014"": 3, ""2015"": 1}"
A5050832299,Enrique Espí,1991,2014,23,39,15,2006,101,393,PLastic Films for Agricultural Applications,0.5384615384615384,"{""1991"": 2, ""1992"": 1, ""1993"": 3, ""1994"": 3, ""1995"": 1, ""1998"": 1, ""2000"": 2, ""2003"": 1, ""2004"": 4, ""2006"": 5, ""2007"": 2, ""2008"": 3, ""2009"": 3, ""2010"": 3, ""2012"": 2, ""2013"": 2, ""2014"": 1}"
A5111872252,Duk‐In Choi,1971,2001,30,73,10,1981,69,269,Toroidal drift modes driven by ion pressure gradients,0.2191780821917808,"{""1971"": 1, ""1974"": 1, ""1975"": 1, ""1976"": 1, ""1977"": 3, ""1978"": 2, ""1979"": 3, ""1980"": 3, ""1981"": 1, ""1982"": 1, ""1983"": 2, ""1984"": 1, ""1985"": 2, ""1986"": 2, ""1987"": 5, ""1988"": 2, ""1989"": 8, ""1990"": 4, ""1992"": 2, ""1993"": 2, ""1994"": 1, ""1995"": 5, ""1996"": 4, ""1997"": 4, ""1998"": 2, ""1999"": 4, ""2000"": 3, ""2001"": 3}"
A5029007269,Irina Fedorova,1958,2015,57,50,55,2013,204,202,"Baseline characteristics of climate, permafrost and land cover from a new permafrost observatory in the Lena River Delta, Siberia (1998–2011)",0.57,"{""1958"": 1, ""1970"": 1, ""1973"": 1, ""1974"": 2, ""1982"": 1, ""1983"": 1, ""1985"": 1, ""1990"": 1, ""1993"": 1, ""2003"": 1, ""2008"": 1, ""2009"": 3, ""2010"": 1, ""2011"": 3, ""2012"": 4, ""2013"": 10, ""2014"": 11, ""2015"": 6}"
A5048302263,S. V. Myagkota,1982,2014,32,38,26,2008,180,559,High-temperature structural evolution of caesium and rubidium triiodoplumbates,0.7894736842105263,"{""1982"": 1, ""1988"": 1, ""1992"": 1, ""1994"": 1, ""1998"": 5, ""1999"": 3, ""2000"": 3, ""2001"": 3, ""2002"": 2, ""2003"": 3, ""2004"": 2, ""2005"": 2, ""2007"": 1, ""2008"": 3, ""2009"": 3, ""2010"": 1, ""2012"": 1, ""2013"": 1, ""2014"": 1}"
A5071671272,Z. Celiński,1978,2015,37,177,12,1990,186,251,Ferromagnetic and antiferromagnetic exchange coupling in bcc epitaxial ultrathin Fe(001)/Cu(001)Fe(001) trilayers,0.0423728813559322,"{""1978"": 1, ""1982"": 1, ""1987"": 1, ""1988"": 1, ""1989"": 1, ""1990"": 4, ""1991"": 10, ""1992"": 3, ""1993"": 7, ""1994"": 4, ""1995"": 7, ""1996"": 2, ""1997"": 2, ""1998"": 1, ""1999"": 2, ""2000"": 1, ""2001"": 4, ""2002"": 6, ""2003"": 16, ""2004"": 9, ""2005"": 6, ""2006"": 5, ""2007"": 13, ""2008"": 16, ""2009"": 10, ""2010"": 8, ""2011"": 5, ""2012"": 6, ""2013"": 5, ""2014"": 12, ""2015"": 8}"
A5062805729,Jean-Charles Balty,1958,2015,57,387,31,1989,41,81,Le forum de Bavay et les basiliques de forum.,0.43281653746770027,"{""1958"": 2, ""1959"": 6, ""1960"": 1, ""1961"": 7, ""1962"": 6, ""1963"": 6, ""1964"": 10, ""1965"": 11, ""1966"": 8, ""1967"": 5, ""1971"": 7, ""1972"": 2, ""1975"": 6, ""1976"": 3, ""1977"": 6, ""1978"": 4, ""1979"": 5, ""1980"": 7, ""1981"": 3, ""1982"": 1, ""1983"": 12, ""1984"": 14, ""1986"": 19, ""1987"": 4, ""1988"": 6, ""1989"": 12, ""1990"": 10, ""1991"": 16, ""1992"": 14, ""1993"": 11, ""1994"": 13, ""1995"": 3, ""1996"": 6, ""1997"": 1, ""1998"": 7, ""1999"": 5, ""2000"": 4, ""2001"": 4, ""2002"": 6, ""2003"": 2, ""2004"": 1, ""2005"": 13, ""2006"": 9, ""2007"": 5, ""2008"": 12, ""2009"": 12, ""2010"": 15, ""2011"": 9, ""2012"": 1, ""2013"": 12, ""2014"": 17, ""2015"": 6}"
A5007712860,Douglas C. Markley,1988,2014,26,30,16,2004,135,360,Energy Harvesting Using a Piezoelectric “Cymbal” Transducer in Dynamic Environment,0.31666666666666665,"{""1988"": 1, ""2002"": 5, ""2003"": 1, ""2004"": 4, ""2005"": 3, ""2006"": 3, ""2007"": 2, ""2008"": 3, ""2009"": 3, ""2011"": 1, ""2013"": 3, ""2014"": 1}"
A5107196499,A. Zichichi,1955,2015,60,667,38,1993,201,271,Observation of events with a large rapidity gap in deep inelastic scattering at HERA,0.49250374812593706,"{""1955"": 1, ""1956"": 1, ""1957"": 4, ""1958"": 2, ""1959"": 2, ""1960"": 2, ""1961"": 3, ""1962"": 3, ""1963"": 3, ""1964"": 3, ""1965"": 11, ""1966"": 7, ""1967"": 3, ""1968"": 8, ""1969"": 6, ""1970"": 7, ""1971"": 8, ""1972"": 16, ""1973"": 44, ""1974"": 8, ""1975"": 41, ""1976"": 4, ""1977"": 5, ""1978"": 2, ""1979"": 5, ""1980"": 6, ""1981"": 22, ""1982"": 9, ""1983"": 13, ""1984"": 4, ""1985"": 1, ""1986"": 3, ""1987"": 2, ""1988"": 4, ""1989"": 4, ""1990"": 8, ""1991"": 13, ""1992"": 25, ""1993"": 30, ""1994"": 38, ""1995"": 33, ""1996"": 14, ""1997"": 15, ""1998"": 17, ""1999"": 9, ""2000"": 8, ""2001"": 12, ""2002"": 12, ""2003"": 13, ""2004"": 19, ""2005"": 15, ""2006"": 10, ""2007"": 20, ""2008"": 19, ""2009"": 19, ""2010"": 15, ""2011"": 8, ""2012"": 7, ""2013"": 5, ""2014"": 9, ""2015"": 7}"
A5026665657,P.H. Edmonds,1964,2003,39,85,19,1983,67,89,Impurity transport and plasma rotation in the ISX-B tokamak,0.49411764705882355,"{""1964"": 2, ""1969"": 3, ""1970"": 1, ""1971"": 6, ""1973"": 1, ""1974"": 1, ""1975"": 1, ""1977"": 2, ""1978"": 5, ""1979"": 7, ""1980"": 3, ""1981"": 5, ""1982"": 3, ""1983"": 3, ""1984"": 7, ""1985"": 9, ""1986"": 6, ""1987"": 3, ""1988"": 2, ""1992"": 1, ""1994"": 1, ""1995"": 2, ""1996"": 2, ""1997"": 5, ""1999"": 1, ""2002"": 1, ""2003"": 2}"
A5087967722,C. S. Fadley,1967,2015,48,281,47,2014,1060,1129,Strong interlayer coupling in van der Waals heterostructures built from single-layer chalcogenides,0.9857651245551602,"{""1967"": 1, ""1968"": 2, ""1969"": 4, ""1970"": 2, ""1971"": 1, ""1974"": 1, ""1975"": 2, ""1976"": 6, ""1977"": 6, ""1978"": 2, ""1979"": 2, ""1980"": 7, ""1981"": 3, ""1983"": 1, ""1984"": 3, ""1985"": 2, ""1986"": 3, ""1987"": 4, ""1988"": 1, ""1989"": 2, ""1990"": 5, ""1991"": 1, ""1992"": 2, ""1993"": 6, ""1994"": 7, ""1995"": 9, ""1996"": 22, ""1997"": 16, ""1998"": 12, ""1999"": 12, ""2000"": 12, ""2001"": 19, ""2002"": 12, ""2003"": 6, ""2004"": 12, ""2005"": 5, ""2006"": 6, ""2008"": 12, ""2009"": 6, ""2010"": 4, ""2011"": 12, ""2012"": 11, ""2013"": 10, ""2014"": 5, ""2015"": 2}"
A5111834165,Gordon H. Miller,1963,2011,48,32,37,2000,56,108,Intracellular Measurements in Mammary Carcinoma Cells Using Fiber-Optic Nanosensors,0.734375,"{""1963"": 1, ""1965"": 1, ""1967"": 2, ""1979"": 1, ""1983"": 1, ""1985"": 1, ""1989"": 1, ""1990"": 1, ""1991"": 1, ""1992"": 4, ""1993"": 4, ""1997"": 1, ""1999"": 3, ""2000"": 2, ""2001"": 4, ""2002"": 1, ""2005"": 1, ""2007"": 1, ""2011"": 1}"
A5091170678,P. A. Bernhardt,1974,2015,41,342,34,2008,609,1052,The COSMIC/FORMOSAT-3 Mission: Early Results,0.5818713450292398,"{""1974"": 1, ""1975"": 1, ""1976"": 4, ""1977"": 5, ""1978"": 5, ""1979"": 5, ""1980"": 6, ""1981"": 3, ""1982"": 8, ""1983"": 4, ""1984"": 4, ""1985"": 3, ""1986"": 4, ""1987"": 4, ""1988"": 6, ""1989"": 4, ""1990"": 5, ""1991"": 4, ""1992"": 5, ""1993"": 10, ""1994"": 5, ""1995"": 10, ""1996"": 2, ""1997"": 7, ""1998"": 4, ""1999"": 5, ""2000"": 5, ""2001"": 9, ""2002"": 7, ""2003"": 5, ""2004"": 6, ""2005"": 11, ""2006"": 12, ""2007"": 11, ""2008"": 17, ""2009"": 20, ""2010"": 20, ""2011"": 21, ""2012"": 20, ""2013"": 19, ""2014"": 24, ""2015"": 11}"
A5104753089,M. D. Seiffert,1987,2015,28,66,23,2010,150,178,<i>Planck</i>pre-launch status: Design and description of the Low Frequency Instrument,0.7196969696969697,"{""1987"": 1, ""1989"": 1, ""1990"": 1, ""1992"": 2, ""1993"": 2, ""1994"": 1, ""1995"": 3, ""1996"": 3, ""1998"": 1, ""1999"": 1, ""2000"": 4, ""2001"": 1, ""2002"": 2, ""2003"": 2, ""2004"": 2, ""2005"": 6, ""2006"": 9, ""2009"": 3, ""2010"": 4, ""2011"": 7, ""2012"": 4, ""2013"": 1, ""2014"": 4, ""2015"": 1}"
A5053818871,B. L. Karihaloo,1973,2015,42,345,32,2005,335,711,Size-dependent effective elastic constants of solids containing nano-inhomogeneities with interface stress,0.7115942028985507,"{""1973"": 1, ""1975"": 2, ""1976"": 2, ""1977"": 4, ""1978"": 3, ""1979"": 12, ""1980"": 4, ""1981"": 3, ""1982"": 5, ""1983"": 5, ""1984"": 6, ""1985"": 9, ""1986"": 7, ""1987"": 5, ""1988"": 5, ""1989"": 7, ""1990"": 9, ""1991"": 6, ""1992"": 2, ""1993"": 11, ""1994"": 10, ""1995"": 13, ""1996"": 16, ""1997"": 8, ""1998"": 7, ""1999"": 8, ""2000"": 8, ""2001"": 15, ""2002"": 16, ""2003"": 19, ""2004"": 12, ""2005"": 10, ""2006"": 13, ""2007"": 6, ""2008"": 5, ""2009"": 10, ""2010"": 8, ""2011"": 8, ""2012"": 13, ""2013"": 14, ""2014"": 8, ""2015"": 10}"
A5109966994,Giuseppe Scarlata,1971,2008,37,83,37,2008,33,50,Reversible photoswitching of stimuli-responsive Si(100) surfaces engineered with an assembled 1-cyano-1-phenyl-2-[4′-(10-undecenyloxy)phenyl]-ethylene monolayer,1.0,"{""1971"": 1, ""1972"": 3, ""1973"": 4, ""1974"": 5, ""1975"": 9, ""1976"": 6, ""1977"": 8, ""1978"": 9, ""1979"": 6, ""1980"": 1, ""1981"": 1, ""1982"": 6, ""1983"": 3, ""1984"": 3, ""1985"": 4, ""1987"": 2, ""1989"": 1, ""1990"": 2, ""1992"": 2, ""1995"": 1, ""1996"": 1, ""2002"": 1, ""2003"": 1, ""2004"": 2, ""2008"": 1}"
A5053357255,B. Dierickx,1986,2014,28,96,14,2000,114,212,A logarithmic response CMOS image sensor with on-chip calibration,0.7083333333333334,"{""1986"": 1, ""1987"": 1, ""1988"": 3, ""1989"": 5, ""1990"": 6, ""1991"": 9, ""1992"": 13, ""1993"": 6, ""1994"": 4, ""1996"": 8, ""1997"": 3, ""1998"": 5, ""1999"": 1, ""2000"": 5, ""2002"": 3, ""2003"": 5, ""2004"": 2, ""2005"": 1, ""2007"": 2, ""2008"": 1, ""2009"": 4, ""2010"": 3, ""2011"": 2, ""2012"": 1, ""2014"": 2}"
A5036981210,Patrick J. Morandi,1989,2015,26,40,17,2006,19,27,Profinite Completions and Canonical Extensions of Heyting Algebras,0.7,"{""1989"": 5, ""1991"": 1, ""1992"": 1, ""1993"": 3, ""1994"": 1, ""1995"": 4, ""1998"": 3, ""2000"": 2, ""2001"": 2, ""2002"": 1, ""2003"": 1, ""2004"": 1, ""2005"": 2, ""2006"": 1, ""2007"": 2, ""2009"": 1, ""2010"": 2, ""2011"": 2, ""2012"": 1, ""2013"": 1, ""2015"": 3}"
A5040093604,B.F. Van Gelder,1962,1995,33,82,7,1969,112,272,Studies of the heme components of cytochrome c oxidase by EPR spectroscopy,0.10975609756097561,"{""1962"": 1, ""1963"": 2, ""1964"": 1, ""1966"": 3, ""1967"": 1, ""1969"": 1, ""1970"": 2, ""1971"": 3, ""1972"": 6, ""1973"": 10, ""1974"": 10, ""1975"": 5, ""1976"": 1, ""1977"": 4, ""1978"": 4, ""1979"": 1, ""1980"": 4, ""1981"": 4, ""1982"": 4, ""1983"": 3, ""1984"": 1, ""1985"": 2, ""1987"": 1, ""1988"": 1, ""1991"": 1, ""1992"": 2, ""1993"": 1, ""1994"": 2, ""1995"": 1}"
A5003783065,Brian Tracey,1994,2015,21,50,18,2012,195,248,Nonlocal Means Denoising of ECG Signals,0.74,"{""1994"": 3, ""1995"": 1, ""1997"": 2, ""1998"": 2, ""1999"": 3, ""2000"": 1, ""2001"": 1, ""2002"": 2, ""2003"": 2, ""2004"": 2, ""2005"": 3, ""2006"": 4, ""2007"": 1, ""2009"": 2, ""2010"": 1, ""2011"": 4, ""2012"": 5, ""2013"": 3, ""2014"": 6, ""2015"": 2}"
A5070203269,Bernard Amadei,1982,2015,33,108,31,2013,882,1009,Disaster Resilience: A National Imperative,0.9675925925925926,"{""1982"": 1, ""1983"": 1, ""1984"": 2, ""1985"": 4, ""1986"": 1, ""1987"": 3, ""1988"": 3, ""1989"": 9, ""1990"": 3, ""1991"": 9, ""1992"": 10, ""1993"": 4, ""1994"": 5, ""1995"": 7, ""1996"": 10, ""1997"": 3, ""1998"": 6, ""1999"": 2, ""2000"": 3, ""2001"": 4, ""2002"": 1, ""2003"": 1, ""2004"": 2, ""2008"": 1, ""2009"": 5, ""2010"": 1, ""2011"": 1, ""2012"": 1, ""2013"": 2, ""2014"": 2, ""2015"": 1}"
A5006066327,Denis Lefaivre,1970,2015,45,17,41,2011,48,64,"Integrating anthropogenic factors, geomorphological indicators and local knowledge in the analysis of coastal flooding and erosion hazards",0.8823529411764706,"{""1970"": 1, ""1987"": 1, ""1988"": 1, ""1990"": 2, ""1991"": 1, ""1993"": 1, ""1994"": 1, ""1995"": 2, ""1996"": 1, ""2008"": 1, ""2009"": 2, ""2011"": 1, ""2014"": 1, ""2015"": 1}"
A5109938767,J. W. Doane,1964,2015,51,228,22,1986,287,1132,Field controlled light scattering from nematic microdroplets,0.33771929824561403,"{""1964"": 1, ""1965"": 1, ""1966"": 1, ""1967"": 1, ""1969"": 2, ""1970"": 1, ""1971"": 3, ""1972"": 2, ""1973"": 3, ""1974"": 5, ""1975"": 2, ""1976"": 2, ""1977"": 3, ""1978"": 5, ""1979"": 4, ""1980"": 4, ""1981"": 6, ""1982"": 6, ""1983"": 10, ""1984"": 4, ""1985"": 8, ""1986"": 5, ""1987"": 8, ""1988"": 9, ""1989"": 8, ""1990"": 3, ""1991"": 11, ""1992"": 9, ""1993"": 10, ""1994"": 9, ""1995"": 17, ""1996"": 6, ""1997"": 9, ""1998"": 2, ""1999"": 3, ""2001"": 1, ""2002"": 3, ""2003"": 1, ""2004"": 3, ""2005"": 9, ""2006"": 5, ""2007"": 6, ""2008"": 4, ""2009"": 3, ""2010"": 2, ""2011"": 3, ""2012"": 1, ""2013"": 2, ""2014"": 1, ""2015"": 1}"
A5091723972,R. Akis,1987,2015,28,278,12,1999,93,131,Lead-Orientation-Dependent Wave Function Scarring in Open Quantum Dots,0.29136690647482016,"{""1987"": 2, ""1988"": 5, ""1989"": 4, ""1990"": 3, ""1991"": 5, ""1992"": 2, ""1993"": 2, ""1994"": 3, ""1995"": 3, ""1996"": 8, ""1997"": 17, ""1998"": 20, ""1999"": 13, ""2000"": 12, ""2001"": 10, ""2002"": 28, ""2003"": 20, ""2004"": 7, ""2005"": 19, ""2006"": 19, ""2007"": 11, ""2008"": 18, ""2009"": 11, ""2010"": 7, ""2011"": 3, ""2012"": 7, ""2013"": 3, ""2014"": 6, ""2015"": 10}"
A5110080552,V. Nigon,1949,1995,46,72,41,1990,49,61,A new avian leukosis virus-based packaging cell line that uses two separate transcomplementing helper genomes,0.875,"{""1949"": 3, ""1950"": 2, ""1955"": 1, ""1956"": 1, ""1958"": 1, ""1961"": 1, ""1964"": 1, ""1967"": 1, ""1968"": 2, ""1970"": 2, ""1971"": 1, ""1972"": 1, ""1973"": 2, ""1974"": 1, ""1975"": 3, ""1976"": 7, ""1977"": 4, ""1978"": 2, ""1979"": 3, ""1980"": 3, ""1981"": 2, ""1982"": 6, ""1983"": 1, ""1984"": 3, ""1985"": 2, ""1987"": 4, ""1988"": 1, ""1989"": 1, ""1990"": 1, ""1991"": 6, ""1992"": 2, ""1995"": 1}"
A5101793207,K. Muralidhar,1978,2015,37,151,24,2002,73,281,Three-dimensional study of flow past a square cylinder at low Reynolds numbers,0.39072847682119205,"{""1978"": 1, ""1984"": 1, ""1985"": 1, ""1986"": 4, ""1987"": 3, ""1988"": 2, ""1989"": 1, ""1990"": 3, ""1992"": 1, ""1993"": 5, ""1994"": 2, ""1995"": 3, ""1996"": 4, ""1997"": 6, ""1998"": 2, ""1999"": 7, ""2000"": 4, ""2001"": 6, ""2002"": 5, ""2003"": 4, ""2004"": 9, ""2005"": 8, ""2006"": 6, ""2007"": 5, ""2008"": 12, ""2009"": 4, ""2010"": 9, ""2011"": 4, ""2012"": 5, ""2013"": 9, ""2014"": 5, ""2015"": 10}"
A5006910647,Gerald C. Lauchle,1971,2009,38,143,30,2001,26,42,Aerodynamic lift and drag fluctuations of a sphere,0.7762237762237763,"{""1971"": 1, ""1972"": 1, ""1973"": 1, ""1974"": 2, ""1975"": 5, ""1976"": 3, ""1977"": 3, ""1978"": 1, ""1979"": 3, ""1980"": 4, ""1981"": 1, ""1983"": 2, ""1984"": 11, ""1985"": 1, ""1986"": 4, ""1987"": 3, ""1988"": 3, ""1989"": 6, ""1990"": 3, ""1991"": 4, ""1992"": 4, ""1993"": 3, ""1994"": 2, ""1995"": 6, ""1996"": 5, ""1997"": 5, ""1998"": 4, ""1999"": 9, ""2000"": 7, ""2001"": 7, ""2002"": 5, ""2003"": 5, ""2004"": 4, ""2005"": 4, ""2006"": 5, ""2007"": 3, ""2008"": 2, ""2009"": 1}"
A5108098304,Antti V. R�is�nen,1983,2007,24,17,4,1987,26,37,An efficient Schottky-varactor frequency multiplier at millimeter waves. Part I: Doubler,0.3235294117647059,"{""1983"": 1, ""1985"": 1, ""1986"": 2, ""1987"": 2, ""1989"": 2, ""1991"": 1, ""1997"": 2, ""1998"": 1, ""2000"": 2, ""2001"": 2, ""2007"": 1}"
A5113460069,I. Brock,1980,2011,31,269,12,1992,350,619,The CLEO II detector,0.4479553903345725,"{""1980"": 7, ""1981"": 4, ""1982"": 5, ""1983"": 6, ""1984"": 2, ""1985"": 3, ""1986"": 6, ""1987"": 16, ""1988"": 5, ""1989"": 16, ""1990"": 25, ""1991"": 16, ""1992"": 18, ""1993"": 13, ""1994"": 7, ""1995"": 13, ""1996"": 14, ""1997"": 28, ""1998"": 24, ""1999"": 4, ""2000"": 3, ""2001"": 1, ""2003"": 2, ""2004"": 1, ""2006"": 12, ""2007"": 9, ""2008"": 4, ""2009"": 2, ""2010"": 2, ""2011"": 1}"
A5078034889,P. Żyła,1991,2012,21,37,13,2004,5901,6736,Review of Particle Physics,0.6621621621621622,"{""1991"": 1, ""1994"": 2, ""1995"": 1, ""1997"": 4, ""1999"": 2, ""2001"": 6, ""2002"": 3, ""2003"": 2, ""2004"": 6, ""2005"": 6, ""2006"": 1, ""2010"": 1, ""2011"": 1, ""2012"": 1}"
A5036914810,Asle Sudbø,1982,2015,33,229,7,1989,513,702,"Flux lattice melting in high-<mml:math xmlns:mml=""http://www.w3.org/1998/Math/MathML"" display=""inline""><mml:mrow><mml:msub><mml:mrow><mml:mi>T</mml:mi></mml:mrow><mml:mrow><mml:mi>c</mml:mi></mml:mrow></mml:msub></mml:mrow></mml:math>superconductors",0.048034934497816595,"{""1982"": 1, ""1983"": 2, ""1985"": 1, ""1986"": 1, ""1987"": 1, ""1988"": 3, ""1989"": 3, ""1990"": 8, ""1991"": 6, ""1992"": 5, ""1993"": 9, ""1994"": 5, ""1995"": 6, ""1996"": 6, ""1997"": 1, ""1998"": 2, ""1999"": 6, ""2000"": 5, ""2001"": 1, ""2002"": 7, ""2003"": 6, ""2004"": 13, ""2005"": 10, ""2006"": 17, ""2007"": 15, ""2008"": 20, ""2009"": 16, ""2010"": 17, ""2011"": 11, ""2012"": 6, ""2013"": 8, ""2014"": 6, ""2015"": 5}"
A5027439030,G. Cooperstein,1964,2015,51,180,37,2001,87,142,Theoretical modeling and experimental characterization of a rod-pinch diode,0.44166666666666665,"{""1964"": 1, ""1968"": 1, ""1969"": 1, ""1970"": 2, ""1975"": 3, ""1976"": 1, ""1977"": 3, ""1978"": 3, ""1979"": 3, ""1980"": 6, ""1981"": 3, ""1982"": 3, ""1983"": 6, ""1984"": 2, ""1985"": 1, ""1986"": 2, ""1987"": 7, ""1988"": 4, ""1989"": 1, ""1990"": 2, ""1991"": 1, ""1992"": 4, ""1993"": 3, ""1994"": 1, ""1995"": 1, ""1996"": 2, ""1998"": 1, ""1999"": 3, ""2000"": 7, ""2001"": 2, ""2002"": 21, ""2003"": 7, ""2004"": 21, ""2005"": 8, ""2006"": 2, ""2007"": 10, ""2008"": 1, ""2009"": 5, ""2010"": 2, ""2011"": 4, ""2012"": 5, ""2013"": 9, ""2014"": 3, ""2015"": 2}"
A5049823287,Edmir Matson,1966,2010,44,162,36,2002,194,445,Effect of low‐power laser irradiation on cell growth and procollagen synthesis of cultured fibroblasts,0.8950617283950617,"{""1966"": 1, ""1970"": 1, ""1974"": 1, ""1977"": 2, ""1978"": 4, ""1979"": 2, ""1981"": 2, ""1982"": 1, ""1985"": 3, ""1986"": 1, ""1987"": 4, ""1988"": 4, ""1989"": 9, ""1990"": 4, ""1991"": 1, ""1992"": 5, ""1993"": 4, ""1994"": 5, ""1995"": 6, ""1996"": 2, ""1997"": 14, ""1998"": 13, ""1999"": 14, ""2000"": 17, ""2001"": 21, ""2002"": 7, ""2003"": 7, ""2004"": 3, ""2007"": 2, ""2010"": 2}"
A5107919220,P. R. Christensen,1963,2015,52,170,51,2014,5924,6558,<i>Planck</i>2013 results. XVI. Cosmological parameters,0.75,"{""1963"": 2, ""1966"": 2, ""1967"": 1, ""1968"": 2, ""1969"": 1, ""1970"": 1, ""1971"": 2, ""1972"": 2, ""1973"": 6, ""1974"": 1, ""1976"": 1, ""1977"": 3, ""1979"": 1, ""1981"": 1, ""1984"": 2, ""1985"": 2, ""1986"": 3, ""1987"": 2, ""1989"": 1, ""1991"": 1, ""1994"": 4, ""1995"": 1, ""1996"": 2, ""1997"": 1, ""1998"": 2, ""1999"": 1, ""2000"": 2, ""2002"": 4, ""2005"": 6, ""2006"": 1, ""2007"": 1, ""2009"": 1, ""2010"": 2, ""2011"": 29, ""2012"": 6, ""2013"": 11, ""2014"": 32, ""2015"": 27}"
A5035051664,Helena Blažić,1993,2015,22,95,21,2014,15,15,Perspectives of tax reforms in Croatia: expert opinion survey,0.9631578947368421,"{""1993"": 2, ""1995"": 2, ""1997"": 1, ""1998"": 2, ""1999"": 7, ""2000"": 6, ""2002"": 4, ""2003"": 4, ""2004"": 9, ""2005"": 7, ""2006"": 5, ""2007"": 3, ""2008"": 9, ""2009"": 3, ""2010"": 9, ""2011"": 5, ""2012"": 9, ""2013"": 3, ""2014"": 2, ""2015"": 3}"
A5114251397,Janusz Klepaczko,1966,2007,41,18,39,2005,47,117,Fracture energy of concrete at high loading rates in tension,0.9444444444444444,"{""1966"": 1, ""1967"": 1, ""1969"": 3, ""1971"": 1, ""1972"": 1, ""1980"": 4, ""1999"": 2, ""2002"": 2, ""2004"": 1, ""2005"": 1, ""2007"": 1}"
A5020464599,Stefan T. Ochsenbein,1984,2015,31,55,24,2008,259,439,Mn<sup>2+</sup>‐Doped CdSe Quantum Dots: New Inorganic Materials for Spin‐Electronics and Spin‐Photonics,0.5909090909090909,"{""1984"": 1, ""1988"": 2, ""1989"": 1, ""1992"": 1, ""2002"": 2, ""2003"": 3, ""2004"": 6, ""2005"": 6, ""2006"": 4, ""2007"": 3, ""2008"": 6, ""2009"": 2, ""2010"": 6, ""2011"": 1, ""2012"": 5, ""2013"": 1, ""2014"": 2, ""2015"": 3}"
A5039295731,Marta I. Hernández,1989,2015,26,129,25,2014,91,99,Graphdiyne Pores: “Ad Hoc” Openings for Helium Separation Applications,0.8953488372093024,"{""1989"": 1, ""1991"": 2, ""1992"": 1, ""1993"": 2, ""1994"": 3, ""1995"": 2, ""1996"": 3, ""1997"": 5, ""1998"": 6, ""1999"": 4, ""2000"": 6, ""2001"": 3, ""2002"": 1, ""2003"": 7, ""2004"": 4, ""2005"": 5, ""2006"": 1, ""2007"": 3, ""2008"": 4, ""2009"": 3, ""2010"": 17, ""2011"": 13, ""2012"": 8, ""2013"": 7, ""2014"": 8, ""2015"": 10}"
A5110131994,Stephen Parus,1982,2002,20,15,15,1997,84,149,High-Performance Fiber-Optic pH Microsensors for Practical Physiological Measurements Using a Dual-Emission Sensitive Dye,0.4666666666666667,"{""1982"": 1, ""1985"": 1, ""1986"": 1, ""1988"": 2, ""1995"": 1, ""1997"": 1, ""1999"": 1, ""2000"": 2, ""2001"": 3, ""2002"": 2}"
A5111929950,Michael B. Hursthouse,1968,2015,47,2102,27,1995,298,582,"Superconducting and Semiconducting Magnetic Charge Transfer Salts: (BEDT-TTF)4AFe(C2O4)3.cntdot.C6H5CN (A = H2O, K, NH4)",0.34823977164605135,"{""1968"": 1, ""1969"": 2, ""1971"": 1, ""1972"": 3, ""1973"": 4, ""1974"": 3, ""1975"": 1, ""1976"": 6, ""1977"": 10, ""1978"": 15, ""1979"": 26, ""1980"": 35, ""1981"": 19, ""1982"": 24, ""1983"": 24, ""1984"": 28, ""1985"": 40, ""1986"": 53, ""1987"": 52, ""1988"": 65, ""1989"": 44, ""1990"": 51, ""1991"": 40, ""1992"": 47, ""1993"": 52, ""1994"": 56, ""1995"": 59, ""1996"": 51, ""1997"": 49, ""1998"": 65, ""1999"": 74, ""2000"": 118, ""2001"": 123, ""2002"": 102, ""2003"": 95, ""2004"": 92, ""2005"": 74, ""2006"": 69, ""2007"": 98, ""2008"": 174, ""2009"": 69, ""2010"": 35, ""2011"": 16, ""2012"": 14, ""2013"": 9, ""2014"": 8, ""2015"": 6}"
A5113787337,Ali Gharavi,1992,2015,23,24,5,1997,135,194,Synthesis and Characterization of Photorefractive Polymers Containing Transition Metal Complexes as Photosensitizer,0.625,"{""1992"": 3, ""1994"": 1, ""1995"": 3, ""1996"": 6, ""1997"": 3, ""2007"": 1, ""2008"": 2, ""2009"": 1, ""2013"": 2, ""2015"": 2}"
A5103183524,P.K. Samanta,1981,2014,33,29,11,1992,19,31,Quantitative evaluation of surveillance test intervals including test-caused risks,0.39655172413793105,"{""1981"": 1, ""1984"": 1, ""1985"": 1, ""1986"": 1, ""1987"": 2, ""1988"": 1, ""1989"": 1, ""1991"": 1, ""1992"": 4, ""1993"": 2, ""1994"": 4, ""1995"": 4, ""1996"": 2, ""1998"": 1, ""2003"": 1, ""2013"": 1, ""2014"": 1}"
A5033613358,K. Böckmann,1949,1986,37,132,36,1985,167,253,Multiplicity distributions in different pseudorapidity intervals at a CMS energy of 540 GeV,0.9659090909090909,"{""1949"": 1, ""1957"": 2, ""1958"": 1, ""1964"": 4, ""1965"": 2, ""1966"": 5, ""1967"": 5, ""1968"": 5, ""1969"": 1, ""1970"": 2, ""1971"": 7, ""1972"": 9, ""1973"": 4, ""1974"": 5, ""1975"": 7, ""1976"": 3, ""1977"": 10, ""1978"": 9, ""1979"": 8, ""1980"": 4, ""1981"": 12, ""1982"": 12, ""1983"": 4, ""1984"": 2, ""1985"": 6, ""1986"": 2}"
A5006571934,Ignatenko,1975,2013,38,28,20,1995,1,1,Gamma sensitivity of pressurized drift tubes,0.7321428571428571,"{""1975"": 1, ""1978"": 5, ""1979"": 1, ""1982"": 1, ""1984"": 1, ""1986"": 1, ""1987"": 2, ""1988"": 2, ""1991"": 2, ""1993"": 2, ""1995"": 4, ""2001"": 1, ""2003"": 1, ""2007"": 1, ""2008"": 1, ""2012"": 1, ""2013"": 1}"
A5054578872,Filip Claus,1967,2015,48,127,46,2013,189,226,Intrarenal Resistive Index after Renal Transplantation,0.84251968503937,"{""1967"": 1, ""1983"": 1, ""1987"": 1, ""1999"": 2, ""2001"": 8, ""2002"": 5, ""2003"": 3, ""2005"": 5, ""2006"": 2, ""2007"": 1, ""2008"": 7, ""2009"": 5, ""2010"": 15, ""2011"": 31, ""2012"": 12, ""2013"": 15, ""2014"": 9, ""2015"": 4}"
A5045411016,S. K. Sikka,1964,2014,50,189,32,1996,113,348,Pressure induced amorphization of materials,0.58994708994709,"{""1964"": 2, ""1967"": 1, ""1968"": 2, ""1969"": 5, ""1970"": 1, ""1972"": 1, ""1973"": 4, ""1977"": 3, ""1978"": 3, ""1979"": 3, ""1980"": 1, ""1981"": 4, ""1982"": 4, ""1983"": 2, ""1984"": 9, ""1985"": 7, ""1986"": 8, ""1987"": 2, ""1988"": 5, ""1989"": 4, ""1990"": 10, ""1991"": 2, ""1992"": 6, ""1993"": 6, ""1994"": 10, ""1995"": 3, ""1996"": 6, ""1997"": 8, ""1998"": 6, ""1999"": 2, ""2000"": 8, ""2001"": 11, ""2002"": 10, ""2003"": 5, ""2004"": 5, ""2005"": 3, ""2006"": 1, ""2007"": 1, ""2008"": 2, ""2009"": 1, ""2011"": 4, ""2012"": 2, ""2013"": 3, ""2014"": 3}"
A5110382144,Ana‐Maria J. Lengyel,1963,2010,47,34,24,1987,16,22,Mechanisms of Calcitonin-Induced Growth Hormone (GH) Suppression: Roles of Somatostatin and GH-Releasing Factor*,0.3382352941176471,"{""1963"": 1, ""1964"": 1, ""1966"": 1, ""1969"": 2, ""1973"": 1, ""1975"": 1, ""1978"": 1, ""1980"": 1, ""1982"": 1, ""1987"": 2, ""1990"": 1, ""1992"": 1, ""1993"": 1, ""1997"": 3, ""1999"": 2, ""2000"": 1, ""2006"": 2, ""2007"": 2, ""2008"": 4, ""2009"": 3, ""2010"": 2}"
A5019862287,Lars Konermann,1995,2015,20,122,17,2012,461,709,Unraveling the Mechanism of Electrospray Ionization,0.7950819672131147,"{""1995"": 1, ""1996"": 1, ""1997"": 7, ""1998"": 5, ""1999"": 2, ""2000"": 3, ""2001"": 2, ""2002"": 3, ""2003"": 5, ""2004"": 7, ""2005"": 5, ""2006"": 7, ""2007"": 7, ""2008"": 7, ""2009"": 9, ""2010"": 7, ""2011"": 13, ""2012"": 11, ""2013"": 6, ""2014"": 7, ""2015"": 7}"
A5110375249,P. Raj,1975,2009,34,20,13,1988,45,46,Free-vortex flow simulation using a three-dimensional Euler aerodynamic method,0.6,"{""1975"": 1, ""1978"": 1, ""1979"": 3, ""1981"": 1, ""1983"": 2, ""1984"": 1, ""1986"": 1, ""1988"": 3, ""1990"": 1, ""1991"": 1, ""1997"": 1, ""1999"": 1, ""2003"": 2, ""2009"": 1}"
A5058757699,Stephen Utz,1977,2015,38,37,26,2003,12,14,A Policy Overview,0.3918918918918919,"{""1977"": 1, ""1978"": 1, ""1984"": 1, ""1986"": 1, ""1989"": 1, ""1990"": 1, ""1992"": 1, ""1994"": 1, ""1995"": 2, ""2001"": 1, ""2002"": 1, ""2003"": 4, ""2004"": 2, ""2005"": 1, ""2007"": 1, ""2008"": 2, ""2009"": 5, ""2010"": 1, ""2012"": 3, ""2013"": 4, ""2014"": 1, ""2015"": 1}"
A5108439600,J. Reynoldson,1986,2012,26,65,12,1998,279,364,Measurement of the atmospheric neutrino-induced upgoing muon flux using MACRO,0.6307692307692307,"{""1986"": 1, ""1987"": 2, ""1988"": 2, ""1989"": 1, ""1990"": 8, ""1991"": 4, ""1992"": 7, ""1993"": 1, ""1994"": 2, ""1995"": 3, ""1996"": 1, ""1997"": 6, ""1998"": 5, ""1999"": 5, ""2000"": 2, ""2001"": 2, ""2002"": 3, ""2003"": 5, ""2004"": 1, ""2005"": 1, ""2008"": 1, ""2011"": 1, ""2012"": 1}"
A5110029726,H. Kurz,1974,2015,41,654,33,2007,741,1073,A Graphene Field-Effect Device,0.7790519877675841,"{""1974"": 2, ""1975"": 1, ""1976"": 3, ""1977"": 6, ""1978"": 2, ""1981"": 2, ""1982"": 1, ""1983"": 2, ""1984"": 1, ""1986"": 1, ""1988"": 1, ""1989"": 3, ""1990"": 14, ""1991"": 4, ""1992"": 18, ""1993"": 35, ""1994"": 42, ""1995"": 39, ""1996"": 56, ""1997"": 33, ""1998"": 24, ""1999"": 17, ""2000"": 21, ""2001"": 17, ""2002"": 26, ""2003"": 29, ""2004"": 23, ""2005"": 34, ""2006"": 34, ""2007"": 36, ""2008"": 25, ""2009"": 29, ""2010"": 12, ""2011"": 14, ""2012"": 12, ""2013"": 18, ""2014"": 12, ""2015"": 5}"
A5055022150,Avik P. Chatterjee,1988,2015,27,57,11,1999,73,112,Depletion Interactions in the Protein Limit: Effects of Polymer Density Fluctuations,0.23684210526315788,"{""1988"": 1, ""1994"": 2, ""1995"": 1, ""1996"": 2, ""1997"": 1, ""1998"": 5, ""1999"": 2, ""2000"": 3, ""2001"": 3, ""2002"": 3, ""2003"": 3, ""2004"": 1, ""2006"": 1, ""2007"": 1, ""2008"": 2, ""2009"": 4, ""2010"": 3, ""2011"": 5, ""2012"": 3, ""2013"": 3, ""2014"": 4, ""2015"": 4}"
A5046048303,Carmine Serio,1979,2015,36,197,32,2011,349,479,Hyperspectral Earth Observation from IASI: Five Years of Accomplishments,0.7842639593908629,"{""1979"": 1, ""1980"": 2, ""1981"": 1, ""1982"": 2, ""1984"": 2, ""1985"": 5, ""1986"": 3, ""1987"": 1, ""1988"": 2, ""1989"": 1, ""1990"": 1, ""1991"": 1, ""1992"": 2, ""1993"": 6, ""1994"": 7, ""1995"": 13, ""1996"": 9, ""1997"": 11, ""1998"": 9, ""1999"": 4, ""2000"": 8, ""2001"": 6, ""2002"": 11, ""2003"": 8, ""2004"": 6, ""2005"": 8, ""2006"": 2, ""2007"": 5, ""2008"": 5, ""2009"": 7, ""2010"": 2, ""2011"": 6, ""2012"": 2, ""2013"": 17, ""2014"": 12, ""2015"": 9}"
A5012887955,W. D. Komhyr,1960,2010,50,88,33,1993,258,342,Record Low Global Ozone in 1992,0.8011363636363636,"{""1960"": 3, ""1965"": 1, ""1967"": 1, ""1969"": 1, ""1971"": 1, ""1972"": 2, ""1973"": 2, ""1976"": 1, ""1977"": 2, ""1980"": 3, ""1982"": 2, ""1983"": 2, ""1984"": 1, ""1985"": 4, ""1986"": 4, ""1987"": 5, ""1988"": 5, ""1989"": 20, ""1990"": 5, ""1991"": 3, ""1993"": 4, ""1994"": 7, ""1995"": 4, ""1996"": 2, ""1997"": 1, ""2008"": 1, ""2010"": 1}"
A5063127606,Salman Rosenwaks,1969,2015,46,268,19,1988,122,224,A nomenclature for Λ-doublet levels in rotating linear molecules,0.14925373134328357,"{""1969"": 1, ""1971"": 1, ""1973"": 1, ""1975"": 1, ""1976"": 4, ""1979"": 3, ""1980"": 4, ""1981"": 1, ""1982"": 5, ""1983"": 3, ""1984"": 2, ""1985"": 1, ""1986"": 3, ""1987"": 5, ""1988"": 9, ""1989"": 4, ""1990"": 2, ""1991"": 9, ""1992"": 7, ""1993"": 18, ""1994"": 12, ""1995"": 11, ""1996"": 7, ""1997"": 10, ""1998"": 9, ""1999"": 10, ""2000"": 8, ""2001"": 8, ""2002"": 8, ""2003"": 8, ""2004"": 10, ""2005"": 10, ""2006"": 8, ""2007"": 7, ""2008"": 9, ""2009"": 8, ""2010"": 8, ""2011"": 1, ""2012"": 10, ""2013"": 8, ""2014"": 7, ""2015"": 7}"
A5111730623,Kenneth L. Telschow,1973,2012,39,24,3,1976,20,31,"Stability of Persistent Currents in Unsaturated Superfluid<mml:math xmlns:mml=""http://www.w3.org/1998/Math/MathML"" display=""inline""><mml:mrow><mml:mmultiscripts><mml:mrow><mml:mi mathvariant=""normal"">He</mml:mi></mml:mrow><mml:mprescripts/><mml:mrow/><mml:mrow><mml:mn>4</mml:mn></mml:mrow><mml:mrow/><mml:mrow/></mml:mmultiscripts></mml:mrow></mml:math>Films",0.10416666666666667,"{""1973"": 1, ""1976"": 2, ""1977"": 1, ""1985"": 1, ""1986"": 1, ""1991"": 1, ""1996"": 1, ""1997"": 1, ""1998"": 1, ""1999"": 4, ""2000"": 3, ""2001"": 2, ""2002"": 1, ""2003"": 1, ""2005"": 1, ""2007"": 1, ""2012"": 1}"
A5008802319,E. Cattaruzza,1992,2015,23,152,23,2015,69,70,Environmental and traffic-related parameters affecting road dust composition: A multi-technique approach applied to Venice area (Italy),0.9901315789473685,"{""1992"": 3, ""1993"": 2, ""1994"": 1, ""1995"": 3, ""1996"": 5, ""1997"": 4, ""1998"": 9, ""1999"": 10, ""2000"": 10, ""2001"": 12, ""2002"": 9, ""2003"": 10, ""2004"": 10, ""2005"": 10, ""2006"": 6, ""2007"": 3, ""2008"": 4, ""2009"": 8, ""2010"": 7, ""2011"": 6, ""2012"": 7, ""2013"": 3, ""2014"": 6, ""2015"": 4}"
A5084217962,Åke Edlund,1971,2014,43,17,35,2006,295,313,Programming the Grid with gLite*,0.5882352941176471,"{""1971"": 1, ""1974"": 1, ""1995"": 1, ""1997"": 1, ""1998"": 1, ""1999"": 1, ""2000"": 2, ""2004"": 1, ""2006"": 1, ""2007"": 1, ""2010"": 1, ""2011"": 2, ""2012"": 1, ""2013"": 1, ""2014"": 1}"
A5079313798,A. M. Kanury,1970,2009,39,47,32,2002,312,764,Principles ofHeat Transfer,0.9574468085106383,"{""1970"": 4, ""1972"": 2, ""1973"": 2, ""1974"": 2, ""1975"": 3, ""1976"": 1, ""1977"": 2, ""1979"": 2, ""1981"": 2, ""1982"": 3, ""1983"": 6, ""1984"": 3, ""1985"": 1, ""1986"": 1, ""1987"": 2, ""1988"": 1, ""1992"": 2, ""1993"": 1, ""1994"": 2, ""1995"": 1, ""2001"": 1, ""2002"": 1, ""2004"": 1, ""2009"": 1}"
A5062746764,J. A. Nation,1959,2013,54,181,40,1999,60,102,Advances in cold cathode physics and technology,0.7651933701657458,"{""1959"": 1, ""1960"": 3, ""1961"": 1, ""1962"": 1, ""1963"": 1, ""1965"": 3, ""1969"": 1, ""1970"": 4, ""1971"": 5, ""1972"": 1, ""1973"": 6, ""1974"": 2, ""1975"": 4, ""1976"": 2, ""1977"": 3, ""1978"": 4, ""1979"": 5, ""1980"": 1, ""1981"": 6, ""1983"": 2, ""1984"": 1, ""1985"": 6, ""1986"": 2, ""1987"": 6, ""1988"": 3, ""1989"": 5, ""1990"": 5, ""1991"": 6, ""1992"": 9, ""1993"": 8, ""1994"": 5, ""1995"": 8, ""1996"": 5, ""1997"": 3, ""1998"": 5, ""1999"": 10, ""2000"": 3, ""2001"": 2, ""2002"": 20, ""2003"": 10, ""2012"": 1, ""2013"": 2}"
A5111565014,Keith A. Browning,1963,2015,52,39,34,1997,105,164,The Fronts and Atlantic Storm-Track Experiment (FASTEX): Scientific Objectives and Experimental Design,0.6153846153846154,"{""1963"": 1, ""1964"": 1, ""1965"": 4, ""1966"": 1, ""1967"": 2, ""1974"": 2, ""1975"": 1, ""1980"": 2, ""1984"": 1, ""1986"": 1, ""1988"": 3, ""1989"": 1, ""1990"": 2, ""1996"": 1, ""1997"": 1, ""1998"": 1, ""1999"": 2, ""2000"": 2, ""2003"": 1, ""2004"": 1, ""2007"": 2, ""2008"": 1, ""2009"": 2, ""2010"": 1, ""2014"": 1, ""2015"": 1}"
A5075623848,Paolo Sibani,1981,2015,34,89,12,1993,52,129,Emergent Hierarchical Structures in Complex-System Dynamics,0.29213483146067415,"{""1981"": 2, ""1982"": 1, ""1983"": 2, ""1984"": 1, ""1985"": 4, ""1986"": 2, ""1987"": 3, ""1988"": 1, ""1989"": 1, ""1990"": 4, ""1991"": 2, ""1992"": 1, ""1993"": 3, ""1994"": 2, ""1995"": 3, ""1996"": 1, ""1997"": 3, ""1998"": 4, ""1999"": 3, ""2000"": 1, ""2001"": 2, ""2002"": 1, ""2003"": 2, ""2004"": 6, ""2005"": 5, ""2006"": 4, ""2007"": 4, ""2008"": 2, ""2009"": 2, ""2010"": 4, ""2011"": 3, ""2013"": 3, ""2014"": 5, ""2015"": 2}"
A5113548563,Maria Juez-Lorenzo,1991,2011,20,19,13,2004,52,119,On the Mechanism of Low Temperature Oxidation for Aluminum Particles down to the Nano‐Scale,0.47368421052631576,"{""1991"": 2, ""1993"": 1, ""1994"": 2, ""2001"": 1, ""2004"": 5, ""2005"": 1, ""2006"": 1, ""2008"": 1, ""2009"": 2, ""2010"": 2, ""2011"": 1}"
A5055007311,C. Altucci,1992,2015,23,118,14,2006,1059,1688,Isolated Single-Cycle Attosecond Pulses,0.5211864406779662,"{""1992"": 1, ""1993"": 2, ""1994"": 4, ""1995"": 3, ""1996"": 3, ""1997"": 2, ""1998"": 3, ""1999"": 2, ""2000"": 11, ""2001"": 4, ""2002"": 9, ""2003"": 2, ""2004"": 4, ""2005"": 8, ""2006"": 6, ""2007"": 7, ""2008"": 3, ""2009"": 8, ""2010"": 9, ""2011"": 7, ""2012"": 4, ""2013"": 5, ""2014"": 8, ""2015"": 3}"
A5103417280,Bing-Lin Young,1965,2014,49,96,33,1998,59,139,Flavor-changing top quark decays in<i>R</i>-parity-violating supersymmetric models,0.7447916666666666,"{""1965"": 2, ""1967"": 2, ""1968"": 4, ""1969"": 2, ""1970"": 2, ""1972"": 2, ""1973"": 1, ""1974"": 1, ""1975"": 1, ""1976"": 1, ""1977"": 4, ""1978"": 1, ""1980"": 2, ""1981"": 2, ""1982"": 2, ""1983"": 1, ""1984"": 1, ""1985"": 2, ""1986"": 3, ""1987"": 2, ""1988"": 5, ""1989"": 3, ""1990"": 4, ""1991"": 1, ""1992"": 4, ""1994"": 2, ""1995"": 2, ""1996"": 2, ""1997"": 5, ""1998"": 10, ""1999"": 1, ""2000"": 2, ""2001"": 3, ""2002"": 3, ""2003"": 4, ""2006"": 1, ""2008"": 3, ""2009"": 1, ""2010"": 1, ""2014"": 1}"
A5091091769,M. Caro,1980,2015,35,45,35,2015,632,655,Influence of chemical disorder on energy dissipation and defect evolution in concentrated solid solution alloys,0.9888888888888889,"{""1980"": 1, ""1982"": 1, ""1983"": 1, ""1987"": 1, ""1990"": 1, ""1993"": 2, ""1996"": 1, ""1997"": 1, ""2000"": 1, ""2001"": 2, ""2002"": 2, ""2003"": 2, ""2004"": 1, ""2005"": 2, ""2006"": 2, ""2007"": 2, ""2008"": 2, ""2009"": 4, ""2010"": 3, ""2011"": 2, ""2012"": 4, ""2013"": 2, ""2014"": 3, ""2015"": 2}"
A5032447463,V. C. Adya,1988,2015,27,29,20,2008,45,50,Separation of Am(III) and trivalent lanthanides from simulated high-level waste using a hollow fiber-supported liquid membrane,0.2413793103448276,"{""1988"": 1, ""1989"": 1, ""1990"": 1, ""1994"": 1, ""2005"": 1, ""2007"": 1, ""2008"": 1, ""2010"": 2, ""2011"": 4, ""2012"": 4, ""2013"": 2, ""2014"": 5, ""2015"": 5}"
A5042502271,A. Ramakanth,1971,2013,42,40,30,2001,28,38,Low-density approach to the Kondo-lattice model,0.7,"{""1971"": 2, ""1973"": 2, ""1975"": 1, ""1976"": 1, ""1982"": 4, ""1986"": 2, ""1987"": 1, ""1988"": 1, ""1989"": 1, ""1990"": 3, ""1991"": 1, ""1992"": 2, ""1993"": 2, ""1994"": 1, ""1998"": 1, ""2000"": 1, ""2001"": 3, ""2002"": 1, ""2003"": 1, ""2004"": 2, ""2006"": 1, ""2008"": 2, ""2010"": 1, ""2011"": 1, ""2012"": 1, ""2013"": 1}"
A5008557660,Takaki Komiyama,1993,2015,22,21,21,2014,480,532,Emergence of reproducible spatiotemporal activity during motor learning,0.8333333333333334,"{""1993"": 1, ""2002"": 2, ""2003"": 1, ""2004"": 1, ""2007"": 4, ""2010"": 2, ""2011"": 1, ""2012"": 2, ""2013"": 2, ""2014"": 2, ""2015"": 3}"
A5032194942,Thomas A. Caughey,1976,2014,38,17,25,2001,25,56,Narrow-linewidth middle-infrared ZnGeP_2 optical parametric oscillator,0.7058823529411765,"{""1976"": 1, ""1977"": 2, ""1978"": 1, ""1979"": 2, ""1980"": 2, ""1982"": 1, ""1990"": 1, ""1994"": 1, ""2001"": 1, ""2003"": 1, ""2005"": 1, ""2006"": 1, ""2012"": 1, ""2014"": 1}"
A5076987485,P. Fozooni,1980,2006,26,84,21,2001,65,116,Observation of Dynamical Ordering in a Confined Wigner Crystal,0.9047619047619048,"{""1980"": 1, ""1982"": 1, ""1983"": 1, ""1984"": 2, ""1985"": 3, ""1986"": 2, ""1987"": 8, ""1988"": 3, ""1989"": 3, ""1990"": 7, ""1991"": 5, ""1992"": 3, ""1993"": 5, ""1994"": 4, ""1996"": 7, ""1997"": 6, ""1998"": 8, ""1999"": 2, ""2000"": 4, ""2001"": 1, ""2002"": 1, ""2003"": 3, ""2004"": 1, ""2005"": 2, ""2006"": 1}"
A5029367717,Rutger F. H. Hofman,1992,2014,22,49,7,1999,222,305,MagPIe,0.21428571428571427,"{""1992"": 2, ""1993"": 2, ""1994"": 1, ""1995"": 1, ""1997"": 1, ""1998"": 1, ""1999"": 4, ""2000"": 7, ""2001"": 6, ""2002"": 7, ""2003"": 2, ""2004"": 4, ""2005"": 4, ""2006"": 3, ""2011"": 2, ""2014"": 2}"
A5056521299,Kathryn L. Nagy,1982,2015,33,87,26,2008,163,256,Formation of Metallic Copper Nanoparticles at the Soil−Root Interface,0.6896551724137931,"{""1982"": 1, ""1984"": 1, ""1986"": 1, ""1988"": 1, ""1990"": 2, ""1991"": 1, ""1992"": 1, ""1993"": 2, ""1994"": 1, ""1995"": 3, ""1996"": 4, ""1997"": 2, ""1998"": 1, ""1999"": 3, ""2000"": 5, ""2001"": 3, ""2002"": 5, ""2003"": 3, ""2004"": 3, ""2005"": 4, ""2006"": 3, ""2007"": 5, ""2008"": 9, ""2009"": 3, ""2010"": 3, ""2011"": 2, ""2012"": 5, ""2013"": 3, ""2014"": 1, ""2015"": 6}"
A5110357239,Ulrich Johann,1979,2015,36,167,8,1987,197,1719,Studies of multiphoton production of vacuum-ultraviolet radiation in the rare gases,0.218562874251497,"{""1979"": 2, ""1980"": 1, ""1981"": 4, ""1982"": 2, ""1984"": 1, ""1985"": 6, ""1986"": 17, ""1987"": 6, ""1988"": 1, ""1989"": 2, ""1990"": 3, ""1991"": 6, ""1995"": 1, ""1997"": 1, ""1998"": 1, ""1999"": 2, ""2000"": 2, ""2002"": 3, ""2003"": 4, ""2004"": 4, ""2005"": 3, ""2006"": 13, ""2007"": 8, ""2008"": 10, ""2009"": 11, ""2010"": 4, ""2011"": 3, ""2012"": 9, ""2013"": 10, ""2014"": 13, ""2015"": 14}"
A5047145227,J. Delaunay,1964,2015,51,447,49,2013,302,383,Dehydrated hereditary stomatocytosis linked to gain-of-function mutations in mechanically activated PIEZO1 ion channels,0.9519015659955258,"{""1964"": 1, ""1965"": 3, ""1966"": 2, ""1967"": 5, ""1968"": 6, ""1969"": 7, ""1970"": 5, ""1971"": 7, ""1972"": 2, ""1973"": 10, ""1974"": 12, ""1975"": 12, ""1976"": 7, ""1977"": 12, ""1978"": 7, ""1979"": 14, ""1980"": 7, ""1981"": 4, ""1982"": 12, ""1983"": 4, ""1984"": 6, ""1985"": 6, ""1986"": 8, ""1987"": 15, ""1988"": 9, ""1989"": 11, ""1990"": 7, ""1991"": 8, ""1992"": 9, ""1993"": 9, ""1994"": 11, ""1995"": 12, ""1996"": 15, ""1997"": 11, ""1998"": 15, ""1999"": 9, ""2000"": 12, ""2001"": 2, ""2002"": 5, ""2003"": 7, ""2004"": 9, ""2005"": 9, ""2006"": 8, ""2007"": 9, ""2008"": 10, ""2009"": 15, ""2010"": 9, ""2011"": 18, ""2012"": 5, ""2013"": 14, ""2014"": 6, ""2015"": 9}"
A5041488902,A. Villeneuve,1974,2014,40,194,23,1997,93,270,The nonlinear optical properties of AlGaAs at the half band gap,0.41237113402061853,"{""1974"": 1, ""1975"": 1, ""1990"": 2, ""1991"": 4, ""1992"": 11, ""1993"": 17, ""1994"": 12, ""1995"": 16, ""1996"": 11, ""1997"": 9, ""1998"": 13, ""1999"": 12, ""2000"": 16, ""2001"": 8, ""2002"": 8, ""2003"": 10, ""2004"": 4, ""2005"": 7, ""2006"": 1, ""2007"": 4, ""2009"": 1, ""2010"": 4, ""2011"": 7, ""2012"": 3, ""2013"": 9, ""2014"": 3}"
A5070714029,Rachel James,1983,2015,32,20,32,2015,287,302,Neuronal activity regulates remyelination via glutamate signalling to oligodendrocyte progenitors,0.95,"{""1983"": 1, ""1986"": 1, ""1987"": 1, ""1995"": 2, ""2003"": 2, ""2004"": 2, ""2006"": 2, ""2008"": 1, ""2010"": 1, ""2011"": 1, ""2012"": 1, ""2013"": 2, ""2015"": 3}"
A5013970531,Anthony M. Heagerty,1981,2015,34,331,26,2007,5014,5832,2007 Guidelines for the Management of Arterial Hypertension,0.7190332326283988,"{""1981"": 2, ""1982"": 6, ""1983"": 5, ""1984"": 11, ""1985"": 6, ""1986"": 12, ""1987"": 15, ""1988"": 22, ""1989"": 16, ""1990"": 7, ""1991"": 11, ""1992"": 2, ""1993"": 10, ""1994"": 9, ""1995"": 11, ""1996"": 10, ""1997"": 13, ""1998"": 3, ""1999"": 6, ""2000"": 1, ""2001"": 5, ""2002"": 10, ""2003"": 9, ""2004"": 7, ""2005"": 11, ""2006"": 9, ""2007"": 17, ""2008"": 16, ""2009"": 8, ""2010"": 17, ""2011"": 9, ""2012"": 3, ""2013"": 17, ""2014"": 8, ""2015"": 7}"
A5023608295,Frederick M. Fowkes,1937,1993,56,83,50,1987,198,574,Role of acid-base interfacial bonding in adhesion,0.7771084337349398,"{""1937"": 1, ""1938"": 1, ""1940"": 1, ""1952"": 1, ""1953"": 1, ""1956"": 1, ""1957"": 1, ""1958"": 3, ""1959"": 1, ""1960"": 3, ""1961"": 1, ""1962"": 4, ""1963"": 4, ""1964"": 2, ""1966"": 1, ""1967"": 1, ""1968"": 2, ""1969"": 2, ""1970"": 1, ""1971"": 1, ""1972"": 1, ""1973"": 2, ""1974"": 3, ""1975"": 2, ""1976"": 2, ""1978"": 1, ""1980"": 3, ""1982"": 2, ""1983"": 3, ""1984"": 8, ""1985"": 2, ""1986"": 1, ""1987"": 2, ""1988"": 3, ""1989"": 1, ""1990"": 7, ""1991"": 5, ""1992"": 1, ""1993"": 1}"
A5111448380,S A Benson,1975,2013,38,55,30,2005,150,282,Learning with invisible others: Perceptions of online presence and their relationship to cognitive and affective learning,0.7909090909090909,"{""1975"": 2, ""1976"": 1, ""1977"": 1, ""1978"": 1, ""1979"": 3, ""1982"": 3, ""1983"": 3, ""1984"": 2, ""1985"": 2, ""1986"": 1, ""1987"": 5, ""1988"": 3, ""1989"": 2, ""1990"": 1, ""1991"": 1, ""1992"": 2, ""1994"": 1, ""1995"": 3, ""1996"": 3, ""2000"": 1, ""2003"": 1, ""2005"": 2, ""2009"": 1, ""2010"": 5, ""2012"": 1, ""2013"": 4}"
A5101488764,Christoph Zimmer,1960,2015,55,67,54,2014,120,144,Evaluating environmental impacts of contrasting pig farming systems with life cycle assessment,0.8880597014925373,"{""1960"": 1, ""1963"": 1, ""1964"": 1, ""1966"": 1, ""1970"": 2, ""1971"": 2, ""1972"": 2, ""1973"": 2, ""1977"": 1, ""1979"": 2, ""1980"": 3, ""1981"": 1, ""1982"": 2, ""1983"": 2, ""1984"": 1, ""1988"": 2, ""1989"": 3, ""1992"": 1, ""1994"": 2, ""1995"": 1, ""1996"": 4, ""1997"": 2, ""1998"": 5, ""1999"": 1, ""2000"": 3, ""2002"": 1, ""2003"": 1, ""2004"": 3, ""2006"": 1, ""2007"": 1, ""2013"": 2, ""2014"": 4, ""2015"": 6}"
A5029744192,Michael J. Benton,1974,2015,41,577,38,2012,581,805,The timing and pattern of biotic recovery following the end-Permian mass extinction,0.8838821490467937,"{""1974"": 1, ""1977"": 1, ""1978"": 2, ""1979"": 4, ""1980"": 4, ""1981"": 5, ""1982"": 7, ""1983"": 6, ""1984"": 7, ""1985"": 13, ""1986"": 12, ""1987"": 9, ""1988"": 8, ""1989"": 15, ""1990"": 14, ""1991"": 31, ""1992"": 11, ""1993"": 18, ""1994"": 23, ""1995"": 20, ""1996"": 29, ""1997"": 24, ""1998"": 10, ""1999"": 17, ""2000"": 20, ""2001"": 12, ""2002"": 11, ""2003"": 11, ""2004"": 16, ""2005"": 8, ""2006"": 9, ""2007"": 18, ""2008"": 32, ""2009"": 14, ""2010"": 34, ""2011"": 24, ""2012"": 19, ""2013"": 20, ""2014"": 17, ""2015"": 21}"
A5109945314,Hans‐Dieter Martin,1972,2009,37,165,28,2000,97,163,Stimulation of Gap Junctional Communication: Comparison of acyclo-Retinoic Acid and Lycopene,0.8787878787878788,"{""1972"": 7, ""1973"": 8, ""1974"": 20, ""1975"": 3, ""1976"": 4, ""1977"": 6, ""1978"": 12, ""1979"": 5, ""1980"": 6, ""1981"": 4, ""1982"": 1, ""1983"": 6, ""1984"": 1, ""1985"": 6, ""1986"": 7, ""1987"": 7, ""1988"": 7, ""1989"": 1, ""1991"": 9, ""1992"": 3, ""1993"": 2, ""1995"": 3, ""1996"": 3, ""1997"": 4, ""1998"": 2, ""1999"": 6, ""2000"": 3, ""2001"": 6, ""2002"": 2, ""2003"": 2, ""2005"": 3, ""2007"": 1, ""2008"": 4, ""2009"": 1}"
A5053888159,A. V. Fedunin,1994,2015,21,42,20,2014,17,17,X-pinch dynamics: Neck formation and implosion,0.9166666666666666,"{""1994"": 2, ""1995"": 1, ""1997"": 3, ""1998"": 3, ""2000"": 2, ""2001"": 2, ""2002"": 7, ""2003"": 4, ""2004"": 3, ""2005"": 2, ""2006"": 2, ""2007"": 3, ""2009"": 2, ""2010"": 1, ""2014"": 2, ""2015"": 3}"
A5006757776,B. Spettel,1970,2014,44,188,30,2000,146,348,The Preparation and Preliminary Characterisation of Eight Geological MPI‐DING Reference Glasses for In‐Situ Microanalysis,0.8377659574468085,"{""1970"": 2, ""1971"": 1, ""1972"": 2, ""1973"": 2, ""1974"": 1, ""1975"": 3, ""1976"": 2, ""1977"": 8, ""1978"": 2, ""1979"": 3, ""1980"": 5, ""1981"": 3, ""1982"": 5, ""1983"": 9, ""1984"": 3, ""1985"": 11, ""1986"": 10, ""1987"": 5, ""1988"": 4, ""1989"": 12, ""1990"": 2, ""1991"": 5, ""1992"": 9, ""1993"": 11, ""1994"": 14, ""1995"": 5, ""1996"": 8, ""1997"": 1, ""1998"": 5, ""1999"": 1, ""2000"": 6, ""2001"": 7, ""2002"": 3, ""2003"": 7, ""2004"": 2, ""2006"": 2, ""2007"": 1, ""2008"": 2, ""2009"": 1, ""2010"": 1, ""2012"": 1, ""2014"": 1}"
A5111528108,M. J. Crochet,1966,2015,49,111,21,1987,199,526,A new mixed finite element for calculating viscoelastic flow,0.4774774774774775,"{""1966"": 2, ""1967"": 1, ""1969"": 2, ""1971"": 2, ""1972"": 1, ""1973"": 3, ""1974"": 1, ""1975"": 2, ""1976"": 2, ""1977"": 1, ""1978"": 2, ""1979"": 2, ""1980"": 3, ""1981"": 1, ""1982"": 4, ""1983"": 5, ""1984"": 3, ""1985"": 5, ""1986"": 6, ""1987"": 9, ""1988"": 5, ""1989"": 2, ""1990"": 5, ""1991"": 2, ""1992"": 7, ""1993"": 5, ""1994"": 7, ""1995"": 2, ""1996"": 1, ""1997"": 2, ""1998"": 2, ""2004"": 4, ""2005"": 3, ""2006"": 2, ""2008"": 3, ""2009"": 1, ""2015"": 1}"
A5047108400,Joël Meunier,1963,2015,52,144,50,2013,130,172,"The evolution of parental care in insects: the roles of ecology, life history and the social environment",0.9131944444444444,"{""1963"": 1, ""1965"": 1, ""1968"": 1, ""1969"": 2, ""1970"": 4, ""1971"": 2, ""1972"": 2, ""1974"": 1, ""1975"": 2, ""1976"": 4, ""1977"": 1, ""1979"": 3, ""1980"": 3, ""1981"": 2, ""1982"": 4, ""1983"": 1, ""1984"": 1, ""1985"": 1, ""1986"": 1, ""1987"": 1, ""1988"": 2, ""1989"": 6, ""1990"": 3, ""1991"": 6, ""1992"": 4, ""1993"": 6, ""1994"": 5, ""1995"": 6, ""1996"": 5, ""1997"": 2, ""1998"": 3, ""1999"": 2, ""2000"": 6, ""2001"": 3, ""2002"": 6, ""2003"": 2, ""2004"": 2, ""2005"": 1, ""2006"": 1, ""2007"": 2, ""2008"": 4, ""2009"": 5, ""2010"": 3, ""2011"": 5, ""2012"": 2, ""2013"": 2, ""2014"": 6, ""2015"": 6}"
A5045047294,Andrew R. Karduna,1995,2015,20,66,11,2006,266,492,Shoulder Function and 3-Dimensional Scapular Kinematics in People With and Without Shoulder Impingement Syndrome,0.5378787878787878,"{""1995"": 1, ""1996"": 2, ""1997"": 4, ""1998"": 1, ""1999"": 1, ""2000"": 3, ""2001"": 5, ""2003"": 4, ""2004"": 3, ""2005"": 8, ""2006"": 6, ""2007"": 1, ""2008"": 1, ""2009"": 5, ""2010"": 3, ""2011"": 4, ""2012"": 4, ""2013"": 6, ""2014"": 2, ""2015"": 2}"
A5104089841,Rama Basu,1964,2008,44,60,27,1991,48,132,Quantum creation of topological defects during inflation,0.8416666666666667,"{""1964"": 2, ""1965"": 1, ""1966"": 1, ""1967"": 1, ""1968"": 3, ""1969"": 3, ""1970"": 2, ""1971"": 3, ""1973"": 1, ""1974"": 2, ""1975"": 2, ""1976"": 7, ""1977"": 5, ""1978"": 2, ""1979"": 1, ""1980"": 2, ""1981"": 1, ""1982"": 2, ""1984"": 1, ""1985"": 1, ""1986"": 3, ""1987"": 1, ""1989"": 1, ""1991"": 4, ""1992"": 1, ""1993"": 1, ""1994"": 2, ""1995"": 1, ""2000"": 1, ""2005"": 1, ""2008"": 1}"
A5102896437,Zdenko Franić,1966,2015,49,105,42,2008,23,34,Radioactive contamination in Croatia by phosphate fertilizer production,0.638095238095238,"{""1966"": 1, ""1988"": 1, ""1989"": 1, ""1992"": 2, ""1993"": 5, ""1994"": 2, ""1996"": 3, ""1997"": 5, ""1998"": 5, ""1999"": 4, ""2000"": 3, ""2002"": 4, ""2003"": 1, ""2004"": 4, ""2005"": 11, ""2006"": 7, ""2007"": 4, ""2008"": 7, ""2010"": 3, ""2011"": 6, ""2012"": 5, ""2013"": 9, ""2014"": 2, ""2015"": 10}"
A5020969388,J. M. Bonnet-Bidaud,1978,2015,37,192,29,2007,224,419,A giant outburst two years before the core-collapse of a massive star,0.8385416666666666,"{""1978"": 2, ""1979"": 1, ""1980"": 2, ""1981"": 7, ""1982"": 8, ""1984"": 4, ""1985"": 6, ""1986"": 3, ""1987"": 6, ""1988"": 4, ""1989"": 4, ""1990"": 3, ""1991"": 6, ""1992"": 7, ""1993"": 1, ""1994"": 6, ""1995"": 8, ""1996"": 7, ""1997"": 5, ""1998"": 9, ""1999"": 6, ""2000"": 9, ""2001"": 7, ""2002"": 5, ""2003"": 6, ""2004"": 10, ""2005"": 10, ""2006"": 6, ""2007"": 5, ""2008"": 6, ""2009"": 5, ""2010"": 5, ""2011"": 3, ""2012"": 3, ""2013"": 4, ""2014"": 1, ""2015"": 2}"
A5034613828,Toshiharu Inagaki,1988,2014,26,20,14,2002,37,53,Recent decline of methyl bromide in the troposphere,0.625,"{""1988"": 1, ""1991"": 1, ""1992"": 1, ""1994"": 1, ""1998"": 2, ""1999"": 1, ""2000"": 2, ""2001"": 2, ""2002"": 2, ""2005"": 2, ""2007"": 1, ""2011"": 1, ""2012"": 1, ""2014"": 2}"
A5090668867,A. Pisoni,1994,2015,21,17,20,2014,452,503,Ultra-Low Thermal Conductivity in Organic–Inorganic Hybrid Perovskite CH<sub>3</sub>NH<sub>3</sub>PbI<sub>3</sub>,0.4411764705882353,"{""1994"": 2, ""2013"": 3, ""2014"": 4, ""2015"": 8}"
A5024866707,Narinder K. Ailawadi,1966,2005,39,39,5,1971,64,171,Generalized Hydrodynamics and Analysis of Current Correlation Functions,0.16666666666666666,"{""1966"": 1, ""1969"": 1, ""1970"": 2, ""1971"": 4, ""1972"": 4, ""1973"": 2, ""1974"": 3, ""1975"": 2, ""1976"": 6, ""1977"": 5, ""1978"": 2, ""1979"": 1, ""1980"": 1, ""1991"": 1, ""1992"": 1, ""1993"": 1, ""2002"": 1, ""2005"": 1}"
A5008847258,Dennis S. Grimard,1990,2015,25,19,9,1999,17,27,Feedforward control for reduced run-to-run variation in microelectronics manufacturing,0.5,"{""1990"": 2, ""1991"": 1, ""1993"": 1, ""1998"": 4, ""1999"": 2, ""2001"": 1, ""2003"": 3, ""2004"": 1, ""2012"": 1, ""2013"": 2, ""2015"": 1}"
A5110677900,A. Sillanpää,1981,2015,34,191,27,2008,226,411,A massive binary black-hole system in OJ 287 and a test of general relativity,0.8612565445026178,"{""1981"": 1, ""1983"": 1, ""1984"": 2, ""1985"": 2, ""1986"": 4, ""1987"": 1, ""1988"": 3, ""1989"": 1, ""1990"": 1, ""1991"": 5, ""1992"": 11, ""1993"": 4, ""1994"": 10, ""1995"": 2, ""1996"": 17, ""1997"": 10, ""1998"": 7, ""1999"": 28, ""2000"": 7, ""2001"": 10, ""2002"": 7, ""2003"": 5, ""2004"": 6, ""2005"": 5, ""2006"": 5, ""2007"": 6, ""2008"": 6, ""2009"": 2, ""2010"": 6, ""2011"": 6, ""2012"": 4, ""2013"": 5, ""2015"": 1}"
A5109253183,A. M. Scheggi,1961,2005,44,107,10,1971,16,16,Effect of Mirror Rims on Modes and Losses of a Planar Fabry-Perot Resonator,0.21495327102803738,"{""1961"": 2, ""1962"": 2, ""1963"": 1, ""1964"": 1, ""1965"": 3, ""1966"": 3, ""1967"": 2, ""1968"": 1, ""1969"": 3, ""1970"": 2, ""1971"": 5, ""1972"": 1, ""1973"": 5, ""1974"": 6, ""1975"": 4, ""1976"": 2, ""1977"": 4, ""1978"": 5, ""1979"": 1, ""1980"": 4, ""1981"": 2, ""1982"": 1, ""1983"": 3, ""1984"": 7, ""1985"": 1, ""1986"": 5, ""1987"": 8, ""1988"": 6, ""1989"": 8, ""1990"": 1, ""1991"": 2, ""1992"": 3, ""1994"": 1, ""1995"": 1, ""2005"": 1}"
A5038117096,E. Barbarito,1979,2014,35,36,32,2011,505,637,ANTARES: The first undersea neutrino telescope,0.7777777777777778,"{""1979"": 2, ""1991"": 2, ""1992"": 1, ""1995"": 3, ""1996"": 2, ""2002"": 1, ""2003"": 1, ""2005"": 1, ""2006"": 4, ""2007"": 5, ""2008"": 3, ""2009"": 1, ""2010"": 1, ""2011"": 1, ""2012"": 1, ""2013"": 1, ""2014"": 6}"
A5061001444,G.L. Cook,1952,1975,23,41,17,1969,19,48,Low-resolution mass spectrometric determination of aromatic fractions from petroleum,0.6097560975609756,"{""1952"": 2, ""1956"": 3, ""1957"": 1, ""1958"": 2, ""1959"": 1, ""1960"": 2, ""1961"": 2, ""1962"": 1, ""1964"": 3, ""1965"": 1, ""1966"": 1, ""1967"": 1, ""1968"": 4, ""1969"": 1, ""1971"": 7, ""1972"": 3, ""1973"": 2, ""1974"": 3, ""1975"": 1}"
A5078638564,Christine Massey,1983,2015,32,24,19,2002,171,434,"Shake, rattle, ‘n’ roll: the representation of motion in language and cognition",0.4166666666666667,"{""1983"": 1, ""1987"": 1, ""1988"": 2, ""1993"": 1, ""1994"": 1, ""1995"": 1, ""1996"": 1, ""1999"": 1, ""2002"": 1, ""2003"": 1, ""2005"": 1, ""2006"": 1, ""2008"": 4, ""2009"": 2, ""2010"": 1, ""2011"": 1, ""2012"": 1, ""2013"": 1, ""2015"": 1}"
A5029295332,R. Enderlein,1963,1998,35,129,33,1996,64,93,Comparative Raman studies of cubic and hexagonal GaN epitaxial layers,0.8023255813953488,"{""1963"": 2, ""1965"": 1, ""1966"": 1, ""1967"": 3, ""1968"": 2, ""1969"": 2, ""1970"": 1, ""1971"": 1, ""1973"": 3, ""1974"": 1, ""1975"": 5, ""1976"": 2, ""1977"": 3, ""1978"": 5, ""1979"": 5, ""1980"": 1, ""1981"": 1, ""1982"": 1, ""1983"": 5, ""1984"": 3, ""1985"": 4, ""1986"": 4, ""1988"": 8, ""1989"": 3, ""1990"": 5, ""1991"": 5, ""1992"": 4, ""1993"": 3, ""1994"": 7, ""1995"": 7, ""1996"": 10, ""1997"": 5, ""1998"": 16}"
A5051616474,Roger Gallopin,1936,1979,43,128,27,1963,1,1,RCE volume 3 issue 30 Cover and Front matter,0.2421875,"{""1936"": 1, ""1937"": 1, ""1939"": 4, ""1958"": 1, ""1961"": 8, ""1962"": 10, ""1963"": 11, ""1964"": 10, ""1965"": 11, ""1966"": 11, ""1967"": 4, ""1968"": 10, ""1969"": 11, ""1970"": 5, ""1971"": 9, ""1972"": 9, ""1973"": 5, ""1974"": 3, ""1979"": 4}"
A5023608822,A.P. Cherevatenko,1965,2008,43,21,43,2008,12,18,IC-100 accelerator complex for scientific and applied research,0.9761904761904762,"{""1965"": 1, ""1967"": 4, ""1968"": 3, ""1969"": 1, ""1970"": 2, ""1971"": 2, ""1972"": 1, ""1981"": 1, ""1983"": 1, ""1985"": 1, ""1987"": 1, ""2001"": 1, ""2008"": 2}"
A5111778985,Francisco X. Barrios,1979,2007,28,52,21,2000,128,954,The Pain Catastrophizing Scale: Further Psychometric Evaluation with Adult Samples,0.6153846153846154,"{""1979"": 1, ""1981"": 1, ""1982"": 2, ""1983"": 2, ""1985"": 2, ""1988"": 1, ""1993"": 3, ""1994"": 3, ""1995"": 3, ""1996"": 2, ""1997"": 3, ""1998"": 4, ""1999"": 2, ""2000"": 5, ""2001"": 4, ""2002"": 4, ""2003"": 2, ""2004"": 4, ""2005"": 1, ""2007"": 3}"
A5048552352,Fernando Moreno,1973,2015,42,165,39,2012,485,564,Magnetic and electric coherence in forward- and back-scattered electromagnetic waves by a single dielectric subwavelength sphere,0.8212121212121212,"{""1973"": 1, ""1975"": 2, ""1976"": 3, ""1981"": 2, ""1982"": 1, ""1983"": 1, ""1984"": 5, ""1985"": 1, ""1986"": 3, ""1987"": 1, ""1988"": 1, ""1989"": 2, ""1990"": 3, ""1991"": 2, ""1992"": 8, ""1993"": 6, ""1994"": 3, ""1995"": 5, ""1996"": 3, ""1997"": 3, ""1998"": 3, ""1999"": 6, ""2000"": 1, ""2001"": 5, ""2002"": 2, ""2003"": 3, ""2004"": 2, ""2005"": 3, ""2006"": 7, ""2007"": 7, ""2008"": 6, ""2009"": 9, ""2010"": 12, ""2011"": 8, ""2012"": 10, ""2013"": 6, ""2014"": 8, ""2015"": 11}"
A5077941444,A. Fruchtman,1981,2015,34,181,25,2006,102,175,Electric Field in a Double Layer and the Imparted Momentum,0.6823204419889503,"{""1981"": 2, ""1982"": 3, ""1983"": 4, ""1984"": 1, ""1985"": 1, ""1986"": 2, ""1987"": 4, ""1988"": 4, ""1989"": 4, ""1990"": 3, ""1991"": 3, ""1992"": 11, ""1993"": 4, ""1994"": 3, ""1995"": 7, ""1996"": 4, ""1997"": 3, ""1998"": 7, ""1999"": 7, ""2000"": 7, ""2001"": 6, ""2002"": 7, ""2003"": 9, ""2004"": 6, ""2005"": 8, ""2006"": 6, ""2007"": 7, ""2008"": 7, ""2009"": 6, ""2010"": 6, ""2011"": 5, ""2012"": 7, ""2013"": 10, ""2014"": 3, ""2015"": 4}"
A5033787329,D. E. O’Reilly,1958,1979,21,120,9,1967,96,234,Deuteron Magnetic Resonance and Proton Relaxation Times in Ferroelectric Ammonium Sulfate,0.2708333333333333,"{""1958"": 3, ""1960"": 2, ""1961"": 5, ""1962"": 4, ""1963"": 6, ""1964"": 5, ""1965"": 3, ""1967"": 8, ""1968"": 6, ""1969"": 10, ""1970"": 14, ""1971"": 13, ""1972"": 10, ""1973"": 10, ""1974"": 7, ""1975"": 5, ""1976"": 3, ""1977"": 3, ""1979"": 3}"
A5041560182,Moon Ho Park,1984,2015,31,218,23,2007,115,294,An adaptation of the Korean mini-mental state examination (K-MMSE) in elderly Koreans: Demographic influence and population-based norms (the AGE study),0.43119266055045874,"{""1984"": 1, ""1987"": 2, ""1988"": 1, ""1994"": 1, ""1995"": 5, ""1996"": 5, ""1997"": 7, ""1998"": 3, ""2000"": 6, ""2001"": 8, ""2002"": 3, ""2003"": 9, ""2004"": 11, ""2005"": 7, ""2006"": 14, ""2007"": 21, ""2008"": 11, ""2009"": 21, ""2010"": 18, ""2011"": 20, ""2012"": 11, ""2013"": 11, ""2014"": 14, ""2015"": 8}"
A5103440528,L. J. Cveticanin,1981,2003,22,11,10,1991,7,17,The oscillations of a textile machine rotor on which the textile is wound up,0.2727272727272727,"{""1981"": 1, ""1986"": 1, ""1991"": 1, ""1994"": 1, ""1996"": 4, ""1998"": 2, ""2003"": 1}"
A5001771730,F Roujas,1970,1992,22,32,21,1991,14,22,CLONIDINE DOES NOT DELAY RECOVERY FROM ANAESTHESIA,0.96875,"{""1970"": 1, ""1971"": 2, ""1974"": 1, ""1976"": 2, ""1977"": 2, ""1978"": 3, ""1979"": 3, ""1980"": 3, ""1981"": 3, ""1982"": 1, ""1983"": 1, ""1984"": 1, ""1986"": 1, ""1987"": 2, ""1988"": 1, ""1989"": 1, ""1990"": 2, ""1991"": 1, ""1992"": 1}"
A5020868287,N.E. Holden,1964,2015,51,106,49,2013,392,415,Atomic weights of the elements 2011 (IUPAC Technical Report),0.9575471698113207,"{""1964"": 1, ""1967"": 2, ""1976"": 1, ""1977"": 3, ""1979"": 1, ""1980"": 1, ""1981"": 1, ""1982"": 1, ""1983"": 3, ""1984"": 9, ""1985"": 16, ""1986"": 5, ""1987"": 1, ""1988"": 2, ""1989"": 2, ""1990"": 1, ""1991"": 2, ""1993"": 2, ""1994"": 1, ""1997"": 1, ""1998"": 3, ""1999"": 2, ""2000"": 1, ""2001"": 3, ""2002"": 1, ""2003"": 4, ""2004"": 4, ""2005"": 6, ""2007"": 2, ""2008"": 2, ""2009"": 4, ""2011"": 7, ""2012"": 4, ""2013"": 4, ""2014"": 1, ""2015"": 2}"
A5042981606,Soronadi Nnaji,1971,1994,23,20,12,1983,3,17,Managing Water Quality by Mixing Water from Different Sources,0.55,"{""1971"": 1, ""1973"": 1, ""1974"": 1, ""1975"": 2, ""1976"": 1, ""1979"": 1, ""1981"": 1, ""1982"": 1, ""1983"": 3, ""1984"": 2, ""1985"": 3, ""1986"": 1, ""1994"": 2}"
A5080960459,Jean-Paul Lassalles,1973,2008,35,18,17,1990,165,261,"Opening of Ca2+ channels in isolated red beet root vacuole membrane by inositol 1,4,5-trisphosphate",0.5277777777777778,"{""1973"": 1, ""1974"": 1, ""1980"": 2, ""1981"": 1, ""1985"": 1, ""1986"": 1, ""1987"": 1, ""1990"": 2, ""1991"": 1, ""1992"": 1, ""1999"": 2, ""2001"": 3, ""2008"": 1}"
A5002771039,M. Birkinshaw,1978,2015,37,415,33,2011,404,535,BLAZARS IN THE <i>FERMI</i> ERA: THE OVRO 40 m TELESCOPE MONITORING PROGRAM,0.8674698795180723,"{""1978"": 6, ""1979"": 1, ""1980"": 2, ""1981"": 4, ""1982"": 3, ""1983"": 4, ""1984"": 6, ""1985"": 1, ""1986"": 7, ""1987"": 2, ""1988"": 3, ""1989"": 2, ""1990"": 1, ""1991"": 6, ""1992"": 2, ""1993"": 8, ""1994"": 14, ""1995"": 11, ""1996"": 17, ""1997"": 9, ""1998"": 10, ""1999"": 15, ""2000"": 20, ""2001"": 23, ""2002"": 11, ""2003"": 26, ""2004"": 27, ""2005"": 17, ""2006"": 15, ""2007"": 21, ""2008"": 20, ""2009"": 20, ""2010"": 16, ""2011"": 19, ""2012"": 11, ""2013"": 11, ""2014"": 14, ""2015"": 10}"
A5110500954,Stjepan Sito,1991,2015,24,93,13,2004,8,15,Effect of Precision Drill Operating Speed on the Intra-row Seed Distribution for Parsley,0.3010752688172043,"{""1991"": 2, ""1994"": 4, ""1995"": 2, ""1996"": 1, ""1998"": 2, ""1999"": 1, ""2000"": 5, ""2001"": 3, ""2002"": 2, ""2003"": 2, ""2004"": 7, ""2005"": 5, ""2006"": 2, ""2008"": 1, ""2009"": 8, ""2010"": 5, ""2011"": 1, ""2012"": 4, ""2013"": 12, ""2014"": 11, ""2015"": 13}"
A5109483661,V. I. Avdeev,1960,2015,55,67,55,2015,46,48,Low-temperature catalytic CO oxidation over mixed silver–copper oxide Ag2Cu2O3,0.9925373134328358,"{""1960"": 1, ""1965"": 1, ""1968"": 1, ""1969"": 1, ""1970"": 2, ""1972"": 5, ""1975"": 1, ""1976"": 4, ""1977"": 5, ""1978"": 2, ""1979"": 1, ""1984"": 3, ""1986"": 1, ""1987"": 1, ""1989"": 1, ""1991"": 1, ""1992"": 4, ""1995"": 1, ""1997"": 2, ""1998"": 1, ""1999"": 1, ""2000"": 3, ""2001"": 1, ""2002"": 2, ""2003"": 2, ""2004"": 2, ""2005"": 5, ""2007"": 2, ""2009"": 2, ""2010"": 2, ""2011"": 2, ""2013"": 2, ""2015"": 2}"
A5073318611,M. Stute,1988,2015,27,131,7,1995,292,567,Cooling of Tropical Brazil (5°C) During the Last Glacial Maximum,0.08015267175572519,"{""1988"": 1, ""1989"": 3, ""1992"": 2, ""1993"": 1, ""1994"": 1, ""1995"": 4, ""1996"": 4, ""1997"": 4, ""1998"": 7, ""1999"": 4, ""2000"": 4, ""2001"": 11, ""2002"": 7, ""2003"": 8, ""2004"": 6, ""2005"": 7, ""2006"": 6, ""2007"": 5, ""2008"": 7, ""2009"": 8, ""2010"": 7, ""2011"": 2, ""2012"": 1, ""2013"": 6, ""2014"": 8, ""2015"": 7}"
A5003790701,V. S. Remizovich,1971,2010,39,56,26,1997,12,21,Energy distributions of particles transmitted through free foils at oblique incidence,0.8839285714285714,"{""1971"": 2, ""1972"": 1, ""1974"": 4, ""1976"": 1, ""1979"": 1, ""1980"": 5, ""1981"": 1, ""1982"": 5, ""1983"": 4, ""1984"": 4, ""1985"": 2, ""1986"": 3, ""1990"": 4, ""1991"": 3, ""1992"": 1, ""1993"": 4, ""1995"": 3, ""1997"": 2, ""1998"": 1, ""2000"": 2, ""2001"": 2, ""2010"": 1}"
A5052064294,A. Manoogian,1965,1989,24,49,10,1975,23,43,Electron spin resonance measurements of the spin Hamiltonian zero-field splitting parameter <i>D</i> as a function of temperature for trigonally distorted Cr3+⋅6H2O magnetic complexes in families of hydrated crystals. I,0.3979591836734694,"{""1965"": 1, ""1966"": 1, ""1967"": 1, ""1968"": 3, ""1969"": 2, ""1970"": 2, ""1971"": 1, ""1972"": 3, ""1973"": 1, ""1974"": 3, ""1975"": 2, ""1976"": 2, ""1977"": 4, ""1978"": 1, ""1979"": 4, ""1980"": 2, ""1981"": 1, ""1982"": 1, ""1983"": 3, ""1985"": 1, ""1986"": 5, ""1987"": 2, ""1988"": 2, ""1989"": 1}"
A5072769216,D. R. K. Reddy,1971,2015,44,149,41,2012,105,135,"Bianchi type-III cosmological model in f(R,T) theory of gravity",0.7013422818791947,"{""1971"": 1, ""1972"": 1, ""1973"": 1, ""1974"": 1, ""1977"": 2, ""1979"": 2, ""1981"": 1, ""1982"": 2, ""1983"": 2, ""1985"": 3, ""1986"": 5, ""1987"": 10, ""1988"": 6, ""1989"": 13, ""1990"": 3, ""1991"": 4, ""1993"": 2, ""1996"": 1, ""1997"": 1, ""2000"": 1, ""2001"": 1, ""2003"": 4, ""2005"": 2, ""2006"": 10, ""2007"": 9, ""2008"": 5, ""2009"": 3, ""2011"": 2, ""2012"": 12, ""2013"": 13, ""2014"": 13, ""2015"": 13}"
A5049643388,R. Bélmont,1980,2015,35,67,31,2011,191,213,The Large Observatory for X-ray Timing (LOFT),0.7910447761194029,"{""1980"": 1, ""1984"": 2, ""1986"": 1, ""1989"": 1, ""1991"": 1, ""1993"": 2, ""1995"": 1, ""1997"": 4, ""1999"": 1, ""2000"": 1, ""2001"": 1, ""2002"": 2, ""2003"": 1, ""2004"": 2, ""2005"": 3, ""2006"": 4, ""2007"": 7, ""2008"": 5, ""2009"": 9, ""2010"": 2, ""2011"": 3, ""2012"": 2, ""2013"": 6, ""2014"": 2, ""2015"": 3}"
A5039799565,N.I. Buchan,1987,2007,20,43,1,1988,111,152,Reaction mechanisms in the organometallic vapor phase epitaxial growth of GaAs,0.1744186046511628,"{""1987"": 5, ""1988"": 4, ""1989"": 6, ""1990"": 7, ""1991"": 8, ""1992"": 2, ""1993"": 5, ""1994"": 2, ""1995"": 1, ""1997"": 1, ""2007"": 2}"
A5040342247,David Gibbon,1966,2015,49,68,35,2001,241,832,Farming Systems and Poverty IMPROVING FARMERS' LIVELIHOODS IN A CHANGING WORLD,0.5073529411764706,"{""1966"": 2, ""1970"": 1, ""1973"": 2, ""1979"": 1, ""1980"": 1, ""1981"": 1, ""1984"": 1, ""1985"": 3, ""1986"": 2, ""1987"": 1, ""1988"": 2, ""1989"": 2, ""1990"": 3, ""1992"": 1, ""1994"": 2, ""1995"": 1, ""1996"": 2, ""1997"": 5, ""2001"": 2, ""2002"": 4, ""2003"": 1, ""2004"": 1, ""2005"": 4, ""2006"": 5, ""2007"": 6, ""2008"": 1, ""2009"": 2, ""2010"": 1, ""2011"": 3, ""2012"": 1, ""2013"": 2, ""2014"": 1, ""2015"": 1}"
A5055700469,D. C. Leigh,1954,1992,38,33,0,1954,27,110,Tabulation of the blasius function with blowing and suction,0.030303030303030304,"{""1954"": 1, ""1955"": 1, ""1956"": 2, ""1960"": 1, ""1961"": 1, ""1962"": 1, ""1964"": 2, ""1965"": 3, ""1966"": 2, ""1968"": 1, ""1969"": 3, ""1970"": 1, ""1973"": 2, ""1977"": 1, ""1978"": 1, ""1980"": 3, ""1981"": 1, ""1987"": 2, ""1988"": 1, ""1989"": 2, ""1992"": 1}"
A5035540236,Daniel Erni,1983,2015,32,177,29,2012,158,209,Polarization-Independent Metamaterial Analog of Electromagnetically Induced Transparency for a Refractive-Index-Based Sensor,0.8700564971751412,"{""1983"": 1, ""1994"": 1, ""1995"": 6, ""1996"": 14, ""1997"": 2, ""1998"": 5, ""2000"": 3, ""2002"": 6, ""2003"": 13, ""2004"": 19, ""2005"": 28, ""2006"": 9, ""2007"": 17, ""2008"": 10, ""2009"": 5, ""2010"": 6, ""2011"": 6, ""2012"": 5, ""2013"": 11, ""2014"": 6, ""2015"": 4}"
A5006597162,Bo Lawergren,1962,2007,45,48,2,1964,29,32,The low-lying levels of Al27 (I),0.14583333333333334,"{""1962"": 4, ""1963"": 1, ""1964"": 3, ""1966"": 1, ""1967"": 6, ""1968"": 2, ""1969"": 2, ""1970"": 1, ""1972"": 3, ""1973"": 1, ""1978"": 1, ""1980"": 2, ""1981"": 1, ""1982"": 1, ""1983"": 2, ""1985"": 2, ""1987"": 1, ""1988"": 1, ""1994"": 1, ""1996"": 1, ""1998"": 1, ""2000"": 3, ""2003"": 2, ""2004"": 2, ""2005"": 1, ""2007"": 2}"
A5078166664,Katia Vutova,1991,2015,24,41,19,2010,32,54,Investigation of electron beam melting and refining of titanium and tantalum scrap,0.8048780487804879,"{""1991"": 1, ""1992"": 1, ""1994"": 2, ""1995"": 1, ""1996"": 2, ""1997"": 1, ""1998"": 3, ""1999"": 3, ""2000"": 1, ""2001"": 7, ""2002"": 1, ""2004"": 2, ""2005"": 1, ""2006"": 2, ""2007"": 1, ""2008"": 1, ""2009"": 2, ""2010"": 1, ""2011"": 1, ""2012"": 1, ""2013"": 1, ""2014"": 4, ""2015"": 1}"
A5109246684,K. J. Hanson,1984,2015,31,24,31,2015,226,234,3D printed microfluidic circuitry via multijet-based additive manufacturing,1.0,"{""1984"": 1, ""1985"": 1, ""1987"": 4, ""1988"": 1, ""1989"": 4, ""1990"": 6, ""1991"": 1, ""1993"": 1, ""1995"": 3, ""2005"": 1, ""2015"": 1}"
A5015255411,S. Cecchini,1967,2015,48,129,36,2003,151,376,Can information and communications technology applications contribute to poverty reduction? Lessons from rural India,0.5581395348837209,"{""1967"": 1, ""1971"": 1, ""1975"": 2, ""1977"": 3, ""1978"": 2, ""1979"": 3, ""1981"": 3, ""1983"": 1, ""1985"": 1, ""1987"": 1, ""1990"": 8, ""1991"": 5, ""1992"": 3, ""1993"": 4, ""1994"": 2, ""1995"": 4, ""1996"": 3, ""1997"": 4, ""1998"": 1, ""1999"": 6, ""2000"": 4, ""2001"": 1, ""2002"": 6, ""2003"": 5, ""2004"": 5, ""2005"": 6, ""2006"": 2, ""2007"": 2, ""2008"": 4, ""2009"": 4, ""2010"": 2, ""2011"": 7, ""2012"": 6, ""2013"": 2, ""2014"": 12, ""2015"": 3}"
A5014606009,M. E. Bruner,1981,2013,32,123,18,1999,625,1169,The transition region and coronal explorer,0.9186991869918699,"{""1981"": 1, ""1982"": 8, ""1983"": 6, ""1984"": 4, ""1985"": 7, ""1986"": 15, ""1987"": 4, ""1988"": 14, ""1989"": 4, ""1990"": 4, ""1991"": 5, ""1992"": 9, ""1993"": 8, ""1994"": 3, ""1995"": 1, ""1996"": 9, ""1997"": 5, ""1998"": 4, ""1999"": 3, ""2000"": 4, ""2004"": 1, ""2010"": 1, ""2011"": 1, ""2012"": 1, ""2013"": 1}"
A5061166868,H. Figger,1969,2013,44,50,31,2000,82,159,"Dissociation Dynamics of<mml:math xmlns:mml=""http://www.w3.org/1998/Math/MathML"" display=""inline""><mml:mrow><mml:msubsup><mml:mrow><mml:mi>H</mml:mi></mml:mrow><mml:mrow><mml:mn>2</mml:mn></mml:mrow><mml:mrow><mml:mo>+</mml:mo></mml:mrow></mml:msubsup></mml:mrow></mml:math>in Intense Laser Fields: Investigation of Photofragments from Single Vibrational Levels",0.81,"{""1969"": 1, ""1970"": 1, ""1971"": 1, ""1972"": 1, ""1973"": 2, ""1974"": 2, ""1975"": 3, ""1977"": 1, ""1979"": 1, ""1980"": 2, ""1981"": 1, ""1982"": 2, ""1983"": 1, ""1984"": 4, ""1985"": 1, ""1987"": 1, ""1988"": 1, ""1989"": 3, ""1992"": 1, ""1993"": 2, ""1994"": 2, ""1995"": 1, ""1996"": 1, ""1997"": 2, ""1998"": 1, ""2000"": 2, ""2002"": 1, ""2003"": 1, ""2005"": 5, ""2008"": 1, ""2013"": 1}"
A5047661834,E. Mason,1964,2015,51,163,47,2011,801,1185,"X-shooter, the new wide band intermediate resolution spectrograph at the ESO Very Large Telescope",0.7331288343558282,"{""1964"": 1, ""1991"": 1, ""1997"": 1, ""1998"": 3, ""1999"": 2, ""2000"": 6, ""2001"": 4, ""2002"": 6, ""2003"": 9, ""2004"": 4, ""2005"": 14, ""2006"": 10, ""2007"": 8, ""2008"": 15, ""2009"": 13, ""2010"": 12, ""2011"": 20, ""2012"": 11, ""2013"": 13, ""2014"": 8, ""2015"": 2}"
A5113556730,K. Röcker,1987,2015,28,28,12,1999,28,168,"Ventilatory, Lactate-Derived and Catecholamine Thresholds During Incremental Treadmill Running: Relationship and Reproducibility",0.48214285714285715,"{""1987"": 1, ""1990"": 1, ""1992"": 1, ""1994"": 4, ""1995"": 2, ""1996"": 1, ""1997"": 1, ""1998"": 1, ""1999"": 2, ""2002"": 1, ""2004"": 2, ""2005"": 1, ""2007"": 1, ""2008"": 2, ""2009"": 1, ""2011"": 1, ""2012"": 1, ""2013"": 3, ""2015"": 1}"
A5002967080,Jörgen Olsson,1987,2015,28,200,27,2014,92,94,"Optimizing Ga-profiles for highly efficient Cu(In, Ga)Se<sub>2</sub>thin film solar cells in simple and complex defect models",0.9425,"{""1987"": 1, ""1990"": 1, ""1991"": 2, ""1992"": 1, ""1993"": 6, ""1994"": 5, ""1995"": 4, ""1996"": 7, ""1997"": 5, ""1998"": 6, ""1999"": 3, ""2000"": 5, ""2001"": 14, ""2002"": 18, ""2003"": 17, ""2004"": 9, ""2005"": 16, ""2006"": 7, ""2007"": 7, ""2008"": 19, ""2009"": 11, ""2010"": 4, ""2011"": 6, ""2012"": 2, ""2013"": 8, ""2014"": 8, ""2015"": 8}"
A5110432835,H. Reeves,1953,2001,48,116,28,1981,60,151,Deuterium in the solar system,0.7198275862068966,"{""1953"": 1, ""1959"": 1, ""1962"": 1, ""1964"": 1, ""1965"": 1, ""1966"": 2, ""1967"": 3, ""1968"": 7, ""1969"": 5, ""1970"": 5, ""1971"": 6, ""1972"": 14, ""1973"": 6, ""1974"": 2, ""1975"": 7, ""1976"": 1, ""1977"": 3, ""1978"": 6, ""1979"": 7, ""1980"": 3, ""1981"": 2, ""1982"": 3, ""1983"": 3, ""1984"": 4, ""1985"": 1, ""1986"": 1, ""1987"": 1, ""1988"": 4, ""1989"": 1, ""1990"": 2, ""1991"": 2, ""1993"": 4, ""1994"": 1, ""1995"": 2, ""1997"": 1, ""1998"": 1, ""2001"": 1}"
A5055379160,M. Kasemann,1987,2010,23,63,3,1990,290,496,ALEPH: A detector for electron-positron annihilations at LEP,0.3333333333333333,"{""1987"": 1, ""1988"": 3, ""1989"": 5, ""1990"": 23, ""1991"": 14, ""1992"": 9, ""1995"": 1, ""1996"": 2, ""2000"": 2, ""2008"": 2, ""2010"": 1}"
A5112516776,S. J. Robinson,1957,2000,43,18,36,1993,50,92,Multi-probe conductance formulae for mesoscopic superconductors,0.4166666666666667,"{""1957"": 1, ""1988"": 1, ""1991"": 4, ""1993"": 2, ""1994"": 4, ""1995"": 2, ""1996"": 1, ""1997"": 2, ""2000"": 1}"
A5024597816,B. Bromm,1966,2008,42,131,36,2002,303,581,"Painful stimuli evoke different stimulus–response functions in the amygdala, prefrontal, insula and somatosensory cortex: a single‐trial fMRI study",0.9198473282442748,"{""1966"": 4, ""1967"": 2, ""1968"": 2, ""1969"": 3, ""1971"": 2, ""1972"": 1, ""1975"": 3, ""1976"": 2, ""1977"": 3, ""1978"": 1, ""1980"": 2, ""1981"": 2, ""1982"": 4, ""1983"": 5, ""1984"": 4, ""1985"": 5, ""1986"": 2, ""1987"": 3, ""1988"": 3, ""1989"": 6, ""1990"": 4, ""1991"": 6, ""1992"": 4, ""1993"": 4, ""1994"": 1, ""1995"": 3, ""1996"": 10, ""1997"": 13, ""1998"": 4, ""1999"": 3, ""2000"": 2, ""2001"": 5, ""2002"": 4, ""2003"": 3, ""2004"": 2, ""2005"": 2, ""2006"": 1, ""2008"": 1}"
A5020878623,Uwe Hahn,1973,2015,42,116,35,2008,364,714,Phthalocyanines: From outstanding electronic properties to emerging applications,0.6810344827586207,"{""1973"": 1, ""1978"": 1, ""1985"": 1, ""1991"": 2, ""1994"": 3, ""1995"": 7, ""1996"": 7, ""1997"": 1, ""1998"": 1, ""1999"": 1, ""2001"": 2, ""2002"": 7, ""2003"": 3, ""2004"": 6, ""2005"": 11, ""2006"": 12, ""2007"": 8, ""2008"": 9, ""2009"": 7, ""2010"": 3, ""2011"": 4, ""2012"": 3, ""2013"": 1, ""2014"": 6, ""2015"": 9}"
A5077351386,Thomas J. Emge,1979,2015,36,295,30,2009,1004,1229,A Luminescent Microporous Metal–Organic Framework for the Fast and Reversible Detection of High Explosives,0.7322033898305085,"{""1979"": 1, ""1980"": 1, ""1981"": 6, ""1982"": 8, ""1983"": 2, ""1984"": 13, ""1985"": 19, ""1986"": 21, ""1987"": 7, ""1988"": 1, ""1990"": 1, ""1991"": 3, ""1992"": 1, ""1993"": 8, ""1994"": 7, ""1995"": 8, ""1996"": 9, ""1997"": 6, ""1998"": 10, ""1999"": 7, ""2000"": 6, ""2001"": 9, ""2002"": 8, ""2003"": 5, ""2004"": 8, ""2005"": 7, ""2006"": 4, ""2007"": 9, ""2008"": 12, ""2009"": 17, ""2010"": 15, ""2011"": 14, ""2012"": 6, ""2013"": 18, ""2014"": 8, ""2015"": 10}"
A5059838343,R. Holler,1968,2014,46,17,46,2014,19,22,THE EVOLUTION OF THE SONOBUOY FROM WORLD WAR II TO THE COLD WAR,1.0,"{""1968"": 2, ""1969"": 2, ""1970"": 1, ""1972"": 1, ""1975"": 2, ""1981"": 1, ""1983"": 1, ""1984"": 2, ""1985"": 1, ""1986"": 1, ""1999"": 1, ""2002"": 1, ""2014"": 1}"
A5010989220,Sahn Nahm,1988,2015,27,418,14,2002,240,338,Thermal stability and structural characteristics of HfO2 films on Si (100) grown by atomic-layer deposition,0.19138755980861244,"{""1988"": 1, ""1989"": 2, ""1990"": 4, ""1991"": 1, ""1992"": 1, ""1993"": 7, ""1994"": 5, ""1995"": 3, ""1996"": 9, ""1997"": 7, ""1998"": 7, ""1999"": 9, ""2000"": 7, ""2001"": 7, ""2002"": 19, ""2003"": 13, ""2004"": 20, ""2005"": 17, ""2006"": 36, ""2007"": 20, ""2008"": 36, ""2009"": 29, ""2010"": 19, ""2011"": 31, ""2012"": 45, ""2013"": 22, ""2014"": 25, ""2015"": 16}"
A5035239905,V.A. Altov,1964,2012,48,37,8,1972,11,20,Terminal characteristics and thermal stability of composite superconducting materials — Part 1,0.35135135135135137,"{""1964"": 1, ""1965"": 1, ""1968"": 2, ""1969"": 3, ""1970"": 1, ""1971"": 2, ""1972"": 5, ""1973"": 3, ""1978"": 1, ""1979"": 2, ""1981"": 1, ""1982"": 2, ""1983"": 2, ""1984"": 1, ""1985"": 1, ""1986"": 1, ""1987"": 1, ""1988"": 2, ""1989"": 1, ""1990"": 1, ""1991"": 1, ""2007"": 1, ""2012"": 1}"
A5109146086,J. Misek,1979,2007,28,12,28,2007,7,10,The 4.8 GHz LHC Schottky pick-up system,0.9166666666666666,"{""1979"": 1, ""1981"": 1, ""1983"": 2, ""1985"": 1, ""2002"": 2, ""2003"": 2, ""2007"": 3}"
A5005850465,Martin G. Fowler,1974,2014,40,135,32,2006,137,292,The controls on the composition of biodegraded oils in the deep subsurface: Part II—Geological controls on subsurface biodegradation fluxes and constraints on reservoir-fluid property prediction,0.9444444444444444,"{""1974"": 2, ""1977"": 1, ""1984"": 1, ""1986"": 2, ""1987"": 3, ""1988"": 5, ""1990"": 13, ""1991"": 8, ""1992"": 2, ""1993"": 3, ""1994"": 9, ""1995"": 4, ""1996"": 7, ""1997"": 21, ""1998"": 14, ""1999"": 8, ""2000"": 2, ""2001"": 3, ""2002"": 6, ""2003"": 2, ""2004"": 8, ""2005"": 1, ""2006"": 4, ""2007"": 1, ""2008"": 1, ""2009"": 1, ""2010"": 2, ""2014"": 1}"
A5026541689,Catherine Boone,1980,2015,35,66,24,2004,216,431,Political Topographies of the African State: Territorial Authority and Institutional Choice,0.5303030303030303,"{""1980"": 1, ""1981"": 1, ""1982"": 1, ""1983"": 1, ""1984"": 3, ""1986"": 1, ""1988"": 1, ""1990"": 2, ""1993"": 2, ""1994"": 3, ""1995"": 3, ""1996"": 1, ""1997"": 2, ""1998"": 2, ""2001"": 5, ""2003"": 4, ""2004"": 3, ""2005"": 2, ""2006"": 1, ""2007"": 2, ""2008"": 1, ""2009"": 3, ""2010"": 2, ""2011"": 1, ""2012"": 7, ""2013"": 4, ""2014"": 1, ""2015"": 6}"
A5110812725,A. I. Sergachev,1963,2014,51,55,49,2012,12,17,"(n,α) reactions cross section research at IPPE",0.8363636363636363,"{""1963"": 1, ""1967"": 1, ""1968"": 3, ""1969"": 2, ""1970"": 2, ""1971"": 1, ""1972"": 3, ""1973"": 2, ""1974"": 4, ""1976"": 1, ""1977"": 4, ""1979"": 1, ""1984"": 2, ""1985"": 2, ""1986"": 4, ""1987"": 3, ""1988"": 1, ""1989"": 1, ""1993"": 1, ""2002"": 1, ""2003"": 2, ""2004"": 1, ""2006"": 1, ""2012"": 3, ""2013"": 7, ""2014"": 1}"
A5050035692,Karlheinz Strobl,1989,2013,24,33,11,2000,76,127,Engineering of human vascular aortic tissue based on a xenogeneic starter matrix.,0.5151515151515151,"{""1989"": 5, ""1990"": 7, ""1991"": 1, ""1992"": 2, ""1993"": 1, ""2000"": 1, ""2001"": 1, ""2002"": 1, ""2003"": 2, ""2004"": 2, ""2005"": 2, ""2009"": 5, ""2010"": 1, ""2011"": 1, ""2013"": 1}"
A5108585885,Murphy Jf,1972,2001,29,18,29,2001,7,7,Moving beyond birth asphyxia as the cause of cerebral palsy.,0.9722222222222222,"{""1972"": 1, ""1974"": 1, ""1978"": 1, ""1979"": 1, ""1984"": 1, ""1985"": 1, ""1987"": 2, ""1989"": 1, ""1990"": 2, ""1991"": 1, ""1994"": 1, ""1997"": 2, ""1999"": 1, ""2001"": 2}"
A5011933124,L. L. Wilkening,1969,2014,45,97,10,1979,57,176,Asteroidal regoliths,0.4690721649484536,"{""1969"": 2, ""1970"": 4, ""1971"": 6, ""1972"": 1, ""1973"": 2, ""1974"": 2, ""1975"": 3, ""1976"": 4, ""1977"": 7, ""1978"": 8, ""1979"": 12, ""1980"": 7, ""1981"": 5, ""1982"": 13, ""1983"": 8, ""1984"": 4, ""1985"": 1, ""1990"": 4, ""1991"": 1, ""2002"": 1, ""2013"": 1, ""2014"": 1}"
A5112750194,Stephka Chankova,1987,2014,27,33,21,2008,70,114,Adaptive response: some underlying mechanisms and open questions,0.5757575757575758,"{""1987"": 1, ""1989"": 2, ""1990"": 3, ""1994"": 1, ""1997"": 1, ""2000"": 2, ""2001"": 3, ""2002"": 1, ""2006"": 1, ""2007"": 2, ""2008"": 3, ""2009"": 1, ""2011"": 3, ""2012"": 2, ""2013"": 4, ""2014"": 3}"
A5063029429,O. L. Gilbert,1952,2004,52,135,34,1986,94,368,Physiological Ecology of Lichens.,0.5518518518518518,"{""1952"": 1, ""1955"": 1, ""1963"": 1, ""1966"": 1, ""1968"": 1, ""1969"": 3, ""1970"": 3, ""1971"": 4, ""1972"": 2, ""1973"": 2, ""1974"": 2, ""1975"": 2, ""1976"": 5, ""1977"": 5, ""1978"": 4, ""1979"": 8, ""1980"": 6, ""1981"": 3, ""1982"": 3, ""1983"": 4, ""1984"": 7, ""1985"": 3, ""1986"": 6, ""1987"": 2, ""1988"": 4, ""1989"": 2, ""1990"": 5, ""1991"": 2, ""1992"": 3, ""1993"": 6, ""1994"": 6, ""1995"": 5, ""1996"": 8, ""1997"": 3, ""1999"": 1, ""2000"": 2, ""2001"": 3, ""2002"": 2, ""2003"": 3, ""2004"": 1}"
A5110183947,B. M. Swinyard,1990,2015,25,202,20,2010,565,806,"Clouds, filaments, and protostars: The<i>Herschel</i> Hi-GAL Milky Way",0.650990099009901,"{""1990"": 2, ""1991"": 4, ""1992"": 1, ""1993"": 6, ""1994"": 3, ""1995"": 2, ""1996"": 4, ""1997"": 4, ""1998"": 7, ""1999"": 3, ""2000"": 7, ""2001"": 4, ""2002"": 5, ""2003"": 11, ""2004"": 10, ""2005"": 3, ""2006"": 12, ""2007"": 7, ""2008"": 13, ""2009"": 6, ""2010"": 34, ""2011"": 5, ""2012"": 12, ""2013"": 18, ""2014"": 11, ""2015"": 8}"
A5047828398,Simone Morais,1994,2015,21,103,16,2010,208,327,"Mercury, cadmium, lead and arsenic levels in three pelagic fish species from the Atlantic Ocean: Intra- and inter-specific variability and human health risks for consumption",0.35436893203883496,"{""1994"": 1, ""1996"": 1, ""1997"": 2, ""1998"": 6, ""1999"": 1, ""2000"": 1, ""2003"": 4, ""2004"": 1, ""2005"": 3, ""2006"": 2, ""2007"": 1, ""2008"": 2, ""2009"": 9, ""2010"": 4, ""2011"": 6, ""2012"": 17, ""2013"": 15, ""2014"": 13, ""2015"": 14}"
A5043630774,Timothy B. Dewhurst,1984,2015,31,51,6,1990,11,22,Bulge predictions in steady state bar rolling processes,0.0784313725490196,"{""1984"": 1, ""1985"": 1, ""1989"": 1, ""1990"": 1, ""1991"": 2, ""1993"": 2, ""1994"": 3, ""1995"": 3, ""1997"": 3, ""1998"": 1, ""1999"": 2, ""2001"": 1, ""2004"": 2, ""2005"": 1, ""2006"": 4, ""2007"": 1, ""2008"": 1, ""2010"": 5, ""2011"": 2, ""2012"": 3, ""2013"": 5, ""2014"": 4, ""2015"": 2}"
A5103593800,In-Joong Ha,1989,2014,25,80,3,1992,73,161,Control of induction motors for both high dynamic performance and high power efficiency,0.1,"{""1989"": 1, ""1990"": 3, ""1992"": 7, ""1994"": 3, ""1995"": 1, ""1996"": 5, ""1997"": 2, ""1998"": 3, ""1999"": 9, ""2000"": 4, ""2001"": 3, ""2002"": 12, ""2003"": 7, ""2004"": 2, ""2005"": 2, ""2006"": 2, ""2007"": 3, ""2008"": 4, ""2009"": 1, ""2010"": 1, ""2011"": 2, ""2013"": 2, ""2014"": 1}"
A5058655972,Francis H. Harlow,1952,2012,60,105,13,1965,96,5890,Numerical Calculation of Time-Dependent Viscous Incompressible Flow of Fluid with Free Surface,0.17142857142857143,"{""1952"": 1, ""1954"": 1, ""1957"": 2, ""1958"": 2, ""1961"": 1, ""1962"": 3, ""1963"": 1, ""1964"": 3, ""1965"": 7, ""1966"": 2, ""1967"": 6, ""1968"": 2, ""1970"": 3, ""1971"": 2, ""1972"": 5, ""1973"": 1, ""1974"": 2, ""1975"": 4, ""1976"": 2, ""1977"": 5, ""1978"": 4, ""1979"": 1, ""1980"": 2, ""1981"": 3, ""1984"": 3, ""1985"": 2, ""1986"": 5, ""1987"": 2, ""1988"": 4, ""1991"": 2, ""1992"": 1, ""1996"": 2, ""1997"": 2, ""1998"": 3, ""1999"": 6, ""2001"": 1, ""2002"": 3, ""2004"": 1, ""2005"": 2, ""2012"": 1}"
A5061014278,김익수,1974,2015,41,406,16,1990,7,8,대장 및 직장의 관상융모성선종에 대한 임상적 고찰,0.08251231527093596,"{""1974"": 1, ""1975"": 1, ""1976"": 1, ""1978"": 1, ""1979"": 1, ""1981"": 1, ""1982"": 2, ""1984"": 4, ""1985"": 5, ""1986"": 3, ""1987"": 8, ""1989"": 2, ""1990"": 6, ""1991"": 6, ""1992"": 9, ""1993"": 6, ""1994"": 16, ""1995"": 9, ""1996"": 8, ""1997"": 13, ""1998"": 9, ""1999"": 17, ""2000"": 20, ""2001"": 18, ""2002"": 17, ""2003"": 23, ""2004"": 30, ""2005"": 16, ""2006"": 19, ""2007"": 16, ""2008"": 15, ""2009"": 16, ""2010"": 18, ""2011"": 18, ""2012"": 13, ""2013"": 17, ""2014"": 12, ""2015"": 9}"
A5105840546,M. Gallio,1975,2013,38,188,25,2000,238,350,Evidence for deconfinement of quarks and gluons from the J/ψ suppression pattern measured in Pb-Pb collisions at the CERN-SPS,0.5292553191489362,"{""1975"": 3, ""1976"": 2, ""1978"": 2, ""1979"": 4, ""1980"": 5, ""1981"": 1, ""1982"": 2, ""1983"": 1, ""1984"": 4, ""1985"": 5, ""1986"": 4, ""1987"": 3, ""1988"": 1, ""1989"": 1, ""1990"": 3, ""1992"": 2, ""1993"": 4, ""1994"": 5, ""1995"": 3, ""1996"": 7, ""1997"": 5, ""1998"": 13, ""1999"": 13, ""2000"": 12, ""2001"": 12, ""2002"": 7, ""2003"": 16, ""2004"": 5, ""2005"": 13, ""2006"": 13, ""2007"": 2, ""2008"": 3, ""2009"": 6, ""2010"": 3, ""2011"": 1, ""2013"": 2}"
A5042567800,W. Zieglgänsberger,1966,2015,49,230,36,2002,848,1713,The endogenous cannabinoid system controls extinction of aversive memories,0.7065217391304348,"{""1966"": 1, ""1968"": 1, ""1969"": 2, ""1970"": 1, ""1972"": 2, ""1974"": 3, ""1975"": 2, ""1976"": 3, ""1977"": 1, ""1978"": 4, ""1979"": 7, ""1980"": 5, ""1981"": 3, ""1982"": 4, ""1983"": 2, ""1984"": 5, ""1986"": 2, ""1987"": 2, ""1988"": 4, ""1989"": 4, ""1990"": 5, ""1991"": 7, ""1992"": 7, ""1993"": 5, ""1994"": 7, ""1995"": 7, ""1996"": 12, ""1997"": 7, ""1998"": 12, ""1999"": 13, ""2000"": 9, ""2001"": 9, ""2002"": 8, ""2003"": 11, ""2004"": 10, ""2005"": 4, ""2006"": 3, ""2007"": 6, ""2008"": 12, ""2009"": 6, ""2010"": 2, ""2011"": 4, ""2012"": 2, ""2013"": 3, ""2015"": 1}"
A5089169534,R. Day,1969,2009,40,11,4,1973,9,29,The 12 C/13C ratio in stellar atmospheres.I. Alpha SER and alpha Boo.,0.2727272727272727,"{""1969"": 1, ""1973"": 3, ""1974"": 2, ""1975"": 1, ""1980"": 1, ""1987"": 1, ""1991"": 1, ""2009"": 1}"
A5013554131,V. Bryzgalov,1973,2015,42,72,32,2005,389,553,Single-Spin Asymmetries in Semi-Inclusive Deep-Inelastic Scattering on a Transversely Polarized Hydrogen Target,0.3055555555555556,"{""1973"": 1, ""1977"": 2, ""1978"": 1, ""1980"": 3, ""1981"": 1, ""1983"": 1, ""1984"": 1, ""1998"": 1, ""2002"": 1, ""2003"": 3, ""2004"": 4, ""2005"": 5, ""2006"": 3, ""2007"": 6, ""2008"": 5, ""2009"": 8, ""2010"": 6, ""2011"": 4, ""2012"": 4, ""2013"": 5, ""2014"": 4, ""2015"": 3}"
A5035461815,W.D. O’Brien,1972,2012,40,38,26,1998,62,106,Line and boundary detection in speckle images,0.618421052631579,"{""1972"": 1, ""1973"": 1, ""1974"": 2, ""1975"": 1, ""1976"": 2, ""1977"": 1, ""1978"": 1, ""1982"": 1, ""1986"": 2, ""1988"": 1, ""1990"": 2, ""1991"": 1, ""1992"": 1, ""1993"": 1, ""1994"": 1, ""1995"": 1, ""1996"": 1, ""1997"": 1, ""1998"": 2, ""2000"": 1, ""2002"": 5, ""2003"": 5, ""2004"": 1, ""2011"": 1, ""2012"": 1}"
A5051727497,G. D. Egbert,1984,2015,31,210,30,2014,653,814,ModEM: A modular system for inversion of electromagnetic geophysical data,0.9119047619047619,"{""1984"": 1, ""1986"": 4, ""1989"": 5, ""1990"": 1, ""1991"": 1, ""1992"": 4, ""1993"": 1, ""1994"": 1, ""1995"": 1, ""1996"": 2, ""1997"": 6, ""1999"": 4, ""2000"": 9, ""2001"": 6, ""2002"": 12, ""2003"": 10, ""2004"": 12, ""2005"": 11, ""2006"": 12, ""2007"": 10, ""2008"": 14, ""2009"": 16, ""2010"": 8, ""2011"": 9, ""2012"": 17, ""2013"": 7, ""2014"": 14, ""2015"": 12}"
A5082814846,Vipul Rastogi,1967,2015,48,92,35,2002,63,114,Long-period gratings in planar optical waveguides,0.20108695652173914,"{""1967"": 1, ""1994"": 1, ""1995"": 1, ""1996"": 2, ""1997"": 1, ""1998"": 4, ""1999"": 2, ""2000"": 1, ""2001"": 3, ""2002"": 4, ""2003"": 5, ""2004"": 4, ""2006"": 1, ""2007"": 1, ""2008"": 2, ""2009"": 2, ""2010"": 7, ""2011"": 6, ""2012"": 10, ""2013"": 18, ""2014"": 6, ""2015"": 10}"
A5038086699,V. M. Belous,1961,2005,44,28,36,1997,7,12,Review of Luminescence Studies on Latent Image Formation in Silver Halide Emulsions,0.7142857142857143,"{""1961"": 2, ""1962"": 2, ""1964"": 1, ""1966"": 1, ""1968"": 1, ""1969"": 2, ""1970"": 1, ""1974"": 1, ""1976"": 1, ""1977"": 1, ""1980"": 2, ""1989"": 1, ""1990"": 1, ""1994"": 1, ""1995"": 1, ""1997"": 1, ""1999"": 3, ""2002"": 1, ""2004"": 3, ""2005"": 1}"
A5007439972,A.P. Malykhin,1972,1993,21,20,2,1974,3,4,Synthesis and study of thermal and thermal oxidizing stability of regular crosslinked polyorganocyclocarbosiloxanes,0.375,"{""1972"": 1, ""1973"": 3, ""1974"": 6, ""1975"": 4, ""1976"": 2, ""1979"": 1, ""1993"": 3}"
A5068125955,A. Million,1981,2009,28,79,2,1983,145,180,Magneto-Optical Investigations of a Novel Superlattice: HgTe-CdTe,0.12025316455696203,"{""1981"": 2, ""1982"": 6, ""1983"": 2, ""1984"": 2, ""1985"": 2, ""1986"": 1, ""1987"": 5, ""1988"": 4, ""1989"": 3, ""1990"": 1, ""1992"": 1, ""1993"": 2, ""1994"": 1, ""1996"": 1, ""1997"": 1, ""1998"": 2, ""1999"": 2, ""2000"": 5, ""2001"": 1, ""2002"": 4, ""2003"": 8, ""2004"": 6, ""2005"": 4, ""2006"": 6, ""2007"": 4, ""2008"": 2, ""2009"": 1}"
A5044273853,R Lomský,1959,2001,42,19,10,1969,116,149,Immunohistochemical Demonstration of Gastrin in Mammalian Islets of Langerhans,0.5,"{""1959"": 1, ""1963"": 2, ""1966"": 3, ""1968"": 2, ""1969"": 2, ""1971"": 1, ""1972"": 3, ""1973"": 1, ""1996"": 1, ""1997"": 2, ""2001"": 1}"
A5033347143,Susan M. Hughes,1984,2015,31,40,20,2004,129,265,Ratings of voice attractiveness predict sexual behavior and body configuration,0.2125,"{""1984"": 1, ""1985"": 1, ""1986"": 1, ""1990"": 1, ""2000"": 1, ""2002"": 1, ""2003"": 1, ""2004"": 2, ""2005"": 2, ""2006"": 1, ""2007"": 1, ""2008"": 4, ""2009"": 2, ""2010"": 6, ""2011"": 3, ""2013"": 5, ""2014"": 2, ""2015"": 5}"
A5110650760,J. J. Bock,1994,2015,21,122,21,2015,970,977,Joint Analysis of BICEP2/<i>Keck Array</i>and<i>Planck</i>Data,0.9836065573770492,"{""1994"": 3, ""1995"": 3, ""1996"": 3, ""1997"": 2, ""1998"": 3, ""2000"": 3, ""2002"": 3, ""2003"": 2, ""2004"": 4, ""2005"": 6, ""2006"": 1, ""2007"": 7, ""2008"": 4, ""2009"": 8, ""2010"": 28, ""2011"": 12, ""2012"": 6, ""2013"": 14, ""2014"": 5, ""2015"": 5}"
A5062733050,Risto Pirjola,1976,2015,39,160,36,2012,143,195,A Test Case for the Calculation of Geomagnetically Induced Currents,0.871875,"{""1976"": 1, ""1979"": 1, ""1980"": 1, ""1983"": 1, ""1985"": 3, ""1986"": 1, ""1988"": 1, ""1989"": 4, ""1990"": 2, ""1992"": 1, ""1993"": 2, ""1994"": 4, ""1995"": 2, ""1996"": 2, ""1997"": 2, ""1998"": 11, ""1999"": 4, ""2000"": 9, ""2001"": 7, ""2002"": 14, ""2003"": 6, ""2004"": 9, ""2005"": 8, ""2006"": 4, ""2007"": 7, ""2008"": 10, ""2009"": 10, ""2010"": 6, ""2011"": 4, ""2012"": 4, ""2013"": 9, ""2014"": 6, ""2015"": 4}"
A5009306289,Mark J. Kushner,1978,2015,37,635,34,2012,529,629,The 2012 Plasma Roadmap,0.8535433070866142,"{""1978"": 1, ""1979"": 3, ""1980"": 3, ""1981"": 2, ""1982"": 5, ""1983"": 5, ""1984"": 5, ""1985"": 9, ""1986"": 11, ""1987"": 8, ""1988"": 12, ""1989"": 19, ""1990"": 13, ""1991"": 15, ""1992"": 17, ""1993"": 20, ""1994"": 10, ""1995"": 10, ""1996"": 26, ""1997"": 20, ""1998"": 20, ""1999"": 19, ""2000"": 13, ""2001"": 12, ""2002"": 43, ""2003"": 25, ""2004"": 23, ""2005"": 29, ""2006"": 13, ""2007"": 15, ""2008"": 15, ""2009"": 27, ""2010"": 21, ""2011"": 37, ""2012"": 31, ""2013"": 26, ""2014"": 32, ""2015"": 20}"
A5114929280,V. A. Orlov,1967,2012,45,35,7,1974,13,26,Evidence of an anisotropy in the arrival direction of cosmic rays with energies above 10<sup>19</sup>eV,0.17142857142857143,"{""1967"": 1, ""1971"": 1, ""1973"": 3, ""1974"": 1, ""1975"": 2, ""1976"": 1, ""1977"": 2, ""1978"": 4, ""1979"": 2, ""1980"": 1, ""1982"": 1, ""1985"": 1, ""1991"": 1, ""1992"": 1, ""1995"": 2, ""1998"": 2, ""1999"": 1, ""2000"": 1, ""2001"": 1, ""2004"": 1, ""2006"": 1, ""2007"": 1, ""2008"": 1, ""2010"": 1, ""2012"": 1}"
A5103472212,Robert A. Butler,1953,2013,60,87,0,1953,47,214,Discrimination learning by rhesus monkeys to visual-exploration motivation.,0.011494252873563218,"{""1953"": 1, ""1954"": 3, ""1955"": 1, ""1956"": 4, ""1957"": 4, ""1958"": 1, ""1959"": 2, ""1960"": 1, ""1961"": 2, ""1962"": 2, ""1963"": 3, ""1964"": 4, ""1965"": 2, ""1966"": 1, ""1968"": 3, ""1969"": 3, ""1970"": 1, ""1971"": 2, ""1972"": 4, ""1973"": 4, ""1975"": 1, ""1976"": 2, ""1977"": 2, ""1978"": 1, ""1980"": 4, ""1981"": 1, ""1982"": 4, ""1983"": 5, ""1984"": 2, ""1985"": 2, ""1986"": 1, ""1987"": 1, ""1988"": 1, ""1989"": 1, ""1990"": 1, ""1992"": 2, ""1993"": 1, ""1994"": 2, ""1998"": 2, ""1999"": 1, ""2000"": 1, ""2013"": 1}"
A5103364458,Robert O. Pepin,1959,2015,56,73,47,2006,255,370,Isotopic Compositions of Cometary Matter Returned by Stardust,0.6301369863013698,"{""1959"": 1, ""1964"": 1, ""1965"": 1, ""1966"": 1, ""1967"": 1, ""1968"": 3, ""1980"": 1, ""1981"": 1, ""1985"": 1, ""1986"": 2, ""1987"": 2, ""1988"": 1, ""1989"": 1, ""1991"": 2, ""1992"": 5, ""1993"": 1, ""1994"": 5, ""1995"": 2, ""1998"": 2, ""1999"": 2, ""2000"": 2, ""2001"": 2, ""2004"": 3, ""2006"": 5, ""2007"": 3, ""2008"": 3, ""2009"": 1, ""2010"": 1, ""2011"": 3, ""2012"": 1, ""2013"": 8, ""2014"": 3, ""2015"": 2}"
A5087872186,M. A. F. Rosa,1985,2009,24,11,5,1990,15,26,Magnetic monopoles without string in the Kähler–Clifford algebra bundle: A geometrical interpretation,0.5909090909090909,"{""1985"": 1, ""1986"": 1, ""1989"": 3, ""1990"": 2, ""1994"": 2, ""1998"": 1, ""2009"": 1}"
A5078523207,Octavian G. Duliu,1973,2015,42,102,27,2000,69,112,The second international intercomparison on EPR tooth dosimetry,0.1323529411764706,"{""1973"": 1, ""1996"": 2, ""1997"": 3, ""1998"": 3, ""1999"": 2, ""2000"": 4, ""2001"": 5, ""2002"": 2, ""2003"": 6, ""2004"": 2, ""2005"": 3, ""2006"": 2, ""2007"": 9, ""2008"": 8, ""2009"": 15, ""2010"": 5, ""2011"": 9, ""2012"": 4, ""2013"": 6, ""2014"": 4, ""2015"": 7}"
A5108368731,D.K. Lindner,1981,2014,33,54,22,2003,38,83,Input filter interaction in three phase AC-DC converters,0.7777777777777778,"{""1981"": 1, ""1982"": 1, ""1983"": 2, ""1984"": 1, ""1985"": 4, ""1986"": 3, ""1987"": 3, ""1988"": 5, ""1989"": 4, ""1990"": 2, ""1991"": 3, ""1992"": 2, ""1993"": 2, ""1994"": 1, ""1998"": 1, ""2000"": 1, ""2002"": 2, ""2003"": 7, ""2004"": 3, ""2005"": 1, ""2006"": 2, ""2007"": 1, ""2008"": 1, ""2014"": 1}"
A5024518402,M. Giesen,1969,2015,46,42,44,2013,80,96,Hypothalamic–Pituitary–Thyroid Axis Hormones Stimulate Mitochondrial Function and Biogenesis in Human Hair Follicles,0.9523809523809523,"{""1969"": 1, ""1970"": 1, ""1972"": 5, ""1973"": 1, ""1974"": 2, ""1975"": 4, ""1977"": 3, ""1978"": 6, ""1979"": 4, ""1981"": 4, ""1993"": 2, ""2008"": 2, ""2010"": 1, ""2011"": 2, ""2012"": 1, ""2013"": 1, ""2014"": 1, ""2015"": 1}"
A5070165396,Christoph K. Hitzenberger,1985,2015,30,359,18,2003,992,1840,Performance of fourier domain vs time domain optical coherence tomography,0.2938718662952646,"{""1985"": 2, ""1987"": 1, ""1988"": 2, ""1989"": 1, ""1991"": 5, ""1992"": 3, ""1993"": 2, ""1994"": 7, ""1995"": 5, ""1996"": 6, ""1997"": 10, ""1998"": 9, ""1999"": 14, ""2000"": 8, ""2001"": 11, ""2002"": 10, ""2003"": 18, ""2004"": 11, ""2005"": 17, ""2006"": 14, ""2007"": 19, ""2008"": 16, ""2009"": 31, ""2010"": 26, ""2011"": 22, ""2012"": 24, ""2013"": 21, ""2014"": 21, ""2015"": 23}"
A5053425057,Carlos Martín Hernández,1960,2015,55,21,49,2009,13,22,Regenerated Cartilage Produced by Autogenous Periosteal Grafts: A Histologic and Mechanical Study in Rabbits Under the Influence of Continuous Passive Motion,0.5476190476190477,"{""1960"": 2, ""1976"": 1, ""2000"": 1, ""2002"": 1, ""2003"": 1, ""2005"": 1, ""2006"": 2, ""2007"": 1, ""2009"": 2, ""2010"": 1, ""2013"": 2, ""2014"": 3, ""2015"": 3}"
A5101496087,A. S. Dmitriev,1982,2015,33,100,21,2003,38,71,Experiments on Direct Chaotic Communications in Microwave Band,0.61,"{""1982"": 1, ""1983"": 4, ""1984"": 1, ""1985"": 4, ""1986"": 2, ""1987"": 2, ""1988"": 4, ""1989"": 1, ""1990"": 1, ""1991"": 1, ""1992"": 2, ""1993"": 1, ""1994"": 1, ""1995"": 1, ""1996"": 4, ""1997"": 3, ""1998"": 1, ""1999"": 2, ""2000"": 5, ""2001"": 3, ""2002"": 12, ""2003"": 9, ""2004"": 1, ""2005"": 4, ""2006"": 4, ""2007"": 2, ""2008"": 4, ""2009"": 3, ""2010"": 6, ""2012"": 3, ""2013"": 3, ""2014"": 2, ""2015"": 3}"
A5041282462,Farid F. Abraham,1960,2011,51,198,39,1999,338,661,Concurrent coupling of length scales: Methodology and application,0.8459595959595959,"{""1960"": 2, ""1962"": 2, ""1963"": 1, ""1965"": 2, ""1966"": 1, ""1967"": 1, ""1968"": 9, ""1969"": 4, ""1970"": 7, ""1971"": 6, ""1972"": 5, ""1973"": 3, ""1974"": 4, ""1975"": 4, ""1976"": 6, ""1977"": 6, ""1978"": 7, ""1979"": 4, ""1980"": 4, ""1981"": 11, ""1982"": 6, ""1983"": 5, ""1984"": 5, ""1985"": 3, ""1986"": 7, ""1987"": 4, ""1988"": 3, ""1989"": 5, ""1990"": 4, ""1991"": 3, ""1992"": 3, ""1993"": 2, ""1994"": 4, ""1995"": 2, ""1996"": 3, ""1997"": 8, ""1998"": 10, ""1999"": 2, ""2000"": 7, ""2001"": 4, ""2002"": 5, ""2003"": 2, ""2004"": 4, ""2005"": 3, ""2006"": 1, ""2007"": 2, ""2008"": 1, ""2011"": 1}"
A5083134014,Yu. S. Gordeev,1960,2010,50,92,23,1983,45,55,"Electron Capture into Different (<mml:math xmlns:mml=""http://www.w3.org/1998/Math/MathML"" display=""inline""><mml:mi>n</mml:mi><mml:mo>,</mml:mo><mml:mi> </mml:mi><mml:mi>l</mml:mi></mml:math>) States in Slow Collisions of<mml:math xmlns:mml=""http://www.w3.org/1998/Math/MathML"" display=""inline""><mml:mrow><mml:msup><mml:mrow><mml:mi mathvariant=""normal"">C</mml:mi></mml:mrow><mml:mrow><mml:mn>6</mml:mn><mml:mo>+</mml:mo></mml:mrow></mml:msup></mml:mrow></mml:math>,<mml:math xmlns:mml=""http://www.w3.org/1998/Math/MathML"" display=""inline""><mml:mrow><mml:msup><mml:mrow><mml:mi mathvariant=""normal"">N</mml:mi></mml:mrow><mml:mrow><mml:mn>6</mml:mn><mml:mo>+</mml:mo></mml:mrow></mml:msup></mml:mrow></mml:math>,<mml:math xmlns:mml=""http://www.w3.org/1998/Math/MathML"" display=""inline""><mml:mrow><mml:msup><mml:mrow><mml:mi mathvariant=""normal"">O</mml:mi></mml:mrow><mml:mrow><mml:mn>6</mml:mn><mml:mo>+</mml:mo></mml:mrow></mml:msup></mml:mrow></mml:math>, and<mml:math xmlns:mml=""http://www.w3.org/1998/Math/MathML"" display=""inline""><mml:mrow><mml:msup><mml:mrow><mml:mi mathvariant=""normal"">Ne</mml:mi></mml:mrow><mml:mrow><mml:mn>6</mml:mn><mml:mo>+</mml:mo></mml:mrow></mml:msup></mml:mrow></mml:math>Projectiles on He and<mml:math xmlns:mml=""http://www.w3.org/1998/Math/MathML"" display=""inline""><mml:mrow><mml:msub><mml:mrow><mml:mi mathvariant=""normal"">H</mml:mi></mml:mrow><mml:mrow><mml:mn>2</mml:mn></mml:mrow></mml:msub></mml:mrow></mml:math>Targets",0.6304347826086957,"{""1960"": 1, ""1963"": 1, ""1964"": 2, ""1965"": 1, ""1967"": 2, ""1968"": 1, ""1969"": 3, ""1970"": 1, ""1971"": 7, ""1972"": 8, ""1973"": 6, ""1974"": 2, ""1975"": 5, ""1976"": 2, ""1977"": 4, ""1978"": 1, ""1979"": 3, ""1980"": 2, ""1981"": 4, ""1982"": 1, ""1983"": 1, ""1984"": 1, ""1985"": 1, ""1988"": 1, ""1993"": 2, ""1994"": 3, ""1996"": 3, ""1997"": 1, ""1998"": 1, ""2000"": 1, ""2002"": 2, ""2003"": 4, ""2004"": 2, ""2005"": 2, ""2006"": 3, ""2008"": 4, ""2009"": 2, ""2010"": 1}"
A5023194541,Patrick A. Kearney,1981,2015,34,98,20,2001,62,147,Investigation of the amorphous-to-crystalline transition in Mo/Si multilayers,0.413265306122449,"{""1981"": 1, ""1988"": 1, ""1989"": 1, ""1991"": 6, ""1992"": 5, ""1993"": 1, ""1994"": 4, ""1995"": 1, ""1996"": 2, ""1997"": 1, ""1998"": 7, ""1999"": 5, ""2000"": 3, ""2001"": 4, ""2002"": 3, ""2003"": 3, ""2004"": 1, ""2005"": 6, ""2006"": 4, ""2007"": 7, ""2008"": 3, ""2009"": 6, ""2010"": 1, ""2011"": 1, ""2012"": 8, ""2013"": 5, ""2014"": 5, ""2015"": 3}"
A5051639959,Claude Agami,1970,2010,40,221,32,2002,77,141,The reactivity of the N-Boc protecting group: an underrated feature,0.8755656108597285,"{""1970"": 4, ""1971"": 1, ""1972"": 4, ""1974"": 7, ""1975"": 4, ""1977"": 3, ""1978"": 1, ""1979"": 8, ""1980"": 3, ""1981"": 6, ""1982"": 3, ""1983"": 5, ""1984"": 3, ""1985"": 3, ""1986"": 8, ""1987"": 6, ""1988"": 5, ""1990"": 4, ""1991"": 6, ""1992"": 3, ""1993"": 10, ""1994"": 5, ""1995"": 6, ""1996"": 8, ""1997"": 7, ""1998"": 15, ""1999"": 12, ""2000"": 18, ""2001"": 14, ""2002"": 22, ""2003"": 11, ""2004"": 5, ""2010"": 1}"
A5045145820,Lilia Ferrario,1987,2015,28,136,28,2015,325,350,Magnetic White Dwarfs,0.9852941176470589,"{""1987"": 4, ""1988"": 3, ""1989"": 6, ""1990"": 4, ""1991"": 5, ""1992"": 2, ""1993"": 7, ""1994"": 2, ""1995"": 9, ""1996"": 2, ""1997"": 4, ""1998"": 5, ""1999"": 12, ""2000"": 6, ""2001"": 4, ""2002"": 5, ""2003"": 3, ""2004"": 5, ""2005"": 7, ""2006"": 2, ""2007"": 3, ""2008"": 4, ""2009"": 5, ""2010"": 10, ""2011"": 4, ""2012"": 2, ""2013"": 3, ""2014"": 3, ""2015"": 5}"
A5018678002,Paul Emery,1969,2015,46,748,41,2010,5165,9540,2010 Rheumatoid arthritis classification criteria: An American College of Rheumatology/European League Against Rheumatism collaborative initiative,0.5474598930481284,"{""1969"": 1, ""1983"": 1, ""1984"": 4, ""1985"": 1, ""1986"": 3, ""1987"": 3, ""1988"": 4, ""1989"": 5, ""1990"": 3, ""1991"": 4, ""1992"": 3, ""1993"": 7, ""1994"": 11, ""1995"": 8, ""1996"": 8, ""1997"": 3, ""1998"": 13, ""1999"": 18, ""2000"": 12, ""2001"": 26, ""2002"": 15, ""2003"": 30, ""2004"": 25, ""2005"": 29, ""2006"": 42, ""2007"": 37, ""2008"": 40, ""2009"": 30, ""2010"": 46, ""2011"": 43, ""2012"": 78, ""2013"": 68, ""2014"": 62, ""2015"": 65}"
A5108521050,B. Güttler,1984,2012,28,59,24,2008,67,79,"High-temperature structural transformations in the relaxor ferroelectrics<mml:math xmlns:mml=""http://www.w3.org/1998/Math/MathML"" display=""inline""><mml:mrow><mml:msub><mml:mrow><mml:mtext>PbSc</mml:mtext></mml:mrow><mml:mrow><mml:mn>0.5</mml:mn></mml:mrow></mml:msub><mml:msub><mml:mrow><mml:mtext>Ta</mml:mtext></mml:mrow><mml:mrow><mml:mn>0.5</mml:mn></mml:mrow></mml:msub><mml:msub><mml:mtext>O</mml:mtext><mml:mn>3</mml:mn></mml:msub></mml:mrow></mml:math>and<mml:math xmlns:mml=""http://www.w3.org/1998/Math/MathML"" display=""inline""><mml:mrow><mml:msub><mml:mrow><mml:mtext>Pb</mml:mtext></mml:mrow><mml:mrow><mml:mn>0.78</mml:mn></mml:mrow></mml:msub><mml:msub><mml:mrow><mml:mtext>Ba</mml:mtext></mml:mrow><mml:mrow><mml:mn>0.22</mml:mn></mml:mrow></mml:msub><mml:msub><mml:mrow><mml:mtext>Sc</mml:mtext></mml:mrow><mml:mrow><mml:mn>0.5</mml:mn></mml:mrow></mml:msub><mml:msub><mml:mrow><mml:mtext>Ta</mml:mtext></mml:mrow><mml:mrow><mml:mn>0.5</mml:mn></mml:mrow></mml:msub><mml:msub><mml:mtext>O</mml:mtext><mml:mn>3</mml:mn></mml:msub></mml:mrow></mml:math>",0.8983050847457628,"{""1984"": 2, ""1989"": 3, ""1990"": 2, ""1991"": 2, ""1992"": 2, ""1994"": 5, ""1995"": 3, ""1996"": 3, ""1998"": 2, ""1999"": 5, ""2000"": 2, ""2001"": 3, ""2002"": 3, ""2003"": 4, ""2005"": 1, ""2006"": 5, ""2007"": 4, ""2008"": 3, ""2009"": 3, ""2011"": 1, ""2012"": 1}"
A5109011677,C. Popelar,1975,2003,28,17,28,2003,50,87,A Distortion-Modified Free Volume Theory for Nonlinear Viscoelastic Behavior,1.0,"{""1975"": 3, ""1976"": 3, ""1977"": 1, ""1985"": 1, ""1990"": 4, ""1992"": 1, ""1993"": 1, ""1997"": 1, ""2002"": 1, ""2003"": 1}"
A5022893477,G. Tranquille,1988,2015,27,83,7,1995,41,46,"Measurement of the lifetime of Pb52+, Pb53+ and Pb54+ beams at 4.2 MeV per nucleon subject to electron cooling",0.1566265060240964,"{""1988"": 1, ""1989"": 2, ""1990"": 2, ""1992"": 2, ""1993"": 3, ""1994"": 1, ""1995"": 3, ""1997"": 7, ""1998"": 1, ""1999"": 3, ""2000"": 3, ""2001"": 1, ""2002"": 8, ""2003"": 2, ""2004"": 5, ""2005"": 3, ""2006"": 6, ""2007"": 3, ""2008"": 3, ""2009"": 2, ""2010"": 2, ""2011"": 1, ""2012"": 5, ""2013"": 5, ""2014"": 6, ""2015"": 3}"
A5057130145,Vladimir Y. Zaitsev,1964,2015,51,207,38,2002,158,263,Effects of organoclays on morphology and thermal and rheological properties of polystyrene and poly(methyl methacrylate) blends,0.5217391304347826,"{""1964"": 1, ""1966"": 1, ""1967"": 2, ""1968"": 1, ""1970"": 1, ""1971"": 5, ""1972"": 7, ""1973"": 2, ""1974"": 4, ""1976"": 3, ""1977"": 1, ""1978"": 3, ""1979"": 3, ""1980"": 4, ""1981"": 3, ""1982"": 3, ""1983"": 2, ""1984"": 1, ""1985"": 1, ""1986"": 1, ""1987"": 1, ""1988"": 2, ""1990"": 1, ""1991"": 5, ""1993"": 5, ""1994"": 4, ""1995"": 4, ""1996"": 6, ""1997"": 5, ""1998"": 1, ""1999"": 10, ""2000"": 7, ""2001"": 4, ""2002"": 7, ""2003"": 7, ""2004"": 11, ""2005"": 8, ""2006"": 11, ""2007"": 4, ""2008"": 10, ""2009"": 4, ""2010"": 4, ""2011"": 2, ""2012"": 5, ""2013"": 10, ""2014"": 9, ""2015"": 11}"
A5082866541,Y. C. Ho,1961,2011,50,145,22,1983,139,304,Perturbation analysis and optimization of queueing networks,0.5793103448275863,"{""1961"": 3, ""1962"": 5, ""1964"": 1, ""1965"": 6, ""1967"": 5, ""1968"": 4, ""1969"": 2, ""1970"": 3, ""1971"": 1, ""1972"": 5, ""1973"": 3, ""1974"": 6, ""1975"": 3, ""1976"": 5, ""1977"": 5, ""1978"": 3, ""1979"": 4, ""1980"": 6, ""1981"": 3, ""1982"": 7, ""1983"": 7, ""1984"": 5, ""1985"": 3, ""1986"": 1, ""1987"": 3, ""1988"": 4, ""1989"": 2, ""1990"": 4, ""1991"": 1, ""1992"": 3, ""1995"": 4, ""1997"": 1, ""1998"": 1, ""2001"": 3, ""2002"": 8, ""2003"": 6, ""2004"": 1, ""2005"": 6, ""2006"": 1, ""2011"": 1}"
A5048769314,Mohammadreza Shahriari,1982,2015,33,43,32,2014,63,72,A knowledge-based archive multi-objective simulated annealing algorithm to optimize series–parallel system with choice of redundancy strategies,0.872093023255814,"{""1982"": 2, ""1988"": 2, ""1989"": 1, ""1991"": 9, ""1992"": 4, ""1993"": 2, ""1994"": 2, ""1995"": 1, ""1996"": 3, ""1997"": 1, ""1998"": 2, ""2005"": 1, ""2010"": 1, ""2011"": 1, ""2013"": 3, ""2014"": 4, ""2015"": 4}"
A5113638747,Sergio Granieri,1995,2015,20,68,0,1995,25,32,Fractional Fourier transform applied to spatial filtering in the Fresnel domain,0.022058823529411766,"{""1995"": 2, ""1996"": 1, ""1997"": 2, ""1998"": 1, ""1999"": 3, ""2000"": 1, ""2001"": 7, ""2002"": 2, ""2003"": 13, ""2004"": 2, ""2005"": 7, ""2006"": 1, ""2007"": 2, ""2008"": 1, ""2009"": 1, ""2010"": 9, ""2011"": 7, ""2012"": 3, ""2013"": 1, ""2014"": 1, ""2015"": 1}"
A5037408791,Graham H. Cross,1982,2013,31,90,21,2003,133,217,A new quantitative optical biosensor for protein characterisation,0.8333333333333334,"{""1982"": 1, ""1983"": 2, ""1984"": 1, ""1985"": 2, ""1986"": 2, ""1987"": 3, ""1988"": 4, ""1989"": 1, ""1990"": 3, ""1992"": 4, ""1993"": 6, ""1994"": 5, ""1995"": 8, ""1996"": 2, ""1997"": 8, ""1999"": 4, ""2000"": 6, ""2001"": 5, ""2002"": 6, ""2003"": 3, ""2004"": 2, ""2005"": 3, ""2006"": 2, ""2007"": 3, ""2009"": 1, ""2010"": 1, ""2011"": 1, ""2013"": 1}"
A5023298330,F. J. Aoiz,1977,2015,38,251,25,2002,140,204,Quantum mechanical and quasi-classical trajectory study of the C(1D)+H2 reaction dynamics,0.40836653386454186,"{""1977"": 1, ""1979"": 1, ""1980"": 1, ""1981"": 1, ""1983"": 4, ""1986"": 1, ""1987"": 2, ""1989"": 1, ""1990"": 1, ""1991"": 5, ""1992"": 3, ""1993"": 4, ""1994"": 8, ""1995"": 3, ""1996"": 12, ""1997"": 10, ""1998"": 5, ""1999"": 11, ""2000"": 15, ""2001"": 8, ""2002"": 10, ""2003"": 11, ""2004"": 16, ""2005"": 14, ""2006"": 8, ""2007"": 6, ""2008"": 6, ""2009"": 11, ""2010"": 5, ""2011"": 13, ""2012"": 18, ""2013"": 15, ""2014"": 7, ""2015"": 14}"
A5056901977,M. Hjorth‐Jensen,1989,2015,26,219,26,2015,476,487,Accurate nuclear radii and binding energies from a chiral interaction,0.9908675799086758,"{""1989"": 1, ""1990"": 3, ""1992"": 4, ""1993"": 3, ""1994"": 6, ""1995"": 2, ""1996"": 10, ""1997"": 5, ""1998"": 10, ""1999"": 11, ""2000"": 12, ""2001"": 11, ""2002"": 14, ""2003"": 9, ""2004"": 6, ""2005"": 16, ""2006"": 12, ""2007"": 8, ""2008"": 11, ""2009"": 9, ""2010"": 13, ""2011"": 12, ""2012"": 7, ""2013"": 11, ""2014"": 8, ""2015"": 5}"
A5111658956,V.S. Patsko,1971,2014,43,39,41,2012,45,54,Model Problem in a Line with Two Pursuers and One Evader,0.8846153846153846,"{""1971"": 2, ""1972"": 2, ""1977"": 1, ""1982"": 1, ""1984"": 1, ""1987"": 1, ""1994"": 1, ""1995"": 1, ""1996"": 2, ""1998"": 1, ""2000"": 2, ""2001"": 4, ""2004"": 2, ""2005"": 1, ""2006"": 2, ""2008"": 3, ""2009"": 2, ""2010"": 3, ""2011"": 1, ""2012"": 2, ""2013"": 1, ""2014"": 3}"
A5022689931,Anne Martin-Matthews,1982,2015,33,100,28,2010,76,111,We share the care: family caregivers’ experiences of their older relative receiving home support services,0.74,"{""1982"": 1, ""1983"": 1, ""1984"": 2, ""1985"": 2, ""1986"": 4, ""1987"": 2, ""1988"": 2, ""1991"": 3, ""1992"": 1, ""1993"": 1, ""1994"": 4, ""1995"": 4, ""1996"": 3, ""1997"": 4, ""1998"": 6, ""1999"": 4, ""2000"": 7, ""2001"": 1, ""2002"": 1, ""2003"": 1, ""2004"": 1, ""2007"": 4, ""2008"": 3, ""2009"": 7, ""2010"": 9, ""2011"": 7, ""2012"": 3, ""2013"": 1, ""2014"": 5, ""2015"": 6}"
A5077763874,Robert L. Bedard,1976,2013,37,47,23,1999,58,76,Mesostructured Metal Germanium Sulfides,0.8085106382978723,"{""1976"": 1, ""1986"": 3, ""1987"": 3, ""1991"": 2, ""1992"": 1, ""1993"": 2, ""1994"": 1, ""1995"": 7, ""1996"": 1, ""1997"": 3, ""1998"": 11, ""1999"": 5, ""2000"": 1, ""2002"": 1, ""2006"": 1, ""2007"": 1, ""2011"": 1, ""2012"": 1, ""2013"": 1}"
A5113559898,M.C. Hobson,1962,1995,33,15,30,1992,146,580,Catalytic chemistry of supported palladium for combustion of methane,0.7333333333333333,"{""1962"": 1, ""1966"": 1, ""1967"": 2, ""1968"": 1, ""1970"": 1, ""1971"": 1, ""1972"": 1, ""1973"": 1, ""1975"": 1, ""1992"": 1, ""1993"": 2, ""1994"": 1, ""1995"": 1}"
A5086150545,Enrique Iglesia,1983,2015,32,330,27,2010,384,570,CO activation pathways and the mechanism of Fischer–Tropsch synthesis,0.7909090909090909,"{""1983"": 4, ""1984"": 2, ""1986"": 1, ""1987"": 1, ""1989"": 4, ""1990"": 5, ""1991"": 10, ""1992"": 7, ""1993"": 10, ""1994"": 5, ""1995"": 6, ""1996"": 2, ""1997"": 5, ""1998"": 11, ""1999"": 15, ""2000"": 17, ""2001"": 17, ""2002"": 20, ""2003"": 15, ""2004"": 19, ""2005"": 9, ""2006"": 15, ""2007"": 23, ""2008"": 15, ""2009"": 17, ""2010"": 11, ""2011"": 21, ""2012"": 4, ""2013"": 14, ""2014"": 16, ""2015"": 9}"
A5000756968,E. L. Briggs,1979,2015,36,33,16,1995,227,468,Native defects in gallium nitride,0.16666666666666666,"{""1979"": 1, ""1987"": 1, ""1994"": 1, ""1995"": 4, ""1996"": 8, ""1997"": 5, ""1998"": 3, ""1999"": 3, ""2000"": 3, ""2001"": 1, ""2012"": 1, ""2014"": 1, ""2015"": 1}"
A5010762512,Ronald F. Krausz,1992,2013,21,26,4,1996,45,80,Control of Annual Weeds with Glyphosate,0.4423076923076923,"{""1992"": 3, ""1993"": 4, ""1994"": 2, ""1995"": 1, ""1996"": 2, ""1997"": 1, ""1998"": 2, ""1999"": 1, ""2000"": 1, ""2001"": 3, ""2003"": 2, ""2005"": 1, ""2006"": 1, ""2008"": 1, ""2013"": 1}"
A5079623445,K. A. Chuntonov,1974,2007,33,23,5,1979,35,181,Phase diagrams of rare earth metals with gallium,0.10869565217391304,"{""1974"": 1, ""1979"": 2, ""1980"": 1, ""1981"": 1, ""1982"": 3, ""1983"": 2, ""1985"": 2, ""1986"": 1, ""1987"": 2, ""1996"": 2, ""1998"": 3, ""1999"": 1, ""2007"": 2}"
A5067430359,Milan Melicherčík,1972,2015,43,32,41,2013,37,43,A development of chimeric VEGFR2 TK inhibitor based on two ligand conformers from PDB: 1Y6A complex – Medicinal chemistry consequences of a TKs analysis,0.90625,"{""1972"": 2, ""1973"": 2, ""1980"": 2, ""1989"": 1, ""1990"": 1, ""1991"": 4, ""1992"": 2, ""1995"": 2, ""1996"": 1, ""1997"": 2, ""1999"": 1, ""2001"": 1, ""2003"": 1, ""2006"": 1, ""2008"": 1, ""2010"": 2, ""2011"": 1, ""2012"": 1, ""2013"": 1, ""2014"": 2, ""2015"": 1}"
A5108562911,Richard C. Franson,1972,2007,35,71,18,1990,156,575,High Levels of Inflammatory Phospholipase A2 Activity in Lumbar Disc Herniations,0.6549295774647887,"{""1972"": 1, ""1973"": 1, ""1975"": 1, ""1976"": 1, ""1977"": 1, ""1978"": 1, ""1979"": 3, ""1980"": 3, ""1981"": 1, ""1982"": 4, ""1983"": 3, ""1984"": 6, ""1985"": 1, ""1986"": 4, ""1987"": 6, ""1988"": 3, ""1989"": 4, ""1990"": 4, ""1991"": 2, ""1992"": 7, ""1993"": 2, ""1994"": 2, ""1995"": 1, ""1996"": 2, ""1997"": 1, ""1998"": 1, ""1999"": 1, ""2000"": 2, ""2007"": 2}"
A5043783242,C. Dorémieux-Morin,1963,2000,37,46,31,1994,89,266,"31P and 183W NMR Spectroscopic Evidence for Novel Peroxo Species in the ""H3[PW12O40].cntdot.yH2O/H2O2"" System. Synthesis and X-ray Structure of Tetrabutylammonium (.mu.-Hydrogen phosphato)bis(.mu.-peroxo)bis(oxoperoxotungstate) (2-): A Catalyst of Olefin Epoxidation in a Biphase Medium",0.6413043478260869,"{""1963"": 1, ""1973"": 1, ""1974"": 1, ""1976"": 1, ""1977"": 2, ""1978"": 1, ""1979"": 1, ""1980"": 1, ""1981"": 2, ""1982"": 1, ""1983"": 1, ""1985"": 1, ""1986"": 3, ""1987"": 1, ""1988"": 1, ""1989"": 1, ""1990"": 1, ""1991"": 3, ""1992"": 2, ""1993"": 2, ""1994"": 2, ""1995"": 2, ""1996"": 3, ""1997"": 5, ""1998"": 5, ""2000"": 1}"
A5031795117,Joachim Gröbner,1995,2015,20,102,17,2012,166,216,Phase equilibria and transformations in ternary Mg-rich Mg–Y–Zn alloys,0.8627450980392157,"{""1995"": 1, ""1996"": 3, ""1997"": 1, ""1998"": 1, ""1999"": 2, ""2000"": 3, ""2001"": 8, ""2002"": 3, ""2003"": 5, ""2004"": 16, ""2005"": 7, ""2006"": 8, ""2007"": 9, ""2008"": 3, ""2009"": 5, ""2010"": 7, ""2011"": 2, ""2012"": 7, ""2013"": 4, ""2014"": 2, ""2015"": 5}"
A5011776018,B. F. Lasinski,1975,2014,39,89,25,2000,629,1682,Intense High-Energy Proton Beams from Petawatt-Laser Irradiation of Solids,0.5112359550561798,"{""1975"": 1, ""1979"": 1, ""1980"": 2, ""1981"": 1, ""1982"": 1, ""1983"": 3, ""1984"": 3, ""1985"": 2, ""1988"": 2, ""1989"": 1, ""1990"": 1, ""1991"": 1, ""1992"": 1, ""1995"": 2, ""1996"": 3, ""1997"": 6, ""1998"": 6, ""1999"": 5, ""2000"": 6, ""2001"": 1, ""2002"": 2, ""2003"": 7, ""2004"": 2, ""2005"": 7, ""2006"": 2, ""2007"": 4, ""2008"": 3, ""2009"": 2, ""2010"": 2, ""2011"": 1, ""2012"": 1, ""2013"": 4, ""2014"": 3}"
A5113895374,A. S. Dekhtyar’,1966,2005,39,31,0,1966,2,2,The limiting equilibrium of shallow shells reinforced by ribs,0.03225806451612903,"{""1966"": 1, ""1968"": 1, ""1970"": 2, ""1971"": 1, ""1972"": 1, ""1973"": 1, ""1974"": 1, ""1975"": 1, ""1976"": 2, ""1977"": 2, ""1978"": 1, ""1979"": 1, ""1980"": 1, ""1981"": 1, ""1982"": 1, ""1983"": 2, ""1984"": 3, ""1987"": 1, ""1989"": 1, ""1990"": 1, ""1993"": 1, ""1994"": 1, ""1997"": 2, ""2005"": 1}"
A5056649904,James W. Prichard,1965,2013,48,108,20,1985,233,530,Cerebral intracellular pH by <sup>31</sup> P nuclear magnetic resonance spectroscopy,0.4074074074074074,"{""1965"": 1, ""1966"": 2, ""1968"": 1, ""1969"": 1, ""1970"": 4, ""1971"": 4, ""1972"": 2, ""1974"": 4, ""1975"": 3, ""1976"": 3, ""1977"": 3, ""1978"": 1, ""1979"": 1, ""1980"": 3, ""1983"": 4, ""1984"": 5, ""1985"": 3, ""1986"": 2, ""1987"": 4, ""1988"": 4, ""1989"": 1, ""1990"": 4, ""1991"": 4, ""1992"": 8, ""1993"": 7, ""1994"": 4, ""1995"": 6, ""1996"": 2, ""1997"": 2, ""1998"": 2, ""1999"": 3, ""2000"": 1, ""2001"": 1, ""2003"": 2, ""2006"": 1, ""2012"": 4, ""2013"": 1}"
A5013682455,В. М. Чернов,1962,2015,53,177,52,2014,163,197,Present status of vanadium alloys for fusion applications,0.8502824858757062,"{""1962"": 1, ""1968"": 1, ""1969"": 3, ""1970"": 1, ""1971"": 1, ""1972"": 3, ""1973"": 1, ""1975"": 2, ""1976"": 5, ""1977"": 1, ""1978"": 2, ""1979"": 1, ""1980"": 1, ""1981"": 1, ""1982"": 2, ""1983"": 1, ""1984"": 1, ""1986"": 3, ""1987"": 1, ""1990"": 3, ""1991"": 1, ""1993"": 1, ""1994"": 2, ""1996"": 6, ""1998"": 3, ""1999"": 5, ""2000"": 11, ""2001"": 4, ""2002"": 9, ""2003"": 4, ""2004"": 10, ""2005"": 1, ""2006"": 1, ""2007"": 8, ""2008"": 9, ""2009"": 6, ""2010"": 6, ""2011"": 11, ""2012"": 7, ""2013"": 3, ""2014"": 14, ""2015"": 20}"
A5065364677,Yong Chan Cho,1987,2015,28,78,21,2008,220,290,Unusual magnetic order in the pseudogap region of the superconductor HgBa2CuO4+δ,0.4423076923076923,"{""1987"": 1, ""1998"": 1, ""1999"": 2, ""2000"": 2, ""2001"": 3, ""2002"": 4, ""2004"": 4, ""2005"": 2, ""2006"": 5, ""2007"": 7, ""2008"": 6, ""2009"": 5, ""2010"": 9, ""2011"": 5, ""2012"": 7, ""2013"": 2, ""2014"": 10, ""2015"": 3}"
A5013230878,C. Manolikas,1975,2011,36,58,10,1985,46,68,The Direct Observation of “Discommensurations” in Barium Sodium Niobate (BSN) and Its Homologues,0.46551724137931033,"{""1975"": 2, ""1976"": 2, ""1977"": 1, ""1978"": 2, ""1979"": 2, ""1980"": 6, ""1981"": 3, ""1982"": 5, ""1983"": 2, ""1985"": 3, ""1986"": 7, ""1987"": 4, ""1988"": 2, ""1989"": 3, ""1990"": 1, ""1991"": 2, ""1993"": 3, ""1998"": 1, ""2000"": 1, ""2004"": 1, ""2005"": 1, ""2006"": 1, ""2007"": 1, ""2009"": 1, ""2011"": 1}"
A5055492086,G. F. O. Schnur,1963,1997,34,68,24,1987,2,6,IRAS AND OPTICAL OBSERVATIONS OF THE HIGH-LATITUDE DUST CLOUD LYNDS 1642,0.6102941176470589,"{""1963"": 1, ""1970"": 1, ""1971"": 2, ""1972"": 1, ""1975"": 1, ""1977"": 2, ""1978"": 1, ""1979"": 2, ""1980"": 2, ""1981"": 4, ""1982"": 1, ""1983"": 6, ""1984"": 4, ""1985"": 2, ""1986"": 6, ""1987"": 10, ""1988"": 5, ""1989"": 2, ""1990"": 1, ""1992"": 5, ""1993"": 2, ""1994"": 3, ""1995"": 3, ""1997"": 1}"
A5109875191,H. Krause,1964,2011,47,52,22,1986,37,55,Impurity and radiation studies during the JET Ohmic Heating Phase,0.7115384615384616,"{""1964"": 2, ""1967"": 1, ""1968"": 1, ""1969"": 2, ""1970"": 2, ""1971"": 2, ""1972"": 2, ""1973"": 2, ""1974"": 1, ""1975"": 2, ""1976"": 1, ""1977"": 3, ""1978"": 3, ""1979"": 1, ""1981"": 2, ""1982"": 2, ""1983"": 1, ""1984"": 3, ""1985"": 2, ""1986"": 3, ""1987"": 2, ""1988"": 3, ""1990"": 1, ""1992"": 2, ""1993"": 1, ""1994"": 1, ""2002"": 2, ""2006"": 1, ""2011"": 1}"
A5036625117,Richard Boohan,1992,2014,22,16,0,1992,15,21,Reasoning supported by computational tools,0.09375,"{""1992"": 2, ""1993"": 1, ""1996"": 2, ""1998"": 1, ""1999"": 3, ""2001"": 2, ""2003"": 2, ""2004"": 1, ""2011"": 1, ""2014"": 1}"
A5060986480,R. M. Thorne,1967,2015,48,348,46,2013,986,1152,The Electric and Magnetic Field Instrument Suite and Integrated Science (EMFISIS) on RBSP,0.771551724137931,"{""1967"": 2, ""1968"": 1, ""1970"": 3, ""1971"": 5, ""1972"": 4, ""1973"": 2, ""1974"": 3, ""1975"": 2, ""1976"": 2, ""1977"": 2, ""1980"": 4, ""1981"": 3, ""1982"": 2, ""1983"": 2, ""1984"": 1, ""1985"": 2, ""1986"": 1, ""1987"": 4, ""1988"": 4, ""1989"": 4, ""1990"": 2, ""1991"": 3, ""1992"": 5, ""1993"": 5, ""1994"": 4, ""1995"": 4, ""1996"": 5, ""1997"": 6, ""1998"": 7, ""1999"": 7, ""2000"": 1, ""2001"": 8, ""2002"": 9, ""2003"": 11, ""2004"": 7, ""2005"": 8, ""2006"": 8, ""2007"": 7, ""2008"": 10, ""2009"": 14, ""2010"": 17, ""2011"": 26, ""2012"": 28, ""2013"": 26, ""2014"": 36, ""2015"": 31}"
A5108597607,C.N. Barnard,1953,2013,60,69,14,1967,51,886,"The operation. A human cardiac transplant: an interim report of a successful operation performed at Groote Schuur Hospital, Cape Town.",0.391304347826087,"{""1953"": 1, ""1955"": 1, ""1956"": 1, ""1957"": 1, ""1958"": 1, ""1959"": 1, ""1960"": 2, ""1961"": 2, ""1962"": 2, ""1963"": 2, ""1965"": 5, ""1966"": 6, ""1967"": 3, ""1968"": 3, ""1969"": 6, ""1970"": 2, ""1971"": 1, ""1973"": 1, ""1975"": 2, ""1976"": 1, ""1977"": 3, ""1978"": 1, ""1980"": 1, ""1981"": 3, ""1982"": 6, ""1983"": 4, ""1984"": 2, ""1985"": 2, ""1987"": 1, ""2006"": 1, ""2013"": 1}"
A5045045280,F. Schumm,1971,2014,43,38,26,1997,46,79,Paraneoplastic myasthenia gravis: Detection of anti-MGT30 (titin) antibodies predicts thymic epithelial tumor,0.7236842105263158,"{""1971"": 1, ""1975"": 2, ""1976"": 1, ""1977"": 2, ""1978"": 3, ""1980"": 1, ""1981"": 3, ""1982"": 1, ""1983"": 1, ""1984"": 2, ""1985"": 4, ""1987"": 1, ""1988"": 1, ""1990"": 1, ""1993"": 1, ""1994"": 1, ""1997"": 2, ""1998"": 2, ""2003"": 1, ""2007"": 1, ""2008"": 2, ""2009"": 1, ""2010"": 1, ""2011"": 1, ""2014"": 1}"
A5046704096,Alexander C. Wagenaar,1980,2015,35,225,16,1996,234,472,Project Northland: outcomes of a communitywide alcohol use prevention program during early adolescence.,0.4888888888888889,"{""1980"": 4, ""1981"": 4, ""1982"": 4, ""1983"": 4, ""1984"": 6, ""1985"": 10, ""1986"": 10, ""1987"": 9, ""1988"": 13, ""1989"": 9, ""1990"": 8, ""1991"": 5, ""1992"": 1, ""1993"": 5, ""1994"": 6, ""1995"": 7, ""1996"": 9, ""1997"": 11, ""1998"": 3, ""1999"": 7, ""2000"": 7, ""2001"": 6, ""2002"": 4, ""2003"": 5, ""2004"": 7, ""2005"": 9, ""2006"": 3, ""2007"": 4, ""2008"": 3, ""2009"": 3, ""2010"": 8, ""2011"": 2, ""2012"": 5, ""2013"": 7, ""2014"": 7, ""2015"": 10}"
A5063765376,E. J. Hooper,1955,2015,60,128,45,2000,125,205,[ITAL]Chandra[/ITAL] Discovery of a 100 kiloparsec X-Ray Jet in PKS 0637−752,0.375,"{""1955"": 1, ""1979"": 1, ""1980"": 2, ""1981"": 1, ""1982"": 2, ""1983"": 3, ""1984"": 1, ""1985"": 2, ""1993"": 3, ""1994"": 1, ""1995"": 3, ""1996"": 4, ""1997"": 6, ""1998"": 5, ""1999"": 10, ""2000"": 5, ""2001"": 4, ""2002"": 3, ""2003"": 3, ""2004"": 4, ""2005"": 2, ""2006"": 2, ""2007"": 4, ""2008"": 1, ""2010"": 10, ""2011"": 4, ""2012"": 6, ""2013"": 13, ""2014"": 12, ""2015"": 10}"
A5059825361,L. Bartha,1969,2015,46,122,34,2003,209,418,Learning complex arithmetic—an fMRI study,0.5532786885245902,"{""1969"": 1, ""1971"": 2, ""1973"": 5, ""1974"": 3, ""1975"": 1, ""1978"": 1, ""1980"": 2, ""1981"": 3, ""1982"": 1, ""1984"": 1, ""1986"": 1, ""1989"": 1, ""1990"": 1, ""1991"": 1, ""1992"": 1, ""1993"": 3, ""1995"": 2, ""1996"": 4, ""1997"": 3, ""1998"": 1, ""1999"": 3, ""2000"": 4, ""2001"": 8, ""2002"": 7, ""2003"": 14, ""2004"": 11, ""2005"": 9, ""2006"": 7, ""2007"": 2, ""2008"": 3, ""2009"": 6, ""2010"": 1, ""2011"": 1, ""2012"": 6, ""2014"": 1, ""2015"": 1}"
A5109925714,V. Peskov,1988,2012,24,76,14,2002,66,128,"Detection of the primary scintillation light from dense Ar, Kr and Xe with novel photosensitive gaseous detectors",0.5723684210526315,"{""1988"": 2, ""1989"": 1, ""1990"": 2, ""1991"": 2, ""1992"": 1, ""1993"": 2, ""1994"": 7, ""1995"": 1, ""1996"": 1, ""1997"": 6, ""1998"": 3, ""1999"": 2, ""2000"": 3, ""2001"": 5, ""2002"": 10, ""2003"": 5, ""2004"": 7, ""2005"": 4, ""2006"": 1, ""2008"": 1, ""2009"": 1, ""2010"": 4, ""2011"": 2, ""2012"": 3}"
A5000666589,Josef Havel,1975,2015,40,353,38,2013,779,905,Artificial neural networks in medical diagnosis,0.8951841359773371,"{""1975"": 2, ""1978"": 1, ""1979"": 2, ""1980"": 2, ""1982"": 3, ""1983"": 2, ""1984"": 1, ""1985"": 2, ""1986"": 5, ""1987"": 1, ""1988"": 2, ""1989"": 5, ""1991"": 2, ""1992"": 6, ""1993"": 4, ""1994"": 5, ""1995"": 2, ""1996"": 6, ""1997"": 10, ""1998"": 22, ""1999"": 16, ""2000"": 7, ""2001"": 23, ""2002"": 24, ""2003"": 20, ""2004"": 19, ""2005"": 27, ""2006"": 14, ""2007"": 9, ""2008"": 12, ""2009"": 17, ""2010"": 13, ""2011"": 10, ""2012"": 13, ""2013"": 13, ""2014"": 15, ""2015"": 16}"
A5005962777,K Korsan-Bengtsen,1954,2010,56,86,30,1984,527,1659,Fibrinogen as a Risk Factor for Stroke and Myocardial Infarction,0.9302325581395349,"{""1954"": 1, ""1955"": 2, ""1960"": 1, ""1961"": 4, ""1962"": 5, ""1963"": 2, ""1964"": 1, ""1965"": 1, ""1966"": 4, ""1967"": 1, ""1968"": 3, ""1969"": 5, ""1970"": 3, ""1971"": 5, ""1972"": 10, ""1973"": 5, ""1974"": 4, ""1975"": 6, ""1976"": 4, ""1977"": 4, ""1978"": 2, ""1979"": 1, ""1981"": 3, ""1982"": 2, ""1984"": 1, ""2008"": 1, ""2009"": 3, ""2010"": 2}"
A5056515783,P.J. Zampardi,1992,2015,23,116,9,2001,119,168,Current status and future trends of SiGe BiCMOS technology,0.31896551724137934,"{""1992"": 1, ""1993"": 3, ""1994"": 3, ""1995"": 5, ""1996"": 5, ""1997"": 5, ""1998"": 2, ""1999"": 6, ""2000"": 5, ""2001"": 3, ""2002"": 11, ""2003"": 6, ""2004"": 6, ""2005"": 14, ""2006"": 8, ""2007"": 7, ""2008"": 1, ""2009"": 1, ""2010"": 8, ""2011"": 1, ""2012"": 6, ""2013"": 3, ""2014"": 2, ""2015"": 4}"
A5087049866,J. Durand,1961,2014,53,147,42,2003,95,151,Carbon nanotubes produced by fluidized bed catalytic CVD: first approach of the process,0.8095238095238095,"{""1961"": 1, ""1963"": 1, ""1969"": 1, ""1974"": 2, ""1975"": 2, ""1978"": 2, ""1980"": 1, ""1982"": 6, ""1983"": 4, ""1984"": 4, ""1985"": 1, ""1986"": 1, ""1987"": 4, ""1988"": 6, ""1989"": 1, ""1990"": 9, ""1991"": 11, ""1992"": 8, ""1993"": 15, ""1994"": 3, ""1995"": 1, ""1997"": 6, ""1998"": 4, ""1999"": 6, ""2000"": 6, ""2001"": 4, ""2002"": 7, ""2003"": 3, ""2004"": 3, ""2005"": 6, ""2006"": 1, ""2007"": 5, ""2008"": 3, ""2009"": 3, ""2010"": 1, ""2012"": 2, ""2013"": 1, ""2014"": 2}"
A5007175562,N. Clavaguera,1976,2011,35,144,26,2002,88,173,Crystallisation kinetics and microstructure development in metallic systems,0.8923611111111112,"{""1976"": 2, ""1977"": 4, ""1979"": 2, ""1980"": 2, ""1982"": 1, ""1983"": 3, ""1984"": 3, ""1985"": 3, ""1986"": 2, ""1988"": 8, ""1989"": 2, ""1990"": 4, ""1991"": 7, ""1992"": 8, ""1993"": 5, ""1994"": 4, ""1995"": 7, ""1996"": 11, ""1997"": 14, ""1998"": 16, ""1999"": 6, ""2000"": 3, ""2001"": 9, ""2002"": 4, ""2003"": 6, ""2004"": 4, ""2005"": 1, ""2007"": 1, ""2009"": 1, ""2011"": 1}"
A5113670898,Lubomir Bic,1978,2014,36,127,18,1996,78,92,Distributed computing using autonomous objects,0.44881889763779526,"{""1978"": 1, ""1981"": 4, ""1982"": 2, ""1983"": 1, ""1984"": 5, ""1985"": 2, ""1986"": 3, ""1987"": 1, ""1988"": 1, ""1989"": 9, ""1990"": 7, ""1991"": 2, ""1992"": 4, ""1993"": 7, ""1994"": 2, ""1995"": 5, ""1996"": 1, ""1998"": 4, ""1999"": 5, ""2000"": 5, ""2001"": 3, ""2002"": 14, ""2003"": 11, ""2004"": 3, ""2005"": 5, ""2006"": 2, ""2007"": 2, ""2008"": 2, ""2009"": 2, ""2010"": 1, ""2011"": 3, ""2012"": 3, ""2013"": 3, ""2014"": 2}"
A5041566565,G. M. Keating,1963,2009,46,136,35,1998,117,277,The Structure of the Upper Atmosphere of Mars: In Situ Accelerometer Measurements from Mars Global Surveyor,0.5661764705882353,"{""1963"": 1, ""1965"": 1, ""1966"": 2, ""1967"": 2, ""1968"": 1, ""1969"": 1, ""1970"": 2, ""1971"": 1, ""1972"": 1, ""1973"": 1, ""1974"": 1, ""1975"": 1, ""1976"": 2, ""1977"": 2, ""1978"": 2, ""1979"": 3, ""1980"": 2, ""1981"": 2, ""1982"": 1, ""1985"": 9, ""1986"": 2, ""1987"": 9, ""1988"": 1, ""1989"": 4, ""1990"": 9, ""1991"": 1, ""1992"": 3, ""1993"": 3, ""1994"": 2, ""1995"": 2, ""1996"": 1, ""1997"": 1, ""1998"": 1, ""1999"": 6, ""2000"": 3, ""2001"": 4, ""2002"": 11, ""2003"": 5, ""2004"": 7, ""2005"": 2, ""2006"": 7, ""2007"": 8, ""2008"": 4, ""2009"": 2}"
A5022138105,Richard V. Gregory,1983,2012,29,64,6,1989,94,371,Conductive textiles,0.109375,"{""1983"": 2, ""1984"": 2, ""1985"": 1, ""1987"": 1, ""1989"": 1, ""1991"": 1, ""1992"": 1, ""1993"": 2, ""1994"": 3, ""1995"": 7, ""1997"": 4, ""1998"": 7, ""1999"": 2, ""2000"": 1, ""2001"": 4, ""2002"": 2, ""2003"": 12, ""2004"": 6, ""2007"": 3, ""2009"": 1, ""2012"": 1}"
A5037945714,Dieter Richter,1957,2015,58,743,37,1994,422,1961,"Connection between Polymer Molecular Weight, Density, Chain Dimensions, and Melt Viscoelastic Properties",0.30148048452220727,"{""1957"": 1, ""1959"": 2, ""1962"": 4, ""1963"": 1, ""1964"": 1, ""1965"": 2, ""1966"": 3, ""1967"": 3, ""1968"": 1, ""1970"": 2, ""1971"": 2, ""1973"": 2, ""1974"": 1, ""1975"": 4, ""1976"": 4, ""1977"": 4, ""1978"": 7, ""1979"": 8, ""1980"": 12, ""1981"": 7, ""1982"": 9, ""1983"": 10, ""1984"": 13, ""1985"": 4, ""1986"": 10, ""1987"": 7, ""1988"": 8, ""1989"": 18, ""1990"": 8, ""1991"": 25, ""1992"": 18, ""1993"": 14, ""1994"": 17, ""1995"": 14, ""1996"": 13, ""1997"": 25, ""1998"": 14, ""1999"": 23, ""2000"": 23, ""2001"": 18, ""2002"": 37, ""2003"": 15, ""2004"": 40, ""2005"": 20, ""2006"": 25, ""2007"": 19, ""2008"": 18, ""2009"": 15, ""2010"": 25, ""2011"": 22, ""2012"": 53, ""2013"": 36, ""2014"": 20, ""2015"": 36}"
A5052977724,Waldemar Gawron,1995,2015,20,93,2,1997,38,133,Ultimate performance of infrared photodetectors and figure of merit of detector material,0.03763440860215054,"{""1995"": 2, ""1997"": 2, ""1999"": 5, ""2000"": 3, ""2001"": 2, ""2002"": 1, ""2003"": 5, ""2004"": 1, ""2005"": 4, ""2006"": 2, ""2007"": 1, ""2008"": 2, ""2009"": 10, ""2010"": 14, ""2011"": 5, ""2012"": 6, ""2013"": 9, ""2014"": 9, ""2015"": 10}"
A5110098026,Kari U. Prasad,1973,2009,36,77,10,1983,94,121,Is the Gramicidin A Transmembrane Channel Single-Stranded or Double-Stranded Helix? A Simple Unequivocal Determination,0.2727272727272727,"{""1973"": 1, ""1975"": 1, ""1976"": 3, ""1979"": 1, ""1980"": 1, ""1981"": 4, ""1982"": 6, ""1983"": 7, ""1984"": 7, ""1985"": 10, ""1986"": 7, ""1987"": 3, ""1988"": 9, ""1989"": 6, ""1990"": 4, ""1991"": 2, ""1993"": 1, ""1995"": 1, ""1998"": 1, ""2009"": 2}"
A5023978011,Dean S. Oliver,1980,2015,35,134,29,2009,563,796,The Ensemble Kalman Filter in Reservoir Engineering--a Review,0.6268656716417911,"{""1980"": 1, ""1982"": 1, ""1983"": 1, ""1984"": 1, ""1990"": 1, ""1992"": 1, ""1993"": 3, ""1994"": 1, ""1995"": 3, ""1996"": 5, ""1997"": 5, ""1998"": 6, ""1999"": 4, ""2000"": 3, ""2001"": 6, ""2002"": 3, ""2003"": 11, ""2004"": 6, ""2005"": 7, ""2006"": 1, ""2007"": 2, ""2008"": 6, ""2009"": 11, ""2010"": 10, ""2011"": 10, ""2012"": 11, ""2013"": 5, ""2014"": 6, ""2015"": 3}"
A5040476726,Stephen L. Bieber,1970,1999,29,31,0,1970,65,140,Short-term memory while shadowing: Recall of visually and of aurally presented letters.,0.03225806451612903,"{""1970"": 1, ""1980"": 1, ""1982"": 1, ""1983"": 3, ""1984"": 2, ""1986"": 5, ""1987"": 2, ""1988"": 4, ""1990"": 1, ""1994"": 2, ""1996"": 2, ""1997"": 4, ""1998"": 1, ""1999"": 2}"
A5024427589,Nicholas A. Martin,1969,2015,46,111,34,2003,33,50,Studies using the sorbent Carbopack X for measuring environmental benzene with Perkin–Elmer-type pumped and diffusive samplers,0.527027027027027,"{""1969"": 1, ""1972"": 1, ""1975"": 1, ""1978"": 1, ""1983"": 1, ""1984"": 2, ""1985"": 1, ""1986"": 3, ""1987"": 3, ""1988"": 2, ""1989"": 3, ""1990"": 5, ""1991"": 5, ""1992"": 1, ""1993"": 4, ""1994"": 4, ""1995"": 1, ""1996"": 1, ""1997"": 4, ""1998"": 2, ""1999"": 3, ""2000"": 3, ""2001"": 2, ""2002"": 3, ""2003"": 2, ""2004"": 3, ""2005"": 2, ""2006"": 6, ""2007"": 4, ""2008"": 1, ""2009"": 4, ""2010"": 7, ""2011"": 2, ""2012"": 6, ""2013"": 4, ""2014"": 6, ""2015"": 7}"
A5000990929,L. Subačius,1974,2015,41,40,12,1986,23,35,"The diffraction of light by transient gratings in crystalline, ion-implanted, and amorphous silicon",0.075,"{""1974"": 1, ""1980"": 1, ""1986"": 1, ""1988"": 1, ""1992"": 1, ""1993"": 1, ""1994"": 1, ""1995"": 2, ""1996"": 1, ""1997"": 2, ""1998"": 4, ""1999"": 2, ""2000"": 1, ""2001"": 2, ""2002"": 1, ""2003"": 4, ""2004"": 1, ""2005"": 4, ""2006"": 1, ""2008"": 1, ""2009"": 2, ""2011"": 1, ""2013"": 3, ""2015"": 1}"
A5066941687,Youngbin Yoon,1992,2015,23,203,21,2013,136,229,On the effective Lewis number formulations for lean hydrogen/hydrocarbon/air mixtures,0.8596059113300493,"{""1992"": 1, ""1993"": 2, ""1994"": 1, ""1995"": 1, ""1996"": 5, ""1997"": 4, ""1998"": 12, ""1999"": 7, ""2000"": 12, ""2001"": 2, ""2002"": 6, ""2003"": 9, ""2004"": 8, ""2005"": 5, ""2006"": 12, ""2007"": 8, ""2008"": 14, ""2009"": 13, ""2010"": 12, ""2011"": 15, ""2012"": 16, ""2013"": 18, ""2014"": 8, ""2015"": 12}"
A5073049601,Niels Wessel,1994,2015,21,181,19,2013,277,336,Practical considerations of permutation entropy,0.8535911602209945,"{""1994"": 2, ""1995"": 3, ""1996"": 7, ""1997"": 2, ""1998"": 4, ""1999"": 3, ""2000"": 5, ""2001"": 1, ""2002"": 17, ""2003"": 9, ""2004"": 7, ""2005"": 7, ""2006"": 11, ""2007"": 17, ""2008"": 11, ""2009"": 12, ""2010"": 7, ""2011"": 12, ""2012"": 9, ""2013"": 16, ""2014"": 15, ""2015"": 4}"
A5047560019,P. Xans,1975,1999,24,53,20,1995,49,153,Determination of the viscosity of various hydrocarbons and mixtures of hydrocarbons versus temperature and pressure,0.6886792452830188,"{""1975"": 1, ""1976"": 1, ""1977"": 2, ""1980"": 2, ""1981"": 2, ""1983"": 1, ""1985"": 1, ""1986"": 2, ""1989"": 2, ""1990"": 2, ""1991"": 2, ""1992"": 9, ""1993"": 2, ""1994"": 6, ""1995"": 2, ""1996"": 4, ""1997"": 6, ""1998"": 3, ""1999"": 3}"
A5060764541,Rościsław Żerelik,1987,2012,25,17,25,2012,1,1,"Czyj to region, czyli słów kilka o pewnym projekcie badawczym",1.0,"{""1987"": 2, ""1988"": 1, ""1989"": 1, ""1992"": 1, ""1993"": 1, ""1994"": 3, ""1995"": 1, ""1998"": 1, ""2000"": 1, ""2008"": 1, ""2009"": 1, ""2011"": 2, ""2012"": 1}"
A5061764952,P. Seta,1970,2010,40,127,32,2002,214,488,Cellular localisation of a water-soluble fullerene derivative,0.6141732283464567,"{""1970"": 1, ""1971"": 1, ""1973"": 1, ""1974"": 1, ""1977"": 1, ""1978"": 3, ""1979"": 6, ""1980"": 3, ""1982"": 4, ""1983"": 2, ""1984"": 2, ""1985"": 1, ""1986"": 3, ""1987"": 2, ""1988"": 1, ""1989"": 4, ""1991"": 1, ""1992"": 2, ""1993"": 2, ""1994"": 4, ""1995"": 1, ""1996"": 3, ""1998"": 10, ""1999"": 6, ""2000"": 3, ""2001"": 5, ""2002"": 9, ""2003"": 9, ""2004"": 5, ""2005"": 9, ""2006"": 13, ""2007"": 6, ""2008"": 2, ""2010"": 1}"
A5026951972,José M. Asúa,1981,2015,34,275,21,2002,374,931,Miniemulsion polymerization,0.4218181818181818,"{""1981"": 3, ""1982"": 3, ""1983"": 1, ""1985"": 1, ""1987"": 2, ""1988"": 1, ""1989"": 6, ""1990"": 7, ""1991"": 10, ""1992"": 4, ""1993"": 4, ""1994"": 7, ""1995"": 11, ""1996"": 5, ""1997"": 5, ""1998"": 9, ""1999"": 6, ""2000"": 8, ""2001"": 17, ""2002"": 11, ""2003"": 10, ""2004"": 17, ""2005"": 15, ""2006"": 11, ""2007"": 8, ""2008"": 17, ""2009"": 11, ""2010"": 11, ""2011"": 9, ""2012"": 11, ""2013"": 10, ""2014"": 12, ""2015"": 12}"
A5076887026,N. V. Sokolskaya,1971,2015,44,90,37,2008,882,1011,An excess of cosmic ray electrons at energies of 300–800 GeV,0.7555555555555555,"{""1971"": 2, ""1972"": 1, ""1973"": 2, ""1975"": 1, ""1976"": 1, ""1977"": 5, ""1978"": 1, ""1979"": 3, ""1980"": 2, ""1982"": 1, ""1983"": 5, ""1984"": 1, ""1985"": 1, ""1987"": 1, ""1988"": 1, ""1989"": 1, ""1993"": 4, ""1994"": 1, ""1995"": 1, ""1997"": 1, ""2001"": 2, ""2002"": 3, ""2003"": 1, ""2004"": 5, ""2005"": 4, ""2006"": 1, ""2007"": 13, ""2008"": 5, ""2009"": 6, ""2010"": 1, ""2011"": 4, ""2012"": 1, ""2013"": 5, ""2014"": 2, ""2015"": 1}"
A5011255000,Yonggang Huang,1985,2015,30,309,26,2011,3149,4592,Epidermal Electronics,0.5210355987055016,"{""1985"": 1, ""1986"": 1, ""1987"": 1, ""1990"": 2, ""1991"": 1, ""1993"": 1, ""1994"": 2, ""1995"": 2, ""1996"": 3, ""1997"": 7, ""1998"": 3, ""1999"": 2, ""2000"": 3, ""2001"": 3, ""2002"": 4, ""2003"": 7, ""2004"": 9, ""2005"": 10, ""2006"": 13, ""2007"": 13, ""2008"": 24, ""2009"": 22, ""2010"": 18, ""2011"": 17, ""2012"": 31, ""2013"": 33, ""2014"": 39, ""2015"": 37}"
A5108083363,E. Joffrin,1989,2015,26,309,22,2011,271,342,JET ITER-like wall—overview and experimental programme,0.6699029126213593,"{""1989"": 1, ""1990"": 1, ""1991"": 2, ""1994"": 3, ""1995"": 1, ""1996"": 3, ""1997"": 5, ""1998"": 2, ""1999"": 9, ""2000"": 3, ""2001"": 7, ""2002"": 19, ""2003"": 28, ""2004"": 20, ""2005"": 22, ""2006"": 12, ""2007"": 20, ""2008"": 10, ""2009"": 19, ""2010"": 13, ""2011"": 13, ""2012"": 21, ""2013"": 33, ""2014"": 28, ""2015"": 14}"
A5029434875,Christof Schulz,1959,2015,56,326,56,2015,393,407,"Laser-induced incandescence: Particulate diagnostics for combustion, atmospheric, and industrial applications",0.9631901840490797,"{""1959"": 1, ""1987"": 1, ""1990"": 1, ""1991"": 3, ""1992"": 2, ""1993"": 3, ""1994"": 3, ""1995"": 3, ""1996"": 3, ""1997"": 3, ""1998"": 12, ""1999"": 12, ""2000"": 9, ""2001"": 8, ""2002"": 19, ""2003"": 10, ""2004"": 22, ""2005"": 18, ""2006"": 22, ""2007"": 19, ""2008"": 14, ""2009"": 13, ""2010"": 18, ""2011"": 20, ""2012"": 21, ""2013"": 17, ""2014"": 24, ""2015"": 25}"
A5110508922,T.A. Jones,1969,1996,27,37,15,1984,107,218,A highly sensitive NO2 sensor based on electrical conductivity changes in phthalocyanine films,0.3918918918918919,"{""1969"": 1, ""1971"": 1, ""1972"": 1, ""1973"": 1, ""1975"": 2, ""1976"": 1, ""1980"": 1, ""1981"": 2, ""1982"": 1, ""1983"": 1, ""1984"": 4, ""1985"": 3, ""1986"": 3, ""1988"": 1, ""1989"": 4, ""1990"": 7, ""1994"": 1, ""1996"": 2}"
A5020886718,M. Keddam,1961,2015,54,282,36,1997,118,266,Noise Resistance Applied to Corrosion Measurements: I. Theoretical Analysis,0.6329787234042553,"{""1961"": 1, ""1963"": 1, ""1966"": 1, ""1970"": 4, ""1972"": 6, ""1973"": 5, ""1974"": 3, ""1975"": 9, ""1976"": 4, ""1977"": 8, ""1978"": 1, ""1979"": 6, ""1980"": 2, ""1981"": 10, ""1982"": 4, ""1983"": 4, ""1984"": 4, ""1985"": 8, ""1986"": 11, ""1987"": 3, ""1988"": 3, ""1989"": 3, ""1990"": 8, ""1991"": 6, ""1992"": 11, ""1993"": 20, ""1994"": 4, ""1995"": 10, ""1996"": 13, ""1997"": 10, ""1998"": 5, ""1999"": 6, ""2000"": 1, ""2001"": 6, ""2002"": 12, ""2003"": 8, ""2004"": 11, ""2005"": 4, ""2006"": 8, ""2007"": 8, ""2008"": 5, ""2009"": 7, ""2010"": 2, ""2011"": 7, ""2012"": 2, ""2013"": 3, ""2014"": 2, ""2015"": 2}"
A5016083791,J. C. Scaiano,1969,2015,46,856,43,2012,600,696,Modern Molecular Photochemistry of Organic Molecules,0.9433411214953271,"{""1969"": 2, ""1970"": 1, ""1971"": 8, ""1972"": 13, ""1973"": 6, ""1974"": 3, ""1975"": 8, ""1976"": 9, ""1977"": 10, ""1978"": 15, ""1979"": 14, ""1980"": 28, ""1981"": 29, ""1982"": 28, ""1983"": 35, ""1984"": 35, ""1985"": 38, ""1986"": 25, ""1987"": 24, ""1988"": 27, ""1989"": 33, ""1990"": 33, ""1991"": 20, ""1992"": 24, ""1993"": 23, ""1994"": 17, ""1995"": 15, ""1996"": 29, ""1997"": 24, ""1998"": 25, ""1999"": 24, ""2000"": 15, ""2001"": 17, ""2002"": 18, ""2003"": 12, ""2004"": 14, ""2005"": 11, ""2006"": 14, ""2007"": 9, ""2008"": 15, ""2009"": 21, ""2010"": 14, ""2011"": 16, ""2012"": 12, ""2013"": 17, ""2014"": 15, ""2015"": 11}"
A5108681323,А. Н. Лачинов,1978,2015,37,127,28,2006,45,54,Electronics of thin wideband polymer layers,0.4881889763779528,"{""1978"": 1, ""1986"": 1, ""1989"": 2, ""1990"": 2, ""1991"": 7, ""1992"": 6, ""1993"": 9, ""1994"": 5, ""1995"": 5, ""1996"": 3, ""1997"": 5, ""1998"": 1, ""1999"": 1, ""2000"": 3, ""2001"": 1, ""2002"": 1, ""2003"": 4, ""2004"": 1, ""2005"": 2, ""2006"": 3, ""2007"": 9, ""2008"": 7, ""2009"": 15, ""2010"": 8, ""2011"": 7, ""2012"": 6, ""2013"": 5, ""2014"": 5, ""2015"": 2}"
A5005310769,S. Willenbrock,1982,2013,31,105,31,2013,215,261,Effective field theory: A modern approach to anomalous couplings,0.9904761904761905,"{""1982"": 1, ""1985"": 3, ""1986"": 7, ""1987"": 3, ""1988"": 10, ""1989"": 5, ""1990"": 3, ""1991"": 3, ""1992"": 2, ""1993"": 4, ""1994"": 5, ""1995"": 3, ""1996"": 4, ""1997"": 6, ""1998"": 4, ""1999"": 2, ""2000"": 1, ""2001"": 4, ""2002"": 2, ""2003"": 5, ""2004"": 5, ""2005"": 4, ""2006"": 3, ""2007"": 3, ""2008"": 2, ""2009"": 1, ""2010"": 2, ""2011"": 2, ""2012"": 3, ""2013"": 3}"
A5081434097,Denis Rancourt,1983,2014,31,154,23,2006,152,405,Iron-oxide crystallinity increases during soil redox oscillations,0.8116883116883117,"{""1983"": 6, ""1984"": 1, ""1985"": 6, ""1986"": 3, ""1987"": 1, ""1988"": 3, ""1989"": 4, ""1990"": 5, ""1991"": 1, ""1992"": 8, ""1993"": 5, ""1994"": 7, ""1995"": 9, ""1996"": 6, ""1997"": 4, ""1998"": 7, ""1999"": 2, ""2000"": 3, ""2001"": 9, ""2002"": 4, ""2003"": 8, ""2004"": 11, ""2005"": 8, ""2006"": 7, ""2007"": 1, ""2008"": 6, ""2009"": 4, ""2010"": 1, ""2011"": 5, ""2012"": 3, ""2013"": 3, ""2014"": 3}"
A5108201144,G.P. Summers,1968,2012,44,221,25,1993,146,549,"Damage correlations in semiconductors exposed to gamma, electron and proton radiations",0.38687782805429866,"{""1968"": 1, ""1969"": 1, ""1970"": 1, ""1973"": 1, ""1975"": 1, ""1976"": 1, ""1977"": 2, ""1978"": 1, ""1979"": 3, ""1980"": 6, ""1981"": 1, ""1982"": 2, ""1983"": 3, ""1984"": 2, ""1985"": 3, ""1986"": 1, ""1987"": 7, ""1988"": 8, ""1989"": 8, ""1990"": 2, ""1991"": 16, ""1992"": 8, ""1993"": 12, ""1994"": 11, ""1995"": 8, ""1996"": 14, ""1997"": 8, ""1998"": 6, ""1999"": 7, ""2000"": 8, ""2001"": 9, ""2002"": 22, ""2003"": 9, ""2004"": 8, ""2005"": 10, ""2006"": 5, ""2007"": 2, ""2008"": 2, ""2012"": 1}"
A5071655954,Olivier Simonin,1984,2015,31,186,27,2011,188,240,A functional subgrid drift velocity model for filtered drag prediction in dense fluidized bed,0.8010752688172043,"{""1984"": 1, ""1988"": 1, ""1990"": 2, ""1991"": 3, ""1992"": 4, ""1993"": 6, ""1994"": 2, ""1995"": 3, ""1996"": 4, ""1997"": 3, ""1998"": 5, ""1999"": 3, ""2000"": 4, ""2001"": 2, ""2002"": 7, ""2003"": 11, ""2004"": 5, ""2005"": 8, ""2006"": 22, ""2007"": 9, ""2008"": 15, ""2009"": 16, ""2010"": 8, ""2011"": 9, ""2012"": 8, ""2013"": 9, ""2014"": 5, ""2015"": 11}"
A5076995575,R. A. Buchroeder,1969,2014,45,40,34,2003,32,36,MCAO for Gemini South,0.875,"{""1969"": 1, ""1970"": 1, ""1971"": 5, ""1972"": 5, ""1974"": 2, ""1975"": 1, ""1976"": 3, ""1977"": 2, ""1978"": 2, ""1979"": 1, ""1980"": 1, ""1981"": 1, ""1982"": 1, ""1983"": 1, ""1986"": 1, ""1987"": 1, ""1988"": 2, ""1995"": 1, ""2002"": 1, ""2003"": 3, ""2006"": 1, ""2011"": 1, ""2014"": 2}"
A5045706910,Norman S. Kopeika,1970,2015,45,339,38,2008,80,135,Propagation of electromagnetic waves in Kolmogorov and non-Kolmogorov atmospheric turbulence: three-layer altitude model,0.8584070796460177,"{""1970"": 1, ""1972"": 1, ""1975"": 6, ""1976"": 8, ""1977"": 7, ""1978"": 12, ""1979"": 5, ""1980"": 1, ""1981"": 5, ""1982"": 5, ""1983"": 5, ""1984"": 10, ""1985"": 5, ""1986"": 3, ""1987"": 6, ""1988"": 6, ""1989"": 3, ""1990"": 2, ""1991"": 7, ""1992"": 8, ""1993"": 10, ""1994"": 22, ""1995"": 20, ""1996"": 11, ""1997"": 21, ""1998"": 19, ""1999"": 9, ""2000"": 9, ""2001"": 12, ""2002"": 12, ""2003"": 4, ""2004"": 14, ""2005"": 6, ""2006"": 6, ""2007"": 6, ""2008"": 7, ""2009"": 6, ""2010"": 7, ""2011"": 8, ""2012"": 5, ""2013"": 8, ""2014"": 9, ""2015"": 2}"
